{"type":"FeatureCollection","features":[{"type":"Feature","properties":{"HYRIV_ID":20884778,"NEXT_DOWN":20885089,"MAIN_RIV":20892193,"LENGTH_KM":4.02,"CATCH_SKM":7.7600002,"DIS_AV_CMS":0.0,"ORD_STRA":3,"ORD_FLOW":10},"geometry":{"type":"LineString","coordinates":[[54.57291666666541,22.018749999999848],[54.55624999999878,22.002083333333168],[54.55208333333212,22.002083333333168],[54.54791666666546,21.99791666666652],[54.543749999998795,21.99791666666652]]}},{"type":"Feature","properties":{"HYRIV_ID":20884779,"NEXT_DOWN":20884832,"MAIN_RIV":20887902,"LENGTH_KM":10.06,"CATCH_SKM":44.98,"DIS_AV_CMS":0.0,"ORD_STRA":6,"ORD_FLOW":10},"geometry":{"type":"LineString","coordinates":[[55.48124999999871,22.010416666666536],[55.48541666666537,22.00624999999983],[55.50208333333208,22.00624999999983],[55.506249999998744,22.002083333333168],[55.52708333333203,22.002083333333168],[55.53124999999869,21.99791666666652],[55.57291666666538,21.99791666666652]]}},{"type":"Feature","properties":{"HYRIV_ID":20884780,"NEXT_DOWN":20884832,"MAIN_RIV":20887902,"LENGTH_KM":10.88,"CATCH_SKM":34.419998,"DIS_AV_CMS":0.075,"ORD_STRA":2,"ORD_FLOW":8},"geometry":{"type":"LineString","coordinates":[[55.58958333333209,22.081249999999848],[55.585416666665424,22.081249999999848],[55.57708333333204,22.072916666666536],[55.57708333333204,22.04374999999984],[55.581249999998676,22.039583333333177],[55.581249999998676,22.031249999999865],[55.57291666666538,22.02291666666651],[55.57291666666538,22.010416666666536],[55.568749999998715,22.00624999999983],[55.57291666666538,22.002083333333168],[55.57291666666538,21.99791666666652]]}},{"type":"Feature","properties":{"HYRIV_ID":20884830,"NEXT_DOWN":20885087,"MAIN_RIV":20892193,"LENGTH_KM":5.35,"CATCH_SKM":21.690001,"DIS_AV_CMS":0.0,"ORD_STRA":1,"ORD_FLOW":10},"geometry":{"type":"LineString","coordinates":[[54.25416666666544,21.99791666666652],[54.26874999999876,21.99791666666652],[54.272916666665424,21.993749999999856],[54.28124999999872,21.993749999999856],[54.293749999998795,22.00624999999983],[54.293749999998795,22.010416666666536]]}},{"type":"Feature","properties":{"HYRIV_ID":20884831,"NEXT_DOWN":20884700,"MAIN_RIV":20887902,"LENGTH_KM":11.13,"CATCH_SKM":37.220001,"DIS_AV_CMS":0.0,"ORD_STRA":1,"ORD_FLOW":10},"geometry":{"type":"LineString","coordinates":[[55.22083333333205,21.993749999999856],[55.28541666666544,21.993749999999856],[55.29374999999874,22.002083333333168],[55.31041666666539,22.002083333333168],[55.31458333333205,22.00624999999983],[55.32291666666535,22.00624999999983]]}},{"type":"Feature","properties":{"HYRIV_ID":20884832,"NEXT_DOWN":20884862,"MAIN_RIV":20887902,"LENGTH_KM":1.49,"CATCH_SKM":3.78,"DIS_AV_CMS":0.0,"ORD_STRA":6,"ORD_FLOW":10},"geometry":{"type":"LineString","coordinates":[[55.57291666666538,21.99791666666652],[55.581249999998676,21.99791666666652],[55.585416666665424,21.993749999999856]]}},{"type":"Feature","properties":{"HYRIV_ID":20884860,"NEXT_DOWN":20885089,"MAIN_RIV":20892193,"LENGTH_KM":6.2399998,"CATCH_SKM":26.469999,"DIS_AV_CMS":0.0,"ORD_STRA":1,"ORD_FLOW":10},"geometry":{"type":"LineString","coordinates":[[54.59583333333211,21.993749999999856],[54.57291666666541,21.993749999999856],[54.568749999998744,21.989583333333194],[54.54791666666546,21.989583333333194],[54.543749999998795,21.993749999999856],[54.543749999998795,21.99791666666652]]}},{"type":"Feature","properties":{"HYRIV_ID":20884861,"NEXT_DOWN":20884701,"MAIN_RIV":20887902,"LENGTH_KM":12.3,"CATCH_SKM":30.65,"DIS_AV_CMS":0.0,"ORD_STRA":2,"ORD_FLOW":10},"geometry":{"type":"LineString","coordinates":[[55.33124999999876,22.010416666666536],[55.335416666665424,22.00624999999983],[55.335416666665424,22.002083333333168],[55.33958333333209,21.99791666666652],[55.34374999999872,22.002083333333168],[55.347916666665384,22.002083333333168],[55.35208333333205,22.00624999999983],[55.35624999999871,22.00624999999983],[55.36041666666537,22.002083333333168],[55.36041666666537,21.993749999999856],[55.36458333333212,21.989583333333194],[55.39791666666537,21.989583333333194],[55.402083333332115,21.993749999999856],[55.402083333332115,21.99791666666652],[55.41041666666544,22.00624999999983],[55.41041666666544,22.010416666666536]]}},{"type":"Feature","properties":{"HYRIV_ID":20884862,"NEXT_DOWN":20884902,"MAIN_RIV":20887902,"LENGTH_KM":1.49,"CATCH_SKM":4.98,"DIS_AV_CMS":0.0,"ORD_STRA":6,"ORD_FLOW":10},"geometry":{"type":"LineString","coordinates":[[55.585416666665424,21.993749999999856],[55.58958333333209,21.989583333333194],[55.59791666666541,21.989583333333194]]}},{"type":"Feature","properties":{"HYRIV_ID":20884863,"NEXT_DOWN":20884902,"MAIN_RIV":20887902,"LENGTH_KM":7.64,"CATCH_SKM":25.27,"DIS_AV_CMS":0.002,"ORD_STRA":1,"ORD_FLOW":9},"geometry":{"type":"LineString","coordinates":[[55.612499999998704,22.049999999999876],[55.60624999999871,22.04374999999984],[55.60624999999871,22.035416666666528],[55.602083333332075,22.031249999999865],[55.602083333332075,22.027083333333202],[55.59791666666541,22.02291666666651],[55.59791666666541,22.018749999999848],[55.602083333332075,22.014583333333185],[55.602083333332075,21.993749999999856],[55.59791666666541,21.989583333333194]]}},{"type":"Feature","properties":{"HYRIV_ID":20884902,"NEXT_DOWN":20885041,"MAIN_RIV":20887902,"LENGTH_KM":1.06,"CATCH_SKM":3.98,"DIS_AV_CMS":0.0,"ORD_STRA":6,"ORD_FLOW":10},"geometry":{"type":"LineString","coordinates":[[55.59791666666541,21.989583333333194],[55.602083333332075,21.985416666666502],[55.60624999999871,21.985416666666502]]}},{"type":"Feature","properties":{"HYRIV_ID":20884903,"NEXT_DOWN":20885041,"MAIN_RIV":20887902,"LENGTH_KM":2.04,"CATCH_SKM":12.94,"DIS_AV_CMS":0.001,"ORD_STRA":1,"ORD_FLOW":9},"geometry":{"type":"LineString","coordinates":[[55.61666666666537,21.999999999999837],[55.60624999999871,21.989583333333194],[55.60624999999871,21.985416666666502]]}},{"type":"Feature","properties":{"HYRIV_ID":20884904,"NEXT_DOWN":20885042,"MAIN_RIV":20887902,"LENGTH_KM":13.91,"CATCH_SKM":44.77,"DIS_AV_CMS":0.017,"ORD_STRA":2,"ORD_FLOW":8},"geometry":{"type":"LineString","coordinates":[[55.66874999999877,22.08541666666651],[55.664583333332104,22.081249999999848],[55.664583333332104,22.072916666666536],[55.65624999999869,22.064583333333182],[55.65624999999869,22.06041666666652],[55.664583333332104,22.052083333333194],[55.660416666665355,22.047916666666545],[55.65624999999869,22.047916666666545],[55.65624999999869,22.04374999999984],[55.65208333333206,22.039583333333177],[55.65208333333206,22.035416666666528],[55.64374999999873,22.027083333333202],[55.64374999999873,22.02291666666651],[55.63541666666541,22.014583333333185],[55.63541666666541,22.002083333333168],[55.64374999999873,21.993749999999856],[55.64374999999873,21.989583333333194],[55.647916666665395,21.985416666666502]]}},{"type":"Feature","properties":{"HYRIV_ID":20884905,"NEXT_DOWN":20885042,"MAIN_RIV":20887902,"LENGTH_KM":3.48,"CATCH_SKM":23.48,"DIS_AV_CMS":0.005,"ORD_STRA":1,"ORD_FLOW":9},"geometry":{"type":"LineString","coordinates":[[55.6708333333321,22.008333333333205],[55.647916666665395,21.985416666666502]]}},{"type":"Feature","properties":{"HYRIV_ID":20884984,"NEXT_DOWN":20884985,"MAIN_RIV":20892193,"LENGTH_KM":2.48,"CATCH_SKM":2.99,"DIS_AV_CMS":0.0,"ORD_STRA":2,"ORD_FLOW":10},"geometry":{"type":"LineString","coordinates":[[54.031249999998806,21.977083333333177],[54.02708333333214,21.98124999999984],[54.02708333333214,21.99791666666652]]}},{"type":"Feature","properties":{"HYRIV_ID":20884985,"NEXT_DOWN":20885979,"MAIN_RIV":20892193,"LENGTH_KM":23.43,"CATCH_SKM":69.860001,"DIS_AV_CMS":0.0,"ORD_STRA":2,"ORD_FLOW":10},"geometry":{"type":"LineString","coordinates":[[54.02708333333214,21.99791666666652],[54.031249999998806,22.002083333333168],[54.04791666666543,22.002083333333168],[54.056249999998755,21.993749999999856],[54.07291666666546,21.993749999999856],[54.077083333332126,21.989583333333194],[54.1104166666654,21.989583333333194],[54.114583333332064,21.985416666666502],[54.12708333333211,21.985416666666502],[54.135416666665435,21.993749999999856],[54.147916666665395,21.993749999999856],[54.16041666666547,22.00624999999983],[54.17291666666543,22.00624999999983],[54.17708333333209,22.010416666666536],[54.181249999998755,22.00624999999983],[54.18958333333208,22.00624999999983],[54.20624999999879,21.989583333333194],[54.20624999999879,21.985416666666502],[54.202083333332126,21.98124999999984],[54.20624999999879,21.977083333333177]]}},{"type":"Feature","properties":{"HYRIV_ID":20884986,"NEXT_DOWN":20885344,"MAIN_RIV":20887902,"LENGTH_KM":3.26,"CATCH_SKM":23.68,"DIS_AV_CMS":0.0,"ORD_STRA":1,"ORD_FLOW":10},"geometry":{"type":"LineString","coordinates":[[54.991666666665424,21.993749999999856],[55.00208333333208,21.993749999999856],[55.006249999998715,21.989583333333194],[55.006249999998715,21.98124999999984],[55.01041666666538,21.977083333333177]]}},{"type":"Feature","properties":{"HYRIV_ID":20884987,"NEXT_DOWN":20885344,"MAIN_RIV":20887902,"LENGTH_KM":4.1300001,"CATCH_SKM":18.309999,"DIS_AV_CMS":0.0,"ORD_STRA":1,"ORD_FLOW":10},"geometry":{"type":"LineString","coordinates":[[55.04166666666541,21.995833333333188],[55.02291666666545,21.977083333333177],[55.01041666666538,21.977083333333177]]}},{"type":"Feature","properties":{"HYRIV_ID":20884988,"NEXT_DOWN":20884699,"MAIN_RIV":20887902,"LENGTH_KM":7.8600001,"CATCH_SKM":19.9,"DIS_AV_CMS":0.0,"ORD_STRA":3,"ORD_FLOW":10},"geometry":{"type":"LineString","coordinates":[[55.06874999999877,21.977083333333177],[55.072916666665435,21.98124999999984],[55.08124999999876,21.98124999999984],[55.085416666665395,21.985416666666502],[55.097916666665384,21.985416666666502],[55.11458333333209,22.002083333333168],[55.12708333333208,22.002083333333168],[55.131249999998744,22.00624999999983]]}},{"type":"Feature","properties":{"HYRIV_ID":20885037,"NEXT_DOWN":20884985,"MAIN_RIV":20892193,"LENGTH_KM":20.84,"CATCH_SKM":74.25,"DIS_AV_CMS":0.0,"ORD_STRA":1,"ORD_FLOW":10},"geometry":{"type":"LineString","coordinates":[[53.84166666666542,21.970833333333196],[53.84791666666541,21.977083333333177],[53.852083333332075,21.972916666666528],[53.91874999999877,21.972916666666528],[53.92291666666543,21.977083333333177],[53.93541666666539,21.977083333333177],[53.95624999999879,21.99791666666652],[54.02708333333214,21.99791666666652]]}},{"type":"Feature","properties":{"HYRIV_ID":20885038,"NEXT_DOWN":20884984,"MAIN_RIV":20892193,"LENGTH_KM":2.1400001,"CATCH_SKM":15.53,"DIS_AV_CMS":0.0,"ORD_STRA":1,"ORD_FLOW":10},"geometry":{"type":"LineString","coordinates":[[54.01249999999874,21.972916666666528],[54.02708333333214,21.972916666666528],[54.031249999998806,21.977083333333177]]}},{"type":"Feature","properties":{"HYRIV_ID":20885039,"NEXT_DOWN":20884988,"MAIN_RIV":20887902,"LENGTH_KM":0.63,"CATCH_SKM":0.4,"DIS_AV_CMS":0.0,"ORD_STRA":2,"ORD_FLOW":10},"geometry":{"type":"LineString","coordinates":[[55.072916666665435,21.972916666666528],[55.06874999999877,21.977083333333177]]}},{"type":"Feature","properties":{"HYRIV_ID":20885040,"NEXT_DOWN":20885039,"MAIN_RIV":20887902,"LENGTH_KM":0.64,"CATCH_SKM":11.15,"DIS_AV_CMS":0.0,"ORD_STRA":1,"ORD_FLOW":10},"geometry":{"type":"LineString","coordinates":[[55.07916666666543,21.972916666666528],[55.072916666665435,21.972916666666528]]}},{"type":"Feature","properties":{"HYRIV_ID":20885041,"NEXT_DOWN":20885544,"MAIN_RIV":20887902,"LENGTH_KM":3.61,"CATCH_SKM":16.32,"DIS_AV_CMS":0.0,"ORD_STRA":6,"ORD_FLOW":10},"geometry":{"type":"LineString","coordinates":[[55.60624999999871,21.985416666666502],[55.614583333332035,21.977083333333177],[55.62708333333211,21.977083333333177],[55.631249999998744,21.972916666666528],[55.63541666666541,21.972916666666528]]}},{"type":"Feature","properties":{"HYRIV_ID":20885042,"NEXT_DOWN":20885544,"MAIN_RIV":20887902,"LENGTH_KM":1.9,"CATCH_SKM":2.3900001,"DIS_AV_CMS":0.017,"ORD_STRA":2,"ORD_FLOW":8},"geometry":{"type":"LineString","coordinates":[[55.647916666665395,21.985416666666502],[55.63541666666541,21.972916666666528]]}},{"type":"Feature","properties":{"HYRIV_ID":20885087,"NEXT_DOWN":20885622,"MAIN_RIV":20892193,"LENGTH_KM":16.200001,"CATCH_SKM":55.330002,"DIS_AV_CMS":0.0,"ORD_STRA":2,"ORD_FLOW":10},"geometry":{"type":"LineString","coordinates":[[54.293749999998795,22.010416666666536],[54.32291666666541,22.010416666666536],[54.32708333333204,22.00624999999983],[54.34791666666544,22.00624999999983],[54.352083333332075,22.002083333333168],[54.35624999999874,22.002083333333168],[54.3604166666654,21.99791666666652],[54.37291666666539,21.99791666666652],[54.38124999999877,21.989583333333194],[54.3895833333321,21.989583333333194],[54.39374999999876,21.985416666666502],[54.40624999999872,21.985416666666502],[54.418749999998795,21.972916666666528],[54.42708333333212,21.972916666666528],[54.431249999998755,21.968749999999865]]}},{"type":"Feature","properties":{"HYRIV_ID":20885088,"NEXT_DOWN":20885172,"MAIN_RIV":20892193,"LENGTH_KM":6.5500002,"CATCH_SKM":16.120001,"DIS_AV_CMS":0.0,"ORD_STRA":5,"ORD_FLOW":10},"geometry":{"type":"LineString","coordinates":[[54.47291666666544,22.00624999999983],[54.48124999999877,21.99791666666652],[54.489583333332064,21.99791666666652],[54.51874999999876,21.968749999999865]]}},{"type":"Feature","properties":{"HYRIV_ID":20885089,"NEXT_DOWN":20885172,"MAIN_RIV":20892193,"LENGTH_KM":4.5100002,"CATCH_SKM":18.51,"DIS_AV_CMS":0.0,"ORD_STRA":3,"ORD_FLOW":10},"geometry":{"type":"LineString","coordinates":[[54.543749999998795,21.99791666666652],[54.53958333333205,21.99791666666652],[54.52708333333209,21.985416666666502],[54.52708333333209,21.98124999999984],[54.51874999999876,21.972916666666528],[54.51874999999876,21.968749999999865]]}},{"type":"Feature","properties":{"HYRIV_ID":20885123,"NEXT_DOWN":20885039,"MAIN_RIV":20887902,"LENGTH_KM":1.41,"CATCH_SKM":13.34,"DIS_AV_CMS":0.0,"ORD_STRA":1,"ORD_FLOW":10},"geometry":{"type":"LineString","coordinates":[[55.06666666666544,21.962499999999828],[55.072916666665435,21.968749999999865],[55.072916666665435,21.972916666666528]]}},{"type":"Feature","properties":{"HYRIV_ID":20885170,"NEXT_DOWN":20885979,"MAIN_RIV":20892193,"LENGTH_KM":12.2,"CATCH_SKM":41.610001,"DIS_AV_CMS":0.0,"ORD_STRA":1,"ORD_FLOW":10},"geometry":{"type":"LineString","coordinates":[[54.09583333333208,21.96041666666651],[54.135416666665435,21.96041666666651],[54.147916666665395,21.972916666666528],[54.16874999999877,21.972916666666528],[54.17291666666543,21.977083333333177],[54.20624999999879,21.977083333333177]]}},{"type":"Feature","properties":{"HYRIV_ID":20885171,"NEXT_DOWN":20885339,"MAIN_RIV":20892193,"LENGTH_KM":2.87,"CATCH_SKM":19.110001,"DIS_AV_CMS":0.0,"ORD_STRA":1,"ORD_FLOW":10},"geometry":{"type":"LineString","coordinates":[[54.49583333333206,21.970833333333196],[54.50208333333205,21.964583333333202],[54.5062499999988,21.964583333333202],[54.510416666665435,21.96041666666651],[54.51874999999876,21.96041666666651]]}},{"type":"Feature","properties":{"HYRIV_ID":20885172,"NEXT_DOWN":20885339,"MAIN_RIV":20892193,"LENGTH_KM":1.26,"CATCH_SKM":1.39,"DIS_AV_CMS":0.0,"ORD_STRA":5,"ORD_FLOW":10},"geometry":{"type":"LineString","coordinates":[[54.51874999999876,21.968749999999865],[54.5145833333321,21.964583333333202],[54.51874999999876,21.96041666666651]]}},{"type":"Feature","properties":{"HYRIV_ID":20885173,"NEXT_DOWN":20885303,"MAIN_RIV":20892193,"LENGTH_KM":4.9699998,"CATCH_SKM":17.719999,"DIS_AV_CMS":0.0,"ORD_STRA":1,"ORD_FLOW":10},"geometry":{"type":"LineString","coordinates":[[54.6083333333321,21.966666666666534],[54.614583333332064,21.972916666666528],[54.62291666666539,21.972916666666528],[54.62708333333205,21.968749999999865],[54.6312499999988,21.972916666666528],[54.64374999999876,21.96041666666651]]}},{"type":"Feature","properties":{"HYRIV_ID":20885174,"NEXT_DOWN":20885303,"MAIN_RIV":20892193,"LENGTH_KM":25.66,"CATCH_SKM":94.519997,"DIS_AV_CMS":0.0,"ORD_STRA":1,"ORD_FLOW":10},"geometry":{"type":"LineString","coordinates":[[54.8291666666654,22.070833333333162],[54.81458333333211,22.056249999999856],[54.810416666665446,22.056249999999856],[54.79791666666537,22.04374999999984],[54.77708333333209,22.04374999999984],[54.772916666665424,22.039583333333177],[54.756249999998715,22.039583333333177],[54.73541666666543,22.018749999999848],[54.73124999999877,22.018749999999848],[54.727083333332104,22.014583333333185],[54.71874999999869,22.014583333333185],[54.71458333333206,22.018749999999848],[54.710416666665395,22.018749999999848],[54.685416666665446,21.993749999999856],[54.67708333333212,21.993749999999856],[54.668749999998795,21.985416666666502],[54.65624999999875,21.985416666666502],[54.65208333333209,21.98124999999984],[54.65208333333209,21.972916666666528],[54.647916666665424,21.968749999999865],[54.647916666665424,21.964583333333202],[54.64374999999876,21.96041666666651]]}},{"type":"Feature","properties":{"HYRIV_ID":20885175,"NEXT_DOWN":20885305,"MAIN_RIV":20892193,"LENGTH_KM":2.04,"CATCH_SKM":13.14,"DIS_AV_CMS":0.0,"ORD_STRA":1,"ORD_FLOW":10},"geometry":{"type":"LineString","coordinates":[[54.89166666666546,21.974999999999845],[54.881249999998715,21.964583333333202],[54.881249999998715,21.96041666666651]]}},{"type":"Feature","properties":{"HYRIV_ID":20885176,"NEXT_DOWN":20885305,"MAIN_RIV":20892193,"LENGTH_KM":6.8400002,"CATCH_SKM":24.48,"DIS_AV_CMS":0.0,"ORD_STRA":1,"ORD_FLOW":10},"geometry":{"type":"LineString","coordinates":[[54.94166666666544,21.972916666666528],[54.935416666665446,21.972916666666528],[54.9312499999987,21.968749999999865],[54.91041666666541,21.968749999999865],[54.90624999999875,21.964583333333202],[54.90208333333209,21.964583333333202],[54.89791666666545,21.96041666666651],[54.881249999998715,21.96041666666651]]}},{"type":"Feature","properties":{"HYRIV_ID":20885177,"NEXT_DOWN":20884862,"MAIN_RIV":20887902,"LENGTH_KM":8.4700003,"CATCH_SKM":34.639999,"DIS_AV_CMS":0.0,"ORD_STRA":1,"ORD_FLOW":10},"geometry":{"type":"LineString","coordinates":[[55.5458333333321,21.95833333333318],[55.53541666666544,21.968749999999865],[55.53541666666544,21.977083333333177],[55.54791666666543,21.989583333333194],[55.57708333333204,21.989583333333194],[55.581249999998676,21.993749999999856],[55.585416666665424,21.993749999999856]]}},{"type":"Feature","properties":{"HYRIV_ID":20885227,"NEXT_DOWN":20885622,"MAIN_RIV":20892193,"LENGTH_KM":11.29,"CATCH_SKM":37.619999,"DIS_AV_CMS":0.0,"ORD_STRA":1,"ORD_FLOW":10},"geometry":{"type":"LineString","coordinates":[[54.33749999999878,21.977083333333177],[54.34374999999878,21.977083333333177],[54.352083333332075,21.968749999999865],[54.3604166666654,21.968749999999865],[54.36874999999873,21.96041666666651],[54.41041666666547,21.96041666666651],[54.41458333333213,21.956249999999848],[54.418749999998795,21.956249999999848],[54.431249999998755,21.968749999999865]]}},{"type":"Feature","properties":{"HYRIV_ID":20885228,"NEXT_DOWN":20885342,"MAIN_RIV":20892193,"LENGTH_KM":10.99,"CATCH_SKM":48.369999,"DIS_AV_CMS":0.0,"ORD_STRA":1,"ORD_FLOW":10},"geometry":{"type":"LineString","coordinates":[[54.774999999998755,22.00624999999983],[54.73541666666543,22.00624999999983],[54.71458333333206,21.985416666666502],[54.71458333333206,21.977083333333177],[54.71874999999869,21.972916666666528],[54.71874999999869,21.964583333333202],[54.710416666665395,21.956249999999848]]}},{"type":"Feature","properties":{"HYRIV_ID":20885229,"NEXT_DOWN":20884700,"MAIN_RIV":20887902,"LENGTH_KM":24.190001,"CATCH_SKM":71.860001,"DIS_AV_CMS":0.0,"ORD_STRA":1,"ORD_FLOW":10},"geometry":{"type":"LineString","coordinates":[[55.14583333333212,21.966666666666534],[55.152083333332115,21.96041666666651],[55.164583333332075,21.96041666666651],[55.16874999999874,21.956249999999848],[55.177083333332064,21.956249999999848],[55.18124999999873,21.96041666666651],[55.197916666665435,21.96041666666651],[55.21874999999872,21.98124999999984],[55.222916666665384,21.98124999999984],[55.22708333333205,21.977083333333177],[55.24791666666542,21.977083333333177],[55.25208333333208,21.972916666666528],[55.256249999998744,21.977083333333177],[55.26041666666541,21.977083333333177],[55.26458333333204,21.972916666666528],[55.27291666666545,21.972916666666528],[55.277083333332115,21.968749999999865],[55.2979166666654,21.968749999999865],[55.302083333332064,21.972916666666528],[55.30624999999873,21.972916666666528],[55.31458333333205,21.98124999999984],[55.31458333333205,21.985416666666502],[55.3270833333321,21.99791666666652],[55.3270833333321,22.002083333333168],[55.32291666666535,22.00624999999983]]}},{"type":"Feature","properties":{"HYRIV_ID":20885256,"NEXT_DOWN":20885342,"MAIN_RIV":20892193,"LENGTH_KM":2.4400001,"CATCH_SKM":14.73,"DIS_AV_CMS":0.0,"ORD_STRA":1,"ORD_FLOW":10},"geometry":{"type":"LineString","coordinates":[[54.729166666665435,21.95833333333318],[54.722916666665355,21.952083333333185],[54.71458333333206,21.952083333333185],[54.710416666665395,21.956249999999848]]}},{"type":"Feature","properties":{"HYRIV_ID":20885257,"NEXT_DOWN":20885385,"MAIN_RIV":20887902,"LENGTH_KM":2.37,"CATCH_SKM":12.74,"DIS_AV_CMS":0.0,"ORD_STRA":1,"ORD_FLOW":10},"geometry":{"type":"LineString","coordinates":[[55.37083333333209,21.964583333333202],[55.37708333333208,21.964583333333202],[55.38541666666541,21.956249999999848],[55.38541666666541,21.952083333333185]]}},{"type":"Feature","properties":{"HYRIV_ID":20885303,"NEXT_DOWN":20885422,"MAIN_RIV":20892193,"LENGTH_KM":3.62,"CATCH_SKM":6.77,"DIS_AV_CMS":0.0,"ORD_STRA":2,"ORD_FLOW":10},"geometry":{"type":"LineString","coordinates":[[54.64374999999876,21.96041666666651],[54.63541666666546,21.952083333333185],[54.6312499999988,21.952083333333185],[54.62708333333205,21.947916666666522],[54.614583333332064,21.947916666666522]]}},{"type":"Feature","properties":{"HYRIV_ID":20885304,"NEXT_DOWN":20886014,"MAIN_RIV":20892193,"LENGTH_KM":5.9299998,"CATCH_SKM":27.07,"DIS_AV_CMS":0.0,"ORD_STRA":1,"ORD_FLOW":10},"geometry":{"type":"LineString","coordinates":[[54.87083333333209,21.98749999999982],[54.86458333333209,21.98124999999984],[54.86041666666543,21.98124999999984],[54.83958333333206,21.96041666666651],[54.83958333333206,21.947916666666522]]}},{"type":"Feature","properties":{"HYRIV_ID":20885305,"NEXT_DOWN":20886014,"MAIN_RIV":20892193,"LENGTH_KM":4.9,"CATCH_SKM":7.5700002,"DIS_AV_CMS":0.0,"ORD_STRA":2,"ORD_FLOW":10},"geometry":{"type":"LineString","coordinates":[[54.881249999998715,21.96041666666651],[54.86458333333209,21.96041666666651],[54.85624999999877,21.952083333333185],[54.84374999999872,21.952083333333185],[54.83958333333206,21.947916666666522]]}},{"type":"Feature","properties":{"HYRIV_ID":20885338,"NEXT_DOWN":20884984,"MAIN_RIV":20892193,"LENGTH_KM":15.63,"CATCH_SKM":49.18,"DIS_AV_CMS":0.0,"ORD_STRA":2,"ORD_FLOW":10},"geometry":{"type":"LineString","coordinates":[[53.931249999998755,21.943749999999874],[53.93958333333205,21.952083333333185],[54.03541666666547,21.952083333333185],[54.04791666666543,21.964583333333202],[54.04791666666543,21.968749999999865],[54.039583333332104,21.977083333333177],[54.031249999998806,21.977083333333177]]}},{"type":"Feature","properties":{"HYRIV_ID":20885339,"NEXT_DOWN":20885421,"MAIN_RIV":20892193,"LENGTH_KM":3.3900001,"CATCH_SKM":6.37,"DIS_AV_CMS":0.0,"ORD_STRA":5,"ORD_FLOW":10},"geometry":{"type":"LineString","coordinates":[[54.51874999999876,21.96041666666651],[54.522916666665424,21.956249999999848],[54.52708333333209,21.956249999999848],[54.535416666665384,21.947916666666522],[54.53958333333205,21.947916666666522],[54.543749999998795,21.943749999999874]]}},{"type":"Feature","properties":{"HYRIV_ID":20885340,"NEXT_DOWN":20885421,"MAIN_RIV":20892193,"LENGTH_KM":0.69,"CATCH_SKM":11.15,"DIS_AV_CMS":0.0,"ORD_STRA":1,"ORD_FLOW":10},"geometry":{"type":"LineString","coordinates":[[54.543749999998795,21.949999999999854],[54.543749999998795,21.943749999999874]]}},{"type":"Feature","properties":{"HYRIV_ID":20885341,"NEXT_DOWN":20885422,"MAIN_RIV":20892193,"LENGTH_KM":7.9099998,"CATCH_SKM":22.1,"DIS_AV_CMS":0.0,"ORD_STRA":3,"ORD_FLOW":10},"geometry":{"type":"LineString","coordinates":[[54.685416666665446,21.943749999999874],[54.68124999999878,21.947916666666522],[54.67291666666546,21.947916666666522],[54.668749999998795,21.943749999999874],[54.61874999999873,21.943749999999874],[54.614583333332064,21.947916666666522]]}},{"type":"Feature","properties":{"HYRIV_ID":20885342,"NEXT_DOWN":20885341,"MAIN_RIV":20892193,"LENGTH_KM":3.1900001,"CATCH_SKM":5.77,"DIS_AV_CMS":0.0,"ORD_STRA":2,"ORD_FLOW":10},"geometry":{"type":"LineString","coordinates":[[54.710416666665395,21.956249999999848],[54.70208333333207,21.947916666666522],[54.68958333333211,21.947916666666522],[54.685416666665446,21.943749999999874]]}},{"type":"Feature","properties":{"HYRIV_ID":20885343,"NEXT_DOWN":20885463,"MAIN_RIV":20892193,"LENGTH_KM":13.83,"CATCH_SKM":49.57,"DIS_AV_CMS":0.0,"ORD_STRA":2,"ORD_FLOW":10},"geometry":{"type":"LineString","coordinates":[[54.84374999999872,22.002083333333168],[54.84374999999872,21.99791666666652],[54.83124999999873,21.985416666666502],[54.82708333333207,21.985416666666502],[54.80624999999878,21.964583333333202],[54.79791666666537,21.964583333333202],[54.78541666666541,21.952083333333185],[54.75208333333205,21.952083333333185],[54.74791666666539,21.947916666666522],[54.74374999999873,21.947916666666522],[54.73958333333209,21.943749999999874]]}},{"type":"Feature","properties":{"HYRIV_ID":20885344,"NEXT_DOWN":20884988,"MAIN_RIV":20887902,"LENGTH_KM":14.07,"CATCH_SKM":37.029999,"DIS_AV_CMS":0.0,"ORD_STRA":2,"ORD_FLOW":10},"geometry":{"type":"LineString","coordinates":[[55.01041666666538,21.977083333333177],[54.99791666666542,21.964583333333202],[54.99791666666542,21.96041666666651],[54.98958333333209,21.952083333333185],[54.98958333333209,21.947916666666522],[54.993749999998755,21.943749999999874],[54.99791666666542,21.943749999999874],[55.00208333333208,21.947916666666522],[55.014583333332126,21.947916666666522],[55.02291666666545,21.956249999999848],[55.03124999999875,21.956249999999848],[55.0479166666654,21.972916666666528],[55.052083333332064,21.972916666666528],[55.0562499999987,21.977083333333177],[55.06874999999877,21.977083333333177]]}},{"type":"Feature","properties":{"HYRIV_ID":20885382,"NEXT_DOWN":20885508,"MAIN_RIV":20892193,"LENGTH_KM":3.4,"CATCH_SKM":17.120001,"DIS_AV_CMS":0.0,"ORD_STRA":1,"ORD_FLOW":10},"geometry":{"type":"LineString","coordinates":[[54.19583333333205,21.952083333333185],[54.21041666666545,21.952083333333185],[54.22291666666541,21.939583333333168]]}},{"type":"Feature","properties":{"HYRIV_ID":20885383,"NEXT_DOWN":20885508,"MAIN_RIV":20892193,"LENGTH_KM":4.89,"CATCH_SKM":24.889999,"DIS_AV_CMS":0.0,"ORD_STRA":1,"ORD_FLOW":10},"geometry":{"type":"LineString","coordinates":[[54.26249999999877,21.939583333333168],[54.25624999999877,21.939583333333168],[54.25208333333211,21.943749999999874],[54.24791666666536,21.943749999999874],[54.24374999999873,21.947916666666522],[54.23124999999874,21.947916666666522],[54.22291666666541,21.939583333333168]]}},{"type":"Feature","properties":{"HYRIV_ID":20885384,"NEXT_DOWN":20885385,"MAIN_RIV":20887902,"LENGTH_KM":3.82,"CATCH_SKM":8.3599997,"DIS_AV_CMS":0.0,"ORD_STRA":2,"ORD_FLOW":10},"geometry":{"type":"LineString","coordinates":[[55.35624999999871,21.943749999999874],[55.36041666666537,21.939583333333168],[55.368749999998755,21.939583333333168],[55.37708333333208,21.947916666666522],[55.381249999998744,21.947916666666522],[55.38541666666541,21.952083333333185]]}},{"type":"Feature","properties":{"HYRIV_ID":20885385,"NEXT_DOWN":20885625,"MAIN_RIV":20887902,"LENGTH_KM":6.2399998,"CATCH_SKM":20.309999,"DIS_AV_CMS":0.0,"ORD_STRA":2,"ORD_FLOW":10},"geometry":{"type":"LineString","coordinates":[[55.38541666666541,21.952083333333185],[55.38958333333207,21.952083333333185],[55.39374999999873,21.956249999999848],[55.39791666666537,21.956249999999848],[55.402083333332115,21.96041666666651],[55.414583333332104,21.96041666666651],[55.41874999999877,21.956249999999848],[55.41874999999877,21.952083333333185],[55.4229166666654,21.947916666666522],[55.4229166666654,21.943749999999874],[55.427083333332064,21.939583333333168]]}},{"type":"Feature","properties":{"HYRIV_ID":20885421,"NEXT_DOWN":20885623,"MAIN_RIV":20892193,"LENGTH_KM":1.26,"CATCH_SKM":2.1900001,"DIS_AV_CMS":0.0,"ORD_STRA":5,"ORD_FLOW":10},"geometry":{"type":"LineString","coordinates":[[54.543749999998795,21.943749999999874],[54.55208333333212,21.935416666666505]]}},{"type":"Feature","properties":{"HYRIV_ID":20885422,"NEXT_DOWN":20885623,"MAIN_RIV":20892193,"LENGTH_KM":7.0500002,"CATCH_SKM":19.110001,"DIS_AV_CMS":0.0,"ORD_STRA":3,"ORD_FLOW":10},"geometry":{"type":"LineString","coordinates":[[54.614583333332064,21.947916666666522],[54.568749999998744,21.947916666666522],[54.55624999999878,21.935416666666505],[54.55208333333212,21.935416666666505]]}},{"type":"Feature","properties":{"HYRIV_ID":20885423,"NEXT_DOWN":20885463,"MAIN_RIV":20892193,"LENGTH_KM":2.01,"CATCH_SKM":12.35,"DIS_AV_CMS":0.0,"ORD_STRA":1,"ORD_FLOW":10},"geometry":{"type":"LineString","coordinates":[[54.754166666665384,21.933333333333188],[54.74374999999873,21.943749999999874],[54.73958333333209,21.943749999999874]]}},{"type":"Feature","properties":{"HYRIV_ID":20885424,"NEXT_DOWN":20886014,"MAIN_RIV":20892193,"LENGTH_KM":5.7600002,"CATCH_SKM":9.96,"DIS_AV_CMS":0.0,"ORD_STRA":2,"ORD_FLOW":10},"geometry":{"type":"LineString","coordinates":[[54.889583333332126,21.935416666666505],[54.88541666666538,21.939583333333168],[54.847916666665355,21.939583333333168],[54.83958333333206,21.947916666666522]]}},{"type":"Feature","properties":{"HYRIV_ID":20885425,"NEXT_DOWN":20885424,"MAIN_RIV":20892193,"LENGTH_KM":4.2600002,"CATCH_SKM":21.700001,"DIS_AV_CMS":0.0,"ORD_STRA":1,"ORD_FLOW":10},"geometry":{"type":"LineString","coordinates":[[54.92499999999873,21.947916666666522],[54.90624999999875,21.947916666666522],[54.89791666666545,21.939583333333168],[54.89374999999879,21.939583333333168],[54.889583333332126,21.935416666666505]]}},{"type":"Feature","properties":{"HYRIV_ID":20885463,"NEXT_DOWN":20885341,"MAIN_RIV":20892193,"LENGTH_KM":6.8,"CATCH_SKM":11.55,"DIS_AV_CMS":0.0,"ORD_STRA":2,"ORD_FLOW":10},"geometry":{"type":"LineString","coordinates":[[54.73958333333209,21.943749999999874],[54.727083333332104,21.931249999999856],[54.70624999999873,21.931249999999856],[54.70208333333207,21.935416666666505],[54.69791666666541,21.935416666666505],[54.693749999998744,21.939583333333168],[54.68958333333211,21.939583333333168],[54.685416666665446,21.943749999999874]]}},{"type":"Feature","properties":{"HYRIV_ID":20885464,"NEXT_DOWN":20885384,"MAIN_RIV":20887902,"LENGTH_KM":27.34,"CATCH_SKM":78.050003,"DIS_AV_CMS":0.0,"ORD_STRA":1,"ORD_FLOW":10},"geometry":{"type":"LineString","coordinates":[[55.116666666665424,21.931249999999856],[55.12708333333208,21.931249999999856],[55.131249999998744,21.935416666666505],[55.14791666666545,21.935416666666505],[55.152083333332115,21.939583333333168],[55.16041666666541,21.939583333333168],[55.164583333332075,21.935416666666505],[55.16874999999874,21.939583333333168],[55.21874999999872,21.939583333333168],[55.22708333333205,21.947916666666522],[55.23124999999871,21.943749999999874],[55.26041666666541,21.943749999999874],[55.26458333333204,21.947916666666522],[55.28124999999878,21.947916666666522],[55.28541666666544,21.952083333333185],[55.30624999999873,21.952083333333185],[55.31041666666539,21.956249999999848],[55.34374999999872,21.956249999999848],[55.35624999999871,21.943749999999874]]}},{"type":"Feature","properties":{"HYRIV_ID":20885508,"NEXT_DOWN":20886012,"MAIN_RIV":20892193,"LENGTH_KM":1.56,"CATCH_SKM":1.99,"DIS_AV_CMS":0.0,"ORD_STRA":2,"ORD_FLOW":10},"geometry":{"type":"LineString","coordinates":[[54.22291666666541,21.939583333333168],[54.21874999999878,21.935416666666505],[54.21874999999878,21.927083333333194]]}},{"type":"Feature","properties":{"HYRIV_ID":20885509,"NEXT_DOWN":20885625,"MAIN_RIV":20887902,"LENGTH_KM":2.6400001,"CATCH_SKM":17.52,"DIS_AV_CMS":0.0,"ORD_STRA":1,"ORD_FLOW":10},"geometry":{"type":"LineString","coordinates":[[55.40833333333211,21.924999999999862],[55.414583333332104,21.931249999999856],[55.41874999999877,21.931249999999856],[55.427083333332064,21.939583333333168]]}},{"type":"Feature","properties":{"HYRIV_ID":20885544,"NEXT_DOWN":20885583,"MAIN_RIV":20887902,"LENGTH_KM":7.25,"CATCH_SKM":22.5,"DIS_AV_CMS":0.0,"ORD_STRA":6,"ORD_FLOW":10},"geometry":{"type":"LineString","coordinates":[[55.63541666666541,21.972916666666528],[55.664583333332104,21.943749999999874],[55.664583333332104,21.939583333333168],[55.67291666666543,21.931249999999856],[55.67291666666543,21.927083333333194],[55.67708333333209,21.92291666666653]]}},{"type":"Feature","properties":{"HYRIV_ID":20885545,"NEXT_DOWN":20885583,"MAIN_RIV":20887902,"LENGTH_KM":13.63,"CATCH_SKM":41.8,"DIS_AV_CMS":0.0,"ORD_STRA":1,"ORD_FLOW":10},"geometry":{"type":"LineString","coordinates":[[55.70416666666537,22.016666666666517],[55.71041666666534,22.010416666666536],[55.71041666666534,21.99791666666652],[55.706249999998704,21.993749999999856],[55.70208333333204,21.99791666666652],[55.69791666666538,21.993749999999856],[55.69791666666538,21.989583333333194],[55.693749999998715,21.985416666666502],[55.693749999998715,21.977083333333177],[55.68124999999873,21.964583333333202],[55.68958333333205,21.956249999999848],[55.68958333333205,21.952083333333185],[55.68124999999873,21.943749999999874],[55.68124999999873,21.931249999999856],[55.67708333333209,21.927083333333194],[55.67708333333209,21.92291666666653]]}},{"type":"Feature","properties":{"HYRIV_ID":20885582,"NEXT_DOWN":20885908,"MAIN_RIV":20892193,"LENGTH_KM":3.48,"CATCH_SKM":20.709999,"DIS_AV_CMS":0.0,"ORD_STRA":1,"ORD_FLOW":10},"geometry":{"type":"LineString","coordinates":[[55.06666666666544,21.933333333333188],[55.06041666666536,21.927083333333194],[55.0562499999987,21.931249999999856],[55.04374999999874,21.91874999999984]]}},{"type":"Feature","properties":{"HYRIV_ID":20885583,"NEXT_DOWN":20885982,"MAIN_RIV":20887902,"LENGTH_KM":0.46,"CATCH_SKM":0.2,"DIS_AV_CMS":0.0,"ORD_STRA":6,"ORD_FLOW":10},"geometry":{"type":"LineString","coordinates":[[55.67708333333209,21.92291666666653],[55.67708333333209,21.91874999999984]]}},{"type":"Feature","properties":{"HYRIV_ID":20885622,"NEXT_DOWN":20885703,"MAIN_RIV":20892193,"LENGTH_KM":12.51,"CATCH_SKM":30.26,"DIS_AV_CMS":0.0,"ORD_STRA":2,"ORD_FLOW":10},"geometry":{"type":"LineString","coordinates":[[54.431249999998755,21.968749999999865],[54.43541666666542,21.964583333333202],[54.43958333333208,21.964583333333202],[54.443749999998744,21.96041666666651],[54.44791666666541,21.96041666666651],[54.45208333333207,21.956249999999848],[54.456249999998704,21.956249999999848],[54.46874999999878,21.943749999999874],[54.477083333332104,21.943749999999874],[54.48124999999877,21.939583333333168],[54.50208333333205,21.939583333333168],[54.52708333333209,21.914583333333177]]}},{"type":"Feature","properties":{"HYRIV_ID":20885623,"NEXT_DOWN":20885703,"MAIN_RIV":20892193,"LENGTH_KM":3.59,"CATCH_SKM":12.55,"DIS_AV_CMS":0.0,"ORD_STRA":5,"ORD_FLOW":10},"geometry":{"type":"LineString","coordinates":[[54.55208333333212,21.935416666666505],[54.54791666666546,21.931249999999856],[54.543749999998795,21.931249999999856],[54.52708333333209,21.914583333333177]]}},{"type":"Feature","properties":{"HYRIV_ID":20885624,"NEXT_DOWN":20885424,"MAIN_RIV":20892193,"LENGTH_KM":8.04,"CATCH_SKM":35.25,"DIS_AV_CMS":0.0,"ORD_STRA":1,"ORD_FLOW":10},"geometry":{"type":"LineString","coordinates":[[54.94166666666544,21.927083333333194],[54.927083333332035,21.927083333333194],[54.9229166666654,21.92291666666653],[54.90624999999875,21.92291666666653],[54.89791666666545,21.914583333333177],[54.89374999999879,21.914583333333177],[54.889583333332126,21.91874999999984],[54.889583333332126,21.935416666666505]]}},{"type":"Feature","properties":{"HYRIV_ID":20885625,"NEXT_DOWN":20885706,"MAIN_RIV":20887902,"LENGTH_KM":8.0600004,"CATCH_SKM":36.639999,"DIS_AV_CMS":0.0,"ORD_STRA":2,"ORD_FLOW":10},"geometry":{"type":"LineString","coordinates":[[55.427083333332064,21.939583333333168],[55.43124999999873,21.939583333333168],[55.43541666666539,21.935416666666505],[55.44791666666535,21.935416666666505],[55.45208333333201,21.931249999999856],[55.45624999999876,21.931249999999856],[55.460416666665424,21.935416666666505],[55.46874999999875,21.927083333333194],[55.472916666665384,21.927083333333194],[55.47708333333205,21.92291666666653],[55.48124999999871,21.92291666666653],[55.489583333332035,21.914583333333177]]}},{"type":"Feature","properties":{"HYRIV_ID":20885626,"NEXT_DOWN":20885706,"MAIN_RIV":20887902,"LENGTH_KM":6.79,"CATCH_SKM":39.419998,"DIS_AV_CMS":0.0,"ORD_STRA":1,"ORD_FLOW":10},"geometry":{"type":"LineString","coordinates":[[55.487499999998704,21.956249999999848],[55.49374999999878,21.956249999999848],[55.51041666666541,21.939583333333168],[55.489583333332035,21.91874999999984],[55.489583333332035,21.914583333333177]]}},{"type":"Feature","properties":{"HYRIV_ID":20885665,"NEXT_DOWN":20885704,"MAIN_RIV":20892193,"LENGTH_KM":3.83,"CATCH_SKM":18.719999,"DIS_AV_CMS":0.0,"ORD_STRA":1,"ORD_FLOW":10},"geometry":{"type":"LineString","coordinates":[[54.68749999999878,21.92291666666653],[54.668749999998795,21.92291666666653],[54.65624999999875,21.910416666666514]]}},{"type":"Feature","properties":{"HYRIV_ID":20885666,"NEXT_DOWN":20885667,"MAIN_RIV":20887902,"LENGTH_KM":1.74,"CATCH_SKM":12.94,"DIS_AV_CMS":0.0,"ORD_STRA":1,"ORD_FLOW":10},"geometry":{"type":"LineString","coordinates":[[55.195833333332104,21.91874999999984],[55.2020833333321,21.91874999999984],[55.20624999999876,21.914583333333177],[55.20624999999876,21.910416666666514]]}},{"type":"Feature","properties":{"HYRIV_ID":20885667,"NEXT_DOWN":20885384,"MAIN_RIV":20887902,"LENGTH_KM":17.9,"CATCH_SKM":42.02,"DIS_AV_CMS":0.0,"ORD_STRA":2,"ORD_FLOW":10},"geometry":{"type":"LineString","coordinates":[[55.20624999999876,21.910416666666514],[55.23541666666537,21.910416666666514],[55.243749999998755,21.91874999999984],[55.25208333333208,21.91874999999984],[55.256249999998744,21.92291666666653],[55.27291666666545,21.92291666666653],[55.277083333332115,21.927083333333194],[55.28124999999878,21.927083333333194],[55.289583333332104,21.91874999999984],[55.2979166666654,21.927083333333194],[55.31458333333205,21.927083333333194],[55.31874999999869,21.931249999999856],[55.3270833333321,21.931249999999856],[55.33124999999876,21.935416666666505],[55.335416666665424,21.935416666666505],[55.33958333333209,21.939583333333168],[55.35208333333205,21.939583333333168],[55.35624999999871,21.943749999999874]]}},{"type":"Feature","properties":{"HYRIV_ID":20885703,"NEXT_DOWN":20885905,"MAIN_RIV":20892193,"LENGTH_KM":1.09,"CATCH_SKM":1.79,"DIS_AV_CMS":0.0,"ORD_STRA":5,"ORD_FLOW":10},"geometry":{"type":"LineString","coordinates":[[54.52708333333209,21.914583333333177],[54.522916666665424,21.910416666666514],[54.522916666665424,21.906249999999865]]}},{"type":"Feature","properties":{"HYRIV_ID":20885704,"NEXT_DOWN":20885906,"MAIN_RIV":20892193,"LENGTH_KM":4.9099998,"CATCH_SKM":12.94,"DIS_AV_CMS":0.0,"ORD_STRA":2,"ORD_FLOW":10},"geometry":{"type":"LineString","coordinates":[[54.65624999999875,21.910416666666514],[54.647916666665424,21.910416666666514],[54.64374999999876,21.914583333333177],[54.62708333333205,21.914583333333177],[54.62291666666539,21.910416666666514],[54.61874999999873,21.910416666666514],[54.614583333332064,21.906249999999865]]}},{"type":"Feature","properties":{"HYRIV_ID":20885705,"NEXT_DOWN":20885908,"MAIN_RIV":20892193,"LENGTH_KM":5.5500002,"CATCH_SKM":24.3,"DIS_AV_CMS":0.0,"ORD_STRA":1,"ORD_FLOW":10},"geometry":{"type":"LineString","coordinates":[[54.99583333333209,21.906249999999865],[55.006249999998715,21.906249999999865],[55.014583333332126,21.914583333333177],[55.03124999999875,21.914583333333177],[55.03541666666541,21.91874999999984],[55.04374999999874,21.91874999999984]]}},{"type":"Feature","properties":{"HYRIV_ID":20885706,"NEXT_DOWN":20885982,"MAIN_RIV":20887902,"LENGTH_KM":20.35,"CATCH_SKM":121.28,"DIS_AV_CMS":0.0,"ORD_STRA":2,"ORD_FLOW":10},"geometry":{"type":"LineString","coordinates":[[55.489583333332035,21.914583333333177],[55.49374999999878,21.910416666666514],[55.506249999998744,21.910416666666514],[55.51041666666541,21.906249999999865],[55.552083333332064,21.906249999999865],[55.55624999999873,21.910416666666514],[55.568749999998715,21.910416666666514],[55.57291666666538,21.914583333333177],[55.60624999999871,21.914583333333177],[55.61041666666537,21.91874999999984],[55.67708333333209,21.91874999999984]]}},{"type":"Feature","properties":{"HYRIV_ID":20885745,"NEXT_DOWN":20885905,"MAIN_RIV":20892193,"LENGTH_KM":7.9699998,"CATCH_SKM":26.879999,"DIS_AV_CMS":0.0,"ORD_STRA":1,"ORD_FLOW":10},"geometry":{"type":"LineString","coordinates":[[54.46249999999878,21.914583333333177],[54.50208333333205,21.914583333333177],[54.5062499999988,21.910416666666514],[54.510416666665435,21.910416666666514],[54.510416666665435,21.906249999999865],[54.5145833333321,21.902083333333202],[54.51874999999876,21.906249999999865],[54.51874999999876,21.910416666666514],[54.522916666665424,21.906249999999865]]}},{"type":"Feature","properties":{"HYRIV_ID":20885746,"NEXT_DOWN":20885667,"MAIN_RIV":20887902,"LENGTH_KM":2.12,"CATCH_SKM":6.5700002,"DIS_AV_CMS":0.0,"ORD_STRA":2,"ORD_FLOW":10},"geometry":{"type":"LineString","coordinates":[[55.189583333332024,21.902083333333202],[55.197916666665435,21.902083333333202],[55.20624999999876,21.910416666666514]]}},{"type":"Feature","properties":{"HYRIV_ID":20885790,"NEXT_DOWN":20886012,"MAIN_RIV":20892193,"LENGTH_KM":26.700001,"CATCH_SKM":71.489998,"DIS_AV_CMS":0.0,"ORD_STRA":2,"ORD_FLOW":10},"geometry":{"type":"LineString","coordinates":[[53.9854166666654,21.897916666666497],[53.989583333332035,21.902083333333202],[53.99374999999878,21.902083333333202],[53.997916666665446,21.906249999999865],[54.010416666665435,21.906249999999865],[54.022916666665395,21.91874999999984],[54.06041666666542,21.91874999999984],[54.08124999999879,21.939583333333168],[54.10624999999874,21.939583333333168],[54.1104166666654,21.935416666666505],[54.16458333333213,21.935416666666505],[54.16874999999877,21.931249999999856],[54.18958333333208,21.931249999999856],[54.193749999998744,21.927083333333194],[54.21874999999878,21.927083333333194]]}},{"type":"Feature","properties":{"HYRIV_ID":20885791,"NEXT_DOWN":20885704,"MAIN_RIV":20892193,"LENGTH_KM":3.5,"CATCH_SKM":16.33,"DIS_AV_CMS":0.0,"ORD_STRA":1,"ORD_FLOW":10},"geometry":{"type":"LineString","coordinates":[[54.683333333332115,21.895833333333165],[54.67708333333212,21.902083333333202],[54.668749999998795,21.902083333333202],[54.66458333333205,21.906249999999865],[54.66041666666541,21.906249999999865],[54.65624999999875,21.910416666666514]]}},{"type":"Feature","properties":{"HYRIV_ID":20885864,"NEXT_DOWN":20885906,"MAIN_RIV":20892193,"LENGTH_KM":4.39,"CATCH_SKM":20.91,"DIS_AV_CMS":0.0,"ORD_STRA":1,"ORD_FLOW":10},"geometry":{"type":"LineString","coordinates":[[54.64583333333209,21.887499999999854],[54.6395833333321,21.893749999999848],[54.62291666666539,21.893749999999848],[54.614583333332064,21.902083333333202],[54.614583333332064,21.906249999999865]]}},{"type":"Feature","properties":{"HYRIV_ID":20885865,"NEXT_DOWN":20885910,"MAIN_RIV":20887902,"LENGTH_KM":1.16,"CATCH_SKM":12.15,"DIS_AV_CMS":0.0,"ORD_STRA":1,"ORD_FLOW":10},"geometry":{"type":"LineString","coordinates":[[55.08958333333206,21.89999999999987],[55.08958333333206,21.889583333333185]]}},{"type":"Feature","properties":{"HYRIV_ID":20885866,"NEXT_DOWN":20886296,"MAIN_RIV":20887902,"LENGTH_KM":5.9699998,"CATCH_SKM":11.95,"DIS_AV_CMS":0.0,"ORD_STRA":2,"ORD_FLOW":10},"geometry":{"type":"LineString","coordinates":[[55.31041666666539,21.897916666666497],[55.31458333333205,21.902083333333202],[55.31874999999869,21.897916666666497],[55.347916666665384,21.897916666666497],[55.35208333333205,21.893749999999848],[55.35624999999871,21.893749999999848],[55.36041666666537,21.889583333333185]]}},{"type":"Feature","properties":{"HYRIV_ID":20885867,"NEXT_DOWN":20886296,"MAIN_RIV":20887902,"LENGTH_KM":3.1400001,"CATCH_SKM":26.09,"DIS_AV_CMS":0.0,"ORD_STRA":1,"ORD_FLOW":10},"geometry":{"type":"LineString","coordinates":[[55.37499999999875,21.89999999999987],[55.368749999998755,21.906249999999865],[55.36458333333212,21.902083333333202],[55.36458333333212,21.893749999999848],[55.36041666666537,21.889583333333185]]}},{"type":"Feature","properties":{"HYRIV_ID":20885902,"NEXT_DOWN":20885903,"MAIN_RIV":20892193,"LENGTH_KM":5.9499998,"CATCH_SKM":25.3,"DIS_AV_CMS":0.0,"ORD_STRA":1,"ORD_FLOW":10},"geometry":{"type":"LineString","coordinates":[[54.05833333333209,21.891666666666517],[54.06458333333205,21.897916666666497],[54.089583333332115,21.897916666666497],[54.089583333332115,21.893749999999848],[54.09791666666541,21.893749999999848],[54.102083333332075,21.889583333333185],[54.102083333332075,21.885416666666522]]}},{"type":"Feature","properties":{"HYRIV_ID":20885903,"NEXT_DOWN":20885978,"MAIN_RIV":20892193,"LENGTH_KM":3.87,"CATCH_SKM":10.56,"DIS_AV_CMS":0.0,"ORD_STRA":2,"ORD_FLOW":10},"geometry":{"type":"LineString","coordinates":[[54.102083333332075,21.885416666666522],[54.1395833333321,21.885416666666522]]}},{"type":"Feature","properties":{"HYRIV_ID":20885904,"NEXT_DOWN":20885978,"MAIN_RIV":20892193,"LENGTH_KM":4.1900001,"CATCH_SKM":22.3,"DIS_AV_CMS":0.0,"ORD_STRA":1,"ORD_FLOW":10},"geometry":{"type":"LineString","coordinates":[[54.12083333333203,21.910416666666514],[54.13124999999877,21.910416666666514],[54.1395833333321,21.902083333333202],[54.1395833333321,21.885416666666522]]}},{"type":"Feature","properties":{"HYRIV_ID":20885905,"NEXT_DOWN":20885936,"MAIN_RIV":20892193,"LENGTH_KM":4.1100001,"CATCH_SKM":7.1700001,"DIS_AV_CMS":0.0,"ORD_STRA":5,"ORD_FLOW":10},"geometry":{"type":"LineString","coordinates":[[54.522916666665424,21.906249999999865],[54.53124999999875,21.897916666666497],[54.543749999998795,21.897916666666497],[54.54791666666546,21.893749999999848],[54.54791666666546,21.885416666666522]]}},{"type":"Feature","properties":{"HYRIV_ID":20885906,"NEXT_DOWN":20885936,"MAIN_RIV":20892193,"LENGTH_KM":8.29,"CATCH_SKM":25.09,"DIS_AV_CMS":0.0,"ORD_STRA":2,"ORD_FLOW":10},"geometry":{"type":"LineString","coordinates":[[54.614583333332064,21.906249999999865],[54.60624999999877,21.906249999999865],[54.602083333332104,21.910416666666514],[54.59374999999878,21.910416666666514],[54.58958333333203,21.906249999999865],[54.58124999999873,21.906249999999865],[54.57291666666541,21.897916666666497],[54.568749999998744,21.897916666666497],[54.56458333333208,21.893749999999848],[54.56041666666542,21.893749999999848],[54.55208333333212,21.885416666666522],[54.54791666666546,21.885416666666522]]}},{"type":"Feature","properties":{"HYRIV_ID":20885907,"NEXT_DOWN":20886099,"MAIN_RIV":20892193,"LENGTH_KM":2.8,"CATCH_SKM":12.35,"DIS_AV_CMS":0.0,"ORD_STRA":1,"ORD_FLOW":10},"geometry":{"type":"LineString","coordinates":[[54.97083333333205,21.889583333333185],[54.97708333333205,21.889583333333185],[54.98124999999877,21.893749999999848],[54.98541666666543,21.893749999999848],[54.98958333333209,21.889583333333185],[54.98958333333209,21.885416666666522]]}},{"type":"Feature","properties":{"HYRIV_ID":20885908,"NEXT_DOWN":20886099,"MAIN_RIV":20892193,"LENGTH_KM":8.0600004,"CATCH_SKM":17.530001,"DIS_AV_CMS":0.0,"ORD_STRA":2,"ORD_FLOW":10},"geometry":{"type":"LineString","coordinates":[[55.04374999999874,21.91874999999984],[55.0479166666654,21.914583333333177],[55.04374999999874,21.910416666666514],[55.03541666666541,21.910416666666514],[55.03124999999875,21.906249999999865],[55.02291666666545,21.906249999999865],[55.01041666666538,21.893749999999848],[55.006249999998715,21.893749999999848],[54.99791666666542,21.885416666666522],[54.98958333333209,21.885416666666522]]}},{"type":"Feature","properties":{"HYRIV_ID":20885909,"NEXT_DOWN":20885910,"MAIN_RIV":20887902,"LENGTH_KM":5.12,"CATCH_SKM":19.120001,"DIS_AV_CMS":0.0,"ORD_STRA":1,"ORD_FLOW":10},"geometry":{"type":"LineString","coordinates":[[55.04583333333207,21.885416666666522],[55.052083333332064,21.885416666666522],[55.0562499999987,21.889583333333185],[55.072916666665435,21.889583333333185],[55.0770833333321,21.893749999999848],[55.08124999999876,21.893749999999848],[55.085416666665395,21.889583333333185],[55.08958333333206,21.889583333333185]]}},{"type":"Feature","properties":{"HYRIV_ID":20885910,"NEXT_DOWN":20885939,"MAIN_RIV":20887902,"LENGTH_KM":1.92,"CATCH_SKM":3.58,"DIS_AV_CMS":0.0,"ORD_STRA":2,"ORD_FLOW":10},"geometry":{"type":"LineString","coordinates":[[55.08958333333206,21.889583333333185],[55.09374999999872,21.885416666666522],[55.10624999999871,21.885416666666522]]}},{"type":"Feature","properties":{"HYRIV_ID":20885936,"NEXT_DOWN":20885980,"MAIN_RIV":20892193,"LENGTH_KM":0.46,"CATCH_SKM":0.4,"DIS_AV_CMS":0.0,"ORD_STRA":5,"ORD_FLOW":10},"geometry":{"type":"LineString","coordinates":[[54.54791666666546,21.885416666666522],[54.54791666666546,21.881249999999874]]}},{"type":"Feature","properties":{"HYRIV_ID":20885937,"NEXT_DOWN":20886219,"MAIN_RIV":20892193,"LENGTH_KM":3.57,"CATCH_SKM":30.67,"DIS_AV_CMS":0.0,"ORD_STRA":1,"ORD_FLOW":10},"geometry":{"type":"LineString","coordinates":[[54.833333333332064,21.904166666666534],[54.84374999999872,21.893749999999848],[54.847916666665355,21.893749999999848],[54.85208333333202,21.889583333333185],[54.85208333333202,21.881249999999874]]}},{"type":"Feature","properties":{"HYRIV_ID":20885938,"NEXT_DOWN":20886219,"MAIN_RIV":20892193,"LENGTH_KM":5.1500001,"CATCH_SKM":21.309999,"DIS_AV_CMS":0.0,"ORD_STRA":1,"ORD_FLOW":10},"geometry":{"type":"LineString","coordinates":[[54.899999999998755,21.885416666666522],[54.889583333332126,21.885416666666522],[54.88541666666538,21.881249999999874],[54.85208333333202,21.881249999999874]]}},{"type":"Feature","properties":{"HYRIV_ID":20885939,"NEXT_DOWN":20885746,"MAIN_RIV":20887902,"LENGTH_KM":9.8100004,"CATCH_SKM":24.5,"DIS_AV_CMS":0.0,"ORD_STRA":2,"ORD_FLOW":10},"geometry":{"type":"LineString","coordinates":[[55.10624999999871,21.885416666666522],[55.118749999998755,21.885416666666522],[55.12291666666542,21.881249999999874],[55.131249999998744,21.881249999999874],[55.13541666666538,21.885416666666522],[55.13958333333204,21.885416666666522],[55.14791666666545,21.893749999999848],[55.16041666666541,21.893749999999848],[55.16874999999874,21.902083333333202],[55.189583333332024,21.902083333333202]]}},{"type":"Feature","properties":{"HYRIV_ID":20885978,"NEXT_DOWN":20886503,"MAIN_RIV":20892193,"LENGTH_KM":4.7,"CATCH_SKM":9.96,"DIS_AV_CMS":0.0,"ORD_STRA":2,"ORD_FLOW":10},"geometry":{"type":"LineString","coordinates":[[54.1395833333321,21.885416666666522],[54.156249999998806,21.885416666666522],[54.16041666666547,21.881249999999874],[54.16874999999877,21.881249999999874],[54.17291666666543,21.877083333333168],[54.181249999998755,21.877083333333168]]}},{"type":"Feature","properties":{"HYRIV_ID":20885979,"NEXT_DOWN":20886261,"MAIN_RIV":20892193,"LENGTH_KM":28.719999,"CATCH_SKM":69.690002,"DIS_AV_CMS":0.0,"ORD_STRA":2,"ORD_FLOW":10},"geometry":{"type":"LineString","coordinates":[[54.20624999999879,21.977083333333177],[54.2645833333321,21.977083333333177],[54.27708333333206,21.964583333333202],[54.28541666666547,21.964583333333202],[54.306249999998755,21.943749999999874],[54.31041666666542,21.943749999999874],[54.31458333333208,21.947916666666522],[54.32291666666541,21.939583333333168],[54.32708333333204,21.939583333333168],[54.331249999998704,21.935416666666505],[54.34374999999878,21.935416666666505],[54.352083333332075,21.927083333333194],[54.36874999999873,21.927083333333194],[54.37291666666539,21.92291666666653],[54.37708333333211,21.92291666666653],[54.38124999999877,21.91874999999984],[54.385416666665435,21.91874999999984],[54.40208333333209,21.902083333333202],[54.40624999999872,21.902083333333202],[54.42291666666546,21.885416666666522],[54.42708333333212,21.885416666666522],[54.431249999998755,21.881249999999874],[54.431249999998755,21.877083333333168]]}},{"type":"Feature","properties":{"HYRIV_ID":20885980,"NEXT_DOWN":20886218,"MAIN_RIV":20892193,"LENGTH_KM":0.63,"CATCH_SKM":0.8,"DIS_AV_CMS":0.0,"ORD_STRA":5,"ORD_FLOW":10},"geometry":{"type":"LineString","coordinates":[[54.54791666666546,21.881249999999874],[54.55208333333212,21.877083333333168]]}},{"type":"Feature","properties":{"HYRIV_ID":20885981,"NEXT_DOWN":20885866,"MAIN_RIV":20887902,"LENGTH_KM":11.62,"CATCH_SKM":44.419998,"DIS_AV_CMS":0.0,"ORD_STRA":1,"ORD_FLOW":10},"geometry":{"type":"LineString","coordinates":[[55.21249999999873,21.874999999999837],[55.22708333333205,21.889583333333185],[55.27291666666545,21.889583333333185],[55.277083333332115,21.885416666666522],[55.28124999999878,21.885416666666522],[55.28541666666544,21.889583333333185],[55.29374999999874,21.889583333333185],[55.2979166666654,21.893749999999848],[55.30624999999873,21.893749999999848],[55.31041666666539,21.897916666666497]]}},{"type":"Feature","properties":{"HYRIV_ID":20885982,"NEXT_DOWN":20886139,"MAIN_RIV":20887902,"LENGTH_KM":8.4700003,"CATCH_SKM":30.469999,"DIS_AV_CMS":0.0,"ORD_STRA":6,"ORD_FLOW":10},"geometry":{"type":"LineString","coordinates":[[55.67708333333209,21.91874999999984],[55.68124999999873,21.91874999999984],[55.68958333333205,21.910416666666514],[55.693749999998715,21.910416666666514],[55.69791666666538,21.906249999999865],[55.71041666666534,21.906249999999865],[55.739583333332035,21.877083333333168]]}},{"type":"Feature","properties":{"HYRIV_ID":20886012,"NEXT_DOWN":20886261,"MAIN_RIV":20892193,"LENGTH_KM":25.16,"CATCH_SKM":59.150002,"DIS_AV_CMS":0.0,"ORD_STRA":3,"ORD_FLOW":10},"geometry":{"type":"LineString","coordinates":[[54.21874999999878,21.927083333333194],[54.24374999999873,21.927083333333194],[54.25624999999877,21.914583333333177],[54.26874999999876,21.914583333333177],[54.272916666665424,21.910416666666514],[54.29791666666546,21.910416666666514],[54.30208333333209,21.914583333333177],[54.306249999998755,21.914583333333177],[54.31041666666542,21.910416666666514],[54.34374999999878,21.910416666666514],[54.34791666666544,21.906249999999865],[54.35624999999874,21.906249999999865],[54.3604166666654,21.902083333333202],[54.37291666666539,21.902083333333202],[54.38124999999877,21.893749999999848],[54.3895833333321,21.893749999999848],[54.397916666665424,21.885416666666522],[54.40208333333209,21.885416666666522],[54.41041666666547,21.877083333333168],[54.42291666666546,21.877083333333168],[54.42708333333212,21.872916666666505],[54.431249999998755,21.877083333333168]]}},{"type":"Feature","properties":{"HYRIV_ID":20886013,"NEXT_DOWN":20885980,"MAIN_RIV":20892193,"LENGTH_KM":26.620001,"CATCH_SKM":75.870003,"DIS_AV_CMS":0.0,"ORD_STRA":1,"ORD_FLOW":10},"geometry":{"type":"LineString","coordinates":[[54.33749999999878,21.96041666666651],[54.34374999999878,21.96041666666651],[54.34791666666544,21.956249999999848],[54.352083333332075,21.956249999999848],[54.36874999999873,21.939583333333168],[54.37708333333211,21.939583333333168],[54.385416666665435,21.931249999999856],[54.3895833333321,21.931249999999856],[54.39374999999876,21.927083333333194],[54.40208333333209,21.927083333333194],[54.40624999999872,21.92291666666653],[54.42291666666546,21.92291666666653],[54.42708333333212,21.91874999999984],[54.42708333333212,21.914583333333177],[54.431249999998755,21.914583333333177],[54.43541666666542,21.910416666666514],[54.43958333333208,21.910416666666514],[54.44791666666541,21.902083333333202],[54.46041666666537,21.902083333333202],[54.464583333332115,21.897916666666497],[54.46874999999878,21.897916666666497],[54.48124999999877,21.885416666666522],[54.4854166666654,21.885416666666522],[54.489583333332064,21.881249999999874],[54.5145833333321,21.881249999999874],[54.51874999999876,21.877083333333168],[54.522916666665424,21.877083333333168],[54.52708333333209,21.872916666666505],[54.535416666665384,21.872916666666505],[54.543749999998795,21.881249999999874],[54.54791666666546,21.881249999999874]]}},{"type":"Feature","properties":{"HYRIV_ID":20886014,"NEXT_DOWN":20886097,"MAIN_RIV":20892193,"LENGTH_KM":14.65,"CATCH_SKM":47.400002,"DIS_AV_CMS":0.0,"ORD_STRA":3,"ORD_FLOW":10},"geometry":{"type":"LineString","coordinates":[[54.83958333333206,21.947916666666522],[54.83541666666548,21.947916666666522],[54.810416666665446,21.92291666666653],[54.79791666666537,21.92291666666653],[54.789583333332075,21.914583333333177],[54.789583333332075,21.910416666666514],[54.76874999999876,21.889583333333185],[54.764583333332126,21.889583333333185],[54.76041666666546,21.885416666666522],[54.75208333333205,21.885416666666522],[54.74791666666539,21.881249999999874],[54.74374999999873,21.881249999999874],[54.73541666666543,21.872916666666505]]}},{"type":"Feature","properties":{"HYRIV_ID":20886015,"NEXT_DOWN":20885866,"MAIN_RIV":20887902,"LENGTH_KM":5.1300001,"CATCH_SKM":17.93,"DIS_AV_CMS":0.0,"ORD_STRA":1,"ORD_FLOW":10},"geometry":{"type":"LineString","coordinates":[[55.34583333333205,21.872916666666505],[55.33958333333209,21.872916666666505],[55.335416666665424,21.877083333333168],[55.33124999999876,21.877083333333168],[55.32291666666535,21.885416666666522],[55.31874999999869,21.885416666666522],[55.31041666666539,21.893749999999848],[55.31041666666539,21.897916666666497]]}},{"type":"Feature","properties":{"HYRIV_ID":20886047,"NEXT_DOWN":20885903,"MAIN_RIV":20892193,"LENGTH_KM":3.7,"CATCH_SKM":18.93,"DIS_AV_CMS":0.0,"ORD_STRA":1,"ORD_FLOW":10},"geometry":{"type":"LineString","coordinates":[[54.074999999998795,21.866666666666525],[54.08124999999879,21.872916666666505],[54.08541666666545,21.872916666666505],[54.09374999999875,21.881249999999874],[54.09791666666541,21.881249999999874],[54.102083333332075,21.885416666666522]]}},{"type":"Feature","properties":{"HYRIV_ID":20886097,"NEXT_DOWN":20886173,"MAIN_RIV":20892193,"LENGTH_KM":4.9099998,"CATCH_SKM":11.75,"DIS_AV_CMS":0.0,"ORD_STRA":3,"ORD_FLOW":10},"geometry":{"type":"LineString","coordinates":[[54.73541666666543,21.872916666666505],[54.73124999999877,21.868749999999856],[54.71874999999869,21.868749999999856],[54.71458333333206,21.864583333333194],[54.69791666666541,21.864583333333194],[54.693749999998744,21.860416666666488]]}},{"type":"Feature","properties":{"HYRIV_ID":20886098,"NEXT_DOWN":20886174,"MAIN_RIV":20892193,"LENGTH_KM":3.9100001,"CATCH_SKM":18.73,"DIS_AV_CMS":0.0,"ORD_STRA":1,"ORD_FLOW":10},"geometry":{"type":"LineString","coordinates":[[54.92916666666537,21.862499999999862],[54.93958333333211,21.872916666666505],[54.95208333333207,21.860416666666488],[54.95624999999873,21.860416666666488]]}},{"type":"Feature","properties":{"HYRIV_ID":20886099,"NEXT_DOWN":20886174,"MAIN_RIV":20892193,"LENGTH_KM":4.9099998,"CATCH_SKM":10.56,"DIS_AV_CMS":0.0,"ORD_STRA":2,"ORD_FLOW":10},"geometry":{"type":"LineString","coordinates":[[54.98958333333209,21.885416666666522],[54.98541666666543,21.881249999999874],[54.972916666665384,21.881249999999874],[54.95624999999873,21.864583333333194],[54.95624999999873,21.860416666666488]]}},{"type":"Feature","properties":{"HYRIV_ID":20886100,"NEXT_DOWN":20885939,"MAIN_RIV":20887902,"LENGTH_KM":7.54,"CATCH_SKM":31.48,"DIS_AV_CMS":0.0,"ORD_STRA":1,"ORD_FLOW":10},"geometry":{"type":"LineString","coordinates":[[55.04999999999873,21.860416666666488],[55.0562499999987,21.860416666666488],[55.06041666666536,21.864583333333194],[55.0770833333321,21.864583333333194],[55.08124999999876,21.868749999999856],[55.08958333333206,21.868749999999856],[55.09374999999872,21.872916666666505],[55.10208333333205,21.872916666666505],[55.10624999999871,21.877083333333168],[55.10624999999871,21.885416666666522]]}},{"type":"Feature","properties":{"HYRIV_ID":20886101,"NEXT_DOWN":20886139,"MAIN_RIV":20887902,"LENGTH_KM":12.42,"CATCH_SKM":63.950001,"DIS_AV_CMS":0.0,"ORD_STRA":4,"ORD_FLOW":10},"geometry":{"type":"LineString","coordinates":[[55.62708333333211,21.860416666666488],[55.63958333333207,21.860416666666488],[55.64374999999873,21.864583333333194],[55.647916666665395,21.864583333333194],[55.65208333333206,21.868749999999856],[55.664583333332104,21.868749999999856],[55.66874999999877,21.872916666666505],[55.693749999998715,21.872916666666505],[55.69791666666538,21.877083333333168],[55.739583333332035,21.877083333333168]]}},{"type":"Feature","properties":{"HYRIV_ID":20886138,"NEXT_DOWN":20886097,"MAIN_RIV":20892193,"LENGTH_KM":5.9899998,"CATCH_SKM":21.52,"DIS_AV_CMS":0.0,"ORD_STRA":1,"ORD_FLOW":10},"geometry":{"type":"LineString","coordinates":[[54.77916666666542,21.864583333333194],[54.76874999999876,21.864583333333194],[54.76041666666546,21.856249999999868],[54.756249999998715,21.856249999999868],[54.74791666666539,21.864583333333194],[54.74374999999873,21.864583333333194],[54.73958333333209,21.868749999999856],[54.73958333333209,21.872916666666505],[54.73541666666543,21.872916666666505]]}},{"type":"Feature","properties":{"HYRIV_ID":20886172,"NEXT_DOWN":20886264,"MAIN_RIV":20892193,"LENGTH_KM":1.74,"CATCH_SKM":13.15,"DIS_AV_CMS":0.0,"ORD_STRA":1,"ORD_FLOW":10},"geometry":{"type":"LineString","coordinates":[[54.670833333332126,21.860416666666488],[54.67708333333212,21.860416666666488],[54.68124999999878,21.856249999999868],[54.68124999999878,21.852083333333177]]}},{"type":"Feature","properties":{"HYRIV_ID":20886173,"NEXT_DOWN":20886264,"MAIN_RIV":20892193,"LENGTH_KM":1.6900001,"CATCH_SKM":3.3900001,"DIS_AV_CMS":0.0,"ORD_STRA":3,"ORD_FLOW":10},"geometry":{"type":"LineString","coordinates":[[54.693749999998744,21.860416666666488],[54.68958333333211,21.860416666666488],[54.68124999999878,21.852083333333177]]}},{"type":"Feature","properties":{"HYRIV_ID":20886174,"NEXT_DOWN":20886444,"MAIN_RIV":20892193,"LENGTH_KM":1.26,"CATCH_SKM":1.99,"DIS_AV_CMS":0.0,"ORD_STRA":2,"ORD_FLOW":10},"geometry":{"type":"LineString","coordinates":[[54.95624999999873,21.860416666666488],[54.96458333333206,21.852083333333177]]}},{"type":"Feature","properties":{"HYRIV_ID":20886175,"NEXT_DOWN":20885746,"MAIN_RIV":20887902,"LENGTH_KM":13.23,"CATCH_SKM":35.060001,"DIS_AV_CMS":0.0,"ORD_STRA":1,"ORD_FLOW":10},"geometry":{"type":"LineString","coordinates":[[55.09583333333205,21.856249999999868],[55.10208333333205,21.856249999999868],[55.10624999999871,21.852083333333177],[55.11041666666543,21.856249999999868],[55.11458333333209,21.856249999999868],[55.118749999998755,21.852083333333177],[55.12291666666542,21.856249999999868],[55.13541666666538,21.856249999999868],[55.13958333333204,21.860416666666488],[55.13958333333204,21.864583333333194],[55.14374999999879,21.868749999999856],[55.14791666666545,21.868749999999856],[55.152083333332115,21.872916666666505],[55.164583333332075,21.872916666666505],[55.189583333332024,21.897916666666497],[55.189583333332024,21.902083333333202]]}},{"type":"Feature","properties":{"HYRIV_ID":20886218,"NEXT_DOWN":20886443,"MAIN_RIV":20892193,"LENGTH_KM":3.9200001,"CATCH_SKM":7.77,"DIS_AV_CMS":0.0,"ORD_STRA":5,"ORD_FLOW":10},"geometry":{"type":"LineString","coordinates":[[54.55208333333212,21.877083333333168],[54.55208333333212,21.872916666666505],[54.56458333333208,21.860416666666488],[54.56458333333208,21.856249999999868],[54.568749999998744,21.852083333333177],[54.568749999998744,21.847916666666514]]}},{"type":"Feature","properties":{"HYRIV_ID":20886219,"NEXT_DOWN":20886331,"MAIN_RIV":20892193,"LENGTH_KM":7.21,"CATCH_SKM":13.55,"DIS_AV_CMS":0.0,"ORD_STRA":2,"ORD_FLOW":10},"geometry":{"type":"LineString","coordinates":[[54.85208333333202,21.881249999999874],[54.84374999999872,21.881249999999874],[54.83124999999873,21.868749999999856],[54.82708333333207,21.868749999999856],[54.81874999999877,21.860416666666488],[54.81458333333211,21.860416666666488],[54.810416666665446,21.856249999999868],[54.80624999999878,21.856249999999868],[54.79791666666537,21.847916666666514]]}},{"type":"Feature","properties":{"HYRIV_ID":20886220,"NEXT_DOWN":20886331,"MAIN_RIV":20892193,"LENGTH_KM":4.9499998,"CATCH_SKM":21.52,"DIS_AV_CMS":0.0,"ORD_STRA":1,"ORD_FLOW":10},"geometry":{"type":"LineString","coordinates":[[54.84583333333205,21.847916666666514],[54.79791666666537,21.847916666666514]]}},{"type":"Feature","properties":{"HYRIV_ID":20886221,"NEXT_DOWN":20886444,"MAIN_RIV":20892193,"LENGTH_KM":3.53,"CATCH_SKM":21.32,"DIS_AV_CMS":0.0,"ORD_STRA":1,"ORD_FLOW":10},"geometry":{"type":"LineString","coordinates":[[54.99583333333209,21.845833333333182],[54.98958333333209,21.852083333333177],[54.96458333333206,21.852083333333177]]}},{"type":"Feature","properties":{"HYRIV_ID":20886222,"NEXT_DOWN":20886101,"MAIN_RIV":20887902,"LENGTH_KM":2.1600001,"CATCH_SKM":1.79,"DIS_AV_CMS":0.0,"ORD_STRA":4,"ORD_FLOW":10},"geometry":{"type":"LineString","coordinates":[[55.614583333332035,21.847916666666514],[55.61874999999878,21.852083333333177],[55.622916666665446,21.852083333333177],[55.62708333333211,21.856249999999868],[55.62708333333211,21.860416666666488]]}},{"type":"Feature","properties":{"HYRIV_ID":20886259,"NEXT_DOWN":20885790,"MAIN_RIV":20892193,"LENGTH_KM":9.3400002,"CATCH_SKM":34.860001,"DIS_AV_CMS":0.0,"ORD_STRA":2,"ORD_FLOW":10},"geometry":{"type":"LineString","coordinates":[[53.97291666666541,21.84374999999985],[53.98124999999874,21.852083333333177],[53.9854166666654,21.852083333333177],[53.989583333332035,21.856249999999868],[53.99374999999878,21.856249999999868],[54.010416666665435,21.872916666666505],[54.00624999999877,21.877083333333168],[54.00208333333211,21.877083333333168],[53.9854166666654,21.893749999999848],[53.9854166666654,21.897916666666497]]}},{"type":"Feature","properties":{"HYRIV_ID":20886261,"NEXT_DOWN":20886504,"MAIN_RIV":20892193,"LENGTH_KM":5.75,"CATCH_SKM":17.73,"DIS_AV_CMS":0.0,"ORD_STRA":3,"ORD_FLOW":10},"geometry":{"type":"LineString","coordinates":[[54.431249999998755,21.877083333333168],[54.43541666666542,21.872916666666505],[54.43541666666542,21.868749999999856],[54.43958333333208,21.868749999999856],[54.45208333333207,21.856249999999868],[54.456249999998704,21.856249999999868],[54.46874999999878,21.84374999999985]]}},{"type":"Feature","properties":{"HYRIV_ID":20886262,"NEXT_DOWN":20886443,"MAIN_RIV":20892193,"LENGTH_KM":1.71,"CATCH_SKM":13.95,"DIS_AV_CMS":0.0,"ORD_STRA":1,"ORD_FLOW":10},"geometry":{"type":"LineString","coordinates":[[54.55416666666545,21.84374999999985],[54.56458333333208,21.84374999999985],[54.568749999998744,21.847916666666514]]}},{"type":"Feature","properties":{"HYRIV_ID":20886263,"NEXT_DOWN":20886218,"MAIN_RIV":20892193,"LENGTH_KM":13.2,"CATCH_SKM":32.869999,"DIS_AV_CMS":0.0,"ORD_STRA":3,"ORD_FLOW":10},"geometry":{"type":"LineString","coordinates":[[54.66041666666541,21.84374999999985],[54.6395833333321,21.84374999999985],[54.63541666666546,21.847916666666514],[54.62708333333205,21.847916666666514],[54.62291666666539,21.852083333333177],[54.614583333332064,21.852083333333177],[54.60624999999877,21.860416666666488],[54.602083333332104,21.860416666666488],[54.59791666666544,21.864583333333194],[54.59374999999878,21.864583333333194],[54.58958333333203,21.868749999999856],[54.585416666665395,21.868749999999856],[54.58124999999873,21.872916666666505],[54.57291666666541,21.872916666666505],[54.56458333333208,21.881249999999874],[54.55624999999878,21.881249999999874],[54.55208333333212,21.877083333333168]]}},{"type":"Feature","properties":{"HYRIV_ID":20886264,"NEXT_DOWN":20886263,"MAIN_RIV":20892193,"LENGTH_KM":2.55,"CATCH_SKM":4.7800002,"DIS_AV_CMS":0.0,"ORD_STRA":3,"ORD_FLOW":10},"geometry":{"type":"LineString","coordinates":[[54.68124999999878,21.852083333333177],[54.67291666666546,21.84374999999985],[54.66041666666541,21.84374999999985]]}},{"type":"Feature","properties":{"HYRIV_ID":20886295,"NEXT_DOWN":20886503,"MAIN_RIV":20892193,"LENGTH_KM":13.74,"CATCH_SKM":59.169998,"DIS_AV_CMS":0.0,"ORD_STRA":1,"ORD_FLOW":10},"geometry":{"type":"LineString","coordinates":[[54.07083333333205,21.839583333333202],[54.08124999999879,21.839583333333202],[54.08541666666545,21.84374999999985],[54.122916666665446,21.84374999999985],[54.135416666665435,21.856249999999868],[54.16458333333213,21.856249999999868],[54.16874999999877,21.860416666666488],[54.17291666666543,21.860416666666488],[54.17708333333209,21.864583333333194],[54.17708333333209,21.868749999999856],[54.181249999998755,21.872916666666505],[54.181249999998755,21.877083333333168]]}},{"type":"Feature","properties":{"HYRIV_ID":20886296,"NEXT_DOWN":20886298,"MAIN_RIV":20887902,"LENGTH_KM":15.16,"CATCH_SKM":68.529999,"DIS_AV_CMS":0.0,"ORD_STRA":2,"ORD_FLOW":10},"geometry":{"type":"LineString","coordinates":[[55.36041666666537,21.889583333333185],[55.36458333333212,21.885416666666522],[55.368749999998755,21.885416666666522],[55.38541666666541,21.868749999999856],[55.38541666666541,21.864583333333194],[55.38958333333207,21.860416666666488],[55.39374999999873,21.860416666666488],[55.39791666666537,21.856249999999868],[55.402083333332115,21.856249999999868],[55.40624999999878,21.852083333333177],[55.414583333332104,21.852083333333177],[55.41874999999877,21.847916666666514],[55.4229166666654,21.847916666666514],[55.427083333332064,21.84374999999985],[55.460416666665424,21.84374999999985],[55.46458333333209,21.839583333333202],[55.48124999999871,21.839583333333202]]}},{"type":"Feature","properties":{"HYRIV_ID":20886297,"NEXT_DOWN":20886298,"MAIN_RIV":20887902,"LENGTH_KM":2.9400001,"CATCH_SKM":15.14,"DIS_AV_CMS":0.0,"ORD_STRA":1,"ORD_FLOW":10},"geometry":{"type":"LineString","coordinates":[[55.47916666666538,21.858333333333157],[55.472916666665384,21.852083333333177],[55.472916666665384,21.847916666666514],[55.47708333333205,21.847916666666514],[55.48124999999871,21.84374999999985],[55.48124999999871,21.839583333333202]]}},{"type":"Feature","properties":{"HYRIV_ID":20886298,"NEXT_DOWN":20886101,"MAIN_RIV":20887902,"LENGTH_KM":16.059999,"CATCH_SKM":66.339996,"DIS_AV_CMS":0.0,"ORD_STRA":2,"ORD_FLOW":10},"geometry":{"type":"LineString","coordinates":[[55.48124999999871,21.839583333333202],[55.52708333333203,21.839583333333202],[55.53541666666544,21.847916666666514],[55.539583333332104,21.847916666666514],[55.54374999999877,21.852083333333177],[55.54791666666543,21.852083333333177],[55.552083333332064,21.856249999999868],[55.58958333333209,21.856249999999868],[55.59374999999875,21.860416666666488],[55.62708333333211,21.860416666666488]]}},{"type":"Feature","properties":{"HYRIV_ID":20886331,"NEXT_DOWN":20886173,"MAIN_RIV":20892193,"LENGTH_KM":12.57,"CATCH_SKM":25.110001,"DIS_AV_CMS":0.0,"ORD_STRA":2,"ORD_FLOW":10},"geometry":{"type":"LineString","coordinates":[[54.79791666666537,21.847916666666514],[54.79374999999874,21.847916666666514],[54.789583333332075,21.84374999999985],[54.772916666665424,21.84374999999985],[54.764583333332126,21.835416666666497],[54.76041666666546,21.835416666666497],[54.75208333333205,21.84374999999985],[54.73124999999877,21.84374999999985],[54.727083333332104,21.847916666666514],[54.71874999999869,21.847916666666514],[54.71458333333206,21.852083333333177],[54.710416666665395,21.852083333333177],[54.70624999999873,21.856249999999868],[54.69791666666541,21.856249999999868],[54.693749999998744,21.860416666666488]]}},{"type":"Feature","properties":{"HYRIV_ID":20886332,"NEXT_DOWN":20886222,"MAIN_RIV":20887902,"LENGTH_KM":2.82,"CATCH_SKM":17.93,"DIS_AV_CMS":0.001,"ORD_STRA":1,"ORD_FLOW":9},"geometry":{"type":"LineString","coordinates":[[55.631249999998744,21.833333333333165],[55.631249999998744,21.839583333333202],[55.62708333333211,21.84374999999985],[55.622916666665446,21.84374999999985],[55.61874999999878,21.847916666666514],[55.614583333332035,21.847916666666514]]}},{"type":"Feature","properties":{"HYRIV_ID":20886367,"NEXT_DOWN":20886549,"MAIN_RIV":20892193,"LENGTH_KM":15.59,"CATCH_SKM":56.380001,"DIS_AV_CMS":0.0,"ORD_STRA":1,"ORD_FLOW":10},"geometry":{"type":"LineString","coordinates":[[54.227083333332075,21.849999999999845],[54.227083333332075,21.856249999999868],[54.239583333332064,21.868749999999856],[54.25208333333211,21.868749999999856],[54.260416666665435,21.860416666666488],[54.27708333333206,21.860416666666488],[54.28541666666547,21.852083333333177],[54.28958333333213,21.852083333333177],[54.293749999998795,21.847916666666514],[54.29791666666546,21.847916666666514],[54.30208333333209,21.84374999999985],[54.31458333333208,21.84374999999985],[54.318749999998744,21.839583333333202],[54.331249999998704,21.839583333333202],[54.33541666666545,21.835416666666497],[54.34374999999878,21.835416666666497],[54.34791666666544,21.831249999999876]]}},{"type":"Feature","properties":{"HYRIV_ID":20886368,"NEXT_DOWN":20886549,"MAIN_RIV":20892193,"LENGTH_KM":2.4400001,"CATCH_SKM":14.74,"DIS_AV_CMS":0.0,"ORD_STRA":1,"ORD_FLOW":10},"geometry":{"type":"LineString","coordinates":[[54.366666666665395,21.841666666666534],[54.35624999999874,21.831249999999876],[54.34791666666544,21.831249999999876]]}},{"type":"Feature","properties":{"HYRIV_ID":20886369,"NEXT_DOWN":20886504,"MAIN_RIV":20892193,"LENGTH_KM":3.07,"CATCH_SKM":22.52,"DIS_AV_CMS":0.0,"ORD_STRA":1,"ORD_FLOW":10},"geometry":{"type":"LineString","coordinates":[[54.491666666665395,21.829166666666517],[54.48124999999877,21.839583333333202],[54.477083333332104,21.839583333333202],[54.47291666666544,21.84374999999985],[54.46874999999878,21.84374999999985]]}},{"type":"Feature","properties":{"HYRIV_ID":20886410,"NEXT_DOWN":20886819,"MAIN_RIV":20892193,"LENGTH_KM":1.79,"CATCH_SKM":11.76,"DIS_AV_CMS":0.0,"ORD_STRA":1,"ORD_FLOW":10},"geometry":{"type":"LineString","coordinates":[[54.889583333332126,21.841666666666534],[54.889583333332126,21.835416666666497],[54.89374999999879,21.831249999999876],[54.89374999999879,21.827083333333185]]}},{"type":"Feature","properties":{"HYRIV_ID":20886443,"NEXT_DOWN":20886579,"MAIN_RIV":20892193,"LENGTH_KM":2.95,"CATCH_SKM":5.3800001,"DIS_AV_CMS":0.0,"ORD_STRA":5,"ORD_FLOW":10},"geometry":{"type":"LineString","coordinates":[[54.568749999998744,21.847916666666514],[54.57291666666541,21.84374999999985],[54.57291666666541,21.822916666666522]]}},{"type":"Feature","properties":{"HYRIV_ID":20886444,"NEXT_DOWN":20886819,"MAIN_RIV":20892193,"LENGTH_KM":9.5900002,"CATCH_SKM":26.700001,"DIS_AV_CMS":0.0,"ORD_STRA":2,"ORD_FLOW":10},"geometry":{"type":"LineString","coordinates":[[54.96458333333206,21.852083333333177],[54.96458333333206,21.847916666666514],[54.960416666665395,21.84374999999985],[54.93958333333211,21.84374999999985],[54.91874999999874,21.822916666666522],[54.90624999999875,21.822916666666522],[54.89791666666545,21.831249999999876],[54.89374999999879,21.827083333333185]]}},{"type":"Feature","properties":{"HYRIV_ID":20886445,"NEXT_DOWN":20886446,"MAIN_RIV":20887902,"LENGTH_KM":9.5500002,"CATCH_SKM":31.68,"DIS_AV_CMS":0.0,"ORD_STRA":1,"ORD_FLOW":10},"geometry":{"type":"LineString","coordinates":[[55.16666666666541,21.847916666666514],[55.1729166666654,21.847916666666514],[55.18124999999873,21.856249999999868],[55.2020833333321,21.835416666666497],[55.22708333333205,21.835416666666497],[55.23958333333209,21.822916666666522]]}},{"type":"Feature","properties":{"HYRIV_ID":20886446,"NEXT_DOWN":20886506,"MAIN_RIV":20887902,"LENGTH_KM":4.2800002,"CATCH_SKM":16.139999,"DIS_AV_CMS":0.0,"ORD_STRA":2,"ORD_FLOW":10},"geometry":{"type":"LineString","coordinates":[[55.23958333333209,21.822916666666522],[55.24791666666542,21.822916666666522],[55.25208333333208,21.827083333333185],[55.27291666666545,21.827083333333185],[55.277083333332115,21.822916666666522]]}},{"type":"Feature","properties":{"HYRIV_ID":20886503,"NEXT_DOWN":20886693,"MAIN_RIV":20892193,"LENGTH_KM":40.700001,"CATCH_SKM":114.94,"DIS_AV_CMS":0.0,"ORD_STRA":2,"ORD_FLOW":10},"geometry":{"type":"LineString","coordinates":[[54.181249999998755,21.877083333333168],[54.18541666666542,21.872916666666505],[54.214583333332115,21.872916666666505],[54.22291666666541,21.881249999999874],[54.21874999999878,21.885416666666522],[54.214583333332115,21.885416666666522],[54.20624999999879,21.893749999999848],[54.20624999999879,21.897916666666497],[54.214583333332115,21.906249999999865],[54.2354166666654,21.906249999999865],[54.24374999999873,21.897916666666497],[54.24791666666536,21.897916666666497],[54.25624999999877,21.889583333333185],[54.27708333333206,21.889583333333185],[54.28958333333213,21.877083333333168],[54.306249999998755,21.877083333333168],[54.31041666666542,21.872916666666505],[54.32708333333204,21.872916666666505],[54.331249999998704,21.877083333333168],[54.34791666666544,21.877083333333168],[54.352083333332075,21.872916666666505],[54.37291666666539,21.872916666666505],[54.37708333333211,21.868749999999856],[54.385416666665435,21.868749999999856],[54.3895833333321,21.864583333333194],[54.39374999999876,21.864583333333194],[54.40208333333209,21.856249999999868],[54.41041666666547,21.856249999999868],[54.41458333333213,21.852083333333177],[54.418749999998795,21.852083333333177],[54.42291666666546,21.847916666666514],[54.42708333333212,21.847916666666514],[54.431249999998755,21.84374999999985],[54.43958333333208,21.84374999999985],[54.45208333333207,21.831249999999876],[54.46041666666537,21.831249999999876],[54.47291666666544,21.81874999999986],[54.477083333332104,21.81874999999986]]}},{"type":"Feature","properties":{"HYRIV_ID":20886504,"NEXT_DOWN":20886693,"MAIN_RIV":20892193,"LENGTH_KM":3.12,"CATCH_SKM":3.59,"DIS_AV_CMS":0.0,"ORD_STRA":3,"ORD_FLOW":10},"geometry":{"type":"LineString","coordinates":[[54.46874999999878,21.84374999999985],[54.46874999999878,21.835416666666497],[54.477083333332104,21.827083333333185],[54.477083333332104,21.81874999999986]]}},{"type":"Feature","properties":{"HYRIV_ID":20886505,"NEXT_DOWN":20886263,"MAIN_RIV":20892193,"LENGTH_KM":9.1,"CATCH_SKM":28.5,"DIS_AV_CMS":0.0,"ORD_STRA":1,"ORD_FLOW":10},"geometry":{"type":"LineString","coordinates":[[54.7333333333321,21.816666666666528],[54.722916666665355,21.827083333333185],[54.71874999999869,21.827083333333185],[54.71458333333206,21.831249999999876],[54.710416666665395,21.831249999999876],[54.70624999999873,21.835416666666497],[54.66458333333205,21.835416666666497],[54.66041666666541,21.839583333333202],[54.66041666666541,21.84374999999985]]}},{"type":"Feature","properties":{"HYRIV_ID":20886506,"NEXT_DOWN":20886580,"MAIN_RIV":20887902,"LENGTH_KM":3.6400001,"CATCH_SKM":8.9700003,"DIS_AV_CMS":0.0,"ORD_STRA":3,"ORD_FLOW":10},"geometry":{"type":"LineString","coordinates":[[55.277083333332115,21.822916666666522],[55.30624999999873,21.822916666666522],[55.31041666666539,21.81874999999986]]}},{"type":"Feature","properties":{"HYRIV_ID":20886549,"NEXT_DOWN":20887202,"MAIN_RIV":20892193,"LENGTH_KM":2.96,"CATCH_SKM":3.98,"DIS_AV_CMS":0.0,"ORD_STRA":2,"ORD_FLOW":10},"geometry":{"type":"LineString","coordinates":[[54.34791666666544,21.831249999999876],[54.35624999999874,21.822916666666522],[54.3604166666654,21.822916666666522],[54.36874999999873,21.81458333333321]]}},{"type":"Feature","properties":{"HYRIV_ID":20886550,"NEXT_DOWN":20886579,"MAIN_RIV":20892193,"LENGTH_KM":11.33,"CATCH_SKM":39.849998,"DIS_AV_CMS":0.0,"ORD_STRA":1,"ORD_FLOW":10},"geometry":{"type":"LineString","coordinates":[[54.662499999998744,21.81874999999986],[54.65208333333209,21.81874999999986],[54.647916666665424,21.81458333333321],[54.64374999999876,21.81458333333321],[54.6395833333321,21.81874999999986],[54.62291666666539,21.81874999999986],[54.61874999999873,21.822916666666522],[54.61041666666543,21.822916666666522],[54.602083333332104,21.831249999999876],[54.59374999999878,21.831249999999876],[54.58958333333203,21.835416666666497],[54.585416666665395,21.835416666666497],[54.58124999999873,21.831249999999876],[54.58124999999873,21.827083333333185],[54.57708333333207,21.822916666666522],[54.57291666666541,21.822916666666522]]}},{"type":"Feature","properties":{"HYRIV_ID":20886577,"NEXT_DOWN":20887202,"MAIN_RIV":20892193,"LENGTH_KM":0.63,"CATCH_SKM":0.8,"DIS_AV_CMS":0.0,"ORD_STRA":2,"ORD_FLOW":10},"geometry":{"type":"LineString","coordinates":[[54.36458333333215,21.810416666666505],[54.36874999999873,21.81458333333321]]}},{"type":"Feature","properties":{"HYRIV_ID":20886578,"NEXT_DOWN":20886788,"MAIN_RIV":20892193,"LENGTH_KM":1.0700001,"CATCH_SKM":16.139999,"DIS_AV_CMS":0.0,"ORD_STRA":1,"ORD_FLOW":10},"geometry":{"type":"LineString","coordinates":[[54.558333333332115,21.810416666666505],[54.568749999998744,21.810416666666505]]}},{"type":"Feature","properties":{"HYRIV_ID":20886579,"NEXT_DOWN":20886788,"MAIN_RIV":20892193,"LENGTH_KM":1.56,"CATCH_SKM":1.4,"DIS_AV_CMS":0.0,"ORD_STRA":5,"ORD_FLOW":10},"geometry":{"type":"LineString","coordinates":[[54.57291666666541,21.822916666666522],[54.57291666666541,21.81458333333321],[54.568749999998744,21.810416666666505]]}},{"type":"Feature","properties":{"HYRIV_ID":20886580,"NEXT_DOWN":20886657,"MAIN_RIV":20887902,"LENGTH_KM":5.54,"CATCH_SKM":16.74,"DIS_AV_CMS":0.0,"ORD_STRA":3,"ORD_FLOW":10},"geometry":{"type":"LineString","coordinates":[[55.31041666666539,21.81874999999986],[55.31458333333205,21.822916666666522],[55.32291666666535,21.81458333333321],[55.33958333333209,21.81458333333321],[55.34374999999872,21.810416666666505],[55.35624999999871,21.810416666666505]]}},{"type":"Feature","properties":{"HYRIV_ID":20886581,"NEXT_DOWN":20886657,"MAIN_RIV":20887902,"LENGTH_KM":16.3,"CATCH_SKM":64.949997,"DIS_AV_CMS":0.0,"ORD_STRA":1,"ORD_FLOW":10},"geometry":{"type":"LineString","coordinates":[[55.25416666666541,21.858333333333157],[55.26041666666541,21.864583333333194],[55.268749999998704,21.864583333333194],[55.27291666666545,21.868749999999856],[55.28541666666544,21.868749999999856],[55.289583333332104,21.864583333333194],[55.31874999999869,21.864583333333194],[55.33124999999876,21.852083333333177],[55.33124999999876,21.84374999999985],[55.335416666665424,21.839583333333202],[55.35208333333205,21.839583333333202],[55.35624999999871,21.835416666666497],[55.35624999999871,21.827083333333185],[55.36041666666537,21.822916666666522],[55.36041666666537,21.81874999999986],[55.35624999999871,21.81458333333321],[55.35624999999871,21.810416666666505]]}},{"type":"Feature","properties":{"HYRIV_ID":20886610,"NEXT_DOWN":20887974,"MAIN_RIV":20892193,"LENGTH_KM":1.51,"CATCH_SKM":12.76,"DIS_AV_CMS":0.0,"ORD_STRA":1,"ORD_FLOW":10},"geometry":{"type":"LineString","coordinates":[[54.06249999999875,21.806249999999842],[54.077083333332126,21.806249999999842]]}},{"type":"Feature","properties":{"HYRIV_ID":20886611,"NEXT_DOWN":20887974,"MAIN_RIV":20892193,"LENGTH_KM":0.69,"CATCH_SKM":11.96,"DIS_AV_CMS":0.0,"ORD_STRA":1,"ORD_FLOW":10},"geometry":{"type":"LineString","coordinates":[[54.077083333332126,21.81249999999988],[54.077083333332126,21.806249999999842]]}},{"type":"Feature","properties":{"HYRIV_ID":20886612,"NEXT_DOWN":20886577,"MAIN_RIV":20892193,"LENGTH_KM":6.06,"CATCH_SKM":21.120001,"DIS_AV_CMS":0.0,"ORD_STRA":1,"ORD_FLOW":10},"geometry":{"type":"LineString","coordinates":[[54.31666666666541,21.824999999999854],[54.32291666666541,21.81874999999986],[54.32708333333204,21.81874999999986],[54.331249999998704,21.81458333333321],[54.339583333332115,21.81458333333321],[54.34374999999878,21.810416666666505],[54.34791666666544,21.810416666666505],[54.352083333332075,21.806249999999842],[54.35624999999874,21.810416666666505],[54.36458333333215,21.810416666666505]]}},{"type":"Feature","properties":{"HYRIV_ID":20886613,"NEXT_DOWN":20886446,"MAIN_RIV":20887902,"LENGTH_KM":3.71,"CATCH_SKM":16.940001,"DIS_AV_CMS":0.0,"ORD_STRA":1,"ORD_FLOW":10},"geometry":{"type":"LineString","coordinates":[[55.21249999999873,21.80416666666651],[55.21874999999872,21.810416666666505],[55.222916666665384,21.810416666666505],[55.22708333333205,21.81458333333321],[55.23124999999871,21.81458333333321],[55.23958333333209,21.822916666666522]]}},{"type":"Feature","properties":{"HYRIV_ID":20886657,"NEXT_DOWN":20886895,"MAIN_RIV":20887902,"LENGTH_KM":6.8600001,"CATCH_SKM":26.51,"DIS_AV_CMS":0.0,"ORD_STRA":3,"ORD_FLOW":10},"geometry":{"type":"LineString","coordinates":[[55.35624999999871,21.810416666666505],[55.36041666666537,21.810416666666505],[55.36458333333212,21.806249999999842],[55.40624999999878,21.806249999999842],[55.41041666666544,21.802083333333194],[55.41874999999877,21.802083333333194]]}},{"type":"Feature","properties":{"HYRIV_ID":20886692,"NEXT_DOWN":20886259,"MAIN_RIV":20892193,"LENGTH_KM":9.6700001,"CATCH_SKM":50.619999,"DIS_AV_CMS":0.0,"ORD_STRA":1,"ORD_FLOW":10},"geometry":{"type":"LineString","coordinates":[[54.020833333332064,21.79791666666653],[54.00208333333211,21.79791666666653],[53.997916666665446,21.802083333333194],[53.989583333332035,21.802083333333194],[53.9854166666654,21.806249999999842],[53.9854166666654,21.810416666666505],[53.97291666666541,21.822916666666522],[53.96874999999875,21.822916666666522],[53.96458333333209,21.827083333333185],[53.96458333333209,21.835416666666497],[53.97291666666541,21.84374999999985]]}},{"type":"Feature","properties":{"HYRIV_ID":20886693,"NEXT_DOWN":20886736,"MAIN_RIV":20892193,"LENGTH_KM":3.25,"CATCH_SKM":16.74,"DIS_AV_CMS":0.0,"ORD_STRA":3,"ORD_FLOW":10},"geometry":{"type":"LineString","coordinates":[[54.477083333332104,21.81874999999986],[54.477083333332104,21.81458333333321],[54.48124999999877,21.810416666666505],[54.48124999999877,21.806249999999842],[54.477083333332104,21.806249999999842],[54.46874999999878,21.79791666666653]]}},{"type":"Feature","properties":{"HYRIV_ID":20886694,"NEXT_DOWN":20886817,"MAIN_RIV":20892193,"LENGTH_KM":4.5300002,"CATCH_SKM":23.709999,"DIS_AV_CMS":0.0,"ORD_STRA":1,"ORD_FLOW":10},"geometry":{"type":"LineString","coordinates":[[54.808333333332115,21.822916666666522],[54.79791666666537,21.822916666666522],[54.78541666666541,21.810416666666505],[54.78541666666541,21.806249999999842],[54.78124999999875,21.802083333333194],[54.78124999999875,21.79791666666653]]}},{"type":"Feature","properties":{"HYRIV_ID":20886735,"NEXT_DOWN":20887169,"MAIN_RIV":20892193,"LENGTH_KM":2.84,"CATCH_SKM":14.35,"DIS_AV_CMS":0.0,"ORD_STRA":1,"ORD_FLOW":10},"geometry":{"type":"LineString","coordinates":[[54.44999999999874,21.810416666666505],[54.456249999998704,21.810416666666505],[54.46041666666537,21.806249999999842],[54.46041666666537,21.802083333333194],[54.464583333332115,21.79791666666653],[54.464583333332115,21.793749999999825]]}},{"type":"Feature","properties":{"HYRIV_ID":20886736,"NEXT_DOWN":20887169,"MAIN_RIV":20892193,"LENGTH_KM":0.63,"CATCH_SKM":1.0,"DIS_AV_CMS":0.0,"ORD_STRA":3,"ORD_FLOW":10},"geometry":{"type":"LineString","coordinates":[[54.46874999999878,21.79791666666653],[54.464583333332115,21.793749999999825]]}},{"type":"Feature","properties":{"HYRIV_ID":20886737,"NEXT_DOWN":20886817,"MAIN_RIV":20892193,"LENGTH_KM":1.28,"CATCH_SKM":13.15,"DIS_AV_CMS":0.0,"ORD_STRA":1,"ORD_FLOW":10},"geometry":{"type":"LineString","coordinates":[[54.79166666666541,21.793749999999825],[54.78541666666541,21.793749999999825],[54.78124999999875,21.79791666666653]]}},{"type":"Feature","properties":{"HYRIV_ID":20886738,"NEXT_DOWN":20886858,"MAIN_RIV":20892193,"LENGTH_KM":4.1100001,"CATCH_SKM":26.3,"DIS_AV_CMS":0.0,"ORD_STRA":1,"ORD_FLOW":10},"geometry":{"type":"LineString","coordinates":[[54.96666666666539,21.82083333333319],[54.93958333333211,21.793749999999825]]}},{"type":"Feature","properties":{"HYRIV_ID":20886739,"NEXT_DOWN":20886858,"MAIN_RIV":20892193,"LENGTH_KM":10.64,"CATCH_SKM":33.48,"DIS_AV_CMS":0.0,"ORD_STRA":1,"ORD_FLOW":10},"geometry":{"type":"LineString","coordinates":[[55.02499999999878,21.81458333333321],[55.01874999999879,21.81458333333321],[55.00208333333208,21.79791666666653],[54.99791666666542,21.79791666666653],[54.993749999998755,21.802083333333194],[54.98541666666543,21.793749999999825],[54.96874999999872,21.793749999999825],[54.96458333333206,21.79791666666653],[54.95624999999873,21.79791666666653],[54.95208333333207,21.793749999999825],[54.93958333333211,21.793749999999825]]}},{"type":"Feature","properties":{"HYRIV_ID":20886740,"NEXT_DOWN":20886222,"MAIN_RIV":20887902,"LENGTH_KM":12.52,"CATCH_SKM":61.98,"DIS_AV_CMS":0.0,"ORD_STRA":4,"ORD_FLOW":10},"geometry":{"type":"LineString","coordinates":[[55.51874999999873,21.793749999999825],[55.522916666665395,21.79791666666653],[55.52708333333203,21.79791666666653],[55.552083333332064,21.822916666666522],[55.55624999999873,21.822916666666522],[55.56041666666539,21.827083333333185],[55.56458333333205,21.827083333333185],[55.57291666666538,21.835416666666497],[55.57708333333204,21.835416666666497],[55.581249999998676,21.839583333333202],[55.585416666665424,21.839583333333202],[55.58958333333209,21.84374999999985],[55.61041666666537,21.84374999999985],[55.614583333332035,21.847916666666514]]}},{"type":"Feature","properties":{"HYRIV_ID":20886788,"NEXT_DOWN":20887203,"MAIN_RIV":20892193,"LENGTH_KM":5.31,"CATCH_SKM":20.33,"DIS_AV_CMS":0.0,"ORD_STRA":5,"ORD_FLOW":10},"geometry":{"type":"LineString","coordinates":[[54.568749999998744,21.810416666666505],[54.57291666666541,21.806249999999842],[54.585416666665395,21.806249999999842],[54.58958333333203,21.802083333333194],[54.59374999999878,21.802083333333194],[54.602083333332104,21.793749999999825],[54.60624999999877,21.793749999999825],[54.61041666666543,21.789583333333177]]}},{"type":"Feature","properties":{"HYRIV_ID":20886789,"NEXT_DOWN":20886580,"MAIN_RIV":20887902,"LENGTH_KM":4.52,"CATCH_SKM":6.98,"DIS_AV_CMS":0.0,"ORD_STRA":2,"ORD_FLOW":10},"geometry":{"type":"LineString","coordinates":[[55.28541666666544,21.789583333333177],[55.289583333332104,21.793749999999825],[55.289583333332104,21.79791666666653],[55.29374999999874,21.802083333333194],[55.29374999999874,21.806249999999842],[55.30624999999873,21.81874999999986],[55.31041666666539,21.81874999999986]]}},{"type":"Feature","properties":{"HYRIV_ID":20886790,"NEXT_DOWN":20887041,"MAIN_RIV":20887902,"LENGTH_KM":1.41,"CATCH_SKM":13.95,"DIS_AV_CMS":0.001,"ORD_STRA":1,"ORD_FLOW":9},"geometry":{"type":"LineString","coordinates":[[55.68333333333206,21.799999999999862],[55.68958333333205,21.793749999999825],[55.68958333333205,21.789583333333177]]}},{"type":"Feature","properties":{"HYRIV_ID":20886814,"NEXT_DOWN":20886577,"MAIN_RIV":20892193,"LENGTH_KM":4.9200001,"CATCH_SKM":9.7700005,"DIS_AV_CMS":0.0,"ORD_STRA":2,"ORD_FLOW":10},"geometry":{"type":"LineString","coordinates":[[54.3895833333321,21.785416666666514],[54.385416666665435,21.785416666666514],[54.38124999999877,21.789583333333177],[54.37708333333211,21.789583333333177],[54.36874999999873,21.79791666666653],[54.36458333333215,21.79791666666653],[54.3604166666654,21.802083333333194],[54.36458333333215,21.806249999999842],[54.36458333333215,21.810416666666505]]}},{"type":"Feature","properties":{"HYRIV_ID":20886815,"NEXT_DOWN":20886736,"MAIN_RIV":20892193,"LENGTH_KM":3.07,"CATCH_SKM":13.75,"DIS_AV_CMS":0.0,"ORD_STRA":1,"ORD_FLOW":10},"geometry":{"type":"LineString","coordinates":[[54.491666666665395,21.783333333333182],[54.48124999999877,21.793749999999825],[54.47291666666544,21.793749999999825],[54.46874999999878,21.79791666666653]]}},{"type":"Feature","properties":{"HYRIV_ID":20886816,"NEXT_DOWN":20886891,"MAIN_RIV":20892193,"LENGTH_KM":1.16,"CATCH_SKM":11.36,"DIS_AV_CMS":0.0,"ORD_STRA":1,"ORD_FLOW":10},"geometry":{"type":"LineString","coordinates":[[54.71458333333206,21.7958333333332],[54.71458333333206,21.785416666666514]]}},{"type":"Feature","properties":{"HYRIV_ID":20886817,"NEXT_DOWN":20886891,"MAIN_RIV":20892193,"LENGTH_KM":7.4899998,"CATCH_SKM":18.34,"DIS_AV_CMS":0.0,"ORD_STRA":2,"ORD_FLOW":10},"geometry":{"type":"LineString","coordinates":[[54.78124999999875,21.79791666666653],[54.77708333333209,21.79791666666653],[54.772916666665424,21.793749999999825],[54.764583333332126,21.793749999999825],[54.76041666666546,21.789583333333177],[54.74791666666539,21.789583333333177],[54.74374999999873,21.785416666666514],[54.71458333333206,21.785416666666514]]}},{"type":"Feature","properties":{"HYRIV_ID":20886818,"NEXT_DOWN":20886857,"MAIN_RIV":20892193,"LENGTH_KM":4.23,"CATCH_SKM":20.93,"DIS_AV_CMS":0.0,"ORD_STRA":1,"ORD_FLOW":10},"geometry":{"type":"LineString","coordinates":[[54.8583333333321,21.80416666666651],[54.86458333333209,21.79791666666653],[54.86458333333209,21.789583333333177],[54.868749999998755,21.785416666666514],[54.88541666666538,21.785416666666514]]}},{"type":"Feature","properties":{"HYRIV_ID":20886819,"NEXT_DOWN":20886857,"MAIN_RIV":20892193,"LENGTH_KM":5.23,"CATCH_SKM":10.76,"DIS_AV_CMS":0.0,"ORD_STRA":2,"ORD_FLOW":10},"geometry":{"type":"LineString","coordinates":[[54.89374999999879,21.827083333333185],[54.889583333332126,21.827083333333185],[54.88541666666538,21.822916666666522],[54.88541666666538,21.785416666666514]]}},{"type":"Feature","properties":{"HYRIV_ID":20886820,"NEXT_DOWN":20886740,"MAIN_RIV":20887902,"LENGTH_KM":1.26,"CATCH_SKM":1.79,"DIS_AV_CMS":0.0,"ORD_STRA":4,"ORD_FLOW":10},"geometry":{"type":"LineString","coordinates":[[55.51041666666541,21.785416666666514],[55.51874999999873,21.793749999999825]]}},{"type":"Feature","properties":{"HYRIV_ID":20886821,"NEXT_DOWN":20887041,"MAIN_RIV":20887902,"LENGTH_KM":2.6400001,"CATCH_SKM":14.15,"DIS_AV_CMS":0.001,"ORD_STRA":1,"ORD_FLOW":9},"geometry":{"type":"LineString","coordinates":[[55.6708333333321,21.7958333333332],[55.68124999999873,21.785416666666514],[55.68541666666539,21.785416666666514],[55.68958333333205,21.789583333333177]]}},{"type":"Feature","properties":{"HYRIV_ID":20886857,"NEXT_DOWN":20887004,"MAIN_RIV":20892193,"LENGTH_KM":0.63,"CATCH_SKM":1.4,"DIS_AV_CMS":0.0,"ORD_STRA":2,"ORD_FLOW":10},"geometry":{"type":"LineString","coordinates":[[54.88541666666538,21.785416666666514],[54.889583333332126,21.78124999999985]]}},{"type":"Feature","properties":{"HYRIV_ID":20886858,"NEXT_DOWN":20887004,"MAIN_RIV":20892193,"LENGTH_KM":6.1700001,"CATCH_SKM":13.55,"DIS_AV_CMS":0.0,"ORD_STRA":2,"ORD_FLOW":10},"geometry":{"type":"LineString","coordinates":[[54.93958333333211,21.793749999999825],[54.935416666665446,21.79791666666653],[54.9312499999987,21.793749999999825],[54.91041666666541,21.793749999999825],[54.90208333333209,21.785416666666514],[54.89791666666545,21.785416666666514],[54.89374999999879,21.78124999999985],[54.889583333332126,21.78124999999985]]}},{"type":"Feature","properties":{"HYRIV_ID":20886859,"NEXT_DOWN":20886892,"MAIN_RIV":20887902,"LENGTH_KM":7.4899998,"CATCH_SKM":29.889999,"DIS_AV_CMS":0.0,"ORD_STRA":1,"ORD_FLOW":10},"geometry":{"type":"LineString","coordinates":[[55.12916666666541,21.81458333333321],[55.12291666666542,21.81458333333321],[55.118749999998755,21.810416666666505],[55.11041666666543,21.810416666666505],[55.09374999999872,21.793749999999825],[55.09374999999872,21.785416666666514],[55.097916666665384,21.78124999999985],[55.10208333333205,21.785416666666514],[55.10624999999871,21.78124999999985]]}},{"type":"Feature","properties":{"HYRIV_ID":20886890,"NEXT_DOWN":20886814,"MAIN_RIV":20892193,"LENGTH_KM":2.77,"CATCH_SKM":16.15,"DIS_AV_CMS":0.0,"ORD_STRA":1,"ORD_FLOW":10},"geometry":{"type":"LineString","coordinates":[[54.4124999999988,21.777083333333202],[54.40624999999872,21.777083333333202],[54.397916666665424,21.785416666666514],[54.3895833333321,21.785416666666514]]}},{"type":"Feature","properties":{"HYRIV_ID":20886891,"NEXT_DOWN":20887203,"MAIN_RIV":20892193,"LENGTH_KM":12.57,"CATCH_SKM":36.68,"DIS_AV_CMS":0.0,"ORD_STRA":2,"ORD_FLOW":10},"geometry":{"type":"LineString","coordinates":[[54.71458333333206,21.785416666666514],[54.710416666665395,21.78124999999985],[54.70624999999873,21.78124999999985],[54.70208333333207,21.777083333333202],[54.68124999999878,21.777083333333202],[54.67708333333212,21.78124999999985],[54.67291666666546,21.78124999999985],[54.668749999998795,21.785416666666514],[54.66041666666541,21.785416666666514],[54.65624999999875,21.789583333333177],[54.65208333333209,21.785416666666514],[54.6395833333321,21.785416666666514],[54.63541666666546,21.78124999999985],[54.6312499999988,21.785416666666514],[54.61874999999873,21.785416666666514],[54.614583333332064,21.789583333333177],[54.61041666666543,21.789583333333177]]}},{"type":"Feature","properties":{"HYRIV_ID":20886892,"NEXT_DOWN":20886928,"MAIN_RIV":20887902,"LENGTH_KM":3.1900001,"CATCH_SKM":4.7800002,"DIS_AV_CMS":0.0,"ORD_STRA":2,"ORD_FLOW":10},"geometry":{"type":"LineString","coordinates":[[55.10624999999871,21.78124999999985],[55.11041666666543,21.78124999999985],[55.11458333333209,21.777083333333202],[55.118749999998755,21.78124999999985],[55.12708333333208,21.78124999999985],[55.131249999998744,21.777083333333202]]}},{"type":"Feature","properties":{"HYRIV_ID":20886893,"NEXT_DOWN":20886928,"MAIN_RIV":20887902,"LENGTH_KM":3.0,"CATCH_SKM":19.33,"DIS_AV_CMS":0.0,"ORD_STRA":1,"ORD_FLOW":10},"geometry":{"type":"LineString","coordinates":[[55.14999999999878,21.793749999999825],[55.14374999999879,21.793749999999825],[55.131249999998744,21.78124999999985],[55.131249999998744,21.777083333333202]]}},{"type":"Feature","properties":{"HYRIV_ID":20886894,"NEXT_DOWN":20886789,"MAIN_RIV":20887902,"LENGTH_KM":5.2,"CATCH_SKM":21.129999,"DIS_AV_CMS":0.0,"ORD_STRA":1,"ORD_FLOW":10},"geometry":{"type":"LineString","coordinates":[[55.32499999999877,21.77499999999987],[55.31874999999869,21.78124999999985],[55.31458333333205,21.78124999999985],[55.31041666666539,21.785416666666514],[55.30624999999873,21.785416666666514],[55.302083333332064,21.789583333333177],[55.2979166666654,21.789583333333177],[55.29374999999874,21.785416666666514],[55.289583333332104,21.785416666666514],[55.28541666666544,21.789583333333177]]}},{"type":"Feature","properties":{"HYRIV_ID":20886895,"NEXT_DOWN":20886896,"MAIN_RIV":20887902,"LENGTH_KM":6.64,"CATCH_SKM":20.530001,"DIS_AV_CMS":0.0,"ORD_STRA":3,"ORD_FLOW":10},"geometry":{"type":"LineString","coordinates":[[55.41874999999877,21.802083333333194],[55.443749999998715,21.802083333333194],[55.45624999999876,21.789583333333177],[55.45208333333201,21.785416666666514],[55.45208333333201,21.78124999999985],[55.45624999999876,21.777083333333202],[55.460416666665424,21.777083333333202]]}},{"type":"Feature","properties":{"HYRIV_ID":20886896,"NEXT_DOWN":20886820,"MAIN_RIV":20887902,"LENGTH_KM":5.5700002,"CATCH_SKM":22.32,"DIS_AV_CMS":0.0,"ORD_STRA":4,"ORD_FLOW":10},"geometry":{"type":"LineString","coordinates":[[55.460416666665424,21.777083333333202],[55.47708333333205,21.777083333333202],[55.48124999999871,21.78124999999985],[55.49374999999878,21.78124999999985],[55.497916666665446,21.785416666666514],[55.51041666666541,21.785416666666514]]}},{"type":"Feature","properties":{"HYRIV_ID":20886927,"NEXT_DOWN":20886892,"MAIN_RIV":20887902,"LENGTH_KM":1.41,"CATCH_SKM":11.76,"DIS_AV_CMS":0.0,"ORD_STRA":1,"ORD_FLOW":10},"geometry":{"type":"LineString","coordinates":[[55.099999999998715,21.770833333333165],[55.10624999999871,21.777083333333202],[55.10624999999871,21.78124999999985]]}},{"type":"Feature","properties":{"HYRIV_ID":20886928,"NEXT_DOWN":20886929,"MAIN_RIV":20887902,"LENGTH_KM":0.63,"CATCH_SKM":1.4,"DIS_AV_CMS":0.0,"ORD_STRA":2,"ORD_FLOW":10},"geometry":{"type":"LineString","coordinates":[[55.131249999998744,21.777083333333202],[55.13541666666538,21.772916666666497]]}},{"type":"Feature","properties":{"HYRIV_ID":20886929,"NEXT_DOWN":20886506,"MAIN_RIV":20887902,"LENGTH_KM":17.049999,"CATCH_SKM":40.66,"DIS_AV_CMS":0.0,"ORD_STRA":2,"ORD_FLOW":10},"geometry":{"type":"LineString","coordinates":[[55.13541666666538,21.772916666666497],[55.152083333332115,21.772916666666497],[55.15624999999878,21.777083333333202],[55.18124999999873,21.777083333333202],[55.18541666666539,21.78124999999985],[55.21458333333206,21.78124999999985],[55.21874999999872,21.785416666666514],[55.222916666665384,21.785416666666514],[55.22708333333205,21.789583333333177],[55.23124999999871,21.789583333333177],[55.23958333333209,21.79791666666653],[55.243749999998755,21.79791666666653],[55.26041666666541,21.81458333333321],[55.26458333333204,21.81458333333321],[55.268749999998704,21.81874999999986],[55.27291666666545,21.81874999999986],[55.277083333332115,21.822916666666522]]}},{"type":"Feature","properties":{"HYRIV_ID":20886930,"NEXT_DOWN":20886896,"MAIN_RIV":20887902,"LENGTH_KM":0.63,"CATCH_SKM":1.0,"DIS_AV_CMS":0.0,"ORD_STRA":3,"ORD_FLOW":10},"geometry":{"type":"LineString","coordinates":[[55.45624999999876,21.772916666666497],[55.460416666665424,21.777083333333202]]}},{"type":"Feature","properties":{"HYRIV_ID":20886970,"NEXT_DOWN":20886895,"MAIN_RIV":20887902,"LENGTH_KM":6.0700002,"CATCH_SKM":26.110001,"DIS_AV_CMS":0.0,"ORD_STRA":1,"ORD_FLOW":10},"geometry":{"type":"LineString","coordinates":[[55.37916666666541,21.766666666666502],[55.38958333333207,21.777083333333202],[55.39791666666537,21.777083333333202],[55.41874999999877,21.79791666666653],[55.41874999999877,21.802083333333194]]}},{"type":"Feature","properties":{"HYRIV_ID":20887003,"NEXT_DOWN":20886814,"MAIN_RIV":20892193,"LENGTH_KM":29.450001,"CATCH_SKM":89.489998,"DIS_AV_CMS":0.0,"ORD_STRA":1,"ORD_FLOW":10},"geometry":{"type":"LineString","coordinates":[[54.16666666666546,21.822916666666522],[54.17708333333209,21.822916666666522],[54.181249999998755,21.827083333333185],[54.193749999998744,21.827083333333185],[54.19791666666538,21.822916666666522],[54.227083333332075,21.822916666666522],[54.2354166666654,21.81458333333321],[54.25624999999877,21.81458333333321],[54.260416666665435,21.81874999999986],[54.26874999999876,21.81874999999986],[54.272916666665424,21.81458333333321],[54.27708333333206,21.81458333333321],[54.28124999999872,21.810416666666505],[54.28541666666547,21.810416666666505],[54.28958333333213,21.806249999999842],[54.293749999998795,21.806249999999842],[54.29791666666546,21.802083333333194],[54.306249999998755,21.802083333333194],[54.31458333333208,21.793749999999825],[54.318749999998744,21.793749999999825],[54.32708333333204,21.785416666666514],[54.331249999998704,21.785416666666514],[54.33541666666545,21.78124999999985],[54.339583333332115,21.78124999999985],[54.34374999999878,21.777083333333202],[54.34791666666544,21.777083333333202],[54.352083333332075,21.78124999999985],[54.35624999999874,21.777083333333202],[54.36458333333215,21.777083333333202],[54.37708333333211,21.764583333333185],[54.385416666665435,21.764583333333185],[54.3895833333321,21.768749999999834],[54.3895833333321,21.772916666666497],[54.39374999999876,21.777083333333202],[54.39374999999876,21.78124999999985],[54.3895833333321,21.785416666666514]]}},{"type":"Feature","properties":{"HYRIV_ID":20887004,"NEXT_DOWN":20887172,"MAIN_RIV":20892193,"LENGTH_KM":4.6799998,"CATCH_SKM":8.7700005,"DIS_AV_CMS":0.0,"ORD_STRA":3,"ORD_FLOW":10},"geometry":{"type":"LineString","coordinates":[[54.889583333332126,21.78124999999985],[54.89791666666545,21.772916666666497],[54.91874999999874,21.772916666666497],[54.927083333332035,21.764583333333185]]}},{"type":"Feature","properties":{"HYRIV_ID":20887005,"NEXT_DOWN":20887172,"MAIN_RIV":20892193,"LENGTH_KM":20.92,"CATCH_SKM":70.760002,"DIS_AV_CMS":0.0,"ORD_STRA":1,"ORD_FLOW":10},"geometry":{"type":"LineString","coordinates":[[55.083333333332064,21.816666666666528],[55.072916666665435,21.806249999999842],[55.06458333333211,21.806249999999842],[55.052083333332064,21.793749999999825],[55.052083333332064,21.777083333333202],[55.04374999999874,21.768749999999834],[55.03541666666541,21.768749999999834],[55.03124999999875,21.764583333333185],[55.02291666666545,21.764583333333185],[55.01874999999879,21.768749999999834],[54.99791666666542,21.768749999999834],[54.98958333333209,21.777083333333202],[54.94374999999877,21.777083333333202],[54.9312499999987,21.764583333333185],[54.927083333332035,21.764583333333185]]}},{"type":"Feature","properties":{"HYRIV_ID":20887006,"NEXT_DOWN":20886820,"MAIN_RIV":20887902,"LENGTH_KM":3.31,"CATCH_SKM":21.530001,"DIS_AV_CMS":0.0,"ORD_STRA":1,"ORD_FLOW":10},"geometry":{"type":"LineString","coordinates":[[55.51249999999874,21.762499999999854],[55.50208333333208,21.772916666666497],[55.51041666666541,21.78124999999985],[55.51041666666541,21.785416666666514]]}},{"type":"Feature","properties":{"HYRIV_ID":20887041,"NEXT_DOWN":20887307,"MAIN_RIV":20887902,"LENGTH_KM":3.75,"CATCH_SKM":18.139999,"DIS_AV_CMS":0.001,"ORD_STRA":2,"ORD_FLOW":9},"geometry":{"type":"LineString","coordinates":[[55.68958333333205,21.789583333333177],[55.69791666666538,21.78124999999985],[55.69791666666538,21.768749999999834],[55.693749999998715,21.764583333333185],[55.693749999998715,21.760416666666522]]}},{"type":"Feature","properties":{"HYRIV_ID":20887071,"NEXT_DOWN":20887584,"MAIN_RIV":20892193,"LENGTH_KM":1.92,"CATCH_SKM":7.3800001,"DIS_AV_CMS":0.0,"ORD_STRA":2,"ORD_FLOW":10},"geometry":{"type":"LineString","coordinates":[[53.997916666665446,21.760416666666522],[54.00208333333211,21.75624999999986],[54.01458333333207,21.75624999999986]]}},{"type":"Feature","properties":{"HYRIV_ID":20887072,"NEXT_DOWN":20887584,"MAIN_RIV":20892193,"LENGTH_KM":3.6600001,"CATCH_SKM":23.120001,"DIS_AV_CMS":0.0,"ORD_STRA":1,"ORD_FLOW":10},"geometry":{"type":"LineString","coordinates":[[54.041666666665435,21.768749999999834],[54.022916666665395,21.768749999999834],[54.01458333333207,21.760416666666522],[54.01458333333207,21.75624999999986]]}},{"type":"Feature","properties":{"HYRIV_ID":20887073,"NEXT_DOWN":20887171,"MAIN_RIV":20892193,"LENGTH_KM":5.5900002,"CATCH_SKM":23.92,"DIS_AV_CMS":0.0,"ORD_STRA":1,"ORD_FLOW":10},"geometry":{"type":"LineString","coordinates":[[54.83749999999873,21.764583333333185],[54.84374999999872,21.764583333333185],[54.847916666665355,21.768749999999834],[54.87291666666539,21.768749999999834],[54.881249999998715,21.760416666666522],[54.881249999998715,21.75624999999986]]}},{"type":"Feature","properties":{"HYRIV_ID":20887074,"NEXT_DOWN":20886929,"MAIN_RIV":20887902,"LENGTH_KM":2.4200001,"CATCH_SKM":16.75,"DIS_AV_CMS":0.0,"ORD_STRA":1,"ORD_FLOW":10},"geometry":{"type":"LineString","coordinates":[[55.13541666666538,21.754166666666528],[55.13541666666538,21.760416666666522],[55.131249999998744,21.764583333333185],[55.131249999998744,21.768749999999834],[55.13541666666538,21.772916666666497]]}},{"type":"Feature","properties":{"HYRIV_ID":20887075,"NEXT_DOWN":20886740,"MAIN_RIV":20887902,"LENGTH_KM":14.55,"CATCH_SKM":70.169998,"DIS_AV_CMS":0.0,"ORD_STRA":1,"ORD_FLOW":10},"geometry":{"type":"LineString","coordinates":[[55.620833333332115,21.75624999999986],[55.59374999999875,21.75624999999986],[55.58958333333209,21.760416666666522],[55.585416666665424,21.760416666666522],[55.57708333333204,21.768749999999834],[55.57708333333204,21.772916666666497],[55.57291666666538,21.777083333333202],[55.57708333333204,21.78124999999985],[55.57291666666538,21.785416666666514],[55.56041666666539,21.785416666666514],[55.55624999999873,21.78124999999985],[55.54791666666543,21.78124999999985],[55.54374999999877,21.777083333333202],[55.53541666666544,21.777083333333202],[55.53124999999869,21.78124999999985],[55.52708333333203,21.78124999999985],[55.51874999999873,21.789583333333177],[55.51874999999873,21.793749999999825]]}},{"type":"Feature","properties":{"HYRIV_ID":20887076,"NEXT_DOWN":20887307,"MAIN_RIV":20887902,"LENGTH_KM":2.34,"CATCH_SKM":17.139999,"DIS_AV_CMS":0.001,"ORD_STRA":1,"ORD_FLOW":9},"geometry":{"type":"LineString","coordinates":[[55.67499999999876,21.760416666666522],[55.68124999999873,21.760416666666522],[55.68541666666539,21.75624999999986],[55.68958333333205,21.760416666666522],[55.693749999998715,21.760416666666522]]}},{"type":"Feature","properties":{"HYRIV_ID":20887120,"NEXT_DOWN":20886789,"MAIN_RIV":20887902,"LENGTH_KM":6.4699998,"CATCH_SKM":19.93,"DIS_AV_CMS":0.0,"ORD_STRA":2,"ORD_FLOW":10},"geometry":{"type":"LineString","coordinates":[[55.24791666666542,21.752083333333196],[55.256249999998744,21.760416666666522],[55.256249999998744,21.772916666666497],[55.26458333333204,21.78124999999985],[55.27291666666545,21.78124999999985],[55.277083333332115,21.785416666666514],[55.28124999999878,21.785416666666514],[55.28541666666544,21.789583333333177]]}},{"type":"Feature","properties":{"HYRIV_ID":20887121,"NEXT_DOWN":20886930,"MAIN_RIV":20887902,"LENGTH_KM":6.27,"CATCH_SKM":14.75,"DIS_AV_CMS":0.0,"ORD_STRA":2,"ORD_FLOW":10},"geometry":{"type":"LineString","coordinates":[[55.41041666666544,21.752083333333196],[55.4229166666654,21.752083333333196],[55.43124999999873,21.760416666666522],[55.43124999999873,21.768749999999834],[55.43541666666539,21.772916666666497],[55.45624999999876,21.772916666666497]]}},{"type":"Feature","properties":{"HYRIV_ID":20887169,"NEXT_DOWN":20887304,"MAIN_RIV":20892193,"LENGTH_KM":6.8800001,"CATCH_SKM":17.540001,"DIS_AV_CMS":0.0,"ORD_STRA":3,"ORD_FLOW":10},"geometry":{"type":"LineString","coordinates":[[54.464583333332115,21.793749999999825],[54.464583333332115,21.785416666666514],[54.46874999999878,21.78124999999985],[54.46874999999878,21.777083333333202],[54.477083333332104,21.768749999999834],[54.48124999999877,21.768749999999834],[54.50208333333205,21.747916666666548]]}},{"type":"Feature","properties":{"HYRIV_ID":20887170,"NEXT_DOWN":20887171,"MAIN_RIV":20892193,"LENGTH_KM":1.58,"CATCH_SKM":21.530001,"DIS_AV_CMS":0.0,"ORD_STRA":1,"ORD_FLOW":10},"geometry":{"type":"LineString","coordinates":[[54.87083333333209,21.745833333333174],[54.881249999998715,21.75624999999986]]}},{"type":"Feature","properties":{"HYRIV_ID":20887171,"NEXT_DOWN":20887305,"MAIN_RIV":20892193,"LENGTH_KM":5.5700002,"CATCH_SKM":11.56,"DIS_AV_CMS":0.0,"ORD_STRA":2,"ORD_FLOW":10},"geometry":{"type":"LineString","coordinates":[[54.881249999998715,21.75624999999986],[54.88541666666538,21.75624999999986],[54.89374999999879,21.747916666666548],[54.9312499999987,21.747916666666548]]}},{"type":"Feature","properties":{"HYRIV_ID":20887172,"NEXT_DOWN":20887305,"MAIN_RIV":20892193,"LENGTH_KM":2.02,"CATCH_SKM":3.79,"DIS_AV_CMS":0.0,"ORD_STRA":3,"ORD_FLOW":10},"geometry":{"type":"LineString","coordinates":[[54.927083333332035,21.764583333333185],[54.927083333332035,21.752083333333196],[54.9312499999987,21.747916666666548]]}},{"type":"Feature","properties":{"HYRIV_ID":20887173,"NEXT_DOWN":20887120,"MAIN_RIV":20887902,"LENGTH_KM":2.77,"CATCH_SKM":20.93,"DIS_AV_CMS":0.0,"ORD_STRA":1,"ORD_FLOW":10},"geometry":{"type":"LineString","coordinates":[[55.27083333333212,21.752083333333196],[55.26458333333204,21.752083333333196],[55.26041666666541,21.747916666666548],[55.256249999998744,21.747916666666548],[55.25208333333208,21.752083333333196],[55.24791666666542,21.752083333333196]]}},{"type":"Feature","properties":{"HYRIV_ID":20887202,"NEXT_DOWN":20887304,"MAIN_RIV":20892193,"LENGTH_KM":18.33,"CATCH_SKM":49.029999,"DIS_AV_CMS":0.0,"ORD_STRA":3,"ORD_FLOW":10},"geometry":{"type":"LineString","coordinates":[[54.36874999999873,21.81458333333321],[54.37291666666539,21.81458333333321],[54.37708333333211,21.81874999999986],[54.39374999999876,21.81874999999986],[54.397916666665424,21.81458333333321],[54.40208333333209,21.81458333333321],[54.40624999999872,21.810416666666505],[54.40624999999872,21.802083333333194],[54.41041666666547,21.79791666666653],[54.418749999998795,21.79791666666653],[54.42708333333212,21.789583333333177],[54.431249999998755,21.789583333333177],[54.464583333332115,21.75624999999986],[54.477083333332104,21.75624999999986],[54.489583333332064,21.743749999999842],[54.49791666666539,21.743749999999842],[54.50208333333205,21.747916666666548]]}},{"type":"Feature","properties":{"HYRIV_ID":20887203,"NEXT_DOWN":20887855,"MAIN_RIV":20892193,"LENGTH_KM":6.1100001,"CATCH_SKM":18.34,"DIS_AV_CMS":0.0,"ORD_STRA":5,"ORD_FLOW":10},"geometry":{"type":"LineString","coordinates":[[54.61041666666543,21.789583333333177],[54.61041666666543,21.78124999999985],[54.60624999999877,21.777083333333202],[54.60624999999877,21.764583333333185],[54.62708333333205,21.743749999999842]]}},{"type":"Feature","properties":{"HYRIV_ID":20887204,"NEXT_DOWN":20887855,"MAIN_RIV":20892193,"LENGTH_KM":16.969999,"CATCH_SKM":57.220001,"DIS_AV_CMS":0.0,"ORD_STRA":1,"ORD_FLOW":10},"geometry":{"type":"LineString","coordinates":[[54.77083333333209,21.770833333333165],[54.764583333332126,21.764583333333185],[54.76041666666546,21.764583333333185],[54.756249999998715,21.760416666666522],[54.73958333333209,21.760416666666522],[54.73541666666543,21.764583333333185],[54.727083333332104,21.764583333333185],[54.722916666665355,21.760416666666522],[54.71874999999869,21.760416666666522],[54.71458333333206,21.75624999999986],[54.66041666666541,21.75624999999986],[54.65624999999875,21.760416666666522],[54.65208333333209,21.760416666666522],[54.647916666665424,21.75624999999986],[54.6395833333321,21.75624999999986],[54.62708333333205,21.743749999999842]]}},{"type":"Feature","properties":{"HYRIV_ID":20887205,"NEXT_DOWN":20887121,"MAIN_RIV":20887902,"LENGTH_KM":1.16,"CATCH_SKM":12.16,"DIS_AV_CMS":0.0,"ORD_STRA":1,"ORD_FLOW":10},"geometry":{"type":"LineString","coordinates":[[55.41041666666544,21.74166666666651],[55.41041666666544,21.752083333333196]]}},{"type":"Feature","properties":{"HYRIV_ID":20887247,"NEXT_DOWN":20886930,"MAIN_RIV":20887902,"LENGTH_KM":4.21,"CATCH_SKM":9.7700005,"DIS_AV_CMS":0.0,"ORD_STRA":2,"ORD_FLOW":10},"geometry":{"type":"LineString","coordinates":[[55.460416666665424,21.73958333333318],[55.45208333333201,21.747916666666548],[55.45208333333201,21.760416666666522],[55.45624999999876,21.764583333333185],[55.45624999999876,21.772916666666497]]}},{"type":"Feature","properties":{"HYRIV_ID":20887304,"NEXT_DOWN":20887938,"MAIN_RIV":20892193,"LENGTH_KM":2.76,"CATCH_SKM":12.96,"DIS_AV_CMS":0.0,"ORD_STRA":4,"ORD_FLOW":10},"geometry":{"type":"LineString","coordinates":[[54.50208333333205,21.747916666666548],[54.5062499999988,21.747916666666548],[54.510416666665435,21.743749999999842],[54.5145833333321,21.743749999999842],[54.522916666665424,21.73541666666653]]}},{"type":"Feature","properties":{"HYRIV_ID":20887305,"NEXT_DOWN":20887762,"MAIN_RIV":20892193,"LENGTH_KM":5.3400002,"CATCH_SKM":20.139999,"DIS_AV_CMS":0.0,"ORD_STRA":3,"ORD_FLOW":10},"geometry":{"type":"LineString","coordinates":[[54.9312499999987,21.747916666666548],[54.96458333333206,21.747916666666548],[54.972916666665384,21.73958333333318],[54.96874999999872,21.73541666666653]]}},{"type":"Feature","properties":{"HYRIV_ID":20887306,"NEXT_DOWN":20887121,"MAIN_RIV":20887902,"LENGTH_KM":8.96,"CATCH_SKM":23.93,"DIS_AV_CMS":0.0,"ORD_STRA":2,"ORD_FLOW":10},"geometry":{"type":"LineString","coordinates":[[55.335416666665424,21.743749999999842],[55.35624999999871,21.743749999999842],[55.36458333333212,21.73541666666653],[55.37708333333208,21.73541666666653],[55.381249999998744,21.73958333333318],[55.38541666666541,21.73958333333318],[55.39374999999873,21.747916666666548],[55.39791666666537,21.747916666666548],[55.402083333332115,21.752083333333196],[55.41041666666544,21.752083333333196]]}},{"type":"Feature","properties":{"HYRIV_ID":20887307,"NEXT_DOWN":20887308,"MAIN_RIV":20887902,"LENGTH_KM":3.46,"CATCH_SKM":7.1799998,"DIS_AV_CMS":0.0,"ORD_STRA":2,"ORD_FLOW":10},"geometry":{"type":"LineString","coordinates":[[55.693749999998715,21.760416666666522],[55.69791666666538,21.75624999999986],[55.69791666666538,21.752083333333196],[55.71041666666534,21.73958333333318],[55.71041666666534,21.73541666666653]]}},{"type":"Feature","properties":{"HYRIV_ID":20887356,"NEXT_DOWN":20887762,"MAIN_RIV":20892193,"LENGTH_KM":5.6300001,"CATCH_SKM":22.33,"DIS_AV_CMS":0.0,"ORD_STRA":1,"ORD_FLOW":10},"geometry":{"type":"LineString","coordinates":[[55.01249999999871,21.729166666666536],[55.006249999998715,21.73541666666653],[54.99791666666542,21.73541666666653],[54.993749999998755,21.73958333333318],[54.98541666666543,21.731249999999868],[54.97708333333205,21.731249999999868],[54.972916666665384,21.73541666666653],[54.96874999999872,21.73541666666653]]}},{"type":"Feature","properties":{"HYRIV_ID":20887402,"NEXT_DOWN":20887120,"MAIN_RIV":20887902,"LENGTH_KM":4.0500002,"CATCH_SKM":13.56,"DIS_AV_CMS":0.0,"ORD_STRA":2,"ORD_FLOW":10},"geometry":{"type":"LineString","coordinates":[[55.222916666665384,21.727083333333205],[55.222916666665384,21.731249999999868],[55.23124999999871,21.73958333333318],[55.23541666666537,21.73958333333318],[55.24791666666542,21.752083333333196]]}},{"type":"Feature","properties":{"HYRIV_ID":20887403,"NEXT_DOWN":20887306,"MAIN_RIV":20887902,"LENGTH_KM":5.3,"CATCH_SKM":24.530001,"DIS_AV_CMS":0.0,"ORD_STRA":1,"ORD_FLOW":10},"geometry":{"type":"LineString","coordinates":[[55.29583333333207,21.727083333333205],[55.30624999999873,21.727083333333205],[55.3270833333321,21.747916666666548],[55.33124999999876,21.743749999999842],[55.335416666665424,21.743749999999842]]}},{"type":"Feature","properties":{"HYRIV_ID":20887450,"NEXT_DOWN":20887938,"MAIN_RIV":20892193,"LENGTH_KM":3.23,"CATCH_SKM":21.540001,"DIS_AV_CMS":0.0,"ORD_STRA":1,"ORD_FLOW":10},"geometry":{"type":"LineString","coordinates":[[54.49999999999872,21.722916666666514],[54.5145833333321,21.722916666666514],[54.522916666665424,21.731249999999868],[54.522916666665424,21.73541666666653]]}},{"type":"Feature","properties":{"HYRIV_ID":20887451,"NEXT_DOWN":20887452,"MAIN_RIV":20887902,"LENGTH_KM":2.8900001,"CATCH_SKM":14.95,"DIS_AV_CMS":0.0,"ORD_STRA":1,"ORD_FLOW":10},"geometry":{"type":"LineString","coordinates":[[55.19374999999877,21.745833333333174],[55.19374999999877,21.73958333333318],[55.18541666666539,21.731249999999868],[55.18541666666539,21.722916666666514]]}},{"type":"Feature","properties":{"HYRIV_ID":20887452,"NEXT_DOWN":20887402,"MAIN_RIV":20887902,"LENGTH_KM":4.08,"CATCH_SKM":12.76,"DIS_AV_CMS":0.0,"ORD_STRA":2,"ORD_FLOW":10},"geometry":{"type":"LineString","coordinates":[[55.18541666666539,21.722916666666514],[55.21874999999872,21.722916666666514],[55.222916666665384,21.727083333333205]]}},{"type":"Feature","properties":{"HYRIV_ID":20887490,"NEXT_DOWN":20887624,"MAIN_RIV":20892193,"LENGTH_KM":23.9,"CATCH_SKM":80.75,"DIS_AV_CMS":0.0,"ORD_STRA":1,"ORD_FLOW":10},"geometry":{"type":"LineString","coordinates":[[53.90833333333211,21.766666666666502],[53.90208333333214,21.760416666666522],[53.88958333333207,21.760416666666522],[53.88541666666541,21.764583333333185],[53.87708333333211,21.764583333333185],[53.86874999999878,21.75624999999986],[53.86874999999878,21.743749999999842],[53.872916666665446,21.73958333333318],[53.914583333332104,21.73958333333318],[53.91874999999877,21.73541666666653],[53.92291666666543,21.73541666666653],[53.92708333333209,21.731249999999868],[53.93958333333205,21.731249999999868],[53.9437499999988,21.73541666666653],[53.94791666666546,21.73541666666653],[53.960416666665424,21.722916666666514],[53.96458333333209,21.722916666666514],[53.96874999999875,21.71874999999985],[53.98124999999874,21.71874999999985],[53.9854166666654,21.722916666666514],[53.989583333332035,21.722916666666514],[53.99374999999878,21.727083333333205],[54.01874999999873,21.727083333333205]]}},{"type":"Feature","properties":{"HYRIV_ID":20887491,"NEXT_DOWN":20887247,"MAIN_RIV":20887902,"LENGTH_KM":7.25,"CATCH_SKM":28.91,"DIS_AV_CMS":0.0,"ORD_STRA":1,"ORD_FLOW":10},"geometry":{"type":"LineString","coordinates":[[55.520833333332064,21.71874999999985],[55.51458333333207,21.71874999999985],[55.51041666666541,21.722916666666514],[55.506249999998744,21.722916666666514],[55.497916666665446,21.731249999999868],[55.49374999999878,21.731249999999868],[55.48541666666537,21.73958333333318],[55.460416666665424,21.73958333333318]]}},{"type":"Feature","properties":{"HYRIV_ID":20887522,"NEXT_DOWN":20887812,"MAIN_RIV":20892193,"LENGTH_KM":6.3200002,"CATCH_SKM":22.93,"DIS_AV_CMS":0.0,"ORD_STRA":1,"ORD_FLOW":10},"geometry":{"type":"LineString","coordinates":[[54.741666666665424,21.724999999999845],[54.74791666666539,21.71874999999985],[54.76041666666546,21.71874999999985],[54.764583333332126,21.714583333333188],[54.79791666666537,21.714583333333188]]}},{"type":"Feature","properties":{"HYRIV_ID":20887523,"NEXT_DOWN":20887812,"MAIN_RIV":20892193,"LENGTH_KM":2.97,"CATCH_SKM":16.35,"DIS_AV_CMS":0.0,"ORD_STRA":1,"ORD_FLOW":10},"geometry":{"type":"LineString","coordinates":[[54.787499999998744,21.737499999999862],[54.79374999999874,21.731249999999868],[54.79374999999874,21.722916666666514],[54.79791666666537,21.71874999999985],[54.79791666666537,21.714583333333188]]}},{"type":"Feature","properties":{"HYRIV_ID":20887553,"NEXT_DOWN":20888076,"MAIN_RIV":20892193,"LENGTH_KM":30.370001,"CATCH_SKM":87.32,"DIS_AV_CMS":0.0,"ORD_STRA":1,"ORD_FLOW":10},"geometry":{"type":"LineString","coordinates":[[54.10833333333207,21.772916666666497],[54.13124999999877,21.772916666666497],[54.135416666665435,21.777083333333202],[54.15208333333206,21.777083333333202],[54.156249999998806,21.772916666666497],[54.16458333333213,21.772916666666497],[54.16874999999877,21.777083333333202],[54.17708333333209,21.777083333333202],[54.181249999998755,21.772916666666497],[54.18541666666542,21.777083333333202],[54.18958333333208,21.772916666666497],[54.227083333332075,21.772916666666497],[54.23124999999874,21.768749999999834],[54.24791666666536,21.768749999999834],[54.260416666665435,21.75624999999986],[54.26874999999876,21.75624999999986],[54.272916666665424,21.752083333333196],[54.28124999999872,21.752083333333196],[54.293749999998795,21.73958333333318],[54.29791666666546,21.73958333333318],[54.30208333333209,21.73541666666653],[54.331249999998704,21.73541666666653],[54.339583333332115,21.727083333333205],[54.339583333332115,21.722916666666514],[54.34374999999878,21.71874999999985],[54.352083333332075,21.71874999999985],[54.35624999999874,21.714583333333188],[54.35624999999874,21.71041666666654]]}},{"type":"Feature","properties":{"HYRIV_ID":20887584,"NEXT_DOWN":20888076,"MAIN_RIV":20892193,"LENGTH_KM":39.529999,"CATCH_SKM":90.120003,"DIS_AV_CMS":0.0,"ORD_STRA":2,"ORD_FLOW":10},"geometry":{"type":"LineString","coordinates":[[54.01458333333207,21.75624999999986],[54.01874999999873,21.752083333333196],[54.03541666666547,21.752083333333196],[54.04374999999877,21.743749999999842],[54.056249999998755,21.743749999999842],[54.06041666666542,21.747916666666548],[54.068749999998715,21.747916666666548],[54.07291666666546,21.743749999999842],[54.077083333332126,21.747916666666548],[54.08541666666545,21.747916666666548],[54.089583333332115,21.752083333333196],[54.09374999999875,21.752083333333196],[54.09791666666541,21.747916666666548],[54.18541666666542,21.747916666666548],[54.18958333333208,21.752083333333196],[54.22291666666541,21.752083333333196],[54.227083333332075,21.747916666666548],[54.23124999999874,21.747916666666548],[54.239583333332064,21.73958333333318],[54.24374999999873,21.73958333333318],[54.24791666666536,21.73541666666653],[54.25208333333211,21.73541666666653],[54.25624999999877,21.731249999999868],[54.26874999999876,21.731249999999868],[54.272916666665424,21.727083333333205],[54.28541666666547,21.727083333333205],[54.293749999998795,21.71874999999985],[54.31041666666542,21.71874999999985],[54.318749999998744,21.71041666666654],[54.331249999998704,21.71041666666654],[54.33541666666545,21.706249999999876],[54.34791666666544,21.706249999999876],[54.352083333332075,21.71041666666654],[54.35624999999874,21.71041666666654]]}},{"type":"Feature","properties":{"HYRIV_ID":20887585,"NEXT_DOWN":20887586,"MAIN_RIV":20887902,"LENGTH_KM":6.4200001,"CATCH_SKM":25.73,"DIS_AV_CMS":0.0,"ORD_STRA":1,"ORD_FLOW":10},"geometry":{"type":"LineString","coordinates":[[55.36666666666545,21.71041666666654],[55.37291666666542,21.71041666666654],[55.37708333333208,21.706249999999876],[55.402083333332115,21.706249999999876],[55.40624999999878,21.71041666666654],[55.41874999999877,21.71041666666654],[55.4229166666654,21.706249999999876]]}},{"type":"Feature","properties":{"HYRIV_ID":20887586,"NEXT_DOWN":20887247,"MAIN_RIV":20887902,"LENGTH_KM":7.4699998,"CATCH_SKM":18.15,"DIS_AV_CMS":0.0,"ORD_STRA":2,"ORD_FLOW":10},"geometry":{"type":"LineString","coordinates":[[55.4229166666654,21.706249999999876],[55.427083333332064,21.71041666666654],[55.43541666666539,21.71041666666654],[55.43958333333205,21.714583333333188],[55.443749999998715,21.714583333333188],[55.44791666666535,21.71874999999985],[55.460416666665424,21.71874999999985],[55.46458333333209,21.722916666666514],[55.460416666665424,21.727083333333205],[55.460416666665424,21.731249999999868],[55.45624999999876,21.73541666666653],[55.460416666665424,21.73958333333318]]}},{"type":"Feature","properties":{"HYRIV_ID":20887623,"NEXT_DOWN":20887624,"MAIN_RIV":20892193,"LENGTH_KM":8.9300003,"CATCH_SKM":30.51,"DIS_AV_CMS":0.0,"ORD_STRA":1,"ORD_FLOW":10},"geometry":{"type":"LineString","coordinates":[[53.95416666666546,21.70208333333317],[54.010416666665435,21.70208333333317],[54.01874999999873,21.71041666666654],[54.01874999999873,21.727083333333205]]}},{"type":"Feature","properties":{"HYRIV_ID":20887624,"NEXT_DOWN":20887809,"MAIN_RIV":20892193,"LENGTH_KM":12.81,"CATCH_SKM":29.110001,"DIS_AV_CMS":0.0,"ORD_STRA":2,"ORD_FLOW":10},"geometry":{"type":"LineString","coordinates":[[54.01874999999873,21.727083333333205],[54.022916666665395,21.727083333333205],[54.02708333333214,21.731249999999868],[54.03541666666547,21.731249999999868],[54.039583333332104,21.727083333333205],[54.04374999999877,21.727083333333205],[54.05208333333209,21.71874999999985],[54.10624999999874,21.71874999999985],[54.1104166666654,21.714583333333188],[54.114583333332064,21.714583333333188],[54.122916666665446,21.706249999999876],[54.1187499999987,21.70208333333317]]}},{"type":"Feature","properties":{"HYRIV_ID":20887625,"NEXT_DOWN":20887809,"MAIN_RIV":20892193,"LENGTH_KM":3.23,"CATCH_SKM":19.940001,"DIS_AV_CMS":0.0,"ORD_STRA":1,"ORD_FLOW":10},"geometry":{"type":"LineString","coordinates":[[54.14999999999873,21.70208333333317],[54.1187499999987,21.70208333333317]]}},{"type":"Feature","properties":{"HYRIV_ID":20887626,"NEXT_DOWN":20887900,"MAIN_RIV":20887902,"LENGTH_KM":3.77,"CATCH_SKM":22.73,"DIS_AV_CMS":0.001,"ORD_STRA":1,"ORD_FLOW":9},"geometry":{"type":"LineString","coordinates":[[55.57499999999871,21.729166666666536],[55.585416666665424,21.71874999999985],[55.585416666665424,21.71041666666654],[55.581249999998676,21.706249999999876],[55.585416666665424,21.70208333333317]]}},{"type":"Feature","properties":{"HYRIV_ID":20887678,"NEXT_DOWN":20887308,"MAIN_RIV":20887902,"LENGTH_KM":7.8400002,"CATCH_SKM":43.27,"DIS_AV_CMS":0.0,"ORD_STRA":4,"ORD_FLOW":10},"geometry":{"type":"LineString","coordinates":[[55.65208333333206,21.697916666666522],[55.660416666665355,21.706249999999876],[55.664583333332104,21.706249999999876],[55.68124999999873,21.722916666666514],[55.68958333333205,21.722916666666514],[55.69791666666538,21.731249999999868],[55.70208333333204,21.731249999999868],[55.706249999998704,21.73541666666653],[55.71041666666534,21.73541666666653]]}},{"type":"Feature","properties":{"HYRIV_ID":20887717,"NEXT_DOWN":20887452,"MAIN_RIV":20887902,"LENGTH_KM":8.3900003,"CATCH_SKM":35.900002,"DIS_AV_CMS":0.0,"ORD_STRA":2,"ORD_FLOW":10},"geometry":{"type":"LineString","coordinates":[[55.12291666666542,21.69374999999986],[55.12291666666542,21.70208333333317],[55.12708333333208,21.706249999999876],[55.14374999999879,21.706249999999876],[55.16041666666541,21.722916666666514],[55.18541666666539,21.722916666666514]]}},{"type":"Feature","properties":{"HYRIV_ID":20887718,"NEXT_DOWN":20887900,"MAIN_RIV":20887902,"LENGTH_KM":1.58,"CATCH_SKM":13.16,"DIS_AV_CMS":0.001,"ORD_STRA":1,"ORD_FLOW":9},"geometry":{"type":"LineString","coordinates":[[55.57499999999871,21.691666666666528],[55.585416666665424,21.70208333333317]]}},{"type":"Feature","properties":{"HYRIV_ID":20887719,"NEXT_DOWN":20887678,"MAIN_RIV":20887902,"LENGTH_KM":0.63,"CATCH_SKM":2.1900001,"DIS_AV_CMS":0.0,"ORD_STRA":4,"ORD_FLOW":10},"geometry":{"type":"LineString","coordinates":[[55.647916666665395,21.69374999999986],[55.65208333333206,21.697916666666522]]}},{"type":"Feature","properties":{"HYRIV_ID":20887761,"NEXT_DOWN":20888009,"MAIN_RIV":20892193,"LENGTH_KM":17.120001,"CATCH_SKM":52.049999,"DIS_AV_CMS":0.0,"ORD_STRA":1,"ORD_FLOW":10},"geometry":{"type":"LineString","coordinates":[[54.1624999999988,21.729166666666536],[54.16874999999877,21.722916666666514],[54.17708333333209,21.722916666666514],[54.181249999998755,21.727083333333205],[54.18541666666542,21.727083333333205],[54.193749999998744,21.73541666666653],[54.202083333332126,21.73541666666653],[54.21041666666545,21.727083333333205],[54.21874999999878,21.727083333333205],[54.2354166666654,21.71041666666654],[54.239583333332064,21.71041666666654],[54.24374999999873,21.706249999999876],[54.28124999999872,21.706249999999876],[54.29791666666546,21.689583333333196]]}},{"type":"Feature","properties":{"HYRIV_ID":20887762,"NEXT_DOWN":20887857,"MAIN_RIV":20892193,"LENGTH_KM":9.9700003,"CATCH_SKM":29.91,"DIS_AV_CMS":0.0,"ORD_STRA":3,"ORD_FLOW":10},"geometry":{"type":"LineString","coordinates":[[54.96874999999872,21.73541666666653],[54.96458333333206,21.73541666666653],[54.960416666665395,21.731249999999868],[54.935416666665446,21.731249999999868],[54.89374999999879,21.689583333333196]]}},{"type":"Feature","properties":{"HYRIV_ID":20887763,"NEXT_DOWN":20887306,"MAIN_RIV":20887902,"LENGTH_KM":8.3800001,"CATCH_SKM":36.099998,"DIS_AV_CMS":0.0,"ORD_STRA":1,"ORD_FLOW":10},"geometry":{"type":"LineString","coordinates":[[55.289583333332104,21.687499999999865],[55.289583333332104,21.69374999999986],[55.2979166666654,21.70208333333317],[55.302083333332064,21.70208333333317],[55.33124999999876,21.731249999999868],[55.33124999999876,21.73958333333318],[55.335416666665424,21.743749999999842]]}},{"type":"Feature","properties":{"HYRIV_ID":20887764,"NEXT_DOWN":20887765,"MAIN_RIV":20887902,"LENGTH_KM":1.58,"CATCH_SKM":12.56,"DIS_AV_CMS":0.0,"ORD_STRA":1,"ORD_FLOW":10},"geometry":{"type":"LineString","coordinates":[[55.633333333332075,21.69999999999984],[55.64374999999873,21.689583333333196]]}},{"type":"Feature","properties":{"HYRIV_ID":20887765,"NEXT_DOWN":20887719,"MAIN_RIV":20887902,"LENGTH_KM":0.63,"CATCH_SKM":0.4,"DIS_AV_CMS":0.0,"ORD_STRA":4,"ORD_FLOW":10},"geometry":{"type":"LineString","coordinates":[[55.64374999999873,21.689583333333196],[55.647916666665395,21.69374999999986]]}},{"type":"Feature","properties":{"HYRIV_ID":20887808,"NEXT_DOWN":20888322,"MAIN_RIV":20892193,"LENGTH_KM":2.57,"CATCH_SKM":16.950001,"DIS_AV_CMS":0.0,"ORD_STRA":1,"ORD_FLOW":10},"geometry":{"type":"LineString","coordinates":[[54.074999999998795,21.689583333333196],[54.09374999999875,21.689583333333196],[54.09791666666541,21.685416666666548]]}},{"type":"Feature","properties":{"HYRIV_ID":20887809,"NEXT_DOWN":20888322,"MAIN_RIV":20892193,"LENGTH_KM":2.96,"CATCH_SKM":5.3800001,"DIS_AV_CMS":0.0,"ORD_STRA":2,"ORD_FLOW":10},"geometry":{"type":"LineString","coordinates":[[54.1187499999987,21.70208333333317],[54.114583333332064,21.70208333333317],[54.09791666666541,21.685416666666548]]}},{"type":"Feature","properties":{"HYRIV_ID":20887810,"NEXT_DOWN":20888009,"MAIN_RIV":20892193,"LENGTH_KM":8.9700003,"CATCH_SKM":30.719999,"DIS_AV_CMS":0.0,"ORD_STRA":1,"ORD_FLOW":10},"geometry":{"type":"LineString","coordinates":[[54.22083333333208,21.685416666666548],[54.24374999999873,21.685416666666548],[54.25208333333211,21.69374999999986],[54.25624999999877,21.689583333333196],[54.27708333333206,21.689583333333196],[54.28124999999872,21.685416666666548],[54.293749999998795,21.685416666666548],[54.29791666666546,21.689583333333196]]}},{"type":"Feature","properties":{"HYRIV_ID":20887811,"NEXT_DOWN":20887856,"MAIN_RIV":20892193,"LENGTH_KM":17.75,"CATCH_SKM":55.84,"DIS_AV_CMS":0.0,"ORD_STRA":3,"ORD_FLOW":10},"geometry":{"type":"LineString","coordinates":[[54.83541666666548,21.685416666666548],[54.83124999999873,21.685416666666548],[54.82708333333207,21.689583333333196],[54.79374999999874,21.689583333333196],[54.789583333332075,21.685416666666548],[54.78124999999875,21.685416666666548],[54.77708333333209,21.689583333333196],[54.772916666665424,21.689583333333196],[54.76874999999876,21.69374999999986],[54.73958333333209,21.69374999999986],[54.73124999999877,21.70208333333317],[54.71458333333206,21.70208333333317],[54.710416666665395,21.706249999999876],[54.70624999999873,21.706249999999876],[54.693749999998744,21.69374999999986],[54.693749999998744,21.689583333333196],[54.68958333333211,21.685416666666548]]}},{"type":"Feature","properties":{"HYRIV_ID":20887812,"NEXT_DOWN":20887811,"MAIN_RIV":20892193,"LENGTH_KM":7.4099998,"CATCH_SKM":23.129999,"DIS_AV_CMS":0.0,"ORD_STRA":2,"ORD_FLOW":10},"geometry":{"type":"LineString","coordinates":[[54.79791666666537,21.714583333333188],[54.80208333333212,21.714583333333188],[54.80624999999878,21.71874999999985],[54.81458333333211,21.71874999999985],[54.81874999999877,21.714583333333188],[54.82291666666541,21.714583333333188],[54.84374999999872,21.69374999999986],[54.83541666666548,21.685416666666548]]}},{"type":"Feature","properties":{"HYRIV_ID":20887813,"NEXT_DOWN":20887402,"MAIN_RIV":20887902,"LENGTH_KM":8.0900002,"CATCH_SKM":30.120001,"DIS_AV_CMS":0.0,"ORD_STRA":1,"ORD_FLOW":10},"geometry":{"type":"LineString","coordinates":[[55.20833333333209,21.685416666666548],[55.21458333333206,21.685416666666548],[55.22708333333205,21.697916666666522],[55.23124999999871,21.697916666666522],[55.23958333333209,21.706249999999876],[55.23958333333209,21.71041666666654],[55.243749999998755,21.714583333333188],[55.23541666666537,21.722916666666514],[55.23124999999871,21.722916666666514],[55.22708333333205,21.727083333333205],[55.222916666665384,21.727083333333205]]}},{"type":"Feature","properties":{"HYRIV_ID":20887854,"NEXT_DOWN":20887937,"MAIN_RIV":20892193,"LENGTH_KM":0.46,"CATCH_SKM":0.2,"DIS_AV_CMS":0.0,"ORD_STRA":2,"ORD_FLOW":10},"geometry":{"type":"LineString","coordinates":[[54.535416666665384,21.681249999999842],[54.535416666665384,21.685416666666548]]}},{"type":"Feature","properties":{"HYRIV_ID":20887855,"NEXT_DOWN":20887976,"MAIN_RIV":20892193,"LENGTH_KM":9.6700001,"CATCH_SKM":35.900002,"DIS_AV_CMS":0.0,"ORD_STRA":5,"ORD_FLOW":10},"geometry":{"type":"LineString","coordinates":[[54.62708333333205,21.743749999999842],[54.62708333333205,21.73958333333318],[54.63541666666546,21.731249999999868],[54.6395833333321,21.731249999999868],[54.65624999999875,21.714583333333188],[54.66041666666541,21.714583333333188],[54.66458333333205,21.71041666666654],[54.66458333333205,21.70208333333317],[54.66041666666541,21.697916666666522],[54.67291666666546,21.685416666666548],[54.67291666666546,21.681249999999842]]}},{"type":"Feature","properties":{"HYRIV_ID":20887856,"NEXT_DOWN":20887976,"MAIN_RIV":20892193,"LENGTH_KM":1.92,"CATCH_SKM":3.3900001,"DIS_AV_CMS":0.0,"ORD_STRA":3,"ORD_FLOW":10},"geometry":{"type":"LineString","coordinates":[[54.68958333333211,21.685416666666548],[54.685416666665446,21.681249999999842],[54.67291666666546,21.681249999999842]]}},{"type":"Feature","properties":{"HYRIV_ID":20887857,"NEXT_DOWN":20887811,"MAIN_RIV":20892193,"LENGTH_KM":7.04,"CATCH_SKM":28.32,"DIS_AV_CMS":0.0,"ORD_STRA":3,"ORD_FLOW":10},"geometry":{"type":"LineString","coordinates":[[54.89374999999879,21.689583333333196],[54.87708333333205,21.689583333333196],[54.87291666666539,21.69374999999986],[54.86041666666543,21.69374999999986],[54.847916666665355,21.681249999999842],[54.83958333333206,21.681249999999842],[54.83541666666548,21.685416666666548]]}},{"type":"Feature","properties":{"HYRIV_ID":20887858,"NEXT_DOWN":20887857,"MAIN_RIV":20892193,"LENGTH_KM":13.75,"CATCH_SKM":55.049999,"DIS_AV_CMS":0.0,"ORD_STRA":1,"ORD_FLOW":10},"geometry":{"type":"LineString","coordinates":[[55.004166666665384,21.71041666666654],[54.99791666666542,21.71041666666654],[54.99791666666542,21.706249999999876],[54.993749999998755,21.70208333333317],[54.960416666665395,21.70208333333317],[54.947916666665435,21.689583333333196],[54.94374999999877,21.689583333333196],[54.93958333333211,21.685416666666548],[54.914583333332075,21.685416666666548],[54.91041666666541,21.681249999999842],[54.89791666666545,21.681249999999842],[54.89374999999879,21.685416666666548],[54.89374999999879,21.689583333333196]]}},{"type":"Feature","properties":{"HYRIV_ID":20887859,"NEXT_DOWN":20887678,"MAIN_RIV":20887902,"LENGTH_KM":4.14,"CATCH_SKM":17.16,"DIS_AV_CMS":0.0,"ORD_STRA":1,"ORD_FLOW":10},"geometry":{"type":"LineString","coordinates":[[55.68333333333206,21.67916666666651],[55.66874999999877,21.69374999999986],[55.660416666665355,21.69374999999986],[55.65624999999869,21.697916666666522],[55.65208333333206,21.697916666666522]]}},{"type":"Feature","properties":{"HYRIV_ID":20887898,"NEXT_DOWN":20887856,"MAIN_RIV":20892193,"LENGTH_KM":1.84,"CATCH_SKM":14.16,"DIS_AV_CMS":0.0,"ORD_STRA":1,"ORD_FLOW":10},"geometry":{"type":"LineString","coordinates":[[54.69999999999874,21.674999999999848],[54.693749999998744,21.681249999999842],[54.693749999998744,21.685416666666548],[54.68958333333211,21.685416666666548]]}},{"type":"Feature","properties":{"HYRIV_ID":20887899,"NEXT_DOWN":20887717,"MAIN_RIV":20887902,"LENGTH_KM":17.91,"CATCH_SKM":75.989998,"DIS_AV_CMS":0.0,"ORD_STRA":1,"ORD_FLOW":10},"geometry":{"type":"LineString","coordinates":[[55.10416666666538,21.73958333333318],[55.097916666665384,21.73958333333318],[55.09374999999872,21.73541666666653],[55.085416666665395,21.73541666666653],[55.08124999999876,21.73958333333318],[55.0770833333321,21.73958333333318],[55.072916666665435,21.73541666666653],[55.072916666665435,21.731249999999868],[55.06874999999877,21.727083333333205],[55.06874999999877,21.706249999999876],[55.0562499999987,21.69374999999986],[55.0562499999987,21.689583333333196],[55.06041666666536,21.685416666666548],[55.06874999999877,21.685416666666548],[55.0770833333321,21.67708333333318],[55.085416666665395,21.67708333333318],[55.09374999999872,21.685416666666548],[55.097916666665384,21.685416666666548],[55.10208333333205,21.689583333333196],[55.11041666666543,21.689583333333196],[55.11458333333209,21.69374999999986],[55.12291666666542,21.69374999999986]]}},{"type":"Feature","properties":{"HYRIV_ID":20887900,"NEXT_DOWN":20887901,"MAIN_RIV":20887902,"LENGTH_KM":5.35,"CATCH_SKM":13.76,"DIS_AV_CMS":0.0,"ORD_STRA":2,"ORD_FLOW":10},"geometry":{"type":"LineString","coordinates":[[55.585416666665424,21.70208333333317],[55.59374999999875,21.70208333333317],[55.602083333332075,21.69374999999986],[55.60624999999871,21.69374999999986],[55.614583333332035,21.685416666666548],[55.614583333332035,21.681249999999842],[55.61874999999878,21.67708333333318],[55.622916666665446,21.67708333333318]]}},{"type":"Feature","properties":{"HYRIV_ID":20887901,"NEXT_DOWN":20887765,"MAIN_RIV":20887902,"LENGTH_KM":2.76,"CATCH_SKM":7.58,"DIS_AV_CMS":0.0,"ORD_STRA":4,"ORD_FLOW":10},"geometry":{"type":"LineString","coordinates":[[55.622916666665446,21.67708333333318],[55.62708333333211,21.681249999999842],[55.63541666666541,21.681249999999842],[55.64374999999873,21.689583333333196]]}},{"type":"Feature","properties":{"HYRIV_ID":20887936,"NEXT_DOWN":20887854,"MAIN_RIV":20892193,"LENGTH_KM":1.41,"CATCH_SKM":15.16,"DIS_AV_CMS":0.0,"ORD_STRA":1,"ORD_FLOW":10},"geometry":{"type":"LineString","coordinates":[[54.54166666666546,21.6708333333332],[54.535416666665384,21.67708333333318],[54.535416666665384,21.681249999999842]]}},{"type":"Feature","properties":{"HYRIV_ID":20887937,"NEXT_DOWN":20888202,"MAIN_RIV":20892193,"LENGTH_KM":6.2,"CATCH_SKM":16.549999,"DIS_AV_CMS":0.0,"ORD_STRA":3,"ORD_FLOW":10},"geometry":{"type":"LineString","coordinates":[[54.535416666665384,21.685416666666548],[54.56041666666542,21.685416666666548],[54.57291666666541,21.67291666666653],[54.58958333333203,21.67291666666653]]}},{"type":"Feature","properties":{"HYRIV_ID":20887938,"NEXT_DOWN":20888202,"MAIN_RIV":20892193,"LENGTH_KM":10.18,"CATCH_SKM":30.110001,"DIS_AV_CMS":0.0,"ORD_STRA":4,"ORD_FLOW":10},"geometry":{"type":"LineString","coordinates":[[54.522916666665424,21.73541666666653],[54.535416666665384,21.722916666666514],[54.53958333333205,21.722916666666514],[54.543749999998795,21.71874999999985],[54.54791666666546,21.71874999999985],[54.57291666666541,21.69374999999986],[54.57291666666541,21.689583333333196],[54.58958333333203,21.67291666666653]]}},{"type":"Feature","properties":{"HYRIV_ID":20887973,"NEXT_DOWN":20888155,"MAIN_RIV":20892193,"LENGTH_KM":1.58,"CATCH_SKM":12.57,"DIS_AV_CMS":0.0,"ORD_STRA":1,"ORD_FLOW":10},"geometry":{"type":"LineString","coordinates":[[54.36249999999873,21.67916666666651],[54.37291666666539,21.668749999999868]]}},{"type":"Feature","properties":{"HYRIV_ID":20887974,"NEXT_DOWN":20887975,"MAIN_RIV":20892193,"LENGTH_KM":51.34,"CATCH_SKM":146.92999,"DIS_AV_CMS":0.0,"ORD_STRA":2,"ORD_FLOW":10},"geometry":{"type":"LineString","coordinates":[[54.077083333332126,21.806249999999842],[54.08124999999879,21.802083333333194],[54.08541666666545,21.806249999999842],[54.09791666666541,21.806249999999842],[54.102083333332075,21.802083333333194],[54.1187499999987,21.802083333333194],[54.122916666665446,21.806249999999842],[54.12708333333211,21.802083333333194],[54.17708333333209,21.802083333333194],[54.18541666666542,21.810416666666505],[54.193749999998744,21.810416666666505],[54.202083333332126,21.802083333333194],[54.2354166666654,21.802083333333194],[54.239583333332064,21.79791666666653],[54.24374999999873,21.79791666666653],[54.24791666666536,21.793749999999825],[54.28124999999872,21.793749999999825],[54.293749999998795,21.78124999999985],[54.293749999998795,21.768749999999834],[54.29791666666546,21.764583333333185],[54.31458333333208,21.764583333333185],[54.32708333333204,21.752083333333196],[54.331249999998704,21.752083333333196],[54.33541666666545,21.747916666666548],[54.36874999999873,21.747916666666548],[54.3895833333321,21.727083333333205],[54.39374999999876,21.727083333333205],[54.397916666665424,21.722916666666514],[54.40208333333209,21.722916666666514],[54.40624999999872,21.71874999999985],[54.443749999998744,21.71874999999985],[54.45208333333207,21.71041666666654],[54.45208333333207,21.69374999999986],[54.456249999998704,21.689583333333196],[54.456249999998704,21.685416666666548],[54.464583333332115,21.67708333333318],[54.464583333332115,21.668749999999868],[54.46874999999878,21.668749999999868]]}},{"type":"Feature","properties":{"HYRIV_ID":20887975,"NEXT_DOWN":20887937,"MAIN_RIV":20892193,"LENGTH_KM":7.7,"CATCH_SKM":24.139999,"DIS_AV_CMS":0.0,"ORD_STRA":3,"ORD_FLOW":10},"geometry":{"type":"LineString","coordinates":[[54.46874999999878,21.668749999999868],[54.477083333332104,21.668749999999868],[54.4854166666654,21.67708333333318],[54.489583333332064,21.67708333333318],[54.49791666666539,21.685416666666548],[54.535416666665384,21.685416666666548]]}},{"type":"Feature","properties":{"HYRIV_ID":20887976,"NEXT_DOWN":20888011,"MAIN_RIV":20892193,"LENGTH_KM":2.1600001,"CATCH_SKM":3.3900001,"DIS_AV_CMS":0.0,"ORD_STRA":5,"ORD_FLOW":10},"geometry":{"type":"LineString","coordinates":[[54.67291666666546,21.681249999999842],[54.668749999998795,21.67708333333318],[54.668749999998795,21.67291666666653],[54.66458333333205,21.668749999999868],[54.66041666666541,21.668749999999868]]}},{"type":"Feature","properties":{"HYRIV_ID":20887977,"NEXT_DOWN":20888049,"MAIN_RIV":20887902,"LENGTH_KM":1.41,"CATCH_SKM":13.56,"DIS_AV_CMS":0.0,"ORD_STRA":1,"ORD_FLOW":10},"geometry":{"type":"LineString","coordinates":[[55.462499999998755,21.67916666666651],[55.46874999999875,21.67291666666653],[55.46874999999875,21.668749999999868]]}},{"type":"Feature","properties":{"HYRIV_ID":20887978,"NEXT_DOWN":20887979,"MAIN_RIV":20887902,"LENGTH_KM":0.43,"CATCH_SKM":0.2,"DIS_AV_CMS":0.0,"ORD_STRA":4,"ORD_FLOW":10},"geometry":{"type":"LineString","coordinates":[[55.61041666666537,21.668749999999868],[55.614583333332035,21.668749999999868]]}},{"type":"Feature","properties":{"HYRIV_ID":20887979,"NEXT_DOWN":20887901,"MAIN_RIV":20887902,"LENGTH_KM":1.26,"CATCH_SKM":1.4,"DIS_AV_CMS":0.0,"ORD_STRA":4,"ORD_FLOW":10},"geometry":{"type":"LineString","coordinates":[[55.614583333332035,21.668749999999868],[55.622916666665446,21.67708333333318]]}},{"type":"Feature","properties":{"HYRIV_ID":20888009,"NEXT_DOWN":20888155,"MAIN_RIV":20892193,"LENGTH_KM":10.09,"CATCH_SKM":23.540001,"DIS_AV_CMS":0.0,"ORD_STRA":2,"ORD_FLOW":10},"geometry":{"type":"LineString","coordinates":[[54.29791666666546,21.689583333333196],[54.30208333333209,21.685416666666548],[54.318749999998744,21.685416666666548],[54.32708333333204,21.67708333333318],[54.32708333333204,21.668749999999868],[54.331249999998704,21.664583333333162],[54.339583333332115,21.664583333333162],[54.34374999999878,21.668749999999868],[54.34791666666544,21.668749999999868],[54.352083333332075,21.664583333333162],[54.36874999999873,21.664583333333162],[54.37291666666539,21.668749999999868]]}},{"type":"Feature","properties":{"HYRIV_ID":20888010,"NEXT_DOWN":20888203,"MAIN_RIV":20892193,"LENGTH_KM":16.65,"CATCH_SKM":65.199997,"DIS_AV_CMS":0.0,"ORD_STRA":1,"ORD_FLOW":10},"geometry":{"type":"LineString","coordinates":[[54.56249999999875,21.75624999999986],[54.57291666666541,21.75624999999986],[54.57708333333207,21.752083333333196],[54.58124999999873,21.752083333333196],[54.58124999999873,21.743749999999842],[54.57708333333207,21.73958333333318],[54.57708333333207,21.73541666666653],[54.602083333332104,21.71041666666654],[54.602083333332104,21.70208333333317],[54.61041666666543,21.69374999999986],[54.61041666666543,21.689583333333196],[54.61874999999873,21.681249999999842],[54.63541666666546,21.681249999999842],[54.6395833333321,21.67708333333318],[54.647916666665424,21.67708333333318],[54.65208333333209,21.67291666666653],[54.65208333333209,21.664583333333162]]}},{"type":"Feature","properties":{"HYRIV_ID":20888011,"NEXT_DOWN":20888203,"MAIN_RIV":20892193,"LENGTH_KM":1.06,"CATCH_SKM":0.8,"DIS_AV_CMS":0.0,"ORD_STRA":5,"ORD_FLOW":10},"geometry":{"type":"LineString","coordinates":[[54.66041666666541,21.668749999999868],[54.65624999999875,21.668749999999868],[54.65208333333209,21.664583333333162]]}},{"type":"Feature","properties":{"HYRIV_ID":20888012,"NEXT_DOWN":20887717,"MAIN_RIV":20887902,"LENGTH_KM":6.3600001,"CATCH_SKM":27.33,"DIS_AV_CMS":0.0,"ORD_STRA":1,"ORD_FLOW":10},"geometry":{"type":"LineString","coordinates":[[55.14166666666546,21.674999999999848],[55.131249999998744,21.664583333333162],[55.12291666666542,21.664583333333162],[55.12291666666542,21.668749999999868],[55.118749999998755,21.67291666666653],[55.12708333333208,21.681249999999842],[55.12708333333208,21.685416666666548],[55.12291666666542,21.689583333333196],[55.12291666666542,21.69374999999986]]}},{"type":"Feature","properties":{"HYRIV_ID":20888049,"NEXT_DOWN":20888079,"MAIN_RIV":20887902,"LENGTH_KM":12.53,"CATCH_SKM":45.279999,"DIS_AV_CMS":0.0,"ORD_STRA":2,"ORD_FLOW":10},"geometry":{"type":"LineString","coordinates":[[55.46874999999875,21.668749999999868],[55.472916666665384,21.67291666666653],[55.47708333333205,21.67291666666653],[55.50208333333208,21.697916666666522],[55.51458333333207,21.697916666666522],[55.522916666665395,21.689583333333196],[55.52708333333203,21.689583333333196],[55.54374999999877,21.67291666666653],[55.54791666666543,21.67291666666653],[55.55624999999873,21.664583333333162],[55.55624999999873,21.660416666666514]]}},{"type":"Feature","properties":{"HYRIV_ID":20888076,"NEXT_DOWN":20888077,"MAIN_RIV":20892193,"LENGTH_KM":12.33,"CATCH_SKM":28.92,"DIS_AV_CMS":0.0,"ORD_STRA":2,"ORD_FLOW":10},"geometry":{"type":"LineString","coordinates":[[54.35624999999874,21.71041666666654],[54.3604166666654,21.714583333333188],[54.36458333333215,21.714583333333188],[54.36874999999873,21.71041666666654],[54.37291666666539,21.71041666666654],[54.38124999999877,21.70208333333317],[54.37708333333211,21.697916666666522],[54.38124999999877,21.69374999999986],[54.385416666665435,21.69374999999986],[54.3895833333321,21.689583333333196],[54.39374999999876,21.689583333333196],[54.397916666665424,21.685416666666548],[54.40208333333209,21.685416666666548],[54.41458333333213,21.67291666666653],[54.42291666666546,21.67291666666653],[54.43541666666542,21.660416666666514],[54.43541666666542,21.65624999999985]]}},{"type":"Feature","properties":{"HYRIV_ID":20888077,"NEXT_DOWN":20887975,"MAIN_RIV":20892193,"LENGTH_KM":4.0500002,"CATCH_SKM":9.58,"DIS_AV_CMS":0.0,"ORD_STRA":3,"ORD_FLOW":10},"geometry":{"type":"LineString","coordinates":[[54.43541666666542,21.65624999999985],[54.443749999998744,21.65624999999985],[54.44791666666541,21.660416666666514],[54.456249999998704,21.660416666666514],[54.46041666666537,21.664583333333162],[54.464583333332115,21.664583333333162],[54.46874999999878,21.668749999999868]]}},{"type":"Feature","properties":{"HYRIV_ID":20888078,"NEXT_DOWN":20888011,"MAIN_RIV":20892193,"LENGTH_KM":5.1700001,"CATCH_SKM":17.76,"DIS_AV_CMS":0.0,"ORD_STRA":2,"ORD_FLOW":10},"geometry":{"type":"LineString","coordinates":[[54.70208333333207,21.65624999999985],[54.668749999998795,21.65624999999985],[54.66041666666541,21.664583333333162],[54.66041666666541,21.668749999999868]]}},{"type":"Feature","properties":{"HYRIV_ID":20888079,"NEXT_DOWN":20887978,"MAIN_RIV":20887902,"LENGTH_KM":6.81,"CATCH_SKM":21.549999,"DIS_AV_CMS":0.0,"ORD_STRA":4,"ORD_FLOW":10},"geometry":{"type":"LineString","coordinates":[[55.55624999999873,21.660416666666514],[55.56458333333205,21.660416666666514],[55.568749999998715,21.65624999999985],[55.57708333333204,21.65624999999985],[55.58958333333209,21.668749999999868],[55.59791666666541,21.668749999999868],[55.602083333332075,21.67291666666653],[55.60624999999871,21.67291666666653],[55.61041666666537,21.668749999999868]]}},{"type":"Feature","properties":{"HYRIV_ID":20888080,"NEXT_DOWN":20887979,"MAIN_RIV":20887902,"LENGTH_KM":2.6400001,"CATCH_SKM":20.35,"DIS_AV_CMS":0.001,"ORD_STRA":1,"ORD_FLOW":9},"geometry":{"type":"LineString","coordinates":[[55.633333333332075,21.65416666666652],[55.62708333333211,21.660416666666514],[55.622916666665446,21.660416666666514],[55.614583333332035,21.668749999999868]]}},{"type":"Feature","properties":{"HYRIV_ID":20888081,"NEXT_DOWN":20887719,"MAIN_RIV":20887902,"LENGTH_KM":5.25,"CATCH_SKM":20.15,"DIS_AV_CMS":0.0,"ORD_STRA":1,"ORD_FLOW":10},"geometry":{"type":"LineString","coordinates":[[55.66874999999877,21.65416666666652],[55.66874999999877,21.660416666666514],[55.65624999999869,21.67291666666653],[55.65624999999869,21.681249999999842],[55.647916666665395,21.689583333333196],[55.647916666665395,21.69374999999986]]}},{"type":"Feature","properties":{"HYRIV_ID":20888112,"NEXT_DOWN":20888078,"MAIN_RIV":20892193,"LENGTH_KM":11.33,"CATCH_SKM":58.66,"DIS_AV_CMS":0.0,"ORD_STRA":1,"ORD_FLOW":10},"geometry":{"type":"LineString","coordinates":[[54.799999999998704,21.65624999999985],[54.79374999999874,21.65624999999985],[54.789583333332075,21.660416666666514],[54.78124999999875,21.652083333333188],[54.74791666666539,21.652083333333188],[54.73958333333209,21.660416666666514],[54.73124999999877,21.660416666666514],[54.727083333332104,21.65624999999985],[54.70208333333207,21.65624999999985]]}},{"type":"Feature","properties":{"HYRIV_ID":20888113,"NEXT_DOWN":20888292,"MAIN_RIV":20892193,"LENGTH_KM":3.08,"CATCH_SKM":19.35,"DIS_AV_CMS":0.0,"ORD_STRA":1,"ORD_FLOW":10},"geometry":{"type":"LineString","coordinates":[[54.96666666666539,21.666666666666494],[54.960416666665395,21.660416666666514],[54.95208333333207,21.660416666666514],[54.94374999999877,21.652083333333188]]}},{"type":"Feature","properties":{"HYRIV_ID":20888114,"NEXT_DOWN":20887586,"MAIN_RIV":20887902,"LENGTH_KM":12.31,"CATCH_SKM":45.880001,"DIS_AV_CMS":0.0,"ORD_STRA":1,"ORD_FLOW":10},"geometry":{"type":"LineString","coordinates":[[55.32916666666543,21.652083333333188],[55.335416666665424,21.652083333333188],[55.35624999999871,21.67291666666653],[55.368749999998755,21.67291666666653],[55.37291666666542,21.67708333333318],[55.37708333333208,21.67708333333318],[55.381249999998744,21.681249999999842],[55.38541666666541,21.681249999999842],[55.39374999999873,21.689583333333196],[55.402083333332115,21.689583333333196],[55.41041666666544,21.697916666666522],[55.414583333332104,21.697916666666522],[55.4229166666654,21.706249999999876]]}},{"type":"Feature","properties":{"HYRIV_ID":20888115,"NEXT_DOWN":20888248,"MAIN_RIV":20887902,"LENGTH_KM":0.69,"CATCH_SKM":12.77,"DIS_AV_CMS":0.0,"ORD_STRA":1,"ORD_FLOW":10},"geometry":{"type":"LineString","coordinates":[[55.414583333332104,21.658333333333182],[55.414583333332104,21.652083333333188]]}},{"type":"Feature","properties":{"HYRIV_ID":20888153,"NEXT_DOWN":20888570,"MAIN_RIV":20892193,"LENGTH_KM":3.46,"CATCH_SKM":21.35,"DIS_AV_CMS":0.0,"ORD_STRA":1,"ORD_FLOW":10},"geometry":{"type":"LineString","coordinates":[[54.029166666665475,21.65624999999985],[54.039583333332104,21.65624999999985],[54.039583333332104,21.652083333333188],[54.04791666666543,21.652083333333188],[54.05208333333209,21.647916666666525],[54.056249999998755,21.647916666666525]]}},{"type":"Feature","properties":{"HYRIV_ID":20888154,"NEXT_DOWN":20888570,"MAIN_RIV":20892193,"LENGTH_KM":8.12,"CATCH_SKM":40.689999,"DIS_AV_CMS":0.0,"ORD_STRA":1,"ORD_FLOW":10},"geometry":{"type":"LineString","coordinates":[[54.00416666666544,21.681249999999842],[54.01874999999873,21.681249999999842],[54.022916666665395,21.67708333333318],[54.031249999998806,21.67708333333318],[54.03541666666547,21.67291666666653],[54.039583333332104,21.67291666666653],[54.05208333333209,21.660416666666514],[54.056249999998755,21.660416666666514],[54.06041666666542,21.65624999999985],[54.06041666666542,21.652083333333188],[54.056249999998755,21.647916666666525]]}},{"type":"Feature","properties":{"HYRIV_ID":20888155,"NEXT_DOWN":20888156,"MAIN_RIV":20892193,"LENGTH_KM":5.75,"CATCH_SKM":11.37,"DIS_AV_CMS":0.0,"ORD_STRA":2,"ORD_FLOW":10},"geometry":{"type":"LineString","coordinates":[[54.37291666666539,21.668749999999868],[54.38124999999877,21.668749999999868],[54.3895833333321,21.660416666666514],[54.40208333333209,21.660416666666514],[54.41041666666547,21.652083333333188],[54.41458333333213,21.652083333333188],[54.418749999998795,21.647916666666525]]}},{"type":"Feature","properties":{"HYRIV_ID":20888156,"NEXT_DOWN":20888077,"MAIN_RIV":20892193,"LENGTH_KM":2.1300001,"CATCH_SKM":3.99,"DIS_AV_CMS":0.0,"ORD_STRA":3,"ORD_FLOW":10},"geometry":{"type":"LineString","coordinates":[[54.418749999998795,21.647916666666525],[54.42291666666546,21.647916666666525],[54.431249999998755,21.65624999999985],[54.43541666666542,21.65624999999985]]}},{"type":"Feature","properties":{"HYRIV_ID":20888201,"NEXT_DOWN":20888156,"MAIN_RIV":20892193,"LENGTH_KM":0.63,"CATCH_SKM":1.6,"DIS_AV_CMS":0.0,"ORD_STRA":2,"ORD_FLOW":10},"geometry":{"type":"LineString","coordinates":[[54.41458333333213,21.643749999999876],[54.418749999998795,21.647916666666525]]}},{"type":"Feature","properties":{"HYRIV_ID":20888202,"NEXT_DOWN":20888324,"MAIN_RIV":20892193,"LENGTH_KM":7.0100002,"CATCH_SKM":17.75,"DIS_AV_CMS":0.0,"ORD_STRA":4,"ORD_FLOW":10},"geometry":{"type":"LineString","coordinates":[[54.58958333333203,21.67291666666653],[54.602083333332104,21.660416666666514],[54.60624999999877,21.660416666666514],[54.614583333332064,21.652083333333188],[54.63541666666546,21.652083333333188],[54.64374999999876,21.643749999999876]]}},{"type":"Feature","properties":{"HYRIV_ID":20888203,"NEXT_DOWN":20888324,"MAIN_RIV":20892193,"LENGTH_KM":2.6500001,"CATCH_SKM":8.1800003,"DIS_AV_CMS":0.0,"ORD_STRA":5,"ORD_FLOW":10},"geometry":{"type":"LineString","coordinates":[[54.65208333333209,21.664583333333162],[54.65208333333209,21.660416666666514],[54.647916666665424,21.65624999999985],[54.647916666665424,21.647916666666525],[54.64374999999876,21.643749999999876]]}},{"type":"Feature","properties":{"HYRIV_ID":20888204,"NEXT_DOWN":20888292,"MAIN_RIV":20892193,"LENGTH_KM":7.1500001,"CATCH_SKM":27.93,"DIS_AV_CMS":0.0,"ORD_STRA":1,"ORD_FLOW":10},"geometry":{"type":"LineString","coordinates":[[55.004166666665384,21.65416666666652],[54.99791666666542,21.647916666666525],[54.98541666666543,21.647916666666525],[54.98124999999877,21.643749999999876],[54.97708333333205,21.647916666666525],[54.947916666665435,21.647916666666525],[54.94374999999877,21.652083333333188]]}},{"type":"Feature","properties":{"HYRIV_ID":20888205,"NEXT_DOWN":20888248,"MAIN_RIV":20887902,"LENGTH_KM":3.6500001,"CATCH_SKM":13.37,"DIS_AV_CMS":0.0,"ORD_STRA":2,"ORD_FLOW":10},"geometry":{"type":"LineString","coordinates":[[55.38958333333207,21.643749999999876],[55.39374999999873,21.643749999999876],[55.39791666666537,21.647916666666525],[55.39791666666537,21.652083333333188],[55.402083333332115,21.65624999999985],[55.41041666666544,21.65624999999985],[55.414583333332104,21.652083333333188]]}},{"type":"Feature","properties":{"HYRIV_ID":20888245,"NEXT_DOWN":20888201,"MAIN_RIV":20892193,"LENGTH_KM":0.69,"CATCH_SKM":10.38,"DIS_AV_CMS":0.0,"ORD_STRA":1,"ORD_FLOW":10},"geometry":{"type":"LineString","coordinates":[[54.41458333333213,21.63749999999984],[54.41458333333213,21.643749999999876]]}},{"type":"Feature","properties":{"HYRIV_ID":20888246,"NEXT_DOWN":20888078,"MAIN_RIV":20892193,"LENGTH_KM":2.25,"CATCH_SKM":13.37,"DIS_AV_CMS":0.0,"ORD_STRA":1,"ORD_FLOW":10},"geometry":{"type":"LineString","coordinates":[[54.70624999999873,21.63749999999984],[54.70624999999873,21.647916666666525],[54.70208333333207,21.652083333333188],[54.70208333333207,21.65624999999985]]}},{"type":"Feature","properties":{"HYRIV_ID":20888247,"NEXT_DOWN":20888205,"MAIN_RIV":20887902,"LENGTH_KM":3.4300001,"CATCH_SKM":17.559999,"DIS_AV_CMS":0.0,"ORD_STRA":1,"ORD_FLOW":10},"geometry":{"type":"LineString","coordinates":[[55.35833333333204,21.63958333333317],[55.381249999998744,21.63958333333317],[55.38541666666541,21.643749999999876],[55.38958333333207,21.643749999999876]]}},{"type":"Feature","properties":{"HYRIV_ID":20888248,"NEXT_DOWN":20888249,"MAIN_RIV":20887902,"LENGTH_KM":2.59,"CATCH_SKM":5.39,"DIS_AV_CMS":0.0,"ORD_STRA":2,"ORD_FLOW":10},"geometry":{"type":"LineString","coordinates":[[55.414583333332104,21.652083333333188],[55.41874999999877,21.647916666666525],[55.41874999999877,21.643749999999876],[55.4229166666654,21.63958333333317],[55.43124999999873,21.63958333333317]]}},{"type":"Feature","properties":{"HYRIV_ID":20888249,"NEXT_DOWN":20888250,"MAIN_RIV":20887902,"LENGTH_KM":3.4200001,"CATCH_SKM":7.7800002,"DIS_AV_CMS":0.0,"ORD_STRA":2,"ORD_FLOW":10},"geometry":{"type":"LineString","coordinates":[[55.43124999999873,21.63958333333317],[55.43541666666539,21.643749999999876],[55.45624999999876,21.643749999999876],[55.460416666665424,21.63958333333317]]}},{"type":"Feature","properties":{"HYRIV_ID":20888250,"NEXT_DOWN":20888049,"MAIN_RIV":20887902,"LENGTH_KM":3.9200001,"CATCH_SKM":11.77,"DIS_AV_CMS":0.0,"ORD_STRA":2,"ORD_FLOW":10},"geometry":{"type":"LineString","coordinates":[[55.460416666665424,21.63958333333317],[55.46458333333209,21.643749999999876],[55.46458333333209,21.647916666666525],[55.46874999999875,21.652083333333188],[55.46874999999875,21.660416666666514],[55.472916666665384,21.664583333333162],[55.46874999999875,21.668749999999868]]}},{"type":"Feature","properties":{"HYRIV_ID":20888292,"NEXT_DOWN":20888326,"MAIN_RIV":20892193,"LENGTH_KM":4.6799998,"CATCH_SKM":13.37,"DIS_AV_CMS":0.0,"ORD_STRA":2,"ORD_FLOW":10},"geometry":{"type":"LineString","coordinates":[[54.94374999999877,21.652083333333188],[54.9229166666654,21.652083333333188],[54.90624999999875,21.635416666666508]]}},{"type":"Feature","properties":{"HYRIV_ID":20888293,"NEXT_DOWN":20888079,"MAIN_RIV":20887902,"LENGTH_KM":3.6300001,"CATCH_SKM":14.56,"DIS_AV_CMS":0.0,"ORD_STRA":4,"ORD_FLOW":10},"geometry":{"type":"LineString","coordinates":[[55.53541666666544,21.635416666666508],[55.539583333332104,21.63958333333317],[55.539583333332104,21.643749999999876],[55.55624999999873,21.660416666666514]]}},{"type":"Feature","properties":{"HYRIV_ID":20888322,"NEXT_DOWN":20888201,"MAIN_RIV":20892193,"LENGTH_KM":38.779999,"CATCH_SKM":96.760002,"DIS_AV_CMS":0.0,"ORD_STRA":2,"ORD_FLOW":10},"geometry":{"type":"LineString","coordinates":[[54.09791666666541,21.685416666666548],[54.10624999999874,21.67708333333318],[54.1104166666654,21.681249999999842],[54.114583333332064,21.67708333333318],[54.1187499999987,21.67708333333318],[54.122916666665446,21.67291666666653],[54.16041666666547,21.67291666666653],[54.16458333333213,21.668749999999868],[54.18541666666542,21.668749999999868],[54.18958333333208,21.664583333333162],[54.19791666666538,21.664583333333162],[54.202083333332126,21.660416666666514],[54.20624999999879,21.660416666666514],[54.21041666666545,21.65624999999985],[54.21874999999878,21.664583333333162],[54.24374999999873,21.664583333333162],[54.24791666666536,21.668749999999868],[54.25624999999877,21.668749999999868],[54.26874999999876,21.65624999999985],[54.28124999999872,21.65624999999985],[54.28541666666547,21.660416666666514],[54.29791666666546,21.647916666666525],[54.306249999998755,21.647916666666525],[54.31041666666542,21.643749999999876],[54.31458333333208,21.647916666666525],[54.318749999998744,21.643749999999876],[54.331249999998704,21.643749999999876],[54.33541666666545,21.63958333333317],[54.339583333332115,21.63958333333317],[54.34374999999878,21.635416666666508],[54.3604166666654,21.635416666666508],[54.36458333333215,21.63124999999986],[54.36874999999873,21.635416666666508],[54.37708333333211,21.635416666666508],[54.38124999999877,21.63124999999986],[54.385416666665435,21.635416666666508],[54.40208333333209,21.635416666666508],[54.40624999999872,21.63958333333317],[54.41041666666547,21.63958333333317],[54.41458333333213,21.643749999999876]]}},{"type":"Feature","properties":{"HYRIV_ID":20888323,"NEXT_DOWN":20887854,"MAIN_RIV":20892193,"LENGTH_KM":12.74,"CATCH_SKM":55.669998,"DIS_AV_CMS":0.0,"ORD_STRA":1,"ORD_FLOW":10},"geometry":{"type":"LineString","coordinates":[[54.44999999999874,21.63333333333319],[54.456249999998704,21.63958333333317],[54.46041666666537,21.63958333333317],[54.464583333332115,21.635416666666508],[54.46874999999878,21.635416666666508],[54.47291666666544,21.63124999999986],[54.477083333332104,21.63124999999986],[54.48124999999877,21.635416666666508],[54.48124999999877,21.63958333333317],[54.489583333332064,21.647916666666525],[54.49374999999873,21.647916666666525],[54.49791666666539,21.652083333333188],[54.50208333333205,21.652083333333188],[54.5062499999988,21.65624999999985],[54.5062499999988,21.664583333333162],[54.51874999999876,21.67708333333318],[54.53124999999875,21.67708333333318],[54.535416666665384,21.681249999999842]]}},{"type":"Feature","properties":{"HYRIV_ID":20888324,"NEXT_DOWN":20889160,"MAIN_RIV":20892193,"LENGTH_KM":1.73,"CATCH_SKM":3.1900001,"DIS_AV_CMS":0.0,"ORD_STRA":5,"ORD_FLOW":10},"geometry":{"type":"LineString","coordinates":[[54.64374999999876,21.643749999999876],[54.64374999999876,21.63958333333317],[54.6395833333321,21.635416666666508],[54.64374999999876,21.63124999999986]]}},{"type":"Feature","properties":{"HYRIV_ID":20888325,"NEXT_DOWN":20888403,"MAIN_RIV":20892193,"LENGTH_KM":3.35,"CATCH_SKM":17.559999,"DIS_AV_CMS":0.0,"ORD_STRA":1,"ORD_FLOW":10},"geometry":{"type":"LineString","coordinates":[[54.86041666666543,21.658333333333182],[54.86041666666543,21.63958333333317],[54.868749999998755,21.63124999999986]]}},{"type":"Feature","properties":{"HYRIV_ID":20888326,"NEXT_DOWN":20888403,"MAIN_RIV":20892193,"LENGTH_KM":7.7399998,"CATCH_SKM":16.16,"DIS_AV_CMS":0.0,"ORD_STRA":2,"ORD_FLOW":10},"geometry":{"type":"LineString","coordinates":[[54.90624999999875,21.635416666666508],[54.90208333333209,21.63124999999986],[54.89374999999879,21.63958333333317],[54.89791666666545,21.643749999999876],[54.89791666666545,21.647916666666525],[54.89374999999879,21.647916666666525],[54.889583333332126,21.652083333333188],[54.88541666666538,21.652083333333188],[54.881249999998715,21.647916666666525],[54.881249999998715,21.63958333333317],[54.87291666666539,21.63124999999986],[54.868749999998755,21.63124999999986]]}},{"type":"Feature","properties":{"HYRIV_ID":20888327,"NEXT_DOWN":20889383,"MAIN_RIV":20892193,"LENGTH_KM":2.48,"CATCH_SKM":16.959999,"DIS_AV_CMS":0.0,"ORD_STRA":1,"ORD_FLOW":10},"geometry":{"type":"LineString","coordinates":[[55.18333333333206,21.645833333333208],[55.177083333332064,21.63958333333317],[55.1729166666654,21.63958333333317],[55.16874999999874,21.635416666666508],[55.16874999999874,21.63124999999986]]}},{"type":"Feature","properties":{"HYRIV_ID":20888328,"NEXT_DOWN":20889383,"MAIN_RIV":20892193,"LENGTH_KM":0.65,"CATCH_SKM":10.78,"DIS_AV_CMS":0.0,"ORD_STRA":1,"ORD_FLOW":10},"geometry":{"type":"LineString","coordinates":[[55.17499999999873,21.63124999999986],[55.16874999999874,21.63124999999986]]}},{"type":"Feature","properties":{"HYRIV_ID":20888329,"NEXT_DOWN":20888205,"MAIN_RIV":20887902,"LENGTH_KM":2.04,"CATCH_SKM":13.77,"DIS_AV_CMS":0.0,"ORD_STRA":1,"ORD_FLOW":10},"geometry":{"type":"LineString","coordinates":[[55.3999999999987,21.629166666666528],[55.38958333333207,21.63958333333317],[55.38958333333207,21.643749999999876]]}},{"type":"Feature","properties":{"HYRIV_ID":20888330,"NEXT_DOWN":20888250,"MAIN_RIV":20887902,"LENGTH_KM":1.33,"CATCH_SKM":13.17,"DIS_AV_CMS":0.0,"ORD_STRA":1,"ORD_FLOW":10},"geometry":{"type":"LineString","coordinates":[[55.46458333333209,21.629166666666528],[55.46458333333209,21.635416666666508],[55.460416666665424,21.63958333333317]]}},{"type":"Feature","properties":{"HYRIV_ID":20888364,"NEXT_DOWN":20888892,"MAIN_RIV":20892193,"LENGTH_KM":4.29,"CATCH_SKM":20.15,"DIS_AV_CMS":0.0,"ORD_STRA":1,"ORD_FLOW":10},"geometry":{"type":"LineString","coordinates":[[54.1624999999988,21.63124999999986],[54.181249999998755,21.63124999999986],[54.18541666666542,21.627083333333196],[54.202083333332126,21.627083333333196]]}},{"type":"Feature","properties":{"HYRIV_ID":20888365,"NEXT_DOWN":20888892,"MAIN_RIV":20892193,"LENGTH_KM":8.3500004,"CATCH_SKM":30.73,"DIS_AV_CMS":0.0,"ORD_STRA":1,"ORD_FLOW":10},"geometry":{"type":"LineString","coordinates":[[54.13749999999877,21.65624999999985],[54.14374999999873,21.65624999999985],[54.147916666665395,21.652083333333188],[54.17291666666543,21.652083333333188],[54.18541666666542,21.63958333333317],[54.193749999998744,21.63958333333317],[54.202083333332126,21.63124999999986],[54.202083333332126,21.627083333333196]]}},{"type":"Feature","properties":{"HYRIV_ID":20888366,"NEXT_DOWN":20888326,"MAIN_RIV":20892193,"LENGTH_KM":3.73,"CATCH_SKM":20.35,"DIS_AV_CMS":0.0,"ORD_STRA":1,"ORD_FLOW":10},"geometry":{"type":"LineString","coordinates":[[54.93749999999878,21.624999999999865],[54.9312499999987,21.63124999999986],[54.91041666666541,21.63124999999986],[54.90624999999875,21.635416666666508]]}},{"type":"Feature","properties":{"HYRIV_ID":20888402,"NEXT_DOWN":20889160,"MAIN_RIV":20892193,"LENGTH_KM":4.27,"CATCH_SKM":25.139999,"DIS_AV_CMS":0.0,"ORD_STRA":1,"ORD_FLOW":10},"geometry":{"type":"LineString","coordinates":[[54.6083333333321,21.627083333333196],[54.61874999999873,21.627083333333196],[54.62291666666539,21.622916666666534],[54.63541666666546,21.622916666666534],[54.64374999999876,21.63124999999986]]}},{"type":"Feature","properties":{"HYRIV_ID":20888403,"NEXT_DOWN":20888615,"MAIN_RIV":20892193,"LENGTH_KM":1.1,"CATCH_SKM":1.4,"DIS_AV_CMS":0.0,"ORD_STRA":2,"ORD_FLOW":10},"geometry":{"type":"LineString","coordinates":[[54.868749999998755,21.63124999999986],[54.86458333333209,21.627083333333196],[54.86458333333209,21.622916666666534]]}},{"type":"Feature","properties":{"HYRIV_ID":20888404,"NEXT_DOWN":20888293,"MAIN_RIV":20887902,"LENGTH_KM":4.1700001,"CATCH_SKM":19.75,"DIS_AV_CMS":0.0,"ORD_STRA":1,"ORD_FLOW":10},"geometry":{"type":"LineString","coordinates":[[55.508333333332075,21.620833333333216],[55.51458333333207,21.627083333333196],[55.51458333333207,21.63124999999986],[55.522916666665395,21.63958333333317],[55.52708333333203,21.63958333333317],[55.53124999999869,21.635416666666508],[55.53541666666544,21.635416666666508]]}},{"type":"Feature","properties":{"HYRIV_ID":20888405,"NEXT_DOWN":20887978,"MAIN_RIV":20887902,"LENGTH_KM":6.04,"CATCH_SKM":13.37,"DIS_AV_CMS":0.0,"ORD_STRA":2,"ORD_FLOW":10},"geometry":{"type":"LineString","coordinates":[[55.59374999999875,21.622916666666534],[55.59791666666541,21.627083333333196],[55.59791666666541,21.647916666666525],[55.602083333332075,21.652083333333188],[55.60624999999871,21.652083333333188],[55.61041666666537,21.65624999999985],[55.61041666666537,21.668749999999868]]}},{"type":"Feature","properties":{"HYRIV_ID":20888437,"NEXT_DOWN":20888615,"MAIN_RIV":20892193,"LENGTH_KM":3.51,"CATCH_SKM":23.950001,"DIS_AV_CMS":0.0,"ORD_STRA":1,"ORD_FLOW":10},"geometry":{"type":"LineString","coordinates":[[54.83749999999873,21.616666666666553],[54.84374999999872,21.622916666666534],[54.85624999999877,21.622916666666534],[54.86041666666543,21.618749999999885],[54.86458333333209,21.622916666666534]]}},{"type":"Feature","properties":{"HYRIV_ID":20888489,"NEXT_DOWN":20888249,"MAIN_RIV":20887902,"LENGTH_KM":3.6900001,"CATCH_SKM":23.75,"DIS_AV_CMS":0.0,"ORD_STRA":1,"ORD_FLOW":10},"geometry":{"type":"LineString","coordinates":[[55.4229166666654,21.612499999999848],[55.4229166666654,21.618749999999885],[55.43541666666539,21.63124999999986],[55.43124999999873,21.635416666666508],[55.43124999999873,21.63958333333317]]}},{"type":"Feature","properties":{"HYRIV_ID":20888490,"NEXT_DOWN":20888405,"MAIN_RIV":20887902,"LENGTH_KM":1.41,"CATCH_SKM":11.77,"DIS_AV_CMS":0.0,"ORD_STRA":1,"ORD_FLOW":10},"geometry":{"type":"LineString","coordinates":[[55.587499999998755,21.612499999999848],[55.59374999999875,21.618749999999885],[55.59374999999875,21.622916666666534]]}},{"type":"Feature","properties":{"HYRIV_ID":20888569,"NEXT_DOWN":20888890,"MAIN_RIV":20892193,"LENGTH_KM":14.74,"CATCH_SKM":42.91,"DIS_AV_CMS":0.0,"ORD_STRA":3,"ORD_FLOW":10},"geometry":{"type":"LineString","coordinates":[[53.960416666665424,21.627083333333196],[53.96458333333209,21.622916666666534],[53.96874999999875,21.622916666666534],[53.97291666666541,21.627083333333196],[53.99374999999878,21.627083333333196],[54.00208333333211,21.618749999999885],[54.01458333333207,21.618749999999885],[54.01874999999873,21.61458333333318],[54.031249999998806,21.61458333333318],[54.03541666666547,21.610416666666517],[54.039583333332104,21.610416666666517],[54.04374999999877,21.61458333333318],[54.056249999998755,21.61458333333318],[54.06458333333205,21.606249999999868],[54.08541666666545,21.606249999999868]]}},{"type":"Feature","properties":{"HYRIV_ID":20888570,"NEXT_DOWN":20888890,"MAIN_RIV":20892193,"LENGTH_KM":8.0600004,"CATCH_SKM":26.940001,"DIS_AV_CMS":0.0,"ORD_STRA":2,"ORD_FLOW":10},"geometry":{"type":"LineString","coordinates":[[54.056249999998755,21.647916666666525],[54.056249999998755,21.635416666666508],[54.06458333333205,21.627083333333196],[54.08541666666545,21.627083333333196],[54.09374999999875,21.618749999999885],[54.09374999999875,21.610416666666517],[54.089583333332115,21.606249999999868],[54.08541666666545,21.606249999999868]]}},{"type":"Feature","properties":{"HYRIV_ID":20888615,"NEXT_DOWN":20888778,"MAIN_RIV":20892193,"LENGTH_KM":7.04,"CATCH_SKM":15.17,"DIS_AV_CMS":0.0,"ORD_STRA":2,"ORD_FLOW":10},"geometry":{"type":"LineString","coordinates":[[54.86458333333209,21.622916666666534],[54.868749999998755,21.618749999999885],[54.89374999999879,21.618749999999885],[54.89791666666545,21.61458333333318],[54.91041666666541,21.61458333333318],[54.9229166666654,21.602083333333205]]}},{"type":"Feature","properties":{"HYRIV_ID":20888616,"NEXT_DOWN":20888779,"MAIN_RIV":20892193,"LENGTH_KM":7.71,"CATCH_SKM":40.509998,"DIS_AV_CMS":0.0,"ORD_STRA":1,"ORD_FLOW":10},"geometry":{"type":"LineString","coordinates":[[55.04374999999874,21.649999999999856],[55.04374999999874,21.643749999999876],[55.03124999999875,21.63124999999986],[55.027083333332115,21.63124999999986],[55.02291666666545,21.627083333333196],[55.02291666666545,21.622916666666534],[55.01041666666538,21.610416666666517],[55.006249999998715,21.610416666666517],[54.99791666666542,21.602083333333205]]}},{"type":"Feature","properties":{"HYRIV_ID":20888617,"NEXT_DOWN":20889087,"MAIN_RIV":20892193,"LENGTH_KM":4.0700002,"CATCH_SKM":22.950001,"DIS_AV_CMS":0.0,"ORD_STRA":1,"ORD_FLOW":10},"geometry":{"type":"LineString","coordinates":[[55.099999999998715,21.63333333333319],[55.08958333333206,21.622916666666534],[55.08958333333206,21.610416666666517],[55.085416666665395,21.606249999999868],[55.085416666665395,21.602083333333205]]}},{"type":"Feature","properties":{"HYRIV_ID":20888618,"NEXT_DOWN":20888405,"MAIN_RIV":20887902,"LENGTH_KM":5.1700001,"CATCH_SKM":20.559999,"DIS_AV_CMS":0.001,"ORD_STRA":1,"ORD_FLOW":9},"geometry":{"type":"LineString","coordinates":[[55.62916666666541,21.59999999999983],[55.622916666665446,21.606249999999868],[55.61874999999878,21.602083333333205],[55.614583333332035,21.602083333333205],[55.59374999999875,21.622916666666534]]}},{"type":"Feature","properties":{"HYRIV_ID":20888652,"NEXT_DOWN":20888777,"MAIN_RIV":20892193,"LENGTH_KM":2.6800001,"CATCH_SKM":15.96,"DIS_AV_CMS":0.0,"ORD_STRA":1,"ORD_FLOW":10},"geometry":{"type":"LineString","coordinates":[[54.56666666666541,21.616666666666553],[54.57291666666541,21.610416666666517],[54.57291666666541,21.606249999999868],[54.58124999999873,21.5979166666665]]}},{"type":"Feature","properties":{"HYRIV_ID":20888653,"NEXT_DOWN":20888777,"MAIN_RIV":20892193,"LENGTH_KM":1.9400001,"CATCH_SKM":22.35,"DIS_AV_CMS":0.0,"ORD_STRA":1,"ORD_FLOW":10},"geometry":{"type":"LineString","coordinates":[[54.59999999999877,21.5979166666665],[54.58124999999873,21.5979166666665]]}},{"type":"Feature","properties":{"HYRIV_ID":20888654,"NEXT_DOWN":20888779,"MAIN_RIV":20892193,"LENGTH_KM":0.63,"CATCH_SKM":0.4,"DIS_AV_CMS":0.0,"ORD_STRA":3,"ORD_FLOW":10},"geometry":{"type":"LineString","coordinates":[[55.00208333333208,21.5979166666665],[54.99791666666542,21.602083333333205]]}},{"type":"Feature","properties":{"HYRIV_ID":20888655,"NEXT_DOWN":20889087,"MAIN_RIV":20892193,"LENGTH_KM":0.95,"CATCH_SKM":11.97,"DIS_AV_CMS":0.0,"ORD_STRA":1,"ORD_FLOW":10},"geometry":{"type":"LineString","coordinates":[[55.09166666666539,21.595833333333168],[55.085416666665395,21.602083333333205]]}},{"type":"Feature","properties":{"HYRIV_ID":20888696,"NEXT_DOWN":20888654,"MAIN_RIV":20892193,"LENGTH_KM":1.81,"CATCH_SKM":12.18,"DIS_AV_CMS":0.0,"ORD_STRA":1,"ORD_FLOW":10},"geometry":{"type":"LineString","coordinates":[[55.01666666666546,21.59166666666652],[55.01041666666538,21.5979166666665],[55.00208333333208,21.5979166666665]]}},{"type":"Feature","properties":{"HYRIV_ID":20888697,"NEXT_DOWN":20888809,"MAIN_RIV":20887902,"LENGTH_KM":9.3900003,"CATCH_SKM":38.110001,"DIS_AV_CMS":0.0,"ORD_STRA":1,"ORD_FLOW":10},"geometry":{"type":"LineString","coordinates":[[55.28749999999877,21.658333333333182],[55.27291666666545,21.643749999999876],[55.27291666666545,21.63958333333317],[55.277083333332115,21.635416666666508],[55.28124999999878,21.635416666666508],[55.289583333332104,21.627083333333196],[55.28541666666544,21.622916666666534],[55.28541666666544,21.61458333333318],[55.277083333332115,21.606249999999868],[55.277083333332115,21.5979166666665],[55.27291666666545,21.59374999999985]]}},{"type":"Feature","properties":{"HYRIV_ID":20888743,"NEXT_DOWN":20889300,"MAIN_RIV":20892193,"LENGTH_KM":22.9,"CATCH_SKM":77.830002,"DIS_AV_CMS":0.0,"ORD_STRA":1,"ORD_FLOW":10},"geometry":{"type":"LineString","coordinates":[[54.24999999999878,21.629166666666528],[54.25624999999877,21.622916666666534],[54.260416666665435,21.622916666666534],[54.26874999999876,21.61458333333318],[54.272916666665424,21.61458333333318],[54.27708333333206,21.610416666666517],[54.28958333333213,21.610416666666517],[54.30208333333209,21.622916666666534],[54.32708333333204,21.622916666666534],[54.33541666666545,21.61458333333318],[54.34791666666544,21.61458333333318],[54.352083333332075,21.610416666666517],[54.35624999999874,21.610416666666517],[54.36458333333215,21.602083333333205],[54.37291666666539,21.602083333333205],[54.385416666665435,21.589583333333188],[54.3895833333321,21.589583333333188],[54.39374999999876,21.59374999999985],[54.40208333333209,21.59374999999985],[54.40624999999872,21.5979166666665],[54.431249999998755,21.5979166666665],[54.43541666666542,21.59374999999985]]}},{"type":"Feature","properties":{"HYRIV_ID":20888744,"NEXT_DOWN":20888894,"MAIN_RIV":20892193,"LENGTH_KM":2.21,"CATCH_SKM":17.360001,"DIS_AV_CMS":0.0,"ORD_STRA":1,"ORD_FLOW":10},"geometry":{"type":"LineString","coordinates":[[54.787499999998744,21.602083333333205],[54.79374999999874,21.602083333333205],[54.79791666666537,21.5979166666665],[54.79791666666537,21.589583333333188]]}},{"type":"Feature","properties":{"HYRIV_ID":20888745,"NEXT_DOWN":20888894,"MAIN_RIV":20892193,"LENGTH_KM":1.71,"CATCH_SKM":16.17,"DIS_AV_CMS":0.0,"ORD_STRA":1,"ORD_FLOW":10},"geometry":{"type":"LineString","coordinates":[[54.81249999999878,21.59374999999985],[54.80208333333212,21.59374999999985],[54.79791666666537,21.589583333333188]]}},{"type":"Feature","properties":{"HYRIV_ID":20888746,"NEXT_DOWN":20888778,"MAIN_RIV":20892193,"LENGTH_KM":2.98,"CATCH_SKM":23.549999,"DIS_AV_CMS":0.0,"ORD_STRA":1,"ORD_FLOW":10},"geometry":{"type":"LineString","coordinates":[[54.899999999998755,21.589583333333188],[54.91041666666541,21.589583333333188],[54.9229166666654,21.602083333333205]]}},{"type":"Feature","properties":{"HYRIV_ID":20888747,"NEXT_DOWN":20888809,"MAIN_RIV":20887902,"LENGTH_KM":4.9099998,"CATCH_SKM":26.74,"DIS_AV_CMS":0.0,"ORD_STRA":1,"ORD_FLOW":10},"geometry":{"type":"LineString","coordinates":[[55.241666666665424,21.589583333333188],[55.24791666666542,21.589583333333188],[55.25208333333208,21.59374999999985],[55.256249999998744,21.589583333333188],[55.268749999998704,21.602083333333205],[55.27291666666545,21.5979166666665],[55.27291666666545,21.59374999999985]]}},{"type":"Feature","properties":{"HYRIV_ID":20888748,"NEXT_DOWN":20888656,"MAIN_RIV":20888332,"LENGTH_KM":2.1300001,"CATCH_SKM":8.58,"DIS_AV_CMS":0.0,"ORD_STRA":3,"ORD_FLOW":10},"geometry":{"type":"LineString","coordinates":[[55.68541666666539,21.589583333333188],[55.693749999998715,21.5979166666665],[55.70208333333204,21.5979166666665]]}},{"type":"Feature","properties":{"HYRIV_ID":20888776,"NEXT_DOWN":20888893,"MAIN_RIV":20892193,"LENGTH_KM":3.6300001,"CATCH_SKM":22.950001,"DIS_AV_CMS":0.0,"ORD_STRA":1,"ORD_FLOW":10},"geometry":{"type":"LineString","coordinates":[[54.545833333332126,21.59374999999985],[54.55208333333212,21.59374999999985],[54.55624999999878,21.589583333333188],[54.568749999998744,21.589583333333188],[54.57291666666541,21.585416666666525],[54.57708333333207,21.585416666666525]]}},{"type":"Feature","properties":{"HYRIV_ID":20888777,"NEXT_DOWN":20888893,"MAIN_RIV":20892193,"LENGTH_KM":1.56,"CATCH_SKM":2.2,"DIS_AV_CMS":0.0,"ORD_STRA":2,"ORD_FLOW":10},"geometry":{"type":"LineString","coordinates":[[54.58124999999873,21.5979166666665],[54.57708333333207,21.59374999999985],[54.57708333333207,21.585416666666525]]}},{"type":"Feature","properties":{"HYRIV_ID":20888778,"NEXT_DOWN":20889086,"MAIN_RIV":20892193,"LENGTH_KM":5.98,"CATCH_SKM":21.75,"DIS_AV_CMS":0.0,"ORD_STRA":2,"ORD_FLOW":10},"geometry":{"type":"LineString","coordinates":[[54.9229166666654,21.602083333333205],[54.95624999999873,21.602083333333205],[54.972916666665384,21.585416666666525]]}},{"type":"Feature","properties":{"HYRIV_ID":20888779,"NEXT_DOWN":20889086,"MAIN_RIV":20892193,"LENGTH_KM":3.6500001,"CATCH_SKM":14.77,"DIS_AV_CMS":0.0,"ORD_STRA":3,"ORD_FLOW":10},"geometry":{"type":"LineString","coordinates":[[54.99791666666542,21.602083333333205],[54.98541666666543,21.602083333333205],[54.98124999999877,21.5979166666665],[54.98124999999877,21.59374999999985],[54.972916666665384,21.585416666666525]]}},{"type":"Feature","properties":{"HYRIV_ID":20888809,"NEXT_DOWN":20889237,"MAIN_RIV":20887902,"LENGTH_KM":1.73,"CATCH_SKM":2.6,"DIS_AV_CMS":0.0,"ORD_STRA":2,"ORD_FLOW":10},"geometry":{"type":"LineString","coordinates":[[55.27291666666545,21.59374999999985],[55.277083333332115,21.589583333333188],[55.27291666666545,21.585416666666525],[55.27291666666545,21.581249999999876]]}},{"type":"Feature","properties":{"HYRIV_ID":20888890,"NEXT_DOWN":20889743,"MAIN_RIV":20892193,"LENGTH_KM":13.22,"CATCH_SKM":29.74,"DIS_AV_CMS":0.0,"ORD_STRA":3,"ORD_FLOW":10},"geometry":{"type":"LineString","coordinates":[[54.08541666666545,21.606249999999868],[54.089583333332115,21.602083333333205],[54.09374999999875,21.602083333333205],[54.09791666666541,21.5979166666665],[54.10624999999874,21.5979166666665],[54.114583333332064,21.589583333333188],[54.1395833333321,21.589583333333188],[54.14374999999873,21.585416666666525],[54.16041666666547,21.585416666666525],[54.16458333333213,21.581249999999876],[54.17291666666543,21.581249999999876],[54.181249999998755,21.572916666666508],[54.18541666666542,21.572916666666508],[54.18958333333208,21.57708333333317],[54.193749999998744,21.572916666666508]]}},{"type":"Feature","properties":{"HYRIV_ID":20888891,"NEXT_DOWN":20889743,"MAIN_RIV":20892193,"LENGTH_KM":10.71,"CATCH_SKM":40.91,"DIS_AV_CMS":0.0,"ORD_STRA":1,"ORD_FLOW":10},"geometry":{"type":"LineString","coordinates":[[54.14999999999873,21.606249999999868],[54.19791666666538,21.606249999999868],[54.214583333332115,21.589583333333188],[54.21041666666545,21.585416666666525],[54.202083333332126,21.585416666666525],[54.19791666666538,21.581249999999876],[54.19791666666538,21.57708333333317],[54.193749999998744,21.572916666666508]]}},{"type":"Feature","properties":{"HYRIV_ID":20888892,"NEXT_DOWN":20889300,"MAIN_RIV":20892193,"LENGTH_KM":30.16,"CATCH_SKM":79.839996,"DIS_AV_CMS":0.0,"ORD_STRA":2,"ORD_FLOW":10},"geometry":{"type":"LineString","coordinates":[[54.202083333332126,21.627083333333196],[54.202083333332126,21.622916666666534],[54.20624999999879,21.618749999999885],[54.227083333332075,21.618749999999885],[54.239583333332064,21.606249999999868],[54.24791666666536,21.606249999999868],[54.25624999999877,21.5979166666665],[54.2645833333321,21.5979166666665],[54.272916666665424,21.589583333333188],[54.28124999999872,21.589583333333188],[54.28541666666547,21.585416666666525],[54.28958333333213,21.585416666666525],[54.293749999998795,21.581249999999876],[54.30208333333209,21.581249999999876],[54.306249999998755,21.57708333333317],[54.31041666666542,21.57708333333317],[54.318749999998744,21.585416666666525],[54.32708333333204,21.585416666666525],[54.331249999998704,21.581249999999876],[54.33541666666545,21.581249999999876],[54.339583333332115,21.57708333333317],[54.34791666666544,21.57708333333317],[54.352083333332075,21.572916666666508],[54.3895833333321,21.572916666666508],[54.39374999999876,21.57708333333317],[54.397916666665424,21.57708333333317],[54.40208333333209,21.572916666666508],[54.40624999999872,21.57708333333317],[54.41041666666547,21.57708333333317],[54.41458333333213,21.572916666666508],[54.418749999998795,21.572916666666508],[54.42291666666546,21.57708333333317],[54.42291666666546,21.585416666666525],[54.42708333333212,21.589583333333188],[54.431249999998755,21.589583333333188],[54.43541666666542,21.59374999999985]]}},{"type":"Feature","properties":{"HYRIV_ID":20888893,"NEXT_DOWN":20889527,"MAIN_RIV":20892193,"LENGTH_KM":1.73,"CATCH_SKM":4.5900002,"DIS_AV_CMS":0.0,"ORD_STRA":2,"ORD_FLOW":10},"geometry":{"type":"LineString","coordinates":[[54.57708333333207,21.585416666666525],[54.57708333333207,21.581249999999876],[54.585416666665395,21.572916666666508]]}},{"type":"Feature","properties":{"HYRIV_ID":20888894,"NEXT_DOWN":20889233,"MAIN_RIV":20892193,"LENGTH_KM":2.36,"CATCH_SKM":3.3900001,"DIS_AV_CMS":0.0,"ORD_STRA":2,"ORD_FLOW":10},"geometry":{"type":"LineString","coordinates":[[54.79791666666537,21.589583333333188],[54.79791666666537,21.585416666666525],[54.78541666666541,21.572916666666508]]}},{"type":"Feature","properties":{"HYRIV_ID":20888895,"NEXT_DOWN":20888748,"MAIN_RIV":20888332,"LENGTH_KM":2.08,"CATCH_SKM":13.18,"DIS_AV_CMS":0.0,"ORD_STRA":1,"ORD_FLOW":10},"geometry":{"type":"LineString","coordinates":[[55.68541666666539,21.570833333333177],[55.68541666666539,21.589583333333188]]}},{"type":"Feature","properties":{"HYRIV_ID":20889036,"NEXT_DOWN":20889527,"MAIN_RIV":20892193,"LENGTH_KM":4.3400002,"CATCH_SKM":24.16,"DIS_AV_CMS":0.0,"ORD_STRA":1,"ORD_FLOW":10},"geometry":{"type":"LineString","coordinates":[[54.616666666665395,21.55833333333316],[54.59791666666544,21.57708333333317],[54.59374999999878,21.57708333333317],[54.58958333333203,21.572916666666508],[54.585416666665395,21.572916666666508]]}},{"type":"Feature","properties":{"HYRIV_ID":20889037,"NEXT_DOWN":20889161,"MAIN_RIV":20887902,"LENGTH_KM":8.0200005,"CATCH_SKM":51.900002,"DIS_AV_CMS":0.0,"ORD_STRA":1,"ORD_FLOW":10},"geometry":{"type":"LineString","coordinates":[[55.32083333333202,21.585416666666525],[55.3270833333321,21.585416666666525],[55.335416666665424,21.59374999999985],[55.35208333333205,21.59374999999985],[55.35624999999871,21.589583333333188],[55.35624999999871,21.581249999999876],[55.36458333333212,21.572916666666508],[55.36458333333212,21.564583333333196],[55.368749999998755,21.560416666666534]]}},{"type":"Feature","properties":{"HYRIV_ID":20889038,"NEXT_DOWN":20889161,"MAIN_RIV":20887902,"LENGTH_KM":5.7,"CATCH_SKM":22.16,"DIS_AV_CMS":0.0,"ORD_STRA":1,"ORD_FLOW":10},"geometry":{"type":"LineString","coordinates":[[55.404166666665446,21.579166666666545],[55.39791666666537,21.585416666666525],[55.38541666666541,21.585416666666525],[55.37708333333208,21.57708333333317],[55.37708333333208,21.56874999999986],[55.368749999998755,21.560416666666534]]}},{"type":"Feature","properties":{"HYRIV_ID":20889039,"NEXT_DOWN":20888293,"MAIN_RIV":20887902,"LENGTH_KM":14.49,"CATCH_SKM":52.490002,"DIS_AV_CMS":0.0,"ORD_STRA":4,"ORD_FLOW":10},"geometry":{"type":"LineString","coordinates":[[55.43541666666539,21.560416666666534],[55.45624999999876,21.581249999999876],[55.460416666665424,21.581249999999876],[55.472916666665384,21.59374999999985],[55.47708333333205,21.59374999999985],[55.48124999999871,21.5979166666665],[55.489583333332035,21.5979166666665],[55.49374999999878,21.602083333333205],[55.497916666665446,21.602083333333205],[55.50208333333208,21.606249999999868],[55.51458333333207,21.606249999999868],[55.51874999999873,21.610416666666517],[55.51874999999873,21.61458333333318],[55.53541666666544,21.63124999999986],[55.53541666666544,21.635416666666508]]}},{"type":"Feature","properties":{"HYRIV_ID":20889040,"NEXT_DOWN":20888748,"MAIN_RIV":20888332,"LENGTH_KM":7.25,"CATCH_SKM":28.74,"DIS_AV_CMS":0.0,"ORD_STRA":3,"ORD_FLOW":10},"geometry":{"type":"LineString","coordinates":[[55.63541666666541,21.560416666666534],[55.64374999999873,21.56874999999986],[55.647916666665395,21.56874999999986],[55.65624999999869,21.57708333333317],[55.65624999999869,21.581249999999876],[55.660416666665355,21.585416666666525],[55.664583333332104,21.585416666666525],[55.67291666666543,21.59374999999985],[55.67708333333209,21.59374999999985],[55.68124999999873,21.589583333333188],[55.68541666666539,21.589583333333188]]}},{"type":"Feature","properties":{"HYRIV_ID":20889084,"NEXT_DOWN":20889200,"MAIN_RIV":20892193,"LENGTH_KM":12.09,"CATCH_SKM":35.93,"DIS_AV_CMS":0.0,"ORD_STRA":1,"ORD_FLOW":10},"geometry":{"type":"LineString","coordinates":[[54.054166666665424,21.57708333333317],[53.989583333332035,21.57708333333317],[53.9854166666654,21.572916666666508],[53.9854166666654,21.56874999999986],[53.960416666665424,21.56874999999986],[53.952083333332126,21.560416666666534],[53.952083333332126,21.556249999999842]]}},{"type":"Feature","properties":{"HYRIV_ID":20889085,"NEXT_DOWN":20889233,"MAIN_RIV":20892193,"LENGTH_KM":7.56,"CATCH_SKM":25.35,"DIS_AV_CMS":0.0,"ORD_STRA":1,"ORD_FLOW":10},"geometry":{"type":"LineString","coordinates":[[54.84583333333205,21.554166666666553],[54.83958333333206,21.560416666666534],[54.83541666666548,21.560416666666534],[54.83124999999873,21.556249999999842],[54.82291666666541,21.564583333333196],[54.810416666665446,21.564583333333196],[54.80624999999878,21.56874999999986],[54.79374999999874,21.56874999999986],[54.789583333332075,21.572916666666508],[54.78541666666541,21.572916666666508]]}},{"type":"Feature","properties":{"HYRIV_ID":20889086,"NEXT_DOWN":20889714,"MAIN_RIV":20892193,"LENGTH_KM":3.4100001,"CATCH_SKM":14.37,"DIS_AV_CMS":0.0,"ORD_STRA":3,"ORD_FLOW":10},"geometry":{"type":"LineString","coordinates":[[54.972916666665384,21.585416666666525],[54.96874999999872,21.581249999999876],[54.96874999999872,21.556249999999842]]}},{"type":"Feature","properties":{"HYRIV_ID":20889087,"NEXT_DOWN":20889277,"MAIN_RIV":20892193,"LENGTH_KM":6.54,"CATCH_SKM":16.370001,"DIS_AV_CMS":0.0,"ORD_STRA":2,"ORD_FLOW":10},"geometry":{"type":"LineString","coordinates":[[55.085416666665395,21.602083333333205],[55.06874999999877,21.585416666666525],[55.06458333333211,21.585416666666525],[55.06041666666536,21.581249999999876],[55.06041666666536,21.560416666666534],[55.06458333333211,21.556249999999842]]}},{"type":"Feature","properties":{"HYRIV_ID":20889088,"NEXT_DOWN":20889277,"MAIN_RIV":20892193,"LENGTH_KM":0.95,"CATCH_SKM":13.57,"DIS_AV_CMS":0.0,"ORD_STRA":1,"ORD_FLOW":10},"geometry":{"type":"LineString","coordinates":[[55.070833333332104,21.562499999999865],[55.06458333333211,21.556249999999842]]}},{"type":"Feature","properties":{"HYRIV_ID":20889089,"NEXT_DOWN":20889237,"MAIN_RIV":20887902,"LENGTH_KM":7.29,"CATCH_SKM":25.15,"DIS_AV_CMS":0.0,"ORD_STRA":1,"ORD_FLOW":10},"geometry":{"type":"LineString","coordinates":[[55.22916666666538,21.566666666666528],[55.23541666666537,21.560416666666534],[55.23541666666537,21.556249999999842],[55.23958333333209,21.556249999999842],[55.243749999998755,21.560416666666534],[55.243749999998755,21.56874999999986],[55.26458333333204,21.56874999999986],[55.27291666666545,21.57708333333317],[55.27291666666545,21.581249999999876]]}},{"type":"Feature","properties":{"HYRIV_ID":20889090,"NEXT_DOWN":20889040,"MAIN_RIV":20888332,"LENGTH_KM":3.4200001,"CATCH_SKM":14.77,"DIS_AV_CMS":0.0,"ORD_STRA":2,"ORD_FLOW":10},"geometry":{"type":"LineString","coordinates":[[55.60624999999871,21.560416666666534],[55.61874999999878,21.560416666666534],[55.622916666665446,21.556249999999842],[55.62708333333211,21.556249999999842],[55.631249999998744,21.560416666666534],[55.63541666666541,21.560416666666534]]}},{"type":"Feature","properties":{"HYRIV_ID":20889129,"NEXT_DOWN":20889090,"MAIN_RIV":20888332,"LENGTH_KM":13.57,"CATCH_SKM":60.889999,"DIS_AV_CMS":0.0,"ORD_STRA":1,"ORD_FLOW":10},"geometry":{"type":"LineString","coordinates":[[55.508333333332075,21.549999999999848],[55.51458333333207,21.556249999999842],[55.51874999999873,21.556249999999842],[55.522916666665395,21.560416666666534],[55.522916666665395,21.564583333333196],[55.52708333333203,21.56874999999986],[55.53124999999869,21.56874999999986],[55.54374999999877,21.581249999999876],[55.56458333333205,21.581249999999876],[55.568749999998715,21.585416666666525],[55.57708333333204,21.585416666666525],[55.581249999998676,21.581249999999876],[55.585416666665424,21.581249999999876],[55.59374999999875,21.572916666666508],[55.59374999999875,21.56874999999986],[55.602083333332075,21.560416666666534],[55.60624999999871,21.560416666666534]]}},{"type":"Feature","properties":{"HYRIV_ID":20889159,"NEXT_DOWN":20889338,"MAIN_RIV":20892193,"LENGTH_KM":8.0900002,"CATCH_SKM":36.130001,"DIS_AV_CMS":0.0,"ORD_STRA":1,"ORD_FLOW":10},"geometry":{"type":"LineString","coordinates":[[54.670833333332126,21.57708333333317],[54.68124999999878,21.57708333333317],[54.693749999998744,21.564583333333196],[54.69791666666541,21.564583333333196],[54.70208333333207,21.560416666666534],[54.70624999999873,21.560416666666534],[54.710416666665395,21.556249999999842],[54.722916666665355,21.556249999999842],[54.727083333332104,21.552083333333222],[54.73124999999877,21.552083333333222],[54.73541666666543,21.547916666666517]]}},{"type":"Feature","properties":{"HYRIV_ID":20889160,"NEXT_DOWN":20889338,"MAIN_RIV":20892193,"LENGTH_KM":17.129999,"CATCH_SKM":53.889999,"DIS_AV_CMS":0.0,"ORD_STRA":5,"ORD_FLOW":10},"geometry":{"type":"LineString","coordinates":[[54.64374999999876,21.63124999999986],[54.647916666665424,21.627083333333196],[54.65208333333209,21.627083333333196],[54.66041666666541,21.618749999999885],[54.668749999998795,21.618749999999885],[54.67291666666546,21.622916666666534],[54.68124999999878,21.61458333333318],[54.68124999999878,21.606249999999868],[54.685416666665446,21.602083333333205],[54.68958333333211,21.602083333333205],[54.693749999998744,21.5979166666665],[54.70208333333207,21.5979166666665],[54.70624999999873,21.59374999999985],[54.722916666665355,21.59374999999985],[54.727083333332104,21.589583333333188],[54.73124999999877,21.589583333333188],[54.73541666666543,21.585416666666525],[54.73541666666543,21.57708333333317],[54.73958333333209,21.572916666666508],[54.73958333333209,21.552083333333222],[54.73541666666543,21.547916666666517]]}},{"type":"Feature","properties":{"HYRIV_ID":20889161,"NEXT_DOWN":20889429,"MAIN_RIV":20887902,"LENGTH_KM":1.39,"CATCH_SKM":2.79,"DIS_AV_CMS":0.0,"ORD_STRA":2,"ORD_FLOW":10},"geometry":{"type":"LineString","coordinates":[[55.368749999998755,21.560416666666534],[55.368749999998755,21.547916666666517]]}},{"type":"Feature","properties":{"HYRIV_ID":20889201,"NEXT_DOWN":20889274,"MAIN_RIV":20892193,"LENGTH_KM":2.84,"CATCH_SKM":16.57,"DIS_AV_CMS":0.0,"ORD_STRA":1,"ORD_FLOW":10},"geometry":{"type":"LineString","coordinates":[[54.01249999999874,21.560416666666534],[54.00624999999877,21.560416666666534],[54.00208333333211,21.556249999999842],[54.00208333333211,21.547916666666517],[53.997916666665446,21.543749999999854]]}},{"type":"Feature","properties":{"HYRIV_ID":20889202,"NEXT_DOWN":20889483,"MAIN_RIV":20892193,"LENGTH_KM":6.2399998,"CATCH_SKM":18.17,"DIS_AV_CMS":0.0,"ORD_STRA":2,"ORD_FLOW":10},"geometry":{"type":"LineString","coordinates":[[54.07291666666546,21.543749999999854],[54.077083333332126,21.547916666666517],[54.13124999999877,21.547916666666517]]}},{"type":"Feature","properties":{"HYRIV_ID":20889203,"NEXT_DOWN":20889090,"MAIN_RIV":20888332,"LENGTH_KM":3.01,"CATCH_SKM":21.559999,"DIS_AV_CMS":0.001,"ORD_STRA":1,"ORD_FLOW":9},"geometry":{"type":"LineString","coordinates":[[55.587499999998755,21.543749999999854],[55.59374999999875,21.543749999999854],[55.60624999999871,21.556249999999842],[55.60624999999871,21.560416666666534]]}},{"type":"Feature","properties":{"HYRIV_ID":20889233,"NEXT_DOWN":20889301,"MAIN_RIV":20892193,"LENGTH_KM":4.48,"CATCH_SKM":19.959999,"DIS_AV_CMS":0.0,"ORD_STRA":2,"ORD_FLOW":10},"geometry":{"type":"LineString","coordinates":[[54.78541666666541,21.572916666666508],[54.78124999999875,21.572916666666508],[54.772916666665424,21.564583333333196],[54.772916666665424,21.539583333333205]]}},{"type":"Feature","properties":{"HYRIV_ID":20889234,"NEXT_DOWN":20889301,"MAIN_RIV":20892193,"LENGTH_KM":3.9400001,"CATCH_SKM":18.77,"DIS_AV_CMS":0.0,"ORD_STRA":1,"ORD_FLOW":10},"geometry":{"type":"LineString","coordinates":[[54.80416666666545,21.541666666666536],[54.79791666666537,21.547916666666517],[54.78541666666541,21.547916666666517],[54.77708333333209,21.539583333333205],[54.772916666665424,21.539583333333205]]}},{"type":"Feature","properties":{"HYRIV_ID":20889235,"NEXT_DOWN":20889714,"MAIN_RIV":20892193,"LENGTH_KM":9.9799995,"CATCH_SKM":48.52,"DIS_AV_CMS":0.0,"ORD_STRA":1,"ORD_FLOW":10},"geometry":{"type":"LineString","coordinates":[[54.887499999998795,21.537499999999874],[54.89374999999879,21.543749999999854],[54.89374999999879,21.547916666666517],[54.89791666666545,21.552083333333222],[54.90208333333209,21.552083333333222],[54.90624999999875,21.556249999999842],[54.960416666665395,21.556249999999842],[54.96458333333206,21.552083333333222],[54.96874999999872,21.556249999999842]]}},{"type":"Feature","properties":{"HYRIV_ID":20889236,"NEXT_DOWN":20888654,"MAIN_RIV":20892193,"LENGTH_KM":9.83,"CATCH_SKM":24.549999,"DIS_AV_CMS":0.0,"ORD_STRA":3,"ORD_FLOW":10},"geometry":{"type":"LineString","coordinates":[[55.04374999999874,21.539583333333205],[55.04374999999874,21.543749999999854],[55.039583333332075,21.547916666666517],[55.04374999999874,21.552083333333222],[55.04374999999874,21.556249999999842],[55.039583333332075,21.560416666666534],[55.039583333332075,21.56874999999986],[55.03541666666541,21.572916666666508],[55.03124999999875,21.572916666666508],[55.027083333332115,21.57708333333317],[55.01041666666538,21.57708333333317],[55.00208333333208,21.585416666666525],[55.00208333333208,21.5979166666665]]}},{"type":"Feature","properties":{"HYRIV_ID":20889237,"NEXT_DOWN":20889429,"MAIN_RIV":20887902,"LENGTH_KM":12.86,"CATCH_SKM":55.900002,"DIS_AV_CMS":0.0,"ORD_STRA":2,"ORD_FLOW":10},"geometry":{"type":"LineString","coordinates":[[55.27291666666545,21.581249999999876],[55.289583333332104,21.564583333333196],[55.289583333332104,21.560416666666534],[55.302083333332064,21.547916666666517],[55.302083333332064,21.543749999999854],[55.30624999999873,21.539583333333205],[55.35624999999871,21.539583333333205],[55.36458333333212,21.547916666666517],[55.368749999998755,21.547916666666517]]}},{"type":"Feature","properties":{"HYRIV_ID":20889238,"NEXT_DOWN":20889039,"MAIN_RIV":20887902,"LENGTH_KM":5.79,"CATCH_SKM":34.150002,"DIS_AV_CMS":0.0,"ORD_STRA":1,"ORD_FLOW":10},"geometry":{"type":"LineString","coordinates":[[55.46666666666542,21.537499999999874],[55.460416666665424,21.543749999999854],[55.45624999999876,21.539583333333205],[55.43958333333205,21.539583333333205],[55.43541666666539,21.543749999999854],[55.43541666666539,21.560416666666534]]}},{"type":"Feature","properties":{"HYRIV_ID":20889274,"NEXT_DOWN":20889202,"MAIN_RIV":20892193,"LENGTH_KM":8.5600004,"CATCH_SKM":19.969999,"DIS_AV_CMS":0.0,"ORD_STRA":2,"ORD_FLOW":10},"geometry":{"type":"LineString","coordinates":[[53.997916666665446,21.543749999999854],[54.00624999999877,21.535416666666542],[54.06041666666542,21.535416666666542],[54.06458333333205,21.539583333333205],[54.068749999998715,21.539583333333205],[54.07291666666546,21.543749999999854]]}},{"type":"Feature","properties":{"HYRIV_ID":20889275,"NEXT_DOWN":20889483,"MAIN_RIV":20892193,"LENGTH_KM":3.9400001,"CATCH_SKM":21.17,"DIS_AV_CMS":0.0,"ORD_STRA":1,"ORD_FLOW":10},"geometry":{"type":"LineString","coordinates":[[54.1624999999988,21.533333333333168],[54.156249999998806,21.539583333333205],[54.15208333333206,21.539583333333205],[54.147916666665395,21.543749999999854],[54.1395833333321,21.543749999999854],[54.135416666665435,21.547916666666517],[54.13124999999877,21.547916666666517]]}},{"type":"Feature","properties":{"HYRIV_ID":20889276,"NEXT_DOWN":20889236,"MAIN_RIV":20892193,"LENGTH_KM":0.63,"CATCH_SKM":0.6,"DIS_AV_CMS":0.0,"ORD_STRA":3,"ORD_FLOW":10},"geometry":{"type":"LineString","coordinates":[[55.0479166666654,21.535416666666542],[55.04374999999874,21.539583333333205]]}},{"type":"Feature","properties":{"HYRIV_ID":20889277,"NEXT_DOWN":20889276,"MAIN_RIV":20892193,"LENGTH_KM":2.99,"CATCH_SKM":6.79,"DIS_AV_CMS":0.0,"ORD_STRA":2,"ORD_FLOW":10},"geometry":{"type":"LineString","coordinates":[[55.06458333333211,21.556249999999842],[55.06458333333211,21.552083333333222],[55.0479166666654,21.535416666666542]]}},{"type":"Feature","properties":{"HYRIV_ID":20889300,"NEXT_DOWN":20889907,"MAIN_RIV":20892193,"LENGTH_KM":10.09,"CATCH_SKM":28.549999,"DIS_AV_CMS":0.0,"ORD_STRA":2,"ORD_FLOW":10},"geometry":{"type":"LineString","coordinates":[[54.43541666666542,21.59374999999985],[54.443749999998744,21.59374999999985],[54.44791666666541,21.5979166666665],[54.464583333332115,21.581249999999876],[54.464583333332115,21.564583333333196],[54.46041666666537,21.560416666666534],[54.46041666666537,21.552083333333222],[54.464583333332115,21.547916666666517],[54.464583333332115,21.543749999999854],[54.46041666666537,21.539583333333205],[54.46041666666537,21.531249999999837]]}},{"type":"Feature","properties":{"HYRIV_ID":20889301,"NEXT_DOWN":20889339,"MAIN_RIV":20892193,"LENGTH_KM":0.93,"CATCH_SKM":0.8,"DIS_AV_CMS":0.0,"ORD_STRA":2,"ORD_FLOW":10},"geometry":{"type":"LineString","coordinates":[[54.772916666665424,21.539583333333205],[54.772916666665424,21.531249999999837]]}},{"type":"Feature","properties":{"HYRIV_ID":20889337,"NEXT_DOWN":20889907,"MAIN_RIV":20892193,"LENGTH_KM":1.58,"CATCH_SKM":11.98,"DIS_AV_CMS":0.0,"ORD_STRA":1,"ORD_FLOW":10},"geometry":{"type":"LineString","coordinates":[[54.44999999999874,21.533333333333168],[54.456249999998704,21.527083333333188],[54.46041666666537,21.531249999999837]]}},{"type":"Feature","properties":{"HYRIV_ID":20889338,"NEXT_DOWN":20889626,"MAIN_RIV":20892193,"LENGTH_KM":5.3200002,"CATCH_SKM":21.16,"DIS_AV_CMS":0.0,"ORD_STRA":5,"ORD_FLOW":10},"geometry":{"type":"LineString","coordinates":[[54.73541666666543,21.547916666666517],[54.73124999999877,21.543749999999854],[54.73958333333209,21.535416666666542],[54.76041666666546,21.535416666666542],[54.76874999999876,21.527083333333188]]}},{"type":"Feature","properties":{"HYRIV_ID":20889339,"NEXT_DOWN":20889626,"MAIN_RIV":20892193,"LENGTH_KM":0.63,"CATCH_SKM":2.0,"DIS_AV_CMS":0.0,"ORD_STRA":2,"ORD_FLOW":10},"geometry":{"type":"LineString","coordinates":[[54.772916666665424,21.531249999999837],[54.76874999999876,21.527083333333188]]}},{"type":"Feature","properties":{"HYRIV_ID":20889383,"NEXT_DOWN":20889276,"MAIN_RIV":20892193,"LENGTH_KM":23.8,"CATCH_SKM":83.449997,"DIS_AV_CMS":0.0,"ORD_STRA":2,"ORD_FLOW":10},"geometry":{"type":"LineString","coordinates":[[55.16874999999874,21.63124999999986],[55.16041666666541,21.63124999999986],[55.15624999999878,21.635416666666508],[55.152083333332115,21.635416666666508],[55.14374999999879,21.627083333333196],[55.14374999999879,21.610416666666517],[55.13958333333204,21.606249999999868],[55.13958333333204,21.5979166666665],[55.13541666666538,21.59374999999985],[55.13541666666538,21.589583333333188],[55.131249999998744,21.585416666666525],[55.131249999998744,21.564583333333196],[55.12708333333208,21.560416666666534],[55.12291666666542,21.560416666666534],[55.118749999998755,21.556249999999842],[55.118749999998755,21.547916666666517],[55.11458333333209,21.543749999999854],[55.11458333333209,21.539583333333205],[55.11041666666543,21.535416666666542],[55.11458333333209,21.531249999999837],[55.11458333333209,21.527083333333188],[55.11041666666543,21.522916666666525],[55.072916666665435,21.522916666666525],[55.06874999999877,21.527083333333188],[55.06041666666536,21.527083333333188],[55.0562499999987,21.531249999999837],[55.052083333332064,21.531249999999837],[55.0479166666654,21.535416666666542]]}},{"type":"Feature","properties":{"HYRIV_ID":20889384,"NEXT_DOWN":20889039,"MAIN_RIV":20887902,"LENGTH_KM":6.0500002,"CATCH_SKM":11.78,"DIS_AV_CMS":0.0,"ORD_STRA":4,"ORD_FLOW":10},"geometry":{"type":"LineString","coordinates":[[55.402083333332115,21.522916666666525],[55.402083333332115,21.531249999999837],[55.40624999999878,21.535416666666542],[55.40624999999878,21.539583333333205],[55.41874999999877,21.552083333333222],[55.4229166666654,21.552083333333222],[55.43124999999873,21.560416666666534],[55.43541666666539,21.560416666666534]]}},{"type":"Feature","properties":{"HYRIV_ID":20889428,"NEXT_DOWN":20889484,"MAIN_RIV":20887902,"LENGTH_KM":24.4,"CATCH_SKM":76.830002,"DIS_AV_CMS":0.0,"ORD_STRA":1,"ORD_FLOW":10},"geometry":{"type":"LineString","coordinates":[[55.23958333333209,21.63749999999984],[55.23958333333209,21.65624999999985],[55.243749999998755,21.660416666666514],[55.243749999998755,21.664583333333162],[55.23958333333209,21.668749999999868],[55.23124999999871,21.668749999999868],[55.21874999999872,21.65624999999985],[55.21874999999872,21.652083333333188],[55.20624999999876,21.63958333333317],[55.20624999999876,21.635416666666508],[55.19374999999877,21.622916666666534],[55.19374999999877,21.610416666666517],[55.189583333332024,21.606249999999868],[55.189583333332024,21.589583333333188],[55.18541666666539,21.585416666666525],[55.18541666666539,21.581249999999876],[55.18124999999873,21.57708333333317],[55.18124999999873,21.56874999999986],[55.177083333332064,21.564583333333196],[55.177083333332064,21.556249999999842],[55.1729166666654,21.552083333333222],[55.177083333332064,21.547916666666517],[55.177083333332064,21.539583333333205],[55.164583333332075,21.527083333333188],[55.164583333332075,21.518749999999862]]}},{"type":"Feature","properties":{"HYRIV_ID":20889429,"NEXT_DOWN":20889430,"MAIN_RIV":20887902,"LENGTH_KM":5.21,"CATCH_SKM":10.38,"DIS_AV_CMS":0.0,"ORD_STRA":3,"ORD_FLOW":10},"geometry":{"type":"LineString","coordinates":[[55.368749999998755,21.547916666666517],[55.37291666666542,21.543749999999854],[55.37708333333208,21.543749999999854],[55.38541666666541,21.535416666666542],[55.38541666666541,21.522916666666525],[55.38958333333207,21.518749999999862],[55.39791666666537,21.518749999999862]]}},{"type":"Feature","properties":{"HYRIV_ID":20889430,"NEXT_DOWN":20889384,"MAIN_RIV":20887902,"LENGTH_KM":0.63,"CATCH_SKM":0.8,"DIS_AV_CMS":0.0,"ORD_STRA":4,"ORD_FLOW":10},"geometry":{"type":"LineString","coordinates":[[55.39791666666537,21.518749999999862],[55.402083333332115,21.522916666666525]]}},{"type":"Feature","properties":{"HYRIV_ID":20889431,"NEXT_DOWN":20889384,"MAIN_RIV":20887902,"LENGTH_KM":1.28,"CATCH_SKM":12.98,"DIS_AV_CMS":0.0,"ORD_STRA":1,"ORD_FLOW":10},"geometry":{"type":"LineString","coordinates":[[55.41249999999877,21.518749999999862],[55.40624999999878,21.518749999999862],[55.402083333332115,21.522916666666525]]}},{"type":"Feature","properties":{"HYRIV_ID":20889483,"NEXT_DOWN":20890075,"MAIN_RIV":20892193,"LENGTH_KM":17.540001,"CATCH_SKM":41.73,"DIS_AV_CMS":0.0,"ORD_STRA":2,"ORD_FLOW":10},"geometry":{"type":"LineString","coordinates":[[54.13124999999877,21.547916666666517],[54.135416666665435,21.552083333333222],[54.135416666665435,21.560416666666534],[54.1395833333321,21.564583333333196],[54.16041666666547,21.564583333333196],[54.16458333333213,21.560416666666534],[54.18541666666542,21.560416666666534],[54.202083333332126,21.543749999999854],[54.20624999999879,21.543749999999854],[54.227083333332075,21.522916666666525],[54.24374999999873,21.522916666666525],[54.24791666666536,21.518749999999862],[54.260416666665435,21.518749999999862],[54.2645833333321,21.514583333333213]]}},{"type":"Feature","properties":{"HYRIV_ID":20889484,"NEXT_DOWN":20889746,"MAIN_RIV":20887902,"LENGTH_KM":3.22,"CATCH_SKM":8.79,"DIS_AV_CMS":0.0,"ORD_STRA":2,"ORD_FLOW":10},"geometry":{"type":"LineString","coordinates":[[55.164583333332075,21.518749999999862],[55.16874999999874,21.514583333333213],[55.19374999999877,21.514583333333213]]}},{"type":"Feature","properties":{"HYRIV_ID":20889485,"NEXT_DOWN":20889746,"MAIN_RIV":20887902,"LENGTH_KM":3.35,"CATCH_SKM":20.17,"DIS_AV_CMS":0.0,"ORD_STRA":1,"ORD_FLOW":10},"geometry":{"type":"LineString","coordinates":[[55.2020833333321,21.541666666666536],[55.2020833333321,21.527083333333188],[55.19374999999877,21.518749999999862],[55.19374999999877,21.514583333333213]]}},{"type":"Feature","properties":{"HYRIV_ID":20889526,"NEXT_DOWN":20889668,"MAIN_RIV":20892193,"LENGTH_KM":15.68,"CATCH_SKM":61.889999,"DIS_AV_CMS":0.0,"ORD_STRA":1,"ORD_FLOW":10},"geometry":{"type":"LineString","coordinates":[[54.49999999999872,21.587499999999856],[54.5062499999988,21.581249999999876],[54.522916666665424,21.581249999999876],[54.52708333333209,21.57708333333317],[54.53124999999875,21.57708333333317],[54.543749999998795,21.564583333333196],[54.543749999998795,21.560416666666534],[54.54791666666546,21.556249999999842],[54.54791666666546,21.552083333333222],[54.56458333333208,21.535416666666542],[54.57708333333207,21.535416666666542],[54.58958333333203,21.522916666666525],[54.59374999999878,21.522916666666525],[54.602083333332104,21.514583333333213],[54.60624999999877,21.514583333333213],[54.61041666666543,21.510416666666508]]}},{"type":"Feature","properties":{"HYRIV_ID":20889527,"NEXT_DOWN":20889668,"MAIN_RIV":20892193,"LENGTH_KM":8.3,"CATCH_SKM":18.77,"DIS_AV_CMS":0.0,"ORD_STRA":2,"ORD_FLOW":10},"geometry":{"type":"LineString","coordinates":[[54.585416666665395,21.572916666666508],[54.59374999999878,21.564583333333196],[54.59374999999878,21.547916666666517],[54.614583333332064,21.527083333333188],[54.614583333332064,21.514583333333213],[54.61041666666543,21.510416666666508]]}},{"type":"Feature","properties":{"HYRIV_ID":20889528,"NEXT_DOWN":20889339,"MAIN_RIV":20892193,"LENGTH_KM":7.1599998,"CATCH_SKM":27.559999,"DIS_AV_CMS":0.0,"ORD_STRA":1,"ORD_FLOW":10},"geometry":{"type":"LineString","coordinates":[[54.82499999999874,21.508333333333177],[54.81874999999877,21.514583333333213],[54.81458333333211,21.514583333333213],[54.810416666665446,21.518749999999862],[54.80208333333212,21.518749999999862],[54.79791666666537,21.522916666666525],[54.79791666666537,21.527083333333188],[54.79374999999874,21.531249999999837],[54.78541666666541,21.531249999999837],[54.78124999999875,21.535416666666542],[54.77708333333209,21.535416666666542],[54.772916666665424,21.531249999999837]]}},{"type":"Feature","properties":{"HYRIV_ID":20889529,"NEXT_DOWN":20889484,"MAIN_RIV":20887902,"LENGTH_KM":2.01,"CATCH_SKM":16.98,"DIS_AV_CMS":0.0,"ORD_STRA":1,"ORD_FLOW":10},"geometry":{"type":"LineString","coordinates":[[55.14999999999878,21.508333333333177],[55.16041666666541,21.518749999999862],[55.164583333332075,21.518749999999862]]}},{"type":"Feature","properties":{"HYRIV_ID":20889530,"NEXT_DOWN":20889040,"MAIN_RIV":20888332,"LENGTH_KM":10.3,"CATCH_SKM":37.540001,"DIS_AV_CMS":0.0,"ORD_STRA":3,"ORD_FLOW":10},"geometry":{"type":"LineString","coordinates":[[55.568749999998715,21.514583333333213],[55.57708333333204,21.514583333333213],[55.581249999998676,21.510416666666508],[55.59374999999875,21.510416666666508],[55.59791666666541,21.514583333333213],[55.59791666666541,21.518749999999862],[55.622916666665446,21.543749999999854],[55.62708333333211,21.543749999999854],[55.63541666666541,21.552083333333222],[55.63541666666541,21.560416666666534]]}},{"type":"Feature","properties":{"HYRIV_ID":20889584,"NEXT_DOWN":20889202,"MAIN_RIV":20892193,"LENGTH_KM":14.77,"CATCH_SKM":51.119999,"DIS_AV_CMS":0.0,"ORD_STRA":1,"ORD_FLOW":10},"geometry":{"type":"LineString","coordinates":[[54.01249999999874,21.514583333333213],[54.02708333333214,21.514583333333213],[54.031249999998806,21.510416666666508],[54.03541666666547,21.510416666666508],[54.039583333332104,21.506249999999845],[54.04374999999877,21.506249999999845],[54.04791666666543,21.510416666666508],[54.09374999999875,21.510416666666508],[54.102083333332075,21.518749999999862],[54.09791666666541,21.522916666666525],[54.09374999999875,21.522916666666525],[54.089583333332115,21.527083333333188],[54.08541666666545,21.527083333333188],[54.07291666666546,21.539583333333205],[54.07291666666546,21.543749999999854]]}},{"type":"Feature","properties":{"HYRIV_ID":20889585,"NEXT_DOWN":20890075,"MAIN_RIV":20892193,"LENGTH_KM":5.7600002,"CATCH_SKM":21.370001,"DIS_AV_CMS":0.0,"ORD_STRA":1,"ORD_FLOW":10},"geometry":{"type":"LineString","coordinates":[[54.216666666665446,21.514583333333213],[54.227083333332075,21.514583333333213],[54.23124999999874,21.510416666666508],[54.24374999999873,21.510416666666508],[54.24791666666536,21.506249999999845],[54.25208333333211,21.510416666666508],[54.260416666665435,21.510416666666508],[54.2645833333321,21.514583333333213]]}},{"type":"Feature","properties":{"HYRIV_ID":20889625,"NEXT_DOWN":20890076,"MAIN_RIV":20892193,"LENGTH_KM":10.28,"CATCH_SKM":38.34,"DIS_AV_CMS":0.0,"ORD_STRA":1,"ORD_FLOW":10},"geometry":{"type":"LineString","coordinates":[[54.67499999999879,21.522916666666525],[54.68124999999878,21.522916666666525],[54.685416666665446,21.518749999999862],[54.71874999999869,21.518749999999862],[54.722916666665355,21.514583333333213],[54.74791666666539,21.514583333333213],[54.756249999998715,21.506249999999845],[54.76041666666546,21.506249999999845],[54.764583333332126,21.502083333333196]]}},{"type":"Feature","properties":{"HYRIV_ID":20889626,"NEXT_DOWN":20890076,"MAIN_RIV":20892193,"LENGTH_KM":2.95,"CATCH_SKM":4.1900001,"DIS_AV_CMS":0.0,"ORD_STRA":5,"ORD_FLOW":10},"geometry":{"type":"LineString","coordinates":[[54.76874999999876,21.527083333333188],[54.76874999999876,21.506249999999845],[54.764583333332126,21.502083333333196]]}},{"type":"Feature","properties":{"HYRIV_ID":20889668,"NEXT_DOWN":20889788,"MAIN_RIV":20892193,"LENGTH_KM":1.73,"CATCH_SKM":2.8,"DIS_AV_CMS":0.0,"ORD_STRA":2,"ORD_FLOW":10},"geometry":{"type":"LineString","coordinates":[[54.61041666666543,21.510416666666508],[54.614583333332064,21.506249999999845],[54.614583333332064,21.502083333333196],[54.61874999999873,21.497916666666534]]}},{"type":"Feature","properties":{"HYRIV_ID":20889669,"NEXT_DOWN":20889430,"MAIN_RIV":20887902,"LENGTH_KM":2.49,"CATCH_SKM":4.5900002,"DIS_AV_CMS":0.0,"ORD_STRA":4,"ORD_FLOW":10},"geometry":{"type":"LineString","coordinates":[[55.39374999999873,21.497916666666534],[55.39374999999873,21.506249999999845],[55.39791666666537,21.510416666666508],[55.39791666666537,21.518749999999862]]}},{"type":"Feature","properties":{"HYRIV_ID":20889714,"NEXT_DOWN":20889745,"MAIN_RIV":20892193,"LENGTH_KM":10.63,"CATCH_SKM":40.740002,"DIS_AV_CMS":0.0,"ORD_STRA":3,"ORD_FLOW":10},"geometry":{"type":"LineString","coordinates":[[54.96874999999872,21.556249999999842],[54.97708333333205,21.547916666666517],[54.98541666666543,21.547916666666517],[54.98958333333209,21.543749999999854],[54.98958333333209,21.527083333333188],[54.99791666666542,21.518749999999862],[54.99791666666542,21.514583333333213],[54.98958333333209,21.506249999999845],[54.98958333333209,21.502083333333196],[54.98541666666543,21.497916666666534],[54.98124999999877,21.497916666666534],[54.97708333333205,21.49374999999987],[54.96874999999872,21.49374999999987]]}},{"type":"Feature","properties":{"HYRIV_ID":20889743,"NEXT_DOWN":20890204,"MAIN_RIV":20892193,"LENGTH_KM":30.1,"CATCH_SKM":69.089996,"DIS_AV_CMS":0.0,"ORD_STRA":3,"ORD_FLOW":10},"geometry":{"type":"LineString","coordinates":[[54.193749999998744,21.572916666666508],[54.202083333332126,21.564583333333196],[54.20624999999879,21.564583333333196],[54.21041666666545,21.560416666666534],[54.21041666666545,21.556249999999842],[54.21874999999878,21.547916666666517],[54.22291666666541,21.547916666666517],[54.227083333332075,21.552083333333222],[54.23124999999874,21.552083333333222],[54.2354166666654,21.547916666666517],[54.239583333332064,21.547916666666517],[54.24374999999873,21.552083333333222],[54.25624999999877,21.552083333333222],[54.260416666665435,21.547916666666517],[54.2645833333321,21.547916666666517],[54.26874999999876,21.543749999999854],[54.28541666666547,21.543749999999854],[54.28958333333213,21.539583333333205],[54.30208333333209,21.539583333333205],[54.306249999998755,21.535416666666542],[54.31041666666542,21.535416666666542],[54.31458333333208,21.531249999999837],[54.318749999998744,21.531249999999837],[54.32291666666541,21.527083333333188],[54.331249999998704,21.527083333333188],[54.33541666666545,21.522916666666525],[54.34791666666544,21.522916666666525],[54.35624999999874,21.514583333333213],[54.36874999999873,21.514583333333213],[54.37708333333211,21.506249999999845],[54.40624999999872,21.506249999999845],[54.41041666666547,21.502083333333196],[54.42291666666546,21.502083333333196],[54.43541666666542,21.48958333333318]]}},{"type":"Feature","properties":{"HYRIV_ID":20889744,"NEXT_DOWN":20889911,"MAIN_RIV":20892193,"LENGTH_KM":5.6100001,"CATCH_SKM":28.76,"DIS_AV_CMS":0.0,"ORD_STRA":1,"ORD_FLOW":10},"geometry":{"type":"LineString","coordinates":[[54.92083333333207,21.520833333333194],[54.90624999999875,21.506249999999845],[54.914583333332075,21.497916666666534],[54.9229166666654,21.497916666666534],[54.9312499999987,21.48958333333318]]}},{"type":"Feature","properties":{"HYRIV_ID":20889745,"NEXT_DOWN":20889911,"MAIN_RIV":20892193,"LENGTH_KM":4.4899998,"CATCH_SKM":26.16,"DIS_AV_CMS":0.0,"ORD_STRA":3,"ORD_FLOW":10},"geometry":{"type":"LineString","coordinates":[[54.96874999999872,21.49374999999987],[54.96458333333206,21.497916666666534],[54.93958333333211,21.497916666666534],[54.9312499999987,21.48958333333318]]}},{"type":"Feature","properties":{"HYRIV_ID":20889746,"NEXT_DOWN":20889747,"MAIN_RIV":20887902,"LENGTH_KM":16.65,"CATCH_SKM":61.110001,"DIS_AV_CMS":0.0,"ORD_STRA":2,"ORD_FLOW":10},"geometry":{"type":"LineString","coordinates":[[55.19374999999877,21.514583333333213],[55.2020833333321,21.506249999999845],[55.222916666665384,21.506249999999845],[55.22708333333205,21.510416666666508],[55.23124999999871,21.506249999999845],[55.23958333333209,21.506249999999845],[55.243749999998755,21.510416666666508],[55.24791666666542,21.510416666666508],[55.25208333333208,21.506249999999845],[55.277083333332115,21.506249999999845],[55.28124999999878,21.510416666666508],[55.2979166666654,21.510416666666508],[55.31458333333205,21.49374999999987],[55.3270833333321,21.49374999999987],[55.33124999999876,21.48958333333318]]}},{"type":"Feature","properties":{"HYRIV_ID":20889747,"NEXT_DOWN":20889791,"MAIN_RIV":20887902,"LENGTH_KM":2.36,"CATCH_SKM":4.1900001,"DIS_AV_CMS":0.0,"ORD_STRA":4,"ORD_FLOW":10},"geometry":{"type":"LineString","coordinates":[[55.33124999999876,21.48958333333318],[55.335416666665424,21.49374999999987],[55.35208333333205,21.49374999999987]]}},{"type":"Feature","properties":{"HYRIV_ID":20889748,"NEXT_DOWN":20889791,"MAIN_RIV":20887902,"LENGTH_KM":0.69,"CATCH_SKM":10.39,"DIS_AV_CMS":0.0,"ORD_STRA":1,"ORD_FLOW":10},"geometry":{"type":"LineString","coordinates":[[55.35208333333205,21.487499999999848],[55.35208333333205,21.49374999999987]]}},{"type":"Feature","properties":{"HYRIV_ID":20889749,"NEXT_DOWN":20889750,"MAIN_RIV":20887939,"LENGTH_KM":3.3,"CATCH_SKM":17.77,"DIS_AV_CMS":0.001,"ORD_STRA":1,"ORD_FLOW":9},"geometry":{"type":"LineString","coordinates":[[55.68749999999872,21.510416666666508],[55.693749999998715,21.510416666666508],[55.69791666666538,21.506249999999845],[55.69791666666538,21.497916666666534],[55.70208333333204,21.49374999999987],[55.70208333333204,21.48958333333318]]}},{"type":"Feature","properties":{"HYRIV_ID":20889787,"NEXT_DOWN":20890204,"MAIN_RIV":20892193,"LENGTH_KM":8.7799997,"CATCH_SKM":27.76,"DIS_AV_CMS":0.0,"ORD_STRA":1,"ORD_FLOW":10},"geometry":{"type":"LineString","coordinates":[[54.35833333333207,21.48958333333318],[54.38124999999877,21.48958333333318],[54.385416666665435,21.485416666666517],[54.397916666665424,21.485416666666517],[54.40208333333209,21.48958333333318],[54.41041666666547,21.48958333333318],[54.41458333333213,21.485416666666517],[54.431249999998755,21.485416666666517],[54.43541666666542,21.48958333333318]]}},{"type":"Feature","properties":{"HYRIV_ID":20889788,"NEXT_DOWN":20890076,"MAIN_RIV":20892193,"LENGTH_KM":16.9,"CATCH_SKM":59.52,"DIS_AV_CMS":0.0,"ORD_STRA":3,"ORD_FLOW":10},"geometry":{"type":"LineString","coordinates":[[54.61874999999873,21.497916666666534],[54.647916666665424,21.497916666666534],[54.65208333333209,21.49374999999987],[54.668749999998795,21.49374999999987],[54.67708333333212,21.485416666666517],[54.693749999998744,21.485416666666517],[54.70624999999873,21.497916666666534],[54.73124999999877,21.497916666666534],[54.73541666666543,21.502083333333196],[54.74374999999873,21.502083333333196],[54.74791666666539,21.497916666666534],[54.756249999998715,21.497916666666534],[54.76041666666546,21.502083333333196],[54.764583333332126,21.502083333333196]]}},{"type":"Feature","properties":{"HYRIV_ID":20889789,"NEXT_DOWN":20889236,"MAIN_RIV":20892193,"LENGTH_KM":7.98,"CATCH_SKM":24.16,"DIS_AV_CMS":0.0,"ORD_STRA":2,"ORD_FLOW":10},"geometry":{"type":"LineString","coordinates":[[55.04374999999874,21.485416666666517],[55.039583333332075,21.48958333333318],[55.03541666666541,21.48958333333318],[55.02291666666545,21.502083333333196],[55.02291666666545,21.506249999999845],[55.03541666666541,21.518749999999862],[55.03541666666541,21.527083333333188],[55.04374999999874,21.535416666666542],[55.04374999999874,21.539583333333205]]}},{"type":"Feature","properties":{"HYRIV_ID":20889790,"NEXT_DOWN":20889789,"MAIN_RIV":20892193,"LENGTH_KM":2.4400001,"CATCH_SKM":17.58,"DIS_AV_CMS":0.0,"ORD_STRA":1,"ORD_FLOW":10},"geometry":{"type":"LineString","coordinates":[[55.06249999999878,21.495833333333202],[55.052083333332064,21.485416666666517],[55.04374999999874,21.485416666666517]]}},{"type":"Feature","properties":{"HYRIV_ID":20889791,"NEXT_DOWN":20889669,"MAIN_RIV":20887902,"LENGTH_KM":5.3200002,"CATCH_SKM":19.370001,"DIS_AV_CMS":0.0,"ORD_STRA":4,"ORD_FLOW":10},"geometry":{"type":"LineString","coordinates":[[55.35208333333205,21.49374999999987],[55.35624999999871,21.49374999999987],[55.36458333333212,21.485416666666517],[55.37708333333208,21.485416666666517],[55.38541666666541,21.49374999999987],[55.38958333333207,21.49374999999987],[55.39374999999873,21.497916666666534]]}},{"type":"Feature","properties":{"HYRIV_ID":20889837,"NEXT_DOWN":20890106,"MAIN_RIV":20892193,"LENGTH_KM":10.08,"CATCH_SKM":37.75,"DIS_AV_CMS":0.0,"ORD_STRA":1,"ORD_FLOW":10},"geometry":{"type":"LineString","coordinates":[[54.15833333333214,21.497916666666534],[54.16874999999877,21.497916666666534],[54.17291666666543,21.49374999999987],[54.17708333333209,21.49374999999987],[54.181249999998755,21.48958333333318],[54.23124999999874,21.48958333333318],[54.2354166666654,21.485416666666517],[54.24374999999873,21.485416666666517],[54.24791666666536,21.481249999999854]]}},{"type":"Feature","properties":{"HYRIV_ID":20889838,"NEXT_DOWN":20889747,"MAIN_RIV":20887902,"LENGTH_KM":1.27,"CATCH_SKM":1.8,"DIS_AV_CMS":0.0,"ORD_STRA":4,"ORD_FLOW":10},"geometry":{"type":"LineString","coordinates":[[55.32291666666535,21.481249999999854],[55.33124999999876,21.48958333333318]]}},{"type":"Feature","properties":{"HYRIV_ID":20889881,"NEXT_DOWN":20889745,"MAIN_RIV":20892193,"LENGTH_KM":2.08,"CATCH_SKM":13.58,"DIS_AV_CMS":0.0,"ORD_STRA":1,"ORD_FLOW":10},"geometry":{"type":"LineString","coordinates":[[54.96874999999872,21.474999999999874],[54.96874999999872,21.49374999999987]]}},{"type":"Feature","properties":{"HYRIV_ID":20889882,"NEXT_DOWN":20889750,"MAIN_RIV":20887939,"LENGTH_KM":4.0300002,"CATCH_SKM":10.39,"DIS_AV_CMS":0.0,"ORD_STRA":3,"ORD_FLOW":10},"geometry":{"type":"LineString","coordinates":[[55.67291666666543,21.477083333333205],[55.68124999999873,21.485416666666517],[55.68541666666539,21.481249999999854],[55.693749999998715,21.481249999999854],[55.70208333333204,21.48958333333318]]}},{"type":"Feature","properties":{"HYRIV_ID":20889907,"NEXT_DOWN":20890148,"MAIN_RIV":20892193,"LENGTH_KM":10.82,"CATCH_SKM":23.17,"DIS_AV_CMS":0.0,"ORD_STRA":2,"ORD_FLOW":10},"geometry":{"type":"LineString","coordinates":[[54.46041666666537,21.531249999999837],[54.464583333332115,21.527083333333188],[54.46874999999878,21.527083333333188],[54.49374999999873,21.502083333333196],[54.49791666666539,21.502083333333196],[54.50208333333205,21.497916666666534],[54.5062499999988,21.502083333333196],[54.51874999999876,21.48958333333318],[54.51874999999876,21.485416666666517],[54.53124999999875,21.4729166666665]]}},{"type":"Feature","properties":{"HYRIV_ID":20889908,"NEXT_DOWN":20890148,"MAIN_RIV":20892193,"LENGTH_KM":15.54,"CATCH_SKM":59.900002,"DIS_AV_CMS":0.0,"ORD_STRA":1,"ORD_FLOW":10},"geometry":{"type":"LineString","coordinates":[[54.49999999999872,21.566666666666528],[54.49374999999873,21.560416666666534],[54.49374999999873,21.556249999999842],[54.48124999999877,21.543749999999854],[54.4854166666654,21.539583333333205],[54.50208333333205,21.539583333333205],[54.53124999999875,21.510416666666508],[54.53124999999875,21.506249999999845],[54.543749999998795,21.49374999999987],[54.543749999998795,21.481249999999854],[54.535416666665384,21.4729166666665],[54.53124999999875,21.4729166666665]]}},{"type":"Feature","properties":{"HYRIV_ID":20889909,"NEXT_DOWN":20889910,"MAIN_RIV":20892193,"LENGTH_KM":0.95,"CATCH_SKM":10.79,"DIS_AV_CMS":0.0,"ORD_STRA":1,"ORD_FLOW":10},"geometry":{"type":"LineString","coordinates":[[54.59583333333211,21.479166666666522],[54.602083333332104,21.4729166666665]]}},{"type":"Feature","properties":{"HYRIV_ID":20889910,"NEXT_DOWN":20889788,"MAIN_RIV":20892193,"LENGTH_KM":3.46,"CATCH_SKM":7.9899998,"DIS_AV_CMS":0.0,"ORD_STRA":2,"ORD_FLOW":10},"geometry":{"type":"LineString","coordinates":[[54.602083333332104,21.4729166666665],[54.61041666666543,21.481249999999854],[54.61041666666543,21.48958333333318],[54.61874999999873,21.497916666666534]]}},{"type":"Feature","properties":{"HYRIV_ID":20889911,"NEXT_DOWN":20890107,"MAIN_RIV":20892193,"LENGTH_KM":2.36,"CATCH_SKM":5.5900002,"DIS_AV_CMS":0.0,"ORD_STRA":3,"ORD_FLOW":10},"geometry":{"type":"LineString","coordinates":[[54.9312499999987,21.48958333333318],[54.9312499999987,21.485416666666517],[54.91874999999874,21.4729166666665]]}},{"type":"Feature","properties":{"HYRIV_ID":20889912,"NEXT_DOWN":20889882,"MAIN_RIV":20887939,"LENGTH_KM":14.36,"CATCH_SKM":46.34,"DIS_AV_CMS":0.0,"ORD_STRA":1,"ORD_FLOW":10},"geometry":{"type":"LineString","coordinates":[[55.57708333333204,21.479166666666522],[55.57708333333204,21.485416666666517],[55.581249999998676,21.48958333333318],[55.585416666665424,21.48958333333318],[55.58958333333209,21.49374999999987],[55.59374999999875,21.49374999999987],[55.59791666666541,21.497916666666534],[55.602083333332075,21.49374999999987],[55.60624999999871,21.49374999999987],[55.61041666666537,21.48958333333318],[55.61874999999878,21.48958333333318],[55.622916666665446,21.485416666666517],[55.62708333333211,21.485416666666517],[55.631249999998744,21.48958333333318],[55.631249999998744,21.49374999999987],[55.63541666666541,21.497916666666534],[55.63958333333207,21.497916666666534],[55.65208333333206,21.485416666666517],[55.65208333333206,21.481249999999854],[55.65624999999869,21.481249999999854],[55.660416666665355,21.477083333333205],[55.664583333332104,21.477083333333205],[55.66874999999877,21.4729166666665],[55.67291666666543,21.477083333333205]]}},{"type":"Feature","properties":{"HYRIV_ID":20889952,"NEXT_DOWN":20889789,"MAIN_RIV":20892193,"LENGTH_KM":2.5,"CATCH_SKM":17.58,"DIS_AV_CMS":0.0,"ORD_STRA":1,"ORD_FLOW":10},"geometry":{"type":"LineString","coordinates":[[55.037499999998744,21.468749999999837],[55.04374999999874,21.468749999999837],[55.04374999999874,21.485416666666517]]}},{"type":"Feature","properties":{"HYRIV_ID":20889953,"NEXT_DOWN":20889669,"MAIN_RIV":20887902,"LENGTH_KM":4.35,"CATCH_SKM":17.98,"DIS_AV_CMS":0.001,"ORD_STRA":2,"ORD_FLOW":9},"geometry":{"type":"LineString","coordinates":[[55.414583333332104,21.468749999999837],[55.40624999999878,21.477083333333205],[55.40624999999878,21.48958333333318],[55.39791666666537,21.497916666666534],[55.39374999999873,21.497916666666534]]}},{"type":"Feature","properties":{"HYRIV_ID":20889954,"NEXT_DOWN":20889953,"MAIN_RIV":20887902,"LENGTH_KM":0.95,"CATCH_SKM":11.59,"DIS_AV_CMS":0.0,"ORD_STRA":1,"ORD_FLOW":10},"geometry":{"type":"LineString","coordinates":[[55.42083333333207,21.474999999999874],[55.414583333332104,21.468749999999837]]}},{"type":"Feature","properties":{"HYRIV_ID":20889991,"NEXT_DOWN":20890106,"MAIN_RIV":20892193,"LENGTH_KM":33.0,"CATCH_SKM":80.300003,"DIS_AV_CMS":0.0,"ORD_STRA":5,"ORD_FLOW":10},"geometry":{"type":"LineString","coordinates":[[53.95624999999879,21.497916666666534],[54.02708333333214,21.497916666666534],[54.03541666666547,21.48958333333318],[54.077083333332126,21.48958333333318],[54.08124999999879,21.485416666666517],[54.09374999999875,21.485416666666517],[54.10624999999874,21.4729166666665],[54.1187499999987,21.4729166666665],[54.122916666665446,21.477083333333205],[54.12708333333211,21.477083333333205],[54.135416666665435,21.468749999999837],[54.21041666666545,21.468749999999837],[54.214583333332115,21.464583333333188],[54.21874999999878,21.468749999999837],[54.2354166666654,21.468749999999837],[54.24791666666536,21.481249999999854]]}},{"type":"Feature","properties":{"HYRIV_ID":20889992,"NEXT_DOWN":20889838,"MAIN_RIV":20887902,"LENGTH_KM":15.56,"CATCH_SKM":60.919998,"DIS_AV_CMS":0.0,"ORD_STRA":1,"ORD_FLOW":10},"geometry":{"type":"LineString","coordinates":[[55.19999999999877,21.487499999999848],[55.210416666665424,21.477083333333205],[55.210416666665424,21.468749999999837],[55.22708333333205,21.468749999999837],[55.23124999999871,21.464583333333188],[55.277083333332115,21.464583333333188],[55.2979166666654,21.485416666666517],[55.31874999999869,21.485416666666517],[55.32291666666535,21.481249999999854]]}},{"type":"Feature","properties":{"HYRIV_ID":20889993,"NEXT_DOWN":20889838,"MAIN_RIV":20887902,"LENGTH_KM":2.53,"CATCH_SKM":5.1900001,"DIS_AV_CMS":0.0,"ORD_STRA":4,"ORD_FLOW":10},"geometry":{"type":"LineString","coordinates":[[55.30624999999873,21.464583333333188],[55.32291666666535,21.481249999999854]]}},{"type":"Feature","properties":{"HYRIV_ID":20889994,"NEXT_DOWN":20889953,"MAIN_RIV":20887902,"LENGTH_KM":0.69,"CATCH_SKM":11.19,"DIS_AV_CMS":0.0,"ORD_STRA":1,"ORD_FLOW":10},"geometry":{"type":"LineString","coordinates":[[55.414583333332104,21.462499999999856],[55.414583333332104,21.468749999999837]]}},{"type":"Feature","properties":{"HYRIV_ID":20890075,"NEXT_DOWN":20890241,"MAIN_RIV":20892193,"LENGTH_KM":16.02,"CATCH_SKM":41.34,"DIS_AV_CMS":0.0,"ORD_STRA":2,"ORD_FLOW":10},"geometry":{"type":"LineString","coordinates":[[54.2645833333321,21.514583333333213],[54.26874999999876,21.514583333333213],[54.28124999999872,21.502083333333196],[54.28541666666547,21.502083333333196],[54.293749999998795,21.49374999999987],[54.306249999998755,21.49374999999987],[54.318749999998744,21.481249999999854],[54.32291666666541,21.481249999999854],[54.331249999998704,21.4729166666665],[54.37708333333211,21.4729166666665],[54.3895833333321,21.460416666666525],[54.3895833333321,21.456249999999862]]}},{"type":"Feature","properties":{"HYRIV_ID":20890076,"NEXT_DOWN":20890149,"MAIN_RIV":20892193,"LENGTH_KM":8.1800003,"CATCH_SKM":30.76,"DIS_AV_CMS":0.0,"ORD_STRA":5,"ORD_FLOW":10},"geometry":{"type":"LineString","coordinates":[[54.764583333332126,21.502083333333196],[54.77708333333209,21.48958333333318],[54.772916666665424,21.485416666666517],[54.772916666665424,21.477083333333205],[54.78124999999875,21.468749999999837],[54.78541666666541,21.468749999999837],[54.78541666666541,21.464583333333188],[54.79374999999874,21.456249999999862],[54.80624999999878,21.456249999999862]]}},{"type":"Feature","properties":{"HYRIV_ID":20890077,"NEXT_DOWN":20890149,"MAIN_RIV":20892193,"LENGTH_KM":1.91,"CATCH_SKM":15.18,"DIS_AV_CMS":0.0,"ORD_STRA":1,"ORD_FLOW":10},"geometry":{"type":"LineString","coordinates":[[54.820833333332075,21.464583333333188],[54.81458333333211,21.464583333333188],[54.80624999999878,21.456249999999862]]}},{"type":"Feature","properties":{"HYRIV_ID":20890078,"NEXT_DOWN":20890107,"MAIN_RIV":20892193,"LENGTH_KM":2.25,"CATCH_SKM":20.98,"DIS_AV_CMS":0.001,"ORD_STRA":1,"ORD_FLOW":9},"geometry":{"type":"LineString","coordinates":[[54.9229166666654,21.45416666666653],[54.9229166666654,21.468749999999837],[54.91874999999874,21.4729166666665]]}},{"type":"Feature","properties":{"HYRIV_ID":20890079,"NEXT_DOWN":20889882,"MAIN_RIV":20887939,"LENGTH_KM":2.6600001,"CATCH_SKM":8.3900003,"DIS_AV_CMS":0.0,"ORD_STRA":3,"ORD_FLOW":10},"geometry":{"type":"LineString","coordinates":[[55.664583333332104,21.456249999999862],[55.664583333332104,21.464583333333188],[55.67291666666543,21.4729166666665],[55.67291666666543,21.477083333333205]]}},{"type":"Feature","properties":{"HYRIV_ID":20890106,"NEXT_DOWN":20890241,"MAIN_RIV":20892193,"LENGTH_KM":16.540001,"CATCH_SKM":52.939999,"DIS_AV_CMS":0.0,"ORD_STRA":5,"ORD_FLOW":10},"geometry":{"type":"LineString","coordinates":[[54.24791666666536,21.481249999999854],[54.272916666665424,21.481249999999854],[54.27708333333206,21.477083333333205],[54.28958333333213,21.477083333333205],[54.293749999998795,21.4729166666665],[54.293749999998795,21.468749999999837],[54.29791666666546,21.464583333333188],[54.30208333333209,21.464583333333188],[54.31458333333208,21.4520833333332],[54.38124999999877,21.4520833333332],[54.385416666665435,21.456249999999862],[54.3895833333321,21.456249999999862]]}},{"type":"Feature","properties":{"HYRIV_ID":20890107,"NEXT_DOWN":20890150,"MAIN_RIV":20892193,"LENGTH_KM":8.7399998,"CATCH_SKM":31.559999,"DIS_AV_CMS":0.0,"ORD_STRA":3,"ORD_FLOW":10},"geometry":{"type":"LineString","coordinates":[[54.91874999999874,21.4729166666665],[54.914583333332075,21.468749999999837],[54.889583333332126,21.468749999999837],[54.88541666666538,21.4729166666665],[54.87291666666539,21.4729166666665],[54.86458333333209,21.464583333333188],[54.86041666666543,21.464583333333188],[54.847916666665355,21.4520833333332]]}},{"type":"Feature","properties":{"HYRIV_ID":20890108,"NEXT_DOWN":20889993,"MAIN_RIV":20887902,"LENGTH_KM":2.76,"CATCH_SKM":4.79,"DIS_AV_CMS":0.0,"ORD_STRA":4,"ORD_FLOW":10},"geometry":{"type":"LineString","coordinates":[[55.28541666666544,21.4520833333332],[55.29374999999874,21.460416666666525],[55.302083333332064,21.460416666666525],[55.30624999999873,21.464583333333188]]}},{"type":"Feature","properties":{"HYRIV_ID":20890147,"NEXT_DOWN":20890243,"MAIN_RIV":20892193,"LENGTH_KM":34.990002,"CATCH_SKM":102.04,"DIS_AV_CMS":0.0,"ORD_STRA":1,"ORD_FLOW":10},"geometry":{"type":"LineString","coordinates":[[54.26666666666543,21.572916666666508],[54.27708333333206,21.572916666666508],[54.28124999999872,21.56874999999986],[54.28124999999872,21.564583333333196],[54.28541666666547,21.560416666666534],[54.28958333333213,21.560416666666534],[54.293749999998795,21.556249999999842],[54.31041666666542,21.556249999999842],[54.318749999998744,21.547916666666517],[54.331249999998704,21.547916666666517],[54.339583333332115,21.556249999999842],[54.36458333333215,21.556249999999842],[54.37708333333211,21.543749999999854],[54.38124999999877,21.543749999999854],[54.385416666665435,21.539583333333205],[54.3895833333321,21.539583333333205],[54.40208333333209,21.527083333333188],[54.40624999999872,21.527083333333188],[54.41041666666547,21.522916666666525],[54.418749999998795,21.522916666666525],[54.42291666666546,21.518749999999862],[54.43541666666542,21.518749999999862],[54.46041666666537,21.49374999999987],[54.46041666666537,21.48958333333318],[54.464583333332115,21.485416666666517],[54.46874999999878,21.485416666666517],[54.47291666666544,21.481249999999854],[54.477083333332104,21.485416666666517],[54.48124999999877,21.481249999999854],[54.4854166666654,21.481249999999854],[54.50208333333205,21.464583333333188],[54.50208333333205,21.460416666666525],[54.5062499999988,21.460416666666525],[54.5145833333321,21.4520833333332],[54.51874999999876,21.4520833333332],[54.522916666665424,21.44791666666655],[54.52708333333209,21.44791666666655]]}},{"type":"Feature","properties":{"HYRIV_ID":20890148,"NEXT_DOWN":20890243,"MAIN_RIV":20892193,"LENGTH_KM":2.95,"CATCH_SKM":5.1900001,"DIS_AV_CMS":0.0,"ORD_STRA":2,"ORD_FLOW":10},"geometry":{"type":"LineString","coordinates":[[54.53124999999875,21.4729166666665],[54.53124999999875,21.4520833333332],[54.52708333333209,21.44791666666655]]}},{"type":"Feature","properties":{"HYRIV_ID":20890149,"NEXT_DOWN":20890412,"MAIN_RIV":20892193,"LENGTH_KM":1.1,"CATCH_SKM":2.4,"DIS_AV_CMS":0.0,"ORD_STRA":5,"ORD_FLOW":10},"geometry":{"type":"LineString","coordinates":[[54.80624999999878,21.456249999999862],[54.80624999999878,21.4520833333332],[54.810416666665446,21.44791666666655]]}},{"type":"Feature","properties":{"HYRIV_ID":20890150,"NEXT_DOWN":20890412,"MAIN_RIV":20892193,"LENGTH_KM":4.75,"CATCH_SKM":10.79,"DIS_AV_CMS":0.0,"ORD_STRA":3,"ORD_FLOW":10},"geometry":{"type":"LineString","coordinates":[[54.847916666665355,21.4520833333332],[54.84374999999872,21.44791666666655],[54.82291666666541,21.44791666666655],[54.81874999999877,21.4520833333332],[54.810416666665446,21.4520833333332],[54.810416666665446,21.44791666666655]]}},{"type":"Feature","properties":{"HYRIV_ID":20890151,"NEXT_DOWN":20890152,"MAIN_RIV":20887939,"LENGTH_KM":1.08,"CATCH_SKM":12.59,"DIS_AV_CMS":0.001,"ORD_STRA":1,"ORD_FLOW":9},"geometry":{"type":"LineString","coordinates":[[55.69999999999871,21.44791666666655],[55.71041666666534,21.44791666666655]]}},{"type":"Feature","properties":{"HYRIV_ID":20890204,"NEXT_DOWN":20890242,"MAIN_RIV":20892193,"LENGTH_KM":8.58,"CATCH_SKM":17.58,"DIS_AV_CMS":0.0,"ORD_STRA":3,"ORD_FLOW":10},"geometry":{"type":"LineString","coordinates":[[54.43541666666542,21.48958333333318],[54.443749999998744,21.481249999999854],[54.443749999998744,21.4729166666665],[54.44791666666541,21.468749999999837],[54.45208333333207,21.468749999999837],[54.456249999998704,21.464583333333188],[54.46041666666537,21.468749999999837],[54.464583333332115,21.468749999999837],[54.4854166666654,21.44791666666655],[54.4854166666654,21.443749999999845]]}},{"type":"Feature","properties":{"HYRIV_ID":20890205,"NEXT_DOWN":20889910,"MAIN_RIV":20892193,"LENGTH_KM":7.1700001,"CATCH_SKM":35.959999,"DIS_AV_CMS":0.0,"ORD_STRA":1,"ORD_FLOW":10},"geometry":{"type":"LineString","coordinates":[[54.65416666666542,21.441666666666514],[54.647916666665424,21.44791666666655],[54.6395833333321,21.44791666666655],[54.63541666666546,21.4520833333332],[54.62708333333205,21.4520833333332],[54.62291666666539,21.456249999999862],[54.614583333332064,21.456249999999862],[54.602083333332104,21.468749999999837],[54.602083333332104,21.4729166666665]]}},{"type":"Feature","properties":{"HYRIV_ID":20890241,"NEXT_DOWN":20890242,"MAIN_RIV":20892193,"LENGTH_KM":11.33,"CATCH_SKM":35.759998,"DIS_AV_CMS":0.0,"ORD_STRA":5,"ORD_FLOW":10},"geometry":{"type":"LineString","coordinates":[[54.3895833333321,21.456249999999862],[54.40208333333209,21.456249999999862],[54.40624999999872,21.460416666666525],[54.41041666666547,21.456249999999862],[54.42708333333212,21.456249999999862],[54.431249999998755,21.4520833333332],[54.44791666666541,21.4520833333332],[54.45208333333207,21.44791666666655],[54.456249999998704,21.44791666666655],[54.464583333332115,21.439583333333182],[54.477083333332104,21.439583333333182],[54.48124999999877,21.443749999999845],[54.4854166666654,21.443749999999845]]}},{"type":"Feature","properties":{"HYRIV_ID":20890242,"NEXT_DOWN":20890365,"MAIN_RIV":20892193,"LENGTH_KM":3.6500001,"CATCH_SKM":9.9899998,"DIS_AV_CMS":0.0,"ORD_STRA":5,"ORD_FLOW":10},"geometry":{"type":"LineString","coordinates":[[54.4854166666654,21.443749999999845],[54.489583333332064,21.439583333333182],[54.51874999999876,21.439583333333182]]}},{"type":"Feature","properties":{"HYRIV_ID":20890243,"NEXT_DOWN":20890365,"MAIN_RIV":20892193,"LENGTH_KM":1.53,"CATCH_SKM":2.8,"DIS_AV_CMS":0.0,"ORD_STRA":2,"ORD_FLOW":10},"geometry":{"type":"LineString","coordinates":[[54.52708333333209,21.44791666666655],[54.52708333333209,21.443749999999845],[54.522916666665424,21.439583333333182],[54.51874999999876,21.439583333333182]]}},{"type":"Feature","properties":{"HYRIV_ID":20890278,"NEXT_DOWN":20890150,"MAIN_RIV":20892193,"LENGTH_KM":4.04,"CATCH_SKM":22.780001,"DIS_AV_CMS":0.0,"ORD_STRA":1,"ORD_FLOW":10},"geometry":{"type":"LineString","coordinates":[[54.879166666665384,21.435416666666534],[54.868749999998755,21.435416666666534],[54.86041666666543,21.443749999999845],[54.85624999999877,21.443749999999845],[54.847916666665355,21.4520833333332]]}},{"type":"Feature","properties":{"HYRIV_ID":20890279,"NEXT_DOWN":20890498,"MAIN_RIV":20892240,"LENGTH_KM":1.5700001,"CATCH_SKM":15.98,"DIS_AV_CMS":0.0,"ORD_STRA":1,"ORD_FLOW":10},"geometry":{"type":"LineString","coordinates":[[55.06666666666544,21.443749999999845],[55.06041666666536,21.443749999999845],[55.06041666666536,21.435416666666534]]}},{"type":"Feature","properties":{"HYRIV_ID":20890280,"NEXT_DOWN":20890108,"MAIN_RIV":20887902,"LENGTH_KM":2.62,"CATCH_SKM":3.2,"DIS_AV_CMS":0.0,"ORD_STRA":2,"ORD_FLOW":10},"geometry":{"type":"LineString","coordinates":[[55.289583333332104,21.435416666666534],[55.289583333332104,21.439583333333182],[55.29374999999874,21.443749999999845],[55.29374999999874,21.44791666666655],[55.289583333332104,21.4520833333332],[55.28541666666544,21.4520833333332]]}},{"type":"Feature","properties":{"HYRIV_ID":20890281,"NEXT_DOWN":20889993,"MAIN_RIV":20887902,"LENGTH_KM":8.6400003,"CATCH_SKM":32.169998,"DIS_AV_CMS":0.0,"ORD_STRA":2,"ORD_FLOW":10},"geometry":{"type":"LineString","coordinates":[[55.36458333333212,21.435416666666534],[55.36041666666537,21.439583333333182],[55.35624999999871,21.435416666666534],[55.347916666665384,21.443749999999845],[55.31458333333205,21.443749999999845],[55.31041666666539,21.44791666666655],[55.31041666666539,21.460416666666525],[55.30624999999873,21.464583333333188]]}},{"type":"Feature","properties":{"HYRIV_ID":20890322,"NEXT_DOWN":20890498,"MAIN_RIV":20892240,"LENGTH_KM":6.4,"CATCH_SKM":30.17,"DIS_AV_CMS":0.001,"ORD_STRA":1,"ORD_FLOW":9},"geometry":{"type":"LineString","coordinates":[[55.10416666666538,21.4520833333332],[55.097916666665384,21.4520833333332],[55.09374999999872,21.44791666666655],[55.09374999999872,21.443749999999845],[55.085416666665395,21.435416666666534],[55.08124999999876,21.439583333333182],[55.0770833333321,21.439583333333182],[55.06874999999877,21.43124999999987],[55.06458333333211,21.435416666666534],[55.06041666666536,21.435416666666534]]}},{"type":"Feature","properties":{"HYRIV_ID":20890323,"NEXT_DOWN":20890108,"MAIN_RIV":20887902,"LENGTH_KM":3.6,"CATCH_SKM":7.9899998,"DIS_AV_CMS":0.0,"ORD_STRA":4,"ORD_FLOW":10},"geometry":{"type":"LineString","coordinates":[[55.26041666666541,21.43124999999987],[55.268749999998704,21.439583333333182],[55.27291666666545,21.439583333333182],[55.28541666666544,21.4520833333332]]}},{"type":"Feature","properties":{"HYRIV_ID":20890324,"NEXT_DOWN":20890280,"MAIN_RIV":20887902,"LENGTH_KM":0.69,"CATCH_SKM":11.19,"DIS_AV_CMS":0.0,"ORD_STRA":1,"ORD_FLOW":10},"geometry":{"type":"LineString","coordinates":[[55.289583333332104,21.42916666666654],[55.289583333332104,21.435416666666534]]}},{"type":"Feature","properties":{"HYRIV_ID":20890325,"NEXT_DOWN":20890281,"MAIN_RIV":20887902,"LENGTH_KM":1.93,"CATCH_SKM":4.6,"DIS_AV_CMS":0.0,"ORD_STRA":2,"ORD_FLOW":10},"geometry":{"type":"LineString","coordinates":[[55.381249999998744,21.43124999999987],[55.37708333333208,21.43124999999987],[55.37291666666542,21.435416666666534],[55.36458333333212,21.435416666666534]]}},{"type":"Feature","properties":{"HYRIV_ID":20890326,"NEXT_DOWN":20890079,"MAIN_RIV":20887939,"LENGTH_KM":2.95,"CATCH_SKM":9.1899996,"DIS_AV_CMS":0.0,"ORD_STRA":3,"ORD_FLOW":10},"geometry":{"type":"LineString","coordinates":[[55.660416666665355,21.43124999999987],[55.660416666665355,21.443749999999845],[55.664583333332104,21.44791666666655],[55.664583333332104,21.456249999999862]]}},{"type":"Feature","properties":{"HYRIV_ID":20890362,"NEXT_DOWN":20890566,"MAIN_RIV":20892193,"LENGTH_KM":10.71,"CATCH_SKM":37.360001,"DIS_AV_CMS":0.0,"ORD_STRA":1,"ORD_FLOW":10},"geometry":{"type":"LineString","coordinates":[[54.01249999999874,21.44791666666655],[54.01874999999873,21.44791666666655],[54.022916666665395,21.443749999999845],[54.03541666666547,21.443749999999845],[54.039583333332104,21.439583333333182],[54.056249999998755,21.439583333333182],[54.06458333333205,21.43124999999987],[54.09791666666541,21.43124999999987],[54.102083333332075,21.427083333333208],[54.10624999999874,21.427083333333208]]}},{"type":"Feature","properties":{"HYRIV_ID":20890363,"NEXT_DOWN":20890566,"MAIN_RIV":20892193,"LENGTH_KM":17.08,"CATCH_SKM":51.939999,"DIS_AV_CMS":0.0,"ORD_STRA":1,"ORD_FLOW":10},"geometry":{"type":"LineString","coordinates":[[53.97916666666541,21.4729166666665],[53.99374999999878,21.4729166666665],[53.997916666665446,21.477083333333205],[54.01458333333207,21.477083333333205],[54.01874999999873,21.4729166666665],[54.031249999998806,21.4729166666665],[54.039583333332104,21.464583333333188],[54.06458333333205,21.464583333333188],[54.068749999998715,21.460416666666525],[54.09374999999875,21.460416666666525],[54.10624999999874,21.44791666666655],[54.10624999999874,21.427083333333208]]}},{"type":"Feature","properties":{"HYRIV_ID":20890364,"NEXT_DOWN":20890496,"MAIN_RIV":20892193,"LENGTH_KM":0.65,"CATCH_SKM":10.59,"DIS_AV_CMS":0.0,"ORD_STRA":1,"ORD_FLOW":10},"geometry":{"type":"LineString","coordinates":[[54.52916666666542,21.427083333333208],[54.535416666665384,21.427083333333208]]}},{"type":"Feature","properties":{"HYRIV_ID":20890365,"NEXT_DOWN":20890496,"MAIN_RIV":20892193,"LENGTH_KM":2.33,"CATCH_SKM":4.8,"DIS_AV_CMS":0.0,"ORD_STRA":5,"ORD_FLOW":10},"geometry":{"type":"LineString","coordinates":[[54.51874999999876,21.439583333333182],[54.52708333333209,21.43124999999987],[54.53124999999875,21.43124999999987],[54.535416666665384,21.427083333333208]]}},{"type":"Feature","properties":{"HYRIV_ID":20890366,"NEXT_DOWN":20890497,"MAIN_RIV":20892193,"LENGTH_KM":3.77,"CATCH_SKM":19.58,"DIS_AV_CMS":0.0,"ORD_STRA":1,"ORD_FLOW":10},"geometry":{"type":"LineString","coordinates":[[54.583333333332064,21.4520833333332],[54.58958333333203,21.4520833333332],[54.58958333333203,21.439583333333182],[54.59791666666544,21.43124999999987],[54.59791666666544,21.427083333333208]]}},{"type":"Feature","properties":{"HYRIV_ID":20890367,"NEXT_DOWN":20890368,"MAIN_RIV":20888332,"LENGTH_KM":4.62,"CATCH_SKM":25.17,"DIS_AV_CMS":0.001,"ORD_STRA":1,"ORD_FLOW":9},"geometry":{"type":"LineString","coordinates":[[55.45624999999876,21.462499999999856],[55.45624999999876,21.456249999999862],[55.44791666666535,21.44791666666655],[55.44791666666535,21.439583333333182],[55.45624999999876,21.43124999999987],[55.45624999999876,21.427083333333208]]}},{"type":"Feature","properties":{"HYRIV_ID":20890368,"NEXT_DOWN":20889530,"MAIN_RIV":20888332,"LENGTH_KM":19.58,"CATCH_SKM":57.130001,"DIS_AV_CMS":0.0,"ORD_STRA":2,"ORD_FLOW":10},"geometry":{"type":"LineString","coordinates":[[55.45624999999876,21.427083333333208],[55.472916666665384,21.443749999999845],[55.472916666665384,21.44791666666655],[55.506249999998744,21.481249999999854],[55.506249999998744,21.48958333333318],[55.51041666666541,21.49374999999987],[55.51041666666541,21.497916666666534],[55.51458333333207,21.502083333333196],[55.51458333333207,21.510416666666508],[55.51874999999873,21.514583333333213],[55.51874999999873,21.522916666666525],[55.522916666665395,21.527083333333188],[55.52708333333203,21.522916666666525],[55.53124999999869,21.522916666666525],[55.539583333332104,21.514583333333213],[55.54791666666543,21.514583333333213],[55.552083333332064,21.518749999999862],[55.55624999999873,21.514583333333213],[55.568749999998715,21.514583333333213]]}},{"type":"Feature","properties":{"HYRIV_ID":20890410,"NEXT_DOWN":20890741,"MAIN_RIV":20892193,"LENGTH_KM":3.0,"CATCH_SKM":16.389999,"DIS_AV_CMS":0.0,"ORD_STRA":1,"ORD_FLOW":10},"geometry":{"type":"LineString","coordinates":[[54.00416666666544,21.427083333333208],[54.022916666665395,21.427083333333208],[54.02708333333214,21.422916666666517],[54.031249999998806,21.422916666666517]]}},{"type":"Feature","properties":{"HYRIV_ID":20890411,"NEXT_DOWN":20890568,"MAIN_RIV":20892193,"LENGTH_KM":4.9400001,"CATCH_SKM":20.58,"DIS_AV_CMS":0.0,"ORD_STRA":1,"ORD_FLOW":10},"geometry":{"type":"LineString","coordinates":[[54.762499999998795,21.443749999999845],[54.76874999999876,21.443749999999845],[54.772916666665424,21.439583333333182],[54.78124999999875,21.439583333333182],[54.79374999999874,21.427083333333208],[54.79791666666537,21.427083333333208],[54.79791666666537,21.422916666666517]]}},{"type":"Feature","properties":{"HYRIV_ID":20890412,"NEXT_DOWN":20890568,"MAIN_RIV":20892193,"LENGTH_KM":3.29,"CATCH_SKM":6.1900001,"DIS_AV_CMS":0.0,"ORD_STRA":5,"ORD_FLOW":10},"geometry":{"type":"LineString","coordinates":[[54.810416666665446,21.44791666666655],[54.810416666665446,21.439583333333182],[54.80624999999878,21.435416666666534],[54.80624999999878,21.43124999999987],[54.79791666666537,21.422916666666517]]}},{"type":"Feature","properties":{"HYRIV_ID":20890413,"NEXT_DOWN":20890323,"MAIN_RIV":20887902,"LENGTH_KM":1.1,"CATCH_SKM":1.8,"DIS_AV_CMS":0.0,"ORD_STRA":4,"ORD_FLOW":10},"geometry":{"type":"LineString","coordinates":[[55.256249999998744,21.422916666666517],[55.256249999998744,21.427083333333208],[55.26041666666541,21.43124999999987]]}},{"type":"Feature","properties":{"HYRIV_ID":20890462,"NEXT_DOWN":20890497,"MAIN_RIV":20892193,"LENGTH_KM":3.9200001,"CATCH_SKM":20.18,"DIS_AV_CMS":0.0,"ORD_STRA":1,"ORD_FLOW":10},"geometry":{"type":"LineString","coordinates":[[54.62708333333205,21.416666666666522],[54.62708333333205,21.422916666666517],[54.60624999999877,21.422916666666517],[54.602083333332104,21.427083333333208],[54.59791666666544,21.427083333333208]]}},{"type":"Feature","properties":{"HYRIV_ID":20890463,"NEXT_DOWN":20890280,"MAIN_RIV":20887902,"LENGTH_KM":2.25,"CATCH_SKM":11.99,"DIS_AV_CMS":0.0,"ORD_STRA":1,"ORD_FLOW":10},"geometry":{"type":"LineString","coordinates":[[55.28541666666544,21.416666666666522],[55.28541666666544,21.43124999999987],[55.289583333332104,21.435416666666534]]}},{"type":"Feature","properties":{"HYRIV_ID":20890496,"NEXT_DOWN":20890525,"MAIN_RIV":20892193,"LENGTH_KM":1.9,"CATCH_SKM":9.3900003,"DIS_AV_CMS":0.0,"ORD_STRA":5,"ORD_FLOW":10},"geometry":{"type":"LineString","coordinates":[[54.535416666665384,21.427083333333208],[54.54791666666546,21.41458333333319]]}},{"type":"Feature","properties":{"HYRIV_ID":20890497,"NEXT_DOWN":20890525,"MAIN_RIV":20892193,"LENGTH_KM":5.7800002,"CATCH_SKM":16.59,"DIS_AV_CMS":0.0,"ORD_STRA":2,"ORD_FLOW":10},"geometry":{"type":"LineString","coordinates":[[54.59791666666544,21.427083333333208],[54.59374999999878,21.422916666666517],[54.56458333333208,21.422916666666517],[54.56041666666542,21.418749999999854],[54.55624999999878,21.418749999999854],[54.55208333333212,21.41458333333319],[54.54791666666546,21.41458333333319]]}},{"type":"Feature","properties":{"HYRIV_ID":20890498,"NEXT_DOWN":20890570,"MAIN_RIV":20892240,"LENGTH_KM":3.0,"CATCH_SKM":4.4,"DIS_AV_CMS":0.0,"ORD_STRA":2,"ORD_FLOW":10},"geometry":{"type":"LineString","coordinates":[[55.06041666666536,21.435416666666534],[55.04374999999874,21.418749999999854],[55.04374999999874,21.41458333333319]]}},{"type":"Feature","properties":{"HYRIV_ID":20890499,"NEXT_DOWN":20890500,"MAIN_RIV":20887902,"LENGTH_KM":4.9499998,"CATCH_SKM":28.57,"DIS_AV_CMS":0.001,"ORD_STRA":1,"ORD_FLOW":9},"geometry":{"type":"LineString","coordinates":[[55.18124999999873,21.42916666666654],[55.18124999999873,21.422916666666517],[55.18541666666539,21.418749999999854],[55.19374999999877,21.418749999999854],[55.197916666665435,21.422916666666517],[55.20624999999876,21.422916666666517],[55.21458333333206,21.41458333333319]]}},{"type":"Feature","properties":{"HYRIV_ID":20890500,"NEXT_DOWN":20890323,"MAIN_RIV":20887902,"LENGTH_KM":5.5500002,"CATCH_SKM":21.58,"DIS_AV_CMS":0.0,"ORD_STRA":2,"ORD_FLOW":10},"geometry":{"type":"LineString","coordinates":[[55.21458333333206,21.41458333333319],[55.21874999999872,21.418749999999854],[55.23958333333209,21.418749999999854],[55.25208333333208,21.43124999999987],[55.26041666666541,21.43124999999987]]}},{"type":"Feature","properties":{"HYRIV_ID":20890501,"NEXT_DOWN":20890413,"MAIN_RIV":20887902,"LENGTH_KM":1.27,"CATCH_SKM":2.6,"DIS_AV_CMS":0.0,"ORD_STRA":4,"ORD_FLOW":10},"geometry":{"type":"LineString","coordinates":[[55.26458333333204,21.41458333333319],[55.256249999998744,21.422916666666517]]}},{"type":"Feature","properties":{"HYRIV_ID":20890525,"NEXT_DOWN":20891085,"MAIN_RIV":20892193,"LENGTH_KM":0.63,"CATCH_SKM":0.2,"DIS_AV_CMS":0.0,"ORD_STRA":5,"ORD_FLOW":10},"geometry":{"type":"LineString","coordinates":[[54.54791666666546,21.41458333333319],[54.55208333333212,21.410416666666542]]}},{"type":"Feature","properties":{"HYRIV_ID":20890526,"NEXT_DOWN":20890281,"MAIN_RIV":20887902,"LENGTH_KM":3.78,"CATCH_SKM":17.190001,"DIS_AV_CMS":0.0,"ORD_STRA":1,"ORD_FLOW":10},"geometry":{"type":"LineString","coordinates":[[55.35208333333205,21.40833333333321],[55.35208333333205,21.422916666666517],[55.35624999999871,21.427083333333208],[55.36041666666537,21.427083333333208],[55.36458333333212,21.43124999999987],[55.36458333333212,21.435416666666534]]}},{"type":"Feature","properties":{"HYRIV_ID":20890527,"NEXT_DOWN":20890528,"MAIN_RIV":20887939,"LENGTH_KM":2.79,"CATCH_SKM":6.0,"DIS_AV_CMS":0.0,"ORD_STRA":2,"ORD_FLOW":10},"geometry":{"type":"LineString","coordinates":[[55.59791666666541,21.410416666666542],[55.60624999999871,21.418749999999854],[55.61041666666537,21.418749999999854],[55.614583333332035,21.41458333333319],[55.614583333332035,21.410416666666542]]}},{"type":"Feature","properties":{"HYRIV_ID":20890528,"NEXT_DOWN":20890326,"MAIN_RIV":20887939,"LENGTH_KM":6.1599998,"CATCH_SKM":15.59,"DIS_AV_CMS":0.0,"ORD_STRA":3,"ORD_FLOW":10},"geometry":{"type":"LineString","coordinates":[[55.614583333332035,21.410416666666542],[55.62708333333211,21.422916666666517],[55.63958333333207,21.422916666666517],[55.64374999999873,21.427083333333208],[55.647916666665395,21.427083333333208],[55.65208333333206,21.422916666666517],[55.660416666665355,21.43124999999987]]}},{"type":"Feature","properties":{"HYRIV_ID":20890565,"NEXT_DOWN":20890741,"MAIN_RIV":20892193,"LENGTH_KM":3.61,"CATCH_SKM":20.389999,"DIS_AV_CMS":0.0,"ORD_STRA":1,"ORD_FLOW":10},"geometry":{"type":"LineString","coordinates":[[54.00416666666544,21.406249999999837],[54.01458333333207,21.406249999999837],[54.031249999998806,21.422916666666517]]}},{"type":"Feature","properties":{"HYRIV_ID":20890566,"NEXT_DOWN":20890742,"MAIN_RIV":20892193,"LENGTH_KM":3.86,"CATCH_SKM":8.79,"DIS_AV_CMS":0.0,"ORD_STRA":2,"ORD_FLOW":10},"geometry":{"type":"LineString","coordinates":[[54.10624999999874,21.427083333333208],[54.1104166666654,21.422916666666517],[54.114583333332064,21.422916666666517],[54.122916666665446,21.41458333333319],[54.12708333333211,21.41458333333319],[54.13124999999877,21.410416666666542],[54.13124999999877,21.406249999999837]]}},{"type":"Feature","properties":{"HYRIV_ID":20890567,"NEXT_DOWN":20890742,"MAIN_RIV":20892193,"LENGTH_KM":2.57,"CATCH_SKM":15.59,"DIS_AV_CMS":0.0,"ORD_STRA":1,"ORD_FLOW":10},"geometry":{"type":"LineString","coordinates":[[54.154166666665475,21.410416666666542],[54.1395833333321,21.410416666666542],[54.135416666665435,21.406249999999837],[54.13124999999877,21.406249999999837]]}},{"type":"Feature","properties":{"HYRIV_ID":20890568,"NEXT_DOWN":20890693,"MAIN_RIV":20892193,"LENGTH_KM":2.1900001,"CATCH_SKM":4.0,"DIS_AV_CMS":0.0,"ORD_STRA":5,"ORD_FLOW":10},"geometry":{"type":"LineString","coordinates":[[54.79791666666537,21.422916666666517],[54.79374999999874,21.418749999999854],[54.79374999999874,21.41458333333319],[54.789583333332075,21.410416666666542],[54.789583333332075,21.406249999999837]]}},{"type":"Feature","properties":{"HYRIV_ID":20890569,"NEXT_DOWN":20891558,"MAIN_RIV":20892240,"LENGTH_KM":1.79,"CATCH_SKM":19.98,"DIS_AV_CMS":0.001,"ORD_STRA":1,"ORD_FLOW":9},"geometry":{"type":"LineString","coordinates":[[55.027083333332115,21.420833333333185],[55.027083333332115,21.410416666666542],[55.03124999999875,21.406249999999837]]}},{"type":"Feature","properties":{"HYRIV_ID":20890570,"NEXT_DOWN":20891558,"MAIN_RIV":20892240,"LENGTH_KM":1.7,"CATCH_SKM":2.2,"DIS_AV_CMS":0.0,"ORD_STRA":2,"ORD_FLOW":10},"geometry":{"type":"LineString","coordinates":[[55.04374999999874,21.41458333333319],[55.039583333332075,21.41458333333319],[55.03124999999875,21.406249999999837]]}},{"type":"Feature","properties":{"HYRIV_ID":20890612,"NEXT_DOWN":20890789,"MAIN_RIV":20892193,"LENGTH_KM":14.21,"CATCH_SKM":54.549999,"DIS_AV_CMS":0.0,"ORD_STRA":1,"ORD_FLOW":10},"geometry":{"type":"LineString","coordinates":[[54.18749999999875,21.445833333333177],[54.19791666666538,21.435416666666534],[54.214583333332115,21.435416666666534],[54.227083333332075,21.422916666666517],[54.23124999999874,21.422916666666517],[54.2354166666654,21.418749999999854],[54.24791666666536,21.418749999999854],[54.25208333333211,21.422916666666517],[54.28124999999872,21.422916666666517],[54.29791666666546,21.406249999999837],[54.29791666666546,21.402083333333174]]}},{"type":"Feature","properties":{"HYRIV_ID":20890613,"NEXT_DOWN":20890693,"MAIN_RIV":20892193,"LENGTH_KM":13.68,"CATCH_SKM":70.529999,"DIS_AV_CMS":0.0,"ORD_STRA":1,"ORD_FLOW":10},"geometry":{"type":"LineString","coordinates":[[54.71874999999869,21.458333333333194],[54.71874999999869,21.4520833333332],[54.710416666665395,21.443749999999845],[54.710416666665395,21.43124999999987],[54.73541666666543,21.43124999999987],[54.73958333333209,21.427083333333208],[54.74374999999873,21.427083333333208],[54.74791666666539,21.422916666666517],[54.74791666666539,21.418749999999854],[54.756249999998715,21.418749999999854],[54.76041666666546,21.41458333333319],[54.764583333332126,21.41458333333319],[54.772916666665424,21.406249999999837],[54.77708333333209,21.406249999999837],[54.78124999999875,21.402083333333174],[54.789583333332075,21.402083333333174],[54.789583333332075,21.406249999999837]]}},{"type":"Feature","properties":{"HYRIV_ID":20890691,"NEXT_DOWN":20890692,"MAIN_RIV":20892193,"LENGTH_KM":12.38,"CATCH_SKM":35.57,"DIS_AV_CMS":0.0,"ORD_STRA":1,"ORD_FLOW":10},"geometry":{"type":"LineString","coordinates":[[54.1624999999988,21.422916666666517],[54.16874999999877,21.422916666666517],[54.17291666666543,21.427083333333208],[54.17708333333209,21.427083333333208],[54.18541666666542,21.418749999999854],[54.18958333333208,21.418749999999854],[54.19791666666538,21.410416666666542],[54.202083333332126,21.410416666666542],[54.20624999999879,21.406249999999837],[54.214583333332115,21.406249999999837],[54.21874999999878,21.402083333333174],[54.22291666666541,21.402083333333174],[54.227083333332075,21.397916666666525],[54.260416666665435,21.397916666666525],[54.2645833333321,21.393749999999862]]}},{"type":"Feature","properties":{"HYRIV_ID":20890692,"NEXT_DOWN":20890789,"MAIN_RIV":20892193,"LENGTH_KM":3.85,"CATCH_SKM":7.39,"DIS_AV_CMS":0.0,"ORD_STRA":2,"ORD_FLOW":10},"geometry":{"type":"LineString","coordinates":[[54.2645833333321,21.393749999999862],[54.272916666665424,21.393749999999862],[54.28124999999872,21.402083333333174],[54.29791666666546,21.402083333333174]]}},{"type":"Feature","properties":{"HYRIV_ID":20890693,"NEXT_DOWN":20891002,"MAIN_RIV":20892193,"LENGTH_KM":1.56,"CATCH_SKM":1.8,"DIS_AV_CMS":0.0,"ORD_STRA":5,"ORD_FLOW":10},"geometry":{"type":"LineString","coordinates":[[54.789583333332075,21.406249999999837],[54.79374999999874,21.402083333333174],[54.79374999999874,21.393749999999862]]}},{"type":"Feature","properties":{"HYRIV_ID":20890694,"NEXT_DOWN":20891002,"MAIN_RIV":20892193,"LENGTH_KM":6.6,"CATCH_SKM":34.970001,"DIS_AV_CMS":0.001,"ORD_STRA":1,"ORD_FLOW":9},"geometry":{"type":"LineString","coordinates":[[54.84583333333205,21.418749999999854],[54.83958333333206,21.418749999999854],[54.83541666666548,21.41458333333319],[54.83124999999873,21.41458333333319],[54.82708333333207,21.410416666666542],[54.81874999999877,21.410416666666542],[54.81458333333211,21.406249999999837],[54.810416666665446,21.406249999999837],[54.79791666666537,21.393749999999862],[54.79374999999874,21.393749999999862]]}},{"type":"Feature","properties":{"HYRIV_ID":20890695,"NEXT_DOWN":20890500,"MAIN_RIV":20887902,"LENGTH_KM":4.46,"CATCH_SKM":11.59,"DIS_AV_CMS":0.0,"ORD_STRA":2,"ORD_FLOW":10},"geometry":{"type":"LineString","coordinates":[[55.18124999999873,21.393749999999862],[55.189583333332024,21.393749999999862],[55.19374999999877,21.397916666666525],[55.197916666665435,21.397916666666525],[55.21458333333206,21.41458333333319]]}},{"type":"Feature","properties":{"HYRIV_ID":20890696,"NEXT_DOWN":20890527,"MAIN_RIV":20887939,"LENGTH_KM":4.0900002,"CATCH_SKM":8.79,"DIS_AV_CMS":0.0,"ORD_STRA":2,"ORD_FLOW":10},"geometry":{"type":"LineString","coordinates":[[55.568749999998715,21.393749999999862],[55.568749999998715,21.397916666666525],[55.581249999998676,21.410416666666542],[55.59791666666541,21.410416666666542]]}},{"type":"Feature","properties":{"HYRIV_ID":20890697,"NEXT_DOWN":20890527,"MAIN_RIV":20887939,"LENGTH_KM":2.25,"CATCH_SKM":13.39,"DIS_AV_CMS":0.0,"ORD_STRA":1,"ORD_FLOW":10},"geometry":{"type":"LineString","coordinates":[[55.59374999999875,21.39166666666653],[55.59374999999875,21.397916666666525],[55.59791666666541,21.402083333333174],[55.59791666666541,21.410416666666542]]}},{"type":"Feature","properties":{"HYRIV_ID":20890741,"NEXT_DOWN":20891478,"MAIN_RIV":20892193,"LENGTH_KM":11.37,"CATCH_SKM":35.57,"DIS_AV_CMS":0.0,"ORD_STRA":2,"ORD_FLOW":10},"geometry":{"type":"LineString","coordinates":[[54.031249999998806,21.422916666666517],[54.039583333332104,21.422916666666517],[54.04791666666543,21.41458333333319],[54.04791666666543,21.410416666666542],[54.056249999998755,21.402083333333174],[54.10624999999874,21.402083333333174],[54.1187499999987,21.3895833333332],[54.122916666665446,21.3895833333332]]}},{"type":"Feature","properties":{"HYRIV_ID":20890742,"NEXT_DOWN":20891478,"MAIN_RIV":20892193,"LENGTH_KM":2.1900001,"CATCH_SKM":3.6,"DIS_AV_CMS":0.0,"ORD_STRA":2,"ORD_FLOW":10},"geometry":{"type":"LineString","coordinates":[[54.13124999999877,21.406249999999837],[54.122916666665446,21.397916666666525],[54.122916666665446,21.3895833333332]]}},{"type":"Feature","properties":{"HYRIV_ID":20890743,"NEXT_DOWN":20890890,"MAIN_RIV":20892193,"LENGTH_KM":16.870001,"CATCH_SKM":58.549999,"DIS_AV_CMS":0.0,"ORD_STRA":1,"ORD_FLOW":10},"geometry":{"type":"LineString","coordinates":[[54.26666666666543,21.443749999999845],[54.28124999999872,21.443749999999845],[54.28958333333213,21.435416666666534],[54.29791666666546,21.435416666666534],[54.30208333333209,21.43124999999987],[54.31041666666542,21.43124999999987],[54.31458333333208,21.435416666666534],[54.32291666666541,21.435416666666534],[54.34374999999878,21.41458333333319],[54.36458333333215,21.41458333333319],[54.37708333333211,21.402083333333174],[54.3895833333321,21.402083333333174],[54.397916666665424,21.393749999999862],[54.397916666665424,21.3895833333332]]}},{"type":"Feature","properties":{"HYRIV_ID":20890744,"NEXT_DOWN":20890790,"MAIN_RIV":20892193,"LENGTH_KM":3.61,"CATCH_SKM":21.780001,"DIS_AV_CMS":0.0,"ORD_STRA":1,"ORD_FLOW":10},"geometry":{"type":"LineString","coordinates":[[54.44166666666541,21.406249999999837],[54.44791666666541,21.406249999999837],[54.464583333332115,21.3895833333332],[54.46874999999878,21.3895833333332]]}},{"type":"Feature","properties":{"HYRIV_ID":20890745,"NEXT_DOWN":20890325,"MAIN_RIV":20887902,"LENGTH_KM":8.2799997,"CATCH_SKM":32.380001,"DIS_AV_CMS":0.0,"ORD_STRA":1,"ORD_FLOW":10},"geometry":{"type":"LineString","coordinates":[[55.395833333332035,21.387499999999868],[55.402083333332115,21.393749999999862],[55.402083333332115,21.418749999999854],[55.40624999999878,21.422916666666517],[55.40624999999878,21.43124999999987],[55.402083333332115,21.435416666666534],[55.38541666666541,21.435416666666534],[55.381249999998744,21.43124999999987]]}},{"type":"Feature","properties":{"HYRIV_ID":20890746,"NEXT_DOWN":20890747,"MAIN_RIV":20887939,"LENGTH_KM":2.98,"CATCH_SKM":15.39,"DIS_AV_CMS":0.001,"ORD_STRA":1,"ORD_FLOW":9},"geometry":{"type":"LineString","coordinates":[[55.53333333333211,21.393749999999862],[55.539583333332104,21.393749999999862],[55.54374999999877,21.397916666666525],[55.54791666666543,21.393749999999862],[55.552083333332064,21.393749999999862],[55.55624999999873,21.3895833333332]]}},{"type":"Feature","properties":{"HYRIV_ID":20890747,"NEXT_DOWN":20890696,"MAIN_RIV":20887939,"LENGTH_KM":1.5,"CATCH_SKM":1.8,"DIS_AV_CMS":0.0,"ORD_STRA":2,"ORD_FLOW":10},"geometry":{"type":"LineString","coordinates":[[55.55624999999873,21.3895833333332],[55.56041666666539,21.3895833333332],[55.56458333333205,21.393749999999862],[55.568749999998715,21.393749999999862]]}},{"type":"Feature","properties":{"HYRIV_ID":20890789,"NEXT_DOWN":20890890,"MAIN_RIV":20892193,"LENGTH_KM":11.62,"CATCH_SKM":29.18,"DIS_AV_CMS":0.0,"ORD_STRA":2,"ORD_FLOW":10},"geometry":{"type":"LineString","coordinates":[[54.29791666666546,21.402083333333174],[54.32708333333204,21.402083333333174],[54.33541666666545,21.393749999999862],[54.33541666666545,21.3895833333332],[54.34791666666544,21.3895833333332],[54.352083333332075,21.38541666666655],[54.3895833333321,21.38541666666655],[54.39374999999876,21.3895833333332],[54.397916666665424,21.3895833333332]]}},{"type":"Feature","properties":{"HYRIV_ID":20890790,"NEXT_DOWN":20890831,"MAIN_RIV":20892193,"LENGTH_KM":1.5,"CATCH_SKM":8.5900002,"DIS_AV_CMS":0.0,"ORD_STRA":3,"ORD_FLOW":10},"geometry":{"type":"LineString","coordinates":[[54.46874999999878,21.3895833333332],[54.47291666666544,21.38541666666655],[54.48124999999877,21.38541666666655]]}},{"type":"Feature","properties":{"HYRIV_ID":20890791,"NEXT_DOWN":20891786,"MAIN_RIV":20892240,"LENGTH_KM":4.3600001,"CATCH_SKM":26.98,"DIS_AV_CMS":0.001,"ORD_STRA":1,"ORD_FLOW":9},"geometry":{"type":"LineString","coordinates":[[54.945833333332104,21.420833333333185],[54.95208333333207,21.41458333333319],[54.95208333333207,21.406249999999837],[54.95624999999873,21.402083333333174],[54.95624999999873,21.38541666666655]]}},{"type":"Feature","properties":{"HYRIV_ID":20890792,"NEXT_DOWN":20890570,"MAIN_RIV":20892240,"LENGTH_KM":7.0,"CATCH_SKM":40.369999,"DIS_AV_CMS":0.001,"ORD_STRA":1,"ORD_FLOW":9},"geometry":{"type":"LineString","coordinates":[[55.085416666665395,21.38333333333322],[55.085416666665395,21.402083333333174],[55.08124999999876,21.406249999999837],[55.06041666666536,21.406249999999837],[55.052083333332064,21.41458333333319],[55.04374999999874,21.41458333333319]]}},{"type":"Feature","properties":{"HYRIV_ID":20890793,"NEXT_DOWN":20890695,"MAIN_RIV":20887902,"LENGTH_KM":15.28,"CATCH_SKM":71.739998,"DIS_AV_CMS":0.0,"ORD_STRA":1,"ORD_FLOW":10},"geometry":{"type":"LineString","coordinates":[[55.13541666666538,21.466666666666505],[55.13541666666538,21.456249999999862],[55.131249999998744,21.4520833333332],[55.131249999998744,21.44791666666655],[55.12291666666542,21.439583333333182],[55.12291666666542,21.435416666666534],[55.118749999998755,21.43124999999987],[55.118749999998755,21.427083333333208],[55.12708333333208,21.418749999999854],[55.131249999998744,21.418749999999854],[55.13958333333204,21.410416666666542],[55.13958333333204,21.3895833333332],[55.14374999999879,21.3895833333332],[55.14791666666545,21.38541666666655],[55.152083333332115,21.38541666666655],[55.16041666666541,21.393749999999862],[55.18124999999873,21.393749999999862]]}},{"type":"Feature","properties":{"HYRIV_ID":20890794,"NEXT_DOWN":20890326,"MAIN_RIV":20887939,"LENGTH_KM":6.8600001,"CATCH_SKM":39.580002,"DIS_AV_CMS":0.001,"ORD_STRA":1,"ORD_FLOW":9},"geometry":{"type":"LineString","coordinates":[[55.63749999999874,21.38333333333322],[55.64374999999873,21.3895833333332],[55.647916666665395,21.3895833333332],[55.65624999999869,21.397916666666525],[55.65624999999869,21.402083333333174],[55.660416666665355,21.406249999999837],[55.660416666665355,21.410416666666542],[55.664583333332104,21.41458333333319],[55.664583333332104,21.427083333333208],[55.660416666665355,21.43124999999987]]}},{"type":"Feature","properties":{"HYRIV_ID":20890830,"NEXT_DOWN":20890692,"MAIN_RIV":20892193,"LENGTH_KM":4.7,"CATCH_SKM":24.190001,"DIS_AV_CMS":0.0,"ORD_STRA":1,"ORD_FLOW":10},"geometry":{"type":"LineString","coordinates":[[54.224999999998744,21.381249999999845],[54.24791666666536,21.381249999999845],[54.25624999999877,21.3895833333332],[54.260416666665435,21.3895833333332],[54.2645833333321,21.393749999999862]]}},{"type":"Feature","properties":{"HYRIV_ID":20890831,"NEXT_DOWN":20891085,"MAIN_RIV":20892193,"LENGTH_KM":10.28,"CATCH_SKM":30.18,"DIS_AV_CMS":0.0,"ORD_STRA":3,"ORD_FLOW":10},"geometry":{"type":"LineString","coordinates":[[54.48124999999877,21.38541666666655],[54.4854166666654,21.38541666666655],[54.489583333332064,21.3895833333332],[54.49374999999873,21.3895833333332],[54.49791666666539,21.393749999999862],[54.50208333333205,21.393749999999862],[54.5062499999988,21.3895833333332],[54.510416666665435,21.3895833333332],[54.51874999999876,21.381249999999845],[54.522916666665424,21.381249999999845],[54.53124999999875,21.3895833333332],[54.53124999999875,21.393749999999862],[54.535416666665384,21.397916666666525],[54.53958333333205,21.397916666666525],[54.54791666666546,21.406249999999837],[54.54791666666546,21.410416666666542],[54.55208333333212,21.410416666666542]]}},{"type":"Feature","properties":{"HYRIV_ID":20890832,"NEXT_DOWN":20891786,"MAIN_RIV":20892240,"LENGTH_KM":7.3,"CATCH_SKM":32.970001,"DIS_AV_CMS":0.0,"ORD_STRA":1,"ORD_FLOW":10},"geometry":{"type":"LineString","coordinates":[[54.98541666666543,21.42499999999989],[54.98541666666543,21.402083333333174],[54.97708333333205,21.393749999999862],[54.97708333333205,21.3895833333332],[54.972916666665384,21.38541666666655],[54.972916666665384,21.381249999999845],[54.96458333333206,21.381249999999845],[54.960416666665395,21.38541666666655],[54.95624999999873,21.38541666666655]]}},{"type":"Feature","properties":{"HYRIV_ID":20890833,"NEXT_DOWN":20890325,"MAIN_RIV":20887902,"LENGTH_KM":6.4099998,"CATCH_SKM":13.59,"DIS_AV_CMS":0.0,"ORD_STRA":2,"ORD_FLOW":10},"geometry":{"type":"LineString","coordinates":[[55.368749999998755,21.381249999999845],[55.37708333333208,21.3895833333332],[55.37708333333208,21.393749999999862],[55.381249999998744,21.397916666666525],[55.381249999998744,21.41458333333319],[55.37708333333208,21.418749999999854],[55.37708333333208,21.422916666666517],[55.381249999998744,21.427083333333208],[55.381249999998744,21.43124999999987]]}},{"type":"Feature","properties":{"HYRIV_ID":20890890,"NEXT_DOWN":20890921,"MAIN_RIV":20892193,"LENGTH_KM":5.35,"CATCH_SKM":11.59,"DIS_AV_CMS":0.0,"ORD_STRA":2,"ORD_FLOW":10},"geometry":{"type":"LineString","coordinates":[[54.397916666665424,21.3895833333332],[54.40208333333209,21.38541666666655],[54.41458333333213,21.38541666666655],[54.418749999998795,21.381249999999845],[54.42708333333212,21.381249999999845],[54.431249999998755,21.377083333333182],[54.443749999998744,21.377083333333182]]}},{"type":"Feature","properties":{"HYRIV_ID":20890891,"NEXT_DOWN":20890831,"MAIN_RIV":20892193,"LENGTH_KM":1.5700001,"CATCH_SKM":16.389999,"DIS_AV_CMS":0.0,"ORD_STRA":1,"ORD_FLOW":10},"geometry":{"type":"LineString","coordinates":[[54.48749999999873,21.377083333333182],[54.48124999999877,21.377083333333182],[54.48124999999877,21.38541666666655]]}},{"type":"Feature","properties":{"HYRIV_ID":20890920,"NEXT_DOWN":20890921,"MAIN_RIV":20892193,"LENGTH_KM":0.46,"CATCH_SKM":0.2,"DIS_AV_CMS":0.0,"ORD_STRA":2,"ORD_FLOW":10},"geometry":{"type":"LineString","coordinates":[[54.443749999998744,21.372916666666534],[54.443749999998744,21.377083333333182]]}},{"type":"Feature","properties":{"HYRIV_ID":20890921,"NEXT_DOWN":20890790,"MAIN_RIV":20892193,"LENGTH_KM":4.12,"CATCH_SKM":6.2,"DIS_AV_CMS":0.0,"ORD_STRA":3,"ORD_FLOW":10},"geometry":{"type":"LineString","coordinates":[[54.443749999998744,21.377083333333182],[54.44791666666541,21.377083333333182],[54.45208333333207,21.372916666666534],[54.46041666666537,21.372916666666534],[54.464583333332115,21.377083333333182],[54.464583333332115,21.38541666666655],[54.46874999999878,21.3895833333332]]}},{"type":"Feature","properties":{"HYRIV_ID":20890922,"NEXT_DOWN":20890833,"MAIN_RIV":20887902,"LENGTH_KM":1.16,"CATCH_SKM":11.6,"DIS_AV_CMS":0.0,"ORD_STRA":1,"ORD_FLOW":10},"geometry":{"type":"LineString","coordinates":[[55.368749999998755,21.370833333333202],[55.368749999998755,21.381249999999845]]}},{"type":"Feature","properties":{"HYRIV_ID":20890964,"NEXT_DOWN":20890833,"MAIN_RIV":20887902,"LENGTH_KM":3.08,"CATCH_SKM":16.190001,"DIS_AV_CMS":0.0,"ORD_STRA":1,"ORD_FLOW":10},"geometry":{"type":"LineString","coordinates":[[55.34583333333205,21.36666666666654],[55.36041666666537,21.381249999999845],[55.368749999998755,21.381249999999845]]}},{"type":"Feature","properties":{"HYRIV_ID":20891001,"NEXT_DOWN":20890920,"MAIN_RIV":20892193,"LENGTH_KM":2.99,"CATCH_SKM":4.4,"DIS_AV_CMS":0.0,"ORD_STRA":2,"ORD_FLOW":10},"geometry":{"type":"LineString","coordinates":[[54.418749999998795,21.364583333333165],[54.43541666666542,21.364583333333165],[54.443749999998744,21.372916666666534]]}},{"type":"Feature","properties":{"HYRIV_ID":20891002,"NEXT_DOWN":20891047,"MAIN_RIV":20892193,"LENGTH_KM":3.58,"CATCH_SKM":15.59,"DIS_AV_CMS":0.0,"ORD_STRA":5,"ORD_FLOW":10},"geometry":{"type":"LineString","coordinates":[[54.79374999999874,21.393749999999862],[54.79791666666537,21.3895833333332],[54.79791666666537,21.372916666666534],[54.79374999999874,21.36874999999987],[54.79374999999874,21.364583333333165]]}},{"type":"Feature","properties":{"HYRIV_ID":20891046,"NEXT_DOWN":20891047,"MAIN_RIV":20892193,"LENGTH_KM":12.59,"CATCH_SKM":41.77,"DIS_AV_CMS":0.0,"ORD_STRA":1,"ORD_FLOW":10},"geometry":{"type":"LineString","coordinates":[[54.69166666666541,21.3895833333332],[54.69791666666541,21.3895833333332],[54.70208333333207,21.393749999999862],[54.71458333333206,21.393749999999862],[54.722916666665355,21.38541666666655],[54.73541666666543,21.38541666666655],[54.76041666666546,21.360416666666545],[54.764583333332126,21.360416666666545],[54.76874999999876,21.364583333333165],[54.79374999999874,21.364583333333165]]}},{"type":"Feature","properties":{"HYRIV_ID":20891047,"NEXT_DOWN":20891824,"MAIN_RIV":20892193,"LENGTH_KM":0.46,"CATCH_SKM":0.4,"DIS_AV_CMS":0.0,"ORD_STRA":5,"ORD_FLOW":10},"geometry":{"type":"LineString","coordinates":[[54.79374999999874,21.364583333333165],[54.79374999999874,21.360416666666545]]}},{"type":"Feature","properties":{"HYRIV_ID":20891048,"NEXT_DOWN":20890501,"MAIN_RIV":20887902,"LENGTH_KM":7.3800001,"CATCH_SKM":15.19,"DIS_AV_CMS":0.0,"ORD_STRA":4,"ORD_FLOW":10},"geometry":{"type":"LineString","coordinates":[[55.27291666666545,21.360416666666545],[55.27291666666545,21.364583333333165],[55.26041666666541,21.377083333333182],[55.26041666666541,21.3895833333332],[55.27291666666545,21.402083333333174],[55.27291666666545,21.406249999999837],[55.26458333333204,21.41458333333319]]}},{"type":"Feature","properties":{"HYRIV_ID":20891084,"NEXT_DOWN":20891168,"MAIN_RIV":20892193,"LENGTH_KM":0.65,"CATCH_SKM":11.0,"DIS_AV_CMS":0.0,"ORD_STRA":1,"ORD_FLOW":10},"geometry":{"type":"LineString","coordinates":[[54.62083333333206,21.356249999999854],[54.62708333333205,21.356249999999854]]}},{"type":"Feature","properties":{"HYRIV_ID":20891085,"NEXT_DOWN":20891168,"MAIN_RIV":20892193,"LENGTH_KM":10.39,"CATCH_SKM":57.369999,"DIS_AV_CMS":0.0,"ORD_STRA":5,"ORD_FLOW":10},"geometry":{"type":"LineString","coordinates":[[54.55208333333212,21.410416666666542],[54.55624999999878,21.406249999999837],[54.56041666666542,21.406249999999837],[54.568749999998744,21.397916666666525],[54.57291666666541,21.397916666666525],[54.58124999999873,21.3895833333332],[54.585416666665395,21.3895833333332],[54.59374999999878,21.381249999999845],[54.59791666666544,21.381249999999845],[54.61874999999873,21.360416666666545],[54.62291666666539,21.360416666666545],[54.62708333333205,21.356249999999854]]}},{"type":"Feature","properties":{"HYRIV_ID":20891086,"NEXT_DOWN":20891048,"MAIN_RIV":20887902,"LENGTH_KM":5.21,"CATCH_SKM":19.99,"DIS_AV_CMS":0.0,"ORD_STRA":1,"ORD_FLOW":10},"geometry":{"type":"LineString","coordinates":[[55.31249999999872,21.36666666666654],[55.30624999999873,21.360416666666545],[55.2979166666654,21.360416666666545],[55.29374999999874,21.356249999999854],[55.28541666666544,21.364583333333165],[55.28124999999878,21.364583333333165],[55.277083333332115,21.360416666666545],[55.27291666666545,21.360416666666545]]}},{"type":"Feature","properties":{"HYRIV_ID":20891131,"NEXT_DOWN":20891595,"MAIN_RIV":20892193,"LENGTH_KM":3.1,"CATCH_SKM":15.19,"DIS_AV_CMS":0.0,"ORD_STRA":1,"ORD_FLOW":10},"geometry":{"type":"LineString","coordinates":[[54.10833333333207,21.36874999999987],[54.1187499999987,21.36874999999987],[54.122916666665446,21.364583333333165],[54.122916666665446,21.35208333333319]]}},{"type":"Feature","properties":{"HYRIV_ID":20891132,"NEXT_DOWN":20891824,"MAIN_RIV":20892193,"LENGTH_KM":14.63,"CATCH_SKM":72.169998,"DIS_AV_CMS":0.0,"ORD_STRA":1,"ORD_FLOW":10},"geometry":{"type":"LineString","coordinates":[[54.89791666666545,21.379166666666514],[54.89791666666545,21.364583333333165],[54.88541666666538,21.364583333333165],[54.881249999998715,21.36874999999987],[54.86041666666543,21.36874999999987],[54.85624999999877,21.372916666666534],[54.85208333333202,21.372916666666534],[54.847916666665355,21.377083333333182],[54.83958333333206,21.377083333333182],[54.81874999999877,21.356249999999854],[54.81458333333211,21.356249999999854],[54.810416666665446,21.35208333333319],[54.80624999999878,21.35208333333319],[54.79791666666537,21.360416666666545],[54.79374999999874,21.360416666666545]]}},{"type":"Feature","properties":{"HYRIV_ID":20891133,"NEXT_DOWN":20890368,"MAIN_RIV":20888332,"LENGTH_KM":10.96,"CATCH_SKM":43.580002,"DIS_AV_CMS":0.0,"ORD_STRA":1,"ORD_FLOW":10},"geometry":{"type":"LineString","coordinates":[[55.427083333332064,21.34999999999986],[55.427083333332064,21.381249999999845],[55.43124999999873,21.38541666666655],[55.4229166666654,21.393749999999862],[55.427083333332064,21.397916666666525],[55.43124999999873,21.397916666666525],[55.43958333333205,21.406249999999837],[55.443749999998715,21.406249999999837],[55.44791666666535,21.410416666666542],[55.44791666666535,21.418749999999854],[55.45624999999876,21.427083333333208]]}},{"type":"Feature","properties":{"HYRIV_ID":20891167,"NEXT_DOWN":20891595,"MAIN_RIV":20892193,"LENGTH_KM":17.52,"CATCH_SKM":37.380001,"DIS_AV_CMS":0.0,"ORD_STRA":3,"ORD_FLOW":10},"geometry":{"type":"LineString","coordinates":[[53.977083333332075,21.38541666666655],[54.00208333333211,21.38541666666655],[54.01458333333207,21.372916666666534],[54.03541666666547,21.372916666666534],[54.04374999999877,21.364583333333165],[54.056249999998755,21.364583333333165],[54.06041666666542,21.36874999999987],[54.068749999998715,21.36874999999987],[54.07291666666546,21.364583333333165],[54.077083333332126,21.364583333333165],[54.08124999999879,21.360416666666545],[54.08541666666545,21.360416666666545],[54.089583333332115,21.356249999999854],[54.09374999999875,21.356249999999854],[54.09791666666541,21.35208333333319],[54.102083333332075,21.35208333333319],[54.10624999999874,21.347916666666528],[54.114583333332064,21.347916666666528],[54.1187499999987,21.35208333333319],[54.122916666665446,21.35208333333319]]}},{"type":"Feature","properties":{"HYRIV_ID":20891168,"NEXT_DOWN":20891479,"MAIN_RIV":20892193,"LENGTH_KM":1.7,"CATCH_SKM":5.8,"DIS_AV_CMS":0.0,"ORD_STRA":5,"ORD_FLOW":10},"geometry":{"type":"LineString","coordinates":[[54.62708333333205,21.356249999999854],[54.6312499999988,21.356249999999854],[54.6395833333321,21.347916666666528]]}},{"type":"Feature","properties":{"HYRIV_ID":20891169,"NEXT_DOWN":20890696,"MAIN_RIV":20887939,"LENGTH_KM":5.75,"CATCH_SKM":22.59,"DIS_AV_CMS":0.0,"ORD_STRA":1,"ORD_FLOW":10},"geometry":{"type":"LineString","coordinates":[[55.55833333333206,21.34583333333321],[55.568749999998715,21.356249999999854],[55.568749999998715,21.393749999999862]]}},{"type":"Feature","properties":{"HYRIV_ID":20891203,"NEXT_DOWN":20891001,"MAIN_RIV":20892193,"LENGTH_KM":5.56,"CATCH_SKM":16.99,"DIS_AV_CMS":0.0,"ORD_STRA":2,"ORD_FLOW":10},"geometry":{"type":"LineString","coordinates":[[54.38124999999877,21.34374999999988],[54.38124999999877,21.347916666666528],[54.385416666665435,21.35208333333319],[54.3895833333321,21.35208333333319],[54.39374999999876,21.356249999999854],[54.397916666665424,21.356249999999854],[54.40208333333209,21.35208333333319],[54.40624999999872,21.356249999999854],[54.41041666666547,21.356249999999854],[54.418749999998795,21.364583333333165]]}},{"type":"Feature","properties":{"HYRIV_ID":20891247,"NEXT_DOWN":20891203,"MAIN_RIV":20892193,"LENGTH_KM":8.5,"CATCH_SKM":39.779999,"DIS_AV_CMS":0.0,"ORD_STRA":1,"ORD_FLOW":10},"geometry":{"type":"LineString","coordinates":[[54.31666666666541,21.364583333333165],[54.32291666666541,21.364583333333165],[54.32708333333204,21.36874999999987],[54.33541666666545,21.360416666666545],[54.34374999999878,21.360416666666545],[54.34791666666544,21.356249999999854],[54.35624999999874,21.356249999999854],[54.37291666666539,21.339583333333174],[54.37708333333211,21.339583333333174],[54.38124999999877,21.34374999999988]]}},{"type":"Feature","properties":{"HYRIV_ID":20891248,"NEXT_DOWN":20890920,"MAIN_RIV":20892193,"LENGTH_KM":5.9099998,"CATCH_SKM":25.190001,"DIS_AV_CMS":0.0,"ORD_STRA":1,"ORD_FLOW":10},"geometry":{"type":"LineString","coordinates":[[54.479166666665435,21.337499999999842],[54.46874999999878,21.347916666666528],[54.464583333332115,21.347916666666528],[54.456249999998704,21.356249999999854],[54.45208333333207,21.356249999999854],[54.44791666666541,21.360416666666545],[54.44791666666541,21.364583333333165],[54.443749999998744,21.36874999999987],[54.443749999998744,21.372916666666534]]}},{"type":"Feature","properties":{"HYRIV_ID":20891292,"NEXT_DOWN":20891001,"MAIN_RIV":20892193,"LENGTH_KM":4.58,"CATCH_SKM":19.59,"DIS_AV_CMS":0.0,"ORD_STRA":1,"ORD_FLOW":10},"geometry":{"type":"LineString","coordinates":[[54.445833333332075,21.333333333333194],[54.418749999998795,21.360416666666545],[54.418749999998795,21.364583333333165]]}},{"type":"Feature","properties":{"HYRIV_ID":20891293,"NEXT_DOWN":20891294,"MAIN_RIV":20887902,"LENGTH_KM":1.51,"CATCH_SKM":14.2,"DIS_AV_CMS":0.0,"ORD_STRA":1,"ORD_FLOW":10},"geometry":{"type":"LineString","coordinates":[[55.13749999999871,21.33541666666651],[55.152083333332115,21.33541666666651]]}},{"type":"Feature","properties":{"HYRIV_ID":20891294,"NEXT_DOWN":20890695,"MAIN_RIV":20887902,"LENGTH_KM":7.6700001,"CATCH_SKM":24.389999,"DIS_AV_CMS":0.0,"ORD_STRA":2,"ORD_FLOW":10},"geometry":{"type":"LineString","coordinates":[[55.152083333332115,21.33541666666651],[55.152083333332115,21.34374999999988],[55.15624999999878,21.347916666666528],[55.15624999999878,21.356249999999854],[55.16041666666541,21.360416666666545],[55.16041666666541,21.364583333333165],[55.18124999999873,21.38541666666655],[55.18124999999873,21.393749999999862]]}},{"type":"Feature","properties":{"HYRIV_ID":20891295,"NEXT_DOWN":20890501,"MAIN_RIV":20887902,"LENGTH_KM":11.25,"CATCH_SKM":42.189999,"DIS_AV_CMS":0.0,"ORD_STRA":1,"ORD_FLOW":10},"geometry":{"type":"LineString","coordinates":[[55.21666666666539,21.333333333333194],[55.222916666665384,21.339583333333174],[55.222916666665384,21.347916666666528],[55.23541666666537,21.360416666666545],[55.23958333333209,21.360416666666545],[55.243749999998755,21.364583333333165],[55.243749999998755,21.38541666666655],[55.24791666666542,21.3895833333332],[55.24791666666542,21.393749999999862],[55.26458333333204,21.410416666666542],[55.26458333333204,21.41458333333319]]}},{"type":"Feature","properties":{"HYRIV_ID":20891333,"NEXT_DOWN":20890413,"MAIN_RIV":20887902,"LENGTH_KM":14.0,"CATCH_SKM":39.380001,"DIS_AV_CMS":0.0,"ORD_STRA":1,"ORD_FLOW":10},"geometry":{"type":"LineString","coordinates":[[55.189583333332024,21.32916666666653],[55.189583333332024,21.339583333333174],[55.19374999999877,21.34374999999988],[55.2020833333321,21.34374999999988],[55.210416666665424,21.35208333333319],[55.210416666665424,21.360416666666545],[55.22708333333205,21.377083333333182],[55.22708333333205,21.381249999999845],[55.222916666665384,21.38541666666655],[55.23958333333209,21.402083333333174],[55.23958333333209,21.406249999999837],[55.256249999998744,21.422916666666517]]}},{"type":"Feature","properties":{"HYRIV_ID":20891370,"NEXT_DOWN":20891294,"MAIN_RIV":20887902,"LENGTH_KM":1.41,"CATCH_SKM":12.6,"DIS_AV_CMS":0.0,"ORD_STRA":1,"ORD_FLOW":10},"geometry":{"type":"LineString","coordinates":[[55.14583333333212,21.324999999999868],[55.152083333332115,21.331249999999862],[55.152083333332115,21.33541666666651]]}},{"type":"Feature","properties":{"HYRIV_ID":20891449,"NEXT_DOWN":20891203,"MAIN_RIV":20892193,"LENGTH_KM":8.0600004,"CATCH_SKM":30.200001,"DIS_AV_CMS":0.0,"ORD_STRA":1,"ORD_FLOW":10},"geometry":{"type":"LineString","coordinates":[[54.43749999999875,21.316666666666514],[54.42708333333212,21.3270833333332],[54.397916666665424,21.3270833333332],[54.39374999999876,21.322916666666536],[54.385416666665435,21.331249999999862],[54.385416666665435,21.339583333333174],[54.38124999999877,21.34374999999988]]}},{"type":"Feature","properties":{"HYRIV_ID":20891450,"NEXT_DOWN":20891451,"MAIN_RIV":20887939,"LENGTH_KM":11.32,"CATCH_SKM":38.189999,"DIS_AV_CMS":0.0,"ORD_STRA":2,"ORD_FLOW":10},"geometry":{"type":"LineString","coordinates":[[55.660416666665355,21.339583333333174],[55.664583333332104,21.339583333333174],[55.66874999999877,21.34374999999988],[55.67708333333209,21.34374999999988],[55.68958333333205,21.331249999999862],[55.706249999998704,21.347916666666528],[55.71458333333209,21.339583333333174],[55.71874999999875,21.339583333333174],[55.72291666666541,21.33541666666651],[55.72291666666541,21.331249999999862],[55.73124999999874,21.322916666666536],[55.73124999999874,21.318749999999845],[55.73541666666537,21.318749999999845]]}},{"type":"Feature","properties":{"HYRIV_ID":20891478,"NEXT_DOWN":20891596,"MAIN_RIV":20892193,"LENGTH_KM":26.040001,"CATCH_SKM":64.370003,"DIS_AV_CMS":0.0,"ORD_STRA":3,"ORD_FLOW":10},"geometry":{"type":"LineString","coordinates":[[54.122916666665446,21.3895833333332],[54.12708333333211,21.38541666666655],[54.135416666665435,21.38541666666655],[54.14374999999873,21.377083333333182],[54.147916666665395,21.377083333333182],[54.15208333333206,21.372916666666534],[54.156249999998806,21.372916666666534],[54.16041666666547,21.377083333333182],[54.16458333333213,21.372916666666534],[54.17708333333209,21.372916666666534],[54.181249999998755,21.36874999999987],[54.21041666666545,21.36874999999987],[54.214583333332115,21.364583333333165],[54.227083333332075,21.364583333333165],[54.23124999999874,21.360416666666545],[54.25208333333211,21.360416666666545],[54.25624999999877,21.356249999999854],[54.26874999999876,21.356249999999854],[54.293749999998795,21.331249999999862],[54.29791666666546,21.331249999999862],[54.30208333333209,21.3270833333332],[54.31458333333208,21.3270833333332],[54.318749999998744,21.322916666666536],[54.32708333333204,21.322916666666536],[54.33541666666545,21.314583333333182]]}},{"type":"Feature","properties":{"HYRIV_ID":20891479,"NEXT_DOWN":20891525,"MAIN_RIV":20892193,"LENGTH_KM":8.0900002,"CATCH_SKM":34.790001,"DIS_AV_CMS":0.0,"ORD_STRA":5,"ORD_FLOW":10},"geometry":{"type":"LineString","coordinates":[[54.6395833333321,21.347916666666528],[54.647916666665424,21.347916666666528],[54.65208333333209,21.34374999999988],[54.65624999999875,21.34374999999988],[54.66458333333205,21.33541666666651],[54.67291666666546,21.33541666666651],[54.67708333333212,21.331249999999862],[54.68124999999878,21.331249999999862],[54.693749999998744,21.318749999999845],[54.69791666666541,21.318749999999845],[54.70208333333207,21.314583333333182]]}},{"type":"Feature","properties":{"HYRIV_ID":20891480,"NEXT_DOWN":20891048,"MAIN_RIV":20887902,"LENGTH_KM":8.6800003,"CATCH_SKM":44.189999,"DIS_AV_CMS":0.0,"ORD_STRA":4,"ORD_FLOW":10},"geometry":{"type":"LineString","coordinates":[[55.31874999999869,21.314583333333182],[55.31874999999869,21.318749999999845],[55.31458333333205,21.322916666666536],[55.30624999999873,21.322916666666536],[55.302083333332064,21.318749999999845],[55.2979166666654,21.318749999999845],[55.289583333332104,21.3270833333332],[55.289583333332104,21.331249999999862],[55.277083333332115,21.34374999999988],[55.277083333332115,21.356249999999854],[55.27291666666545,21.360416666666545]]}},{"type":"Feature","properties":{"HYRIV_ID":20891481,"NEXT_DOWN":20889530,"MAIN_RIV":20888332,"LENGTH_KM":30.450001,"CATCH_SKM":81.330002,"DIS_AV_CMS":0.0,"ORD_STRA":2,"ORD_FLOW":10},"geometry":{"type":"LineString","coordinates":[[55.46458333333209,21.314583333333182],[55.46458333333209,21.318749999999845],[55.46874999999875,21.322916666666536],[55.46874999999875,21.331249999999862],[55.46458333333209,21.33541666666651],[55.46458333333209,21.360416666666545],[55.46874999999875,21.364583333333165],[55.47708333333205,21.364583333333165],[55.48124999999871,21.36874999999987],[55.48124999999871,21.397916666666525],[55.47708333333205,21.402083333333174],[55.47708333333205,21.418749999999854],[55.48124999999871,21.422916666666517],[55.50208333333208,21.422916666666517],[55.51874999999873,21.439583333333182],[55.51874999999873,21.443749999999845],[55.51458333333207,21.44791666666655],[55.51874999999873,21.4520833333332],[55.51458333333207,21.456249999999862],[55.51874999999873,21.460416666666525],[55.51874999999873,21.468749999999837],[55.522916666665395,21.4729166666665],[55.522916666665395,21.477083333333205],[55.539583333332104,21.49374999999987],[55.552083333332064,21.49374999999987],[55.568749999998715,21.510416666666508],[55.568749999998715,21.514583333333213]]}},{"type":"Feature","properties":{"HYRIV_ID":20891524,"NEXT_DOWN":20891479,"MAIN_RIV":20892193,"LENGTH_KM":10.05,"CATCH_SKM":42.389999,"DIS_AV_CMS":0.0,"ORD_STRA":1,"ORD_FLOW":10},"geometry":{"type":"LineString","coordinates":[[54.585416666665395,21.333333333333194],[54.585416666665395,21.3270833333332],[54.58958333333203,21.322916666666536],[54.59791666666544,21.322916666666536],[54.61041666666543,21.31041666666652],[54.614583333332064,21.31041666666652],[54.62708333333205,21.322916666666536],[54.62291666666539,21.3270833333332],[54.6395833333321,21.34374999999988],[54.6395833333321,21.347916666666528]]}},{"type":"Feature","properties":{"HYRIV_ID":20891525,"NEXT_DOWN":20891998,"MAIN_RIV":20892193,"LENGTH_KM":1.93,"CATCH_SKM":4.2,"DIS_AV_CMS":0.0,"ORD_STRA":5,"ORD_FLOW":10},"geometry":{"type":"LineString","coordinates":[[54.70208333333207,21.314583333333182],[54.70624999999873,21.314583333333182],[54.710416666665395,21.31041666666652],[54.71874999999869,21.31041666666652]]}},{"type":"Feature","properties":{"HYRIV_ID":20891526,"NEXT_DOWN":20891998,"MAIN_RIV":20892193,"LENGTH_KM":6.5900002,"CATCH_SKM":36.389999,"DIS_AV_CMS":0.001,"ORD_STRA":1,"ORD_FLOW":9},"geometry":{"type":"LineString","coordinates":[[54.69999999999874,21.356249999999854],[54.70624999999873,21.356249999999854],[54.71874999999869,21.34374999999988],[54.71874999999869,21.339583333333174],[54.71458333333206,21.33541666666651],[54.71874999999869,21.331249999999862],[54.71874999999869,21.31041666666652]]}},{"type":"Feature","properties":{"HYRIV_ID":20891527,"NEXT_DOWN":20891481,"MAIN_RIV":20888332,"LENGTH_KM":1.84,"CATCH_SKM":11.6,"DIS_AV_CMS":0.0,"ORD_STRA":1,"ORD_FLOW":10},"geometry":{"type":"LineString","coordinates":[[55.45416666666543,21.316666666666514],[55.460416666665424,21.31041666666652],[55.46458333333209,21.31041666666652],[55.46458333333209,21.314583333333182]]}},{"type":"Feature","properties":{"HYRIV_ID":20891557,"NEXT_DOWN":20892163,"MAIN_RIV":20892193,"LENGTH_KM":26.34,"CATCH_SKM":81.379997,"DIS_AV_CMS":0.0,"ORD_STRA":1,"ORD_FLOW":10},"geometry":{"type":"LineString","coordinates":[[54.029166666665475,21.339583333333174],[54.03541666666547,21.339583333333174],[54.039583333332104,21.33541666666651],[54.056249999998755,21.33541666666651],[54.06041666666542,21.331249999999862],[54.08124999999879,21.331249999999862],[54.08541666666545,21.3270833333332],[54.10624999999874,21.3270833333332],[54.114583333332064,21.318749999999845],[54.122916666665446,21.318749999999845],[54.12708333333211,21.322916666666536],[54.13124999999877,21.322916666666536],[54.135416666665435,21.3270833333332],[54.1395833333321,21.3270833333332],[54.14374999999873,21.331249999999862],[54.17291666666543,21.331249999999862],[54.17708333333209,21.3270833333332],[54.18541666666542,21.3270833333332],[54.193749999998744,21.318749999999845],[54.22291666666541,21.318749999999845],[54.227083333332075,21.314583333333182],[54.23124999999874,21.314583333333182],[54.2354166666654,21.31041666666652],[54.25208333333211,21.31041666666652],[54.25624999999877,21.30624999999987]]}},{"type":"Feature","properties":{"HYRIV_ID":20891558,"NEXT_DOWN":20891787,"MAIN_RIV":20892240,"LENGTH_KM":15.24,"CATCH_SKM":56.98,"DIS_AV_CMS":0.0,"ORD_STRA":2,"ORD_FLOW":10},"geometry":{"type":"LineString","coordinates":[[55.03124999999875,21.406249999999837],[55.027083333332115,21.402083333333174],[55.027083333332115,21.36874999999987],[55.006249999998715,21.347916666666528],[54.98124999999877,21.347916666666528],[54.972916666665384,21.339583333333174],[54.972916666665384,21.31041666666652],[54.96874999999872,21.30624999999987]]}},{"type":"Feature","properties":{"HYRIV_ID":20891559,"NEXT_DOWN":20891787,"MAIN_RIV":20892240,"LENGTH_KM":0.65,"CATCH_SKM":12.4,"DIS_AV_CMS":0.0,"ORD_STRA":1,"ORD_FLOW":10},"geometry":{"type":"LineString","coordinates":[[54.9749999999988,21.30624999999987],[54.96874999999872,21.30624999999987]]}},{"type":"Feature","properties":{"HYRIV_ID":20891560,"NEXT_DOWN":20891825,"MAIN_RIV":20892432,"LENGTH_KM":6.77,"CATCH_SKM":32.389999,"DIS_AV_CMS":0.001,"ORD_STRA":1,"ORD_FLOW":9},"geometry":{"type":"LineString","coordinates":[[55.04583333333207,21.354166666666522],[55.039583333332075,21.347916666666528],[55.04374999999874,21.34374999999988],[55.04374999999874,21.339583333333174],[55.03124999999875,21.3270833333332],[55.03124999999875,21.318749999999845],[55.04374999999874,21.30624999999987]]}},{"type":"Feature","properties":{"HYRIV_ID":20891561,"NEXT_DOWN":20891825,"MAIN_RIV":20892432,"LENGTH_KM":5.4200001,"CATCH_SKM":27.190001,"DIS_AV_CMS":0.001,"ORD_STRA":1,"ORD_FLOW":9},"geometry":{"type":"LineString","coordinates":[[55.06874999999877,21.34583333333321],[55.06874999999877,21.339583333333174],[55.0562499999987,21.3270833333332],[55.0562499999987,21.322916666666536],[55.04374999999874,21.31041666666652],[55.04374999999874,21.30624999999987]]}},{"type":"Feature","properties":{"HYRIV_ID":20891562,"NEXT_DOWN":20891875,"MAIN_RIV":20887902,"LENGTH_KM":1.56,"CATCH_SKM":16.0,"DIS_AV_CMS":0.001,"ORD_STRA":1,"ORD_FLOW":9},"geometry":{"type":"LineString","coordinates":[[55.39791666666537,21.31249999999985],[55.39791666666537,21.30624999999987],[55.38958333333207,21.30624999999987]]}},{"type":"Feature","properties":{"HYRIV_ID":20891563,"NEXT_DOWN":20890747,"MAIN_RIV":20887939,"LENGTH_KM":12.39,"CATCH_SKM":37.389999,"DIS_AV_CMS":0.0,"ORD_STRA":1,"ORD_FLOW":10},"geometry":{"type":"LineString","coordinates":[[55.52499999999873,21.30416666666654],[55.53124999999869,21.31041666666652],[55.522916666665395,21.318749999999845],[55.522916666665395,21.331249999999862],[55.51874999999873,21.33541666666651],[55.53124999999869,21.347916666666528],[55.53541666666544,21.347916666666528],[55.54374999999877,21.356249999999854],[55.54374999999877,21.36874999999987],[55.55624999999873,21.381249999999845],[55.552083333332064,21.38541666666655],[55.55624999999873,21.3895833333332]]}},{"type":"Feature","properties":{"HYRIV_ID":20891595,"NEXT_DOWN":20892189,"MAIN_RIV":20892193,"LENGTH_KM":24.83,"CATCH_SKM":55.189999,"DIS_AV_CMS":0.0,"ORD_STRA":3,"ORD_FLOW":10},"geometry":{"type":"LineString","coordinates":[[54.122916666665446,21.35208333333319],[54.13124999999877,21.35208333333319],[54.135416666665435,21.356249999999854],[54.16458333333213,21.356249999999854],[54.16874999999877,21.35208333333319],[54.18958333333208,21.35208333333319],[54.202083333332126,21.339583333333174],[54.227083333332075,21.339583333333174],[54.2354166666654,21.331249999999862],[54.26874999999876,21.331249999999862],[54.272916666665424,21.3270833333332],[54.28124999999872,21.3270833333332],[54.28541666666547,21.322916666666536],[54.28958333333213,21.322916666666536],[54.293749999998795,21.318749999999845],[54.30208333333209,21.318749999999845],[54.306249999998755,21.314583333333182],[54.31041666666542,21.314583333333182],[54.31458333333208,21.31041666666652],[54.318749999998744,21.31041666666652],[54.32291666666541,21.30624999999987],[54.32708333333204,21.30624999999987],[54.331249999998704,21.302083333333208],[54.33541666666545,21.302083333333208]]}},{"type":"Feature","properties":{"HYRIV_ID":20891596,"NEXT_DOWN":20892189,"MAIN_RIV":20892193,"LENGTH_KM":1.39,"CATCH_SKM":1.0,"DIS_AV_CMS":0.0,"ORD_STRA":3,"ORD_FLOW":10},"geometry":{"type":"LineString","coordinates":[[54.33541666666545,21.314583333333182],[54.33541666666545,21.302083333333208]]}},{"type":"Feature","properties":{"HYRIV_ID":20891597,"NEXT_DOWN":20891596,"MAIN_RIV":20892193,"LENGTH_KM":8.2600002,"CATCH_SKM":37.0,"DIS_AV_CMS":0.0,"ORD_STRA":1,"ORD_FLOW":10},"geometry":{"type":"LineString","coordinates":[[54.40833333333205,21.299999999999876],[54.40208333333209,21.30624999999987],[54.39374999999876,21.30624999999987],[54.3895833333321,21.31041666666652],[54.34791666666544,21.31041666666652],[54.34374999999878,21.314583333333182],[54.33541666666545,21.314583333333182]]}},{"type":"Feature","properties":{"HYRIV_ID":20891630,"NEXT_DOWN":20891525,"MAIN_RIV":20892193,"LENGTH_KM":3.29,"CATCH_SKM":21.8,"DIS_AV_CMS":0.001,"ORD_STRA":1,"ORD_FLOW":9},"geometry":{"type":"LineString","coordinates":[[54.685416666665446,21.29583333333317],[54.685416666665446,21.30624999999987],[54.693749999998744,21.314583333333182],[54.70208333333207,21.314583333333182]]}},{"type":"Feature","properties":{"HYRIV_ID":20891704,"NEXT_DOWN":20892163,"MAIN_RIV":20892193,"LENGTH_KM":7.27,"CATCH_SKM":27.4,"DIS_AV_CMS":0.0,"ORD_STRA":1,"ORD_FLOW":10},"geometry":{"type":"LineString","coordinates":[[54.20416666666546,21.297916666666545],[54.21041666666545,21.297916666666545],[54.214583333332115,21.302083333333208],[54.22291666666541,21.293749999999854],[54.23124999999874,21.293749999999854],[54.2354166666654,21.28958333333319],[54.239583333332064,21.293749999999854],[54.239583333332064,21.297916666666545],[54.24374999999873,21.302083333333208],[54.25208333333211,21.302083333333208],[54.25624999999877,21.30624999999987]]}},{"type":"Feature","properties":{"HYRIV_ID":20891705,"NEXT_DOWN":20891481,"MAIN_RIV":20888332,"LENGTH_KM":3.6900001,"CATCH_SKM":15.8,"DIS_AV_CMS":0.001,"ORD_STRA":1,"ORD_FLOW":9},"geometry":{"type":"LineString","coordinates":[[55.46458333333209,21.28749999999986],[55.46458333333209,21.297916666666545],[55.46874999999875,21.302083333333208],[55.46458333333209,21.30624999999987],[55.46874999999875,21.31041666666652],[55.46458333333209,21.314583333333182]]}},{"type":"Feature","properties":{"HYRIV_ID":20891744,"NEXT_DOWN":20891823,"MAIN_RIV":20892193,"LENGTH_KM":2.1600001,"CATCH_SKM":3.8,"DIS_AV_CMS":0.0,"ORD_STRA":5,"ORD_FLOW":10},"geometry":{"type":"LineString","coordinates":[[54.55624999999878,21.285416666666528],[54.57708333333207,21.285416666666528]]}},{"type":"Feature","properties":{"HYRIV_ID":20891745,"NEXT_DOWN":20891823,"MAIN_RIV":20892193,"LENGTH_KM":7.3400002,"CATCH_SKM":32.0,"DIS_AV_CMS":0.0,"ORD_STRA":1,"ORD_FLOW":10},"geometry":{"type":"LineString","coordinates":[[54.537499999998715,21.32916666666653],[54.543749999998795,21.322916666666536],[54.543749999998795,21.318749999999845],[54.56041666666542,21.302083333333208],[54.568749999998744,21.302083333333208],[54.58124999999873,21.28958333333319],[54.57708333333207,21.285416666666528]]}},{"type":"Feature","properties":{"HYRIV_ID":20891784,"NEXT_DOWN":20891785,"MAIN_RIV":20892193,"LENGTH_KM":1.71,"CATCH_SKM":13.0,"DIS_AV_CMS":0.0,"ORD_STRA":1,"ORD_FLOW":10},"geometry":{"type":"LineString","coordinates":[[54.51666666666543,21.285416666666528],[54.522916666665424,21.285416666666528],[54.52708333333209,21.28124999999988],[54.53124999999875,21.28124999999988]]}},{"type":"Feature","properties":{"HYRIV_ID":20891785,"NEXT_DOWN":20891744,"MAIN_RIV":20892193,"LENGTH_KM":2.79,"CATCH_SKM":4.8,"DIS_AV_CMS":0.0,"ORD_STRA":5,"ORD_FLOW":10},"geometry":{"type":"LineString","coordinates":[[54.53124999999875,21.28124999999988],[54.535416666665384,21.28124999999988],[54.53958333333205,21.285416666666528],[54.55624999999878,21.285416666666528]]}},{"type":"Feature","properties":{"HYRIV_ID":20891786,"NEXT_DOWN":20891911,"MAIN_RIV":20892240,"LENGTH_KM":13.45,"CATCH_SKM":41.990002,"DIS_AV_CMS":0.0,"ORD_STRA":2,"ORD_FLOW":10},"geometry":{"type":"LineString","coordinates":[[54.95624999999873,21.38541666666655],[54.95208333333207,21.381249999999845],[54.95624999999873,21.377083333333182],[54.94374999999877,21.364583333333165],[54.94374999999877,21.360416666666545],[54.93958333333211,21.356249999999854],[54.93958333333211,21.34374999999988],[54.935416666665446,21.339583333333174],[54.935416666665446,21.331249999999862],[54.93958333333211,21.3270833333332],[54.93958333333211,21.31041666666652],[54.94374999999877,21.30624999999987],[54.94374999999877,21.302083333333208],[54.947916666665435,21.297916666666545],[54.94374999999877,21.293749999999854],[54.94374999999877,21.28124999999988]]}},{"type":"Feature","properties":{"HYRIV_ID":20891787,"NEXT_DOWN":20891911,"MAIN_RIV":20892240,"LENGTH_KM":4.06,"CATCH_SKM":9.6,"DIS_AV_CMS":0.0,"ORD_STRA":2,"ORD_FLOW":10},"geometry":{"type":"LineString","coordinates":[[54.96874999999872,21.30624999999987],[54.960416666665395,21.297916666666545],[54.960416666665395,21.293749999999854],[54.947916666665435,21.28124999999988],[54.94374999999877,21.28124999999988]]}},{"type":"Feature","properties":{"HYRIV_ID":20891788,"NEXT_DOWN":20890079,"MAIN_RIV":20887939,"LENGTH_KM":38.900002,"CATCH_SKM":119.14,"DIS_AV_CMS":0.0,"ORD_STRA":1,"ORD_FLOW":10},"geometry":{"type":"LineString","coordinates":[[55.497916666665446,21.279166666666548],[55.497916666665446,21.285416666666528],[55.49374999999878,21.28958333333319],[55.49374999999878,21.302083333333208],[55.48541666666537,21.31041666666652],[55.48541666666537,21.318749999999845],[55.50208333333208,21.33541666666651],[55.50208333333208,21.34374999999988],[55.506249999998744,21.347916666666528],[55.50208333333208,21.35208333333319],[55.50208333333208,21.356249999999854],[55.497916666665446,21.360416666666545],[55.497916666665446,21.3895833333332],[55.50208333333208,21.393749999999862],[55.50208333333208,21.397916666666525],[55.506249999998744,21.402083333333174],[55.51874999999873,21.402083333333174],[55.53124999999869,21.41458333333319],[55.53124999999869,21.435416666666534],[55.53541666666544,21.439583333333182],[55.54374999999877,21.439583333333182],[55.55624999999873,21.427083333333208],[55.56458333333205,21.435416666666534],[55.56041666666539,21.439583333333182],[55.56458333333205,21.443749999999845],[55.57291666666538,21.443749999999845],[55.57708333333204,21.44791666666655],[55.59374999999875,21.44791666666655],[55.59791666666541,21.4520833333332],[55.614583333332035,21.4520833333332],[55.61874999999878,21.44791666666655],[55.622916666665446,21.4520833333332],[55.62708333333211,21.4520833333332],[55.631249999998744,21.456249999999862],[55.65208333333206,21.456249999999862],[55.65624999999869,21.460416666666525],[55.660416666665355,21.456249999999862],[55.664583333332104,21.456249999999862]]}},{"type":"Feature","properties":{"HYRIV_ID":20891823,"NEXT_DOWN":20892123,"MAIN_RIV":20892193,"LENGTH_KM":2.56,"CATCH_SKM":7.0,"DIS_AV_CMS":0.0,"ORD_STRA":5,"ORD_FLOW":10},"geometry":{"type":"LineString","coordinates":[[54.57708333333207,21.285416666666528],[54.58124999999873,21.28124999999988],[54.58958333333203,21.28124999999988],[54.59374999999878,21.277083333333174],[54.59791666666544,21.277083333333174]]}},{"type":"Feature","properties":{"HYRIV_ID":20891824,"NEXT_DOWN":20891999,"MAIN_RIV":20892193,"LENGTH_KM":10.46,"CATCH_SKM":44.990002,"DIS_AV_CMS":0.0,"ORD_STRA":5,"ORD_FLOW":10},"geometry":{"type":"LineString","coordinates":[[54.79374999999874,21.360416666666545],[54.79374999999874,21.356249999999854],[54.789583333332075,21.35208333333319],[54.789583333332075,21.347916666666528],[54.77708333333209,21.33541666666651],[54.77708333333209,21.331249999999862],[54.76874999999876,21.322916666666536],[54.772916666665424,21.318749999999845],[54.772916666665424,21.277083333333174]]}},{"type":"Feature","properties":{"HYRIV_ID":20891825,"NEXT_DOWN":20891869,"MAIN_RIV":20892432,"LENGTH_KM":3.9200001,"CATCH_SKM":9.2,"DIS_AV_CMS":0.0,"ORD_STRA":2,"ORD_FLOW":10},"geometry":{"type":"LineString","coordinates":[[55.04374999999874,21.30624999999987],[55.0562499999987,21.293749999999854],[55.0562499999987,21.28124999999988],[55.06041666666536,21.277083333333174]]}},{"type":"Feature","properties":{"HYRIV_ID":20891868,"NEXT_DOWN":20891869,"MAIN_RIV":20892432,"LENGTH_KM":1.38,"CATCH_SKM":12.0,"DIS_AV_CMS":0.0,"ORD_STRA":1,"ORD_FLOW":10},"geometry":{"type":"LineString","coordinates":[[55.04999999999873,21.27083333333318],[55.0562499999987,21.277083333333174],[55.06041666666536,21.277083333333174]]}},{"type":"Feature","properties":{"HYRIV_ID":20891869,"NEXT_DOWN":20892127,"MAIN_RIV":20892432,"LENGTH_KM":0.63,"CATCH_SKM":0.4,"DIS_AV_CMS":0.001,"ORD_STRA":2,"ORD_FLOW":9},"geometry":{"type":"LineString","coordinates":[[55.06041666666536,21.277083333333174],[55.06458333333211,21.27291666666651]]}},{"type":"Feature","properties":{"HYRIV_ID":20891870,"NEXT_DOWN":20892127,"MAIN_RIV":20892432,"LENGTH_KM":9.08,"CATCH_SKM":39.599998,"DIS_AV_CMS":0.001,"ORD_STRA":1,"ORD_FLOW":9},"geometry":{"type":"LineString","coordinates":[[55.11458333333209,21.299999999999876],[55.11458333333209,21.30624999999987],[55.11041666666543,21.31041666666652],[55.10624999999871,21.31041666666652],[55.10208333333205,21.314583333333182],[55.097916666665384,21.314583333333182],[55.09374999999872,21.31041666666652],[55.09374999999872,21.30624999999987],[55.085416666665395,21.297916666666545],[55.085416666665395,21.293749999999854],[55.072916666665435,21.28124999999988],[55.072916666665435,21.277083333333174],[55.06874999999877,21.27291666666651],[55.06458333333211,21.27291666666651]]}},{"type":"Feature","properties":{"HYRIV_ID":20891871,"NEXT_DOWN":20891480,"MAIN_RIV":20887902,"LENGTH_KM":5.6500001,"CATCH_SKM":13.2,"DIS_AV_CMS":0.0,"ORD_STRA":2,"ORD_FLOW":10},"geometry":{"type":"LineString","coordinates":[[55.31041666666539,21.27291666666651],[55.31041666666539,21.28124999999988],[55.302083333332064,21.28958333333319],[55.302083333332064,21.293749999999854],[55.31041666666539,21.302083333333208],[55.31041666666539,21.30624999999987],[55.31874999999869,21.314583333333182]]}},{"type":"Feature","properties":{"HYRIV_ID":20891872,"NEXT_DOWN":20891871,"MAIN_RIV":20887902,"LENGTH_KM":0.43,"CATCH_SKM":0.4,"DIS_AV_CMS":0.001,"ORD_STRA":2,"ORD_FLOW":9},"geometry":{"type":"LineString","coordinates":[[55.31458333333205,21.27291666666651],[55.31041666666539,21.27291666666651]]}},{"type":"Feature","properties":{"HYRIV_ID":20891873,"NEXT_DOWN":20891872,"MAIN_RIV":20887902,"LENGTH_KM":0.65,"CATCH_SKM":10.8,"DIS_AV_CMS":0.0,"ORD_STRA":1,"ORD_FLOW":10},"geometry":{"type":"LineString","coordinates":[[55.32083333333202,21.27291666666651],[55.31458333333205,21.27291666666651]]}},{"type":"Feature","properties":{"HYRIV_ID":20891874,"NEXT_DOWN":20891480,"MAIN_RIV":20887902,"LENGTH_KM":8.58,"CATCH_SKM":21.6,"DIS_AV_CMS":0.0,"ORD_STRA":4,"ORD_FLOW":10},"geometry":{"type":"LineString","coordinates":[[55.368749999998755,21.27291666666651],[55.36041666666537,21.27291666666651],[55.35208333333205,21.28124999999988],[55.347916666665384,21.28124999999988],[55.33958333333209,21.28958333333319],[55.335416666665424,21.28958333333319],[55.33124999999876,21.293749999999854],[55.3270833333321,21.293749999999854],[55.32291666666535,21.297916666666545],[55.32291666666535,21.30624999999987],[55.3270833333321,21.31041666666652],[55.32291666666535,21.314583333333182],[55.31874999999869,21.314583333333182]]}},{"type":"Feature","properties":{"HYRIV_ID":20891875,"NEXT_DOWN":20891874,"MAIN_RIV":20887902,"LENGTH_KM":5.48,"CATCH_SKM":20.0,"DIS_AV_CMS":0.0,"ORD_STRA":2,"ORD_FLOW":10},"geometry":{"type":"LineString","coordinates":[[55.38958333333207,21.30624999999987],[55.38541666666541,21.31041666666652],[55.381249999998744,21.30624999999987],[55.381249999998744,21.302083333333208],[55.37708333333208,21.297916666666545],[55.37708333333208,21.293749999999854],[55.37291666666542,21.28958333333319],[55.37291666666542,21.285416666666528],[55.368749999998755,21.28124999999988],[55.368749999998755,21.27291666666651]]}},{"type":"Feature","properties":{"HYRIV_ID":20891910,"NEXT_DOWN":20891999,"MAIN_RIV":20892193,"LENGTH_KM":15.55,"CATCH_SKM":65.400002,"DIS_AV_CMS":0.0,"ORD_STRA":1,"ORD_FLOW":10},"geometry":{"type":"LineString","coordinates":[[54.87499999999872,21.324999999999868],[54.868749999998755,21.318749999999845],[54.86458333333209,21.318749999999845],[54.86041666666543,21.322916666666536],[54.85624999999877,21.322916666666536],[54.85208333333202,21.318749999999845],[54.85208333333202,21.30624999999987],[54.84374999999872,21.297916666666545],[54.84374999999872,21.293749999999854],[54.81874999999877,21.268749999999862],[54.81458333333211,21.27291666666651],[54.810416666665446,21.27291666666651],[54.80208333333212,21.28124999999988],[54.78124999999875,21.28124999999988],[54.77708333333209,21.277083333333174],[54.772916666665424,21.277083333333174]]}},{"type":"Feature","properties":{"HYRIV_ID":20891911,"NEXT_DOWN":20892074,"MAIN_RIV":20892240,"LENGTH_KM":1.39,"CATCH_SKM":1.6,"DIS_AV_CMS":0.0,"ORD_STRA":3,"ORD_FLOW":10},"geometry":{"type":"LineString","coordinates":[[54.94374999999877,21.28124999999988],[54.94374999999877,21.268749999999862]]}},{"type":"Feature","properties":{"HYRIV_ID":20891912,"NEXT_DOWN":20891875,"MAIN_RIV":20887902,"LENGTH_KM":5.3400002,"CATCH_SKM":28.6,"DIS_AV_CMS":0.001,"ORD_STRA":1,"ORD_FLOW":9},"geometry":{"type":"LineString","coordinates":[[55.41249999999877,21.26666666666653],[55.40624999999878,21.27291666666651],[55.40624999999878,21.277083333333174],[55.402083333332115,21.28124999999988],[55.402083333332115,21.285416666666528],[55.39791666666537,21.28958333333319],[55.39791666666537,21.293749999999854],[55.39374999999873,21.297916666666545],[55.39374999999873,21.302083333333208],[55.38958333333207,21.30624999999987]]}},{"type":"Feature","properties":{"HYRIV_ID":20891946,"NEXT_DOWN":20892069,"MAIN_RIV":20892193,"LENGTH_KM":10.72,"CATCH_SKM":37.599998,"DIS_AV_CMS":0.0,"ORD_STRA":1,"ORD_FLOW":10},"geometry":{"type":"LineString","coordinates":[[53.9208333333321,21.28958333333319],[53.93958333333205,21.28958333333319],[53.9437499999988,21.285416666666528],[53.94791666666546,21.285416666666528],[53.952083333332126,21.28124999999988],[53.960416666665424,21.28124999999988],[53.96458333333209,21.285416666666528],[53.98124999999874,21.285416666666528],[53.989583333332035,21.277083333333174],[53.997916666665446,21.277083333333174],[54.00624999999877,21.268749999999862],[54.00624999999877,21.2645833333332]]}},{"type":"Feature","properties":{"HYRIV_ID":20891947,"NEXT_DOWN":20892074,"MAIN_RIV":20892240,"LENGTH_KM":4.3,"CATCH_SKM":30.610001,"DIS_AV_CMS":0.001,"ORD_STRA":1,"ORD_FLOW":9},"geometry":{"type":"LineString","coordinates":[[54.9833333333321,21.2645833333332],[54.960416666665395,21.2645833333332],[54.95624999999873,21.268749999999862],[54.94374999999877,21.268749999999862]]}},{"type":"Feature","properties":{"HYRIV_ID":20891997,"NEXT_DOWN":20892069,"MAIN_RIV":20892193,"LENGTH_KM":7.3,"CATCH_SKM":28.809999,"DIS_AV_CMS":0.0,"ORD_STRA":1,"ORD_FLOW":10},"geometry":{"type":"LineString","coordinates":[[54.07083333333205,21.260416666666536],[54.05208333333209,21.260416666666536],[54.04791666666543,21.2645833333332],[54.031249999998806,21.2645833333332],[54.02708333333214,21.268749999999862],[54.01458333333207,21.268749999999862],[54.010416666665435,21.2645833333332],[54.00624999999877,21.2645833333332]]}},{"type":"Feature","properties":{"HYRIV_ID":20891998,"NEXT_DOWN":20892164,"MAIN_RIV":20892193,"LENGTH_KM":8.5500002,"CATCH_SKM":33.400002,"DIS_AV_CMS":0.0,"ORD_STRA":5,"ORD_FLOW":10},"geometry":{"type":"LineString","coordinates":[[54.71874999999869,21.31041666666652],[54.722916666665355,21.30624999999987],[54.727083333332104,21.30624999999987],[54.74791666666539,21.285416666666528],[54.74791666666539,21.28124999999988],[54.75208333333205,21.277083333333174],[54.75208333333205,21.27291666666651],[54.756249999998715,21.268749999999862],[54.76041666666546,21.268749999999862],[54.76874999999876,21.260416666666536],[54.772916666665424,21.260416666666536]]}},{"type":"Feature","properties":{"HYRIV_ID":20891999,"NEXT_DOWN":20892164,"MAIN_RIV":20892193,"LENGTH_KM":1.85,"CATCH_SKM":3.2,"DIS_AV_CMS":0.0,"ORD_STRA":5,"ORD_FLOW":10},"geometry":{"type":"LineString","coordinates":[[54.772916666665424,21.277083333333174],[54.772916666665424,21.260416666666536]]}},{"type":"Feature","properties":{"HYRIV_ID":20892068,"NEXT_DOWN":20892540,"MAIN_RIV":20892193,"LENGTH_KM":28.02,"CATCH_SKM":101.8,"DIS_AV_CMS":0.0,"ORD_STRA":1,"ORD_FLOW":10},"geometry":{"type":"LineString","coordinates":[[53.791666666665435,21.32916666666653],[53.810416666665475,21.31041666666652],[53.810416666665475,21.297916666666545],[53.80624999999873,21.293749999999854],[53.81458333333214,21.285416666666528],[53.86041666666537,21.285416666666528],[53.86458333333212,21.28958333333319],[53.872916666665446,21.28958333333319],[53.88541666666541,21.277083333333174],[53.89374999999873,21.277083333333174],[53.897916666665395,21.27291666666651],[53.90208333333214,21.27291666666651],[53.906249999998806,21.268749999999862],[53.93541666666539,21.268749999999862],[53.93958333333205,21.2645833333332],[53.96874999999875,21.2645833333332],[53.97291666666541,21.260416666666536],[53.977083333332075,21.260416666666536],[53.98124999999874,21.256249999999874],[53.9854166666654,21.256249999999874],[53.989583333332035,21.252083333333182],[54.00624999999877,21.252083333333182]]}},{"type":"Feature","properties":{"HYRIV_ID":20892069,"NEXT_DOWN":20892540,"MAIN_RIV":20892193,"LENGTH_KM":1.39,"CATCH_SKM":2.4,"DIS_AV_CMS":0.0,"ORD_STRA":2,"ORD_FLOW":10},"geometry":{"type":"LineString","coordinates":[[54.00624999999877,21.2645833333332],[54.00624999999877,21.252083333333182]]}},{"type":"Feature","properties":{"HYRIV_ID":20892070,"NEXT_DOWN":20892071,"MAIN_RIV":20892193,"LENGTH_KM":2.02,"CATCH_SKM":12.6,"DIS_AV_CMS":0.0,"ORD_STRA":1,"ORD_FLOW":10},"geometry":{"type":"LineString","coordinates":[[54.47083333333211,21.262499999999868],[54.48124999999877,21.252083333333182],[54.4854166666654,21.252083333333182]]}},{"type":"Feature","properties":{"HYRIV_ID":20892071,"NEXT_DOWN":20891785,"MAIN_RIV":20892193,"LENGTH_KM":7.0900002,"CATCH_SKM":26.4,"DIS_AV_CMS":0.0,"ORD_STRA":5,"ORD_FLOW":10},"geometry":{"type":"LineString","coordinates":[[54.4854166666654,21.252083333333182],[54.489583333332064,21.256249999999874],[54.489583333332064,21.2645833333332],[54.49374999999873,21.268749999999862],[54.49791666666539,21.268749999999862],[54.50208333333205,21.27291666666651],[54.5062499999988,21.268749999999862],[54.51874999999876,21.268749999999862],[54.53124999999875,21.28124999999988]]}},{"type":"Feature","properties":{"HYRIV_ID":20892072,"NEXT_DOWN":20891744,"MAIN_RIV":20892193,"LENGTH_KM":4.7,"CATCH_SKM":21.610001,"DIS_AV_CMS":0.0,"ORD_STRA":1,"ORD_FLOW":10},"geometry":{"type":"LineString","coordinates":[[54.54999999999879,21.24999999999985],[54.543749999998795,21.256249999999874],[54.543749999998795,21.268749999999862],[54.55624999999878,21.28124999999988],[54.55624999999878,21.285416666666528]]}},{"type":"Feature","properties":{"HYRIV_ID":20892073,"NEXT_DOWN":20892126,"MAIN_RIV":20892240,"LENGTH_KM":7.2399998,"CATCH_SKM":35.0,"DIS_AV_CMS":0.001,"ORD_STRA":1,"ORD_FLOW":9},"geometry":{"type":"LineString","coordinates":[[54.91874999999874,21.30416666666654],[54.91874999999874,21.297916666666545],[54.914583333332075,21.293749999999854],[54.91041666666541,21.293749999999854],[54.91041666666541,21.277083333333174],[54.89374999999879,21.260416666666536],[54.89374999999879,21.256249999999874],[54.89791666666545,21.252083333333182]]}},{"type":"Feature","properties":{"HYRIV_ID":20892074,"NEXT_DOWN":20892126,"MAIN_RIV":20892240,"LENGTH_KM":5.56,"CATCH_SKM":16.200001,"DIS_AV_CMS":0.0,"ORD_STRA":3,"ORD_FLOW":10},"geometry":{"type":"LineString","coordinates":[[54.94374999999877,21.268749999999862],[54.93958333333211,21.2645833333332],[54.935416666665446,21.2645833333332],[54.9312499999987,21.260416666666536],[54.927083333332035,21.260416666666536],[54.9229166666654,21.256249999999874],[54.91041666666541,21.256249999999874],[54.90624999999875,21.252083333333182],[54.89791666666545,21.252083333333182]]}},{"type":"Feature","properties":{"HYRIV_ID":20892075,"NEXT_DOWN":20892316,"MAIN_RIV":20892432,"LENGTH_KM":3.4300001,"CATCH_SKM":13.2,"DIS_AV_CMS":0.0,"ORD_STRA":3,"ORD_FLOW":10},"geometry":{"type":"LineString","coordinates":[[55.18124999999873,21.252083333333182],[55.16874999999874,21.252083333333182],[55.164583333332075,21.256249999999874],[55.15624999999878,21.256249999999874],[55.152083333332115,21.252083333333182]]}},{"type":"Feature","properties":{"HYRIV_ID":20892076,"NEXT_DOWN":20892075,"MAIN_RIV":20892432,"LENGTH_KM":10.73,"CATCH_SKM":52.8,"DIS_AV_CMS":0.0,"ORD_STRA":1,"ORD_FLOW":10},"geometry":{"type":"LineString","coordinates":[[55.23958333333209,21.299999999999876],[55.23958333333209,21.293749999999854],[55.23541666666537,21.28958333333319],[55.23541666666537,21.28124999999988],[55.23124999999871,21.277083333333174],[55.22708333333205,21.28124999999988],[55.210416666665424,21.28124999999988],[55.20624999999876,21.277083333333174],[55.2020833333321,21.277083333333174],[55.197916666665435,21.27291666666651],[55.18541666666539,21.27291666666651],[55.18124999999873,21.268749999999862],[55.18124999999873,21.252083333333182]]}},{"type":"Feature","properties":{"HYRIV_ID":20892077,"NEXT_DOWN":20891871,"MAIN_RIV":20887902,"LENGTH_KM":2.8900001,"CATCH_SKM":23.809999,"DIS_AV_CMS":0.001,"ORD_STRA":1,"ORD_FLOW":9},"geometry":{"type":"LineString","coordinates":[[55.302083333332064,21.24999999999985],[55.302083333332064,21.2645833333332],[55.31041666666539,21.27291666666651]]}},{"type":"Feature","properties":{"HYRIV_ID":20892122,"NEXT_DOWN":20892071,"MAIN_RIV":20892193,"LENGTH_KM":0.46,"CATCH_SKM":0.2,"DIS_AV_CMS":0.0,"ORD_STRA":5,"ORD_FLOW":10},"geometry":{"type":"LineString","coordinates":[[54.4854166666654,21.24791666666652],[54.4854166666654,21.252083333333182]]}},{"type":"Feature","properties":{"HYRIV_ID":20892123,"NEXT_DOWN":20892191,"MAIN_RIV":20892193,"LENGTH_KM":7.02,"CATCH_SKM":16.200001,"DIS_AV_CMS":0.0,"ORD_STRA":5,"ORD_FLOW":10},"geometry":{"type":"LineString","coordinates":[[54.59791666666544,21.277083333333174],[54.602083333332104,21.27291666666651],[54.614583333332064,21.27291666666651],[54.63541666666546,21.252083333333182],[54.647916666665424,21.252083333333182],[54.65208333333209,21.24791666666652]]}},{"type":"Feature","properties":{"HYRIV_ID":20892124,"NEXT_DOWN":20892191,"MAIN_RIV":20892193,"LENGTH_KM":3.1400001,"CATCH_SKM":23.4,"DIS_AV_CMS":0.001,"ORD_STRA":1,"ORD_FLOW":9},"geometry":{"type":"LineString","coordinates":[[54.64583333333209,21.27083333333318],[54.65624999999875,21.260416666666536],[54.65624999999875,21.252083333333182],[54.65208333333209,21.24791666666652]]}},{"type":"Feature","properties":{"HYRIV_ID":20892125,"NEXT_DOWN":20892240,"MAIN_RIV":20892240,"LENGTH_KM":1.16,"CATCH_SKM":14.4,"DIS_AV_CMS":0.001,"ORD_STRA":1,"ORD_FLOW":9},"geometry":{"type":"LineString","coordinates":[[54.87708333333205,21.258333333333205],[54.87708333333205,21.24791666666652]]}},{"type":"Feature","properties":{"HYRIV_ID":20892126,"NEXT_DOWN":20892240,"MAIN_RIV":20892240,"LENGTH_KM":2.36,"CATCH_SKM":10.0,"DIS_AV_CMS":0.0,"ORD_STRA":3,"ORD_FLOW":10},"geometry":{"type":"LineString","coordinates":[[54.89791666666545,21.252083333333182],[54.89374999999879,21.24791666666652],[54.87708333333205,21.24791666666652]]}},{"type":"Feature","properties":{"HYRIV_ID":20892127,"NEXT_DOWN":20892315,"MAIN_RIV":20892432,"LENGTH_KM":3.12,"CATCH_SKM":5.4,"DIS_AV_CMS":0.0,"ORD_STRA":2,"ORD_FLOW":10},"geometry":{"type":"LineString","coordinates":[[55.06458333333211,21.27291666666651],[55.06874999999877,21.268749999999862],[55.06874999999877,21.260416666666536],[55.06458333333211,21.256249999999874],[55.06458333333211,21.24791666666652]]}},{"type":"Feature","properties":{"HYRIV_ID":20892128,"NEXT_DOWN":20892315,"MAIN_RIV":20892432,"LENGTH_KM":1.38,"CATCH_SKM":12.6,"DIS_AV_CMS":0.0,"ORD_STRA":1,"ORD_FLOW":10},"geometry":{"type":"LineString","coordinates":[[55.07499999999877,21.254166666666514],[55.06874999999877,21.24791666666652],[55.06458333333211,21.24791666666652]]}},{"type":"Feature","properties":{"HYRIV_ID":20892129,"NEXT_DOWN":20892130,"MAIN_RIV":20887939,"LENGTH_KM":2.78,"CATCH_SKM":18.809999,"DIS_AV_CMS":0.001,"ORD_STRA":1,"ORD_FLOW":9},"geometry":{"type":"LineString","coordinates":[[55.5458333333321,21.256249999999874],[55.552083333332064,21.256249999999874],[55.56041666666539,21.24791666666652],[55.568749999998715,21.24791666666652]]}},{"type":"Feature","properties":{"HYRIV_ID":20892130,"NEXT_DOWN":20890528,"MAIN_RIV":20887939,"LENGTH_KM":23.02,"CATCH_SKM":65.389999,"DIS_AV_CMS":0.0,"ORD_STRA":3,"ORD_FLOW":10},"geometry":{"type":"LineString","coordinates":[[55.568749999998715,21.24791666666652],[55.57291666666538,21.252083333333182],[55.568749999998715,21.256249999999874],[55.57291666666538,21.260416666666536],[55.57291666666538,21.268749999999862],[55.57708333333204,21.27291666666651],[55.57708333333204,21.28124999999988],[55.57291666666538,21.28124999999988],[55.568749999998715,21.285416666666528],[55.568749999998715,21.297916666666545],[55.57291666666538,21.302083333333208],[55.57291666666538,21.30624999999987],[55.568749999998715,21.31041666666652],[55.568749999998715,21.318749999999845],[55.57291666666538,21.322916666666536],[55.57708333333204,21.322916666666536],[55.581249999998676,21.3270833333332],[55.585416666665424,21.3270833333332],[55.59374999999875,21.33541666666651],[55.59791666666541,21.33541666666651],[55.602083333332075,21.339583333333174],[55.602083333332075,21.360416666666545],[55.60624999999871,21.364583333333165],[55.60624999999871,21.36874999999987],[55.61041666666537,21.372916666666534],[55.61041666666537,21.377083333333182],[55.60624999999871,21.381249999999845],[55.60624999999871,21.3895833333332],[55.614583333332035,21.397916666666525],[55.614583333332035,21.402083333333174],[55.61874999999878,21.406249999999837],[55.614583333332035,21.410416666666542]]}},{"type":"Feature","properties":{"HYRIV_ID":20892162,"NEXT_DOWN":20892576,"MAIN_RIV":20892193,"LENGTH_KM":57.330002,"CATCH_SKM":154.60001,"DIS_AV_CMS":0.0,"ORD_STRA":2,"ORD_FLOW":10},"geometry":{"type":"LineString","coordinates":[[53.86874999999878,21.34374999999988],[53.872916666665446,21.339583333333174],[53.88541666666541,21.339583333333174],[53.89374999999873,21.347916666666528],[53.91041666666544,21.347916666666528],[53.914583333332104,21.34374999999988],[53.91874999999877,21.34374999999988],[53.92291666666543,21.339583333333174],[53.94791666666546,21.339583333333174],[53.952083333332126,21.33541666666651],[53.95624999999879,21.33541666666651],[53.960416666665424,21.331249999999862],[53.97291666666541,21.331249999999862],[53.977083333332075,21.3270833333332],[53.99374999999878,21.3270833333332],[53.997916666665446,21.331249999999862],[54.010416666665435,21.318749999999845],[54.01458333333207,21.318749999999845],[54.01874999999873,21.314583333333182],[54.039583333332104,21.314583333333182],[54.04374999999877,21.318749999999845],[54.06458333333205,21.318749999999845],[54.068749999998715,21.314583333333182],[54.08124999999879,21.314583333333182],[54.08541666666545,21.31041666666652],[54.102083333332075,21.31041666666652],[54.1104166666654,21.302083333333208],[54.1187499999987,21.302083333333208],[54.13124999999877,21.28958333333319],[54.16874999999877,21.28958333333319],[54.17708333333209,21.28124999999988],[54.18958333333208,21.28124999999988],[54.193749999998744,21.277083333333174],[54.19791666666538,21.277083333333174],[54.202083333332126,21.27291666666651],[54.214583333332115,21.27291666666651],[54.22291666666541,21.2645833333332],[54.227083333332075,21.2645833333332],[54.23124999999874,21.260416666666536],[54.25208333333211,21.260416666666536],[54.25624999999877,21.2645833333332],[54.272916666665424,21.2645833333332],[54.27708333333206,21.268749999999862],[54.28124999999872,21.268749999999862],[54.28541666666547,21.2645833333332],[54.318749999998744,21.2645833333332],[54.32291666666541,21.260416666666536],[54.32708333333204,21.260416666666536],[54.339583333332115,21.24791666666652],[54.34791666666544,21.24791666666652],[54.352083333332075,21.243749999999856]]}},{"type":"Feature","properties":{"HYRIV_ID":20892163,"NEXT_DOWN":20892576,"MAIN_RIV":20892193,"LENGTH_KM":13.48,"CATCH_SKM":36.0,"DIS_AV_CMS":0.0,"ORD_STRA":2,"ORD_FLOW":10},"geometry":{"type":"LineString","coordinates":[[54.25624999999877,21.30624999999987],[54.26874999999876,21.30624999999987],[54.27708333333206,21.297916666666545],[54.29791666666546,21.297916666666545],[54.30208333333209,21.293749999999854],[54.31041666666542,21.293749999999854],[54.352083333332075,21.252083333333182],[54.352083333332075,21.243749999999856]]}},{"type":"Feature","properties":{"HYRIV_ID":20892164,"NEXT_DOWN":20892193,"MAIN_RIV":20892193,"LENGTH_KM":2.36,"CATCH_SKM":5.2,"DIS_AV_CMS":0.0,"ORD_STRA":6,"ORD_FLOW":10},"geometry":{"type":"LineString","coordinates":[[54.772916666665424,21.260416666666536],[54.77708333333209,21.256249999999874],[54.77708333333209,21.252083333333182],[54.78124999999875,21.24791666666652],[54.77708333333209,21.243749999999856]]}},{"type":"Feature","properties":{"HYRIV_ID":20892189,"NEXT_DOWN":20892313,"MAIN_RIV":20892193,"LENGTH_KM":13.82,"CATCH_SKM":29.610001,"DIS_AV_CMS":0.0,"ORD_STRA":4,"ORD_FLOW":10},"geometry":{"type":"LineString","coordinates":[[54.33541666666545,21.302083333333208],[54.339583333332115,21.302083333333208],[54.34791666666544,21.293749999999854],[54.35624999999874,21.293749999999854],[54.36458333333215,21.285416666666528],[54.36874999999873,21.285416666666528],[54.38124999999877,21.27291666666651],[54.385416666665435,21.27291666666651],[54.3895833333321,21.268749999999862],[54.39374999999876,21.268749999999862],[54.40624999999872,21.256249999999874],[54.41041666666547,21.256249999999874],[54.418749999998795,21.24791666666652],[54.42291666666546,21.24791666666652],[54.42708333333212,21.243749999999856],[54.43541666666542,21.243749999999856],[54.43958333333208,21.239583333333208]]}},{"type":"Feature","properties":{"HYRIV_ID":20892190,"NEXT_DOWN":20892123,"MAIN_RIV":20892193,"LENGTH_KM":5.77,"CATCH_SKM":25.41,"DIS_AV_CMS":0.0,"ORD_STRA":1,"ORD_FLOW":10},"geometry":{"type":"LineString","coordinates":[[54.570833333332075,21.237499999999834],[54.58124999999873,21.24791666666652],[54.585416666665395,21.24791666666652],[54.58958333333203,21.252083333333182],[54.58958333333203,21.2645833333332],[54.59791666666544,21.27291666666651],[54.59791666666544,21.277083333333174]]}},{"type":"Feature","properties":{"HYRIV_ID":20892191,"NEXT_DOWN":20892192,"MAIN_RIV":20892193,"LENGTH_KM":1.36,"CATCH_SKM":2.6,"DIS_AV_CMS":0.0,"ORD_STRA":5,"ORD_FLOW":10},"geometry":{"type":"LineString","coordinates":[[54.65208333333209,21.24791666666652],[54.65208333333209,21.239583333333208],[54.65624999999875,21.239583333333208]]}},{"type":"Feature","properties":{"HYRIV_ID":20892192,"NEXT_DOWN":20892193,"MAIN_RIV":20892193,"LENGTH_KM":13.13,"CATCH_SKM":73.029999,"DIS_AV_CMS":0.0,"ORD_STRA":6,"ORD_FLOW":10},"geometry":{"type":"LineString","coordinates":[[54.65624999999875,21.239583333333208],[54.668749999998795,21.239583333333208],[54.67291666666546,21.243749999999856],[54.68124999999878,21.243749999999856],[54.685416666665446,21.239583333333208],[54.68958333333211,21.243749999999856],[54.77708333333209,21.243749999999856]]}},{"type":"Feature","properties":{"HYRIV_ID":20892193,"NEXT_DOWN":0,"MAIN_RIV":20892193,"LENGTH_KM":0.63,"CATCH_SKM":0.4,"DIS_AV_CMS":0.0,"ORD_STRA":7,"ORD_FLOW":10},"geometry":{"type":"LineString","coordinates":[[54.77708333333209,21.243749999999856],[54.78124999999875,21.239583333333208]]}},{"type":"Feature","properties":{"HYRIV_ID":20892194,"NEXT_DOWN":20892075,"MAIN_RIV":20892432,"LENGTH_KM":4.0300002,"CATCH_SKM":9.2,"DIS_AV_CMS":0.0,"ORD_STRA":3,"ORD_FLOW":10},"geometry":{"type":"LineString","coordinates":[[55.210416666665424,21.239583333333208],[55.2020833333321,21.24791666666652],[55.197916666665435,21.24791666666652],[55.19374999999877,21.243749999999856],[55.189583333332024,21.243749999999856],[55.18124999999873,21.252083333333182]]}},{"type":"Feature","properties":{"HYRIV_ID":20892195,"NEXT_DOWN":20891874,"MAIN_RIV":20887902,"LENGTH_KM":4.39,"CATCH_SKM":10.2,"DIS_AV_CMS":0.0,"ORD_STRA":4,"ORD_FLOW":10},"geometry":{"type":"LineString","coordinates":[[55.38541666666541,21.239583333333208],[55.38541666666541,21.243749999999856],[55.381249999998744,21.24791666666652],[55.381249999998744,21.252083333333182],[55.37708333333208,21.256249999999874],[55.37708333333208,21.260416666666536],[55.37291666666542,21.2645833333332],[55.37291666666542,21.268749999999862],[55.368749999998755,21.27291666666651]]}},{"type":"Feature","properties":{"HYRIV_ID":20892240,"NEXT_DOWN":0,"MAIN_RIV":20892240,"LENGTH_KM":11.14,"CATCH_SKM":46.82,"DIS_AV_CMS":0.0,"ORD_STRA":3,"ORD_FLOW":10},"geometry":{"type":"LineString","coordinates":[[54.87708333333205,21.24791666666652],[54.868749999998755,21.239583333333208],[54.85624999999877,21.239583333333208],[54.85208333333202,21.235416666666545],[54.80208333333212,21.235416666666545],[54.79791666666537,21.239583333333208],[54.79374999999874,21.239583333333208],[54.789583333332075,21.235416666666545],[54.78541666666541,21.239583333333208],[54.78124999999875,21.239583333333208]]}},{"type":"Feature","properties":{"HYRIV_ID":20892241,"NEXT_DOWN":20892195,"MAIN_RIV":20887902,"LENGTH_KM":1.5,"CATCH_SKM":4.0,"DIS_AV_CMS":0.0,"ORD_STRA":3,"ORD_FLOW":10},"geometry":{"type":"LineString","coordinates":[[55.39791666666537,21.235416666666545],[55.39374999999873,21.235416666666545],[55.38958333333207,21.239583333333208],[55.38541666666541,21.239583333333208]]}},{"type":"Feature","properties":{"HYRIV_ID":20892242,"NEXT_DOWN":20892241,"MAIN_RIV":20887902,"LENGTH_KM":7.9499998,"CATCH_SKM":21.41,"DIS_AV_CMS":0.0,"ORD_STRA":2,"ORD_FLOW":10},"geometry":{"type":"LineString","coordinates":[[55.460416666665424,21.235416666666545],[55.45208333333201,21.243749999999856],[55.427083333332064,21.243749999999856],[55.4229166666654,21.24791666666652],[55.40624999999878,21.24791666666652],[55.39791666666537,21.239583333333208],[55.39791666666537,21.235416666666545]]}},{"type":"Feature","properties":{"HYRIV_ID":20892243,"NEXT_DOWN":20892130,"MAIN_RIV":20887939,"LENGTH_KM":1.56,"CATCH_SKM":2.8,"DIS_AV_CMS":0.0,"ORD_STRA":3,"ORD_FLOW":10},"geometry":{"type":"LineString","coordinates":[[55.56458333333205,21.235416666666545],[55.568749999998715,21.239583333333208],[55.568749999998715,21.24791666666652]]}},{"type":"Feature","properties":{"HYRIV_ID":20892244,"NEXT_DOWN":20891450,"MAIN_RIV":20887939,"LENGTH_KM":19.360001,"CATCH_SKM":58.400002,"DIS_AV_CMS":0.0,"ORD_STRA":1,"ORD_FLOW":10},"geometry":{"type":"LineString","coordinates":[[55.602083333332075,21.233333333333213],[55.602083333332075,21.24791666666652],[55.60624999999871,21.252083333333182],[55.60624999999871,21.2645833333332],[55.602083333332075,21.268749999999862],[55.602083333332075,21.27291666666651],[55.59791666666541,21.277083333333174],[55.602083333332075,21.28124999999988],[55.60624999999871,21.28124999999988],[55.614583333332035,21.28958333333319],[55.614583333332035,21.302083333333208],[55.61874999999878,21.30624999999987],[55.61874999999878,21.31041666666652],[55.622916666665446,21.314583333333182],[55.622916666665446,21.322916666666536],[55.62708333333211,21.3270833333332],[55.62708333333211,21.331249999999862],[55.631249999998744,21.33541666666651],[55.631249999998744,21.34374999999988],[55.63958333333207,21.35208333333319],[55.647916666665395,21.35208333333319],[55.65208333333206,21.356249999999854],[55.65624999999869,21.35208333333319],[55.65624999999869,21.347916666666528],[55.660416666665355,21.34374999999988],[55.660416666665355,21.339583333333174]]}},{"type":"Feature","properties":{"HYRIV_ID":20892245,"NEXT_DOWN":20891450,"MAIN_RIV":20887939,"LENGTH_KM":14.12,"CATCH_SKM":46.209999,"DIS_AV_CMS":0.0,"ORD_STRA":1,"ORD_FLOW":10},"geometry":{"type":"LineString","coordinates":[[55.63541666666541,21.233333333333213],[55.63541666666541,21.239583333333208],[55.631249999998744,21.243749999999856],[55.631249999998744,21.24791666666652],[55.62708333333211,21.252083333333182],[55.62708333333211,21.260416666666536],[55.63958333333207,21.27291666666651],[55.63958333333207,21.28124999999988],[55.64374999999873,21.28124999999988],[55.647916666665395,21.285416666666528],[55.647916666665395,21.28958333333319],[55.65208333333206,21.293749999999854],[55.647916666665395,21.297916666666545],[55.65208333333206,21.302083333333208],[55.65208333333206,21.314583333333182],[55.65624999999869,21.318749999999845],[55.65624999999869,21.322916666666536],[55.660416666665355,21.3270833333332],[55.660416666665355,21.339583333333174]]}},{"type":"Feature","properties":{"HYRIV_ID":20892285,"NEXT_DOWN":20892313,"MAIN_RIV":20892193,"LENGTH_KM":1.74,"CATCH_SKM":13.01,"DIS_AV_CMS":0.0,"ORD_STRA":1,"ORD_FLOW":10},"geometry":{"type":"LineString","coordinates":[[54.429166666665424,21.23124999999984],[54.43541666666542,21.23124999999984],[54.43958333333208,21.235416666666545],[54.43958333333208,21.239583333333208]]}},{"type":"Feature","properties":{"HYRIV_ID":20892286,"NEXT_DOWN":20892242,"MAIN_RIV":20887902,"LENGTH_KM":1.38,"CATCH_SKM":14.81,"DIS_AV_CMS":0.001,"ORD_STRA":1,"ORD_FLOW":9},"geometry":{"type":"LineString","coordinates":[[55.47083333333208,21.229166666666522],[55.46458333333209,21.235416666666545],[55.460416666665424,21.235416666666545]]}},{"type":"Feature","properties":{"HYRIV_ID":20892313,"NEXT_DOWN":20892314,"MAIN_RIV":20892193,"LENGTH_KM":3.8900001,"CATCH_SKM":5.6,"DIS_AV_CMS":0.0,"ORD_STRA":4,"ORD_FLOW":10},"geometry":{"type":"LineString","coordinates":[[54.43958333333208,21.239583333333208],[54.456249999998704,21.239583333333208],[54.46041666666537,21.235416666666545],[54.464583333332115,21.235416666666545],[54.46874999999878,21.23124999999984],[54.46874999999878,21.22708333333319]]}},{"type":"Feature","properties":{"HYRIV_ID":20892314,"NEXT_DOWN":20892122,"MAIN_RIV":20892193,"LENGTH_KM":3.52,"CATCH_SKM":15.61,"DIS_AV_CMS":0.0,"ORD_STRA":5,"ORD_FLOW":10},"geometry":{"type":"LineString","coordinates":[[54.46874999999878,21.22708333333319],[54.477083333332104,21.22708333333319],[54.48124999999877,21.23124999999984],[54.48124999999877,21.243749999999856],[54.4854166666654,21.24791666666652]]}},{"type":"Feature","properties":{"HYRIV_ID":20892315,"NEXT_DOWN":20892394,"MAIN_RIV":20892432,"LENGTH_KM":2.49,"CATCH_SKM":3.6,"DIS_AV_CMS":0.0,"ORD_STRA":2,"ORD_FLOW":10},"geometry":{"type":"LineString","coordinates":[[55.06458333333211,21.24791666666652],[55.06458333333211,21.243749999999856],[55.06874999999877,21.239583333333208],[55.06874999999877,21.22708333333319]]}},{"type":"Feature","properties":{"HYRIV_ID":20892316,"NEXT_DOWN":20892394,"MAIN_RIV":20892432,"LENGTH_KM":9.8500004,"CATCH_SKM":37.209999,"DIS_AV_CMS":0.0,"ORD_STRA":4,"ORD_FLOW":10},"geometry":{"type":"LineString","coordinates":[[55.152083333332115,21.252083333333182],[55.12291666666542,21.252083333333182],[55.10624999999871,21.235416666666545],[55.10208333333205,21.235416666666545],[55.097916666665384,21.23124999999984],[55.09374999999872,21.23124999999984],[55.08958333333206,21.22708333333319],[55.06874999999877,21.22708333333319]]}},{"type":"Feature","properties":{"HYRIV_ID":20892354,"NEXT_DOWN":20892241,"MAIN_RIV":20887902,"LENGTH_KM":1.9,"CATCH_SKM":7.4,"DIS_AV_CMS":0.001,"ORD_STRA":2,"ORD_FLOW":9},"geometry":{"type":"LineString","coordinates":[[55.41041666666544,21.222916666666528],[55.39791666666537,21.235416666666545]]}},{"type":"Feature","properties":{"HYRIV_ID":20892355,"NEXT_DOWN":20892354,"MAIN_RIV":20887902,"LENGTH_KM":1.08,"CATCH_SKM":12.01,"DIS_AV_CMS":0.001,"ORD_STRA":1,"ORD_FLOW":9},"geometry":{"type":"LineString","coordinates":[[55.42083333333207,21.222916666666528],[55.41041666666544,21.222916666666528]]}},{"type":"Feature","properties":{"HYRIV_ID":20892356,"NEXT_DOWN":20892242,"MAIN_RIV":20887902,"LENGTH_KM":1.96,"CATCH_SKM":16.209999,"DIS_AV_CMS":0.001,"ORD_STRA":1,"ORD_FLOW":9},"geometry":{"type":"LineString","coordinates":[[55.460416666665424,21.220833333333196],[55.460416666665424,21.22708333333319],[55.45624999999876,21.23124999999984],[55.460416666665424,21.235416666666545]]}},{"type":"Feature","properties":{"HYRIV_ID":20892393,"NEXT_DOWN":20892618,"MAIN_RIV":20892432,"LENGTH_KM":5.77,"CATCH_SKM":27.209999,"DIS_AV_CMS":0.001,"ORD_STRA":1,"ORD_FLOW":9},"geometry":{"type":"LineString","coordinates":[[55.03333333333208,21.258333333333205],[55.04374999999874,21.24791666666652],[55.0479166666654,21.24791666666652],[55.052083333332064,21.243749999999856],[55.052083333332064,21.239583333333208],[55.0479166666654,21.235416666666545],[55.0479166666654,21.22708333333319],[55.052083333332064,21.222916666666528],[55.052083333332064,21.218749999999865]]}},{"type":"Feature","properties":{"HYRIV_ID":20892394,"NEXT_DOWN":20892618,"MAIN_RIV":20892432,"LENGTH_KM":2.1300001,"CATCH_SKM":3.4,"DIS_AV_CMS":0.0,"ORD_STRA":4,"ORD_FLOW":10},"geometry":{"type":"LineString","coordinates":[[55.06874999999877,21.22708333333319],[55.06458333333211,21.22708333333319],[55.06041666666536,21.222916666666528],[55.0562499999987,21.222916666666528],[55.052083333332064,21.218749999999865]]}},{"type":"Feature","properties":{"HYRIV_ID":20892395,"NEXT_DOWN":20892620,"MAIN_RIV":20892432,"LENGTH_KM":2.51,"CATCH_SKM":16.01,"DIS_AV_CMS":0.001,"ORD_STRA":1,"ORD_FLOW":9},"geometry":{"type":"LineString","coordinates":[[55.23749999999876,21.237499999999834],[55.243749999998755,21.23124999999984],[55.243749999998755,21.22708333333319],[55.24791666666542,21.222916666666528],[55.24791666666542,21.218749999999865]]}},{"type":"Feature","properties":{"HYRIV_ID":20892396,"NEXT_DOWN":20892620,"MAIN_RIV":20892432,"LENGTH_KM":2.6500001,"CATCH_SKM":16.01,"DIS_AV_CMS":0.001,"ORD_STRA":1,"ORD_FLOW":9},"geometry":{"type":"LineString","coordinates":[[55.26041666666541,21.233333333333213],[55.26041666666541,21.222916666666528],[55.256249999998744,21.222916666666528],[55.25208333333208,21.218749999999865],[55.24791666666542,21.218749999999865]]}},{"type":"Feature","properties":{"HYRIV_ID":20892397,"NEXT_DOWN":20892398,"MAIN_RIV":20887939,"LENGTH_KM":1.08,"CATCH_SKM":13.21,"DIS_AV_CMS":0.001,"ORD_STRA":1,"ORD_FLOW":9},"geometry":{"type":"LineString","coordinates":[[55.52916666666536,21.218749999999865],[55.539583333332104,21.218749999999865]]}},{"type":"Feature","properties":{"HYRIV_ID":20892398,"NEXT_DOWN":20892243,"MAIN_RIV":20887939,"LENGTH_KM":4.06,"CATCH_SKM":6.8,"DIS_AV_CMS":0.0,"ORD_STRA":2,"ORD_FLOW":10},"geometry":{"type":"LineString","coordinates":[[55.539583333332104,21.218749999999865],[55.54374999999877,21.222916666666528],[55.54791666666543,21.222916666666528],[55.552083333332064,21.218749999999865],[55.56041666666539,21.22708333333319],[55.56041666666539,21.23124999999984],[55.56458333333205,21.235416666666545]]}},{"type":"Feature","properties":{"HYRIV_ID":20892432,"NEXT_DOWN":0,"MAIN_RIV":20892432,"LENGTH_KM":3.8,"CATCH_SKM":8.6,"DIS_AV_CMS":0.0,"ORD_STRA":5,"ORD_FLOW":10},"geometry":{"type":"LineString","coordinates":[[54.80624999999878,21.214583333333216],[54.78124999999875,21.239583333333208]]}},{"type":"Feature","properties":{"HYRIV_ID":20892433,"NEXT_DOWN":20891872,"MAIN_RIV":20887902,"LENGTH_KM":7.5700002,"CATCH_SKM":34.82,"DIS_AV_CMS":0.001,"ORD_STRA":1,"ORD_FLOW":9},"geometry":{"type":"LineString","coordinates":[[55.335416666665424,21.212499999999885],[55.335416666665424,21.218749999999865],[55.33124999999876,21.222916666666528],[55.33124999999876,21.22708333333319],[55.32291666666535,21.235416666666545],[55.32291666666535,21.260416666666536],[55.31458333333205,21.268749999999862],[55.31458333333205,21.27291666666651]]}},{"type":"Feature","properties":{"HYRIV_ID":20892434,"NEXT_DOWN":20892354,"MAIN_RIV":20887902,"LENGTH_KM":1.16,"CATCH_SKM":13.41,"DIS_AV_CMS":0.001,"ORD_STRA":1,"ORD_FLOW":9},"geometry":{"type":"LineString","coordinates":[[55.41041666666544,21.212499999999885],[55.41041666666544,21.222916666666528]]}},{"type":"Feature","properties":{"HYRIV_ID":20892484,"NEXT_DOWN":20892884,"MAIN_RIV":20892193,"LENGTH_KM":6.1300001,"CATCH_SKM":21.809999,"DIS_AV_CMS":0.0,"ORD_STRA":1,"ORD_FLOW":10},"geometry":{"type":"LineString","coordinates":[[54.154166666665475,21.229166666666522],[54.16041666666547,21.222916666666528],[54.16874999999877,21.222916666666528],[54.17291666666543,21.218749999999865],[54.19791666666538,21.218749999999865],[54.202083333332126,21.214583333333216],[54.202083333332126,21.21041666666651]]}},{"type":"Feature","properties":{"HYRIV_ID":20892485,"NEXT_DOWN":20892243,"MAIN_RIV":20887939,"LENGTH_KM":3.55,"CATCH_SKM":4.0,"DIS_AV_CMS":0.0,"ORD_STRA":2,"ORD_FLOW":10},"geometry":{"type":"LineString","coordinates":[[55.568749999998715,21.21041666666651],[55.568749999998715,21.218749999999865],[55.57291666666538,21.222916666666528],[55.57291666666538,21.23124999999984],[55.568749999998715,21.235416666666545],[55.56458333333205,21.235416666666545]]}},{"type":"Feature","properties":{"HYRIV_ID":20892486,"NEXT_DOWN":20891564,"MAIN_RIV":20887939,"LENGTH_KM":17.450001,"CATCH_SKM":70.419998,"DIS_AV_CMS":0.0,"ORD_STRA":1,"ORD_FLOW":10},"geometry":{"type":"LineString","coordinates":[[55.66874999999877,21.20833333333318],[55.66874999999877,21.222916666666528],[55.67291666666543,21.22708333333319],[55.67291666666543,21.23124999999984],[55.664583333332104,21.239583333333208],[55.664583333332104,21.243749999999856],[55.66874999999877,21.24791666666652],[55.66874999999877,21.252083333333182],[55.67291666666543,21.256249999999874],[55.67291666666543,21.260416666666536],[55.66874999999877,21.2645833333332],[55.66874999999877,21.268749999999862],[55.67291666666543,21.27291666666651],[55.67708333333209,21.268749999999862],[55.68541666666539,21.268749999999862],[55.68958333333205,21.27291666666651],[55.68958333333205,21.277083333333174],[55.693749999998715,21.28124999999988],[55.69791666666538,21.28124999999988],[55.70208333333204,21.285416666666528],[55.70208333333204,21.28958333333319],[55.71041666666534,21.297916666666545],[55.71041666666534,21.302083333333208],[55.71874999999875,21.31041666666652],[55.727083333332075,21.31041666666652],[55.727083333332075,21.30624999999987]]}},{"type":"Feature","properties":{"HYRIV_ID":20892539,"NEXT_DOWN":20892927,"MAIN_RIV":20892193,"LENGTH_KM":14.89,"CATCH_SKM":42.220001,"DIS_AV_CMS":0.0,"ORD_STRA":1,"ORD_FLOW":10},"geometry":{"type":"LineString","coordinates":[[53.949999999998795,21.245833333333188],[53.95624999999879,21.239583333333208],[53.98124999999874,21.239583333333208],[53.989583333332035,21.23124999999984],[54.010416666665435,21.23124999999984],[54.01874999999873,21.222916666666528],[54.022916666665395,21.222916666666528],[54.031249999998806,21.214583333333216],[54.03541666666547,21.214583333333216],[54.039583333332104,21.218749999999865],[54.056249999998755,21.218749999999865],[54.06041666666542,21.214583333333216],[54.06458333333205,21.214583333333216],[54.068749999998715,21.21041666666651],[54.068749999998715,21.206249999999848]]}},{"type":"Feature","properties":{"HYRIV_ID":20892540,"NEXT_DOWN":20892884,"MAIN_RIV":20892193,"LENGTH_KM":23.93,"CATCH_SKM":57.23,"DIS_AV_CMS":0.0,"ORD_STRA":2,"ORD_FLOW":10},"geometry":{"type":"LineString","coordinates":[[54.00624999999877,21.252083333333182],[54.010416666665435,21.24791666666652],[54.01874999999873,21.24791666666652],[54.022916666665395,21.243749999999856],[54.02708333333214,21.24791666666652],[54.031249999998806,21.243749999999856],[54.068749999998715,21.243749999999856],[54.07291666666546,21.239583333333208],[54.077083333332126,21.239583333333208],[54.09791666666541,21.218749999999865],[54.102083333332075,21.218749999999865],[54.10624999999874,21.214583333333216],[54.114583333332064,21.214583333333216],[54.1187499999987,21.21041666666651],[54.12708333333211,21.21041666666651],[54.13124999999877,21.214583333333216],[54.135416666665435,21.214583333333216],[54.1395833333321,21.21041666666651],[54.15208333333206,21.21041666666651],[54.156249999998806,21.206249999999848],[54.16041666666547,21.21041666666651],[54.17291666666543,21.21041666666651],[54.17708333333209,21.206249999999848],[54.181249999998755,21.206249999999848],[54.18541666666542,21.21041666666651],[54.202083333332126,21.21041666666651]]}},{"type":"Feature","properties":{"HYRIV_ID":20892541,"NEXT_DOWN":20892122,"MAIN_RIV":20892193,"LENGTH_KM":7.6100001,"CATCH_SKM":33.419998,"DIS_AV_CMS":0.0,"ORD_STRA":1,"ORD_FLOW":10},"geometry":{"type":"LineString","coordinates":[[54.53333333333208,21.204166666666517],[54.522916666665424,21.214583333333216],[54.522916666665424,21.222916666666528],[54.51874999999876,21.22708333333319],[54.5145833333321,21.22708333333319],[54.50208333333205,21.239583333333208],[54.49791666666539,21.239583333333208],[54.489583333332064,21.24791666666652],[54.4854166666654,21.24791666666652]]}},{"type":"Feature","properties":{"HYRIV_ID":20892575,"NEXT_DOWN":20892927,"MAIN_RIV":20892193,"LENGTH_KM":28.110001,"CATCH_SKM":69.839996,"DIS_AV_CMS":0.0,"ORD_STRA":2,"ORD_FLOW":10},"geometry":{"type":"LineString","coordinates":[[53.83958333333209,21.21041666666651],[53.83958333333209,21.218749999999865],[53.84374999999875,21.222916666666528],[53.852083333332075,21.222916666666528],[53.86041666666537,21.23124999999984],[53.88124999999877,21.23124999999984],[53.88541666666541,21.22708333333319],[53.88958333333207,21.23124999999984],[53.89374999999873,21.23124999999984],[53.897916666665395,21.235416666666545],[53.90208333333214,21.235416666666545],[53.91041666666544,21.22708333333319],[53.931249999998755,21.22708333333319],[53.9437499999988,21.214583333333216],[53.952083333332126,21.214583333333216],[53.95624999999879,21.218749999999865],[53.960416666665424,21.214583333333216],[53.96874999999875,21.214583333333216],[53.97291666666541,21.21041666666651],[54.010416666665435,21.21041666666651],[54.01458333333207,21.206249999999848],[54.01874999999873,21.206249999999848],[54.022916666665395,21.2020833333332],[54.04374999999877,21.2020833333332],[54.04791666666543,21.206249999999848],[54.068749999998715,21.206249999999848]]}},{"type":"Feature","properties":{"HYRIV_ID":20892576,"NEXT_DOWN":20892615,"MAIN_RIV":20892193,"LENGTH_KM":10.48,"CATCH_SKM":22.610001,"DIS_AV_CMS":0.0,"ORD_STRA":3,"ORD_FLOW":10},"geometry":{"type":"LineString","coordinates":[[54.352083333332075,21.243749999999856],[54.35624999999874,21.239583333333208],[54.3604166666654,21.239583333333208],[54.36874999999873,21.23124999999984],[54.37291666666539,21.23124999999984],[54.37708333333211,21.22708333333319],[54.397916666665424,21.22708333333319],[54.40208333333209,21.222916666666528],[54.41041666666547,21.222916666666528],[54.41458333333213,21.218749999999865],[54.418749999998795,21.218749999999865],[54.431249999998755,21.206249999999848],[54.431249999998755,21.2020833333332]]}},{"type":"Feature","properties":{"HYRIV_ID":20892577,"NEXT_DOWN":20892191,"MAIN_RIV":20892193,"LENGTH_KM":9.2700005,"CATCH_SKM":36.220001,"DIS_AV_CMS":0.0,"ORD_STRA":1,"ORD_FLOW":10},"geometry":{"type":"LineString","coordinates":[[54.5874999999987,21.199999999999868],[54.602083333332104,21.214583333333216],[54.602083333332104,21.218749999999865],[54.60624999999877,21.222916666666528],[54.61041666666543,21.222916666666528],[54.614583333332064,21.22708333333319],[54.61874999999873,21.22708333333319],[54.6312499999988,21.239583333333208],[54.63541666666546,21.239583333333208],[54.6395833333321,21.243749999999856],[54.64374999999876,21.243749999999856],[54.647916666665424,21.24791666666652],[54.65208333333209,21.24791666666652]]}},{"type":"Feature","properties":{"HYRIV_ID":20892578,"NEXT_DOWN":20892485,"MAIN_RIV":20887939,"LENGTH_KM":1.96,"CATCH_SKM":2.6,"DIS_AV_CMS":0.001,"ORD_STRA":2,"ORD_FLOW":9},"geometry":{"type":"LineString","coordinates":[[55.581249999998676,21.2020833333332],[55.581249999998676,21.206249999999848],[55.57708333333204,21.21041666666651],[55.568749999998715,21.21041666666651]]}},{"type":"Feature","properties":{"HYRIV_ID":20892614,"NEXT_DOWN":20892615,"MAIN_RIV":20892193,"LENGTH_KM":67.089996,"CATCH_SKM":188.44,"DIS_AV_CMS":0.0,"ORD_STRA":1,"ORD_FLOW":10},"geometry":{"type":"LineString","coordinates":[[53.86666666666545,21.31041666666652],[53.88958333333207,21.31041666666652],[53.897916666665395,21.318749999999845],[53.91041666666544,21.318749999999845],[53.914583333332104,21.322916666666536],[53.92708333333209,21.322916666666536],[53.93541666666539,21.314583333333182],[53.98124999999874,21.314583333333182],[53.99374999999878,21.302083333333208],[54.00208333333211,21.302083333333208],[54.00624999999877,21.297916666666545],[54.010416666665435,21.297916666666545],[54.01874999999873,21.28958333333319],[54.022916666665395,21.28958333333319],[54.02708333333214,21.293749999999854],[54.068749999998715,21.293749999999854],[54.07291666666546,21.28958333333319],[54.089583333332115,21.28958333333319],[54.09791666666541,21.28124999999988],[54.09791666666541,21.277083333333174],[54.102083333332075,21.27291666666651],[54.1395833333321,21.27291666666651],[54.147916666665395,21.2645833333332],[54.16041666666547,21.2645833333332],[54.16874999999877,21.256249999999874],[54.17291666666543,21.256249999999874],[54.18541666666542,21.243749999999856],[54.20624999999879,21.243749999999856],[54.21041666666545,21.24791666666652],[54.214583333332115,21.24791666666652],[54.21874999999878,21.243749999999856],[54.21874999999878,21.239583333333208],[54.22291666666541,21.235416666666545],[54.227083333332075,21.235416666666545],[54.23124999999874,21.23124999999984],[54.272916666665424,21.23124999999984],[54.27708333333206,21.22708333333319],[54.293749999998795,21.22708333333319],[54.29791666666546,21.23124999999984],[54.306249999998755,21.23124999999984],[54.31041666666542,21.22708333333319],[54.331249999998704,21.22708333333319],[54.34374999999878,21.214583333333216],[54.3604166666654,21.214583333333216],[54.36458333333215,21.21041666666651],[54.36874999999873,21.21041666666651],[54.37708333333211,21.2020833333332],[54.397916666665424,21.2020833333332],[54.40208333333209,21.197916666666536],[54.42708333333212,21.197916666666536],[54.431249999998755,21.2020833333332]]}},{"type":"Feature","properties":{"HYRIV_ID":20892615,"NEXT_DOWN":20892616,"MAIN_RIV":20892193,"LENGTH_KM":1.93,"CATCH_SKM":3.2,"DIS_AV_CMS":0.0,"ORD_STRA":3,"ORD_FLOW":10},"geometry":{"type":"LineString","coordinates":[[54.431249999998755,21.2020833333332],[54.43958333333208,21.2020833333332],[54.443749999998744,21.197916666666536],[54.44791666666541,21.197916666666536]]}},{"type":"Feature","properties":{"HYRIV_ID":20892616,"NEXT_DOWN":20892314,"MAIN_RIV":20892193,"LENGTH_KM":4.96,"CATCH_SKM":20.610001,"DIS_AV_CMS":0.0,"ORD_STRA":4,"ORD_FLOW":10},"geometry":{"type":"LineString","coordinates":[[54.44791666666541,21.197916666666536],[54.456249999998704,21.206249999999848],[54.456249999998704,21.214583333333216],[54.45208333333207,21.218749999999865],[54.46041666666537,21.22708333333319],[54.46874999999878,21.22708333333319]]}},{"type":"Feature","properties":{"HYRIV_ID":20892617,"NEXT_DOWN":20892432,"MAIN_RIV":20892432,"LENGTH_KM":2.53,"CATCH_SKM":5.2,"DIS_AV_CMS":0.0,"ORD_STRA":5,"ORD_FLOW":10},"geometry":{"type":"LineString","coordinates":[[54.82291666666541,21.197916666666536],[54.80624999999878,21.214583333333216]]}},{"type":"Feature","properties":{"HYRIV_ID":20892618,"NEXT_DOWN":20892827,"MAIN_RIV":20892432,"LENGTH_KM":2.83,"CATCH_SKM":5.4,"DIS_AV_CMS":0.0,"ORD_STRA":4,"ORD_FLOW":10},"geometry":{"type":"LineString","coordinates":[[55.052083333332064,21.218749999999865],[55.052083333332064,21.21041666666651],[55.039583333332075,21.197916666666536]]}},{"type":"Feature","properties":{"HYRIV_ID":20892619,"NEXT_DOWN":20892194,"MAIN_RIV":20892432,"LENGTH_KM":6.52,"CATCH_SKM":11.61,"DIS_AV_CMS":0.0,"ORD_STRA":3,"ORD_FLOW":10},"geometry":{"type":"LineString","coordinates":[[55.243749999998755,21.197916666666536],[55.23541666666537,21.197916666666536],[55.23124999999871,21.2020833333332],[55.23124999999871,21.206249999999848],[55.222916666665384,21.214583333333216],[55.222916666665384,21.222916666666528],[55.21874999999872,21.22708333333319],[55.21874999999872,21.23124999999984],[55.210416666665424,21.239583333333208]]}},{"type":"Feature","properties":{"HYRIV_ID":20892620,"NEXT_DOWN":20892619,"MAIN_RIV":20892432,"LENGTH_KM":2.49,"CATCH_SKM":2.8,"DIS_AV_CMS":0.001,"ORD_STRA":2,"ORD_FLOW":9},"geometry":{"type":"LineString","coordinates":[[55.24791666666542,21.218749999999865],[55.24791666666542,21.214583333333216],[55.243749999998755,21.21041666666651],[55.243749999998755,21.197916666666536]]}},{"type":"Feature","properties":{"HYRIV_ID":20892621,"NEXT_DOWN":20892619,"MAIN_RIV":20892432,"LENGTH_KM":4.7199998,"CATCH_SKM":13.61,"DIS_AV_CMS":0.0,"ORD_STRA":3,"ORD_FLOW":10},"geometry":{"type":"LineString","coordinates":[[55.28541666666544,21.197916666666536],[55.28124999999878,21.2020833333332],[55.26041666666541,21.2020833333332],[55.256249999998744,21.197916666666536],[55.243749999998755,21.197916666666536]]}},{"type":"Feature","properties":{"HYRIV_ID":20892622,"NEXT_DOWN":20892578,"MAIN_RIV":20887939,"LENGTH_KM":0.95,"CATCH_SKM":10.81,"DIS_AV_CMS":0.001,"ORD_STRA":1,"ORD_FLOW":9},"geometry":{"type":"LineString","coordinates":[[55.587499999998755,21.195833333333205],[55.581249999998676,21.2020833333332]]}},{"type":"Feature","properties":{"HYRIV_ID":20892659,"NEXT_DOWN":20892398,"MAIN_RIV":20887939,"LENGTH_KM":3.52,"CATCH_SKM":20.209999,"DIS_AV_CMS":0.001,"ORD_STRA":1,"ORD_FLOW":9},"geometry":{"type":"LineString","coordinates":[[55.52708333333203,21.191666666666542],[55.52708333333203,21.197916666666536],[55.539583333332104,21.21041666666651],[55.539583333332104,21.218749999999865]]}},{"type":"Feature","properties":{"HYRIV_ID":20892709,"NEXT_DOWN":20892621,"MAIN_RIV":20892432,"LENGTH_KM":1.1,"CATCH_SKM":0.6,"DIS_AV_CMS":0.0,"ORD_STRA":3,"ORD_FLOW":10},"geometry":{"type":"LineString","coordinates":[[55.289583333332104,21.189583333333225],[55.289583333332104,21.193749999999874],[55.28541666666544,21.197916666666536]]}},{"type":"Feature","properties":{"HYRIV_ID":20892710,"NEXT_DOWN":20892578,"MAIN_RIV":20887939,"LENGTH_KM":1.62,"CATCH_SKM":15.01,"DIS_AV_CMS":0.001,"ORD_STRA":1,"ORD_FLOW":9},"geometry":{"type":"LineString","coordinates":[[55.581249999998676,21.187499999999893],[55.581249999998676,21.2020833333332]]}},{"type":"Feature","properties":{"HYRIV_ID":20892740,"NEXT_DOWN":20892827,"MAIN_RIV":20892432,"LENGTH_KM":5.14,"CATCH_SKM":35.630001,"DIS_AV_CMS":0.001,"ORD_STRA":1,"ORD_FLOW":9},"geometry":{"type":"LineString","coordinates":[[55.083333333332064,21.18541666666652],[55.072916666665435,21.18541666666652],[55.06874999999877,21.189583333333225],[55.06458333333211,21.189583333333225],[55.06041666666536,21.193749999999874],[55.0479166666654,21.193749999999874],[55.04374999999874,21.197916666666536],[55.039583333332075,21.197916666666536]]}},{"type":"Feature","properties":{"HYRIV_ID":20892784,"NEXT_DOWN":20892616,"MAIN_RIV":20892193,"LENGTH_KM":2.8,"CATCH_SKM":12.01,"DIS_AV_CMS":0.0,"ORD_STRA":3,"ORD_FLOW":10},"geometry":{"type":"LineString","coordinates":[[54.431249999998755,21.181249999999856],[54.43541666666542,21.18541666666652],[54.43958333333208,21.18541666666652],[54.44791666666541,21.193749999999874],[54.44791666666541,21.197916666666536]]}},{"type":"Feature","properties":{"HYRIV_ID":20892785,"NEXT_DOWN":20892617,"MAIN_RIV":20892432,"LENGTH_KM":6.85,"CATCH_SKM":39.630001,"DIS_AV_CMS":0.0,"ORD_STRA":5,"ORD_FLOW":10},"geometry":{"type":"LineString","coordinates":[[54.881249999998715,21.181249999999856],[54.868749999998755,21.181249999999856],[54.86458333333209,21.18541666666652],[54.85624999999877,21.18541666666652],[54.85208333333202,21.189583333333225],[54.84374999999872,21.189583333333225],[54.83958333333206,21.193749999999874],[54.83124999999873,21.193749999999874],[54.82708333333207,21.197916666666536],[54.82291666666541,21.197916666666536]]}},{"type":"Feature","properties":{"HYRIV_ID":20892786,"NEXT_DOWN":20892785,"MAIN_RIV":20892432,"LENGTH_KM":4.48,"CATCH_SKM":22.41,"DIS_AV_CMS":0.001,"ORD_STRA":1,"ORD_FLOW":9},"geometry":{"type":"LineString","coordinates":[[54.91666666666541,21.197916666666536],[54.91041666666541,21.197916666666536],[54.90624999999875,21.193749999999874],[54.90208333333209,21.193749999999874],[54.89374999999879,21.18541666666652],[54.889583333332126,21.18541666666652],[54.88541666666538,21.181249999999856],[54.881249999998715,21.181249999999856]]}},{"type":"Feature","properties":{"HYRIV_ID":20892787,"NEXT_DOWN":20892621,"MAIN_RIV":20892432,"LENGTH_KM":6.4099998,"CATCH_SKM":32.02,"DIS_AV_CMS":0.001,"ORD_STRA":1,"ORD_FLOW":9},"geometry":{"type":"LineString","coordinates":[[55.337499999998755,21.18541666666652],[55.33124999999876,21.18541666666652],[55.3270833333321,21.181249999999856],[55.32291666666535,21.18541666666652],[55.30624999999873,21.18541666666652],[55.29374999999874,21.197916666666536],[55.28541666666544,21.197916666666536]]}},{"type":"Feature","properties":{"HYRIV_ID":20892827,"NEXT_DOWN":20892853,"MAIN_RIV":20892432,"LENGTH_KM":4.46,"CATCH_SKM":28.82,"DIS_AV_CMS":0.0,"ORD_STRA":4,"ORD_FLOW":10},"geometry":{"type":"LineString","coordinates":[[55.039583333332075,21.197916666666536],[55.01874999999879,21.177083333333208],[55.006249999998715,21.177083333333208]]}},{"type":"Feature","properties":{"HYRIV_ID":20892828,"NEXT_DOWN":20892194,"MAIN_RIV":20892432,"LENGTH_KM":8.4,"CATCH_SKM":17.610001,"DIS_AV_CMS":0.0,"ORD_STRA":2,"ORD_FLOW":10},"geometry":{"type":"LineString","coordinates":[[55.197916666665435,21.177083333333208],[55.19374999999877,21.181249999999856],[55.19374999999877,21.18541666666652],[55.189583333332024,21.189583333333225],[55.189583333332024,21.193749999999874],[55.19374999999877,21.193749999999874],[55.2020833333321,21.2020833333332],[55.2020833333321,21.218749999999865],[55.20624999999876,21.222916666666528],[55.20624999999876,21.235416666666545],[55.210416666665424,21.239583333333208]]}},{"type":"Feature","properties":{"HYRIV_ID":20892829,"NEXT_DOWN":20891789,"MAIN_RIV":20887939,"LENGTH_KM":12.94,"CATCH_SKM":52.830002,"DIS_AV_CMS":0.0,"ORD_STRA":3,"ORD_FLOW":10},"geometry":{"type":"LineString","coordinates":[[55.69791666666538,21.177083333333208],[55.69791666666538,21.197916666666536],[55.70208333333204,21.2020833333332],[55.70208333333204,21.214583333333216],[55.706249999998704,21.218749999999865],[55.706249999998704,21.222916666666528],[55.71874999999875,21.235416666666545],[55.71874999999875,21.24791666666652],[55.727083333332075,21.256249999999874],[55.727083333332075,21.260416666666536],[55.73124999999874,21.2645833333332],[55.73124999999874,21.28124999999988]]}},{"type":"Feature","properties":{"HYRIV_ID":20892830,"NEXT_DOWN":20892829,"MAIN_RIV":20887939,"LENGTH_KM":0.65,"CATCH_SKM":10.81,"DIS_AV_CMS":0.001,"ORD_STRA":1,"ORD_FLOW":9},"geometry":{"type":"LineString","coordinates":[[55.70416666666537,21.177083333333208],[55.69791666666538,21.177083333333208]]}},{"type":"Feature","properties":{"HYRIV_ID":20892852,"NEXT_DOWN":20893049,"MAIN_RIV":20892432,"LENGTH_KM":7.48,"CATCH_SKM":32.02,"DIS_AV_CMS":0.0,"ORD_STRA":1,"ORD_FLOW":10},"geometry":{"type":"LineString","coordinates":[[54.97083333333205,21.233333333333213],[54.96458333333206,21.22708333333319],[54.96458333333206,21.214583333333216],[54.960416666665395,21.21041666666651],[54.960416666665395,21.206249999999848],[54.96458333333206,21.2020833333332],[54.96458333333206,21.18541666666652],[54.96874999999872,21.181249999999856],[54.96874999999872,21.172916666666545]]}},{"type":"Feature","properties":{"HYRIV_ID":20892853,"NEXT_DOWN":20893049,"MAIN_RIV":20892432,"LENGTH_KM":5.1599998,"CATCH_SKM":24.82,"DIS_AV_CMS":0.0,"ORD_STRA":4,"ORD_FLOW":10},"geometry":{"type":"LineString","coordinates":[[55.006249999998715,21.177083333333208],[55.00208333333208,21.177083333333208],[54.99791666666542,21.181249999999856],[54.993749999998755,21.181249999999856],[54.98958333333209,21.18541666666652],[54.98124999999877,21.18541666666652],[54.97708333333205,21.181249999999856],[54.97708333333205,21.177083333333208],[54.972916666665384,21.172916666666545],[54.96874999999872,21.172916666666545]]}},{"type":"Feature","properties":{"HYRIV_ID":20892854,"NEXT_DOWN":20892828,"MAIN_RIV":20892432,"LENGTH_KM":1.92,"CATCH_SKM":13.21,"DIS_AV_CMS":0.0,"ORD_STRA":1,"ORD_FLOW":10},"geometry":{"type":"LineString","coordinates":[[55.21249999999873,21.177083333333208],[55.20624999999876,21.177083333333208],[55.2020833333321,21.172916666666545],[55.197916666665435,21.177083333333208]]}},{"type":"Feature","properties":{"HYRIV_ID":20892884,"NEXT_DOWN":20892929,"MAIN_RIV":20892193,"LENGTH_KM":19.290001,"CATCH_SKM":56.639999,"DIS_AV_CMS":0.0,"ORD_STRA":2,"ORD_FLOW":10},"geometry":{"type":"LineString","coordinates":[[54.202083333332126,21.21041666666651],[54.26874999999876,21.21041666666651],[54.27708333333206,21.2020833333332],[54.28958333333213,21.2020833333332],[54.293749999998795,21.197916666666536],[54.29791666666546,21.197916666666536],[54.31041666666542,21.18541666666652],[54.32708333333204,21.18541666666652],[54.33541666666545,21.177083333333208],[54.34791666666544,21.177083333333208],[54.35624999999874,21.16874999999984],[54.36874999999873,21.16874999999984]]}},{"type":"Feature","properties":{"HYRIV_ID":20892927,"NEXT_DOWN":20893359,"MAIN_RIV":20892193,"LENGTH_KM":11.98,"CATCH_SKM":29.219999,"DIS_AV_CMS":0.0,"ORD_STRA":2,"ORD_FLOW":10},"geometry":{"type":"LineString","coordinates":[[54.068749999998715,21.206249999999848],[54.07291666666546,21.21041666666651],[54.08541666666545,21.21041666666651],[54.09374999999875,21.2020833333332],[54.09374999999875,21.197916666666536],[54.09791666666541,21.193749999999874],[54.1104166666654,21.193749999999874],[54.114583333332064,21.189583333333225],[54.1187499999987,21.193749999999874],[54.122916666665446,21.193749999999874],[54.13124999999877,21.18541666666652],[54.13124999999877,21.181249999999856],[54.147916666665395,21.16458333333322],[54.15208333333206,21.16458333333322]]}},{"type":"Feature","properties":{"HYRIV_ID":20892928,"NEXT_DOWN":20893359,"MAIN_RIV":20892193,"LENGTH_KM":3.01,"CATCH_SKM":14.41,"DIS_AV_CMS":0.0,"ORD_STRA":1,"ORD_FLOW":10},"geometry":{"type":"LineString","coordinates":[[54.1708333333321,21.181249999999856],[54.16458333333213,21.181249999999856],[54.15208333333206,21.16874999999984],[54.15208333333206,21.16458333333322]]}},{"type":"Feature","properties":{"HYRIV_ID":20892929,"NEXT_DOWN":20892784,"MAIN_RIV":20892193,"LENGTH_KM":7.4899998,"CATCH_SKM":33.029999,"DIS_AV_CMS":0.0,"ORD_STRA":3,"ORD_FLOW":10},"geometry":{"type":"LineString","coordinates":[[54.36874999999873,21.16874999999984],[54.38124999999877,21.16874999999984],[54.385416666665435,21.16458333333322],[54.40624999999872,21.16458333333322],[54.41041666666547,21.16874999999984],[54.41458333333213,21.16874999999984],[54.42291666666546,21.177083333333208],[54.42708333333212,21.177083333333208],[54.431249999998755,21.181249999999856]]}},{"type":"Feature","properties":{"HYRIV_ID":20892962,"NEXT_DOWN":0,"MAIN_RIV":20892962,"LENGTH_KM":12.74,"CATCH_SKM":41.029999,"DIS_AV_CMS":0.0,"ORD_STRA":2,"ORD_FLOW":10},"geometry":{"type":"LineString","coordinates":[[54.71874999999869,21.160416666666528],[54.71874999999869,21.16458333333322],[54.727083333332104,21.172916666666545],[54.73541666666543,21.172916666666545],[54.73541666666543,21.177083333333208],[54.74374999999873,21.18541666666652],[54.74374999999873,21.189583333333225],[54.75208333333205,21.197916666666536],[54.75208333333205,21.2020833333332],[54.76041666666546,21.21041666666651],[54.76874999999876,21.21041666666651],[54.78124999999875,21.222916666666528],[54.77708333333209,21.22708333333319],[54.77708333333209,21.23124999999984],[54.78124999999875,21.235416666666545],[54.78124999999875,21.239583333333208]]}},{"type":"Feature","properties":{"HYRIV_ID":20892963,"NEXT_DOWN":20892432,"MAIN_RIV":20892432,"LENGTH_KM":10.63,"CATCH_SKM":46.639999,"DIS_AV_CMS":0.0,"ORD_STRA":1,"ORD_FLOW":10},"geometry":{"type":"LineString","coordinates":[[54.74583333333206,21.158333333333196],[54.75208333333205,21.16458333333322],[54.74791666666539,21.16874999999984],[54.74791666666539,21.177083333333208],[54.756249999998715,21.18541666666652],[54.76041666666546,21.18541666666652],[54.764583333332126,21.189583333333225],[54.78541666666541,21.189583333333225],[54.80208333333212,21.206249999999848],[54.80208333333212,21.21041666666651],[54.80624999999878,21.214583333333216]]}},{"type":"Feature","properties":{"HYRIV_ID":20892964,"NEXT_DOWN":20892829,"MAIN_RIV":20887939,"LENGTH_KM":2.1900001,"CATCH_SKM":4.2,"DIS_AV_CMS":0.0,"ORD_STRA":3,"ORD_FLOW":10},"geometry":{"type":"LineString","coordinates":[[55.68958333333205,21.160416666666528],[55.69791666666538,21.16874999999984],[55.69791666666538,21.177083333333208]]}},{"type":"Feature","properties":{"HYRIV_ID":20892965,"NEXT_DOWN":20892964,"MAIN_RIV":20887939,"LENGTH_KM":0.65,"CATCH_SKM":14.62,"DIS_AV_CMS":0.001,"ORD_STRA":1,"ORD_FLOW":9},"geometry":{"type":"LineString","coordinates":[[55.69583333333205,21.160416666666528],[55.68958333333205,21.160416666666528]]}},{"type":"Feature","properties":{"HYRIV_ID":20892998,"NEXT_DOWN":20893359,"MAIN_RIV":20892193,"LENGTH_KM":26.93,"CATCH_SKM":86.07,"DIS_AV_CMS":0.0,"ORD_STRA":1,"ORD_FLOW":10},"geometry":{"type":"LineString","coordinates":[[53.92499999999876,21.195833333333205],[53.931249999998755,21.189583333333225],[53.94791666666546,21.189583333333225],[53.95624999999879,21.181249999999856],[53.97291666666541,21.181249999999856],[53.977083333332075,21.177083333333208],[54.01458333333207,21.177083333333208],[54.01874999999873,21.181249999999856],[54.022916666665395,21.181249999999856],[54.02708333333214,21.177083333333208],[54.04791666666543,21.177083333333208],[54.056249999998755,21.16874999999984],[54.068749999998715,21.16874999999984],[54.07291666666546,21.16458333333322],[54.077083333332126,21.16458333333322],[54.08124999999879,21.16874999999984],[54.122916666665446,21.16874999999984],[54.135416666665435,21.156249999999865],[54.147916666665395,21.156249999999865],[54.15208333333206,21.160416666666528],[54.15208333333206,21.16458333333322]]}},{"type":"Feature","properties":{"HYRIV_ID":20892999,"NEXT_DOWN":20892929,"MAIN_RIV":20892193,"LENGTH_KM":1.56,"CATCH_SKM":2.2,"DIS_AV_CMS":0.0,"ORD_STRA":3,"ORD_FLOW":10},"geometry":{"type":"LineString","coordinates":[[54.36458333333215,21.156249999999865],[54.36458333333215,21.16458333333322],[54.36874999999873,21.16874999999984]]}},{"type":"Feature","properties":{"HYRIV_ID":20893000,"NEXT_DOWN":20892192,"MAIN_RIV":20892193,"LENGTH_KM":10.97,"CATCH_SKM":51.240002,"DIS_AV_CMS":0.0,"ORD_STRA":6,"ORD_FLOW":10},"geometry":{"type":"LineString","coordinates":[[54.6312499999988,21.156249999999865],[54.63541666666546,21.160416666666528],[54.63541666666546,21.16458333333322],[54.647916666665424,21.177083333333208],[54.647916666665424,21.181249999999856],[54.65208333333209,21.18541666666652],[54.65208333333209,21.193749999999874],[54.647916666665424,21.197916666666536],[54.647916666665424,21.206249999999848],[54.64374999999876,21.21041666666651],[54.64374999999876,21.218749999999865],[54.65208333333209,21.22708333333319],[54.65208333333209,21.235416666666545],[54.65624999999875,21.239583333333208]]}},{"type":"Feature","properties":{"HYRIV_ID":20893001,"NEXT_DOWN":20892785,"MAIN_RIV":20892432,"LENGTH_KM":3.46,"CATCH_SKM":9.8100004,"DIS_AV_CMS":0.0,"ORD_STRA":5,"ORD_FLOW":10},"geometry":{"type":"LineString","coordinates":[[54.89791666666545,21.156249999999865],[54.89791666666545,21.160416666666528],[54.89374999999879,21.16458333333322],[54.89374999999879,21.16874999999984],[54.881249999998715,21.181249999999856]]}},{"type":"Feature","properties":{"HYRIV_ID":20893002,"NEXT_DOWN":20892853,"MAIN_RIV":20892432,"LENGTH_KM":3.06,"CATCH_SKM":12.61,"DIS_AV_CMS":0.0,"ORD_STRA":1,"ORD_FLOW":10},"geometry":{"type":"LineString","coordinates":[[55.01041666666538,21.154166666666534],[55.01041666666538,21.160416666666528],[55.00208333333208,21.16874999999984],[55.006249999998715,21.172916666666545],[55.006249999998715,21.177083333333208]]}},{"type":"Feature","properties":{"HYRIV_ID":20893003,"NEXT_DOWN":20892828,"MAIN_RIV":20892432,"LENGTH_KM":3.75,"CATCH_SKM":24.82,"DIS_AV_CMS":0.001,"ORD_STRA":1,"ORD_FLOW":9},"geometry":{"type":"LineString","coordinates":[[55.22083333333205,21.154166666666534],[55.210416666665424,21.16458333333322],[55.20624999999876,21.16458333333322],[55.197916666665435,21.172916666666545],[55.197916666665435,21.177083333333208]]}},{"type":"Feature","properties":{"HYRIV_ID":20893045,"NEXT_DOWN":20892999,"MAIN_RIV":20892193,"LENGTH_KM":13.59,"CATCH_SKM":48.040001,"DIS_AV_CMS":0.0,"ORD_STRA":1,"ORD_FLOW":10},"geometry":{"type":"LineString","coordinates":[[54.24999999999878,21.174999999999876],[54.25624999999877,21.16874999999984],[54.28958333333213,21.16874999999984],[54.30208333333209,21.156249999999865],[54.31458333333208,21.156249999999865],[54.318749999998744,21.152083333333202],[54.32291666666541,21.152083333333202],[54.32708333333204,21.156249999999865],[54.34374999999878,21.156249999999865],[54.34791666666544,21.160416666666528],[54.352083333332075,21.156249999999865],[54.36458333333215,21.156249999999865]]}},{"type":"Feature","properties":{"HYRIV_ID":20893046,"NEXT_DOWN":20892962,"MAIN_RIV":20892962,"LENGTH_KM":0.93,"CATCH_SKM":1.4,"DIS_AV_CMS":0.001,"ORD_STRA":2,"ORD_FLOW":9},"geometry":{"type":"LineString","coordinates":[[54.71874999999869,21.152083333333202],[54.71874999999869,21.160416666666528]]}},{"type":"Feature","properties":{"HYRIV_ID":20893047,"NEXT_DOWN":20893001,"MAIN_RIV":20892432,"LENGTH_KM":0.69,"CATCH_SKM":13.41,"DIS_AV_CMS":0.001,"ORD_STRA":1,"ORD_FLOW":9},"geometry":{"type":"LineString","coordinates":[[54.89791666666545,21.149999999999885],[54.89791666666545,21.156249999999865]]}},{"type":"Feature","properties":{"HYRIV_ID":20893048,"NEXT_DOWN":20893001,"MAIN_RIV":20892432,"LENGTH_KM":1.0700001,"CATCH_SKM":2.0,"DIS_AV_CMS":0.0,"ORD_STRA":5,"ORD_FLOW":10},"geometry":{"type":"LineString","coordinates":[[54.90624999999875,21.152083333333202],[54.90208333333209,21.152083333333202],[54.89791666666545,21.156249999999865]]}},{"type":"Feature","properties":{"HYRIV_ID":20893049,"NEXT_DOWN":20893048,"MAIN_RIV":20892432,"LENGTH_KM":7.4899998,"CATCH_SKM":37.43,"DIS_AV_CMS":0.0,"ORD_STRA":4,"ORD_FLOW":10},"geometry":{"type":"LineString","coordinates":[[54.96874999999872,21.172916666666545],[54.96458333333206,21.16874999999984],[54.935416666665446,21.16874999999984],[54.927083333332035,21.160416666666528],[54.9229166666654,21.160416666666528],[54.91874999999874,21.156249999999865],[54.914583333332075,21.156249999999865],[54.91041666666541,21.152083333333202],[54.90624999999875,21.152083333333202]]}},{"type":"Feature","properties":{"HYRIV_ID":20893084,"NEXT_DOWN":20892784,"MAIN_RIV":20892193,"LENGTH_KM":5.39,"CATCH_SKM":19.82,"DIS_AV_CMS":0.0,"ORD_STRA":1,"ORD_FLOW":10},"geometry":{"type":"LineString","coordinates":[[54.443749999998744,21.14583333333318],[54.443749999998744,21.152083333333202],[54.45208333333207,21.160416666666528],[54.45208333333207,21.16458333333322],[54.44791666666541,21.16874999999984],[54.443749999998744,21.16874999999984],[54.431249999998755,21.181249999999856]]}},{"type":"Feature","properties":{"HYRIV_ID":20893085,"NEXT_DOWN":20892617,"MAIN_RIV":20892432,"LENGTH_KM":6.0700002,"CATCH_SKM":24.42,"DIS_AV_CMS":0.0,"ORD_STRA":4,"ORD_FLOW":10},"geometry":{"type":"LineString","coordinates":[[54.810416666665446,21.147916666666553],[54.81458333333211,21.152083333333202],[54.81458333333211,21.16458333333322],[54.81874999999877,21.16874999999984],[54.81874999999877,21.189583333333225],[54.82291666666541,21.193749999999874],[54.82291666666541,21.197916666666536]]}},{"type":"Feature","properties":{"HYRIV_ID":20893122,"NEXT_DOWN":20893123,"MAIN_RIV":20892193,"LENGTH_KM":4.1799998,"CATCH_SKM":19.82,"DIS_AV_CMS":0.0,"ORD_STRA":1,"ORD_FLOW":10},"geometry":{"type":"LineString","coordinates":[[54.6083333333321,21.16666666666655],[54.602083333332104,21.160416666666528],[54.61041666666543,21.152083333333202],[54.61041666666543,21.147916666666553],[54.614583333332064,21.143749999999848],[54.62291666666539,21.143749999999848]]}},{"type":"Feature","properties":{"HYRIV_ID":20893123,"NEXT_DOWN":20893000,"MAIN_RIV":20892193,"LENGTH_KM":1.73,"CATCH_SKM":4.0,"DIS_AV_CMS":0.0,"ORD_STRA":6,"ORD_FLOW":10},"geometry":{"type":"LineString","coordinates":[[54.62291666666539,21.143749999999848],[54.62291666666539,21.147916666666553],[54.6312499999988,21.156249999999865]]}},{"type":"Feature","properties":{"HYRIV_ID":20893124,"NEXT_DOWN":20892962,"MAIN_RIV":20892962,"LENGTH_KM":3.98,"CATCH_SKM":21.219999,"DIS_AV_CMS":0.001,"ORD_STRA":1,"ORD_FLOW":9},"geometry":{"type":"LineString","coordinates":[[54.69166666666541,21.141666666666517],[54.69791666666541,21.147916666666553],[54.69791666666541,21.152083333333202],[54.70208333333207,21.156249999999865],[54.70624999999873,21.156249999999865],[54.710416666665395,21.160416666666528],[54.71874999999869,21.160416666666528]]}},{"type":"Feature","properties":{"HYRIV_ID":20893125,"NEXT_DOWN":20893223,"MAIN_RIV":20887902,"LENGTH_KM":5.1100001,"CATCH_SKM":26.02,"DIS_AV_CMS":0.001,"ORD_STRA":1,"ORD_FLOW":9},"geometry":{"type":"LineString","coordinates":[[55.44583333333205,21.174999999999876],[55.43958333333205,21.16874999999984],[55.43124999999873,21.16874999999984],[55.4229166666654,21.160416666666528],[55.4229166666654,21.156249999999865],[55.41874999999877,21.152083333333202],[55.41874999999877,21.143749999999848]]}},{"type":"Feature","properties":{"HYRIV_ID":20893126,"NEXT_DOWN":20893127,"MAIN_RIV":20887939,"LENGTH_KM":3.6700001,"CATCH_SKM":13.61,"DIS_AV_CMS":0.0,"ORD_STRA":1,"ORD_FLOW":10},"geometry":{"type":"LineString","coordinates":[[55.633333333332075,21.156249999999865],[55.647916666665395,21.156249999999865],[55.65208333333206,21.152083333333202],[55.65624999999869,21.152083333333202],[55.660416666665355,21.147916666666553],[55.660416666665355,21.143749999999848]]}},{"type":"Feature","properties":{"HYRIV_ID":20893127,"NEXT_DOWN":20892964,"MAIN_RIV":20887939,"LENGTH_KM":4.0900002,"CATCH_SKM":18.42,"DIS_AV_CMS":0.0,"ORD_STRA":3,"ORD_FLOW":10},"geometry":{"type":"LineString","coordinates":[[55.660416666665355,21.143749999999848],[55.664583333332104,21.147916666666553],[55.664583333332104,21.152083333333202],[55.67291666666543,21.160416666666528],[55.68958333333205,21.160416666666528]]}},{"type":"Feature","properties":{"HYRIV_ID":20893175,"NEXT_DOWN":20893392,"MAIN_RIV":20892432,"LENGTH_KM":2.97,"CATCH_SKM":18.620001,"DIS_AV_CMS":0.001,"ORD_STRA":1,"ORD_FLOW":9},"geometry":{"type":"LineString","coordinates":[[55.116666666665424,21.16249999999986],[55.12291666666542,21.156249999999865],[55.12291666666542,21.152083333333202],[55.118749999998755,21.147916666666553],[55.118749999998755,21.139583333333185]]}},{"type":"Feature","properties":{"HYRIV_ID":20893220,"NEXT_DOWN":20893048,"MAIN_RIV":20892432,"LENGTH_KM":2.02,"CATCH_SKM":5.4099998,"DIS_AV_CMS":0.0,"ORD_STRA":4,"ORD_FLOW":10},"geometry":{"type":"LineString","coordinates":[[54.91041666666541,21.135416666666536],[54.91041666666541,21.143749999999848],[54.90624999999875,21.147916666666553],[54.90624999999875,21.152083333333202]]}},{"type":"Feature","properties":{"HYRIV_ID":20893221,"NEXT_DOWN":20892709,"MAIN_RIV":20892432,"LENGTH_KM":8.83,"CATCH_SKM":38.639999,"DIS_AV_CMS":0.0,"ORD_STRA":1,"ORD_FLOW":10},"geometry":{"type":"LineString","coordinates":[[55.33333333333209,21.133333333333205],[55.32291666666535,21.143749999999848],[55.32291666666535,21.147916666666553],[55.31874999999869,21.152083333333202],[55.30624999999873,21.152083333333202],[55.30624999999873,21.160416666666528],[55.302083333332064,21.16458333333322],[55.302083333332064,21.177083333333208],[55.289583333332104,21.189583333333225]]}},{"type":"Feature","properties":{"HYRIV_ID":20893222,"NEXT_DOWN":20892195,"MAIN_RIV":20887902,"LENGTH_KM":14.24,"CATCH_SKM":48.639999,"DIS_AV_CMS":0.0,"ORD_STRA":3,"ORD_FLOW":10},"geometry":{"type":"LineString","coordinates":[[55.38958333333207,21.135416666666536],[55.38958333333207,21.143749999999848],[55.38541666666541,21.147916666666553],[55.38541666666541,21.152083333333202],[55.381249999998744,21.156249999999865],[55.37291666666542,21.156249999999865],[55.368749999998755,21.160416666666528],[55.368749999998755,21.181249999999856],[55.37291666666542,21.18541666666652],[55.37291666666542,21.21041666666651],[55.368749999998755,21.214583333333216],[55.368749999998755,21.218749999999865],[55.37291666666542,21.222916666666528],[55.37291666666542,21.23124999999984],[55.37708333333208,21.235416666666545],[55.381249999998744,21.235416666666545],[55.38541666666541,21.239583333333208]]}},{"type":"Feature","properties":{"HYRIV_ID":20893223,"NEXT_DOWN":20893222,"MAIN_RIV":20887902,"LENGTH_KM":3.83,"CATCH_SKM":5.4099998,"DIS_AV_CMS":0.0,"ORD_STRA":2,"ORD_FLOW":10},"geometry":{"type":"LineString","coordinates":[[55.41874999999877,21.143749999999848],[55.41041666666544,21.135416666666536],[55.40624999999878,21.135416666666536],[55.402083333332115,21.139583333333185],[55.39791666666537,21.139583333333185],[55.39374999999873,21.135416666666536],[55.38958333333207,21.135416666666536]]}},{"type":"Feature","properties":{"HYRIV_ID":20893224,"NEXT_DOWN":20893223,"MAIN_RIV":20887902,"LENGTH_KM":4.2600002,"CATCH_SKM":10.01,"DIS_AV_CMS":0.0,"ORD_STRA":2,"ORD_FLOW":10},"geometry":{"type":"LineString","coordinates":[[55.45208333333201,21.135416666666536],[55.443749999998715,21.135416666666536],[55.43958333333205,21.139583333333185],[55.43541666666539,21.139583333333185],[55.43124999999873,21.135416666666536],[55.427083333332064,21.139583333333185],[55.4229166666654,21.139583333333185],[55.41874999999877,21.143749999999848]]}},{"type":"Feature","properties":{"HYRIV_ID":20893225,"NEXT_DOWN":20893224,"MAIN_RIV":20887902,"LENGTH_KM":2.35,"CATCH_SKM":14.21,"DIS_AV_CMS":0.001,"ORD_STRA":1,"ORD_FLOW":9},"geometry":{"type":"LineString","coordinates":[[55.47083333333208,21.143749999999848],[55.460416666665424,21.143749999999848],[55.45208333333201,21.135416666666536]]}},{"type":"Feature","properties":{"HYRIV_ID":20893226,"NEXT_DOWN":20893127,"MAIN_RIV":20887939,"LENGTH_KM":1.27,"CATCH_SKM":2.0,"DIS_AV_CMS":0.0,"ORD_STRA":3,"ORD_FLOW":10},"geometry":{"type":"LineString","coordinates":[[55.65208333333206,21.135416666666536],[55.660416666665355,21.143749999999848]]}},{"type":"Feature","properties":{"HYRIV_ID":20893275,"NEXT_DOWN":20893046,"MAIN_RIV":20892962,"LENGTH_KM":3.6,"CATCH_SKM":5.0,"DIS_AV_CMS":0.0,"ORD_STRA":2,"ORD_FLOW":10},"geometry":{"type":"LineString","coordinates":[[54.70208333333207,21.131249999999874],[54.70624999999873,21.135416666666536],[54.70208333333207,21.139583333333185],[54.71458333333206,21.152083333333202],[54.71874999999869,21.152083333333202]]}},{"type":"Feature","properties":{"HYRIV_ID":20893276,"NEXT_DOWN":20893046,"MAIN_RIV":20892962,"LENGTH_KM":2.97,"CATCH_SKM":18.620001,"DIS_AV_CMS":0.001,"ORD_STRA":1,"ORD_FLOW":9},"geometry":{"type":"LineString","coordinates":[[54.729166666665435,21.1291666666665],[54.71874999999869,21.139583333333185],[54.71874999999869,21.152083333333202]]}},{"type":"Feature","properties":{"HYRIV_ID":20893317,"NEXT_DOWN":20893428,"MAIN_RIV":20892193,"LENGTH_KM":2.34,"CATCH_SKM":15.82,"DIS_AV_CMS":0.0,"ORD_STRA":1,"ORD_FLOW":10},"geometry":{"type":"LineString","coordinates":[[54.56249999999875,21.14583333333318],[54.568749999998744,21.139583333333185],[54.568749999998744,21.127083333333168]]}},{"type":"Feature","properties":{"HYRIV_ID":20893318,"NEXT_DOWN":20892316,"MAIN_RIV":20892432,"LENGTH_KM":18.700001,"CATCH_SKM":79.459999,"DIS_AV_CMS":0.0,"ORD_STRA":3,"ORD_FLOW":10},"geometry":{"type":"LineString","coordinates":[[55.189583333332024,21.127083333333168],[55.189583333332024,21.131249999999874],[55.18541666666539,21.131249999999874],[55.18124999999873,21.135416666666536],[55.16041666666541,21.135416666666536],[55.15624999999878,21.139583333333185],[55.15624999999878,21.152083333333202],[55.164583333332075,21.160416666666528],[55.164583333332075,21.16458333333322],[55.16874999999874,21.16874999999984],[55.16874999999874,21.172916666666545],[55.14791666666545,21.193749999999874],[55.14791666666545,21.197916666666536],[55.152083333332115,21.2020833333332],[55.152083333332115,21.239583333333208],[55.15624999999878,21.243749999999856],[55.152083333332115,21.24791666666652],[55.152083333332115,21.252083333333182]]}},{"type":"Feature","properties":{"HYRIV_ID":20893319,"NEXT_DOWN":20893224,"MAIN_RIV":20887902,"LENGTH_KM":5.8800001,"CATCH_SKM":25.629999,"DIS_AV_CMS":0.0,"ORD_STRA":1,"ORD_FLOW":10},"geometry":{"type":"LineString","coordinates":[[55.49999999999875,21.137499999999868],[55.49374999999878,21.131249999999874],[55.489583333332035,21.131249999999874],[55.48541666666537,21.127083333333168],[55.48124999999871,21.127083333333168],[55.47708333333205,21.131249999999874],[55.472916666665384,21.131249999999874],[55.46874999999875,21.135416666666536],[55.45208333333201,21.135416666666536]]}},{"type":"Feature","properties":{"HYRIV_ID":20893320,"NEXT_DOWN":20892485,"MAIN_RIV":20887939,"LENGTH_KM":18.35,"CATCH_SKM":70.870003,"DIS_AV_CMS":0.0,"ORD_STRA":1,"ORD_FLOW":10},"geometry":{"type":"LineString","coordinates":[[55.58333333333201,21.127083333333168],[55.568749999998715,21.127083333333168],[55.568749999998715,21.131249999999874],[55.56458333333205,21.135416666666536],[55.57708333333204,21.147916666666553],[55.57291666666538,21.152083333333202],[55.56458333333205,21.152083333333202],[55.56041666666539,21.156249999999865],[55.55624999999873,21.156249999999865],[55.54374999999877,21.143749999999848],[55.53541666666544,21.152083333333202],[55.53541666666544,21.172916666666545],[55.54791666666543,21.18541666666652],[55.54791666666543,21.193749999999874],[55.552083333332064,21.197916666666536],[55.55624999999873,21.197916666666536],[55.568749999998715,21.21041666666651]]}},{"type":"Feature","properties":{"HYRIV_ID":20893359,"NEXT_DOWN":20893427,"MAIN_RIV":20892193,"LENGTH_KM":20.57,"CATCH_SKM":50.650002,"DIS_AV_CMS":0.0,"ORD_STRA":2,"ORD_FLOW":10},"geometry":{"type":"LineString","coordinates":[[54.15208333333206,21.16458333333322],[54.156249999998806,21.160416666666528],[54.17291666666543,21.160416666666528],[54.17708333333209,21.16458333333322],[54.214583333332115,21.16458333333322],[54.21874999999878,21.160416666666528],[54.239583333332064,21.160416666666528],[54.25208333333211,21.147916666666553],[54.26874999999876,21.147916666666553],[54.272916666665424,21.143749999999848],[54.28124999999872,21.143749999999848],[54.28958333333213,21.135416666666536],[54.29791666666546,21.135416666666536],[54.30208333333209,21.131249999999874],[54.31041666666542,21.131249999999874],[54.31458333333208,21.127083333333168],[54.32291666666541,21.127083333333168],[54.32708333333204,21.12291666666652]]}},{"type":"Feature","properties":{"HYRIV_ID":20893389,"NEXT_DOWN":20893427,"MAIN_RIV":20892193,"LENGTH_KM":0.63,"CATCH_SKM":1.0,"DIS_AV_CMS":0.0,"ORD_STRA":2,"ORD_FLOW":10},"geometry":{"type":"LineString","coordinates":[[54.32291666666541,21.118749999999856],[54.32708333333204,21.12291666666652]]}},{"type":"Feature","properties":{"HYRIV_ID":20893390,"NEXT_DOWN":20893391,"MAIN_RIV":20892193,"LENGTH_KM":8.6599998,"CATCH_SKM":50.450001,"DIS_AV_CMS":0.0,"ORD_STRA":1,"ORD_FLOW":10},"geometry":{"type":"LineString","coordinates":[[54.491666666665395,21.16458333333322],[54.49791666666539,21.16458333333322],[54.50208333333205,21.160416666666528],[54.5062499999988,21.160416666666528],[54.510416666665435,21.156249999999865],[54.5145833333321,21.156249999999865],[54.51874999999876,21.152083333333202],[54.51874999999876,21.143749999999848],[54.522916666665424,21.139583333333185],[54.52708333333209,21.139583333333185],[54.535416666665384,21.131249999999874],[54.535416666665384,21.127083333333168],[54.53958333333205,21.12291666666652],[54.53958333333205,21.118749999999856],[54.543749999998795,21.118749999999856]]}},{"type":"Feature","properties":{"HYRIV_ID":20893391,"NEXT_DOWN":20893428,"MAIN_RIV":20892193,"LENGTH_KM":3.0,"CATCH_SKM":8.6099997,"DIS_AV_CMS":0.0,"ORD_STRA":2,"ORD_FLOW":10},"geometry":{"type":"LineString","coordinates":[[54.543749999998795,21.118749999999856],[54.55624999999878,21.118749999999856],[54.56041666666542,21.12291666666652],[54.56458333333208,21.12291666666652],[54.568749999998744,21.127083333333168]]}},{"type":"Feature","properties":{"HYRIV_ID":20893392,"NEXT_DOWN":20893472,"MAIN_RIV":20892432,"LENGTH_KM":4.0300002,"CATCH_SKM":16.02,"DIS_AV_CMS":0.001,"ORD_STRA":2,"ORD_FLOW":9},"geometry":{"type":"LineString","coordinates":[[55.118749999998755,21.139583333333185],[55.11458333333209,21.139583333333185],[55.09374999999872,21.118749999999856],[55.08958333333206,21.118749999999856]]}},{"type":"Feature","properties":{"HYRIV_ID":20893393,"NEXT_DOWN":20892709,"MAIN_RIV":20892432,"LENGTH_KM":8.9,"CATCH_SKM":25.82,"DIS_AV_CMS":0.0,"ORD_STRA":3,"ORD_FLOW":10},"geometry":{"type":"LineString","coordinates":[[55.28124999999878,21.118749999999856],[55.28124999999878,21.127083333333168],[55.277083333332115,21.131249999999874],[55.28124999999878,21.135416666666536],[55.277083333332115,21.139583333333185],[55.28124999999878,21.143749999999848],[55.28124999999878,21.152083333333202],[55.28541666666544,21.156249999999865],[55.28541666666544,21.18541666666652],[55.289583333332104,21.189583333333225]]}},{"type":"Feature","properties":{"HYRIV_ID":20893427,"NEXT_DOWN":20892999,"MAIN_RIV":20892193,"LENGTH_KM":10.95,"CATCH_SKM":33.639999,"DIS_AV_CMS":0.0,"ORD_STRA":3,"ORD_FLOW":10},"geometry":{"type":"LineString","coordinates":[[54.32708333333204,21.12291666666652],[54.331249999998704,21.127083333333168],[54.33541666666545,21.127083333333168],[54.34374999999878,21.118749999999856],[54.352083333332075,21.118749999999856],[54.35624999999874,21.114583333333194],[54.3604166666654,21.114583333333194],[54.36458333333215,21.118749999999856],[54.36458333333215,21.12291666666652],[54.3604166666654,21.127083333333168],[54.36874999999873,21.135416666666536],[54.37291666666539,21.135416666666536],[54.37708333333211,21.139583333333185],[54.37708333333211,21.147916666666553],[54.37291666666539,21.152083333333202],[54.36874999999873,21.152083333333202],[54.36458333333215,21.156249999999865]]}},{"type":"Feature","properties":{"HYRIV_ID":20893428,"NEXT_DOWN":20893429,"MAIN_RIV":20892193,"LENGTH_KM":5.3600001,"CATCH_SKM":12.41,"DIS_AV_CMS":0.0,"ORD_STRA":2,"ORD_FLOW":10},"geometry":{"type":"LineString","coordinates":[[54.568749999998744,21.127083333333168],[54.58124999999873,21.127083333333168],[54.58958333333203,21.118749999999856],[54.59791666666544,21.118749999999856],[54.602083333332104,21.114583333333194],[54.614583333332064,21.114583333333194]]}},{"type":"Feature","properties":{"HYRIV_ID":20893429,"NEXT_DOWN":20893123,"MAIN_RIV":20892193,"LENGTH_KM":3.58,"CATCH_SKM":6.6100001,"DIS_AV_CMS":0.0,"ORD_STRA":6,"ORD_FLOW":10},"geometry":{"type":"LineString","coordinates":[[54.614583333332064,21.114583333333194],[54.614583333332064,21.12291666666652],[54.61874999999873,21.127083333333168],[54.61874999999873,21.131249999999874],[54.62291666666539,21.135416666666536],[54.62291666666539,21.143749999999848]]}},{"type":"Feature","properties":{"HYRIV_ID":20893430,"NEXT_DOWN":20893000,"MAIN_RIV":20892193,"LENGTH_KM":6.14,"CATCH_SKM":29.040001,"DIS_AV_CMS":0.001,"ORD_STRA":1,"ORD_FLOW":9},"geometry":{"type":"LineString","coordinates":[[54.662499999998744,21.112499999999876],[54.65208333333209,21.12291666666652],[54.65208333333209,21.127083333333168],[54.647916666665424,21.131249999999874],[54.647916666665424,21.135416666666536],[54.63541666666546,21.147916666666553],[54.63541666666546,21.152083333333202],[54.6312499999988,21.156249999999865]]}},{"type":"Feature","properties":{"HYRIV_ID":20893431,"NEXT_DOWN":20893392,"MAIN_RIV":20892432,"LENGTH_KM":4.9899998,"CATCH_SKM":22.43,"DIS_AV_CMS":0.001,"ORD_STRA":1,"ORD_FLOW":9},"geometry":{"type":"LineString","coordinates":[[55.13958333333204,21.112499999999876],[55.13958333333204,21.12291666666652],[55.131249999998744,21.131249999999874],[55.13541666666538,21.135416666666536],[55.131249999998744,21.139583333333185],[55.118749999998755,21.139583333333185]]}},{"type":"Feature","properties":{"HYRIV_ID":20893468,"NEXT_DOWN":20893429,"MAIN_RIV":20892193,"LENGTH_KM":0.46,"CATCH_SKM":3.6,"DIS_AV_CMS":0.0,"ORD_STRA":6,"ORD_FLOW":10},"geometry":{"type":"LineString","coordinates":[[54.614583333332064,21.110416666666545],[54.614583333332064,21.114583333333194]]}},{"type":"Feature","properties":{"HYRIV_ID":20893469,"NEXT_DOWN":20893275,"MAIN_RIV":20892962,"LENGTH_KM":2.72,"CATCH_SKM":15.42,"DIS_AV_CMS":0.0,"ORD_STRA":1,"ORD_FLOW":10},"geometry":{"type":"LineString","coordinates":[[54.69791666666541,21.108333333333213],[54.69791666666541,21.127083333333168],[54.70208333333207,21.131249999999874]]}},{"type":"Feature","properties":{"HYRIV_ID":20893470,"NEXT_DOWN":20893220,"MAIN_RIV":20892432,"LENGTH_KM":4.2800002,"CATCH_SKM":21.23,"DIS_AV_CMS":0.001,"ORD_STRA":1,"ORD_FLOW":9},"geometry":{"type":"LineString","coordinates":[[54.89166666666546,21.110416666666545],[54.89791666666545,21.110416666666545],[54.90624999999875,21.118749999999856],[54.90208333333209,21.12291666666652],[54.90208333333209,21.127083333333168],[54.91041666666541,21.135416666666536]]}},{"type":"Feature","properties":{"HYRIV_ID":20893471,"NEXT_DOWN":20893559,"MAIN_RIV":20892432,"LENGTH_KM":1.41,"CATCH_SKM":11.61,"DIS_AV_CMS":0.0,"ORD_STRA":1,"ORD_FLOW":10},"geometry":{"type":"LineString","coordinates":[[55.05833333333203,21.120833333333188],[55.06458333333211,21.114583333333194],[55.06458333333211,21.110416666666545]]}},{"type":"Feature","properties":{"HYRIV_ID":20893472,"NEXT_DOWN":20893559,"MAIN_RIV":20892432,"LENGTH_KM":3.4,"CATCH_SKM":7.21,"DIS_AV_CMS":0.0,"ORD_STRA":2,"ORD_FLOW":10},"geometry":{"type":"LineString","coordinates":[[55.08958333333206,21.118749999999856],[55.085416666665395,21.12291666666652],[55.072916666665435,21.110416666666545],[55.06458333333211,21.110416666666545]]}},{"type":"Feature","properties":{"HYRIV_ID":20893522,"NEXT_DOWN":20893389,"MAIN_RIV":20892193,"LENGTH_KM":13.67,"CATCH_SKM":41.849998,"DIS_AV_CMS":0.0,"ORD_STRA":1,"ORD_FLOW":10},"geometry":{"type":"LineString","coordinates":[[54.21249999999878,21.131249999999874],[54.21874999999878,21.131249999999874],[54.22291666666541,21.127083333333168],[54.2354166666654,21.127083333333168],[54.239583333332064,21.131249999999874],[54.24374999999873,21.131249999999874],[54.24791666666536,21.127083333333168],[54.2645833333321,21.127083333333168],[54.26874999999876,21.12291666666652],[54.28958333333213,21.12291666666652],[54.306249999998755,21.106249999999882],[54.31041666666542,21.106249999999882],[54.32291666666541,21.118749999999856]]}},{"type":"Feature","properties":{"HYRIV_ID":20893523,"NEXT_DOWN":20893275,"MAIN_RIV":20892962,"LENGTH_KM":3.1800001,"CATCH_SKM":16.219999,"DIS_AV_CMS":0.0,"ORD_STRA":1,"ORD_FLOW":10},"geometry":{"type":"LineString","coordinates":[[54.70624999999873,21.104166666666508],[54.70624999999873,21.118749999999856],[54.70208333333207,21.12291666666652],[54.70208333333207,21.131249999999874]]}},{"type":"Feature","properties":{"HYRIV_ID":20893558,"NEXT_DOWN":20893085,"MAIN_RIV":20892432,"LENGTH_KM":6.7800002,"CATCH_SKM":40.450001,"DIS_AV_CMS":0.001,"ORD_STRA":1,"ORD_FLOW":9},"geometry":{"type":"LineString","coordinates":[[54.84583333333205,21.099999999999845],[54.83958333333206,21.106249999999882],[54.83958333333206,21.114583333333194],[54.81874999999877,21.135416666666536],[54.81874999999877,21.139583333333185],[54.810416666665446,21.147916666666553]]}},{"type":"Feature","properties":{"HYRIV_ID":20893559,"NEXT_DOWN":20893638,"MAIN_RIV":20892432,"LENGTH_KM":1.53,"CATCH_SKM":2.2,"DIS_AV_CMS":0.0,"ORD_STRA":2,"ORD_FLOW":10},"geometry":{"type":"LineString","coordinates":[[55.06458333333211,21.110416666666545],[55.06041666666536,21.110416666666545],[55.0562499999987,21.106249999999882],[55.0562499999987,21.102083333333177]]}},{"type":"Feature","properties":{"HYRIV_ID":20893560,"NEXT_DOWN":20893222,"MAIN_RIV":20887902,"LENGTH_KM":8.62,"CATCH_SKM":25.030001,"DIS_AV_CMS":0.0,"ORD_STRA":2,"ORD_FLOW":10},"geometry":{"type":"LineString","coordinates":[[55.45208333333201,21.102083333333177],[55.44791666666535,21.106249999999882],[55.43124999999873,21.106249999999882],[55.427083333332064,21.110416666666545],[55.41041666666544,21.110416666666545],[55.40624999999878,21.114583333333194],[55.40624999999878,21.118749999999856],[55.402083333332115,21.12291666666652],[55.39791666666537,21.12291666666652],[55.39374999999873,21.127083333333168],[55.39374999999873,21.131249999999874],[55.38958333333207,21.135416666666536]]}},{"type":"Feature","properties":{"HYRIV_ID":20893601,"NEXT_DOWN":20893220,"MAIN_RIV":20892432,"LENGTH_KM":5.96,"CATCH_SKM":27.629999,"DIS_AV_CMS":0.0,"ORD_STRA":4,"ORD_FLOW":10},"geometry":{"type":"LineString","coordinates":[[54.947916666665435,21.097916666666528],[54.9312499999987,21.114583333333194],[54.9312499999987,21.118749999999856],[54.91874999999874,21.131249999999874],[54.914583333332075,21.131249999999874],[54.91041666666541,21.135416666666536]]}},{"type":"Feature","properties":{"HYRIV_ID":20893602,"NEXT_DOWN":20893226,"MAIN_RIV":20887939,"LENGTH_KM":6.7199998,"CATCH_SKM":32.040001,"DIS_AV_CMS":0.001,"ORD_STRA":1,"ORD_FLOW":9},"geometry":{"type":"LineString","coordinates":[[55.68958333333205,21.095833333333196],[55.68958333333205,21.106249999999882],[55.67708333333209,21.118749999999856],[55.67291666666543,21.118749999999856],[55.66874999999877,21.12291666666652],[55.66874999999877,21.127083333333168],[55.660416666665355,21.135416666666536],[55.65208333333206,21.135416666666536]]}},{"type":"Feature","properties":{"HYRIV_ID":20893637,"NEXT_DOWN":20893732,"MAIN_RIV":20892432,"LENGTH_KM":1.75,"CATCH_SKM":19.82,"DIS_AV_CMS":0.001,"ORD_STRA":1,"ORD_FLOW":9},"geometry":{"type":"LineString","coordinates":[[55.03333333333208,21.102083333333177],[55.039583333332075,21.102083333333177],[55.039583333332075,21.097916666666528],[55.04374999999874,21.093749999999865]]}},{"type":"Feature","properties":{"HYRIV_ID":20893638,"NEXT_DOWN":20893732,"MAIN_RIV":20892432,"LENGTH_KM":1.7,"CATCH_SKM":2.0,"DIS_AV_CMS":0.0,"ORD_STRA":2,"ORD_FLOW":10},"geometry":{"type":"LineString","coordinates":[[55.0562499999987,21.102083333333177],[55.052083333332064,21.097916666666528],[55.0479166666654,21.097916666666528],[55.04374999999874,21.093749999999865]]}},{"type":"Feature","properties":{"HYRIV_ID":20893639,"NEXT_DOWN":20893318,"MAIN_RIV":20892432,"LENGTH_KM":8.2200003,"CATCH_SKM":42.849998,"DIS_AV_CMS":0.0,"ORD_STRA":1,"ORD_FLOW":10},"geometry":{"type":"LineString","coordinates":[[55.23958333333209,21.091666666666534],[55.23958333333209,21.102083333333177],[55.222916666665384,21.118749999999856],[55.210416666665424,21.118749999999856],[55.20624999999876,21.12291666666652],[55.20624999999876,21.127083333333168],[55.2020833333321,21.131249999999874],[55.197916666665435,21.131249999999874],[55.19374999999877,21.127083333333168],[55.189583333332024,21.127083333333168]]}},{"type":"Feature","properties":{"HYRIV_ID":20893670,"NEXT_DOWN":20893671,"MAIN_RIV":20892193,"LENGTH_KM":1.71,"CATCH_SKM":11.21,"DIS_AV_CMS":0.0,"ORD_STRA":1,"ORD_FLOW":10},"geometry":{"type":"LineString","coordinates":[[54.40416666666539,21.093749999999865],[54.41041666666547,21.093749999999865],[54.41458333333213,21.089583333333202],[54.418749999998795,21.089583333333202]]}},{"type":"Feature","properties":{"HYRIV_ID":20893671,"NEXT_DOWN":20893391,"MAIN_RIV":20892193,"LENGTH_KM":16.65,"CATCH_SKM":73.900002,"DIS_AV_CMS":0.0,"ORD_STRA":2,"ORD_FLOW":10},"geometry":{"type":"LineString","coordinates":[[54.418749999998795,21.089583333333202],[54.43541666666542,21.106249999999882],[54.44791666666541,21.106249999999882],[54.456249999998704,21.097916666666528],[54.46874999999878,21.097916666666528],[54.47291666666544,21.102083333333177],[54.49374999999873,21.102083333333177],[54.49791666666539,21.097916666666528],[54.49791666666539,21.093749999999865],[54.50208333333205,21.089583333333202],[54.5145833333321,21.089583333333202],[54.543749999998795,21.118749999999856]]}},{"type":"Feature","properties":{"HYRIV_ID":20893672,"NEXT_DOWN":20893560,"MAIN_RIV":20887902,"LENGTH_KM":12.17,"CATCH_SKM":46.259998,"DIS_AV_CMS":0.0,"ORD_STRA":1,"ORD_FLOW":10},"geometry":{"type":"LineString","coordinates":[[55.54999999999876,21.093749999999865],[55.54374999999877,21.093749999999865],[55.539583333332104,21.089583333333202],[55.53124999999869,21.097916666666528],[55.52708333333203,21.097916666666528],[55.522916666665395,21.102083333333177],[55.51874999999873,21.102083333333177],[55.51458333333207,21.106249999999882],[55.51041666666541,21.106249999999882],[55.506249999998744,21.110416666666545],[55.497916666665446,21.110416666666545],[55.49374999999878,21.114583333333194],[55.48541666666537,21.106249999999882],[55.45624999999876,21.106249999999882],[55.45208333333201,21.102083333333177]]}},{"type":"Feature","properties":{"HYRIV_ID":20893703,"NEXT_DOWN":20893671,"MAIN_RIV":20892193,"LENGTH_KM":0.95,"CATCH_SKM":11.62,"DIS_AV_CMS":0.0,"ORD_STRA":1,"ORD_FLOW":10},"geometry":{"type":"LineString","coordinates":[[54.4124999999988,21.083333333333222],[54.418749999998795,21.089583333333202]]}},{"type":"Feature","properties":{"HYRIV_ID":20893704,"NEXT_DOWN":20893601,"MAIN_RIV":20892432,"LENGTH_KM":1.9,"CATCH_SKM":3.0,"DIS_AV_CMS":0.0,"ORD_STRA":3,"ORD_FLOW":10},"geometry":{"type":"LineString","coordinates":[[54.960416666665395,21.085416666666553],[54.947916666665435,21.097916666666528]]}},{"type":"Feature","properties":{"HYRIV_ID":20893732,"NEXT_DOWN":20893704,"MAIN_RIV":20892432,"LENGTH_KM":9.4499998,"CATCH_SKM":43.66,"DIS_AV_CMS":0.0,"ORD_STRA":2,"ORD_FLOW":10},"geometry":{"type":"LineString","coordinates":[[55.04374999999874,21.093749999999865],[55.03124999999875,21.081249999999848],[54.972916666665384,21.081249999999848],[54.96874999999872,21.085416666666553],[54.960416666665395,21.085416666666553]]}},{"type":"Feature","properties":{"HYRIV_ID":20893733,"NEXT_DOWN":20893472,"MAIN_RIV":20892432,"LENGTH_KM":7.9,"CATCH_SKM":33.049999,"DIS_AV_CMS":0.001,"ORD_STRA":1,"ORD_FLOW":9},"geometry":{"type":"LineString","coordinates":[[55.133333333332075,21.079166666666517],[55.12708333333208,21.085416666666553],[55.12291666666542,21.081249999999848],[55.11041666666543,21.081249999999848],[55.10208333333205,21.089583333333202],[55.10208333333205,21.097916666666528],[55.09374999999872,21.106249999999882],[55.09374999999872,21.114583333333194],[55.08958333333206,21.118749999999856]]}},{"type":"Feature","properties":{"HYRIV_ID":20893774,"NEXT_DOWN":20893836,"MAIN_RIV":20892193,"LENGTH_KM":3.85,"CATCH_SKM":27.040001,"DIS_AV_CMS":0.0,"ORD_STRA":1,"ORD_FLOW":10},"geometry":{"type":"LineString","coordinates":[[54.18333333333209,21.089583333333202],[54.18958333333208,21.089583333333202],[54.19791666666538,21.081249999999848],[54.21041666666545,21.081249999999848],[54.214583333332115,21.077083333333185]]}},{"type":"Feature","properties":{"HYRIV_ID":20893775,"NEXT_DOWN":20893389,"MAIN_RIV":20892193,"LENGTH_KM":60.330002,"CATCH_SKM":184.82001,"DIS_AV_CMS":0.0,"ORD_STRA":1,"ORD_FLOW":10},"geometry":{"type":"LineString","coordinates":[[53.906249999998806,21.183333333333188],[53.906249999998806,21.177083333333208],[53.91041666666544,21.177083333333208],[53.914583333332104,21.172916666666545],[53.91874999999877,21.172916666666545],[53.92291666666543,21.177083333333208],[53.931249999998755,21.16874999999984],[53.931249999998755,21.16458333333322],[53.93958333333205,21.156249999999865],[53.94791666666546,21.156249999999865],[53.952083333332126,21.160416666666528],[53.989583333332035,21.160416666666528],[53.99374999999878,21.156249999999865],[54.022916666665395,21.156249999999865],[54.03541666666547,21.143749999999848],[54.039583333332104,21.143749999999848],[54.04374999999877,21.139583333333185],[54.05208333333209,21.139583333333185],[54.056249999998755,21.135416666666536],[54.06458333333205,21.135416666666536],[54.068749999998715,21.131249999999874],[54.07291666666546,21.131249999999874],[54.08124999999879,21.139583333333185],[54.1104166666654,21.139583333333185],[54.114583333332064,21.135416666666536],[54.114583333332064,21.131249999999874],[54.1187499999987,21.131249999999874],[54.122916666665446,21.127083333333168],[54.12708333333211,21.127083333333168],[54.13124999999877,21.12291666666652],[54.135416666665435,21.12291666666652],[54.1395833333321,21.118749999999856],[54.193749999998744,21.118749999999856],[54.19791666666538,21.114583333333194],[54.22291666666541,21.114583333333194],[54.23124999999874,21.106249999999882],[54.24374999999873,21.106249999999882],[54.24791666666536,21.102083333333177],[54.25208333333211,21.102083333333177],[54.25624999999877,21.097916666666528],[54.29791666666546,21.097916666666528],[54.30208333333209,21.093749999999865],[54.306249999998755,21.093749999999865],[54.31041666666542,21.089583333333202],[54.32291666666541,21.089583333333202],[54.331249999998704,21.081249999999848],[54.339583333332115,21.081249999999848],[54.34374999999878,21.077083333333185],[54.352083333332075,21.077083333333185],[54.35624999999874,21.081249999999848],[54.352083333332075,21.085416666666553],[54.352083333332075,21.089583333333202],[54.339583333332115,21.102083333333177],[54.339583333332115,21.106249999999882],[54.33541666666545,21.110416666666545],[54.331249999998704,21.110416666666545],[54.32291666666541,21.118749999999856]]}},{"type":"Feature","properties":{"HYRIV_ID":20893776,"NEXT_DOWN":20893468,"MAIN_RIV":20892193,"LENGTH_KM":4.0500002,"CATCH_SKM":11.62,"DIS_AV_CMS":0.0,"ORD_STRA":6,"ORD_FLOW":10},"geometry":{"type":"LineString","coordinates":[[54.62291666666539,21.077083333333185],[54.61874999999873,21.081249999999848],[54.61874999999873,21.106249999999882],[54.614583333332064,21.110416666666545]]}},{"type":"Feature","properties":{"HYRIV_ID":20893777,"NEXT_DOWN":20893393,"MAIN_RIV":20892432,"LENGTH_KM":11.49,"CATCH_SKM":36.049999,"DIS_AV_CMS":0.0,"ORD_STRA":2,"ORD_FLOW":10},"geometry":{"type":"LineString","coordinates":[[55.368749999998755,21.077083333333185],[55.36458333333212,21.077083333333185],[55.35208333333205,21.089583333333202],[55.34374999999872,21.089583333333202],[55.33958333333209,21.093749999999865],[55.335416666665424,21.093749999999865],[55.33124999999876,21.097916666666528],[55.31874999999869,21.097916666666528],[55.2979166666654,21.118749999999856],[55.29374999999874,21.114583333333194],[55.28541666666544,21.114583333333194],[55.28124999999878,21.118749999999856]]}},{"type":"Feature","properties":{"HYRIV_ID":20893778,"NEXT_DOWN":20893777,"MAIN_RIV":20892432,"LENGTH_KM":2.51,"CATCH_SKM":14.22,"DIS_AV_CMS":0.001,"ORD_STRA":1,"ORD_FLOW":9},"geometry":{"type":"LineString","coordinates":[[55.37916666666541,21.095833333333196],[55.37291666666542,21.089583333333202],[55.37291666666542,21.081249999999848],[55.368749999998755,21.077083333333185]]}},{"type":"Feature","properties":{"HYRIV_ID":20893779,"NEXT_DOWN":20893560,"MAIN_RIV":20887902,"LENGTH_KM":3.12,"CATCH_SKM":13.62,"DIS_AV_CMS":0.0,"ORD_STRA":2,"ORD_FLOW":10},"geometry":{"type":"LineString","coordinates":[[55.460416666665424,21.077083333333185],[55.460416666665424,21.089583333333202],[55.45624999999876,21.093749999999865],[55.45624999999876,21.097916666666528],[55.45208333333201,21.102083333333177]]}},{"type":"Feature","properties":{"HYRIV_ID":20893812,"NEXT_DOWN":20893318,"MAIN_RIV":20892432,"LENGTH_KM":6.5300002,"CATCH_SKM":22.83,"DIS_AV_CMS":0.0,"ORD_STRA":3,"ORD_FLOW":10},"geometry":{"type":"LineString","coordinates":[[55.19374999999877,21.072916666666536],[55.19374999999877,21.097916666666528],[55.197916666665435,21.102083333333177],[55.197916666665435,21.118749999999856],[55.189583333332024,21.127083333333168]]}},{"type":"Feature","properties":{"HYRIV_ID":20893834,"NEXT_DOWN":20894005,"MAIN_RIV":20892193,"LENGTH_KM":20.16,"CATCH_SKM":67.279999,"DIS_AV_CMS":0.0,"ORD_STRA":1,"ORD_FLOW":10},"geometry":{"type":"LineString","coordinates":[[53.85833333333204,21.118749999999856],[53.86458333333212,21.118749999999856],[53.86874999999878,21.114583333333194],[53.897916666665395,21.114583333333194],[53.90208333333214,21.118749999999856],[53.914583333332104,21.118749999999856],[53.92291666666543,21.110416666666545],[53.9437499999988,21.110416666666545],[53.952083333332126,21.102083333333177],[53.95624999999879,21.102083333333177],[53.960416666665424,21.097916666666528],[53.97291666666541,21.097916666666528],[53.98124999999874,21.089583333333202],[53.989583333332035,21.089583333333202],[53.99374999999878,21.085416666666553],[54.00624999999877,21.085416666666553],[54.010416666665435,21.081249999999848],[54.01458333333207,21.081249999999848],[54.022916666665395,21.072916666666536],[54.022916666665395,21.068749999999874]]}},{"type":"Feature","properties":{"HYRIV_ID":20893835,"NEXT_DOWN":20894005,"MAIN_RIV":20892193,"LENGTH_KM":11.45,"CATCH_SKM":31.440001,"DIS_AV_CMS":0.0,"ORD_STRA":2,"ORD_FLOW":10},"geometry":{"type":"LineString","coordinates":[[53.96458333333209,21.12291666666652],[53.96874999999875,21.12291666666652],[53.97291666666541,21.118749999999856],[53.989583333332035,21.118749999999856],[53.99374999999878,21.114583333333194],[54.00624999999877,21.114583333333194],[54.010416666665435,21.110416666666545],[54.01458333333207,21.110416666666545],[54.01874999999873,21.106249999999882],[54.01874999999873,21.097916666666528],[54.031249999998806,21.085416666666553],[54.031249999998806,21.081249999999848],[54.02708333333214,21.077083333333185],[54.02708333333214,21.072916666666536],[54.022916666665395,21.068749999999874]]}},{"type":"Feature","properties":{"HYRIV_ID":20893836,"NEXT_DOWN":20893921,"MAIN_RIV":20892193,"LENGTH_KM":5.5900002,"CATCH_SKM":8.21,"DIS_AV_CMS":0.0,"ORD_STRA":2,"ORD_FLOW":10},"geometry":{"type":"LineString","coordinates":[[54.214583333332115,21.077083333333185],[54.22291666666541,21.077083333333185],[54.227083333332075,21.072916666666536],[54.260416666665435,21.072916666666536],[54.2645833333321,21.068749999999874]]}},{"type":"Feature","properties":{"HYRIV_ID":20893837,"NEXT_DOWN":20893468,"MAIN_RIV":20892193,"LENGTH_KM":6.6,"CATCH_SKM":30.040001,"DIS_AV_CMS":0.0,"ORD_STRA":4,"ORD_FLOW":10},"geometry":{"type":"LineString","coordinates":[[54.57291666666541,21.068749999999874],[54.57708333333207,21.072916666666536],[54.57708333333207,21.077083333333185],[54.585416666665395,21.085416666666553],[54.58958333333203,21.085416666666553],[54.614583333332064,21.110416666666545]]}},{"type":"Feature","properties":{"HYRIV_ID":20893838,"NEXT_DOWN":20893704,"MAIN_RIV":20892432,"LENGTH_KM":2.1900001,"CATCH_SKM":4.6100001,"DIS_AV_CMS":0.0,"ORD_STRA":3,"ORD_FLOW":10},"geometry":{"type":"LineString","coordinates":[[54.96874999999872,21.068749999999874],[54.960416666665395,21.077083333333185],[54.960416666665395,21.085416666666553]]}},{"type":"Feature","properties":{"HYRIV_ID":20893839,"NEXT_DOWN":20893812,"MAIN_RIV":20892432,"LENGTH_KM":0.95,"CATCH_SKM":10.82,"DIS_AV_CMS":0.001,"ORD_STRA":1,"ORD_FLOW":9},"geometry":{"type":"LineString","coordinates":[[55.18749999999869,21.066666666666542],[55.19374999999877,21.072916666666536]]}},{"type":"Feature","properties":{"HYRIV_ID":20893874,"NEXT_DOWN":20893837,"MAIN_RIV":20892193,"LENGTH_KM":0.95,"CATCH_SKM":12.22,"DIS_AV_CMS":0.0,"ORD_STRA":1,"ORD_FLOW":10},"geometry":{"type":"LineString","coordinates":[[54.5791666666654,21.06249999999988],[54.57291666666541,21.068749999999874]]}},{"type":"Feature","properties":{"HYRIV_ID":20893875,"NEXT_DOWN":20893777,"MAIN_RIV":20892432,"LENGTH_KM":1.56,"CATCH_SKM":3.61,"DIS_AV_CMS":0.0,"ORD_STRA":2,"ORD_FLOW":10},"geometry":{"type":"LineString","coordinates":[[55.37291666666542,21.06458333333321],[55.37291666666542,21.068749999999874],[55.368749999998755,21.072916666666536],[55.368749999998755,21.077083333333185]]}},{"type":"Feature","properties":{"HYRIV_ID":20893876,"NEXT_DOWN":20893779,"MAIN_RIV":20887902,"LENGTH_KM":1.96,"CATCH_SKM":14.82,"DIS_AV_CMS":0.001,"ORD_STRA":1,"ORD_FLOW":9},"geometry":{"type":"LineString","coordinates":[[55.45208333333201,21.06249999999988],[55.45208333333201,21.068749999999874],[55.460416666665424,21.077083333333185]]}},{"type":"Feature","properties":{"HYRIV_ID":20893920,"NEXT_DOWN":20893836,"MAIN_RIV":20892193,"LENGTH_KM":8.4399996,"CATCH_SKM":33.049999,"DIS_AV_CMS":0.0,"ORD_STRA":1,"ORD_FLOW":10},"geometry":{"type":"LineString","coordinates":[[54.145833333332064,21.070833333333205],[54.15208333333206,21.06458333333321],[54.18541666666542,21.06458333333321],[54.18958333333208,21.060416666666548],[54.193749999998744,21.060416666666548],[54.19791666666538,21.06458333333321],[54.202083333332126,21.06458333333321],[54.214583333332115,21.077083333333185]]}},{"type":"Feature","properties":{"HYRIV_ID":20893921,"NEXT_DOWN":20894202,"MAIN_RIV":20892193,"LENGTH_KM":5.5900002,"CATCH_SKM":12.62,"DIS_AV_CMS":0.0,"ORD_STRA":3,"ORD_FLOW":10},"geometry":{"type":"LineString","coordinates":[[54.2645833333321,21.068749999999874],[54.293749999998795,21.068749999999874],[54.29791666666546,21.06458333333321],[54.31041666666542,21.06458333333321],[54.31458333333208,21.060416666666548]]}},{"type":"Feature","properties":{"HYRIV_ID":20893922,"NEXT_DOWN":20893875,"MAIN_RIV":20892432,"LENGTH_KM":2.45,"CATCH_SKM":14.42,"DIS_AV_CMS":0.001,"ORD_STRA":1,"ORD_FLOW":9},"geometry":{"type":"LineString","coordinates":[[55.3916666666654,21.066666666666542],[55.38541666666541,21.060416666666548],[55.37708333333208,21.060416666666548],[55.37291666666542,21.06458333333321]]}},{"type":"Feature","properties":{"HYRIV_ID":20893960,"NEXT_DOWN":20893838,"MAIN_RIV":20892432,"LENGTH_KM":4.06,"CATCH_SKM":11.22,"DIS_AV_CMS":0.0,"ORD_STRA":3,"ORD_FLOW":10},"geometry":{"type":"LineString","coordinates":[[55.00208333333208,21.056249999999856],[54.99791666666542,21.056249999999856],[54.98541666666543,21.068749999999874],[54.96874999999872,21.068749999999874]]}},{"type":"Feature","properties":{"HYRIV_ID":20893961,"NEXT_DOWN":20893638,"MAIN_RIV":20892432,"LENGTH_KM":8.2299995,"CATCH_SKM":30.85,"DIS_AV_CMS":0.0,"ORD_STRA":1,"ORD_FLOW":10},"geometry":{"type":"LineString","coordinates":[[55.10416666666538,21.056249999999856],[55.09374999999872,21.056249999999856],[55.0770833333321,21.072916666666536],[55.0770833333321,21.077083333333185],[55.06874999999877,21.085416666666553],[55.06874999999877,21.097916666666528],[55.06041666666536,21.097916666666528],[55.0562499999987,21.102083333333177]]}},{"type":"Feature","properties":{"HYRIV_ID":20893962,"NEXT_DOWN":20893393,"MAIN_RIV":20892432,"LENGTH_KM":7.6300001,"CATCH_SKM":23.030001,"DIS_AV_CMS":0.0,"ORD_STRA":2,"ORD_FLOW":10},"geometry":{"type":"LineString","coordinates":[[55.289583333332104,21.056249999999856],[55.289583333332104,21.068749999999874],[55.28124999999878,21.077083333333185],[55.28124999999878,21.081249999999848],[55.277083333332115,21.085416666666553],[55.277083333332115,21.106249999999882],[55.28124999999878,21.110416666666545],[55.28124999999878,21.118749999999856]]}},{"type":"Feature","properties":{"HYRIV_ID":20893963,"NEXT_DOWN":20893962,"MAIN_RIV":20892432,"LENGTH_KM":2.45,"CATCH_SKM":15.82,"DIS_AV_CMS":0.001,"ORD_STRA":1,"ORD_FLOW":9},"geometry":{"type":"LineString","coordinates":[[55.30833333333206,21.066666666666542],[55.2979166666654,21.056249999999856],[55.289583333332104,21.056249999999856]]}},{"type":"Feature","properties":{"HYRIV_ID":20894005,"NEXT_DOWN":20894201,"MAIN_RIV":20892193,"LENGTH_KM":4.7,"CATCH_SKM":15.62,"DIS_AV_CMS":0.0,"ORD_STRA":2,"ORD_FLOW":10},"geometry":{"type":"LineString","coordinates":[[54.022916666665395,21.068749999999874],[54.02708333333214,21.06458333333321],[54.04791666666543,21.06458333333321],[54.06041666666542,21.052083333333194]]}},{"type":"Feature","properties":{"HYRIV_ID":20894006,"NEXT_DOWN":20893960,"MAIN_RIV":20892432,"LENGTH_KM":5.39,"CATCH_SKM":20.030001,"DIS_AV_CMS":0.0,"ORD_STRA":2,"ORD_FLOW":10},"geometry":{"type":"LineString","coordinates":[[55.052083333332064,21.052083333333194],[55.0479166666654,21.052083333333194],[55.04374999999874,21.056249999999856],[55.00208333333208,21.056249999999856]]}},{"type":"Feature","properties":{"HYRIV_ID":20894007,"NEXT_DOWN":20893226,"MAIN_RIV":20887939,"LENGTH_KM":10.72,"CATCH_SKM":54.27,"DIS_AV_CMS":0.0,"ORD_STRA":3,"ORD_FLOW":10},"geometry":{"type":"LineString","coordinates":[[55.647916666665395,21.052083333333194],[55.647916666665395,21.077083333333185],[55.64374999999873,21.081249999999848],[55.64374999999873,21.097916666666528],[55.63541666666541,21.106249999999882],[55.63541666666541,21.118749999999856],[55.63958333333207,21.12291666666652],[55.63958333333207,21.127083333333168],[55.64374999999873,21.131249999999874],[55.647916666665395,21.131249999999874],[55.65208333333206,21.135416666666536]]}},{"type":"Feature","properties":{"HYRIV_ID":20894037,"NEXT_DOWN":20893921,"MAIN_RIV":20892193,"LENGTH_KM":4.1300001,"CATCH_SKM":9.0100002,"DIS_AV_CMS":0.0,"ORD_STRA":3,"ORD_FLOW":10},"geometry":{"type":"LineString","coordinates":[[54.239583333332064,21.04791666666653],[54.239583333332064,21.056249999999856],[54.24791666666536,21.06458333333321],[54.260416666665435,21.06458333333321],[54.2645833333321,21.068749999999874]]}},{"type":"Feature","properties":{"HYRIV_ID":20894038,"NEXT_DOWN":20894037,"MAIN_RIV":20892193,"LENGTH_KM":1.51,"CATCH_SKM":13.62,"DIS_AV_CMS":0.0,"ORD_STRA":1,"ORD_FLOW":10},"geometry":{"type":"LineString","coordinates":[[54.25416666666544,21.04791666666653],[54.239583333332064,21.04791666666653]]}},{"type":"Feature","properties":{"HYRIV_ID":20894039,"NEXT_DOWN":20894040,"MAIN_RIV":20892193,"LENGTH_KM":1.33,"CATCH_SKM":10.82,"DIS_AV_CMS":0.0,"ORD_STRA":1,"ORD_FLOW":10},"geometry":{"type":"LineString","coordinates":[[54.535416666665384,21.058333333333188],[54.535416666665384,21.052083333333194],[54.53958333333205,21.04791666666653]]}},{"type":"Feature","properties":{"HYRIV_ID":20894040,"NEXT_DOWN":20893837,"MAIN_RIV":20892193,"LENGTH_KM":4.4699998,"CATCH_SKM":11.42,"DIS_AV_CMS":0.0,"ORD_STRA":4,"ORD_FLOW":10},"geometry":{"type":"LineString","coordinates":[[54.53958333333205,21.04791666666653],[54.55208333333212,21.04791666666653],[54.57291666666541,21.068749999999874]]}},{"type":"Feature","properties":{"HYRIV_ID":20894041,"NEXT_DOWN":20893776,"MAIN_RIV":20892193,"LENGTH_KM":8.3400002,"CATCH_SKM":46.880001,"DIS_AV_CMS":0.0,"ORD_STRA":1,"ORD_FLOW":10},"geometry":{"type":"LineString","coordinates":[[54.67499999999879,21.056249999999856],[54.668749999998795,21.056249999999856],[54.66041666666541,21.04791666666653],[54.65624999999875,21.04791666666653],[54.65208333333209,21.052083333333194],[54.647916666665424,21.052083333333194],[54.64374999999876,21.056249999999856],[54.64374999999876,21.060416666666548],[54.6395833333321,21.06458333333321],[54.64374999999876,21.068749999999874],[54.63541666666546,21.077083333333185],[54.62291666666539,21.077083333333185]]}},{"type":"Feature","properties":{"HYRIV_ID":20894042,"NEXT_DOWN":20894043,"MAIN_RIV":20892432,"LENGTH_KM":11.16,"CATCH_SKM":36.060001,"DIS_AV_CMS":0.0,"ORD_STRA":1,"ORD_FLOW":10},"geometry":{"type":"LineString","coordinates":[[54.854166666665435,21.054166666666525],[54.86041666666543,21.060416666666548],[54.86041666666543,21.06458333333321],[54.86458333333209,21.06458333333321],[54.87291666666539,21.072916666666536],[54.87708333333205,21.072916666666536],[54.87708333333205,21.081249999999848],[54.881249999998715,21.085416666666553],[54.889583333332126,21.085416666666553],[54.89374999999879,21.081249999999848],[54.89374999999879,21.077083333333185],[54.89791666666545,21.072916666666536],[54.89791666666545,21.068749999999874],[54.90208333333209,21.06458333333321],[54.90208333333209,21.060416666666548],[54.914583333332075,21.04791666666653]]}},{"type":"Feature","properties":{"HYRIV_ID":20894043,"NEXT_DOWN":20893601,"MAIN_RIV":20892432,"LENGTH_KM":6.9200001,"CATCH_SKM":26.440001,"DIS_AV_CMS":0.0,"ORD_STRA":3,"ORD_FLOW":10},"geometry":{"type":"LineString","coordinates":[[54.914583333332075,21.04791666666653],[54.9229166666654,21.056249999999856],[54.9229166666654,21.060416666666548],[54.9312499999987,21.068749999999874],[54.9312499999987,21.072916666666536],[54.93958333333211,21.081249999999848],[54.93958333333211,21.085416666666553],[54.94374999999877,21.089583333333202],[54.94374999999877,21.093749999999865],[54.947916666665435,21.097916666666528]]}},{"type":"Feature","properties":{"HYRIV_ID":20894044,"NEXT_DOWN":20893960,"MAIN_RIV":20892432,"LENGTH_KM":1.1,"CATCH_SKM":1.8,"DIS_AV_CMS":0.0,"ORD_STRA":3,"ORD_FLOW":10},"geometry":{"type":"LineString","coordinates":[[55.006249999998715,21.04791666666653],[55.006249999998715,21.052083333333194],[55.00208333333208,21.056249999999856]]}},{"type":"Feature","properties":{"HYRIV_ID":20894082,"NEXT_DOWN":20894201,"MAIN_RIV":20892193,"LENGTH_KM":12.88,"CATCH_SKM":42.669998,"DIS_AV_CMS":0.0,"ORD_STRA":1,"ORD_FLOW":10},"geometry":{"type":"LineString","coordinates":[[53.962499999998755,21.083333333333222],[53.96874999999875,21.077083333333185],[53.977083333332075,21.077083333333185],[53.9854166666654,21.068749999999874],[53.99374999999878,21.068749999999874],[54.010416666665435,21.052083333333194],[54.01458333333207,21.052083333333194],[54.022916666665395,21.043749999999882],[54.03541666666547,21.043749999999882],[54.039583333332104,21.04791666666653],[54.04374999999877,21.043749999999882],[54.05208333333209,21.043749999999882],[54.06041666666542,21.052083333333194]]}},{"type":"Feature","properties":{"HYRIV_ID":20894116,"NEXT_DOWN":20893776,"MAIN_RIV":20892193,"LENGTH_KM":4.3400002,"CATCH_SKM":11.42,"DIS_AV_CMS":0.0,"ORD_STRA":6,"ORD_FLOW":10},"geometry":{"type":"LineString","coordinates":[[54.61874999999873,21.03958333333322],[54.61874999999873,21.056249999999856],[54.62291666666539,21.060416666666548],[54.62291666666539,21.077083333333185]]}},{"type":"Feature","properties":{"HYRIV_ID":20894117,"NEXT_DOWN":20893779,"MAIN_RIV":20887902,"LENGTH_KM":11.17,"CATCH_SKM":54.290001,"DIS_AV_CMS":0.001,"ORD_STRA":1,"ORD_FLOW":9},"geometry":{"type":"LineString","coordinates":[[55.541666666665435,21.03958333333322],[55.52708333333203,21.03958333333322],[55.522916666665395,21.043749999999882],[55.51458333333207,21.043749999999882],[55.51041666666541,21.04791666666653],[55.506249999998744,21.04791666666653],[55.50208333333208,21.052083333333194],[55.497916666665446,21.052083333333194],[55.49374999999878,21.056249999999856],[55.48124999999871,21.056249999999856],[55.47708333333205,21.052083333333194],[55.472916666665384,21.056249999999856],[55.472916666665384,21.06458333333321],[55.460416666665424,21.077083333333185]]}},{"type":"Feature","properties":{"HYRIV_ID":20894118,"NEXT_DOWN":20894007,"MAIN_RIV":20887939,"LENGTH_KM":7.5100002,"CATCH_SKM":29.049999,"DIS_AV_CMS":0.0,"ORD_STRA":1,"ORD_FLOW":10},"geometry":{"type":"LineString","coordinates":[[55.71249999999867,21.043749999999882],[55.706249999998704,21.043749999999882],[55.70208333333204,21.03958333333322],[55.69791666666538,21.043749999999882],[55.68541666666539,21.043749999999882],[55.68124999999873,21.04791666666653],[55.664583333332104,21.04791666666653],[55.660416666665355,21.052083333333194],[55.647916666665395,21.052083333333194]]}},{"type":"Feature","properties":{"HYRIV_ID":20894156,"NEXT_DOWN":20894277,"MAIN_RIV":20892193,"LENGTH_KM":10.3,"CATCH_SKM":39.860001,"DIS_AV_CMS":0.0,"ORD_STRA":1,"ORD_FLOW":10},"geometry":{"type":"LineString","coordinates":[[54.08749999999878,21.104166666666508],[54.102083333332075,21.089583333333202],[54.102083333332075,21.081249999999848],[54.09791666666541,21.077083333333185],[54.09791666666541,21.068749999999874],[54.102083333332075,21.06458333333321],[54.102083333332075,21.060416666666548],[54.114583333332064,21.04791666666653],[54.122916666665446,21.04791666666653],[54.13124999999877,21.03958333333322],[54.13124999999877,21.035416666666514]]}},{"type":"Feature","properties":{"HYRIV_ID":20894157,"NEXT_DOWN":20893085,"MAIN_RIV":20892432,"LENGTH_KM":14.04,"CATCH_SKM":74.709999,"DIS_AV_CMS":0.0,"ORD_STRA":4,"ORD_FLOW":10},"geometry":{"type":"LineString","coordinates":[[54.772916666665424,21.035416666666514],[54.772916666665424,21.03958333333322],[54.77708333333209,21.043749999999882],[54.77708333333209,21.06458333333321],[54.78124999999875,21.068749999999874],[54.78124999999875,21.102083333333177],[54.78541666666541,21.106249999999882],[54.78541666666541,21.114583333333194],[54.789583333332075,21.118749999999856],[54.789583333332075,21.12291666666652],[54.80624999999878,21.139583333333185],[54.80624999999878,21.143749999999848],[54.810416666665446,21.147916666666553]]}},{"type":"Feature","properties":{"HYRIV_ID":20894158,"NEXT_DOWN":20894043,"MAIN_RIV":20892432,"LENGTH_KM":1.73,"CATCH_SKM":5.0100002,"DIS_AV_CMS":0.0,"ORD_STRA":3,"ORD_FLOW":10},"geometry":{"type":"LineString","coordinates":[[54.90624999999875,21.035416666666514],[54.91041666666541,21.03958333333322],[54.91041666666541,21.043749999999882],[54.914583333332075,21.04791666666653]]}},{"type":"Feature","properties":{"HYRIV_ID":20894159,"NEXT_DOWN":20894044,"MAIN_RIV":20892432,"LENGTH_KM":2.48,"CATCH_SKM":12.82,"DIS_AV_CMS":0.0,"ORD_STRA":1,"ORD_FLOW":10},"geometry":{"type":"LineString","coordinates":[[55.02083333333212,21.033333333333196],[55.014583333332126,21.03958333333322],[55.014583333332126,21.043749999999882],[55.01041666666538,21.04791666666653],[55.006249999998715,21.04791666666653]]}},{"type":"Feature","properties":{"HYRIV_ID":20894160,"NEXT_DOWN":20893962,"MAIN_RIV":20892432,"LENGTH_KM":2.83,"CATCH_SKM":17.629999,"DIS_AV_CMS":0.001,"ORD_STRA":2,"ORD_FLOW":9},"geometry":{"type":"LineString","coordinates":[[55.29374999999874,21.035416666666514],[55.28541666666544,21.043749999999882],[55.28541666666544,21.04791666666653],[55.289583333332104,21.052083333333194],[55.289583333332104,21.056249999999856]]}},{"type":"Feature","properties":{"HYRIV_ID":20894161,"NEXT_DOWN":20894160,"MAIN_RIV":20892432,"LENGTH_KM":1.72,"CATCH_SKM":11.62,"DIS_AV_CMS":0.0,"ORD_STRA":1,"ORD_FLOW":10},"geometry":{"type":"LineString","coordinates":[[55.30833333333206,21.03958333333322],[55.302083333332064,21.03958333333322],[55.2979166666654,21.035416666666514],[55.29374999999874,21.035416666666514]]}},{"type":"Feature","properties":{"HYRIV_ID":20894162,"NEXT_DOWN":20894163,"MAIN_RIV":20887939,"LENGTH_KM":6.7800002,"CATCH_SKM":29.450001,"DIS_AV_CMS":0.001,"ORD_STRA":1,"ORD_FLOW":9},"geometry":{"type":"LineString","coordinates":[[55.59583333333208,21.054166666666525],[55.61041666666537,21.068749999999874],[55.622916666665446,21.056249999999856],[55.622916666665446,21.052083333333194],[55.61874999999878,21.04791666666653],[55.622916666665446,21.043749999999882],[55.622916666665446,21.035416666666514]]}},{"type":"Feature","properties":{"HYRIV_ID":20894163,"NEXT_DOWN":20894007,"MAIN_RIV":20887939,"LENGTH_KM":3.4,"CATCH_SKM":7.4099998,"DIS_AV_CMS":0.0,"ORD_STRA":3,"ORD_FLOW":10},"geometry":{"type":"LineString","coordinates":[[55.622916666665446,21.035416666666514],[55.631249999998744,21.043749999999882],[55.63541666666541,21.043749999999882],[55.63958333333207,21.04791666666653],[55.64374999999873,21.04791666666653],[55.647916666665395,21.052083333333194]]}},{"type":"Feature","properties":{"HYRIV_ID":20894201,"NEXT_DOWN":20894277,"MAIN_RIV":20892193,"LENGTH_KM":8.5600004,"CATCH_SKM":27.65,"DIS_AV_CMS":0.0,"ORD_STRA":2,"ORD_FLOW":10},"geometry":{"type":"LineString","coordinates":[[54.06041666666542,21.052083333333194],[54.07291666666546,21.052083333333194],[54.08541666666545,21.03958333333322],[54.10624999999874,21.03958333333322],[54.114583333332064,21.031249999999865],[54.12708333333211,21.031249999999865],[54.13124999999877,21.035416666666514]]}},{"type":"Feature","properties":{"HYRIV_ID":20894202,"NEXT_DOWN":20894279,"MAIN_RIV":20892193,"LENGTH_KM":10.03,"CATCH_SKM":22.040001,"DIS_AV_CMS":0.0,"ORD_STRA":3,"ORD_FLOW":10},"geometry":{"type":"LineString","coordinates":[[54.31458333333208,21.060416666666548],[54.318749999998744,21.056249999999856],[54.32708333333204,21.056249999999856],[54.33541666666545,21.04791666666653],[54.339583333332115,21.04791666666653],[54.34374999999878,21.052083333333194],[54.34791666666544,21.052083333333194],[54.352083333332075,21.04791666666653],[54.34791666666544,21.043749999999882],[54.352083333332075,21.03958333333322],[54.35624999999874,21.03958333333322],[54.3604166666654,21.035416666666514],[54.36458333333215,21.035416666666514],[54.36874999999873,21.031249999999865],[54.385416666665435,21.031249999999865]]}},{"type":"Feature","properties":{"HYRIV_ID":20894203,"NEXT_DOWN":20894279,"MAIN_RIV":20892193,"LENGTH_KM":2.72,"CATCH_SKM":14.62,"DIS_AV_CMS":0.0,"ORD_STRA":1,"ORD_FLOW":10},"geometry":{"type":"LineString","coordinates":[[54.38124999999877,21.054166666666525],[54.38124999999877,21.03958333333322],[54.385416666665435,21.035416666666514],[54.385416666665435,21.031249999999865]]}},{"type":"Feature","properties":{"HYRIV_ID":20894204,"NEXT_DOWN":20894158,"MAIN_RIV":20892432,"LENGTH_KM":4.7800002,"CATCH_SKM":17.83,"DIS_AV_CMS":0.0,"ORD_STRA":1,"ORD_FLOW":10},"geometry":{"type":"LineString","coordinates":[[54.87083333333209,21.029166666666534],[54.87708333333205,21.035416666666514],[54.881249999998715,21.035416666666514],[54.88541666666538,21.031249999999865],[54.889583333332126,21.031249999999865],[54.89374999999879,21.035416666666514],[54.89791666666545,21.035416666666514],[54.90208333333209,21.03958333333322],[54.90624999999875,21.035416666666514]]}},{"type":"Feature","properties":{"HYRIV_ID":20894205,"NEXT_DOWN":20894006,"MAIN_RIV":20892432,"LENGTH_KM":11.84,"CATCH_SKM":40.669998,"DIS_AV_CMS":0.0,"ORD_STRA":1,"ORD_FLOW":10},"geometry":{"type":"LineString","coordinates":[[55.14583333333212,21.037499999999845],[55.13958333333204,21.031249999999865],[55.12291666666542,21.031249999999865],[55.118749999998755,21.035416666666514],[55.11458333333209,21.031249999999865],[55.11041666666543,21.035416666666514],[55.10624999999871,21.035416666666514],[55.10208333333205,21.031249999999865],[55.09374999999872,21.031249999999865],[55.08958333333206,21.035416666666514],[55.085416666665395,21.035416666666514],[55.0770833333321,21.043749999999882],[55.06874999999877,21.043749999999882],[55.06041666666536,21.052083333333194],[55.052083333332064,21.052083333333194]]}},{"type":"Feature","properties":{"HYRIV_ID":20894206,"NEXT_DOWN":20893812,"MAIN_RIV":20892432,"LENGTH_KM":5.3200002,"CATCH_SKM":31.25,"DIS_AV_CMS":0.0,"ORD_STRA":3,"ORD_FLOW":10},"geometry":{"type":"LineString","coordinates":[[55.210416666665424,21.031249999999865],[55.210416666665424,21.056249999999856],[55.19374999999877,21.072916666666536]]}},{"type":"Feature","properties":{"HYRIV_ID":20894244,"NEXT_DOWN":20894157,"MAIN_RIV":20892432,"LENGTH_KM":1.27,"CATCH_SKM":4.4099998,"DIS_AV_CMS":0.0,"ORD_STRA":4,"ORD_FLOW":10},"geometry":{"type":"LineString","coordinates":[[54.764583333332126,21.027083333333202],[54.772916666665424,21.035416666666514]]}},{"type":"Feature","properties":{"HYRIV_ID":20894245,"NEXT_DOWN":20894158,"MAIN_RIV":20892432,"LENGTH_KM":0.93,"CATCH_SKM":2.0,"DIS_AV_CMS":0.0,"ORD_STRA":3,"ORD_FLOW":10},"geometry":{"type":"LineString","coordinates":[[54.90624999999875,21.027083333333202],[54.90624999999875,21.035416666666514]]}},{"type":"Feature","properties":{"HYRIV_ID":20894246,"NEXT_DOWN":20894247,"MAIN_RIV":20892432,"LENGTH_KM":0.65,"CATCH_SKM":10.82,"DIS_AV_CMS":0.001,"ORD_STRA":1,"ORD_FLOW":9},"geometry":{"type":"LineString","coordinates":[[54.9541666666654,21.027083333333202],[54.960416666665395,21.027083333333202]]}},{"type":"Feature","properties":{"HYRIV_ID":20894247,"NEXT_DOWN":20893838,"MAIN_RIV":20892432,"LENGTH_KM":5.6599998,"CATCH_SKM":18.43,"DIS_AV_CMS":0.001,"ORD_STRA":2,"ORD_FLOW":9},"geometry":{"type":"LineString","coordinates":[[54.960416666665395,21.027083333333202],[54.96458333333206,21.031249999999865],[54.96458333333206,21.035416666666514],[54.972916666665384,21.043749999999882],[54.96874999999872,21.04791666666653],[54.96874999999872,21.052083333333194],[54.972916666665384,21.056249999999856],[54.96874999999872,21.060416666666548],[54.96874999999872,21.068749999999874]]}},{"type":"Feature","properties":{"HYRIV_ID":20894277,"NEXT_DOWN":20894278,"MAIN_RIV":20892193,"LENGTH_KM":11.39,"CATCH_SKM":27.049999,"DIS_AV_CMS":0.0,"ORD_STRA":2,"ORD_FLOW":10},"geometry":{"type":"LineString","coordinates":[[54.13124999999877,21.035416666666514],[54.135416666665435,21.035416666666514],[54.1395833333321,21.03958333333322],[54.14374999999873,21.03958333333322],[54.147916666665395,21.035416666666514],[54.156249999998806,21.035416666666514],[54.16041666666547,21.031249999999865],[54.16458333333213,21.031249999999865],[54.16874999999877,21.027083333333202],[54.21874999999878,21.027083333333202],[54.22291666666541,21.02291666666654],[54.23124999999874,21.02291666666654]]}},{"type":"Feature","properties":{"HYRIV_ID":20894278,"NEXT_DOWN":20894037,"MAIN_RIV":20892193,"LENGTH_KM":3.12,"CATCH_SKM":11.62,"DIS_AV_CMS":0.0,"ORD_STRA":3,"ORD_FLOW":10},"geometry":{"type":"LineString","coordinates":[[54.23124999999874,21.02291666666654],[54.2354166666654,21.027083333333202],[54.2354166666654,21.031249999999865],[54.239583333332064,21.035416666666514],[54.239583333332064,21.04791666666653]]}},{"type":"Feature","properties":{"HYRIV_ID":20894279,"NEXT_DOWN":20894711,"MAIN_RIV":20892193,"LENGTH_KM":1.7,"CATCH_SKM":3.21,"DIS_AV_CMS":0.0,"ORD_STRA":3,"ORD_FLOW":10},"geometry":{"type":"LineString","coordinates":[[54.385416666665435,21.031249999999865],[54.39374999999876,21.02291666666654],[54.397916666665424,21.02291666666654]]}},{"type":"Feature","properties":{"HYRIV_ID":20894280,"NEXT_DOWN":20894281,"MAIN_RIV":20892193,"LENGTH_KM":2.6500001,"CATCH_SKM":19.83,"DIS_AV_CMS":0.0,"ORD_STRA":1,"ORD_FLOW":10},"geometry":{"type":"LineString","coordinates":[[54.49999999999872,21.037499999999845],[54.489583333332064,21.027083333333202],[54.49374999999873,21.02291666666654],[54.49791666666539,21.02291666666654]]}},{"type":"Feature","properties":{"HYRIV_ID":20894281,"NEXT_DOWN":20894282,"MAIN_RIV":20892193,"LENGTH_KM":1.73,"CATCH_SKM":8.2200003,"DIS_AV_CMS":0.0,"ORD_STRA":4,"ORD_FLOW":10},"geometry":{"type":"LineString","coordinates":[[54.49791666666539,21.02291666666654],[54.5145833333321,21.02291666666654]]}},{"type":"Feature","properties":{"HYRIV_ID":20894282,"NEXT_DOWN":20894040,"MAIN_RIV":20892193,"LENGTH_KM":4.0700002,"CATCH_SKM":8.8199997,"DIS_AV_CMS":0.0,"ORD_STRA":4,"ORD_FLOW":10},"geometry":{"type":"LineString","coordinates":[[54.5145833333321,21.02291666666654],[54.51874999999876,21.027083333333202],[54.51874999999876,21.031249999999865],[54.53124999999875,21.043749999999882],[54.535416666665384,21.043749999999882],[54.53958333333205,21.04791666666653]]}},{"type":"Feature","properties":{"HYRIV_ID":20894283,"NEXT_DOWN":20894116,"MAIN_RIV":20892193,"LENGTH_KM":4.1500001,"CATCH_SKM":18.23,"DIS_AV_CMS":0.0,"ORD_STRA":1,"ORD_FLOW":10},"geometry":{"type":"LineString","coordinates":[[54.649999999998755,21.020833333333222],[54.64374999999876,21.027083333333202],[54.6395833333321,21.027083333333202],[54.62708333333205,21.03958333333322],[54.61874999999873,21.03958333333322]]}},{"type":"Feature","properties":{"HYRIV_ID":20894284,"NEXT_DOWN":20894244,"MAIN_RIV":20892432,"LENGTH_KM":0.95,"CATCH_SKM":10.42,"DIS_AV_CMS":0.0,"ORD_STRA":1,"ORD_FLOW":10},"geometry":{"type":"LineString","coordinates":[[54.77083333333209,21.020833333333222],[54.764583333332126,21.027083333333202]]}},{"type":"Feature","properties":{"HYRIV_ID":20894285,"NEXT_DOWN":20894157,"MAIN_RIV":20892432,"LENGTH_KM":2.05,"CATCH_SKM":20.040001,"DIS_AV_CMS":0.001,"ORD_STRA":1,"ORD_FLOW":9},"geometry":{"type":"LineString","coordinates":[[54.78333333333208,21.020833333333222],[54.77708333333209,21.027083333333202],[54.77708333333209,21.031249999999865],[54.772916666665424,21.035416666666514]]}},{"type":"Feature","properties":{"HYRIV_ID":20894286,"NEXT_DOWN":20894206,"MAIN_RIV":20892432,"LENGTH_KM":2.02,"CATCH_SKM":16.23,"DIS_AV_CMS":0.001,"ORD_STRA":1,"ORD_FLOW":9},"geometry":{"type":"LineString","coordinates":[[55.195833333332104,21.020833333333222],[55.20624999999876,21.031249999999865],[55.210416666665424,21.031249999999865]]}},{"type":"Feature","properties":{"HYRIV_ID":20894336,"NEXT_DOWN":20894206,"MAIN_RIV":20892432,"LENGTH_KM":1.56,"CATCH_SKM":3.21,"DIS_AV_CMS":0.0,"ORD_STRA":3,"ORD_FLOW":10},"geometry":{"type":"LineString","coordinates":[[55.21458333333206,21.01874999999989],[55.210416666665424,21.02291666666654],[55.210416666665424,21.031249999999865]]}},{"type":"Feature","properties":{"HYRIV_ID":20894337,"NEXT_DOWN":20894007,"MAIN_RIV":20887939,"LENGTH_KM":8.4499998,"CATCH_SKM":31.66,"DIS_AV_CMS":0.001,"ORD_STRA":1,"ORD_FLOW":9},"geometry":{"type":"LineString","coordinates":[[55.70833333333201,21.02499999999987],[55.70208333333204,21.01874999999989],[55.68124999999873,21.01874999999989],[55.65624999999869,21.043749999999882],[55.65208333333206,21.043749999999882],[55.65208333333206,21.04791666666653],[55.647916666665395,21.052083333333194]]}},{"type":"Feature","properties":{"HYRIV_ID":20894373,"NEXT_DOWN":20894711,"MAIN_RIV":20892193,"LENGTH_KM":4.77,"CATCH_SKM":25.65,"DIS_AV_CMS":0.0,"ORD_STRA":1,"ORD_FLOW":10},"geometry":{"type":"LineString","coordinates":[[54.35833333333207,21.014583333333185],[54.39374999999876,21.014583333333185],[54.397916666665424,21.01874999999989],[54.397916666665424,21.02291666666654]]}},{"type":"Feature","properties":{"HYRIV_ID":20894374,"NEXT_DOWN":20894375,"MAIN_RIV":20892193,"LENGTH_KM":2.8800001,"CATCH_SKM":13.43,"DIS_AV_CMS":0.0,"ORD_STRA":1,"ORD_FLOW":10},"geometry":{"type":"LineString","coordinates":[[54.59166666666536,21.02499999999987],[54.59791666666544,21.01874999999989],[54.60624999999877,21.01874999999989],[54.61041666666543,21.014583333333185],[54.614583333332064,21.014583333333185]]}},{"type":"Feature","properties":{"HYRIV_ID":20894375,"NEXT_DOWN":20894116,"MAIN_RIV":20892193,"LENGTH_KM":3.29,"CATCH_SKM":9.8199997,"DIS_AV_CMS":0.0,"ORD_STRA":6,"ORD_FLOW":10},"geometry":{"type":"LineString","coordinates":[[54.614583333332064,21.014583333333185],[54.614583333332064,21.01874999999989],[54.61874999999873,21.02291666666654],[54.61874999999873,21.027083333333202],[54.614583333332064,21.031249999999865],[54.61874999999873,21.035416666666514],[54.61874999999873,21.03958333333322]]}},{"type":"Feature","properties":{"HYRIV_ID":20894376,"NEXT_DOWN":20894160,"MAIN_RIV":20892432,"LENGTH_KM":2.8900001,"CATCH_SKM":17.43,"DIS_AV_CMS":0.001,"ORD_STRA":1,"ORD_FLOW":9},"geometry":{"type":"LineString","coordinates":[[55.302083333332064,21.012499999999854],[55.302083333332064,21.027083333333202],[55.29374999999874,21.035416666666514]]}},{"type":"Feature","properties":{"HYRIV_ID":20894377,"NEXT_DOWN":20893875,"MAIN_RIV":20892432,"LENGTH_KM":8.8199997,"CATCH_SKM":31.66,"DIS_AV_CMS":0.0,"ORD_STRA":2,"ORD_FLOW":10},"geometry":{"type":"LineString","coordinates":[[55.41041666666544,21.014583333333185],[55.40624999999878,21.01874999999989],[55.402083333332115,21.01874999999989],[55.39374999999873,21.027083333333202],[55.39374999999873,21.031249999999865],[55.38958333333207,21.035416666666514],[55.37708333333208,21.035416666666514],[55.368749999998755,21.043749999999882],[55.37291666666542,21.04791666666653],[55.37291666666542,21.056249999999856],[55.368749999998755,21.060416666666548],[55.37291666666542,21.06458333333321]]}},{"type":"Feature","properties":{"HYRIV_ID":20894378,"NEXT_DOWN":20894377,"MAIN_RIV":20892432,"LENGTH_KM":13.98,"CATCH_SKM":53.3,"DIS_AV_CMS":0.0,"ORD_STRA":1,"ORD_FLOW":10},"geometry":{"type":"LineString","coordinates":[[55.51458333333207,21.012499999999854],[55.51458333333207,21.01874999999989],[55.506249999998744,21.027083333333202],[55.48541666666537,21.027083333333202],[55.48124999999871,21.031249999999865],[55.47708333333205,21.027083333333202],[55.472916666665384,21.027083333333202],[55.46874999999875,21.02291666666654],[55.46458333333209,21.027083333333202],[55.443749999998715,21.027083333333202],[55.43958333333205,21.02291666666654],[55.43958333333205,21.01874999999989],[55.43541666666539,21.014583333333185],[55.427083333332064,21.014583333333185],[55.4229166666654,21.01874999999989],[55.414583333332104,21.01874999999989],[55.41041666666544,21.014583333333185]]}},{"type":"Feature","properties":{"HYRIV_ID":20894415,"NEXT_DOWN":20894202,"MAIN_RIV":20892193,"LENGTH_KM":7.23,"CATCH_SKM":31.860001,"DIS_AV_CMS":0.0,"ORD_STRA":1,"ORD_FLOW":10},"geometry":{"type":"LineString","coordinates":[[54.28333333333214,21.010416666666522],[54.28958333333213,21.010416666666522],[54.293749999998795,21.014583333333185],[54.293749999998795,21.02291666666654],[54.29791666666546,21.027083333333202],[54.29791666666546,21.031249999999865],[54.30208333333209,21.035416666666514],[54.30208333333209,21.03958333333322],[54.306249999998755,21.043749999999882],[54.306249999998755,21.04791666666653],[54.31458333333208,21.056249999999856],[54.31458333333208,21.060416666666548]]}},{"type":"Feature","properties":{"HYRIV_ID":20894416,"NEXT_DOWN":20894417,"MAIN_RIV":20892193,"LENGTH_KM":5.4200001,"CATCH_SKM":34.259998,"DIS_AV_CMS":0.0,"ORD_STRA":1,"ORD_FLOW":10},"geometry":{"type":"LineString","coordinates":[[54.43958333333208,21.037499999999845],[54.43958333333208,21.027083333333202],[54.44791666666541,21.01874999999989],[54.46041666666537,21.01874999999989],[54.464583333332115,21.014583333333185],[54.46874999999878,21.014583333333185],[54.47291666666544,21.010416666666522]]}},{"type":"Feature","properties":{"HYRIV_ID":20894417,"NEXT_DOWN":20894281,"MAIN_RIV":20892193,"LENGTH_KM":3.2,"CATCH_SKM":18.639999,"DIS_AV_CMS":0.0,"ORD_STRA":4,"ORD_FLOW":10},"geometry":{"type":"LineString","coordinates":[[54.47291666666544,21.010416666666522],[54.48124999999877,21.010416666666522],[54.489583333332064,21.01874999999989],[54.49374999999873,21.01874999999989],[54.49791666666539,21.02291666666654]]}},{"type":"Feature","properties":{"HYRIV_ID":20894418,"NEXT_DOWN":20894244,"MAIN_RIV":20892432,"LENGTH_KM":4.2600002,"CATCH_SKM":22.84,"DIS_AV_CMS":0.0,"ORD_STRA":4,"ORD_FLOW":10},"geometry":{"type":"LineString","coordinates":[[54.73124999999877,21.010416666666522],[54.73541666666543,21.014583333333185],[54.73958333333209,21.014583333333185],[54.74374999999873,21.01874999999989],[54.74791666666539,21.01874999999989],[54.75208333333205,21.02291666666654],[54.76041666666546,21.02291666666654],[54.764583333332126,21.027083333333202]]}},{"type":"Feature","properties":{"HYRIV_ID":20894419,"NEXT_DOWN":20894247,"MAIN_RIV":20892432,"LENGTH_KM":2.25,"CATCH_SKM":15.83,"DIS_AV_CMS":0.001,"ORD_STRA":1,"ORD_FLOW":9},"geometry":{"type":"LineString","coordinates":[[54.96458333333206,21.00833333333319],[54.96458333333206,21.02291666666654],[54.960416666665395,21.027083333333202]]}},{"type":"Feature","properties":{"HYRIV_ID":20894454,"NEXT_DOWN":20894418,"MAIN_RIV":20892432,"LENGTH_KM":1.13,"CATCH_SKM":12.03,"DIS_AV_CMS":0.001,"ORD_STRA":1,"ORD_FLOW":9},"geometry":{"type":"LineString","coordinates":[[54.73541666666543,21.004166666666542],[54.73541666666543,21.010416666666522],[54.73124999999877,21.010416666666522]]}},{"type":"Feature","properties":{"HYRIV_ID":20894477,"NEXT_DOWN":20894245,"MAIN_RIV":20892432,"LENGTH_KM":3.29,"CATCH_SKM":6.6100001,"DIS_AV_CMS":0.0,"ORD_STRA":3,"ORD_FLOW":10},"geometry":{"type":"LineString","coordinates":[[54.91041666666541,21.00208333333321],[54.91041666666541,21.010416666666522],[54.914583333332075,21.014583333333185],[54.91041666666541,21.01874999999989],[54.91041666666541,21.02291666666654],[54.90624999999875,21.027083333333202]]}},{"type":"Feature","properties":{"HYRIV_ID":20894478,"NEXT_DOWN":20894336,"MAIN_RIV":20892432,"LENGTH_KM":5.12,"CATCH_SKM":22.639999,"DIS_AV_CMS":0.001,"ORD_STRA":1,"ORD_FLOW":9},"geometry":{"type":"LineString","coordinates":[[55.25416666666541,21.006249999999874],[55.24791666666542,21.006249999999874],[55.243749999998755,21.00208333333321],[55.23541666666537,21.010416666666522],[55.23124999999871,21.010416666666522],[55.222916666665384,21.01874999999989],[55.21458333333206,21.01874999999989]]}},{"type":"Feature","properties":{"HYRIV_ID":20894516,"NEXT_DOWN":20894377,"MAIN_RIV":20892432,"LENGTH_KM":2.8,"CATCH_SKM":3.61,"DIS_AV_CMS":0.0,"ORD_STRA":2,"ORD_FLOW":10},"geometry":{"type":"LineString","coordinates":[[55.427083333332064,20.997916666666505],[55.427083333332064,21.00208333333321],[55.41874999999877,21.010416666666522],[55.414583333332104,21.010416666666522],[55.41041666666544,21.014583333333185]]}},{"type":"Feature","properties":{"HYRIV_ID":20894517,"NEXT_DOWN":20894516,"MAIN_RIV":20892432,"LENGTH_KM":5.04,"CATCH_SKM":25.25,"DIS_AV_CMS":0.0,"ORD_STRA":1,"ORD_FLOW":10},"geometry":{"type":"LineString","coordinates":[[55.47083333333208,20.995833333333216],[55.46458333333209,21.00208333333321],[55.45208333333201,21.00208333333321],[55.44791666666535,20.997916666666505],[55.427083333332064,20.997916666666505]]}},{"type":"Feature","properties":{"HYRIV_ID":20894559,"NEXT_DOWN":20894560,"MAIN_RIV":20892193,"LENGTH_KM":4.71,"CATCH_SKM":25.65,"DIS_AV_CMS":0.0,"ORD_STRA":1,"ORD_FLOW":10},"geometry":{"type":"LineString","coordinates":[[54.179166666665424,20.993749999999856],[54.20624999999879,20.993749999999856],[54.214583333332115,21.00208333333321],[54.21874999999878,20.997916666666505]]}},{"type":"Feature","properties":{"HYRIV_ID":20894560,"NEXT_DOWN":20894278,"MAIN_RIV":20892193,"LENGTH_KM":4.2199998,"CATCH_SKM":9.8199997,"DIS_AV_CMS":0.0,"ORD_STRA":2,"ORD_FLOW":10},"geometry":{"type":"LineString","coordinates":[[54.21874999999878,20.997916666666505],[54.22291666666541,20.993749999999856],[54.227083333332075,20.997916666666505],[54.227083333332075,21.006249999999874],[54.23124999999874,21.010416666666522],[54.23124999999874,21.02291666666654]]}},{"type":"Feature","properties":{"HYRIV_ID":20894561,"NEXT_DOWN":20894044,"MAIN_RIV":20892432,"LENGTH_KM":7.0500002,"CATCH_SKM":17.23,"DIS_AV_CMS":0.0,"ORD_STRA":3,"ORD_FLOW":10},"geometry":{"type":"LineString","coordinates":[[55.006249999998715,20.993749999999856],[55.006249999998715,20.997916666666505],[54.99791666666542,21.006249999999874],[55.00208333333208,21.010416666666522],[55.00208333333208,21.01874999999989],[55.006249999998715,21.02291666666654],[55.00208333333208,21.027083333333202],[55.00208333333208,21.035416666666514],[55.006249999998715,21.03958333333322],[55.006249999998715,21.04791666666653]]}},{"type":"Feature","properties":{"HYRIV_ID":20894562,"NEXT_DOWN":20894563,"MAIN_RIV":20887939,"LENGTH_KM":1.72,"CATCH_SKM":17.23,"DIS_AV_CMS":0.001,"ORD_STRA":1,"ORD_FLOW":9},"geometry":{"type":"LineString","coordinates":[[55.579166666665344,20.997916666666505],[55.585416666665424,20.997916666666505],[55.58958333333209,20.993749999999856],[55.59374999999875,20.993749999999856]]}},{"type":"Feature","properties":{"HYRIV_ID":20894563,"NEXT_DOWN":20894163,"MAIN_RIV":20887939,"LENGTH_KM":6.35,"CATCH_SKM":25.450001,"DIS_AV_CMS":0.0,"ORD_STRA":3,"ORD_FLOW":10},"geometry":{"type":"LineString","coordinates":[[55.59374999999875,20.993749999999856],[55.59374999999875,21.00208333333321],[55.59791666666541,21.006249999999874],[55.602083333332075,21.006249999999874],[55.61041666666537,21.014583333333185],[55.614583333332035,21.014583333333185],[55.61874999999878,21.01874999999989],[55.61874999999878,21.02291666666654],[55.622916666665446,21.027083333333202],[55.622916666665446,21.035416666666514]]}},{"type":"Feature","properties":{"HYRIV_ID":20894598,"NEXT_DOWN":20894780,"MAIN_RIV":20892193,"LENGTH_KM":11.16,"CATCH_SKM":35.07,"DIS_AV_CMS":0.0,"ORD_STRA":3,"ORD_FLOW":10},"geometry":{"type":"LineString","coordinates":[[53.92708333333209,21.027083333333202],[53.92708333333209,21.02291666666654],[53.931249999998755,21.01874999999989],[53.93958333333205,21.01874999999989],[53.952083333332126,21.006249999999874],[53.96874999999875,21.006249999999874],[53.97291666666541,21.00208333333321],[53.977083333332075,21.00208333333321],[53.9854166666654,20.993749999999856],[54.010416666665435,20.993749999999856],[54.01458333333207,20.989583333333194]]}},{"type":"Feature","properties":{"HYRIV_ID":20894599,"NEXT_DOWN":20894282,"MAIN_RIV":20892193,"LENGTH_KM":5.31,"CATCH_SKM":27.860001,"DIS_AV_CMS":0.001,"ORD_STRA":1,"ORD_FLOW":9},"geometry":{"type":"LineString","coordinates":[[54.53333333333208,20.987499999999862],[54.52708333333209,20.993749999999856],[54.52708333333209,21.006249999999874],[54.53124999999875,21.010416666666522],[54.522916666665424,21.01874999999989],[54.51874999999876,21.01874999999989],[54.5145833333321,21.02291666666654]]}},{"type":"Feature","properties":{"HYRIV_ID":20894600,"NEXT_DOWN":20894006,"MAIN_RIV":20892432,"LENGTH_KM":9.2399998,"CATCH_SKM":21.84,"DIS_AV_CMS":0.0,"ORD_STRA":2,"ORD_FLOW":10},"geometry":{"type":"LineString","coordinates":[[55.06874999999877,20.989583333333194],[55.06874999999877,21.00208333333321],[55.072916666665435,21.006249999999874],[55.072916666665435,21.014583333333185],[55.0770833333321,21.01874999999989],[55.06874999999877,21.027083333333202],[55.06458333333211,21.02291666666654],[55.0562499999987,21.031249999999865],[55.0562499999987,21.04791666666653],[55.052083333332064,21.052083333333194]]}},{"type":"Feature","properties":{"HYRIV_ID":20894638,"NEXT_DOWN":20894560,"MAIN_RIV":20892193,"LENGTH_KM":2.05,"CATCH_SKM":12.03,"DIS_AV_CMS":0.0,"ORD_STRA":1,"ORD_FLOW":10},"geometry":{"type":"LineString","coordinates":[[54.20833333333212,20.9833333333332],[54.21874999999878,20.993749999999856],[54.21874999999878,20.997916666666505]]}},{"type":"Feature","properties":{"HYRIV_ID":20894639,"NEXT_DOWN":20894640,"MAIN_RIV":20892432,"LENGTH_KM":1.58,"CATCH_SKM":12.42,"DIS_AV_CMS":0.001,"ORD_STRA":1,"ORD_FLOW":9},"geometry":{"type":"LineString","coordinates":[[54.8583333333321,20.995833333333216],[54.868749999998755,20.98541666666653]]}},{"type":"Feature","properties":{"HYRIV_ID":20894640,"NEXT_DOWN":20894245,"MAIN_RIV":20892432,"LENGTH_KM":6.1700001,"CATCH_SKM":18.24,"DIS_AV_CMS":0.0,"ORD_STRA":2,"ORD_FLOW":10},"geometry":{"type":"LineString","coordinates":[[54.868749999998755,20.98541666666653],[54.90208333333209,21.01874999999989],[54.90208333333209,21.02291666666654],[54.90624999999875,21.027083333333202]]}},{"type":"Feature","properties":{"HYRIV_ID":20894641,"NEXT_DOWN":20894516,"MAIN_RIV":20892432,"LENGTH_KM":1.56,"CATCH_SKM":3.01,"DIS_AV_CMS":0.0,"ORD_STRA":2,"ORD_FLOW":10},"geometry":{"type":"LineString","coordinates":[[55.4229166666654,20.98541666666653],[55.4229166666654,20.989583333333194],[55.427083333332064,20.993749999999856],[55.427083333332064,20.997916666666505]]}},{"type":"Feature","properties":{"HYRIV_ID":20894642,"NEXT_DOWN":20894563,"MAIN_RIV":20887939,"LENGTH_KM":1.27,"CATCH_SKM":1.6,"DIS_AV_CMS":0.0,"ORD_STRA":3,"ORD_FLOW":10},"geometry":{"type":"LineString","coordinates":[[55.602083333332075,20.98541666666653],[55.59374999999875,20.993749999999856]]}},{"type":"Feature","properties":{"HYRIV_ID":20894643,"NEXT_DOWN":20894642,"MAIN_RIV":20887939,"LENGTH_KM":10.77,"CATCH_SKM":36.07,"DIS_AV_CMS":0.0,"ORD_STRA":1,"ORD_FLOW":10},"geometry":{"type":"LineString","coordinates":[[55.691666666665384,21.00208333333321],[55.65624999999869,21.00208333333321],[55.65208333333206,21.006249999999874],[55.62708333333211,21.006249999999874],[55.622916666665446,21.00208333333321],[55.614583333332035,21.00208333333321],[55.61041666666537,20.997916666666505],[55.61041666666537,20.993749999999856],[55.602083333332075,20.98541666666653]]}},{"type":"Feature","properties":{"HYRIV_ID":20894673,"NEXT_DOWN":20894780,"MAIN_RIV":20892193,"LENGTH_KM":6.89,"CATCH_SKM":12.03,"DIS_AV_CMS":0.0,"ORD_STRA":3,"ORD_FLOW":10},"geometry":{"type":"LineString","coordinates":[[53.952083333332126,20.981249999999882],[53.977083333332075,20.981249999999882],[53.98124999999874,20.98541666666653],[53.99374999999878,20.98541666666653],[53.997916666665446,20.989583333333194],[54.01458333333207,20.989583333333194]]}},{"type":"Feature","properties":{"HYRIV_ID":20894674,"NEXT_DOWN":20894710,"MAIN_RIV":20892193,"LENGTH_KM":15.74,"CATCH_SKM":56.099998,"DIS_AV_CMS":0.0,"ORD_STRA":1,"ORD_FLOW":10},"geometry":{"type":"LineString","coordinates":[[53.99166666666537,21.029166666666534],[54.00208333333211,21.01874999999989],[54.00624999999877,21.01874999999989],[54.010416666665435,21.014583333333185],[54.010416666665435,21.010416666666522],[54.01874999999873,21.00208333333321],[54.022916666665395,21.00208333333321],[54.02708333333214,20.997916666666505],[54.03541666666547,20.997916666666505],[54.039583333332104,21.00208333333321],[54.04374999999877,21.00208333333321],[54.04791666666543,20.997916666666505],[54.07291666666546,20.997916666666505],[54.08124999999879,20.989583333333194],[54.10624999999874,20.989583333333194],[54.114583333332064,20.981249999999882]]}},{"type":"Feature","properties":{"HYRIV_ID":20894675,"NEXT_DOWN":20894710,"MAIN_RIV":20892193,"LENGTH_KM":3.32,"CATCH_SKM":18.84,"DIS_AV_CMS":0.0,"ORD_STRA":1,"ORD_FLOW":10},"geometry":{"type":"LineString","coordinates":[[54.12083333333203,21.004166666666542],[54.12708333333211,20.997916666666505],[54.12708333333211,20.993749999999856],[54.114583333332064,20.981249999999882]]}},{"type":"Feature","properties":{"HYRIV_ID":20894710,"NEXT_DOWN":20895099,"MAIN_RIV":20892193,"LENGTH_KM":0.46,"CATCH_SKM":0.4,"DIS_AV_CMS":0.0,"ORD_STRA":2,"ORD_FLOW":10},"geometry":{"type":"LineString","coordinates":[[54.114583333332064,20.981249999999882],[54.114583333332064,20.977083333333177]]}},{"type":"Feature","properties":{"HYRIV_ID":20894711,"NEXT_DOWN":20894712,"MAIN_RIV":20892193,"LENGTH_KM":7.5,"CATCH_SKM":29.66,"DIS_AV_CMS":0.0,"ORD_STRA":3,"ORD_FLOW":10},"geometry":{"type":"LineString","coordinates":[[54.397916666665424,21.02291666666654],[54.40624999999872,21.014583333333185],[54.40624999999872,21.010416666666522],[54.41458333333213,21.00208333333321],[54.418749999998795,21.00208333333321],[54.43541666666542,20.98541666666653],[54.43958333333208,20.98541666666653],[54.443749999998744,20.981249999999882],[54.443749999998744,20.977083333333177]]}},{"type":"Feature","properties":{"HYRIV_ID":20894712,"NEXT_DOWN":20894417,"MAIN_RIV":20892193,"LENGTH_KM":5.1599998,"CATCH_SKM":17.440001,"DIS_AV_CMS":0.0,"ORD_STRA":4,"ORD_FLOW":10},"geometry":{"type":"LineString","coordinates":[[54.443749999998744,20.977083333333177],[54.44791666666541,20.981249999999882],[54.44791666666541,20.98541666666653],[54.456249999998704,20.993749999999856],[54.456249999998704,20.997916666666505],[54.464583333332115,21.006249999999874],[54.46874999999878,21.006249999999874],[54.47291666666544,21.010416666666522]]}},{"type":"Feature","properties":{"HYRIV_ID":20894713,"NEXT_DOWN":20894336,"MAIN_RIV":20892432,"LENGTH_KM":5.83,"CATCH_SKM":9.8199997,"DIS_AV_CMS":0.0,"ORD_STRA":3,"ORD_FLOW":10},"geometry":{"type":"LineString","coordinates":[[55.21874999999872,20.977083333333177],[55.210416666665424,20.98541666666653],[55.210416666665424,20.989583333333194],[55.21874999999872,20.997916666666505],[55.21874999999872,21.00208333333321],[55.21458333333206,21.006249999999874],[55.21874999999872,21.010416666666522],[55.21458333333206,21.014583333333185],[55.21458333333206,21.01874999999989]]}},{"type":"Feature","properties":{"HYRIV_ID":20894714,"NEXT_DOWN":20894758,"MAIN_RIV":20892432,"LENGTH_KM":5.1500001,"CATCH_SKM":24.450001,"DIS_AV_CMS":0.0,"ORD_STRA":1,"ORD_FLOW":10},"geometry":{"type":"LineString","coordinates":[[55.362499999998704,21.00208333333321],[55.35624999999871,21.00208333333321],[55.35208333333205,20.997916666666505],[55.347916666665384,20.997916666666505],[55.34374999999872,20.993749999999856],[55.34374999999872,20.989583333333194],[55.335416666665424,20.981249999999882],[55.33124999999876,20.981249999999882],[55.3270833333321,20.977083333333177]]}},{"type":"Feature","properties":{"HYRIV_ID":20894715,"NEXT_DOWN":20894642,"MAIN_RIV":20887939,"LENGTH_KM":1.1,"CATCH_SKM":1.4,"DIS_AV_CMS":0.0,"ORD_STRA":3,"ORD_FLOW":10},"geometry":{"type":"LineString","coordinates":[[55.59791666666541,20.977083333333177],[55.602083333332075,20.981249999999882],[55.602083333332075,20.98541666666653]]}},{"type":"Feature","properties":{"HYRIV_ID":20894751,"NEXT_DOWN":20894375,"MAIN_RIV":20892193,"LENGTH_KM":7.0100002,"CATCH_SKM":25.85,"DIS_AV_CMS":0.0,"ORD_STRA":6,"ORD_FLOW":10},"geometry":{"type":"LineString","coordinates":[[54.64374999999876,20.972916666666514],[54.63541666666546,20.981249999999882],[54.63541666666546,21.00208333333321],[54.6312499999988,21.006249999999874],[54.62708333333205,21.006249999999874],[54.62291666666539,21.00208333333321],[54.614583333332064,21.010416666666522],[54.614583333332064,21.014583333333185]]}},{"type":"Feature","properties":{"HYRIV_ID":20894752,"NEXT_DOWN":20894751,"MAIN_RIV":20892193,"LENGTH_KM":3.11,"CATCH_SKM":17.84,"DIS_AV_CMS":0.001,"ORD_STRA":1,"ORD_FLOW":9},"geometry":{"type":"LineString","coordinates":[[54.670833333332126,20.97916666666655],[54.66458333333205,20.972916666666514],[54.64374999999876,20.972916666666514]]}},{"type":"Feature","properties":{"HYRIV_ID":20894753,"NEXT_DOWN":20894754,"MAIN_RIV":20892432,"LENGTH_KM":3.85,"CATCH_SKM":22.85,"DIS_AV_CMS":0.001,"ORD_STRA":1,"ORD_FLOW":9},"geometry":{"type":"LineString","coordinates":[[54.8291666666654,20.98541666666653],[54.83541666666548,20.98541666666653],[54.84374999999872,20.977083333333177],[54.85624999999877,20.977083333333177],[54.86041666666543,20.972916666666514]]}},{"type":"Feature","properties":{"HYRIV_ID":20894754,"NEXT_DOWN":20894640,"MAIN_RIV":20892432,"LENGTH_KM":1.73,"CATCH_SKM":3.61,"DIS_AV_CMS":0.008,"ORD_STRA":2,"ORD_FLOW":9},"geometry":{"type":"LineString","coordinates":[[54.86041666666543,20.972916666666514],[54.868749999998755,20.981249999999882],[54.868749999998755,20.98541666666653]]}},{"type":"Feature","properties":{"HYRIV_ID":20894755,"NEXT_DOWN":20894600,"MAIN_RIV":20892432,"LENGTH_KM":12.94,"CATCH_SKM":66.540001,"DIS_AV_CMS":0.0,"ORD_STRA":1,"ORD_FLOW":10},"geometry":{"type":"LineString","coordinates":[[55.16666666666541,20.987499999999862],[55.15624999999878,20.997916666666505],[55.12708333333208,20.997916666666505],[55.12291666666542,20.993749999999856],[55.118749999998755,20.993749999999856],[55.11458333333209,20.989583333333194],[55.11458333333209,20.98541666666653],[55.11041666666543,20.981249999999882],[55.09374999999872,20.981249999999882],[55.085416666665395,20.972916666666514],[55.06874999999877,20.989583333333194]]}},{"type":"Feature","properties":{"HYRIV_ID":20894756,"NEXT_DOWN":20894713,"MAIN_RIV":20892432,"LENGTH_KM":4.96,"CATCH_SKM":16.040001,"DIS_AV_CMS":0.0,"ORD_STRA":3,"ORD_FLOW":10},"geometry":{"type":"LineString","coordinates":[[55.26458333333204,20.972916666666514],[55.26041666666541,20.972916666666514],[55.256249999998744,20.977083333333177],[55.21874999999872,20.977083333333177]]}},{"type":"Feature","properties":{"HYRIV_ID":20894757,"NEXT_DOWN":20894756,"MAIN_RIV":20892432,"LENGTH_KM":6.0,"CATCH_SKM":23.450001,"DIS_AV_CMS":0.0,"ORD_STRA":3,"ORD_FLOW":10},"geometry":{"type":"LineString","coordinates":[[55.31458333333205,20.972916666666514],[55.30624999999873,20.981249999999882],[55.2979166666654,20.981249999999882],[55.29374999999874,20.977083333333177],[55.289583333332104,20.977083333333177],[55.28541666666544,20.972916666666514],[55.26458333333204,20.972916666666514]]}},{"type":"Feature","properties":{"HYRIV_ID":20894758,"NEXT_DOWN":20894757,"MAIN_RIV":20892432,"LENGTH_KM":1.5,"CATCH_SKM":2.4,"DIS_AV_CMS":0.0,"ORD_STRA":2,"ORD_FLOW":10},"geometry":{"type":"LineString","coordinates":[[55.3270833333321,20.977083333333177],[55.32291666666535,20.972916666666514],[55.31458333333205,20.972916666666514]]}},{"type":"Feature","properties":{"HYRIV_ID":20894780,"NEXT_DOWN":20895099,"MAIN_RIV":20892193,"LENGTH_KM":12.86,"CATCH_SKM":29.66,"DIS_AV_CMS":0.0,"ORD_STRA":4,"ORD_FLOW":10},"geometry":{"type":"LineString","coordinates":[[54.01458333333207,20.989583333333194],[54.01874999999873,20.989583333333194],[54.022916666665395,20.98541666666653],[54.031249999998806,20.98541666666653],[54.03541666666547,20.981249999999882],[54.039583333332104,20.981249999999882],[54.04374999999877,20.98541666666653],[54.04791666666543,20.98541666666653],[54.05208333333209,20.981249999999882],[54.05208333333209,20.977083333333177],[54.056249999998755,20.972916666666514],[54.06458333333205,20.972916666666514],[54.068749999998715,20.968749999999865],[54.077083333332126,20.968749999999865],[54.08124999999879,20.972916666666514],[54.09374999999875,20.972916666666514],[54.09791666666541,20.977083333333177],[54.102083333332075,20.977083333333177],[54.10624999999874,20.972916666666514],[54.1104166666654,20.977083333333177],[54.114583333332064,20.977083333333177]]}},{"type":"Feature","properties":{"HYRIV_ID":20894781,"NEXT_DOWN":20894758,"MAIN_RIV":20892432,"LENGTH_KM":3.75,"CATCH_SKM":18.040001,"DIS_AV_CMS":0.0,"ORD_STRA":1,"ORD_FLOW":10},"geometry":{"type":"LineString","coordinates":[[55.35833333333204,20.966666666666534],[55.35208333333205,20.972916666666514],[55.33124999999876,20.972916666666514],[55.3270833333321,20.977083333333177]]}},{"type":"Feature","properties":{"HYRIV_ID":20894782,"NEXT_DOWN":20894641,"MAIN_RIV":20892432,"LENGTH_KM":3.11,"CATCH_SKM":29.66,"DIS_AV_CMS":0.0,"ORD_STRA":1,"ORD_FLOW":10},"geometry":{"type":"LineString","coordinates":[[55.404166666665446,20.966666666666534],[55.41041666666544,20.972916666666514],[55.41041666666544,20.977083333333177],[55.41874999999877,20.98541666666653],[55.4229166666654,20.98541666666653]]}},{"type":"Feature","properties":{"HYRIV_ID":20894783,"NEXT_DOWN":20894715,"MAIN_RIV":20887939,"LENGTH_KM":4.9499998,"CATCH_SKM":29.459999,"DIS_AV_CMS":0.002,"ORD_STRA":1,"ORD_FLOW":9},"geometry":{"type":"LineString","coordinates":[[55.6416666666654,20.968749999999865],[55.61874999999878,20.968749999999865],[55.614583333332035,20.972916666666514],[55.60624999999871,20.972916666666514],[55.602083333332075,20.977083333333177],[55.59791666666541,20.977083333333177]]}},{"type":"Feature","properties":{"HYRIV_ID":20894815,"NEXT_DOWN":20894915,"MAIN_RIV":20892193,"LENGTH_KM":10.61,"CATCH_SKM":44.09,"DIS_AV_CMS":0.001,"ORD_STRA":1,"ORD_FLOW":9},"geometry":{"type":"LineString","coordinates":[[54.27083333333209,20.9833333333332],[54.28124999999872,20.972916666666514],[54.28541666666547,20.972916666666514],[54.28958333333213,20.977083333333177],[54.293749999998795,20.977083333333177],[54.29791666666546,20.972916666666514],[54.33541666666545,20.972916666666514],[54.339583333332115,20.968749999999865],[54.35624999999874,20.968749999999865],[54.3604166666654,20.964583333333202]]}},{"type":"Feature","properties":{"HYRIV_ID":20894816,"NEXT_DOWN":20894754,"MAIN_RIV":20892432,"LENGTH_KM":0.93,"CATCH_SKM":3.01,"DIS_AV_CMS":0.007,"ORD_STRA":2,"ORD_FLOW":9},"geometry":{"type":"LineString","coordinates":[[54.86041666666543,20.964583333333202],[54.86041666666543,20.972916666666514]]}},{"type":"Feature","properties":{"HYRIV_ID":20894817,"NEXT_DOWN":20894600,"MAIN_RIV":20892432,"LENGTH_KM":3.46,"CATCH_SKM":9.62,"DIS_AV_CMS":0.0,"ORD_STRA":2,"ORD_FLOW":10},"geometry":{"type":"LineString","coordinates":[[55.06874999999877,20.964583333333202],[55.06041666666536,20.972916666666514],[55.06041666666536,20.981249999999882],[55.06874999999877,20.989583333333194]]}},{"type":"Feature","properties":{"HYRIV_ID":20894818,"NEXT_DOWN":20894817,"MAIN_RIV":20892432,"LENGTH_KM":1.51,"CATCH_SKM":14.03,"DIS_AV_CMS":0.0,"ORD_STRA":1,"ORD_FLOW":10},"geometry":{"type":"LineString","coordinates":[[55.083333333332064,20.964583333333202],[55.06874999999877,20.964583333333202]]}},{"type":"Feature","properties":{"HYRIV_ID":20894819,"NEXT_DOWN":20894713,"MAIN_RIV":20892432,"LENGTH_KM":1.56,"CATCH_SKM":2.0,"DIS_AV_CMS":0.0,"ORD_STRA":2,"ORD_FLOW":10},"geometry":{"type":"LineString","coordinates":[[55.21458333333206,20.964583333333202],[55.21458333333206,20.972916666666514],[55.21874999999872,20.977083333333177]]}},{"type":"Feature","properties":{"HYRIV_ID":20894864,"NEXT_DOWN":20894751,"MAIN_RIV":20892193,"LENGTH_KM":2.77,"CATCH_SKM":7.2199998,"DIS_AV_CMS":0.0,"ORD_STRA":6,"ORD_FLOW":10},"geometry":{"type":"LineString","coordinates":[[54.62291666666539,20.96041666666654],[54.6312499999988,20.96041666666654],[54.64374999999876,20.972916666666514]]}},{"type":"Feature","properties":{"HYRIV_ID":20894865,"NEXT_DOWN":20894561,"MAIN_RIV":20892432,"LENGTH_KM":4.62,"CATCH_SKM":21.450001,"DIS_AV_CMS":0.0,"ORD_STRA":1,"ORD_FLOW":10},"geometry":{"type":"LineString","coordinates":[[54.99791666666542,20.958333333333208],[54.99791666666542,20.964583333333202],[55.006249999998715,20.972916666666514],[55.00208333333208,20.977083333333177],[55.00208333333208,20.981249999999882],[55.006249999998715,20.98541666666653],[55.006249999998715,20.993749999999856]]}},{"type":"Feature","properties":{"HYRIV_ID":20894866,"NEXT_DOWN":20894641,"MAIN_RIV":20892432,"LENGTH_KM":7.83,"CATCH_SKM":30.27,"DIS_AV_CMS":0.0,"ORD_STRA":1,"ORD_FLOW":10},"geometry":{"type":"LineString","coordinates":[[55.47083333333208,20.972916666666514],[55.45624999999876,20.972916666666514],[55.45208333333201,20.968749999999865],[55.44791666666535,20.968749999999865],[55.443749999998715,20.964583333333202],[55.43958333333205,20.964583333333202],[55.43541666666539,20.96041666666654],[55.43124999999873,20.96041666666654],[55.4229166666654,20.968749999999865],[55.4229166666654,20.98541666666653]]}},{"type":"Feature","properties":{"HYRIV_ID":20894915,"NEXT_DOWN":20895102,"MAIN_RIV":20892193,"LENGTH_KM":3.0,"CATCH_SKM":7.2199998,"DIS_AV_CMS":0.0,"ORD_STRA":4,"ORD_FLOW":10},"geometry":{"type":"LineString","coordinates":[[54.3604166666654,20.964583333333202],[54.37708333333211,20.964583333333202],[54.385416666665435,20.956249999999876]]}},{"type":"Feature","properties":{"HYRIV_ID":20894916,"NEXT_DOWN":20895102,"MAIN_RIV":20892193,"LENGTH_KM":6.9099998,"CATCH_SKM":21.040001,"DIS_AV_CMS":0.001,"ORD_STRA":1,"ORD_FLOW":9},"geometry":{"type":"LineString","coordinates":[[54.35416666666541,20.98541666666653],[54.37708333333211,20.98541666666653],[54.38124999999877,20.981249999999882],[54.385416666665435,20.981249999999882],[54.3895833333321,20.977083333333177],[54.3895833333321,20.972916666666514],[54.39374999999876,20.968749999999865],[54.39374999999876,20.964583333333202],[54.385416666665435,20.956249999999876]]}},{"type":"Feature","properties":{"HYRIV_ID":20894917,"NEXT_DOWN":20894712,"MAIN_RIV":20892193,"LENGTH_KM":3.26,"CATCH_SKM":10.22,"DIS_AV_CMS":0.0,"ORD_STRA":4,"ORD_FLOW":10},"geometry":{"type":"LineString","coordinates":[[54.43541666666542,20.956249999999876],[54.43541666666542,20.96041666666654],[54.431249999998755,20.964583333333202],[54.431249999998755,20.968749999999865],[54.43958333333208,20.977083333333177],[54.443749999998744,20.977083333333177]]}},{"type":"Feature","properties":{"HYRIV_ID":20894918,"NEXT_DOWN":20894919,"MAIN_RIV":20892432,"LENGTH_KM":0.69,"CATCH_SKM":11.03,"DIS_AV_CMS":0.001,"ORD_STRA":1,"ORD_FLOW":9},"geometry":{"type":"LineString","coordinates":[[54.693749999998744,20.96249999999987],[54.693749999998744,20.956249999999876]]}},{"type":"Feature","properties":{"HYRIV_ID":20894919,"NEXT_DOWN":20894418,"MAIN_RIV":20892432,"LENGTH_KM":8.08,"CATCH_SKM":32.869999,"DIS_AV_CMS":0.0,"ORD_STRA":4,"ORD_FLOW":10},"geometry":{"type":"LineString","coordinates":[[54.693749999998744,20.956249999999876],[54.70208333333207,20.964583333333202],[54.70208333333207,20.968749999999865],[54.70624999999873,20.972916666666514],[54.70624999999873,20.977083333333177],[54.710416666665395,20.981249999999882],[54.710416666665395,20.989583333333194],[54.71458333333206,20.993749999999856],[54.71458333333206,21.00208333333321],[54.722916666665355,21.010416666666522],[54.73124999999877,21.010416666666522]]}},{"type":"Feature","properties":{"HYRIV_ID":20894920,"NEXT_DOWN":20894921,"MAIN_RIV":20887939,"LENGTH_KM":5.58,"CATCH_SKM":25.860001,"DIS_AV_CMS":0.002,"ORD_STRA":1,"ORD_FLOW":9},"geometry":{"type":"LineString","coordinates":[[55.53749999999877,20.968749999999865],[55.552083333332064,20.968749999999865],[55.56041666666539,20.96041666666654],[55.568749999998715,20.96041666666654],[55.57291666666538,20.956249999999876],[55.585416666665424,20.956249999999876]]}},{"type":"Feature","properties":{"HYRIV_ID":20894921,"NEXT_DOWN":20894715,"MAIN_RIV":20887939,"LENGTH_KM":2.83,"CATCH_SKM":9.2200003,"DIS_AV_CMS":0.0,"ORD_STRA":3,"ORD_FLOW":10},"geometry":{"type":"LineString","coordinates":[[55.585416666665424,20.956249999999876],[55.585416666665424,20.964583333333202],[55.59791666666541,20.977083333333177]]}},{"type":"Feature","properties":{"HYRIV_ID":20894960,"NEXT_DOWN":20895679,"MAIN_RIV":20892193,"LENGTH_KM":0.95,"CATCH_SKM":10.62,"DIS_AV_CMS":0.0,"ORD_STRA":1,"ORD_FLOW":10},"geometry":{"type":"LineString","coordinates":[[54.02499999999873,20.958333333333208],[54.031249999998806,20.952083333333228]]}},{"type":"Feature","properties":{"HYRIV_ID":20894961,"NEXT_DOWN":20894915,"MAIN_RIV":20892193,"LENGTH_KM":2.33,"CATCH_SKM":5.21,"DIS_AV_CMS":0.0,"ORD_STRA":4,"ORD_FLOW":10},"geometry":{"type":"LineString","coordinates":[[54.34374999999878,20.952083333333228],[54.34791666666544,20.952083333333228],[54.3604166666654,20.964583333333202]]}},{"type":"Feature","properties":{"HYRIV_ID":20894962,"NEXT_DOWN":20894864,"MAIN_RIV":20892193,"LENGTH_KM":1.41,"CATCH_SKM":11.23,"DIS_AV_CMS":0.001,"ORD_STRA":1,"ORD_FLOW":9},"geometry":{"type":"LineString","coordinates":[[54.629166666665384,20.949999999999854],[54.62291666666539,20.956249999999876],[54.62291666666539,20.96041666666654]]}},{"type":"Feature","properties":{"HYRIV_ID":20895000,"NEXT_DOWN":20894477,"MAIN_RIV":20892432,"LENGTH_KM":8.1400003,"CATCH_SKM":22.25,"DIS_AV_CMS":0.008,"ORD_STRA":3,"ORD_FLOW":9},"geometry":{"type":"LineString","coordinates":[[54.889583333332126,20.947916666666522],[54.889583333332126,20.972916666666514],[54.90208333333209,20.98541666666653],[54.90624999999875,20.981249999999882],[54.91041666666541,20.98541666666653],[54.91041666666541,20.989583333333194],[54.90624999999875,20.993749999999856],[54.91041666666541,20.997916666666505],[54.91041666666541,21.00208333333321]]}},{"type":"Feature","properties":{"HYRIV_ID":20895031,"NEXT_DOWN":20894961,"MAIN_RIV":20892193,"LENGTH_KM":1.41,"CATCH_SKM":11.83,"DIS_AV_CMS":0.0,"ORD_STRA":1,"ORD_FLOW":10},"geometry":{"type":"LineString","coordinates":[[54.33749999999878,20.941666666666542],[54.34374999999878,20.947916666666522],[54.34374999999878,20.952083333333228]]}},{"type":"Feature","properties":{"HYRIV_ID":20895032,"NEXT_DOWN":20894864,"MAIN_RIV":20892193,"LENGTH_KM":3.23,"CATCH_SKM":8.62,"DIS_AV_CMS":0.0,"ORD_STRA":6,"ORD_FLOW":10},"geometry":{"type":"LineString","coordinates":[[54.602083333332104,20.94374999999986],[54.602083333332104,20.947916666666522],[54.614583333332064,20.96041666666654],[54.62291666666539,20.96041666666654]]}},{"type":"Feature","properties":{"HYRIV_ID":20895033,"NEXT_DOWN":20894816,"MAIN_RIV":20892432,"LENGTH_KM":4.7,"CATCH_SKM":7.8200002,"DIS_AV_CMS":0.007,"ORD_STRA":2,"ORD_FLOW":9},"geometry":{"type":"LineString","coordinates":[[54.83124999999873,20.952083333333228],[54.83541666666548,20.947916666666522],[54.83958333333206,20.947916666666522],[54.84374999999872,20.94374999999986],[54.847916666665355,20.947916666666522],[54.847916666665355,20.952083333333228],[54.86041666666543,20.964583333333202]]}},{"type":"Feature","properties":{"HYRIV_ID":20895067,"NEXT_DOWN":20894816,"MAIN_RIV":20892432,"LENGTH_KM":3.4400001,"CATCH_SKM":15.04,"DIS_AV_CMS":0.001,"ORD_STRA":1,"ORD_FLOW":9},"geometry":{"type":"LineString","coordinates":[[54.8583333333321,20.93749999999988],[54.86458333333209,20.94374999999986],[54.86458333333209,20.956249999999876],[54.86041666666543,20.96041666666654],[54.86041666666543,20.964583333333202]]}},{"type":"Feature","properties":{"HYRIV_ID":20895099,"NEXT_DOWN":20895194,"MAIN_RIV":20892193,"LENGTH_KM":13.69,"CATCH_SKM":32.669998,"DIS_AV_CMS":0.0,"ORD_STRA":4,"ORD_FLOW":10},"geometry":{"type":"LineString","coordinates":[[54.114583333332064,20.977083333333177],[54.1395833333321,20.977083333333177],[54.147916666665395,20.968749999999865],[54.15208333333206,20.968749999999865],[54.156249999998806,20.964583333333202],[54.16041666666547,20.964583333333202],[54.17708333333209,20.947916666666522],[54.181249999998755,20.947916666666522],[54.18541666666542,20.94374999999986],[54.214583333332115,20.94374999999986],[54.21874999999878,20.93958333333321],[54.22291666666541,20.93958333333321],[54.227083333332075,20.935416666666548]]}},{"type":"Feature","properties":{"HYRIV_ID":20895100,"NEXT_DOWN":20895194,"MAIN_RIV":20892193,"LENGTH_KM":1.79,"CATCH_SKM":14.83,"DIS_AV_CMS":0.0,"ORD_STRA":1,"ORD_FLOW":10},"geometry":{"type":"LineString","coordinates":[[54.23124999999874,20.949999999999854],[54.23124999999874,20.93958333333321],[54.227083333332075,20.935416666666548]]}},{"type":"Feature","properties":{"HYRIV_ID":20895101,"NEXT_DOWN":20894961,"MAIN_RIV":20892193,"LENGTH_KM":7.7,"CATCH_SKM":21.25,"DIS_AV_CMS":0.0,"ORD_STRA":4,"ORD_FLOW":10},"geometry":{"type":"LineString","coordinates":[[54.28124999999872,20.935416666666548],[54.28541666666547,20.93958333333321],[54.28958333333213,20.93958333333321],[54.293749999998795,20.94374999999986],[54.30208333333209,20.94374999999986],[54.31041666666542,20.952083333333228],[54.32291666666541,20.952083333333228],[54.32708333333204,20.947916666666522],[54.331249999998704,20.952083333333228],[54.34374999999878,20.952083333333228]]}},{"type":"Feature","properties":{"HYRIV_ID":20895102,"NEXT_DOWN":20894917,"MAIN_RIV":20892193,"LENGTH_KM":7.9899998,"CATCH_SKM":27.67,"DIS_AV_CMS":0.0,"ORD_STRA":4,"ORD_FLOW":10},"geometry":{"type":"LineString","coordinates":[[54.385416666665435,20.956249999999876],[54.385416666665435,20.952083333333228],[54.39374999999876,20.94374999999986],[54.40208333333209,20.94374999999986],[54.41041666666547,20.935416666666548],[54.418749999998795,20.935416666666548],[54.42291666666546,20.93958333333321],[54.42708333333212,20.93958333333321],[54.431249999998755,20.94374999999986],[54.431249999998755,20.947916666666522],[54.43541666666542,20.952083333333228],[54.43541666666542,20.956249999999876]]}},{"type":"Feature","properties":{"HYRIV_ID":20895103,"NEXT_DOWN":20895032,"MAIN_RIV":20892193,"LENGTH_KM":8.25,"CATCH_SKM":40.490002,"DIS_AV_CMS":0.002,"ORD_STRA":1,"ORD_FLOW":9},"geometry":{"type":"LineString","coordinates":[[54.55624999999878,20.966666666666534],[54.55624999999878,20.956249999999876],[54.56458333333208,20.947916666666522],[54.568749999998744,20.952083333333228],[54.57291666666541,20.947916666666522],[54.57291666666541,20.93958333333321],[54.57708333333207,20.935416666666548],[54.585416666665395,20.935416666666548],[54.59374999999878,20.94374999999986],[54.602083333332104,20.94374999999986]]}},{"type":"Feature","properties":{"HYRIV_ID":20895104,"NEXT_DOWN":20895105,"MAIN_RIV":20892432,"LENGTH_KM":2.35,"CATCH_SKM":15.23,"DIS_AV_CMS":0.001,"ORD_STRA":1,"ORD_FLOW":9},"geometry":{"type":"LineString","coordinates":[[54.762499999998795,20.94374999999986],[54.772916666665424,20.94374999999986],[54.78124999999875,20.935416666666548]]}},{"type":"Feature","properties":{"HYRIV_ID":20895105,"NEXT_DOWN":20895033,"MAIN_RIV":20892432,"LENGTH_KM":7.4699998,"CATCH_SKM":23.049999,"DIS_AV_CMS":0.006,"ORD_STRA":2,"ORD_FLOW":9},"geometry":{"type":"LineString","coordinates":[[54.78124999999875,20.935416666666548],[54.79374999999874,20.947916666666522],[54.80208333333212,20.947916666666522],[54.810416666665446,20.956249999999876],[54.81458333333211,20.956249999999876],[54.81874999999877,20.96041666666654],[54.81874999999877,20.964583333333202],[54.83124999999873,20.952083333333228]]}},{"type":"Feature","properties":{"HYRIV_ID":20895106,"NEXT_DOWN":20894819,"MAIN_RIV":20892432,"LENGTH_KM":5.1900001,"CATCH_SKM":31.280001,"DIS_AV_CMS":0.0,"ORD_STRA":1,"ORD_FLOW":10},"geometry":{"type":"LineString","coordinates":[[55.18541666666539,20.933333333333174],[55.18541666666539,20.94374999999986],[55.2020833333321,20.96041666666654],[55.20624999999876,20.96041666666654],[55.210416666665424,20.964583333333202],[55.21458333333206,20.964583333333202]]}},{"type":"Feature","properties":{"HYRIV_ID":20895135,"NEXT_DOWN":20895101,"MAIN_RIV":20892193,"LENGTH_KM":0.69,"CATCH_SKM":11.63,"DIS_AV_CMS":0.0,"ORD_STRA":1,"ORD_FLOW":10},"geometry":{"type":"LineString","coordinates":[[54.28124999999872,20.929166666666525],[54.28124999999872,20.935416666666548]]}},{"type":"Feature","properties":{"HYRIV_ID":20895136,"NEXT_DOWN":20895032,"MAIN_RIV":20892193,"LENGTH_KM":1.39,"CATCH_SKM":1.8,"DIS_AV_CMS":0.0,"ORD_STRA":6,"ORD_FLOW":10},"geometry":{"type":"LineString","coordinates":[[54.602083333332104,20.931249999999842],[54.602083333332104,20.94374999999986]]}},{"type":"Feature","properties":{"HYRIV_ID":20895137,"NEXT_DOWN":20895000,"MAIN_RIV":20892432,"LENGTH_KM":3.29,"CATCH_SKM":22.860001,"DIS_AV_CMS":0.001,"ORD_STRA":1,"ORD_FLOW":9},"geometry":{"type":"LineString","coordinates":[[54.90624999999875,20.929166666666525],[54.90624999999875,20.93958333333321],[54.90208333333209,20.94374999999986],[54.89374999999879,20.94374999999986],[54.889583333332126,20.947916666666522]]}},{"type":"Feature","properties":{"HYRIV_ID":20895138,"NEXT_DOWN":20894819,"MAIN_RIV":20892432,"LENGTH_KM":4.0500002,"CATCH_SKM":16.24,"DIS_AV_CMS":0.0,"ORD_STRA":2,"ORD_FLOW":10},"geometry":{"type":"LineString","coordinates":[[55.21458333333206,20.931249999999842],[55.210416666665424,20.935416666666548],[55.210416666665424,20.952083333333228],[55.21458333333206,20.956249999999876],[55.21458333333206,20.964583333333202]]}},{"type":"Feature","properties":{"HYRIV_ID":20895193,"NEXT_DOWN":20895679,"MAIN_RIV":20892193,"LENGTH_KM":10.77,"CATCH_SKM":52.130001,"DIS_AV_CMS":0.001,"ORD_STRA":1,"ORD_FLOW":9},"geometry":{"type":"LineString","coordinates":[[53.98333333333207,20.93958333333321],[53.99374999999878,20.93958333333321],[53.997916666665446,20.935416666666548],[54.01874999999873,20.935416666666548],[54.022916666665395,20.931249999999842],[54.02708333333214,20.931249999999842],[54.031249999998806,20.927083333333194],[54.04374999999877,20.927083333333194],[54.04791666666543,20.931249999999842],[54.04791666666543,20.935416666666548],[54.04374999999877,20.93958333333321],[54.039583333332104,20.93958333333321],[54.031249999998806,20.947916666666522],[54.031249999998806,20.952083333333228]]}},{"type":"Feature","properties":{"HYRIV_ID":20895194,"NEXT_DOWN":20895101,"MAIN_RIV":20892193,"LENGTH_KM":7.2399998,"CATCH_SKM":16.84,"DIS_AV_CMS":0.0,"ORD_STRA":4,"ORD_FLOW":10},"geometry":{"type":"LineString","coordinates":[[54.227083333332075,20.935416666666548],[54.2354166666654,20.927083333333194],[54.239583333332064,20.927083333333194],[54.24791666666536,20.935416666666548],[54.260416666665435,20.935416666666548],[54.26874999999876,20.927083333333194],[54.272916666665424,20.927083333333194],[54.28124999999872,20.935416666666548]]}},{"type":"Feature","properties":{"HYRIV_ID":20895195,"NEXT_DOWN":20895000,"MAIN_RIV":20892432,"LENGTH_KM":2.49,"CATCH_SKM":4.6100001,"DIS_AV_CMS":0.011,"ORD_STRA":3,"ORD_FLOW":8},"geometry":{"type":"LineString","coordinates":[[54.88541666666538,20.927083333333194],[54.88541666666538,20.94374999999986],[54.889583333332126,20.947916666666522]]}},{"type":"Feature","properties":{"HYRIV_ID":20895196,"NEXT_DOWN":20894477,"MAIN_RIV":20892432,"LENGTH_KM":11.25,"CATCH_SKM":40.09,"DIS_AV_CMS":0.003,"ORD_STRA":2,"ORD_FLOW":9},"geometry":{"type":"LineString","coordinates":[[54.960416666665395,20.927083333333194],[54.960416666665395,20.931249999999842],[54.95624999999873,20.935416666666548],[54.960416666665395,20.93958333333321],[54.95624999999873,20.94374999999986],[54.95624999999873,20.947916666666522],[54.95208333333207,20.952083333333228],[54.95208333333207,20.956249999999876],[54.947916666665435,20.96041666666654],[54.94374999999877,20.96041666666654],[54.935416666665446,20.968749999999865],[54.935416666665446,20.977083333333177],[54.927083333332035,20.98541666666653],[54.927083333332035,20.989583333333194],[54.914583333332075,21.00208333333321],[54.91041666666541,21.00208333333321]]}},{"type":"Feature","properties":{"HYRIV_ID":20895197,"NEXT_DOWN":20895138,"MAIN_RIV":20892432,"LENGTH_KM":0.95,"CATCH_SKM":11.83,"DIS_AV_CMS":0.0,"ORD_STRA":1,"ORD_FLOW":10},"geometry":{"type":"LineString","coordinates":[[55.22083333333205,20.924999999999862],[55.21458333333206,20.931249999999842]]}},{"type":"Feature","properties":{"HYRIV_ID":20895198,"NEXT_DOWN":20894756,"MAIN_RIV":20892432,"LENGTH_KM":6.12,"CATCH_SKM":22.860001,"DIS_AV_CMS":0.0,"ORD_STRA":2,"ORD_FLOW":10},"geometry":{"type":"LineString","coordinates":[[55.28124999999878,20.927083333333194],[55.28124999999878,20.93958333333321],[55.268749999998704,20.952083333333228],[55.268749999998704,20.956249999999876],[55.27291666666545,20.96041666666654],[55.26458333333204,20.968749999999865],[55.26458333333204,20.972916666666514]]}},{"type":"Feature","properties":{"HYRIV_ID":20895239,"NEXT_DOWN":20895136,"MAIN_RIV":20892193,"LENGTH_KM":1.58,"CATCH_SKM":13.03,"DIS_AV_CMS":0.001,"ORD_STRA":1,"ORD_FLOW":9},"geometry":{"type":"LineString","coordinates":[[54.61249999999873,20.9208333333332],[54.602083333332104,20.931249999999842]]}},{"type":"Feature","properties":{"HYRIV_ID":20895240,"NEXT_DOWN":20894817,"MAIN_RIV":20892432,"LENGTH_KM":5.14,"CATCH_SKM":19.049999,"DIS_AV_CMS":0.0,"ORD_STRA":2,"ORD_FLOW":10},"geometry":{"type":"LineString","coordinates":[[55.08124999999876,20.92291666666653],[55.072916666665435,20.931249999999842],[55.072916666665435,20.93958333333321],[55.06874999999877,20.94374999999986],[55.06874999999877,20.964583333333202]]}},{"type":"Feature","properties":{"HYRIV_ID":20895241,"NEXT_DOWN":20895240,"MAIN_RIV":20892432,"LENGTH_KM":4.8200002,"CATCH_SKM":21.85,"DIS_AV_CMS":0.0,"ORD_STRA":1,"ORD_FLOW":10},"geometry":{"type":"LineString","coordinates":[[55.12083333333209,20.929166666666525],[55.11458333333209,20.92291666666653],[55.097916666665384,20.92291666666653],[55.09374999999872,20.927083333333194],[55.08958333333206,20.927083333333194],[55.085416666665395,20.92291666666653],[55.08124999999876,20.92291666666653]]}},{"type":"Feature","properties":{"HYRIV_ID":20895291,"NEXT_DOWN":20895292,"MAIN_RIV":20892432,"LENGTH_KM":2.9400001,"CATCH_SKM":16.040001,"DIS_AV_CMS":0.001,"ORD_STRA":1,"ORD_FLOW":9},"geometry":{"type":"LineString","coordinates":[[54.73749999999876,20.93749999999988],[54.74374999999873,20.931249999999842],[54.74791666666539,20.931249999999842],[54.75208333333205,20.927083333333194],[54.75208333333205,20.918749999999868]]}},{"type":"Feature","properties":{"HYRIV_ID":20895292,"NEXT_DOWN":20895105,"MAIN_RIV":20892432,"LENGTH_KM":4.1,"CATCH_SKM":7.02,"DIS_AV_CMS":0.007,"ORD_STRA":2,"ORD_FLOW":9},"geometry":{"type":"LineString","coordinates":[[54.75208333333205,20.918749999999868],[54.756249999998715,20.918749999999868],[54.76041666666546,20.92291666666653],[54.772916666665424,20.92291666666653],[54.77708333333209,20.927083333333194],[54.77708333333209,20.931249999999842],[54.78124999999875,20.935416666666548]]}},{"type":"Feature","properties":{"HYRIV_ID":20895293,"NEXT_DOWN":20895198,"MAIN_RIV":20892432,"LENGTH_KM":2.02,"CATCH_SKM":13.84,"DIS_AV_CMS":0.0,"ORD_STRA":1,"ORD_FLOW":10},"geometry":{"type":"LineString","coordinates":[[55.29583333333207,20.91666666666655],[55.28541666666544,20.927083333333194],[55.28124999999878,20.927083333333194]]}},{"type":"Feature","properties":{"HYRIV_ID":20895294,"NEXT_DOWN":20895343,"MAIN_RIV":20892432,"LENGTH_KM":8.33,"CATCH_SKM":18.85,"DIS_AV_CMS":0.0,"ORD_STRA":2,"ORD_FLOW":10},"geometry":{"type":"LineString","coordinates":[[55.43541666666539,20.92291666666653],[55.43124999999873,20.927083333333194],[55.414583333332104,20.927083333333194],[55.41041666666544,20.92291666666653],[55.40624999999878,20.92291666666653],[55.39791666666537,20.931249999999842],[55.381249999998744,20.931249999999842],[55.368749999998755,20.918749999999868]]}},{"type":"Feature","properties":{"HYRIV_ID":20895295,"NEXT_DOWN":20895343,"MAIN_RIV":20892432,"LENGTH_KM":0.65,"CATCH_SKM":11.83,"DIS_AV_CMS":0.0,"ORD_STRA":1,"ORD_FLOW":10},"geometry":{"type":"LineString","coordinates":[[55.37499999999875,20.918749999999868],[55.368749999998755,20.918749999999868]]}},{"type":"Feature","properties":{"HYRIV_ID":20895296,"NEXT_DOWN":20895294,"MAIN_RIV":20892432,"LENGTH_KM":6.52,"CATCH_SKM":34.080002,"DIS_AV_CMS":0.0,"ORD_STRA":1,"ORD_FLOW":10},"geometry":{"type":"LineString","coordinates":[[55.487499999998704,20.929166666666525],[55.48124999999871,20.92291666666653],[55.46458333333209,20.92291666666653],[55.460416666665424,20.918749999999868],[55.45624999999876,20.92291666666653],[55.45208333333201,20.92291666666653],[55.44791666666535,20.927083333333194],[55.443749999998715,20.927083333333194],[55.43958333333205,20.92291666666653],[55.43541666666539,20.92291666666653]]}},{"type":"Feature","properties":{"HYRIV_ID":20895342,"NEXT_DOWN":20895033,"MAIN_RIV":20892432,"LENGTH_KM":6.7199998,"CATCH_SKM":35.689999,"DIS_AV_CMS":0.002,"ORD_STRA":1,"ORD_FLOW":9},"geometry":{"type":"LineString","coordinates":[[54.787499999998744,20.912499999999888],[54.80624999999878,20.931249999999842],[54.810416666665446,20.931249999999842],[54.81458333333211,20.935416666666548],[54.81458333333211,20.93958333333321],[54.82708333333207,20.952083333333228],[54.83124999999873,20.952083333333228]]}},{"type":"Feature","properties":{"HYRIV_ID":20895343,"NEXT_DOWN":20894757,"MAIN_RIV":20892432,"LENGTH_KM":10.22,"CATCH_SKM":43.709999,"DIS_AV_CMS":0.0,"ORD_STRA":2,"ORD_FLOW":10},"geometry":{"type":"LineString","coordinates":[[55.368749999998755,20.918749999999868],[55.35624999999871,20.918749999999868],[55.35208333333205,20.91458333333322],[55.335416666665424,20.931249999999842],[55.335416666665424,20.935416666666548],[55.33124999999876,20.93958333333321],[55.3270833333321,20.93958333333321],[55.31874999999869,20.947916666666522],[55.31874999999869,20.96041666666654],[55.31458333333205,20.964583333333202],[55.31458333333205,20.972916666666514]]}},{"type":"Feature","properties":{"HYRIV_ID":20895344,"NEXT_DOWN":20895345,"MAIN_RIV":20887939,"LENGTH_KM":0.65,"CATCH_SKM":10.63,"DIS_AV_CMS":0.001,"ORD_STRA":1,"ORD_FLOW":9},"geometry":{"type":"LineString","coordinates":[[55.57499999999871,20.91458333333322],[55.581249999998676,20.91458333333322]]}},{"type":"Feature","properties":{"HYRIV_ID":20895345,"NEXT_DOWN":20894921,"MAIN_RIV":20887939,"LENGTH_KM":4.8,"CATCH_SKM":31.48,"DIS_AV_CMS":0.0,"ORD_STRA":3,"ORD_FLOW":10},"geometry":{"type":"LineString","coordinates":[[55.581249999998676,20.91458333333322],[55.581249999998676,20.931249999999842],[55.585416666665424,20.935416666666548],[55.585416666665424,20.956249999999876]]}},{"type":"Feature","properties":{"HYRIV_ID":20895379,"NEXT_DOWN":20895294,"MAIN_RIV":20892432,"LENGTH_KM":1.56,"CATCH_SKM":2.61,"DIS_AV_CMS":0.0,"ORD_STRA":2,"ORD_FLOW":10},"geometry":{"type":"LineString","coordinates":[[55.43124999999873,20.910416666666514],[55.43541666666539,20.91458333333322],[55.43541666666539,20.92291666666653]]}},{"type":"Feature","properties":{"HYRIV_ID":20895419,"NEXT_DOWN":20895420,"MAIN_RIV":20892193,"LENGTH_KM":0.65,"CATCH_SKM":12.23,"DIS_AV_CMS":0.001,"ORD_STRA":1,"ORD_FLOW":9},"geometry":{"type":"LineString","coordinates":[[54.570833333332075,20.90624999999985],[54.57708333333207,20.90624999999985]]}},{"type":"Feature","properties":{"HYRIV_ID":20895420,"NEXT_DOWN":20895136,"MAIN_RIV":20892193,"LENGTH_KM":3.8,"CATCH_SKM":9.0200005,"DIS_AV_CMS":0.0,"ORD_STRA":6,"ORD_FLOW":10},"geometry":{"type":"LineString","coordinates":[[54.57708333333207,20.90624999999985],[54.602083333332104,20.931249999999842]]}},{"type":"Feature","properties":{"HYRIV_ID":20895421,"NEXT_DOWN":20895138,"MAIN_RIV":20892432,"LENGTH_KM":2.95,"CATCH_SKM":4.81,"DIS_AV_CMS":0.0,"ORD_STRA":2,"ORD_FLOW":10},"geometry":{"type":"LineString","coordinates":[[55.210416666665424,20.90624999999985],[55.210416666665424,20.91458333333322],[55.21458333333206,20.918749999999868],[55.21458333333206,20.931249999999842]]}},{"type":"Feature","properties":{"HYRIV_ID":20895422,"NEXT_DOWN":20895421,"MAIN_RIV":20892432,"LENGTH_KM":0.65,"CATCH_SKM":11.23,"DIS_AV_CMS":0.0,"ORD_STRA":1,"ORD_FLOW":10},"geometry":{"type":"LineString","coordinates":[[55.21666666666539,20.90624999999985],[55.210416666665424,20.90624999999985]]}},{"type":"Feature","properties":{"HYRIV_ID":20895423,"NEXT_DOWN":20895379,"MAIN_RIV":20892432,"LENGTH_KM":0.69,"CATCH_SKM":13.44,"DIS_AV_CMS":0.0,"ORD_STRA":1,"ORD_FLOW":10},"geometry":{"type":"LineString","coordinates":[[55.43124999999873,20.90416666666652],[55.43124999999873,20.910416666666514]]}},{"type":"Feature","properties":{"HYRIV_ID":20895458,"NEXT_DOWN":20895566,"MAIN_RIV":20892193,"LENGTH_KM":4.9699998,"CATCH_SKM":32.68,"DIS_AV_CMS":0.001,"ORD_STRA":1,"ORD_FLOW":9},"geometry":{"type":"LineString","coordinates":[[54.508333333332104,20.93749999999988],[54.51874999999876,20.927083333333194],[54.51874999999876,20.918749999999868],[54.522916666665424,20.91458333333322],[54.522916666665424,20.90624999999985],[54.52708333333209,20.90624999999985],[54.52708333333209,20.902083333333202]]}},{"type":"Feature","properties":{"HYRIV_ID":20895459,"NEXT_DOWN":20895420,"MAIN_RIV":20892193,"LENGTH_KM":0.63,"CATCH_SKM":0.4,"DIS_AV_CMS":0.0,"ORD_STRA":6,"ORD_FLOW":10},"geometry":{"type":"LineString","coordinates":[[54.57291666666541,20.902083333333202],[54.57708333333207,20.90624999999985]]}},{"type":"Feature","properties":{"HYRIV_ID":20895460,"NEXT_DOWN":20895461,"MAIN_RIV":20892432,"LENGTH_KM":1.58,"CATCH_SKM":11.63,"DIS_AV_CMS":0.001,"ORD_STRA":1,"ORD_FLOW":9},"geometry":{"type":"LineString","coordinates":[[54.72499999999877,20.912499999999888],[54.73541666666543,20.902083333333202]]}},{"type":"Feature","properties":{"HYRIV_ID":20895461,"NEXT_DOWN":20895292,"MAIN_RIV":20892432,"LENGTH_KM":2.54,"CATCH_SKM":10.23,"DIS_AV_CMS":0.006,"ORD_STRA":2,"ORD_FLOW":9},"geometry":{"type":"LineString","coordinates":[[54.73541666666543,20.902083333333202],[54.75208333333205,20.918749999999868]]}},{"type":"Feature","properties":{"HYRIV_ID":20895462,"NEXT_DOWN":20895421,"MAIN_RIV":20892432,"LENGTH_KM":1.28,"CATCH_SKM":16.25,"DIS_AV_CMS":0.0,"ORD_STRA":1,"ORD_FLOW":10},"geometry":{"type":"LineString","coordinates":[[55.19999999999877,20.902083333333202],[55.20624999999876,20.902083333333202],[55.210416666665424,20.90624999999985]]}},{"type":"Feature","properties":{"HYRIV_ID":20895498,"NEXT_DOWN":20895195,"MAIN_RIV":20892432,"LENGTH_KM":3.4100001,"CATCH_SKM":9.0200005,"DIS_AV_CMS":0.008,"ORD_STRA":3,"ORD_FLOW":9},"geometry":{"type":"LineString","coordinates":[[54.889583333332126,20.89791666666654],[54.889583333332126,20.902083333333202],[54.88541666666538,20.90624999999985],[54.88541666666538,20.927083333333194]]}},{"type":"Feature","properties":{"HYRIV_ID":20895499,"NEXT_DOWN":20895240,"MAIN_RIV":20892432,"LENGTH_KM":5.5700002,"CATCH_SKM":15.84,"DIS_AV_CMS":0.0,"ORD_STRA":2,"ORD_FLOW":10},"geometry":{"type":"LineString","coordinates":[[55.118749999998755,20.902083333333202],[55.11458333333209,20.902083333333202],[55.11041666666543,20.89791666666654],[55.10208333333205,20.90624999999985],[55.097916666665384,20.90624999999985],[55.09374999999872,20.910416666666514],[55.08958333333206,20.910416666666514],[55.08958333333206,20.91458333333322],[55.08124999999876,20.92291666666653]]}},{"type":"Feature","properties":{"HYRIV_ID":20895500,"NEXT_DOWN":20895614,"MAIN_RIV":20887939,"LENGTH_KM":23.02,"CATCH_SKM":74.970001,"DIS_AV_CMS":0.002,"ORD_STRA":2,"ORD_FLOW":9},"geometry":{"type":"LineString","coordinates":[[55.772916666665395,20.997916666666505],[55.77708333333206,20.993749999999856],[55.77708333333206,20.977083333333177],[55.772916666665395,20.977083333333177],[55.76458333333207,20.968749999999865],[55.75208333333211,20.968749999999865],[55.747916666665446,20.964583333333202],[55.727083333332075,20.964583333333202],[55.72291666666541,20.96041666666654],[55.706249999998704,20.96041666666654],[55.693749999998715,20.947916666666522],[55.68541666666539,20.947916666666522],[55.67291666666543,20.935416666666548],[55.65208333333206,20.935416666666548],[55.63958333333207,20.92291666666653],[55.63958333333207,20.918749999999868],[55.61874999999878,20.89791666666654]]}},{"type":"Feature","properties":{"HYRIV_ID":20895501,"NEXT_DOWN":20895502,"MAIN_RIV":20887939,"LENGTH_KM":1.41,"CATCH_SKM":13.43,"DIS_AV_CMS":0.001,"ORD_STRA":1,"ORD_FLOW":9},"geometry":{"type":"LineString","coordinates":[[55.679166666665424,20.908333333333182],[55.68541666666539,20.902083333333202],[55.68541666666539,20.89791666666654]]}},{"type":"Feature","properties":{"HYRIV_ID":20895502,"NEXT_DOWN":20895380,"MAIN_RIV":20887939,"LENGTH_KM":7.3,"CATCH_SKM":17.639999,"DIS_AV_CMS":0.003,"ORD_STRA":2,"ORD_FLOW":9},"geometry":{"type":"LineString","coordinates":[[55.68541666666539,20.89791666666654],[55.693749999998715,20.89791666666654],[55.706249999998704,20.910416666666514],[55.71041666666534,20.910416666666514],[55.71458333333209,20.91458333333322],[55.727083333332075,20.91458333333322],[55.73124999999874,20.918749999999868],[55.73541666666537,20.918749999999868],[55.739583333332035,20.91458333333322],[55.739583333332035,20.910416666666514]]}},{"type":"Feature","properties":{"HYRIV_ID":20895527,"NEXT_DOWN":20895528,"MAIN_RIV":20892193,"LENGTH_KM":5.5500002,"CATCH_SKM":28.67,"DIS_AV_CMS":0.001,"ORD_STRA":1,"ORD_FLOW":9},"geometry":{"type":"LineString","coordinates":[[54.36249999999873,20.90624999999985],[54.37708333333211,20.90624999999985],[54.38124999999877,20.910416666666514],[54.385416666665435,20.910416666666514],[54.397916666665424,20.89791666666654],[54.40208333333209,20.89791666666654],[54.40624999999872,20.893749999999876]]}},{"type":"Feature","properties":{"HYRIV_ID":20895528,"NEXT_DOWN":20894917,"MAIN_RIV":20892193,"LENGTH_KM":10.22,"CATCH_SKM":48.119999,"DIS_AV_CMS":0.0,"ORD_STRA":2,"ORD_FLOW":10},"geometry":{"type":"LineString","coordinates":[[54.40624999999872,20.893749999999876],[54.41041666666547,20.89791666666654],[54.41041666666547,20.90624999999985],[54.41458333333213,20.910416666666514],[54.418749999998795,20.910416666666514],[54.42291666666546,20.91458333333322],[54.42708333333212,20.91458333333322],[54.43958333333208,20.927083333333194],[54.43958333333208,20.935416666666548],[54.44791666666541,20.94374999999986],[54.44791666666541,20.952083333333228],[54.443749999998744,20.956249999999876],[54.43541666666542,20.956249999999876]]}},{"type":"Feature","properties":{"HYRIV_ID":20895529,"NEXT_DOWN":20894919,"MAIN_RIV":20892432,"LENGTH_KM":8.1400003,"CATCH_SKM":29.68,"DIS_AV_CMS":0.0,"ORD_STRA":4,"ORD_FLOW":10},"geometry":{"type":"LineString","coordinates":[[54.66458333333205,20.893749999999876],[54.66458333333205,20.90624999999985],[54.693749999998744,20.935416666666548],[54.693749999998744,20.956249999999876]]}},{"type":"Feature","properties":{"HYRIV_ID":20895530,"NEXT_DOWN":20895502,"MAIN_RIV":20887939,"LENGTH_KM":2.58,"CATCH_SKM":14.84,"DIS_AV_CMS":0.001,"ORD_STRA":1,"ORD_FLOW":9},"geometry":{"type":"LineString","coordinates":[[55.66249999999877,20.893749999999876],[55.68124999999873,20.893749999999876],[55.68541666666539,20.89791666666654]]}},{"type":"Feature","properties":{"HYRIV_ID":20895566,"NEXT_DOWN":20895610,"MAIN_RIV":20892193,"LENGTH_KM":2.77,"CATCH_SKM":7.4200001,"DIS_AV_CMS":0.0,"ORD_STRA":6,"ORD_FLOW":10},"geometry":{"type":"LineString","coordinates":[[54.52708333333209,20.902083333333202],[54.535416666665384,20.893749999999876],[54.543749999998795,20.893749999999876],[54.54791666666546,20.889583333333228]]}},{"type":"Feature","properties":{"HYRIV_ID":20895567,"NEXT_DOWN":20895196,"MAIN_RIV":20892432,"LENGTH_KM":7.4099998,"CATCH_SKM":28.68,"DIS_AV_CMS":0.001,"ORD_STRA":1,"ORD_FLOW":9},"geometry":{"type":"LineString","coordinates":[[55.00833333333205,20.887499999999896],[55.00208333333208,20.893749999999876],[54.99791666666542,20.893749999999876],[54.98958333333209,20.902083333333202],[54.98958333333209,20.910416666666514],[54.98124999999877,20.918749999999868],[54.972916666665384,20.918749999999868],[54.96458333333206,20.927083333333194],[54.960416666665395,20.927083333333194]]}},{"type":"Feature","properties":{"HYRIV_ID":20895568,"NEXT_DOWN":20895345,"MAIN_RIV":20887939,"LENGTH_KM":3.12,"CATCH_SKM":6.62,"DIS_AV_CMS":0.0,"ORD_STRA":3,"ORD_FLOW":10},"geometry":{"type":"LineString","coordinates":[[55.57291666666538,20.889583333333228],[55.57291666666538,20.893749999999876],[55.57708333333204,20.89791666666654],[55.57708333333204,20.902083333333202],[55.581249999998676,20.90624999999985],[55.581249999998676,20.91458333333322]]}},{"type":"Feature","properties":{"HYRIV_ID":20895609,"NEXT_DOWN":20895566,"MAIN_RIV":20892193,"LENGTH_KM":3.73,"CATCH_SKM":12.03,"DIS_AV_CMS":0.0,"ORD_STRA":6,"ORD_FLOW":10},"geometry":{"type":"LineString","coordinates":[[54.510416666665435,20.885416666666522],[54.5145833333321,20.889583333333228],[54.5145833333321,20.902083333333202],[54.51874999999876,20.90624999999985],[54.522916666665424,20.902083333333202],[54.52708333333209,20.902083333333202]]}},{"type":"Feature","properties":{"HYRIV_ID":20895610,"NEXT_DOWN":20895459,"MAIN_RIV":20892193,"LENGTH_KM":3.87,"CATCH_SKM":15.24,"DIS_AV_CMS":0.0,"ORD_STRA":6,"ORD_FLOW":10},"geometry":{"type":"LineString","coordinates":[[54.54791666666546,20.889583333333228],[54.55208333333212,20.885416666666522],[54.56041666666542,20.885416666666522],[54.56458333333208,20.889583333333228],[54.56458333333208,20.893749999999876],[54.57291666666541,20.902083333333202]]}},{"type":"Feature","properties":{"HYRIV_ID":20895611,"NEXT_DOWN":20895459,"MAIN_RIV":20892193,"LENGTH_KM":2.6900001,"CATCH_SKM":18.65,"DIS_AV_CMS":0.001,"ORD_STRA":1,"ORD_FLOW":9},"geometry":{"type":"LineString","coordinates":[[54.58124999999873,20.88333333333319],[54.58124999999873,20.89791666666654],[54.57708333333207,20.902083333333202],[54.57291666666541,20.902083333333202]]}},{"type":"Feature","properties":{"HYRIV_ID":20895612,"NEXT_DOWN":20895529,"MAIN_RIV":20892432,"LENGTH_KM":1.53,"CATCH_SKM":2.0,"DIS_AV_CMS":0.0,"ORD_STRA":4,"ORD_FLOW":10},"geometry":{"type":"LineString","coordinates":[[54.65624999999875,20.885416666666522],[54.66041666666541,20.889583333333228],[54.66458333333205,20.889583333333228],[54.66458333333205,20.893749999999876]]}},{"type":"Feature","properties":{"HYRIV_ID":20895613,"NEXT_DOWN":20895292,"MAIN_RIV":20892432,"LENGTH_KM":4.2800002,"CATCH_SKM":18.049999,"DIS_AV_CMS":0.001,"ORD_STRA":1,"ORD_FLOW":9},"geometry":{"type":"LineString","coordinates":[[54.76041666666546,20.88333333333319],[54.76041666666546,20.89791666666654],[54.756249999998715,20.902083333333202],[54.756249999998715,20.90624999999985],[54.75208333333205,20.910416666666514],[54.75208333333205,20.918749999999868]]}},{"type":"Feature","properties":{"HYRIV_ID":20895614,"NEXT_DOWN":20895568,"MAIN_RIV":20887939,"LENGTH_KM":5.5700002,"CATCH_SKM":15.44,"DIS_AV_CMS":0.002,"ORD_STRA":2,"ORD_FLOW":9},"geometry":{"type":"LineString","coordinates":[[55.61874999999878,20.89791666666654],[55.59374999999875,20.89791666666654],[55.581249999998676,20.885416666666522],[55.57708333333204,20.885416666666522],[55.57291666666538,20.889583333333228]]}},{"type":"Feature","properties":{"HYRIV_ID":20895646,"NEXT_DOWN":20895647,"MAIN_RIV":20892193,"LENGTH_KM":1.88,"CATCH_SKM":16.84,"DIS_AV_CMS":0.001,"ORD_STRA":1,"ORD_FLOW":9},"geometry":{"type":"LineString","coordinates":[[54.48333333333207,20.895833333333208],[54.489583333332064,20.889583333333228],[54.489583333332064,20.88124999999986]]}},{"type":"Feature","properties":{"HYRIV_ID":20895647,"NEXT_DOWN":20895609,"MAIN_RIV":20892193,"LENGTH_KM":2.37,"CATCH_SKM":4.21,"DIS_AV_CMS":0.0,"ORD_STRA":6,"ORD_FLOW":10},"geometry":{"type":"LineString","coordinates":[[54.489583333332064,20.88124999999986],[54.49374999999873,20.885416666666522],[54.510416666665435,20.885416666666522]]}},{"type":"Feature","properties":{"HYRIV_ID":20895648,"NEXT_DOWN":20895498,"MAIN_RIV":20892432,"LENGTH_KM":3.06,"CATCH_SKM":4.81,"DIS_AV_CMS":0.003,"ORD_STRA":2,"ORD_FLOW":9},"geometry":{"type":"LineString","coordinates":[[54.90624999999875,20.88124999999986],[54.90624999999875,20.889583333333228],[54.90208333333209,20.893749999999876],[54.89791666666545,20.893749999999876],[54.89374999999879,20.89791666666654],[54.889583333332126,20.89791666666654]]}},{"type":"Feature","properties":{"HYRIV_ID":20895649,"NEXT_DOWN":20895648,"MAIN_RIV":20892432,"LENGTH_KM":3.52,"CATCH_SKM":16.25,"DIS_AV_CMS":0.001,"ORD_STRA":1,"ORD_FLOW":9},"geometry":{"type":"LineString","coordinates":[[54.933333333332115,20.88333333333319],[54.927083333332035,20.889583333333228],[54.9229166666654,20.889583333333228],[54.91874999999874,20.885416666666522],[54.914583333332075,20.885416666666522],[54.91041666666541,20.88124999999986],[54.90624999999875,20.88124999999986]]}},{"type":"Feature","properties":{"HYRIV_ID":20895650,"NEXT_DOWN":20895499,"MAIN_RIV":20892432,"LENGTH_KM":6.0500002,"CATCH_SKM":30.08,"DIS_AV_CMS":0.0,"ORD_STRA":1,"ORD_FLOW":10},"geometry":{"type":"LineString","coordinates":[[55.162499999998744,20.879166666666528],[55.14791666666545,20.893749999999876],[55.14374999999879,20.893749999999876],[55.13541666666538,20.902083333333202],[55.131249999998744,20.89791666666654],[55.12291666666542,20.89791666666654],[55.118749999998755,20.902083333333202]]}},{"type":"Feature","properties":{"HYRIV_ID":20895651,"NEXT_DOWN":20895379,"MAIN_RIV":20892432,"LENGTH_KM":4.5900002,"CATCH_SKM":21.66,"DIS_AV_CMS":0.0,"ORD_STRA":1,"ORD_FLOW":10},"geometry":{"type":"LineString","coordinates":[[55.41041666666544,20.879166666666528],[55.41041666666544,20.885416666666522],[55.41874999999877,20.893749999999876],[55.4229166666654,20.893749999999876],[55.427083333332064,20.89791666666654],[55.427083333332064,20.90624999999985],[55.43124999999873,20.910416666666514]]}},{"type":"Feature","properties":{"HYRIV_ID":20895652,"NEXT_DOWN":20895614,"MAIN_RIV":20887939,"LENGTH_KM":2.26,"CATCH_SKM":14.24,"DIS_AV_CMS":0.001,"ORD_STRA":1,"ORD_FLOW":9},"geometry":{"type":"LineString","coordinates":[[55.614583333332035,20.879166666666528],[55.614583333332035,20.889583333333228],[55.61874999999878,20.893749999999876],[55.61874999999878,20.89791666666654]]}},{"type":"Feature","properties":{"HYRIV_ID":20895679,"NEXT_DOWN":20895951,"MAIN_RIV":20892193,"LENGTH_KM":28.6,"CATCH_SKM":74.190002,"DIS_AV_CMS":0.0,"ORD_STRA":2,"ORD_FLOW":10},"geometry":{"type":"LineString","coordinates":[[54.031249999998806,20.952083333333228],[54.03541666666547,20.956249999999876],[54.039583333332104,20.956249999999876],[54.04374999999877,20.96041666666654],[54.05208333333209,20.96041666666654],[54.07291666666546,20.93958333333321],[54.08541666666545,20.93958333333321],[54.089583333332115,20.935416666666548],[54.09374999999875,20.935416666666548],[54.102083333332075,20.927083333333194],[54.10624999999874,20.927083333333194],[54.12708333333211,20.90624999999985],[54.13124999999877,20.90624999999985],[54.135416666665435,20.902083333333202],[54.14374999999873,20.902083333333202],[54.147916666665395,20.89791666666654],[54.156249999998806,20.89791666666654],[54.16041666666547,20.893749999999876],[54.16458333333213,20.893749999999876],[54.16874999999877,20.889583333333228],[54.17291666666543,20.889583333333228],[54.17708333333209,20.893749999999876],[54.18541666666542,20.893749999999876],[54.18958333333208,20.889583333333228],[54.23124999999874,20.889583333333228],[54.2354166666654,20.885416666666522],[54.239583333332064,20.889583333333228],[54.24374999999873,20.889583333333228],[54.25624999999877,20.87708333333321]]}},{"type":"Feature","properties":{"HYRIV_ID":20895680,"NEXT_DOWN":20895951,"MAIN_RIV":20892193,"LENGTH_KM":17.200001,"CATCH_SKM":53.529999,"DIS_AV_CMS":0.001,"ORD_STRA":1,"ORD_FLOW":9},"geometry":{"type":"LineString","coordinates":[[54.13749999999877,20.935416666666548],[54.15208333333206,20.935416666666548],[54.156249999998806,20.931249999999842],[54.16041666666547,20.935416666666548],[54.16458333333213,20.935416666666548],[54.16874999999877,20.931249999999842],[54.18541666666542,20.931249999999842],[54.18958333333208,20.927083333333194],[54.202083333332126,20.927083333333194],[54.20624999999879,20.92291666666653],[54.21041666666545,20.92291666666653],[54.214583333332115,20.918749999999868],[54.227083333332075,20.918749999999868],[54.23124999999874,20.91458333333322],[54.2354166666654,20.91458333333322],[54.24791666666536,20.902083333333202],[54.25208333333211,20.902083333333202],[54.260416666665435,20.893749999999876],[54.260416666665435,20.885416666666522],[54.25624999999877,20.88124999999986],[54.25624999999877,20.87708333333321]]}},{"type":"Feature","properties":{"HYRIV_ID":20895681,"NEXT_DOWN":20895529,"MAIN_RIV":20892432,"LENGTH_KM":3.29,"CATCH_SKM":23.469999,"DIS_AV_CMS":0.001,"ORD_STRA":1,"ORD_FLOW":9},"geometry":{"type":"LineString","coordinates":[[54.68124999999878,20.87499999999988],[54.68124999999878,20.885416666666522],[54.67291666666546,20.893749999999876],[54.66458333333205,20.893749999999876]]}},{"type":"Feature","properties":{"HYRIV_ID":20895682,"NEXT_DOWN":20895196,"MAIN_RIV":20892432,"LENGTH_KM":7.0700002,"CATCH_SKM":27.08,"DIS_AV_CMS":0.002,"ORD_STRA":1,"ORD_FLOW":9},"geometry":{"type":"LineString","coordinates":[[54.9833333333321,20.87499999999988],[54.97708333333205,20.88124999999986],[54.97708333333205,20.889583333333228],[54.972916666665384,20.893749999999876],[54.972916666665384,20.89791666666654],[54.95624999999873,20.91458333333322],[54.95624999999873,20.92291666666653],[54.960416666665395,20.927083333333194]]}},{"type":"Feature","properties":{"HYRIV_ID":20895683,"NEXT_DOWN":20894561,"MAIN_RIV":20892432,"LENGTH_KM":15.36,"CATCH_SKM":54.73,"DIS_AV_CMS":0.0,"ORD_STRA":3,"ORD_FLOW":10},"geometry":{"type":"LineString","coordinates":[[55.0479166666654,20.87708333333321],[55.0479166666654,20.893749999999876],[55.04374999999874,20.89791666666654],[55.04374999999874,20.902083333333202],[55.03541666666541,20.910416666666514],[55.039583333332075,20.91458333333322],[55.03541666666541,20.918749999999868],[55.03541666666541,20.927083333333194],[55.03124999999875,20.931249999999842],[55.03541666666541,20.935416666666548],[55.03124999999875,20.93958333333321],[55.03124999999875,20.96041666666654],[55.02291666666545,20.968749999999865],[55.02291666666545,20.977083333333177],[55.006249999998715,20.993749999999856]]}},{"type":"Feature","properties":{"HYRIV_ID":20895684,"NEXT_DOWN":20895198,"MAIN_RIV":20892432,"LENGTH_KM":7.4499998,"CATCH_SKM":23.860001,"DIS_AV_CMS":0.0,"ORD_STRA":2,"ORD_FLOW":10},"geometry":{"type":"LineString","coordinates":[[55.289583333332104,20.87708333333321],[55.28124999999878,20.87708333333321],[55.27291666666545,20.885416666666522],[55.27291666666545,20.893749999999876],[55.268749999998704,20.89791666666654],[55.268749999998704,20.910416666666514],[55.277083333332115,20.918749999999868],[55.277083333332115,20.92291666666653],[55.28124999999878,20.927083333333194]]}},{"type":"Feature","properties":{"HYRIV_ID":20895720,"NEXT_DOWN":20895609,"MAIN_RIV":20892193,"LENGTH_KM":1.56,"CATCH_SKM":2.21,"DIS_AV_CMS":0.001,"ORD_STRA":2,"ORD_FLOW":9},"geometry":{"type":"LineString","coordinates":[[54.5145833333321,20.872916666666505],[54.5145833333321,20.87708333333321],[54.510416666665435,20.88124999999986],[54.510416666665435,20.885416666666522]]}},{"type":"Feature","properties":{"HYRIV_ID":20895721,"NEXT_DOWN":20895195,"MAIN_RIV":20892432,"LENGTH_KM":7.9099998,"CATCH_SKM":29.08,"DIS_AV_CMS":0.005,"ORD_STRA":2,"ORD_FLOW":9},"geometry":{"type":"LineString","coordinates":[[54.85208333333202,20.872916666666505],[54.85624999999877,20.872916666666505],[54.86458333333209,20.88124999999986],[54.86458333333209,20.893749999999876],[54.868749999998755,20.89791666666654],[54.868749999998755,20.91458333333322],[54.87291666666539,20.918749999999868],[54.87708333333205,20.918749999999868],[54.88541666666538,20.927083333333194]]}},{"type":"Feature","properties":{"HYRIV_ID":20895722,"NEXT_DOWN":20895498,"MAIN_RIV":20892432,"LENGTH_KM":3.12,"CATCH_SKM":7.02,"DIS_AV_CMS":0.006,"ORD_STRA":2,"ORD_FLOW":9},"geometry":{"type":"LineString","coordinates":[[54.889583333332126,20.872916666666505],[54.889583333332126,20.87708333333321],[54.89374999999879,20.88124999999986],[54.889583333332126,20.885416666666522],[54.889583333332126,20.89791666666654]]}},{"type":"Feature","properties":{"HYRIV_ID":20895723,"NEXT_DOWN":20895684,"MAIN_RIV":20892432,"LENGTH_KM":4.08,"CATCH_SKM":20.66,"DIS_AV_CMS":0.0,"ORD_STRA":1,"ORD_FLOW":10},"geometry":{"type":"LineString","coordinates":[[55.32499999999877,20.87708333333321],[55.2979166666654,20.87708333333321],[55.29374999999874,20.872916666666505],[55.289583333332104,20.87708333333321]]}},{"type":"Feature","properties":{"HYRIV_ID":20895724,"NEXT_DOWN":20895725,"MAIN_RIV":20887939,"LENGTH_KM":4.89,"CATCH_SKM":19.85,"DIS_AV_CMS":0.001,"ORD_STRA":1,"ORD_FLOW":9},"geometry":{"type":"LineString","coordinates":[[55.51249999999874,20.89791666666654],[55.51874999999873,20.89791666666654],[55.52708333333203,20.889583333333228],[55.53124999999869,20.889583333333228],[55.54791666666543,20.872916666666505]]}},{"type":"Feature","properties":{"HYRIV_ID":20895725,"NEXT_DOWN":20895568,"MAIN_RIV":20887939,"LENGTH_KM":3.4,"CATCH_SKM":11.83,"DIS_AV_CMS":0.0,"ORD_STRA":3,"ORD_FLOW":10},"geometry":{"type":"LineString","coordinates":[[55.54791666666543,20.872916666666505],[55.552083333332064,20.87708333333321],[55.55624999999873,20.87708333333321],[55.568749999998715,20.889583333333228],[55.57291666666538,20.889583333333228]]}},{"type":"Feature","properties":{"HYRIV_ID":20895755,"NEXT_DOWN":20895795,"MAIN_RIV":20892193,"LENGTH_KM":2.81,"CATCH_SKM":18.25,"DIS_AV_CMS":0.001,"ORD_STRA":1,"ORD_FLOW":9},"geometry":{"type":"LineString","coordinates":[[54.34583333333211,20.88124999999986],[54.35624999999874,20.88124999999986],[54.36458333333215,20.872916666666505],[54.36458333333215,20.868749999999885]]}},{"type":"Feature","properties":{"HYRIV_ID":20895756,"NEXT_DOWN":20895721,"MAIN_RIV":20892432,"LENGTH_KM":3.12,"CATCH_SKM":15.04,"DIS_AV_CMS":0.001,"ORD_STRA":1,"ORD_FLOW":9},"geometry":{"type":"LineString","coordinates":[[54.82499999999874,20.86666666666651],[54.83124999999873,20.872916666666505],[54.85208333333202,20.872916666666505]]}},{"type":"Feature","properties":{"HYRIV_ID":20895795,"NEXT_DOWN":20895528,"MAIN_RIV":20892193,"LENGTH_KM":7.1300001,"CATCH_SKM":22.860001,"DIS_AV_CMS":0.0,"ORD_STRA":2,"ORD_FLOW":10},"geometry":{"type":"LineString","coordinates":[[54.36458333333215,20.868749999999885],[54.36874999999873,20.864583333333194],[54.37291666666539,20.864583333333194],[54.37708333333211,20.868749999999885],[54.38124999999877,20.864583333333194],[54.3895833333321,20.864583333333194],[54.40208333333209,20.87708333333321],[54.40208333333209,20.885416666666522],[54.40624999999872,20.889583333333228],[54.40624999999872,20.893749999999876]]}},{"type":"Feature","properties":{"HYRIV_ID":20895796,"NEXT_DOWN":20895648,"MAIN_RIV":20892432,"LENGTH_KM":3.28,"CATCH_SKM":21.26,"DIS_AV_CMS":0.001,"ORD_STRA":1,"ORD_FLOW":9},"geometry":{"type":"LineString","coordinates":[[54.92499999999873,20.864583333333194],[54.914583333332075,20.864583333333194],[54.91041666666541,20.868749999999885],[54.91041666666541,20.87708333333321],[54.90624999999875,20.88124999999986]]}},{"type":"Feature","properties":{"HYRIV_ID":20895797,"NEXT_DOWN":20895499,"MAIN_RIV":20892432,"LENGTH_KM":4.5700002,"CATCH_SKM":25.879999,"DIS_AV_CMS":0.0,"ORD_STRA":1,"ORD_FLOW":10},"geometry":{"type":"LineString","coordinates":[[55.12291666666542,20.862499999999862],[55.12291666666542,20.889583333333228],[55.118749999998755,20.893749999999876],[55.118749999998755,20.902083333333202]]}},{"type":"Feature","properties":{"HYRIV_ID":20895843,"NEXT_DOWN":20895886,"MAIN_RIV":20892193,"LENGTH_KM":2.05,"CATCH_SKM":13.44,"DIS_AV_CMS":0.001,"ORD_STRA":1,"ORD_FLOW":9},"geometry":{"type":"LineString","coordinates":[[54.445833333332075,20.87499999999988],[54.456249999998704,20.864583333333194],[54.456249999998704,20.86041666666653]]}},{"type":"Feature","properties":{"HYRIV_ID":20895844,"NEXT_DOWN":20895720,"MAIN_RIV":20892193,"LENGTH_KM":2.6500001,"CATCH_SKM":12.64,"DIS_AV_CMS":0.001,"ORD_STRA":1,"ORD_FLOW":9},"geometry":{"type":"LineString","coordinates":[[54.53333333333208,20.8583333333332],[54.52708333333209,20.864583333333194],[54.522916666665424,20.864583333333194],[54.5145833333321,20.872916666666505]]}},{"type":"Feature","properties":{"HYRIV_ID":20895845,"NEXT_DOWN":20895846,"MAIN_RIV":20887939,"LENGTH_KM":1.13,"CATCH_SKM":12.23,"DIS_AV_CMS":0.0,"ORD_STRA":1,"ORD_FLOW":10},"geometry":{"type":"LineString","coordinates":[[55.48124999999871,20.86666666666651],[55.48124999999871,20.86041666666653],[55.48541666666537,20.86041666666653]]}},{"type":"Feature","properties":{"HYRIV_ID":20895846,"NEXT_DOWN":20895847,"MAIN_RIV":20887939,"LENGTH_KM":5.83,"CATCH_SKM":18.049999,"DIS_AV_CMS":0.0,"ORD_STRA":2,"ORD_FLOW":10},"geometry":{"type":"LineString","coordinates":[[55.48541666666537,20.86041666666653],[55.49374999999878,20.86041666666653],[55.497916666665446,20.864583333333194],[55.51874999999873,20.864583333333194],[55.522916666665395,20.868749999999885],[55.52708333333203,20.868749999999885],[55.53124999999869,20.864583333333194],[55.53124999999869,20.86041666666653]]}},{"type":"Feature","properties":{"HYRIV_ID":20895847,"NEXT_DOWN":20895725,"MAIN_RIV":20887939,"LENGTH_KM":2.33,"CATCH_SKM":11.63,"DIS_AV_CMS":0.0,"ORD_STRA":3,"ORD_FLOW":10},"geometry":{"type":"LineString","coordinates":[[55.53124999999869,20.86041666666653],[55.53541666666544,20.86041666666653],[55.54791666666543,20.872916666666505]]}},{"type":"Feature","properties":{"HYRIV_ID":20895885,"NEXT_DOWN":20895795,"MAIN_RIV":20892193,"LENGTH_KM":1.73,"CATCH_SKM":2.61,"DIS_AV_CMS":0.0,"ORD_STRA":2,"ORD_FLOW":10},"geometry":{"type":"LineString","coordinates":[[54.35624999999874,20.856249999999868],[54.35624999999874,20.86041666666653],[54.36458333333215,20.868749999999885]]}},{"type":"Feature","properties":{"HYRIV_ID":20895886,"NEXT_DOWN":20895887,"MAIN_RIV":20892193,"LENGTH_KM":1.5,"CATCH_SKM":2.61,"DIS_AV_CMS":0.0,"ORD_STRA":6,"ORD_FLOW":10},"geometry":{"type":"LineString","coordinates":[[54.456249999998704,20.86041666666653],[54.46041666666537,20.86041666666653],[54.464583333332115,20.856249999999868],[54.46874999999878,20.856249999999868]]}},{"type":"Feature","properties":{"HYRIV_ID":20895887,"NEXT_DOWN":20895647,"MAIN_RIV":20892193,"LENGTH_KM":3.6300001,"CATCH_SKM":8.0200005,"DIS_AV_CMS":0.0,"ORD_STRA":6,"ORD_FLOW":10},"geometry":{"type":"LineString","coordinates":[[54.46874999999878,20.856249999999868],[54.4854166666654,20.872916666666505],[54.4854166666654,20.87708333333321],[54.489583333332064,20.88124999999986]]}},{"type":"Feature","properties":{"HYRIV_ID":20895888,"NEXT_DOWN":20895722,"MAIN_RIV":20892432,"LENGTH_KM":2.26,"CATCH_SKM":11.84,"DIS_AV_CMS":0.001,"ORD_STRA":1,"ORD_FLOW":9},"geometry":{"type":"LineString","coordinates":[[54.88541666666538,20.854166666666536],[54.88541666666538,20.864583333333194],[54.889583333332126,20.868749999999885],[54.889583333332126,20.872916666666505]]}},{"type":"Feature","properties":{"HYRIV_ID":20895889,"NEXT_DOWN":20895683,"MAIN_RIV":20892432,"LENGTH_KM":5.89,"CATCH_SKM":28.68,"DIS_AV_CMS":0.0,"ORD_STRA":1,"ORD_FLOW":10},"geometry":{"type":"LineString","coordinates":[[55.08124999999876,20.854166666666536],[55.08124999999876,20.868749999999885],[55.072916666665435,20.87708333333321],[55.06458333333211,20.87708333333321],[55.06041666666536,20.88124999999986],[55.0562499999987,20.88124999999986],[55.052083333332064,20.87708333333321],[55.0479166666654,20.87708333333321]]}},{"type":"Feature","properties":{"HYRIV_ID":20895890,"NEXT_DOWN":20895955,"MAIN_RIV":20892432,"LENGTH_KM":1.08,"CATCH_SKM":12.44,"DIS_AV_CMS":0.0,"ORD_STRA":1,"ORD_FLOW":10},"geometry":{"type":"LineString","coordinates":[[55.34166666666542,20.856249999999868],[55.33124999999876,20.856249999999868]]}},{"type":"Feature","properties":{"HYRIV_ID":20895911,"NEXT_DOWN":20896207,"MAIN_RIV":20892193,"LENGTH_KM":16.75,"CATCH_SKM":54.75,"DIS_AV_CMS":0.001,"ORD_STRA":1,"ORD_FLOW":9},"geometry":{"type":"LineString","coordinates":[[54.06249999999875,20.893749999999876],[54.102083333332075,20.893749999999876],[54.10624999999874,20.89791666666654],[54.114583333332064,20.89791666666654],[54.1187499999987,20.893749999999876],[54.122916666665446,20.893749999999876],[54.13124999999877,20.885416666666522],[54.147916666665395,20.885416666666522],[54.156249999998806,20.87708333333321],[54.16874999999877,20.87708333333321],[54.17708333333209,20.868749999999885],[54.181249999998755,20.868749999999885],[54.18541666666542,20.864583333333194],[54.18958333333208,20.864583333333194],[54.19791666666538,20.856249999999868],[54.19791666666538,20.852083333333205]]}},{"type":"Feature","properties":{"HYRIV_ID":20895912,"NEXT_DOWN":20895612,"MAIN_RIV":20892432,"LENGTH_KM":5.1599998,"CATCH_SKM":20.459999,"DIS_AV_CMS":0.0,"ORD_STRA":4,"ORD_FLOW":10},"geometry":{"type":"LineString","coordinates":[[54.62708333333205,20.852083333333205],[54.63541666666546,20.86041666666653],[54.6395833333321,20.86041666666653],[54.64374999999876,20.864583333333194],[54.64374999999876,20.868749999999885],[54.65624999999875,20.88124999999986],[54.65624999999875,20.885416666666522]]}},{"type":"Feature","properties":{"HYRIV_ID":20895913,"NEXT_DOWN":20895846,"MAIN_RIV":20887939,"LENGTH_KM":1.58,"CATCH_SKM":12.64,"DIS_AV_CMS":0.0,"ORD_STRA":1,"ORD_FLOW":10},"geometry":{"type":"LineString","coordinates":[[55.474999999998715,20.849999999999888],[55.48541666666537,20.86041666666653]]}},{"type":"Feature","properties":{"HYRIV_ID":20895951,"NEXT_DOWN":20895953,"MAIN_RIV":20892193,"LENGTH_KM":8.8599997,"CATCH_SKM":25.68,"DIS_AV_CMS":0.0,"ORD_STRA":2,"ORD_FLOW":10},"geometry":{"type":"LineString","coordinates":[[54.25624999999877,20.87708333333321],[54.25624999999877,20.872916666666505],[54.26874999999876,20.86041666666653],[54.26874999999876,20.856249999999868],[54.272916666665424,20.852083333333205],[54.306249999998755,20.852083333333205],[54.31041666666542,20.847916666666556],[54.32291666666541,20.847916666666556]]}},{"type":"Feature","properties":{"HYRIV_ID":20895952,"NEXT_DOWN":20895953,"MAIN_RIV":20892193,"LENGTH_KM":4.62,"CATCH_SKM":17.85,"DIS_AV_CMS":0.0,"ORD_STRA":1,"ORD_FLOW":10},"geometry":{"type":"LineString","coordinates":[[54.306249999998755,20.870833333333216],[54.306249999998755,20.87708333333321],[54.31041666666542,20.872916666666505],[54.31041666666542,20.864583333333194],[54.32291666666541,20.852083333333205],[54.32291666666541,20.847916666666556]]}},{"type":"Feature","properties":{"HYRIV_ID":20895953,"NEXT_DOWN":20895885,"MAIN_RIV":20892193,"LENGTH_KM":3.87,"CATCH_SKM":14.64,"DIS_AV_CMS":0.0,"ORD_STRA":2,"ORD_FLOW":10},"geometry":{"type":"LineString","coordinates":[[54.32291666666541,20.847916666666556],[54.331249999998704,20.847916666666556],[54.33541666666545,20.852083333333205],[54.352083333332075,20.852083333333205],[54.35624999999874,20.856249999999868]]}},{"type":"Feature","properties":{"HYRIV_ID":20895954,"NEXT_DOWN":20895885,"MAIN_RIV":20892193,"LENGTH_KM":1.42,"CATCH_SKM":13.64,"DIS_AV_CMS":0.0,"ORD_STRA":1,"ORD_FLOW":10},"geometry":{"type":"LineString","coordinates":[[54.36249999999873,20.845833333333225],[54.35624999999874,20.852083333333205],[54.35624999999874,20.856249999999868]]}},{"type":"Feature","properties":{"HYRIV_ID":20895955,"NEXT_DOWN":20895684,"MAIN_RIV":20892432,"LENGTH_KM":6.4,"CATCH_SKM":22.67,"DIS_AV_CMS":0.0,"ORD_STRA":2,"ORD_FLOW":10},"geometry":{"type":"LineString","coordinates":[[55.33124999999876,20.856249999999868],[55.32291666666535,20.856249999999868],[55.31458333333205,20.847916666666556],[55.289583333332104,20.872916666666505],[55.289583333332104,20.87708333333321]]}},{"type":"Feature","properties":{"HYRIV_ID":20895991,"NEXT_DOWN":20895955,"MAIN_RIV":20892432,"LENGTH_KM":2.05,"CATCH_SKM":20.059999,"DIS_AV_CMS":0.0,"ORD_STRA":1,"ORD_FLOW":10},"geometry":{"type":"LineString","coordinates":[[55.34166666666542,20.84166666666652],[55.33124999999876,20.852083333333205],[55.33124999999876,20.856249999999868]]}},{"type":"Feature","properties":{"HYRIV_ID":20896029,"NEXT_DOWN":20895720,"MAIN_RIV":20892193,"LENGTH_KM":4.4499998,"CATCH_SKM":21.67,"DIS_AV_CMS":0.001,"ORD_STRA":1,"ORD_FLOW":9},"geometry":{"type":"LineString","coordinates":[[54.50208333333205,20.83749999999987],[54.50208333333205,20.86041666666653],[54.5145833333321,20.872916666666505]]}},{"type":"Feature","properties":{"HYRIV_ID":20896030,"NEXT_DOWN":20895847,"MAIN_RIV":20887939,"LENGTH_KM":3.0,"CATCH_SKM":6.62,"DIS_AV_CMS":0.0,"ORD_STRA":3,"ORD_FLOW":10},"geometry":{"type":"LineString","coordinates":[[55.51458333333207,20.839583333333188],[55.51458333333207,20.84374999999985],[55.53124999999869,20.86041666666653]]}},{"type":"Feature","properties":{"HYRIV_ID":20896064,"NEXT_DOWN":20896207,"MAIN_RIV":20892193,"LENGTH_KM":35.040001,"CATCH_SKM":119.54,"DIS_AV_CMS":0.0,"ORD_STRA":1,"ORD_FLOW":10},"geometry":{"type":"LineString","coordinates":[[53.916666666665435,20.91458333333322],[53.92291666666543,20.91458333333322],[53.92708333333209,20.910416666666514],[53.9437499999988,20.910416666666514],[53.94791666666546,20.90624999999985],[53.97291666666541,20.90624999999985],[53.977083333332075,20.902083333333202],[53.989583333332035,20.902083333333202],[53.99374999999878,20.89791666666654],[54.00208333333211,20.89791666666654],[54.00624999999877,20.893749999999876],[54.010416666665435,20.893749999999876],[54.01458333333207,20.889583333333228],[54.01458333333207,20.885416666666522],[54.031249999998806,20.868749999999885],[54.039583333332104,20.868749999999885],[54.04374999999877,20.872916666666505],[54.06458333333205,20.872916666666505],[54.068749999998715,20.868749999999885],[54.089583333332115,20.868749999999885],[54.09374999999875,20.864583333333194],[54.1104166666654,20.864583333333194],[54.114583333332064,20.86041666666653],[54.14374999999873,20.86041666666653],[54.16458333333213,20.839583333333188],[54.16874999999877,20.839583333333188],[54.17291666666543,20.83541666666654],[54.17708333333209,20.83541666666654],[54.181249999998755,20.839583333333188],[54.181249999998755,20.847916666666556],[54.18541666666542,20.852083333333205],[54.19791666666538,20.852083333333205]]}},{"type":"Feature","properties":{"HYRIV_ID":20896065,"NEXT_DOWN":20895887,"MAIN_RIV":20892193,"LENGTH_KM":3.6500001,"CATCH_SKM":20.870001,"DIS_AV_CMS":0.001,"ORD_STRA":1,"ORD_FLOW":9},"geometry":{"type":"LineString","coordinates":[[54.445833333332075,20.83541666666654],[54.45208333333207,20.83541666666654],[54.46874999999878,20.852083333333205],[54.46874999999878,20.856249999999868]]}},{"type":"Feature","properties":{"HYRIV_ID":20896066,"NEXT_DOWN":20896067,"MAIN_RIV":20887939,"LENGTH_KM":2.9200001,"CATCH_SKM":14.24,"DIS_AV_CMS":0.001,"ORD_STRA":1,"ORD_FLOW":9},"geometry":{"type":"LineString","coordinates":[[55.61666666666537,20.849999999999888],[55.622916666665446,20.84374999999985],[55.631249999998744,20.84374999999985],[55.63541666666541,20.839583333333188],[55.63541666666541,20.83541666666654]]}},{"type":"Feature","properties":{"HYRIV_ID":20896067,"NEXT_DOWN":20895380,"MAIN_RIV":20887939,"LENGTH_KM":14.71,"CATCH_SKM":58.970001,"DIS_AV_CMS":0.0,"ORD_STRA":3,"ORD_FLOW":10},"geometry":{"type":"LineString","coordinates":[[55.63541666666541,20.83541666666654],[55.63958333333207,20.839583333333188],[55.63958333333207,20.84374999999985],[55.65208333333206,20.856249999999868],[55.65624999999869,20.856249999999868],[55.660416666665355,20.86041666666653],[55.664583333332104,20.86041666666653],[55.66874999999877,20.864583333333194],[55.67708333333209,20.864583333333194],[55.68124999999873,20.868749999999885],[55.68541666666539,20.868749999999885],[55.70208333333204,20.885416666666522],[55.706249999998704,20.885416666666522],[55.72291666666541,20.902083333333202],[55.727083333332075,20.902083333333202],[55.73541666666537,20.910416666666514],[55.739583333332035,20.910416666666514]]}},{"type":"Feature","properties":{"HYRIV_ID":20896112,"NEXT_DOWN":20895722,"MAIN_RIV":20892432,"LENGTH_KM":6.8800001,"CATCH_SKM":18.459999,"DIS_AV_CMS":0.006,"ORD_STRA":2,"ORD_FLOW":9},"geometry":{"type":"LineString","coordinates":[[54.91874999999874,20.831249999999876],[54.914583333332075,20.83541666666654],[54.914583333332075,20.847916666666556],[54.89791666666545,20.847916666666556],[54.89374999999879,20.852083333333205],[54.89374999999879,20.868749999999885],[54.889583333332126,20.872916666666505]]}},{"type":"Feature","properties":{"HYRIV_ID":20896113,"NEXT_DOWN":20895683,"MAIN_RIV":20892432,"LENGTH_KM":5.6100001,"CATCH_SKM":22.07,"DIS_AV_CMS":0.0,"ORD_STRA":3,"ORD_FLOW":10},"geometry":{"type":"LineString","coordinates":[[55.03541666666541,20.831249999999876],[55.03541666666541,20.83541666666654],[55.039583333332075,20.839583333333188],[55.039583333332075,20.852083333333205],[55.04374999999874,20.856249999999868],[55.04374999999874,20.86041666666653],[55.0479166666654,20.864583333333194],[55.0479166666654,20.87708333333321]]}},{"type":"Feature","properties":{"HYRIV_ID":20896155,"NEXT_DOWN":20896113,"MAIN_RIV":20892432,"LENGTH_KM":1.38,"CATCH_SKM":11.84,"DIS_AV_CMS":0.0,"ORD_STRA":1,"ORD_FLOW":10},"geometry":{"type":"LineString","coordinates":[[55.02499999999878,20.824999999999896],[55.03124999999875,20.831249999999876],[55.03541666666541,20.831249999999876]]}},{"type":"Feature","properties":{"HYRIV_ID":20896156,"NEXT_DOWN":20896361,"MAIN_RIV":20887939,"LENGTH_KM":1.96,"CATCH_SKM":18.049999,"DIS_AV_CMS":0.0,"ORD_STRA":1,"ORD_FLOW":10},"geometry":{"type":"LineString","coordinates":[[55.4229166666654,20.84166666666652],[55.4229166666654,20.83541666666654],[55.43124999999873,20.827083333333213]]}},{"type":"Feature","properties":{"HYRIV_ID":20896157,"NEXT_DOWN":20896030,"MAIN_RIV":20887939,"LENGTH_KM":2.81,"CATCH_SKM":15.25,"DIS_AV_CMS":0.001,"ORD_STRA":1,"ORD_FLOW":9},"geometry":{"type":"LineString","coordinates":[[55.53333333333211,20.827083333333213],[55.522916666665395,20.827083333333213],[55.51458333333207,20.83541666666654],[55.51458333333207,20.839583333333188]]}},{"type":"Feature","properties":{"HYRIV_ID":20896207,"NEXT_DOWN":20896208,"MAIN_RIV":20892193,"LENGTH_KM":7.9,"CATCH_SKM":30.49,"DIS_AV_CMS":0.0,"ORD_STRA":2,"ORD_FLOW":10},"geometry":{"type":"LineString","coordinates":[[54.19791666666538,20.852083333333205],[54.202083333332126,20.847916666666556],[54.21041666666545,20.847916666666556],[54.214583333332115,20.84374999999985],[54.2354166666654,20.84374999999985],[54.24374999999873,20.83541666666654],[54.24791666666536,20.83541666666654],[54.260416666665435,20.822916666666522]]}},{"type":"Feature","properties":{"HYRIV_ID":20896208,"NEXT_DOWN":20896462,"MAIN_RIV":20892193,"LENGTH_KM":1.73,"CATCH_SKM":2.81,"DIS_AV_CMS":0.0,"ORD_STRA":3,"ORD_FLOW":10},"geometry":{"type":"LineString","coordinates":[[54.260416666665435,20.822916666666522],[54.27708333333206,20.822916666666522]]}},{"type":"Feature","properties":{"HYRIV_ID":20896209,"NEXT_DOWN":20896112,"MAIN_RIV":20892432,"LENGTH_KM":3.4,"CATCH_SKM":14.85,"DIS_AV_CMS":0.005,"ORD_STRA":2,"ORD_FLOW":9},"geometry":{"type":"LineString","coordinates":[[54.94374999999877,20.822916666666522],[54.93958333333211,20.827083333333213],[54.935416666665446,20.822916666666522],[54.927083333332035,20.831249999999876],[54.91874999999874,20.831249999999876]]}},{"type":"Feature","properties":{"HYRIV_ID":20896210,"NEXT_DOWN":20896209,"MAIN_RIV":20892432,"LENGTH_KM":1.52,"CATCH_SKM":16.25,"DIS_AV_CMS":0.001,"ORD_STRA":1,"ORD_FLOW":9},"geometry":{"type":"LineString","coordinates":[[54.958333333332064,20.822916666666522],[54.94374999999877,20.822916666666522]]}},{"type":"Feature","properties":{"HYRIV_ID":20896246,"NEXT_DOWN":20896462,"MAIN_RIV":20892193,"LENGTH_KM":0.69,"CATCH_SKM":11.84,"DIS_AV_CMS":0.0,"ORD_STRA":1,"ORD_FLOW":10},"geometry":{"type":"LineString","coordinates":[[54.27708333333206,20.816666666666528],[54.27708333333206,20.822916666666522]]}},{"type":"Feature","properties":{"HYRIV_ID":20896247,"NEXT_DOWN":20896112,"MAIN_RIV":20892432,"LENGTH_KM":2.05,"CATCH_SKM":16.66,"DIS_AV_CMS":0.001,"ORD_STRA":1,"ORD_FLOW":9},"geometry":{"type":"LineString","coordinates":[[54.90833333333208,20.816666666666528],[54.914583333332075,20.822916666666522],[54.914583333332075,20.827083333333213],[54.91874999999874,20.831249999999876]]}},{"type":"Feature","properties":{"HYRIV_ID":20896248,"NEXT_DOWN":20896113,"MAIN_RIV":20892432,"LENGTH_KM":1.39,"CATCH_SKM":1.6,"DIS_AV_CMS":0.0,"ORD_STRA":3,"ORD_FLOW":10},"geometry":{"type":"LineString","coordinates":[[55.03541666666541,20.81874999999986],[55.03541666666541,20.831249999999876]]}},{"type":"Feature","properties":{"HYRIV_ID":20896249,"NEXT_DOWN":20896321,"MAIN_RIV":20892432,"LENGTH_KM":2.55,"CATCH_SKM":17.450001,"DIS_AV_CMS":0.0,"ORD_STRA":1,"ORD_FLOW":10},"geometry":{"type":"LineString","coordinates":[[55.14166666666546,20.831249999999876],[55.13541666666538,20.831249999999876],[55.12291666666542,20.81874999999986]]}},{"type":"Feature","properties":{"HYRIV_ID":20896250,"NEXT_DOWN":20896361,"MAIN_RIV":20887939,"LENGTH_KM":2.45,"CATCH_SKM":22.870001,"DIS_AV_CMS":0.0,"ORD_STRA":1,"ORD_FLOW":10},"geometry":{"type":"LineString","coordinates":[[55.41249999999877,20.816666666666528],[55.41874999999877,20.822916666666522],[55.4229166666654,20.822916666666522],[55.427083333332064,20.827083333333213],[55.43124999999873,20.827083333333213]]}},{"type":"Feature","properties":{"HYRIV_ID":20896292,"NEXT_DOWN":20895957,"MAIN_RIV":20887939,"LENGTH_KM":8.2200003,"CATCH_SKM":32.509998,"DIS_AV_CMS":0.002,"ORD_STRA":1,"ORD_FLOW":9},"geometry":{"type":"LineString","coordinates":[[55.67499999999876,20.81249999999988],[55.68124999999873,20.81874999999986],[55.68958333333205,20.81874999999986],[55.69791666666538,20.827083333333213],[55.70208333333204,20.827083333333213],[55.706249999998704,20.822916666666522],[55.71041666666534,20.822916666666522],[55.72291666666541,20.83541666666654],[55.72291666666541,20.839583333333188],[55.73124999999874,20.847916666666556]]}},{"type":"Feature","properties":{"HYRIV_ID":20896319,"NEXT_DOWN":20895886,"MAIN_RIV":20892193,"LENGTH_KM":8.5699997,"CATCH_SKM":31.9,"DIS_AV_CMS":0.0,"ORD_STRA":6,"ORD_FLOW":10},"geometry":{"type":"LineString","coordinates":[[54.40208333333209,20.810416666666548],[54.40208333333209,20.81874999999986],[54.41041666666547,20.827083333333213],[54.42291666666546,20.827083333333213],[54.456249999998704,20.86041666666653]]}},{"type":"Feature","properties":{"HYRIV_ID":20896320,"NEXT_DOWN":20896248,"MAIN_RIV":20892432,"LENGTH_KM":8.1400003,"CATCH_SKM":24.879999,"DIS_AV_CMS":0.0,"ORD_STRA":2,"ORD_FLOW":10},"geometry":{"type":"LineString","coordinates":[[55.10208333333205,20.810416666666548],[55.08958333333206,20.822916666666522],[55.08124999999876,20.822916666666522],[55.0770833333321,20.827083333333213],[55.072916666665435,20.827083333333213],[55.06874999999877,20.822916666666522],[55.0479166666654,20.822916666666522],[55.04374999999874,20.81874999999986],[55.03541666666541,20.81874999999986]]}},{"type":"Feature","properties":{"HYRIV_ID":20896321,"NEXT_DOWN":20896320,"MAIN_RIV":20892432,"LENGTH_KM":2.57,"CATCH_SKM":6.4200001,"DIS_AV_CMS":0.0,"ORD_STRA":2,"ORD_FLOW":10},"geometry":{"type":"LineString","coordinates":[[55.12291666666542,20.81874999999986],[55.118749999998755,20.814583333333196],[55.11041666666543,20.814583333333196],[55.10624999999871,20.810416666666548],[55.10208333333205,20.810416666666548]]}},{"type":"Feature","properties":{"HYRIV_ID":20896322,"NEXT_DOWN":20896321,"MAIN_RIV":20892432,"LENGTH_KM":1.59,"CATCH_SKM":14.05,"DIS_AV_CMS":0.0,"ORD_STRA":1,"ORD_FLOW":10},"geometry":{"type":"LineString","coordinates":[[55.133333333332075,20.808333333333216],[55.12291666666542,20.81874999999986]]}},{"type":"Feature","properties":{"HYRIV_ID":20896323,"NEXT_DOWN":20896659,"MAIN_RIV":20897022,"LENGTH_KM":2.05,"CATCH_SKM":13.84,"DIS_AV_CMS":0.0,"ORD_STRA":1,"ORD_FLOW":10},"geometry":{"type":"LineString","coordinates":[[55.21249999999873,20.824999999999896],[55.222916666665384,20.814583333333196],[55.222916666665384,20.810416666666548]]}},{"type":"Feature","properties":{"HYRIV_ID":20896324,"NEXT_DOWN":20896659,"MAIN_RIV":20897022,"LENGTH_KM":4.62,"CATCH_SKM":36.91,"DIS_AV_CMS":0.0,"ORD_STRA":1,"ORD_FLOW":10},"geometry":{"type":"LineString","coordinates":[[55.25416666666541,20.833333333333208],[55.243749999998755,20.822916666666522],[55.23124999999871,20.822916666666522],[55.22708333333205,20.81874999999986],[55.22708333333205,20.814583333333196],[55.222916666665384,20.810416666666548]]}},{"type":"Feature","properties":{"HYRIV_ID":20896358,"NEXT_DOWN":20895612,"MAIN_RIV":20892432,"LENGTH_KM":12.3,"CATCH_SKM":37.119999,"DIS_AV_CMS":0.003,"ORD_STRA":2,"ORD_FLOW":9},"geometry":{"type":"LineString","coordinates":[[54.68958333333211,20.806249999999842],[54.67708333333212,20.81874999999986],[54.67708333333212,20.822916666666522],[54.68124999999878,20.827083333333213],[54.68124999999878,20.831249999999876],[54.67708333333212,20.83541666666654],[54.67291666666546,20.83541666666654],[54.668749999998795,20.831249999999876],[54.66458333333205,20.83541666666654],[54.66458333333205,20.839583333333188],[54.66041666666541,20.84374999999985],[54.66041666666541,20.868749999999885],[54.66458333333205,20.872916666666505],[54.66458333333205,20.88124999999986],[54.66041666666541,20.885416666666522],[54.65624999999875,20.885416666666522]]}},{"type":"Feature","properties":{"HYRIV_ID":20896359,"NEXT_DOWN":20896358,"MAIN_RIV":20892432,"LENGTH_KM":2.1500001,"CATCH_SKM":20.07,"DIS_AV_CMS":0.001,"ORD_STRA":1,"ORD_FLOW":9},"geometry":{"type":"LineString","coordinates":[[54.708333333332064,20.810416666666548],[54.69791666666541,20.810416666666548],[54.693749999998744,20.806249999999842],[54.68958333333211,20.806249999999842]]}},{"type":"Feature","properties":{"HYRIV_ID":20896360,"NEXT_DOWN":20896320,"MAIN_RIV":20892432,"LENGTH_KM":0.69,"CATCH_SKM":16.26,"DIS_AV_CMS":0.0,"ORD_STRA":1,"ORD_FLOW":10},"geometry":{"type":"LineString","coordinates":[[55.10208333333205,20.80416666666651],[55.10208333333205,20.810416666666548]]}},{"type":"Feature","properties":{"HYRIV_ID":20896361,"NEXT_DOWN":20896362,"MAIN_RIV":20887939,"LENGTH_KM":3.0,"CATCH_SKM":6.02,"DIS_AV_CMS":0.0,"ORD_STRA":2,"ORD_FLOW":10},"geometry":{"type":"LineString","coordinates":[[55.43124999999873,20.827083333333213],[55.43541666666539,20.822916666666522],[55.43541666666539,20.81874999999986],[55.44791666666535,20.806249999999842]]}},{"type":"Feature","properties":{"HYRIV_ID":20896362,"NEXT_DOWN":20896030,"MAIN_RIV":20887939,"LENGTH_KM":9.46,"CATCH_SKM":48.959999,"DIS_AV_CMS":0.0,"ORD_STRA":3,"ORD_FLOW":10},"geometry":{"type":"LineString","coordinates":[[55.44791666666535,20.806249999999842],[55.45624999999876,20.806249999999842],[55.460416666665424,20.810416666666548],[55.46874999999875,20.810416666666548],[55.48124999999871,20.822916666666522],[55.48541666666537,20.81874999999986],[55.50208333333208,20.81874999999986],[55.50208333333208,20.822916666666522],[55.506249999998744,20.827083333333213],[55.506249999998744,20.831249999999876],[55.51458333333207,20.839583333333188]]}},{"type":"Feature","properties":{"HYRIV_ID":20896421,"NEXT_DOWN":20896422,"MAIN_RIV":20892193,"LENGTH_KM":3.03,"CATCH_SKM":11.64,"DIS_AV_CMS":0.0,"ORD_STRA":4,"ORD_FLOW":10},"geometry":{"type":"LineString","coordinates":[[54.352083333332075,20.79791666666653],[54.38124999999877,20.79791666666653]]}},{"type":"Feature","properties":{"HYRIV_ID":20896422,"NEXT_DOWN":20896319,"MAIN_RIV":20892193,"LENGTH_KM":2.77,"CATCH_SKM":4.62,"DIS_AV_CMS":0.0,"ORD_STRA":4,"ORD_FLOW":10},"geometry":{"type":"LineString","coordinates":[[54.38124999999877,20.79791666666653],[54.385416666665435,20.80208333333318],[54.3895833333321,20.80208333333318],[54.397916666665424,20.810416666666548],[54.40208333333209,20.810416666666548]]}},{"type":"Feature","properties":{"HYRIV_ID":20896462,"NEXT_DOWN":20896421,"MAIN_RIV":20892193,"LENGTH_KM":10.07,"CATCH_SKM":32.509998,"DIS_AV_CMS":0.0,"ORD_STRA":3,"ORD_FLOW":10},"geometry":{"type":"LineString","coordinates":[[54.27708333333206,20.822916666666522],[54.28124999999872,20.822916666666522],[54.28541666666547,20.81874999999986],[54.293749999998795,20.81874999999986],[54.30208333333209,20.810416666666548],[54.31041666666542,20.810416666666548],[54.318749999998744,20.80208333333318],[54.318749999998744,20.79791666666653],[54.32291666666541,20.793749999999868],[54.33541666666545,20.793749999999868],[54.339583333332115,20.79791666666653],[54.34374999999878,20.79791666666653],[54.34791666666544,20.793749999999868],[54.352083333332075,20.79791666666653]]}},{"type":"Feature","properties":{"HYRIV_ID":20896463,"NEXT_DOWN":20895912,"MAIN_RIV":20892432,"LENGTH_KM":9.1599998,"CATCH_SKM":25.68,"DIS_AV_CMS":0.003,"ORD_STRA":2,"ORD_FLOW":9},"geometry":{"type":"LineString","coordinates":[[54.59374999999878,20.793749999999868],[54.59791666666544,20.79791666666653],[54.59791666666544,20.810416666666548],[54.602083333332104,20.814583333333196],[54.602083333332104,20.847916666666556],[54.60624999999877,20.852083333333205],[54.62708333333205,20.852083333333205]]}},{"type":"Feature","properties":{"HYRIV_ID":20896464,"NEXT_DOWN":20896358,"MAIN_RIV":20892432,"LENGTH_KM":1.88,"CATCH_SKM":15.05,"DIS_AV_CMS":0.001,"ORD_STRA":1,"ORD_FLOW":9},"geometry":{"type":"LineString","coordinates":[[54.683333333332115,20.791666666666536],[54.68958333333211,20.79791666666653],[54.68958333333211,20.806249999999842]]}},{"type":"Feature","properties":{"HYRIV_ID":20896465,"NEXT_DOWN":20896209,"MAIN_RIV":20892432,"LENGTH_KM":3.58,"CATCH_SKM":13.04,"DIS_AV_CMS":0.004,"ORD_STRA":2,"ORD_FLOW":9},"geometry":{"type":"LineString","coordinates":[[54.95208333333207,20.793749999999868],[54.95208333333207,20.79791666666653],[54.947916666665435,20.80208333333318],[54.947916666665435,20.81874999999986],[54.94374999999877,20.822916666666522]]}},{"type":"Feature","properties":{"HYRIV_ID":20896466,"NEXT_DOWN":20896467,"MAIN_RIV":20887939,"LENGTH_KM":0.95,"CATCH_SKM":11.64,"DIS_AV_CMS":0.0,"ORD_STRA":1,"ORD_FLOW":10},"geometry":{"type":"LineString","coordinates":[[55.43749999999872,20.799999999999848],[55.443749999998715,20.793749999999868]]}},{"type":"Feature","properties":{"HYRIV_ID":20896467,"NEXT_DOWN":20896362,"MAIN_RIV":20887939,"LENGTH_KM":1.56,"CATCH_SKM":3.21,"DIS_AV_CMS":0.0,"ORD_STRA":2,"ORD_FLOW":10},"geometry":{"type":"LineString","coordinates":[[55.443749999998715,20.793749999999868],[55.44791666666535,20.79791666666653],[55.44791666666535,20.806249999999842]]}},{"type":"Feature","properties":{"HYRIV_ID":20896510,"NEXT_DOWN":20896788,"MAIN_RIV":20892193,"LENGTH_KM":7.3,"CATCH_SKM":18.66,"DIS_AV_CMS":0.0,"ORD_STRA":2,"ORD_FLOW":10},"geometry":{"type":"LineString","coordinates":[[53.99374999999878,20.79791666666653],[54.00208333333211,20.79791666666653],[54.00624999999877,20.793749999999868],[54.010416666665435,20.793749999999868],[54.01458333333207,20.79791666666653],[54.02708333333214,20.79791666666653],[54.031249999998806,20.793749999999868],[54.039583333332104,20.793749999999868],[54.04374999999877,20.789583333333205],[54.056249999998755,20.789583333333205]]}},{"type":"Feature","properties":{"HYRIV_ID":20896511,"NEXT_DOWN":20896788,"MAIN_RIV":20892193,"LENGTH_KM":39.57,"CATCH_SKM":99.889999,"DIS_AV_CMS":0.0,"ORD_STRA":2,"ORD_FLOW":10},"geometry":{"type":"LineString","coordinates":[[53.76041666666541,20.910416666666514],[53.76874999999873,20.910416666666514],[53.777083333332115,20.902083333333202],[53.777083333332115,20.89791666666654],[53.78541666666544,20.89791666666654],[53.79374999999877,20.90624999999985],[53.79791666666543,20.90624999999985],[53.80208333333209,20.910416666666514],[53.810416666665475,20.910416666666514],[53.82291666666546,20.89791666666654],[53.827083333332126,20.89791666666654],[53.83124999999876,20.893749999999876],[53.84791666666541,20.893749999999876],[53.852083333332075,20.889583333333228],[53.85624999999871,20.889583333333228],[53.86874999999878,20.87708333333321],[53.87708333333211,20.87708333333321],[53.88541666666541,20.868749999999885],[53.89374999999873,20.868749999999885],[53.897916666665395,20.864583333333194],[53.90208333333214,20.864583333333194],[53.906249999998806,20.86041666666653],[53.92291666666543,20.86041666666653],[53.93958333333205,20.84374999999985],[53.960416666665424,20.84374999999985],[53.96458333333209,20.839583333333188],[53.96874999999875,20.839583333333188],[53.97291666666541,20.83541666666654],[53.977083333332075,20.839583333333188],[53.98124999999874,20.839583333333188],[53.989583333332035,20.831249999999876],[54.00624999999877,20.831249999999876],[54.010416666665435,20.827083333333213],[54.01458333333207,20.827083333333213],[54.022916666665395,20.81874999999986],[54.031249999998806,20.81874999999986],[54.03541666666547,20.814583333333196],[54.039583333332104,20.814583333333196],[54.04374999999877,20.810416666666548],[54.04791666666543,20.810416666666548],[54.056249999998755,20.80208333333318],[54.056249999998755,20.79791666666653],[54.06041666666542,20.793749999999868],[54.056249999998755,20.789583333333205]]}},{"type":"Feature","properties":{"HYRIV_ID":20896512,"NEXT_DOWN":20896513,"MAIN_RIV":20892193,"LENGTH_KM":54.450001,"CATCH_SKM":164.88,"DIS_AV_CMS":0.0,"ORD_STRA":1,"ORD_FLOW":10},"geometry":{"type":"LineString","coordinates":[[53.77499999999881,20.927083333333194],[53.79374999999877,20.927083333333194],[53.79791666666543,20.92291666666653],[53.810416666665475,20.92291666666653],[53.81458333333214,20.927083333333194],[53.8187499999988,20.92291666666653],[53.82291666666546,20.92291666666653],[53.827083333332126,20.927083333333194],[53.835416666665424,20.927083333333194],[53.84791666666541,20.91458333333322],[53.85624999999871,20.91458333333322],[53.86041666666537,20.910416666666514],[53.87708333333211,20.910416666666514],[53.88124999999877,20.90624999999985],[53.88124999999877,20.902083333333202],[53.88541666666541,20.89791666666654],[53.88958333333207,20.89791666666654],[53.90208333333214,20.885416666666522],[53.906249999998806,20.889583333333228],[53.914583333332104,20.889583333333228],[53.91874999999877,20.885416666666522],[53.92291666666543,20.885416666666522],[53.92708333333209,20.88124999999986],[53.9437499999988,20.88124999999986],[53.94791666666546,20.87708333333321],[53.960416666665424,20.87708333333321],[53.96458333333209,20.872916666666505],[53.98124999999874,20.872916666666505],[53.9854166666654,20.868749999999885],[53.99374999999878,20.868749999999885],[54.00208333333211,20.86041666666653],[54.00624999999877,20.86041666666653],[54.010416666665435,20.856249999999868],[54.01458333333207,20.856249999999868],[54.01874999999873,20.852083333333205],[54.03541666666547,20.852083333333205],[54.04374999999877,20.84374999999985],[54.06458333333205,20.84374999999985],[54.08124999999879,20.827083333333213],[54.089583333332115,20.827083333333213],[54.09374999999875,20.822916666666522],[54.09791666666541,20.822916666666522],[54.10624999999874,20.814583333333196],[54.10624999999874,20.806249999999842],[54.1104166666654,20.80208333333318],[54.122916666665446,20.80208333333318],[54.12708333333211,20.79791666666653],[54.13124999999877,20.79791666666653],[54.135416666665435,20.80208333333318],[54.1395833333321,20.80208333333318],[54.14374999999873,20.806249999999842],[54.15208333333206,20.806249999999842],[54.156249999998806,20.810416666666548],[54.16458333333213,20.810416666666548],[54.16874999999877,20.814583333333196],[54.17708333333209,20.814583333333196],[54.19791666666538,20.793749999999868],[54.19791666666538,20.789583333333205]]}},{"type":"Feature","properties":{"HYRIV_ID":20896513,"NEXT_DOWN":20896208,"MAIN_RIV":20892193,"LENGTH_KM":8.1099997,"CATCH_SKM":29.3,"DIS_AV_CMS":0.0,"ORD_STRA":3,"ORD_FLOW":10},"geometry":{"type":"LineString","coordinates":[[54.19791666666538,20.789583333333205],[54.22291666666541,20.789583333333205],[54.227083333332075,20.793749999999868],[54.23124999999874,20.793749999999868],[54.260416666665435,20.822916666666522]]}},{"type":"Feature","properties":{"HYRIV_ID":20896577,"NEXT_DOWN":20896422,"MAIN_RIV":20892193,"LENGTH_KM":2.51,"CATCH_SKM":14.05,"DIS_AV_CMS":0.0,"ORD_STRA":1,"ORD_FLOW":10},"geometry":{"type":"LineString","coordinates":[[54.37083333333206,20.77916666666652],[54.38124999999877,20.789583333333205],[54.38124999999877,20.79791666666653]]}},{"type":"Feature","properties":{"HYRIV_ID":20896578,"NEXT_DOWN":20895461,"MAIN_RIV":20892432,"LENGTH_KM":22.639999,"CATCH_SKM":119.78,"DIS_AV_CMS":0.005,"ORD_STRA":1,"ORD_FLOW":9},"geometry":{"type":"LineString","coordinates":[[54.79374999999874,20.77916666666652],[54.79374999999874,20.806249999999842],[54.79791666666537,20.810416666666548],[54.79791666666537,20.81874999999986],[54.79374999999874,20.822916666666522],[54.789583333332075,20.822916666666522],[54.77708333333209,20.83541666666654],[54.764583333332126,20.83541666666654],[54.756249999998715,20.827083333333213],[54.74374999999873,20.827083333333213],[54.73958333333209,20.822916666666522],[54.73541666666543,20.827083333333213],[54.73124999999877,20.827083333333213],[54.71874999999869,20.839583333333188],[54.71874999999869,20.88124999999986],[54.73124999999877,20.893749999999876],[54.73124999999877,20.89791666666654],[54.73541666666543,20.902083333333202]]}},{"type":"Feature","properties":{"HYRIV_ID":20896579,"NEXT_DOWN":20896465,"MAIN_RIV":20892432,"LENGTH_KM":1.79,"CATCH_SKM":12.64,"DIS_AV_CMS":0.001,"ORD_STRA":1,"ORD_FLOW":9},"geometry":{"type":"LineString","coordinates":[[54.947916666665435,20.77916666666652],[54.947916666665435,20.789583333333205],[54.95208333333207,20.793749999999868]]}},{"type":"Feature","properties":{"HYRIV_ID":20896619,"NEXT_DOWN":20895610,"MAIN_RIV":20892193,"LENGTH_KM":14.9,"CATCH_SKM":52.970001,"DIS_AV_CMS":0.0,"ORD_STRA":2,"ORD_FLOW":10},"geometry":{"type":"LineString","coordinates":[[54.522916666665424,20.777083333333188],[54.52708333333209,20.78124999999985],[54.52708333333209,20.785416666666556],[54.55624999999878,20.814583333333196],[54.55624999999878,20.822916666666522],[54.54791666666546,20.831249999999876],[54.54791666666546,20.856249999999868],[54.53958333333205,20.864583333333194],[54.53958333333205,20.868749999999885],[54.54791666666546,20.87708333333321],[54.54791666666546,20.889583333333228]]}},{"type":"Feature","properties":{"HYRIV_ID":20896620,"NEXT_DOWN":20896463,"MAIN_RIV":20892432,"LENGTH_KM":3.72,"CATCH_SKM":21.27,"DIS_AV_CMS":0.001,"ORD_STRA":1,"ORD_FLOW":9},"geometry":{"type":"LineString","coordinates":[[54.56666666666541,20.774999999999856],[54.58124999999873,20.789583333333205],[54.585416666665395,20.789583333333205],[54.58958333333203,20.793749999999868],[54.59374999999878,20.793749999999868]]}},{"type":"Feature","properties":{"HYRIV_ID":20896621,"NEXT_DOWN":20896248,"MAIN_RIV":20892432,"LENGTH_KM":4.8,"CATCH_SKM":25.690001,"DIS_AV_CMS":0.0,"ORD_STRA":2,"ORD_FLOW":10},"geometry":{"type":"LineString","coordinates":[[55.03124999999875,20.777083333333188],[55.03124999999875,20.80208333333318],[55.03541666666541,20.806249999999842],[55.03541666666541,20.81874999999986]]}},{"type":"Feature","properties":{"HYRIV_ID":20896622,"NEXT_DOWN":20896467,"MAIN_RIV":20887939,"LENGTH_KM":2.51,"CATCH_SKM":13.65,"DIS_AV_CMS":0.0,"ORD_STRA":1,"ORD_FLOW":10},"geometry":{"type":"LineString","coordinates":[[55.44583333333205,20.774999999999856],[55.43958333333205,20.78124999999985],[55.43958333333205,20.789583333333205],[55.443749999998715,20.793749999999868]]}},{"type":"Feature","properties":{"HYRIV_ID":20896654,"NEXT_DOWN":20896655,"MAIN_RIV":20892193,"LENGTH_KM":1.08,"CATCH_SKM":12.44,"DIS_AV_CMS":0.0,"ORD_STRA":1,"ORD_FLOW":10},"geometry":{"type":"LineString","coordinates":[[54.17499999999876,20.77291666666654],[54.18541666666542,20.77291666666654]]}},{"type":"Feature","properties":{"HYRIV_ID":20896655,"NEXT_DOWN":20896513,"MAIN_RIV":20892193,"LENGTH_KM":2.37,"CATCH_SKM":11.64,"DIS_AV_CMS":0.0,"ORD_STRA":3,"ORD_FLOW":10},"geometry":{"type":"LineString","coordinates":[[54.18541666666542,20.77291666666654],[54.193749999998744,20.78124999999985],[54.193749999998744,20.785416666666556],[54.19791666666538,20.789583333333205]]}},{"type":"Feature","properties":{"HYRIV_ID":20896656,"NEXT_DOWN":20896619,"MAIN_RIV":20892193,"LENGTH_KM":0.46,"CATCH_SKM":1.0,"DIS_AV_CMS":0.007,"ORD_STRA":2,"ORD_FLOW":9},"geometry":{"type":"LineString","coordinates":[[54.522916666665424,20.77291666666654],[54.522916666665424,20.777083333333188]]}},{"type":"Feature","properties":{"HYRIV_ID":20896657,"NEXT_DOWN":20895721,"MAIN_RIV":20892432,"LENGTH_KM":14.36,"CATCH_SKM":68.629997,"DIS_AV_CMS":0.004,"ORD_STRA":1,"ORD_FLOW":9},"geometry":{"type":"LineString","coordinates":[[54.847916666665355,20.770833333333208],[54.847916666665355,20.777083333333188],[54.86041666666543,20.789583333333205],[54.86041666666543,20.79791666666653],[54.85624999999877,20.80208333333318],[54.85208333333202,20.80208333333318],[54.847916666665355,20.806249999999842],[54.83958333333206,20.806249999999842],[54.83958333333206,20.810416666666548],[54.84374999999872,20.814583333333196],[54.84374999999872,20.81874999999986],[54.847916666665355,20.822916666666522],[54.847916666665355,20.831249999999876],[54.84374999999872,20.83541666666654],[54.84374999999872,20.847916666666556],[54.847916666665355,20.852083333333205],[54.847916666665355,20.86041666666653],[54.85208333333202,20.864583333333194],[54.85208333333202,20.872916666666505]]}},{"type":"Feature","properties":{"HYRIV_ID":20896658,"NEXT_DOWN":20896893,"MAIN_RIV":20897022,"LENGTH_KM":2.6800001,"CATCH_SKM":17.860001,"DIS_AV_CMS":0.0,"ORD_STRA":1,"ORD_FLOW":10},"geometry":{"type":"LineString","coordinates":[[55.191666666665355,20.791666666666536],[55.2020833333321,20.78124999999985],[55.2020833333321,20.777083333333188],[55.20624999999876,20.77291666666654]]}},{"type":"Feature","properties":{"HYRIV_ID":20896659,"NEXT_DOWN":20896893,"MAIN_RIV":20897022,"LENGTH_KM":5.2,"CATCH_SKM":24.879999,"DIS_AV_CMS":0.0,"ORD_STRA":2,"ORD_FLOW":10},"geometry":{"type":"LineString","coordinates":[[55.222916666665384,20.810416666666548],[55.222916666665384,20.80208333333318],[55.22708333333205,20.79791666666653],[55.22708333333205,20.793749999999868],[55.20624999999876,20.77291666666654]]}},{"type":"Feature","properties":{"HYRIV_ID":20896660,"NEXT_DOWN":20896424,"MAIN_RIV":20887939,"LENGTH_KM":9.3199997,"CATCH_SKM":39.130001,"DIS_AV_CMS":0.003,"ORD_STRA":1,"ORD_FLOW":9},"geometry":{"type":"LineString","coordinates":[[55.6708333333321,20.770833333333208],[55.67708333333209,20.777083333333188],[55.68958333333205,20.777083333333188],[55.69791666666538,20.785416666666556],[55.71874999999875,20.785416666666556],[55.73124999999874,20.79791666666653],[55.747916666665446,20.79791666666653]]}},{"type":"Feature","properties":{"HYRIV_ID":20896696,"NEXT_DOWN":20896619,"MAIN_RIV":20892193,"LENGTH_KM":8.08,"CATCH_SKM":34.119999,"DIS_AV_CMS":0.001,"ORD_STRA":1,"ORD_FLOW":9},"geometry":{"type":"LineString","coordinates":[[54.466666666665446,20.766666666666545],[54.477083333332104,20.777083333333188],[54.48124999999877,20.777083333333188],[54.489583333332064,20.785416666666556],[54.49374999999873,20.785416666666556],[54.49791666666539,20.78124999999985],[54.49791666666539,20.777083333333188],[54.50208333333205,20.777083333333188],[54.5062499999988,20.78124999999985],[54.522916666665424,20.78124999999985],[54.522916666665424,20.777083333333188]]}},{"type":"Feature","properties":{"HYRIV_ID":20896697,"NEXT_DOWN":20896465,"MAIN_RIV":20892432,"LENGTH_KM":5.6799998,"CATCH_SKM":31.51,"DIS_AV_CMS":0.002,"ORD_STRA":1,"ORD_FLOW":9},"geometry":{"type":"LineString","coordinates":[[54.991666666665424,20.766666666666545],[54.98541666666543,20.77291666666654],[54.98541666666543,20.777083333333188],[54.98124999999877,20.777083333333188],[54.972916666665384,20.785416666666556],[54.96458333333206,20.785416666666556],[54.960416666665395,20.789583333333205],[54.95624999999873,20.789583333333205],[54.95208333333207,20.793749999999868]]}},{"type":"Feature","properties":{"HYRIV_ID":20896698,"NEXT_DOWN":20896855,"MAIN_RIV":20897022,"LENGTH_KM":1.59,"CATCH_SKM":14.25,"DIS_AV_CMS":0.0,"ORD_STRA":1,"ORD_FLOW":10},"geometry":{"type":"LineString","coordinates":[[55.29999999999873,20.77916666666652],[55.289583333332104,20.768749999999876]]}},{"type":"Feature","properties":{"HYRIV_ID":20896699,"NEXT_DOWN":20896067,"MAIN_RIV":20887939,"LENGTH_KM":12.06,"CATCH_SKM":72.040001,"DIS_AV_CMS":0.0,"ORD_STRA":3,"ORD_FLOW":10},"geometry":{"type":"LineString","coordinates":[[55.56041666666539,20.768749999999876],[55.56041666666539,20.77291666666654],[55.56458333333205,20.777083333333188],[55.568749999998715,20.777083333333188],[55.57291666666538,20.78124999999985],[55.57708333333204,20.78124999999985],[55.585416666665424,20.789583333333205],[55.58958333333209,20.789583333333205],[55.59374999999875,20.793749999999868],[55.59791666666541,20.793749999999868],[55.602083333332075,20.79791666666653],[55.61041666666537,20.79791666666653],[55.62708333333211,20.814583333333196],[55.62708333333211,20.81874999999986],[55.631249999998744,20.822916666666522],[55.631249999998744,20.827083333333213],[55.63541666666541,20.831249999999876],[55.63541666666541,20.83541666666654]]}},{"type":"Feature","properties":{"HYRIV_ID":20896761,"NEXT_DOWN":20896463,"MAIN_RIV":20892432,"LENGTH_KM":4.8800001,"CATCH_SKM":22.879999,"DIS_AV_CMS":0.001,"ORD_STRA":1,"ORD_FLOW":9},"geometry":{"type":"LineString","coordinates":[[54.59999999999877,20.758333333333233],[54.58958333333203,20.768749999999876],[54.58958333333203,20.777083333333188],[54.59374999999878,20.78124999999985],[54.59374999999878,20.785416666666556],[54.59791666666544,20.789583333333205],[54.59374999999878,20.793749999999868]]}},{"type":"Feature","properties":{"HYRIV_ID":20896762,"NEXT_DOWN":20896894,"MAIN_RIV":20897022,"LENGTH_KM":13.28,"CATCH_SKM":48.360001,"DIS_AV_CMS":0.0,"ORD_STRA":1,"ORD_FLOW":10},"geometry":{"type":"LineString","coordinates":[[55.32083333333202,20.808333333333216],[55.31458333333205,20.80208333333318],[55.31458333333205,20.79791666666653],[55.31041666666539,20.79791666666653],[55.30624999999873,20.80208333333318],[55.302083333332064,20.80208333333318],[55.2979166666654,20.806249999999842],[55.289583333332104,20.806249999999842],[55.268749999998704,20.785416666666556],[55.27291666666545,20.78124999999985],[55.27291666666545,20.768749999999876],[55.268749999998704,20.764583333333213],[55.26458333333204,20.764583333333213],[55.26041666666541,20.768749999999876],[55.25208333333208,20.768749999999876],[55.24791666666542,20.764583333333213],[55.24791666666542,20.76041666666655]]}},{"type":"Feature","properties":{"HYRIV_ID":20896788,"NEXT_DOWN":20896888,"MAIN_RIV":20892193,"LENGTH_KM":10.56,"CATCH_SKM":26.690001,"DIS_AV_CMS":0.0,"ORD_STRA":3,"ORD_FLOW":10},"geometry":{"type":"LineString","coordinates":[[54.056249999998755,20.789583333333205],[54.06458333333205,20.78124999999985],[54.077083333332126,20.78124999999985],[54.08124999999879,20.785416666666556],[54.08541666666545,20.785416666666556],[54.089583333332115,20.78124999999985],[54.09374999999875,20.78124999999985],[54.102083333332075,20.77291666666654],[54.10624999999874,20.77291666666654],[54.1104166666654,20.777083333333188],[54.114583333332064,20.77291666666654],[54.122916666665446,20.77291666666654],[54.12708333333211,20.768749999999876],[54.12708333333211,20.75625]]}},{"type":"Feature","properties":{"HYRIV_ID":20896789,"NEXT_DOWN":20896621,"MAIN_RIV":20892432,"LENGTH_KM":2.6600001,"CATCH_SKM":7.6300001,"DIS_AV_CMS":0.0,"ORD_STRA":2,"ORD_FLOW":10},"geometry":{"type":"LineString","coordinates":[[55.02291666666545,20.75625],[55.02291666666545,20.764583333333213],[55.027083333332115,20.768749999999876],[55.027083333332115,20.77291666666654],[55.03124999999875,20.777083333333188]]}},{"type":"Feature","properties":{"HYRIV_ID":20896790,"NEXT_DOWN":20896791,"MAIN_RIV":20887939,"LENGTH_KM":3.48,"CATCH_SKM":24.08,"DIS_AV_CMS":0.001,"ORD_STRA":1,"ORD_FLOW":9},"geometry":{"type":"LineString","coordinates":[[55.495833333332115,20.764583333333213],[55.51874999999873,20.764583333333213],[55.522916666665395,20.76041666666655],[55.522916666665395,20.75625]]}},{"type":"Feature","properties":{"HYRIV_ID":20896791,"NEXT_DOWN":20896699,"MAIN_RIV":20887939,"LENGTH_KM":4.9,"CATCH_SKM":13.45,"DIS_AV_CMS":0.0,"ORD_STRA":2,"ORD_FLOW":10},"geometry":{"type":"LineString","coordinates":[[55.522916666665395,20.75625],[55.52708333333203,20.76041666666655],[55.53541666666544,20.76041666666655],[55.539583333332104,20.75625],[55.54374999999877,20.75625],[55.55624999999873,20.768749999999876],[55.56041666666539,20.768749999999876]]}},{"type":"Feature","properties":{"HYRIV_ID":20896819,"NEXT_DOWN":20896621,"MAIN_RIV":20892432,"LENGTH_KM":5.6799998,"CATCH_SKM":32.720001,"DIS_AV_CMS":0.0,"ORD_STRA":1,"ORD_FLOW":10},"geometry":{"type":"LineString","coordinates":[[55.070833333332104,20.749999999999865],[55.0562499999987,20.764583333333213],[55.0479166666654,20.764583333333213],[55.04374999999874,20.768749999999876],[55.04374999999874,20.77291666666654],[55.039583333332075,20.777083333333188],[55.03124999999875,20.777083333333188]]}},{"type":"Feature","properties":{"HYRIV_ID":20896852,"NEXT_DOWN":20896888,"MAIN_RIV":20892193,"LENGTH_KM":9.96,"CATCH_SKM":36.330002,"DIS_AV_CMS":0.001,"ORD_STRA":1,"ORD_FLOW":9},"geometry":{"type":"LineString","coordinates":[[54.0458333333321,20.762499999999882],[54.05208333333209,20.75625],[54.07291666666546,20.75625],[54.08124999999879,20.747916666666534],[54.08541666666545,20.752083333333196],[54.089583333332115,20.747916666666534],[54.09374999999875,20.747916666666534],[54.09791666666541,20.752083333333196],[54.122916666665446,20.752083333333196],[54.12708333333211,20.75625]]}},{"type":"Feature","properties":{"HYRIV_ID":20896853,"NEXT_DOWN":20896789,"MAIN_RIV":20892432,"LENGTH_KM":3.12,"CATCH_SKM":14.65,"DIS_AV_CMS":0.0,"ORD_STRA":1,"ORD_FLOW":10},"geometry":{"type":"LineString","coordinates":[[55.04166666666541,20.745833333333216],[55.03541666666541,20.752083333333196],[55.03124999999875,20.752083333333196],[55.027083333332115,20.747916666666534],[55.02291666666545,20.752083333333196],[55.02291666666545,20.75625]]}},{"type":"Feature","properties":{"HYRIV_ID":20896854,"NEXT_DOWN":20896894,"MAIN_RIV":20897022,"LENGTH_KM":2.6,"CATCH_SKM":4.0100002,"DIS_AV_CMS":0.0,"ORD_STRA":3,"ORD_FLOW":10},"geometry":{"type":"LineString","coordinates":[[55.26458333333204,20.747916666666534],[55.26458333333204,20.752083333333196],[55.256249999998744,20.76041666666655],[55.24791666666542,20.76041666666655]]}},{"type":"Feature","properties":{"HYRIV_ID":20896855,"NEXT_DOWN":20896854,"MAIN_RIV":20897022,"LENGTH_KM":3.87,"CATCH_SKM":7.6300001,"DIS_AV_CMS":0.0,"ORD_STRA":2,"ORD_FLOW":10},"geometry":{"type":"LineString","coordinates":[[55.289583333332104,20.768749999999876],[55.28541666666544,20.764583333333213],[55.28541666666544,20.76041666666655],[55.277083333332115,20.752083333333196],[55.27291666666545,20.752083333333196],[55.268749999998704,20.747916666666534],[55.26458333333204,20.747916666666534]]}},{"type":"Feature","properties":{"HYRIV_ID":20896856,"NEXT_DOWN":20896699,"MAIN_RIV":20887939,"LENGTH_KM":4.73,"CATCH_SKM":20.27,"DIS_AV_CMS":0.008,"ORD_STRA":2,"ORD_FLOW":9},"geometry":{"type":"LineString","coordinates":[[55.59374999999875,20.747916666666534],[55.58958333333209,20.752083333333196],[55.585416666665424,20.752083333333196],[55.57708333333204,20.76041666666655],[55.56458333333205,20.76041666666655],[55.56041666666539,20.764583333333213],[55.56041666666539,20.768749999999876]]}},{"type":"Feature","properties":{"HYRIV_ID":20896857,"NEXT_DOWN":20896856,"MAIN_RIV":20887939,"LENGTH_KM":3.58,"CATCH_SKM":21.27,"DIS_AV_CMS":0.002,"ORD_STRA":1,"ORD_FLOW":9},"geometry":{"type":"LineString","coordinates":[[55.612499999998704,20.770833333333208],[55.60624999999871,20.764583333333213],[55.60624999999871,20.76041666666655],[55.602083333332075,20.75625],[55.602083333332075,20.752083333333196],[55.59791666666541,20.747916666666534],[55.59374999999875,20.747916666666534]]}},{"type":"Feature","properties":{"HYRIV_ID":20896888,"NEXT_DOWN":20896655,"MAIN_RIV":20892193,"LENGTH_KM":8.8599997,"CATCH_SKM":37.740002,"DIS_AV_CMS":0.0,"ORD_STRA":3,"ORD_FLOW":10},"geometry":{"type":"LineString","coordinates":[[54.12708333333211,20.75625],[54.13124999999877,20.752083333333196],[54.135416666665435,20.752083333333196],[54.14374999999873,20.743749999999885],[54.15208333333206,20.743749999999885],[54.16458333333213,20.75625],[54.181249999998755,20.75625],[54.18541666666542,20.76041666666655],[54.18541666666542,20.77291666666654]]}},{"type":"Feature","properties":{"HYRIV_ID":20896889,"NEXT_DOWN":20896890,"MAIN_RIV":20892193,"LENGTH_KM":5.14,"CATCH_SKM":25.290001,"DIS_AV_CMS":0.001,"ORD_STRA":1,"ORD_FLOW":9},"geometry":{"type":"LineString","coordinates":[[54.27083333333209,20.766666666666545],[54.27708333333206,20.77291666666654],[54.28124999999872,20.77291666666654],[54.28541666666547,20.768749999999876],[54.28541666666547,20.76041666666655],[54.293749999998795,20.752083333333196],[54.293749999998795,20.743749999999885]]}},{"type":"Feature","properties":{"HYRIV_ID":20896890,"NEXT_DOWN":20896421,"MAIN_RIV":20892193,"LENGTH_KM":9.2,"CATCH_SKM":45.16,"DIS_AV_CMS":0.0,"ORD_STRA":4,"ORD_FLOW":10},"geometry":{"type":"LineString","coordinates":[[54.293749999998795,20.743749999999885],[54.29791666666546,20.747916666666534],[54.306249999998755,20.747916666666534],[54.318749999998744,20.76041666666655],[54.32291666666541,20.76041666666655],[54.331249999998704,20.768749999999876],[54.331249999998704,20.77291666666654],[54.352083333332075,20.793749999999868],[54.352083333332075,20.79791666666653]]}},{"type":"Feature","properties":{"HYRIV_ID":20896891,"NEXT_DOWN":20895912,"MAIN_RIV":20892432,"LENGTH_KM":16.32,"CATCH_SKM":49.77,"DIS_AV_CMS":0.0,"ORD_STRA":4,"ORD_FLOW":10},"geometry":{"type":"LineString","coordinates":[[54.67291666666546,20.743749999999885],[54.67291666666546,20.752083333333196],[54.668749999998795,20.75625],[54.668749999998795,20.76041666666655],[54.66458333333205,20.764583333333213],[54.66458333333205,20.768749999999876],[54.66041666666541,20.77291666666654],[54.65624999999875,20.77291666666654],[54.65208333333209,20.768749999999876],[54.647916666665424,20.768749999999876],[54.64374999999876,20.77291666666654],[54.6395833333321,20.77291666666654],[54.6395833333321,20.785416666666556],[54.62708333333205,20.79791666666653],[54.62708333333205,20.80208333333318],[54.61874999999873,20.810416666666548],[54.62291666666539,20.814583333333196],[54.62291666666539,20.847916666666556],[54.62708333333205,20.852083333333205]]}},{"type":"Feature","properties":{"HYRIV_ID":20896892,"NEXT_DOWN":20896789,"MAIN_RIV":20892432,"LENGTH_KM":1.79,"CATCH_SKM":18.870001,"DIS_AV_CMS":0.0,"ORD_STRA":1,"ORD_FLOW":10},"geometry":{"type":"LineString","coordinates":[[55.01874999999879,20.741666666666553],[55.01874999999879,20.752083333333196],[55.02291666666545,20.75625]]}},{"type":"Feature","properties":{"HYRIV_ID":20896893,"NEXT_DOWN":20897022,"MAIN_RIV":20897022,"LENGTH_KM":3.76,"CATCH_SKM":6.8200002,"DIS_AV_CMS":0.0,"ORD_STRA":2,"ORD_FLOW":10},"geometry":{"type":"LineString","coordinates":[[55.20624999999876,20.77291666666654],[55.20624999999876,20.764583333333213],[55.210416666665424,20.76041666666655],[55.210416666665424,20.75625],[55.21874999999872,20.747916666666534],[55.21874999999872,20.743749999999885]]}},{"type":"Feature","properties":{"HYRIV_ID":20896894,"NEXT_DOWN":20897022,"MAIN_RIV":20897022,"LENGTH_KM":3.84,"CATCH_SKM":7.4299998,"DIS_AV_CMS":0.0,"ORD_STRA":3,"ORD_FLOW":10},"geometry":{"type":"LineString","coordinates":[[55.24791666666542,20.76041666666655],[55.23958333333209,20.76041666666655],[55.23541666666537,20.75625],[55.23124999999871,20.75625],[55.21874999999872,20.743749999999885]]}},{"type":"Feature","properties":{"HYRIV_ID":20896895,"NEXT_DOWN":20896855,"MAIN_RIV":20897022,"LENGTH_KM":9.62,"CATCH_SKM":38.540001,"DIS_AV_CMS":0.0,"ORD_STRA":1,"ORD_FLOW":10},"geometry":{"type":"LineString","coordinates":[[55.35833333333204,20.764583333333213],[55.33958333333209,20.764583333333213],[55.3270833333321,20.752083333333196],[55.32291666666535,20.752083333333196],[55.31874999999869,20.747916666666534],[55.31458333333205,20.747916666666534],[55.31041666666539,20.743749999999885],[55.302083333332064,20.752083333333196],[55.302083333332064,20.75625],[55.289583333332104,20.768749999999876]]}},{"type":"Feature","properties":{"HYRIV_ID":20896896,"NEXT_DOWN":20896791,"MAIN_RIV":20887939,"LENGTH_KM":1.73,"CATCH_SKM":2.61,"DIS_AV_CMS":0.0,"ORD_STRA":2,"ORD_FLOW":10},"geometry":{"type":"LineString","coordinates":[[55.51458333333207,20.743749999999885],[55.522916666665395,20.752083333333196],[55.522916666665395,20.75625]]}},{"type":"Feature","properties":{"HYRIV_ID":20896930,"NEXT_DOWN":20896319,"MAIN_RIV":20892193,"LENGTH_KM":9.7600002,"CATCH_SKM":35.32,"DIS_AV_CMS":0.0,"ORD_STRA":6,"ORD_FLOW":10},"geometry":{"type":"LineString","coordinates":[[54.41458333333213,20.73958333333318],[54.42291666666546,20.747916666666534],[54.40624999999872,20.764583333333213],[54.40624999999872,20.768749999999876],[54.397916666665424,20.777083333333188],[54.40208333333209,20.78124999999985],[54.40208333333209,20.793749999999868],[54.40624999999872,20.79791666666653],[54.40208333333209,20.80208333333318],[54.40208333333209,20.810416666666548]]}},{"type":"Feature","properties":{"HYRIV_ID":20896931,"NEXT_DOWN":20896891,"MAIN_RIV":20892432,"LENGTH_KM":8.4,"CATCH_SKM":49.98,"DIS_AV_CMS":0.003,"ORD_STRA":1,"ORD_FLOW":9},"geometry":{"type":"LineString","coordinates":[[54.73541666666543,20.766666666666545],[54.73541666666543,20.76041666666655],[54.73124999999877,20.75625],[54.727083333332104,20.75625],[54.71874999999869,20.747916666666534],[54.710416666665395,20.747916666666534],[54.70208333333207,20.73958333333318],[54.68124999999878,20.73958333333318],[54.67708333333212,20.743749999999885],[54.67291666666546,20.743749999999885]]}},{"type":"Feature","properties":{"HYRIV_ID":20896932,"NEXT_DOWN":20897018,"MAIN_RIV":20897021,"LENGTH_KM":2.71,"CATCH_SKM":25.290001,"DIS_AV_CMS":0.0,"ORD_STRA":1,"ORD_FLOW":10},"geometry":{"type":"LineString","coordinates":[[55.12499999999875,20.737499999999848],[55.131249999998744,20.743749999999885],[55.14374999999879,20.743749999999885],[55.14374999999879,20.73958333333318]]}},{"type":"Feature","properties":{"HYRIV_ID":20896933,"NEXT_DOWN":20896896,"MAIN_RIV":20887939,"LENGTH_KM":0.95,"CATCH_SKM":11.64,"DIS_AV_CMS":0.001,"ORD_STRA":1,"ORD_FLOW":9},"geometry":{"type":"LineString","coordinates":[[55.520833333332064,20.737499999999848],[55.51458333333207,20.743749999999885]]}},{"type":"Feature","properties":{"HYRIV_ID":20896934,"NEXT_DOWN":20896726,"MAIN_RIV":20887939,"LENGTH_KM":4.56,"CATCH_SKM":23.09,"DIS_AV_CMS":0.002,"ORD_STRA":1,"ORD_FLOW":9},"geometry":{"type":"LineString","coordinates":[[55.69999999999871,20.737499999999848],[55.71458333333209,20.752083333333196],[55.71874999999875,20.752083333333196],[55.73124999999874,20.764583333333213]]}},{"type":"Feature","properties":{"HYRIV_ID":20896976,"NEXT_DOWN":20896977,"MAIN_RIV":20887939,"LENGTH_KM":2.58,"CATCH_SKM":17.459999,"DIS_AV_CMS":0.0,"ORD_STRA":1,"ORD_FLOW":10},"geometry":{"type":"LineString","coordinates":[[55.487499999998704,20.73958333333318],[55.497916666665446,20.73958333333318],[55.50208333333208,20.735416666666517],[55.51041666666541,20.735416666666517]]}},{"type":"Feature","properties":{"HYRIV_ID":20896977,"NEXT_DOWN":20896896,"MAIN_RIV":20887939,"LENGTH_KM":1.1,"CATCH_SKM":2.21,"DIS_AV_CMS":0.0,"ORD_STRA":2,"ORD_FLOW":10},"geometry":{"type":"LineString","coordinates":[[55.51041666666541,20.735416666666517],[55.51041666666541,20.73958333333318],[55.51458333333207,20.743749999999885]]}},{"type":"Feature","properties":{"HYRIV_ID":20897017,"NEXT_DOWN":20896656,"MAIN_RIV":20892193,"LENGTH_KM":6.4299998,"CATCH_SKM":21.879999,"DIS_AV_CMS":0.005,"ORD_STRA":2,"ORD_FLOW":9},"geometry":{"type":"LineString","coordinates":[[54.543749999998795,20.731249999999868],[54.535416666665384,20.73958333333318],[54.535416666665384,20.747916666666534],[54.543749999998795,20.75625],[54.535416666665384,20.764583333333213],[54.53124999999875,20.764583333333213],[54.522916666665424,20.77291666666654]]}},{"type":"Feature","properties":{"HYRIV_ID":20897018,"NEXT_DOWN":20897020,"MAIN_RIV":20897021,"LENGTH_KM":6.0,"CATCH_SKM":16.860001,"DIS_AV_CMS":0.0,"ORD_STRA":2,"ORD_FLOW":10},"geometry":{"type":"LineString","coordinates":[[55.14374999999879,20.73958333333318],[55.14791666666545,20.743749999999885],[55.152083333332115,20.73958333333318],[55.16041666666541,20.73958333333318],[55.164583333332075,20.735416666666517],[55.189583333332024,20.735416666666517],[55.19374999999877,20.731249999999868]]}},{"type":"Feature","properties":{"HYRIV_ID":20897019,"NEXT_DOWN":20897020,"MAIN_RIV":20897021,"LENGTH_KM":8.75,"CATCH_SKM":22.879999,"DIS_AV_CMS":0.0,"ORD_STRA":1,"ORD_FLOW":10},"geometry":{"type":"LineString","coordinates":[[55.162499999998744,20.766666666666545],[55.16874999999874,20.77291666666654],[55.1729166666654,20.77291666666654],[55.177083333332064,20.768749999999876],[55.18124999999873,20.768749999999876],[55.18541666666539,20.77291666666654],[55.19374999999877,20.764583333333213],[55.19374999999877,20.76041666666655],[55.189583333332024,20.75625],[55.19374999999877,20.752083333333196],[55.19374999999877,20.743749999999885],[55.197916666665435,20.73958333333318],[55.19374999999877,20.735416666666517],[55.19374999999877,20.731249999999868]]}},{"type":"Feature","properties":{"HYRIV_ID":20897020,"NEXT_DOWN":20897021,"MAIN_RIV":20897021,"LENGTH_KM":2.6,"CATCH_SKM":11.64,"DIS_AV_CMS":0.0,"ORD_STRA":2,"ORD_FLOW":10},"geometry":{"type":"LineString","coordinates":[[55.19374999999877,20.731249999999868],[55.21874999999872,20.731249999999868]]}},{"type":"Feature","properties":{"HYRIV_ID":20897021,"NEXT_DOWN":0,"MAIN_RIV":20897021,"LENGTH_KM":0.43,"CATCH_SKM":0.2,"DIS_AV_CMS":0.0,"ORD_STRA":3,"ORD_FLOW":10},"geometry":{"type":"LineString","coordinates":[[55.21874999999872,20.731249999999868],[55.222916666665384,20.731249999999868]]}},{"type":"Feature","properties":{"HYRIV_ID":20897022,"NEXT_DOWN":0,"MAIN_RIV":20897022,"LENGTH_KM":1.56,"CATCH_SKM":3.81,"DIS_AV_CMS":0.0,"ORD_STRA":3,"ORD_FLOW":10},"geometry":{"type":"LineString","coordinates":[[55.21874999999872,20.743749999999885],[55.21874999999872,20.735416666666517],[55.222916666665384,20.731249999999868]]}},{"type":"Feature","properties":{"HYRIV_ID":20897065,"NEXT_DOWN":20897112,"MAIN_RIV":20897568,"LENGTH_KM":3.6500001,"CATCH_SKM":29.309999,"DIS_AV_CMS":0.002,"ORD_STRA":1,"ORD_FLOW":9},"geometry":{"type":"LineString","coordinates":[[54.83749999999873,20.735416666666517],[54.85624999999877,20.735416666666517],[54.86041666666543,20.731249999999868],[54.86458333333209,20.731249999999868],[54.868749999998755,20.727083333333205]]}},{"type":"Feature","properties":{"HYRIV_ID":20897111,"NEXT_DOWN":20897112,"MAIN_RIV":20897568,"LENGTH_KM":1.39,"CATCH_SKM":12.25,"DIS_AV_CMS":0.001,"ORD_STRA":1,"ORD_FLOW":9},"geometry":{"type":"LineString","coordinates":[[54.8583333333321,20.720833333333225],[54.86458333333209,20.727083333333205],[54.868749999998755,20.727083333333205]]}},{"type":"Feature","properties":{"HYRIV_ID":20897112,"NEXT_DOWN":20897434,"MAIN_RIV":20897568,"LENGTH_KM":4.0700002,"CATCH_SKM":11.85,"DIS_AV_CMS":0.003,"ORD_STRA":2,"ORD_FLOW":9},"geometry":{"type":"LineString","coordinates":[[54.868749999998755,20.727083333333205],[54.87708333333205,20.727083333333205],[54.881249999998715,20.722916666666542],[54.88541666666538,20.722916666666542],[54.889583333332126,20.727083333333205],[54.89374999999879,20.727083333333205],[54.89791666666545,20.722916666666542],[54.90208333333209,20.722916666666542]]}},{"type":"Feature","properties":{"HYRIV_ID":20897113,"NEXT_DOWN":20897434,"MAIN_RIV":20897568,"LENGTH_KM":1.88,"CATCH_SKM":19.27,"DIS_AV_CMS":0.001,"ORD_STRA":1,"ORD_FLOW":9},"geometry":{"type":"LineString","coordinates":[[54.90833333333208,20.737499999999848],[54.90208333333209,20.731249999999868],[54.90208333333209,20.722916666666542]]}},{"type":"Feature","properties":{"HYRIV_ID":20897114,"NEXT_DOWN":20896854,"MAIN_RIV":20897022,"LENGTH_KM":5.2,"CATCH_SKM":18.27,"DIS_AV_CMS":0.0,"ORD_STRA":2,"ORD_FLOW":10},"geometry":{"type":"LineString","coordinates":[[55.2979166666654,20.722916666666542],[55.289583333332104,20.722916666666542],[55.277083333332115,20.735416666666517],[55.277083333332115,20.73958333333318],[55.27291666666545,20.743749999999885],[55.26458333333204,20.743749999999885],[55.26458333333204,20.747916666666534]]}},{"type":"Feature","properties":{"HYRIV_ID":20897115,"NEXT_DOWN":20896856,"MAIN_RIV":20887939,"LENGTH_KM":3.29,"CATCH_SKM":5.2199998,"DIS_AV_CMS":0.008,"ORD_STRA":2,"ORD_FLOW":9},"geometry":{"type":"LineString","coordinates":[[55.58958333333209,20.722916666666542],[55.59374999999875,20.727083333333205],[55.59374999999875,20.731249999999868],[55.59791666666541,20.735416666666517],[55.59791666666541,20.743749999999885],[55.59374999999875,20.747916666666534]]}},{"type":"Feature","properties":{"HYRIV_ID":20897151,"NEXT_DOWN":20896656,"MAIN_RIV":20892193,"LENGTH_KM":8.5699997,"CATCH_SKM":44.57,"DIS_AV_CMS":0.002,"ORD_STRA":1,"ORD_FLOW":9},"geometry":{"type":"LineString","coordinates":[[54.47291666666544,20.716666666666562],[54.47291666666544,20.727083333333205],[54.4854166666654,20.73958333333318],[54.489583333332064,20.73958333333318],[54.522916666665424,20.77291666666654]]}},{"type":"Feature","properties":{"HYRIV_ID":20897152,"NEXT_DOWN":20897114,"MAIN_RIV":20897022,"LENGTH_KM":7.8200002,"CATCH_SKM":33.73,"DIS_AV_CMS":0.0,"ORD_STRA":1,"ORD_FLOW":10},"geometry":{"type":"LineString","coordinates":[[55.34166666666542,20.720833333333225],[55.347916666665384,20.727083333333205],[55.347916666665384,20.731249999999868],[55.34374999999872,20.735416666666517],[55.33958333333209,20.735416666666517],[55.335416666665424,20.731249999999868],[55.33124999999876,20.731249999999868],[55.31874999999869,20.718749999999893],[55.31458333333205,20.718749999999893],[55.31041666666539,20.722916666666542],[55.2979166666654,20.722916666666542]]}},{"type":"Feature","properties":{"HYRIV_ID":20897185,"NEXT_DOWN":20897311,"MAIN_RIV":20892193,"LENGTH_KM":1.59,"CATCH_SKM":13.25,"DIS_AV_CMS":0.0,"ORD_STRA":1,"ORD_FLOW":10},"geometry":{"type":"LineString","coordinates":[[54.02499999999873,20.724999999999874],[54.03541666666547,20.714583333333188]]}},{"type":"Feature","properties":{"HYRIV_ID":20897186,"NEXT_DOWN":20897311,"MAIN_RIV":20892193,"LENGTH_KM":36.470001,"CATCH_SKM":97.330002,"DIS_AV_CMS":0.0,"ORD_STRA":2,"ORD_FLOW":10},"geometry":{"type":"LineString","coordinates":[[53.777083333332115,20.847916666666556],[53.78541666666544,20.847916666666556],[53.79374999999877,20.839583333333188],[53.80208333333209,20.839583333333188],[53.810416666665475,20.831249999999876],[53.810416666665475,20.827083333333213],[53.81458333333214,20.822916666666522],[53.8187499999988,20.822916666666522],[53.82291666666546,20.81874999999986],[53.835416666665424,20.81874999999986],[53.84374999999875,20.810416666666548],[53.852083333332075,20.810416666666548],[53.85624999999871,20.806249999999842],[53.86458333333212,20.806249999999842],[53.86874999999878,20.80208333333318],[53.89374999999873,20.80208333333318],[53.897916666665395,20.79791666666653],[53.906249999998806,20.79791666666653],[53.91041666666544,20.80208333333318],[53.914583333332104,20.79791666666653],[53.91874999999877,20.79791666666653],[53.92291666666543,20.793749999999868],[53.92708333333209,20.793749999999868],[53.93958333333205,20.78124999999985],[53.93958333333205,20.777083333333188],[53.952083333332126,20.764583333333213],[53.96874999999875,20.764583333333213],[53.97291666666541,20.76041666666655],[53.98124999999874,20.76041666666655],[53.9854166666654,20.75625],[54.00208333333211,20.75625],[54.00624999999877,20.752083333333196],[54.010416666665435,20.752083333333196],[54.01874999999873,20.743749999999885],[54.02708333333214,20.743749999999885],[54.03541666666547,20.735416666666517],[54.039583333332104,20.735416666666517],[54.04374999999877,20.731249999999868],[54.04374999999877,20.727083333333205],[54.039583333332104,20.722916666666542],[54.039583333332104,20.718749999999893],[54.03541666666547,20.714583333333188]]}},{"type":"Feature","properties":{"HYRIV_ID":20897187,"NEXT_DOWN":20897188,"MAIN_RIV":20892193,"LENGTH_KM":2.1500001,"CATCH_SKM":17.059999,"DIS_AV_CMS":0.0,"ORD_STRA":1,"ORD_FLOW":10},"geometry":{"type":"LineString","coordinates":[[54.23749999999873,20.718749999999893],[54.24791666666536,20.718749999999893],[54.25208333333211,20.714583333333188],[54.25624999999877,20.714583333333188]]}},{"type":"Feature","properties":{"HYRIV_ID":20897188,"NEXT_DOWN":20896890,"MAIN_RIV":20892193,"LENGTH_KM":5.31,"CATCH_SKM":18.469999,"DIS_AV_CMS":0.0,"ORD_STRA":4,"ORD_FLOW":10},"geometry":{"type":"LineString","coordinates":[[54.25624999999877,20.714583333333188],[54.26874999999876,20.727083333333205],[54.27708333333206,20.727083333333205],[54.293749999998795,20.743749999999885]]}},{"type":"Feature","properties":{"HYRIV_ID":20897189,"NEXT_DOWN":20897190,"MAIN_RIV":20892193,"LENGTH_KM":1.92,"CATCH_SKM":14.25,"DIS_AV_CMS":0.001,"ORD_STRA":1,"ORD_FLOW":9},"geometry":{"type":"LineString","coordinates":[[54.37916666666544,20.722916666666542],[54.385416666665435,20.722916666666542],[54.39374999999876,20.714583333333188]]}},{"type":"Feature","properties":{"HYRIV_ID":20897190,"NEXT_DOWN":20896930,"MAIN_RIV":20892193,"LENGTH_KM":3.6300001,"CATCH_SKM":20.68,"DIS_AV_CMS":0.0,"ORD_STRA":6,"ORD_FLOW":10},"geometry":{"type":"LineString","coordinates":[[54.39374999999876,20.714583333333188],[54.40624999999872,20.727083333333205],[54.40624999999872,20.731249999999868],[54.41458333333213,20.73958333333318]]}},{"type":"Feature","properties":{"HYRIV_ID":20897191,"NEXT_DOWN":20897017,"MAIN_RIV":20892193,"LENGTH_KM":1.85,"CATCH_SKM":3.01,"DIS_AV_CMS":0.006,"ORD_STRA":2,"ORD_FLOW":9},"geometry":{"type":"LineString","coordinates":[[54.543749999998795,20.714583333333188],[54.543749999998795,20.731249999999868]]}},{"type":"Feature","properties":{"HYRIV_ID":20897234,"NEXT_DOWN":20897018,"MAIN_RIV":20897021,"LENGTH_KM":5.0100002,"CATCH_SKM":34.130001,"DIS_AV_CMS":0.0,"ORD_STRA":1,"ORD_FLOW":10},"geometry":{"type":"LineString","coordinates":[[55.154166666665446,20.710416666666525],[55.14791666666545,20.710416666666525],[55.14374999999879,20.714583333333188],[55.13958333333204,20.714583333333188],[55.13541666666538,20.718749999999893],[55.13958333333204,20.722916666666542],[55.13958333333204,20.727083333333205],[55.14374999999879,20.731249999999868],[55.14374999999879,20.73958333333318]]}},{"type":"Feature","properties":{"HYRIV_ID":20897275,"NEXT_DOWN":20896891,"MAIN_RIV":20892432,"LENGTH_KM":5.46,"CATCH_SKM":28.309999,"DIS_AV_CMS":0.0,"ORD_STRA":4,"ORD_FLOW":10},"geometry":{"type":"LineString","coordinates":[[54.647916666665424,20.706249999999876],[54.647916666665424,20.722916666666542],[54.65208333333209,20.727083333333205],[54.65624999999875,20.727083333333205],[54.67291666666546,20.743749999999885]]}},{"type":"Feature","properties":{"HYRIV_ID":20897276,"NEXT_DOWN":20897115,"MAIN_RIV":20887939,"LENGTH_KM":2.02,"CATCH_SKM":3.4100001,"DIS_AV_CMS":0.007,"ORD_STRA":2,"ORD_FLOW":9},"geometry":{"type":"LineString","coordinates":[[55.59374999999875,20.706249999999876],[55.59374999999875,20.710416666666525],[55.58958333333209,20.714583333333188],[55.58958333333209,20.722916666666542]]}},{"type":"Feature","properties":{"HYRIV_ID":20897277,"NEXT_DOWN":20897276,"MAIN_RIV":20887939,"LENGTH_KM":11.89,"CATCH_SKM":40.75,"DIS_AV_CMS":0.003,"ORD_STRA":1,"ORD_FLOW":9},"geometry":{"type":"LineString","coordinates":[[55.67499999999876,20.754166666666528],[55.664583333332104,20.743749999999885],[55.65208333333206,20.743749999999885],[55.647916666665395,20.73958333333318],[55.63541666666541,20.73958333333318],[55.631249999998744,20.735416666666517],[55.622916666665446,20.735416666666517],[55.614583333332035,20.727083333333205],[55.61041666666537,20.727083333333205],[55.60624999999871,20.722916666666542],[55.60624999999871,20.718749999999893],[55.602083333332075,20.714583333333188],[55.60624999999871,20.710416666666525],[55.602083333332075,20.706249999999876],[55.59374999999875,20.706249999999876]]}},{"type":"Feature","properties":{"HYRIV_ID":20897310,"NEXT_DOWN":20897431,"MAIN_RIV":20892193,"LENGTH_KM":4.5,"CATCH_SKM":10.04,"DIS_AV_CMS":0.0,"ORD_STRA":3,"ORD_FLOW":10},"geometry":{"type":"LineString","coordinates":[[53.997916666665446,20.706249999999876],[54.00208333333211,20.706249999999876],[54.00624999999877,20.702083333333213],[54.022916666665395,20.702083333333213],[54.02708333333214,20.706249999999876],[54.031249999998806,20.706249999999876],[54.03541666666547,20.702083333333213]]}},{"type":"Feature","properties":{"HYRIV_ID":20897311,"NEXT_DOWN":20897431,"MAIN_RIV":20892193,"LENGTH_KM":1.39,"CATCH_SKM":1.81,"DIS_AV_CMS":0.0,"ORD_STRA":2,"ORD_FLOW":10},"geometry":{"type":"LineString","coordinates":[[54.03541666666547,20.714583333333188],[54.03541666666547,20.702083333333213]]}},{"type":"Feature","properties":{"HYRIV_ID":20897312,"NEXT_DOWN":20897190,"MAIN_RIV":20892193,"LENGTH_KM":1.73,"CATCH_SKM":4.2199998,"DIS_AV_CMS":0.0,"ORD_STRA":6,"ORD_FLOW":10},"geometry":{"type":"LineString","coordinates":[[54.385416666665435,20.702083333333213],[54.3895833333321,20.706249999999876],[54.3895833333321,20.710416666666525],[54.39374999999876,20.714583333333188]]}},{"type":"Feature","properties":{"HYRIV_ID":20897313,"NEXT_DOWN":20896930,"MAIN_RIV":20892193,"LENGTH_KM":5.46,"CATCH_SKM":16.459999,"DIS_AV_CMS":0.003,"ORD_STRA":3,"ORD_FLOW":9},"geometry":{"type":"LineString","coordinates":[[54.43958333333208,20.702083333333213],[54.43541666666542,20.706249999999876],[54.43541666666542,20.718749999999893],[54.42708333333212,20.727083333333205],[54.42291666666546,20.727083333333205],[54.418749999998795,20.731249999999868],[54.418749999998795,20.735416666666517],[54.41458333333213,20.73958333333318]]}},{"type":"Feature","properties":{"HYRIV_ID":20897314,"NEXT_DOWN":20897275,"MAIN_RIV":20892432,"LENGTH_KM":0.63,"CATCH_SKM":0.6,"DIS_AV_CMS":0.0,"ORD_STRA":4,"ORD_FLOW":10},"geometry":{"type":"LineString","coordinates":[[54.65208333333209,20.702083333333213],[54.647916666665424,20.706249999999876]]}},{"type":"Feature","properties":{"HYRIV_ID":20897315,"NEXT_DOWN":20897316,"MAIN_RIV":20887939,"LENGTH_KM":1.42,"CATCH_SKM":11.85,"DIS_AV_CMS":0.0,"ORD_STRA":1,"ORD_FLOW":10},"geometry":{"type":"LineString","coordinates":[[55.46666666666542,20.712499999999856],[55.472916666665384,20.706249999999876],[55.472916666665384,20.702083333333213]]}},{"type":"Feature","properties":{"HYRIV_ID":20897316,"NEXT_DOWN":20896977,"MAIN_RIV":20887939,"LENGTH_KM":5.77,"CATCH_SKM":14.26,"DIS_AV_CMS":0.0,"ORD_STRA":2,"ORD_FLOW":10},"geometry":{"type":"LineString","coordinates":[[55.472916666665384,20.702083333333213],[55.48124999999871,20.710416666666525],[55.48541666666537,20.710416666666525],[55.489583333332035,20.714583333333188],[55.49374999999878,20.714583333333188],[55.51041666666541,20.731249999999868],[55.51041666666541,20.735416666666517]]}},{"type":"Feature","properties":{"HYRIV_ID":20897359,"NEXT_DOWN":20897312,"MAIN_RIV":20892193,"LENGTH_KM":0.63,"CATCH_SKM":0.2,"DIS_AV_CMS":0.001,"ORD_STRA":2,"ORD_FLOW":9},"geometry":{"type":"LineString","coordinates":[[54.3895833333321,20.697916666666508],[54.385416666665435,20.702083333333213]]}},{"type":"Feature","properties":{"HYRIV_ID":20897360,"NEXT_DOWN":20897191,"MAIN_RIV":20892193,"LENGTH_KM":4.5900002,"CATCH_SKM":25.1,"DIS_AV_CMS":0.001,"ORD_STRA":1,"ORD_FLOW":9},"geometry":{"type":"LineString","coordinates":[[54.5145833333321,20.69583333333322],[54.5145833333321,20.702083333333213],[54.51874999999876,20.706249999999876],[54.51874999999876,20.710416666666525],[54.522916666665424,20.714583333333188],[54.543749999998795,20.714583333333188]]}},{"type":"Feature","properties":{"HYRIV_ID":20897361,"NEXT_DOWN":20897191,"MAIN_RIV":20892193,"LENGTH_KM":2.37,"CATCH_SKM":5.4200001,"DIS_AV_CMS":0.006,"ORD_STRA":2,"ORD_FLOW":9},"geometry":{"type":"LineString","coordinates":[[54.54791666666546,20.697916666666508],[54.54791666666546,20.702083333333213],[54.53958333333205,20.710416666666525],[54.543749999998795,20.714583333333188]]}},{"type":"Feature","properties":{"HYRIV_ID":20897362,"NEXT_DOWN":20897017,"MAIN_RIV":20892193,"LENGTH_KM":7.3600001,"CATCH_SKM":32.529999,"DIS_AV_CMS":0.002,"ORD_STRA":1,"ORD_FLOW":9},"geometry":{"type":"LineString","coordinates":[[54.59166666666536,20.69583333333322],[54.585416666665395,20.702083333333213],[54.585416666665395,20.706249999999876],[54.57708333333207,20.714583333333188],[54.57291666666541,20.714583333333188],[54.56041666666542,20.727083333333205],[54.55624999999878,20.727083333333205],[54.54791666666546,20.735416666666517],[54.543749999998795,20.731249999999868]]}},{"type":"Feature","properties":{"HYRIV_ID":20897363,"NEXT_DOWN":20897114,"MAIN_RIV":20897022,"LENGTH_KM":3.35,"CATCH_SKM":27.110001,"DIS_AV_CMS":0.0,"ORD_STRA":1,"ORD_FLOW":10},"geometry":{"type":"LineString","coordinates":[[55.2979166666654,20.69583333333322],[55.2979166666654,20.710416666666525],[55.302083333332064,20.714583333333188],[55.302083333332064,20.718749999999893],[55.2979166666654,20.722916666666542]]}},{"type":"Feature","properties":{"HYRIV_ID":20897397,"NEXT_DOWN":20897398,"MAIN_RIV":20892193,"LENGTH_KM":1.88,"CATCH_SKM":12.65,"DIS_AV_CMS":0.0,"ORD_STRA":1,"ORD_FLOW":10},"geometry":{"type":"LineString","coordinates":[[54.20416666666546,20.708333333333208],[54.21041666666545,20.702083333333213],[54.21041666666545,20.69375]]}},{"type":"Feature","properties":{"HYRIV_ID":20897398,"NEXT_DOWN":20897188,"MAIN_RIV":20892193,"LENGTH_KM":5.77,"CATCH_SKM":20.68,"DIS_AV_CMS":0.0,"ORD_STRA":4,"ORD_FLOW":10},"geometry":{"type":"LineString","coordinates":[[54.21041666666545,20.69375],[54.214583333332115,20.697916666666508],[54.21874999999878,20.697916666666508],[54.22291666666541,20.702083333333213],[54.2354166666654,20.702083333333213],[54.24374999999873,20.710416666666525],[54.25208333333211,20.710416666666525],[54.25624999999877,20.714583333333188]]}},{"type":"Feature","properties":{"HYRIV_ID":20897399,"NEXT_DOWN":20897359,"MAIN_RIV":20892193,"LENGTH_KM":1.8200001,"CATCH_SKM":14.66,"DIS_AV_CMS":0.001,"ORD_STRA":1,"ORD_FLOW":9},"geometry":{"type":"LineString","coordinates":[[54.40416666666539,20.691666666666528],[54.397916666665424,20.697916666666508],[54.3895833333321,20.697916666666508]]}},{"type":"Feature","properties":{"HYRIV_ID":20897431,"NEXT_DOWN":20897826,"MAIN_RIV":20892193,"LENGTH_KM":3.6400001,"CATCH_SKM":9.04,"DIS_AV_CMS":0.0,"ORD_STRA":3,"ORD_FLOW":10},"geometry":{"type":"LineString","coordinates":[[54.03541666666547,20.702083333333213],[54.039583333332104,20.697916666666508],[54.05208333333209,20.697916666666508],[54.06041666666542,20.689583333333196],[54.06458333333205,20.689583333333196]]}},{"type":"Feature","properties":{"HYRIV_ID":20897432,"NEXT_DOWN":20897314,"MAIN_RIV":20892432,"LENGTH_KM":7.0700002,"CATCH_SKM":26.110001,"DIS_AV_CMS":0.0,"ORD_STRA":4,"ORD_FLOW":10},"geometry":{"type":"LineString","coordinates":[[54.710416666665395,20.689583333333196],[54.70624999999873,20.69375],[54.67291666666546,20.69375],[54.668749999998795,20.697916666666508],[54.66458333333205,20.69375],[54.66041666666541,20.69375],[54.65208333333209,20.702083333333213]]}},{"type":"Feature","properties":{"HYRIV_ID":20897433,"NEXT_DOWN":20897432,"MAIN_RIV":20892432,"LENGTH_KM":5.9200001,"CATCH_SKM":26.700001,"DIS_AV_CMS":0.002,"ORD_STRA":1,"ORD_FLOW":9},"geometry":{"type":"LineString","coordinates":[[54.754166666665384,20.712499999999856],[54.74791666666539,20.706249999999876],[54.73958333333209,20.706249999999876],[54.73541666666543,20.702083333333213],[54.73124999999877,20.702083333333213],[54.727083333332104,20.697916666666508],[54.71874999999869,20.697916666666508],[54.71458333333206,20.69375],[54.71458333333206,20.689583333333196],[54.710416666665395,20.689583333333196]]}},{"type":"Feature","properties":{"HYRIV_ID":20897434,"NEXT_DOWN":20897568,"MAIN_RIV":20897568,"LENGTH_KM":4.8200002,"CATCH_SKM":20.68,"DIS_AV_CMS":0.005,"ORD_STRA":2,"ORD_FLOW":9},"geometry":{"type":"LineString","coordinates":[[54.90208333333209,20.722916666666542],[54.90624999999875,20.722916666666542],[54.914583333332075,20.714583333333188],[54.914583333332075,20.697916666666508],[54.9229166666654,20.689583333333196]]}},{"type":"Feature","properties":{"HYRIV_ID":20897464,"NEXT_DOWN":20897465,"MAIN_RIV":20892193,"LENGTH_KM":11.0,"CATCH_SKM":53.009998,"DIS_AV_CMS":0.001,"ORD_STRA":1,"ORD_FLOW":9},"geometry":{"type":"LineString","coordinates":[[54.09374999999875,20.729166666666536],[54.09374999999875,20.722916666666542],[54.09791666666541,20.718749999999893],[54.102083333332075,20.718749999999893],[54.102083333332075,20.714583333333188],[54.10624999999874,20.710416666666525],[54.122916666665446,20.710416666666525],[54.12708333333211,20.706249999999876],[54.13124999999877,20.706249999999876],[54.135416666665435,20.702083333333213],[54.147916666665395,20.702083333333213],[54.156249999998806,20.69375],[54.16041666666547,20.69375],[54.16458333333213,20.689583333333196],[54.16874999999877,20.689583333333196],[54.17291666666543,20.685416666666534]]}},{"type":"Feature","properties":{"HYRIV_ID":20897465,"NEXT_DOWN":20897466,"MAIN_RIV":20892193,"LENGTH_KM":1.3,"CATCH_SKM":7.4299998,"DIS_AV_CMS":0.0,"ORD_STRA":4,"ORD_FLOW":10},"geometry":{"type":"LineString","coordinates":[[54.17291666666543,20.685416666666534],[54.18541666666542,20.685416666666534]]}},{"type":"Feature","properties":{"HYRIV_ID":20897466,"NEXT_DOWN":20897398,"MAIN_RIV":20892193,"LENGTH_KM":3.0,"CATCH_SKM":5.4200001,"DIS_AV_CMS":0.0,"ORD_STRA":4,"ORD_FLOW":10},"geometry":{"type":"LineString","coordinates":[[54.18541666666542,20.685416666666534],[54.18958333333208,20.689583333333196],[54.202083333332126,20.689583333333196],[54.20624999999879,20.69375],[54.21041666666545,20.69375]]}},{"type":"Feature","properties":{"HYRIV_ID":20897467,"NEXT_DOWN":20897468,"MAIN_RIV":20892193,"LENGTH_KM":2.26,"CATCH_SKM":11.64,"DIS_AV_CMS":0.0,"ORD_STRA":1,"ORD_FLOW":10},"geometry":{"type":"LineString","coordinates":[[54.34374999999878,20.704166666666545],[54.34374999999878,20.69375],[54.34791666666544,20.689583333333196],[54.34791666666544,20.685416666666534]]}},{"type":"Feature","properties":{"HYRIV_ID":20897468,"NEXT_DOWN":20897312,"MAIN_RIV":20892193,"LENGTH_KM":5.37,"CATCH_SKM":19.48,"DIS_AV_CMS":0.0,"ORD_STRA":6,"ORD_FLOW":10},"geometry":{"type":"LineString","coordinates":[[54.34791666666544,20.685416666666534],[54.352083333332075,20.689583333333196],[54.352083333332075,20.69375],[54.3604166666654,20.702083333333213],[54.36458333333215,20.702083333333213],[54.36874999999873,20.697916666666508],[54.38124999999877,20.697916666666508],[54.385416666665435,20.702083333333213]]}},{"type":"Feature","properties":{"HYRIV_ID":20897469,"NEXT_DOWN":20897432,"MAIN_RIV":20892432,"LENGTH_KM":0.63,"CATCH_SKM":0.4,"DIS_AV_CMS":0.011,"ORD_STRA":4,"ORD_FLOW":8},"geometry":{"type":"LineString","coordinates":[[54.71458333333206,20.685416666666534],[54.710416666665395,20.689583333333196]]}},{"type":"Feature","properties":{"HYRIV_ID":20897470,"NEXT_DOWN":20897316,"MAIN_RIV":20887939,"LENGTH_KM":2.1900001,"CATCH_SKM":4.62,"DIS_AV_CMS":0.0,"ORD_STRA":2,"ORD_FLOW":10},"geometry":{"type":"LineString","coordinates":[[55.46458333333209,20.685416666666534],[55.46458333333209,20.689583333333196],[55.472916666665384,20.697916666666508],[55.472916666665384,20.702083333333213]]}},{"type":"Feature","properties":{"HYRIV_ID":20897471,"NEXT_DOWN":20897276,"MAIN_RIV":20887939,"LENGTH_KM":2.6600001,"CATCH_SKM":6.83,"DIS_AV_CMS":0.005,"ORD_STRA":2,"ORD_FLOW":9},"geometry":{"type":"LineString","coordinates":[[55.585416666665424,20.685416666666534],[55.585416666665424,20.69375],[55.58958333333209,20.697916666666508],[55.58958333333209,20.702083333333213],[55.59374999999875,20.706249999999876]]}},{"type":"Feature","properties":{"HYRIV_ID":20897472,"NEXT_DOWN":20898006,"MAIN_RIV":20900049,"LENGTH_KM":3.05,"CATCH_SKM":18.68,"DIS_AV_CMS":0.001,"ORD_STRA":1,"ORD_FLOW":9},"geometry":{"type":"LineString","coordinates":[[55.68749999999872,20.69375],[55.66874999999877,20.69375],[55.664583333332104,20.689583333333196],[55.664583333332104,20.685416666666534]]}},{"type":"Feature","properties":{"HYRIV_ID":20897486,"NEXT_DOWN":20897466,"MAIN_RIV":20892193,"LENGTH_KM":1.39,"CATCH_SKM":11.25,"DIS_AV_CMS":0.0,"ORD_STRA":1,"ORD_FLOW":10},"geometry":{"type":"LineString","coordinates":[[54.19583333333205,20.679166666666553],[54.18958333333208,20.685416666666534],[54.18541666666542,20.685416666666534]]}},{"type":"Feature","properties":{"HYRIV_ID":20897487,"NEXT_DOWN":20897469,"MAIN_RIV":20892432,"LENGTH_KM":4.1,"CATCH_SKM":21.49,"DIS_AV_CMS":0.011,"ORD_STRA":4,"ORD_FLOW":8},"geometry":{"type":"LineString","coordinates":[[54.75208333333205,20.681249999999885],[54.722916666665355,20.681249999999885],[54.71874999999869,20.685416666666534],[54.71458333333206,20.685416666666534]]}},{"type":"Feature","properties":{"HYRIV_ID":20897488,"NEXT_DOWN":20897528,"MAIN_RIV":20892432,"LENGTH_KM":3.82,"CATCH_SKM":22.290001,"DIS_AV_CMS":0.001,"ORD_STRA":1,"ORD_FLOW":9},"geometry":{"type":"LineString","coordinates":[[54.789583333332075,20.712499999999856],[54.789583333332075,20.697916666666508],[54.79791666666537,20.689583333333196],[54.79791666666537,20.681249999999885]]}},{"type":"Feature","properties":{"HYRIV_ID":20897489,"NEXT_DOWN":20897528,"MAIN_RIV":20892432,"LENGTH_KM":3.75,"CATCH_SKM":20.280001,"DIS_AV_CMS":0.001,"ORD_STRA":1,"ORD_FLOW":9},"geometry":{"type":"LineString","coordinates":[[54.8291666666654,20.691666666666528],[54.82291666666541,20.685416666666534],[54.81874999999877,20.685416666666534],[54.81458333333211,20.681249999999885],[54.79791666666537,20.681249999999885]]}},{"type":"Feature","properties":{"HYRIV_ID":20897490,"NEXT_DOWN":20897470,"MAIN_RIV":20887939,"LENGTH_KM":0.95,"CATCH_SKM":11.45,"DIS_AV_CMS":0.0,"ORD_STRA":1,"ORD_FLOW":10},"geometry":{"type":"LineString","coordinates":[[55.47083333333208,20.679166666666553],[55.46458333333209,20.685416666666534]]}},{"type":"Feature","properties":{"HYRIV_ID":20897491,"NEXT_DOWN":20897115,"MAIN_RIV":20887939,"LENGTH_KM":11.37,"CATCH_SKM":40.959999,"DIS_AV_CMS":0.002,"ORD_STRA":1,"ORD_FLOW":9},"geometry":{"type":"LineString","coordinates":[[55.508333333332075,20.691666666666528],[55.51874999999873,20.681249999999885],[55.52708333333203,20.681249999999885],[55.54791666666543,20.702083333333213],[55.552083333332064,20.702083333333213],[55.56041666666539,20.710416666666525],[55.56458333333205,20.710416666666525],[55.581249999998676,20.727083333333205],[55.585416666665424,20.727083333333205],[55.58958333333209,20.722916666666542]]}},{"type":"Feature","properties":{"HYRIV_ID":20897492,"NEXT_DOWN":20897471,"MAIN_RIV":20887939,"LENGTH_KM":7.5900002,"CATCH_SKM":29.32,"DIS_AV_CMS":0.002,"ORD_STRA":1,"ORD_FLOW":9},"geometry":{"type":"LineString","coordinates":[[55.645833333332064,20.704166666666545],[55.63958333333207,20.697916666666508],[55.63541666666541,20.697916666666508],[55.62708333333211,20.689583333333196],[55.61041666666537,20.689583333333196],[55.60624999999871,20.685416666666534],[55.602083333332075,20.685416666666534],[55.59791666666541,20.681249999999885],[55.58958333333209,20.681249999999885],[55.585416666665424,20.685416666666534]]}},{"type":"Feature","properties":{"HYRIV_ID":20897525,"NEXT_DOWN":20897359,"MAIN_RIV":20892193,"LENGTH_KM":2.8900001,"CATCH_SKM":15.06,"DIS_AV_CMS":0.001,"ORD_STRA":1,"ORD_FLOW":9},"geometry":{"type":"LineString","coordinates":[[54.38124999999877,20.674999999999848],[54.38124999999877,20.681249999999885],[54.3895833333321,20.689583333333196],[54.3895833333321,20.697916666666508]]}},{"type":"Feature","properties":{"HYRIV_ID":20897526,"NEXT_DOWN":20897275,"MAIN_RIV":20892432,"LENGTH_KM":5.0300002,"CATCH_SKM":24.1,"DIS_AV_CMS":0.001,"ORD_STRA":1,"ORD_FLOW":9},"geometry":{"type":"LineString","coordinates":[[54.6312499999988,20.674999999999848],[54.6312499999988,20.685416666666534],[54.62708333333205,20.689583333333196],[54.62708333333205,20.69375],[54.6312499999988,20.697916666666508],[54.6395833333321,20.697916666666508],[54.647916666665424,20.706249999999876]]}},{"type":"Feature","properties":{"HYRIV_ID":20897527,"NEXT_DOWN":20897487,"MAIN_RIV":20892432,"LENGTH_KM":4.5,"CATCH_SKM":16.27,"DIS_AV_CMS":0.005,"ORD_STRA":2,"ORD_FLOW":9},"geometry":{"type":"LineString","coordinates":[[54.789583333332075,20.677083333333222],[54.76874999999876,20.677083333333222],[54.76041666666546,20.685416666666534],[54.756249999998715,20.681249999999885],[54.75208333333205,20.681249999999885]]}},{"type":"Feature","properties":{"HYRIV_ID":20897528,"NEXT_DOWN":20897527,"MAIN_RIV":20892432,"LENGTH_KM":1.0700001,"CATCH_SKM":0.4,"DIS_AV_CMS":0.003,"ORD_STRA":2,"ORD_FLOW":9},"geometry":{"type":"LineString","coordinates":[[54.79791666666537,20.681249999999885],[54.79374999999874,20.677083333333222],[54.789583333332075,20.677083333333222]]}},{"type":"Feature","properties":{"HYRIV_ID":20897529,"NEXT_DOWN":20897860,"MAIN_RIV":20897717,"LENGTH_KM":0.95,"CATCH_SKM":14.06,"DIS_AV_CMS":0.0,"ORD_STRA":1,"ORD_FLOW":10},"geometry":{"type":"LineString","coordinates":[[55.00833333333205,20.683333333333202],[55.014583333332126,20.677083333333222]]}},{"type":"Feature","properties":{"HYRIV_ID":20897530,"NEXT_DOWN":20897860,"MAIN_RIV":20897717,"LENGTH_KM":4.9899998,"CATCH_SKM":38.959999,"DIS_AV_CMS":0.0,"ORD_STRA":1,"ORD_FLOW":10},"geometry":{"type":"LineString","coordinates":[[55.04999999999873,20.687499999999865],[55.04374999999874,20.681249999999885],[55.039583333332075,20.685416666666534],[55.03541666666541,20.681249999999885],[55.03124999999875,20.681249999999885],[55.027083333332115,20.685416666666534],[55.01874999999879,20.677083333333222],[55.014583333332126,20.677083333333222]]}},{"type":"Feature","properties":{"HYRIV_ID":20897531,"NEXT_DOWN":0,"MAIN_RIV":20897531,"LENGTH_KM":10.5,"CATCH_SKM":71.870003,"DIS_AV_CMS":0.0,"ORD_STRA":1,"ORD_FLOW":10},"geometry":{"type":"LineString","coordinates":[[55.3999999999987,20.747916666666534],[55.39374999999873,20.747916666666534],[55.38541666666541,20.73958333333318],[55.38958333333207,20.735416666666517],[55.38541666666541,20.731249999999868],[55.38541666666541,20.727083333333205],[55.38958333333207,20.722916666666542],[55.38541666666541,20.718749999999893],[55.381249999998744,20.718749999999893],[55.37291666666542,20.710416666666525],[55.37291666666542,20.681249999999885],[55.368749999998755,20.677083333333222]]}},{"type":"Feature","properties":{"HYRIV_ID":20897564,"NEXT_DOWN":20897826,"MAIN_RIV":20892193,"LENGTH_KM":4.1599998,"CATCH_SKM":28.120001,"DIS_AV_CMS":0.001,"ORD_STRA":1,"ORD_FLOW":9},"geometry":{"type":"LineString","coordinates":[[54.039583333332104,20.670833333333185],[54.039583333332104,20.677083333333222],[54.04374999999877,20.681249999999885],[54.06041666666542,20.681249999999885],[54.06458333333205,20.685416666666534],[54.06458333333205,20.689583333333196]]}},{"type":"Feature","properties":{"HYRIV_ID":20897565,"NEXT_DOWN":20897469,"MAIN_RIV":20892432,"LENGTH_KM":2.22,"CATCH_SKM":16.07,"DIS_AV_CMS":0.001,"ORD_STRA":1,"ORD_FLOW":9},"geometry":{"type":"LineString","coordinates":[[54.69999999999874,20.670833333333185],[54.71458333333206,20.685416666666534]]}},{"type":"Feature","properties":{"HYRIV_ID":20897566,"NEXT_DOWN":20897567,"MAIN_RIV":20897568,"LENGTH_KM":1.59,"CATCH_SKM":13.86,"DIS_AV_CMS":0.001,"ORD_STRA":1,"ORD_FLOW":9},"geometry":{"type":"LineString","coordinates":[[54.899999999998755,20.683333333333202],[54.91041666666541,20.672916666666517]]}},{"type":"Feature","properties":{"HYRIV_ID":20897567,"NEXT_DOWN":20897568,"MAIN_RIV":20897568,"LENGTH_KM":2.37,"CATCH_SKM":3.21,"DIS_AV_CMS":0.002,"ORD_STRA":2,"ORD_FLOW":9},"geometry":{"type":"LineString","coordinates":[[54.91041666666541,20.672916666666517],[54.9229166666654,20.685416666666534],[54.9229166666654,20.689583333333196]]}},{"type":"Feature","properties":{"HYRIV_ID":20897568,"NEXT_DOWN":0,"MAIN_RIV":20897568,"LENGTH_KM":3.84,"CATCH_SKM":10.44,"DIS_AV_CMS":0.008,"ORD_STRA":3,"ORD_FLOW":9},"geometry":{"type":"LineString","coordinates":[[54.9229166666654,20.689583333333196],[54.935416666665446,20.677083333333222],[54.947916666665435,20.677083333333222],[54.95208333333207,20.672916666666517]]}},{"type":"Feature","properties":{"HYRIV_ID":20897569,"NEXT_DOWN":0,"MAIN_RIV":20897569,"LENGTH_KM":5.52,"CATCH_SKM":38.75,"DIS_AV_CMS":0.003,"ORD_STRA":1,"ORD_FLOW":9},"geometry":{"type":"LineString","coordinates":[[54.95624999999873,20.712499999999856],[54.95624999999873,20.706249999999876],[54.96458333333206,20.697916666666508],[54.96458333333206,20.689583333333196],[54.960416666665395,20.685416666666534],[54.960416666665395,20.677083333333222],[54.95624999999873,20.672916666666517],[54.95208333333207,20.672916666666517]]}},{"type":"Feature","properties":{"HYRIV_ID":20897615,"NEXT_DOWN":20897670,"MAIN_RIV":20892193,"LENGTH_KM":0.65,"CATCH_SKM":10.85,"DIS_AV_CMS":0.0,"ORD_STRA":1,"ORD_FLOW":10},"geometry":{"type":"LineString","coordinates":[[54.14999999999873,20.668749999999868],[54.156249999998806,20.668749999999868]]}},{"type":"Feature","properties":{"HYRIV_ID":20897616,"NEXT_DOWN":20897468,"MAIN_RIV":20892193,"LENGTH_KM":4.6700001,"CATCH_SKM":22.690001,"DIS_AV_CMS":0.0,"ORD_STRA":6,"ORD_FLOW":10},"geometry":{"type":"LineString","coordinates":[[54.31458333333208,20.668749999999868],[54.331249999998704,20.685416666666534],[54.33541666666545,20.685416666666534],[54.339583333332115,20.681249999999885],[54.34374999999878,20.685416666666534],[54.34791666666544,20.685416666666534]]}},{"type":"Feature","properties":{"HYRIV_ID":20897617,"NEXT_DOWN":0,"MAIN_RIV":20897617,"LENGTH_KM":1.1,"CATCH_SKM":4.62,"DIS_AV_CMS":0.0,"ORD_STRA":3,"ORD_FLOW":10},"geometry":{"type":"LineString","coordinates":[[55.36458333333212,20.668749999999868],[55.36458333333212,20.672916666666517],[55.368749999998755,20.677083333333222]]}},{"type":"Feature","properties":{"HYRIV_ID":20897670,"NEXT_DOWN":20897465,"MAIN_RIV":20892193,"LENGTH_KM":3.46,"CATCH_SKM":6.83,"DIS_AV_CMS":0.0,"ORD_STRA":4,"ORD_FLOW":10},"geometry":{"type":"LineString","coordinates":[[54.156249999998806,20.668749999999868],[54.16041666666547,20.664583333333205],[54.16874999999877,20.672916666666517],[54.16874999999877,20.681249999999885],[54.17291666666543,20.685416666666534]]}},{"type":"Feature","properties":{"HYRIV_ID":20897671,"NEXT_DOWN":20897313,"MAIN_RIV":20892193,"LENGTH_KM":4.3400002,"CATCH_SKM":8.0299997,"DIS_AV_CMS":0.002,"ORD_STRA":2,"ORD_FLOW":9},"geometry":{"type":"LineString","coordinates":[[54.443749999998744,20.664583333333205],[54.443749999998744,20.689583333333196],[54.43958333333208,20.69375],[54.43958333333208,20.702083333333213]]}},{"type":"Feature","properties":{"HYRIV_ID":20897672,"NEXT_DOWN":20897021,"MAIN_RIV":20897021,"LENGTH_KM":13.86,"CATCH_SKM":38.560001,"DIS_AV_CMS":0.0,"ORD_STRA":2,"ORD_FLOW":10},"geometry":{"type":"LineString","coordinates":[[55.14374999999879,20.664583333333205],[55.14791666666545,20.668749999999868],[55.152083333332115,20.664583333333205],[55.16041666666541,20.664583333333205],[55.164583333332075,20.668749999999868],[55.189583333332024,20.668749999999868],[55.197916666665435,20.677083333333222],[55.197916666665435,20.681249999999885],[55.2020833333321,20.685416666666534],[55.2020833333321,20.69375],[55.20624999999876,20.697916666666508],[55.20624999999876,20.706249999999876],[55.21458333333206,20.714583333333188],[55.21458333333206,20.718749999999893],[55.210416666665424,20.722916666666542],[55.21874999999872,20.731249999999868]]}},{"type":"Feature","properties":{"HYRIV_ID":20897673,"NEXT_DOWN":0,"MAIN_RIV":20897673,"LENGTH_KM":8.4399996,"CATCH_SKM":29.120001,"DIS_AV_CMS":0.0,"ORD_STRA":2,"ORD_FLOW":10},"geometry":{"type":"LineString","coordinates":[[55.23124999999871,20.664583333333205],[55.222916666665384,20.672916666666517],[55.23124999999871,20.681249999999885],[55.23124999999871,20.722916666666542],[55.222916666665384,20.731249999999868]]}},{"type":"Feature","properties":{"HYRIV_ID":20897674,"NEXT_DOWN":20897470,"MAIN_RIV":20887939,"LENGTH_KM":4.81,"CATCH_SKM":38.560001,"DIS_AV_CMS":0.0,"ORD_STRA":1,"ORD_FLOW":10},"geometry":{"type":"LineString","coordinates":[[55.43749999999872,20.668749999999868],[55.443749999998715,20.668749999999868],[55.44791666666535,20.664583333333205],[55.45208333333201,20.664583333333205],[55.45208333333201,20.677083333333222],[55.460416666665424,20.685416666666534],[55.46458333333209,20.685416666666534]]}},{"type":"Feature","properties":{"HYRIV_ID":20897675,"NEXT_DOWN":20898006,"MAIN_RIV":20900049,"LENGTH_KM":2.9200001,"CATCH_SKM":8.2299995,"DIS_AV_CMS":0.003,"ORD_STRA":2,"ORD_FLOW":9},"geometry":{"type":"LineString","coordinates":[[55.67291666666543,20.664583333333205],[55.67291666666543,20.681249999999885],[55.66874999999877,20.685416666666534],[55.664583333332104,20.685416666666534]]}},{"type":"Feature","properties":{"HYRIV_ID":20897716,"NEXT_DOWN":20897314,"MAIN_RIV":20892432,"LENGTH_KM":6.4099998,"CATCH_SKM":22.9,"DIS_AV_CMS":0.001,"ORD_STRA":1,"ORD_FLOW":9},"geometry":{"type":"LineString","coordinates":[[54.66666666666538,20.65833333333321],[54.65624999999875,20.668749999999868],[54.65208333333209,20.668749999999868],[54.647916666665424,20.672916666666517],[54.647916666665424,20.677083333333222],[54.64374999999876,20.681249999999885],[54.64374999999876,20.685416666666534],[54.65208333333209,20.69375],[54.65208333333209,20.702083333333213]]}},{"type":"Feature","properties":{"HYRIV_ID":20897717,"NEXT_DOWN":0,"MAIN_RIV":20897717,"LENGTH_KM":1.56,"CATCH_SKM":3.21,"DIS_AV_CMS":0.0,"ORD_STRA":5,"ORD_FLOW":10},"geometry":{"type":"LineString","coordinates":[[54.95624999999873,20.660416666666542],[54.95624999999873,20.668749999999868],[54.95208333333207,20.672916666666517]]}},{"type":"Feature","properties":{"HYRIV_ID":20897718,"NEXT_DOWN":20897673,"MAIN_RIV":20897673,"LENGTH_KM":3.29,"CATCH_SKM":17.27,"DIS_AV_CMS":0.0,"ORD_STRA":1,"ORD_FLOW":10},"geometry":{"type":"LineString","coordinates":[[55.25416666666541,20.674999999999848],[55.23958333333209,20.660416666666542],[55.23541666666537,20.660416666666542],[55.23124999999871,20.664583333333205]]}},{"type":"Feature","properties":{"HYRIV_ID":20897719,"NEXT_DOWN":20897675,"MAIN_RIV":20900049,"LENGTH_KM":0.95,"CATCH_SKM":11.85,"DIS_AV_CMS":0.001,"ORD_STRA":1,"ORD_FLOW":9},"geometry":{"type":"LineString","coordinates":[[55.679166666665424,20.65833333333321],[55.67291666666543,20.664583333333205]]}},{"type":"Feature","properties":{"HYRIV_ID":20897749,"NEXT_DOWN":20897670,"MAIN_RIV":20892193,"LENGTH_KM":4.0700002,"CATCH_SKM":17.07,"DIS_AV_CMS":0.0,"ORD_STRA":4,"ORD_FLOW":10},"geometry":{"type":"LineString","coordinates":[[54.122916666665446,20.65624999999988],[54.14374999999873,20.65624999999988],[54.156249999998806,20.668749999999868]]}},{"type":"Feature","properties":{"HYRIV_ID":20897750,"NEXT_DOWN":20897751,"MAIN_RIV":20892193,"LENGTH_KM":4.3600001,"CATCH_SKM":25.709999,"DIS_AV_CMS":0.001,"ORD_STRA":1,"ORD_FLOW":9},"geometry":{"type":"LineString","coordinates":[[54.26874999999876,20.670833333333185],[54.26874999999876,20.664583333333205],[54.272916666665424,20.660416666666542],[54.28541666666547,20.660416666666542],[54.28958333333213,20.664583333333205],[54.293749999998795,20.660416666666542],[54.293749999998795,20.65624999999988]]}},{"type":"Feature","properties":{"HYRIV_ID":20897751,"NEXT_DOWN":20897616,"MAIN_RIV":20892193,"LENGTH_KM":3.03,"CATCH_SKM":4.2199998,"DIS_AV_CMS":0.0,"ORD_STRA":6,"ORD_FLOW":10},"geometry":{"type":"LineString","coordinates":[[54.293749999998795,20.65624999999988],[54.29791666666546,20.660416666666542],[54.29791666666546,20.664583333333205],[54.30208333333209,20.668749999999868],[54.31458333333208,20.668749999999868]]}},{"type":"Feature","properties":{"HYRIV_ID":20897752,"NEXT_DOWN":20897567,"MAIN_RIV":20897568,"LENGTH_KM":3.1500001,"CATCH_SKM":19.889999,"DIS_AV_CMS":0.001,"ORD_STRA":1,"ORD_FLOW":9},"geometry":{"type":"LineString","coordinates":[[54.89583333333212,20.662499999999874],[54.90208333333209,20.65624999999988],[54.90624999999875,20.660416666666542],[54.90624999999875,20.664583333333205],[54.91041666666541,20.668749999999868],[54.91041666666541,20.672916666666517]]}},{"type":"Feature","properties":{"HYRIV_ID":20897753,"NEXT_DOWN":20897672,"MAIN_RIV":20897021,"LENGTH_KM":5.8,"CATCH_SKM":42.98,"DIS_AV_CMS":0.0,"ORD_STRA":1,"ORD_FLOW":10},"geometry":{"type":"LineString","coordinates":[[55.10624999999871,20.670833333333185],[55.10624999999871,20.664583333333205],[55.11458333333209,20.65624999999988],[55.118749999998755,20.65624999999988],[55.12291666666542,20.660416666666542],[55.12708333333208,20.660416666666542],[55.131249999998744,20.65624999999988],[55.13541666666538,20.65624999999988],[55.14374999999879,20.664583333333205]]}},{"type":"Feature","properties":{"HYRIV_ID":20897782,"NEXT_DOWN":20897313,"MAIN_RIV":20892193,"LENGTH_KM":8.37,"CATCH_SKM":19.879999,"DIS_AV_CMS":0.002,"ORD_STRA":2,"ORD_FLOW":9},"geometry":{"type":"LineString","coordinates":[[54.4854166666654,20.652083333333188],[54.4854166666654,20.65624999999988],[54.46874999999878,20.672916666666517],[54.46874999999878,20.677083333333222],[54.456249999998704,20.689583333333196],[54.456249999998704,20.69375],[54.443749999998744,20.706249999999876],[54.43958333333208,20.702083333333213]]}},{"type":"Feature","properties":{"HYRIV_ID":20897783,"NEXT_DOWN":20897782,"MAIN_RIV":20892193,"LENGTH_KM":0.65,"CATCH_SKM":12.25,"DIS_AV_CMS":0.001,"ORD_STRA":1,"ORD_FLOW":9},"geometry":{"type":"LineString","coordinates":[[54.491666666665395,20.652083333333188],[54.4854166666654,20.652083333333188]]}},{"type":"Feature","properties":{"HYRIV_ID":20897784,"NEXT_DOWN":20897527,"MAIN_RIV":20892432,"LENGTH_KM":4.81,"CATCH_SKM":25.709999,"DIS_AV_CMS":0.002,"ORD_STRA":1,"ORD_FLOW":9},"geometry":{"type":"LineString","coordinates":[[54.81666666666544,20.652083333333188],[54.80624999999878,20.652083333333188],[54.80208333333212,20.65624999999988],[54.80208333333212,20.668749999999868],[54.79791666666537,20.672916666666517],[54.79374999999874,20.672916666666517],[54.789583333332075,20.677083333333222]]}},{"type":"Feature","properties":{"HYRIV_ID":20897785,"NEXT_DOWN":20897672,"MAIN_RIV":20897021,"LENGTH_KM":1.79,"CATCH_SKM":20.49,"DIS_AV_CMS":0.0,"ORD_STRA":1,"ORD_FLOW":10},"geometry":{"type":"LineString","coordinates":[[55.14791666666545,20.649999999999856],[55.14791666666545,20.660416666666542],[55.14374999999879,20.664583333333205]]}},{"type":"Feature","properties":{"HYRIV_ID":20897786,"NEXT_DOWN":20897471,"MAIN_RIV":20887939,"LENGTH_KM":5.23,"CATCH_SKM":31.540001,"DIS_AV_CMS":0.002,"ORD_STRA":1,"ORD_FLOW":9},"geometry":{"type":"LineString","coordinates":[[55.56041666666539,20.649999999999856],[55.56041666666539,20.65624999999988],[55.56458333333205,20.660416666666542],[55.568749999998715,20.660416666666542],[55.57291666666538,20.664583333333205],[55.57291666666538,20.672916666666517],[55.585416666665424,20.685416666666534]]}},{"type":"Feature","properties":{"HYRIV_ID":20897826,"NEXT_DOWN":20897827,"MAIN_RIV":20892193,"LENGTH_KM":6.1700001,"CATCH_SKM":15.46,"DIS_AV_CMS":0.0,"ORD_STRA":3,"ORD_FLOW":10},"geometry":{"type":"LineString","coordinates":[[54.06458333333205,20.689583333333196],[54.102083333332075,20.652083333333188],[54.102083333332075,20.647916666666525]]}},{"type":"Feature","properties":{"HYRIV_ID":20897827,"NEXT_DOWN":20897749,"MAIN_RIV":20892193,"LENGTH_KM":2.57,"CATCH_SKM":5.4200001,"DIS_AV_CMS":0.0,"ORD_STRA":4,"ORD_FLOW":10},"geometry":{"type":"LineString","coordinates":[[54.102083333332075,20.647916666666525],[54.1104166666654,20.65624999999988],[54.122916666665446,20.65624999999988]]}},{"type":"Feature","properties":{"HYRIV_ID":20897828,"NEXT_DOWN":20897673,"MAIN_RIV":20897673,"LENGTH_KM":2.02,"CATCH_SKM":3.21,"DIS_AV_CMS":0.0,"ORD_STRA":2,"ORD_FLOW":10},"geometry":{"type":"LineString","coordinates":[[55.22708333333205,20.647916666666525],[55.23124999999871,20.652083333333188],[55.23124999999871,20.664583333333205]]}},{"type":"Feature","properties":{"HYRIV_ID":20897858,"NEXT_DOWN":20897616,"MAIN_RIV":20892193,"LENGTH_KM":4.5,"CATCH_SKM":21.290001,"DIS_AV_CMS":0.0,"ORD_STRA":5,"ORD_FLOW":10},"geometry":{"type":"LineString","coordinates":[[54.33541666666545,20.643749999999862],[54.331249999998704,20.643749999999862],[54.32291666666541,20.652083333333188],[54.318749999998744,20.652083333333188],[54.31041666666542,20.660416666666542],[54.31041666666542,20.664583333333205],[54.31458333333208,20.668749999999868]]}},{"type":"Feature","properties":{"HYRIV_ID":20897859,"NEXT_DOWN":20897717,"MAIN_RIV":20897717,"LENGTH_KM":2.37,"CATCH_SKM":16.67,"DIS_AV_CMS":0.0,"ORD_STRA":5,"ORD_FLOW":10},"geometry":{"type":"LineString","coordinates":[[54.96874999999872,20.643749999999862],[54.960416666665395,20.652083333333188],[54.960416666665395,20.65624999999988],[54.95624999999873,20.660416666666542]]}},{"type":"Feature","properties":{"HYRIV_ID":20897860,"NEXT_DOWN":20897859,"MAIN_RIV":20897717,"LENGTH_KM":6.3800001,"CATCH_SKM":17.879999,"DIS_AV_CMS":0.0,"ORD_STRA":2,"ORD_FLOW":10},"geometry":{"type":"LineString","coordinates":[[55.014583333332126,20.677083333333222],[55.01041666666538,20.672916666666517],[55.006249999998715,20.672916666666517],[55.00208333333208,20.668749999999868],[54.99791666666542,20.668749999999868],[54.98124999999877,20.652083333333188],[54.97708333333205,20.652083333333188],[54.96874999999872,20.643749999999862]]}},{"type":"Feature","properties":{"HYRIV_ID":20897861,"NEXT_DOWN":20897675,"MAIN_RIV":20900049,"LENGTH_KM":3.49,"CATCH_SKM":18.68,"DIS_AV_CMS":0.002,"ORD_STRA":1,"ORD_FLOW":9},"geometry":{"type":"LineString","coordinates":[[55.66249999999877,20.641666666666545],[55.65624999999869,20.647916666666525],[55.67291666666543,20.664583333333205]]}},{"type":"Feature","properties":{"HYRIV_ID":20897888,"NEXT_DOWN":20897717,"MAIN_RIV":20897717,"LENGTH_KM":4.6900001,"CATCH_SKM":25.91,"DIS_AV_CMS":0.002,"ORD_STRA":1,"ORD_FLOW":9},"geometry":{"type":"LineString","coordinates":[[54.92083333333207,20.639583333333213],[54.935416666665446,20.639583333333213],[54.95624999999873,20.660416666666542]]}},{"type":"Feature","properties":{"HYRIV_ID":20897889,"NEXT_DOWN":20897828,"MAIN_RIV":20897673,"LENGTH_KM":2.45,"CATCH_SKM":19.49,"DIS_AV_CMS":0.0,"ORD_STRA":1,"ORD_FLOW":10},"geometry":{"type":"LineString","coordinates":[[55.20833333333209,20.637499999999882],[55.21874999999872,20.647916666666525],[55.22708333333205,20.647916666666525]]}},{"type":"Feature","properties":{"HYRIV_ID":20897926,"NEXT_DOWN":20897782,"MAIN_RIV":20892193,"LENGTH_KM":2.26,"CATCH_SKM":19.09,"DIS_AV_CMS":0.001,"ORD_STRA":1,"ORD_FLOW":9},"geometry":{"type":"LineString","coordinates":[[54.48124999999877,20.63333333333322],[54.48124999999877,20.639583333333213],[54.4854166666654,20.643749999999862],[54.4854166666654,20.652083333333188]]}},{"type":"Feature","properties":{"HYRIV_ID":20897927,"NEXT_DOWN":20897828,"MAIN_RIV":20897673,"LENGTH_KM":2.22,"CATCH_SKM":19.290001,"DIS_AV_CMS":0.0,"ORD_STRA":1,"ORD_FLOW":10},"geometry":{"type":"LineString","coordinates":[[55.241666666665424,20.63333333333322],[55.22708333333205,20.647916666666525]]}},{"type":"Feature","properties":{"HYRIV_ID":20897966,"NEXT_DOWN":20897671,"MAIN_RIV":20892193,"LENGTH_KM":5.83,"CATCH_SKM":32.740002,"DIS_AV_CMS":0.001,"ORD_STRA":1,"ORD_FLOW":9},"geometry":{"type":"LineString","coordinates":[[54.41041666666547,20.629166666666528],[54.41041666666547,20.639583333333213],[54.431249999998755,20.660416666666542],[54.43541666666542,20.660416666666542],[54.43958333333208,20.664583333333205],[54.443749999998744,20.664583333333205]]}},{"type":"Feature","properties":{"HYRIV_ID":20898001,"NEXT_DOWN":20897827,"MAIN_RIV":20892193,"LENGTH_KM":5.0,"CATCH_SKM":21.09,"DIS_AV_CMS":0.0,"ORD_STRA":4,"ORD_FLOW":10},"geometry":{"type":"LineString","coordinates":[[54.068749999998715,20.627083333333196],[54.068749999998715,20.631249999999888],[54.07291666666546,20.63541666666655],[54.089583333332115,20.63541666666655],[54.09374999999875,20.639583333333213],[54.09791666666541,20.639583333333213],[54.102083333332075,20.643749999999862],[54.102083333332075,20.647916666666525]]}},{"type":"Feature","properties":{"HYRIV_ID":20898002,"NEXT_DOWN":20897749,"MAIN_RIV":20892193,"LENGTH_KM":3.6500001,"CATCH_SKM":22.5,"DIS_AV_CMS":0.001,"ORD_STRA":1,"ORD_FLOW":9},"geometry":{"type":"LineString","coordinates":[[54.12708333333211,20.624999999999865],[54.12708333333211,20.63541666666655],[54.122916666665446,20.639583333333213],[54.122916666665446,20.65624999999988]]}},{"type":"Feature","properties":{"HYRIV_ID":20898003,"NEXT_DOWN":20897859,"MAIN_RIV":20897717,"LENGTH_KM":2.2,"CATCH_SKM":6.23,"DIS_AV_CMS":0.0,"ORD_STRA":5,"ORD_FLOW":10},"geometry":{"type":"LineString","coordinates":[[54.97708333333205,20.627083333333196],[54.97708333333205,20.631249999999888],[54.972916666665384,20.63541666666655],[54.972916666665384,20.639583333333213],[54.96874999999872,20.643749999999862]]}},{"type":"Feature","properties":{"HYRIV_ID":20898004,"NEXT_DOWN":20898005,"MAIN_RIV":20897617,"LENGTH_KM":5.08,"CATCH_SKM":27.120001,"DIS_AV_CMS":0.0,"ORD_STRA":1,"ORD_FLOW":10},"geometry":{"type":"LineString","coordinates":[[55.316666666665355,20.645833333333194],[55.32291666666535,20.639583333333213],[55.32291666666535,20.63541666666655],[55.3270833333321,20.631249999999888],[55.33124999999876,20.63541666666655],[55.34374999999872,20.63541666666655],[55.347916666665384,20.631249999999888],[55.347916666665384,20.627083333333196]]}},{"type":"Feature","properties":{"HYRIV_ID":20898005,"NEXT_DOWN":20897617,"MAIN_RIV":20897617,"LENGTH_KM":5.3200002,"CATCH_SKM":12.05,"DIS_AV_CMS":0.0,"ORD_STRA":2,"ORD_FLOW":10},"geometry":{"type":"LineString","coordinates":[[55.347916666665384,20.627083333333196],[55.36041666666537,20.639583333333213],[55.36041666666537,20.65624999999988],[55.36458333333212,20.660416666666542],[55.36458333333212,20.668749999999868]]}},{"type":"Feature","properties":{"HYRIV_ID":20898006,"NEXT_DOWN":20898316,"MAIN_RIV":20900049,"LENGTH_KM":12.01,"CATCH_SKM":37.560001,"DIS_AV_CMS":0.005,"ORD_STRA":2,"ORD_FLOW":9},"geometry":{"type":"LineString","coordinates":[[55.664583333332104,20.685416666666534],[55.660416666665355,20.685416666666534],[55.65624999999869,20.681249999999885],[55.64374999999873,20.681249999999885],[55.63958333333207,20.677083333333222],[55.631249999998744,20.677083333333222],[55.62708333333211,20.672916666666517],[55.62708333333211,20.668749999999868],[55.622916666665446,20.664583333333205],[55.614583333332035,20.664583333333205],[55.581249999998676,20.631249999999888],[55.581249999998676,20.627083333333196]]}},{"type":"Feature","properties":{"HYRIV_ID":20898042,"NEXT_DOWN":20898043,"MAIN_RIV":20892193,"LENGTH_KM":31.540001,"CATCH_SKM":99.0,"DIS_AV_CMS":0.0,"ORD_STRA":1,"ORD_FLOW":10},"geometry":{"type":"LineString","coordinates":[[53.7958333333321,20.714583333333188],[53.80208333333209,20.714583333333188],[53.80624999999873,20.710416666666525],[53.835416666665424,20.710416666666525],[53.84791666666541,20.697916666666508],[53.85624999999871,20.697916666666508],[53.86458333333212,20.689583333333196],[53.87708333333211,20.689583333333196],[53.88958333333207,20.677083333333222],[53.89374999999873,20.677083333333222],[53.897916666665395,20.681249999999885],[53.90208333333214,20.681249999999885],[53.906249999998806,20.677083333333222],[53.931249999998755,20.677083333333222],[53.93958333333205,20.668749999999868],[53.9437499999988,20.668749999999868],[53.94791666666546,20.664583333333205],[53.952083333332126,20.664583333333205],[53.95624999999879,20.668749999999868],[53.960416666665424,20.668749999999868],[53.96458333333209,20.664583333333205],[53.977083333332075,20.664583333333205],[53.98124999999874,20.660416666666542],[53.989583333332035,20.660416666666542],[53.99374999999878,20.65624999999988],[53.997916666665446,20.65624999999988],[54.00624999999877,20.647916666666525],[54.010416666665435,20.647916666666525],[54.01458333333207,20.643749999999862],[54.01874999999873,20.643749999999862],[54.022916666665395,20.639583333333213],[54.03541666666547,20.639583333333213],[54.039583333332104,20.63541666666655],[54.039583333332104,20.631249999999888],[54.04374999999877,20.627083333333196],[54.04374999999877,20.622916666666534]]}},{"type":"Feature","properties":{"HYRIV_ID":20898043,"NEXT_DOWN":20898001,"MAIN_RIV":20892193,"LENGTH_KM":2.8,"CATCH_SKM":6.6300001,"DIS_AV_CMS":0.0,"ORD_STRA":4,"ORD_FLOW":10},"geometry":{"type":"LineString","coordinates":[[54.04374999999877,20.622916666666534],[54.06458333333205,20.622916666666534],[54.068749999998715,20.627083333333196]]}},{"type":"Feature","properties":{"HYRIV_ID":20898044,"NEXT_DOWN":20898001,"MAIN_RIV":20892193,"LENGTH_KM":0.95,"CATCH_SKM":17.08,"DIS_AV_CMS":0.001,"ORD_STRA":1,"ORD_FLOW":9},"geometry":{"type":"LineString","coordinates":[[54.074999999998795,20.620833333333202],[54.068749999998715,20.627083333333196]]}},{"type":"Feature","properties":{"HYRIV_ID":20898045,"NEXT_DOWN":20898046,"MAIN_RIV":20892193,"LENGTH_KM":1.16,"CATCH_SKM":12.05,"DIS_AV_CMS":0.0,"ORD_STRA":1,"ORD_FLOW":10},"geometry":{"type":"LineString","coordinates":[[54.24791666666536,20.63333333333322],[54.24791666666536,20.622916666666534]]}},{"type":"Feature","properties":{"HYRIV_ID":20898046,"NEXT_DOWN":20898047,"MAIN_RIV":20892193,"LENGTH_KM":2.1400001,"CATCH_SKM":4.2199998,"DIS_AV_CMS":0.0,"ORD_STRA":6,"ORD_FLOW":10},"geometry":{"type":"LineString","coordinates":[[54.24791666666536,20.622916666666534],[54.25208333333211,20.627083333333196],[54.25624999999877,20.627083333333196],[54.260416666665435,20.622916666666534],[54.2645833333321,20.622916666666534]]}},{"type":"Feature","properties":{"HYRIV_ID":20898047,"NEXT_DOWN":20897751,"MAIN_RIV":20892193,"LENGTH_KM":5.1700001,"CATCH_SKM":26.110001,"DIS_AV_CMS":0.0,"ORD_STRA":6,"ORD_FLOW":10},"geometry":{"type":"LineString","coordinates":[[54.2645833333321,20.622916666666534],[54.26874999999876,20.627083333333196],[54.26874999999876,20.631249999999888],[54.272916666665424,20.63541666666655],[54.27708333333206,20.63541666666655],[54.293749999998795,20.652083333333188],[54.293749999998795,20.65624999999988]]}},{"type":"Feature","properties":{"HYRIV_ID":20898048,"NEXT_DOWN":20898395,"MAIN_RIV":20892432,"LENGTH_KM":2.25,"CATCH_SKM":16.07,"DIS_AV_CMS":0.001,"ORD_STRA":1,"ORD_FLOW":9},"geometry":{"type":"LineString","coordinates":[[54.62083333333206,20.629166666666528],[54.62708333333205,20.622916666666534],[54.6395833333321,20.622916666666534]]}},{"type":"Feature","properties":{"HYRIV_ID":20898049,"NEXT_DOWN":20898395,"MAIN_RIV":20892432,"LENGTH_KM":0.95,"CATCH_SKM":15.47,"DIS_AV_CMS":0.001,"ORD_STRA":1,"ORD_FLOW":9},"geometry":{"type":"LineString","coordinates":[[54.64583333333209,20.629166666666528],[54.6395833333321,20.622916666666534]]}},{"type":"Feature","properties":{"HYRIV_ID":20898050,"NEXT_DOWN":20897487,"MAIN_RIV":20892432,"LENGTH_KM":7.6799998,"CATCH_SKM":22.3,"DIS_AV_CMS":0.013,"ORD_STRA":4,"ORD_FLOW":8},"geometry":{"type":"LineString","coordinates":[[54.78124999999875,20.622916666666534],[54.78124999999875,20.627083333333196],[54.77708333333209,20.631249999999888],[54.77708333333209,20.647916666666525],[54.764583333332126,20.660416666666542],[54.764583333332126,20.668749999999868],[54.75208333333205,20.681249999999885]]}},{"type":"Feature","properties":{"HYRIV_ID":20898051,"NEXT_DOWN":20898084,"MAIN_RIV":20897717,"LENGTH_KM":3.45,"CATCH_SKM":18.08,"DIS_AV_CMS":0.0,"ORD_STRA":1,"ORD_FLOW":10},"geometry":{"type":"LineString","coordinates":[[55.054166666665395,20.639583333333213],[55.0479166666654,20.639583333333213],[55.04374999999874,20.63541666666655],[55.039583333332075,20.63541666666655],[55.03124999999875,20.627083333333196],[55.03124999999875,20.622916666666534]]}},{"type":"Feature","properties":{"HYRIV_ID":20898081,"NEXT_DOWN":20898047,"MAIN_RIV":20892193,"LENGTH_KM":0.46,"CATCH_SKM":0.6,"DIS_AV_CMS":0.007,"ORD_STRA":3,"ORD_FLOW":9},"geometry":{"type":"LineString","coordinates":[[54.2645833333321,20.61874999999987],[54.2645833333321,20.622916666666534]]}},{"type":"Feature","properties":{"HYRIV_ID":20898082,"NEXT_DOWN":20897361,"MAIN_RIV":20892193,"LENGTH_KM":10.92,"CATCH_SKM":38.970001,"DIS_AV_CMS":0.002,"ORD_STRA":1,"ORD_FLOW":9},"geometry":{"type":"LineString","coordinates":[[54.56666666666541,20.616666666666553],[54.57708333333207,20.627083333333196],[54.57708333333207,20.652083333333188],[54.568749999998744,20.660416666666542],[54.568749999998744,20.664583333333205],[54.56041666666542,20.672916666666517],[54.56041666666542,20.689583333333196],[54.55208333333212,20.697916666666508],[54.54791666666546,20.697916666666508]]}},{"type":"Feature","properties":{"HYRIV_ID":20898083,"NEXT_DOWN":20898277,"MAIN_RIV":20897717,"LENGTH_KM":0.95,"CATCH_SKM":10.65,"DIS_AV_CMS":0.0,"ORD_STRA":1,"ORD_FLOW":10},"geometry":{"type":"LineString","coordinates":[[55.02083333333212,20.624999999999865],[55.027083333332115,20.61874999999987]]}},{"type":"Feature","properties":{"HYRIV_ID":20898084,"NEXT_DOWN":20898277,"MAIN_RIV":20897717,"LENGTH_KM":0.64,"CATCH_SKM":0.6,"DIS_AV_CMS":0.0,"ORD_STRA":2,"ORD_FLOW":10},"geometry":{"type":"LineString","coordinates":[[55.03124999999875,20.622916666666534],[55.027083333332115,20.61874999999987]]}},{"type":"Feature","properties":{"HYRIV_ID":20898124,"NEXT_DOWN":20897858,"MAIN_RIV":20892193,"LENGTH_KM":5.6300001,"CATCH_SKM":17.879999,"DIS_AV_CMS":0.0,"ORD_STRA":5,"ORD_FLOW":10},"geometry":{"type":"LineString","coordinates":[[54.36458333333215,20.614583333333222],[54.36458333333215,20.61874999999987],[54.35624999999874,20.627083333333196],[54.35624999999874,20.631249999999888],[54.352083333332075,20.63541666666655],[54.352083333332075,20.639583333333213],[54.34374999999878,20.647916666666525],[54.339583333332115,20.643749999999862],[54.33541666666545,20.643749999999862]]}},{"type":"Feature","properties":{"HYRIV_ID":20898125,"NEXT_DOWN":20898124,"MAIN_RIV":20892193,"LENGTH_KM":2.79,"CATCH_SKM":24.309999,"DIS_AV_CMS":0.001,"ORD_STRA":1,"ORD_FLOW":9},"geometry":{"type":"LineString","coordinates":[[54.38749999999877,20.614583333333222],[54.37708333333211,20.614583333333222],[54.37291666666539,20.61874999999987],[54.36874999999873,20.614583333333222],[54.36458333333215,20.614583333333222]]}},{"type":"Feature","properties":{"HYRIV_ID":20898126,"NEXT_DOWN":20898050,"MAIN_RIV":20892432,"LENGTH_KM":1.7,"CATCH_SKM":4.4200001,"DIS_AV_CMS":0.003,"ORD_STRA":2,"ORD_FLOW":9},"geometry":{"type":"LineString","coordinates":[[54.79374999999874,20.614583333333222],[54.78541666666541,20.622916666666534],[54.78124999999875,20.622916666666534]]}},{"type":"Feature","properties":{"HYRIV_ID":20898127,"NEXT_DOWN":20898126,"MAIN_RIV":20892432,"LENGTH_KM":2.8900001,"CATCH_SKM":18.879999,"DIS_AV_CMS":0.001,"ORD_STRA":1,"ORD_FLOW":9},"geometry":{"type":"LineString","coordinates":[[54.81666666666544,20.624999999999865],[54.810416666665446,20.61874999999987],[54.79791666666537,20.61874999999987],[54.79374999999874,20.614583333333222]]}},{"type":"Feature","properties":{"HYRIV_ID":20898128,"NEXT_DOWN":20898316,"MAIN_RIV":20900049,"LENGTH_KM":2.34,"CATCH_SKM":3.01,"DIS_AV_CMS":0.004,"ORD_STRA":2,"ORD_FLOW":9},"geometry":{"type":"LineString","coordinates":[[55.59791666666541,20.614583333333222],[55.585416666665424,20.627083333333196],[55.581249999998676,20.627083333333196]]}},{"type":"Feature","properties":{"HYRIV_ID":20898174,"NEXT_DOWN":20897858,"MAIN_RIV":20892193,"LENGTH_KM":4.2,"CATCH_SKM":17.48,"DIS_AV_CMS":0.001,"ORD_STRA":1,"ORD_FLOW":9},"geometry":{"type":"LineString","coordinates":[[54.32916666666537,20.608333333333185],[54.33541666666545,20.614583333333222],[54.33541666666545,20.643749999999862]]}},{"type":"Feature","properties":{"HYRIV_ID":20898175,"NEXT_DOWN":20898005,"MAIN_RIV":20897617,"LENGTH_KM":3.84,"CATCH_SKM":23.1,"DIS_AV_CMS":0.0,"ORD_STRA":2,"ORD_FLOW":10},"geometry":{"type":"LineString","coordinates":[[55.31874999999869,20.610416666666517],[55.3270833333321,20.61874999999987],[55.33124999999876,20.61874999999987],[55.335416666665424,20.622916666666534],[55.34374999999872,20.622916666666534],[55.347916666665384,20.627083333333196]]}},{"type":"Feature","properties":{"HYRIV_ID":20898220,"NEXT_DOWN":20898043,"MAIN_RIV":20892193,"LENGTH_KM":2.37,"CATCH_SKM":8.2399998,"DIS_AV_CMS":0.0,"ORD_STRA":4,"ORD_FLOW":10},"geometry":{"type":"LineString","coordinates":[[54.031249999998806,20.606249999999854],[54.03541666666547,20.610416666666517],[54.03541666666547,20.614583333333222],[54.04374999999877,20.622916666666534]]}},{"type":"Feature","properties":{"HYRIV_ID":20898221,"NEXT_DOWN":20898271,"MAIN_RIV":20892193,"LENGTH_KM":4.5900002,"CATCH_SKM":22.91,"DIS_AV_CMS":0.001,"ORD_STRA":1,"ORD_FLOW":9},"geometry":{"type":"LineString","coordinates":[[54.17499999999876,20.604166666666522],[54.18541666666542,20.614583333333222],[54.18958333333208,20.614583333333222],[54.19791666666538,20.606249999999854],[54.21041666666545,20.606249999999854]]}},{"type":"Feature","properties":{"HYRIV_ID":20898222,"NEXT_DOWN":20898271,"MAIN_RIV":20892193,"LENGTH_KM":1.16,"CATCH_SKM":12.86,"DIS_AV_CMS":0.0,"ORD_STRA":1,"ORD_FLOW":10},"geometry":{"type":"LineString","coordinates":[[54.21041666666545,20.616666666666553],[54.21041666666545,20.606249999999854]]}},{"type":"Feature","properties":{"HYRIV_ID":20898223,"NEXT_DOWN":20898126,"MAIN_RIV":20892432,"LENGTH_KM":1.59,"CATCH_SKM":15.27,"DIS_AV_CMS":0.001,"ORD_STRA":1,"ORD_FLOW":9},"geometry":{"type":"LineString","coordinates":[[54.80416666666545,20.604166666666522],[54.79374999999874,20.614583333333222]]}},{"type":"Feature","properties":{"HYRIV_ID":20898269,"NEXT_DOWN":20898270,"MAIN_RIV":20892193,"LENGTH_KM":26.879999,"CATCH_SKM":75.93,"DIS_AV_CMS":0.0,"ORD_STRA":2,"ORD_FLOW":10},"geometry":{"type":"LineString","coordinates":[[53.810416666665475,20.677083333333222],[53.81458333333214,20.677083333333222],[53.8187499999988,20.672916666666517],[53.82291666666546,20.677083333333222],[53.827083333332126,20.677083333333222],[53.83124999999876,20.681249999999885],[53.83958333333209,20.681249999999885],[53.84791666666541,20.672916666666517],[53.852083333332075,20.672916666666517],[53.86041666666537,20.664583333333205],[53.86874999999878,20.664583333333205],[53.872916666665446,20.660416666666542],[53.87708333333211,20.664583333333205],[53.88541666666541,20.664583333333205],[53.88958333333207,20.660416666666542],[53.897916666665395,20.660416666666542],[53.906249999998806,20.652083333333188],[53.914583333332104,20.652083333333188],[53.91874999999877,20.647916666666525],[53.91874999999877,20.643749999999862],[53.92291666666543,20.639583333333213],[53.92291666666543,20.63541666666655],[53.931249999998755,20.63541666666655],[53.93541666666539,20.639583333333213],[53.952083333332126,20.639583333333213],[53.95624999999879,20.63541666666655],[53.960416666665424,20.639583333333213],[53.96458333333209,20.63541666666655],[53.977083333332075,20.63541666666655],[53.989583333332035,20.622916666666534],[53.99374999999878,20.622916666666534],[54.00208333333211,20.614583333333222],[54.00208333333211,20.602083333333205]]}},{"type":"Feature","properties":{"HYRIV_ID":20898270,"NEXT_DOWN":20898220,"MAIN_RIV":20892193,"LENGTH_KM":3.24,"CATCH_SKM":6.6300001,"DIS_AV_CMS":0.0,"ORD_STRA":4,"ORD_FLOW":10},"geometry":{"type":"LineString","coordinates":[[54.00208333333211,20.602083333333205],[54.01458333333207,20.602083333333205],[54.01874999999873,20.606249999999854],[54.031249999998806,20.606249999999854]]}},{"type":"Feature","properties":{"HYRIV_ID":20898271,"NEXT_DOWN":20898272,"MAIN_RIV":20892193,"LENGTH_KM":1.9400001,"CATCH_SKM":2.81,"DIS_AV_CMS":0.0,"ORD_STRA":6,"ORD_FLOW":10},"geometry":{"type":"LineString","coordinates":[[54.21041666666545,20.606249999999854],[54.214583333332115,20.606249999999854],[54.21874999999878,20.602083333333205],[54.227083333332075,20.602083333333205]]}},{"type":"Feature","properties":{"HYRIV_ID":20898272,"NEXT_DOWN":20898046,"MAIN_RIV":20892193,"LENGTH_KM":3.7,"CATCH_SKM":6.4299998,"DIS_AV_CMS":0.0,"ORD_STRA":6,"ORD_FLOW":10},"geometry":{"type":"LineString","coordinates":[[54.227083333332075,20.602083333333205],[54.23124999999874,20.606249999999854],[54.23124999999874,20.614583333333222],[54.2354166666654,20.61874999999987],[54.24374999999873,20.61874999999987],[54.24791666666536,20.622916666666534]]}},{"type":"Feature","properties":{"HYRIV_ID":20898273,"NEXT_DOWN":20898081,"MAIN_RIV":20892193,"LENGTH_KM":2.86,"CATCH_SKM":17.48,"DIS_AV_CMS":0.001,"ORD_STRA":1,"ORD_FLOW":9},"geometry":{"type":"LineString","coordinates":[[54.28333333333214,20.599999999999874],[54.2645833333321,20.61874999999987]]}},{"type":"Feature","properties":{"HYRIV_ID":20898274,"NEXT_DOWN":20897671,"MAIN_RIV":20892193,"LENGTH_KM":8.3,"CATCH_SKM":27.93,"DIS_AV_CMS":0.001,"ORD_STRA":1,"ORD_FLOW":9},"geometry":{"type":"LineString","coordinates":[[54.456249999998704,20.599999999999874],[54.456249999998704,20.610416666666517],[54.46041666666537,20.614583333333222],[54.46041666666537,20.652083333333188],[54.456249999998704,20.65624999999988],[54.45208333333207,20.65624999999988],[54.443749999998744,20.664583333333205]]}},{"type":"Feature","properties":{"HYRIV_ID":20898275,"NEXT_DOWN":20898003,"MAIN_RIV":20897717,"LENGTH_KM":3.46,"CATCH_SKM":9.6400003,"DIS_AV_CMS":0.006,"ORD_STRA":2,"ORD_FLOW":9},"geometry":{"type":"LineString","coordinates":[[54.960416666665395,20.602083333333205],[54.960416666665395,20.606249999999854],[54.97708333333205,20.622916666666534],[54.97708333333205,20.627083333333196]]}},{"type":"Feature","properties":{"HYRIV_ID":20898276,"NEXT_DOWN":20898003,"MAIN_RIV":20897717,"LENGTH_KM":4.5,"CATCH_SKM":16.07,"DIS_AV_CMS":0.0,"ORD_STRA":5,"ORD_FLOW":10},"geometry":{"type":"LineString","coordinates":[[55.006249999998715,20.602083333333205],[55.006249999998715,20.606249999999854],[55.00208333333208,20.610416666666517],[54.993749999998755,20.610416666666517],[54.97708333333205,20.627083333333196]]}},{"type":"Feature","properties":{"HYRIV_ID":20898277,"NEXT_DOWN":20898276,"MAIN_RIV":20897717,"LENGTH_KM":2.97,"CATCH_SKM":4.2199998,"DIS_AV_CMS":0.0,"ORD_STRA":2,"ORD_FLOW":10},"geometry":{"type":"LineString","coordinates":[[55.027083333332115,20.61874999999987],[55.01041666666538,20.602083333333205],[55.006249999998715,20.602083333333205]]}},{"type":"Feature","properties":{"HYRIV_ID":20898278,"NEXT_DOWN":20898084,"MAIN_RIV":20897717,"LENGTH_KM":8.79,"CATCH_SKM":53.650002,"DIS_AV_CMS":0.0,"ORD_STRA":1,"ORD_FLOW":10},"geometry":{"type":"LineString","coordinates":[[55.09583333333205,20.61874999999987],[55.085416666665395,20.61874999999987],[55.08124999999876,20.614583333333222],[55.0770833333321,20.614583333333222],[55.06458333333211,20.602083333333205],[55.06041666666536,20.606249999999854],[55.06041666666536,20.610416666666517],[55.052083333332064,20.61874999999987],[55.03541666666541,20.61874999999987],[55.03124999999875,20.622916666666534]]}},{"type":"Feature","properties":{"HYRIV_ID":20898313,"NEXT_DOWN":20898270,"MAIN_RIV":20892193,"LENGTH_KM":1.5,"CATCH_SKM":3.4200001,"DIS_AV_CMS":0.0,"ORD_STRA":4,"ORD_FLOW":10},"geometry":{"type":"LineString","coordinates":[[53.989583333332035,20.597916666666542],[53.99374999999878,20.602083333333205],[54.00208333333211,20.602083333333205]]}},{"type":"Feature","properties":{"HYRIV_ID":20898314,"NEXT_DOWN":20898220,"MAIN_RIV":20892193,"LENGTH_KM":1.59,"CATCH_SKM":19.889999,"DIS_AV_CMS":0.001,"ORD_STRA":1,"ORD_FLOW":9},"geometry":{"type":"LineString","coordinates":[[54.041666666665435,20.59583333333321],[54.031249999998806,20.606249999999854]]}},{"type":"Feature","properties":{"HYRIV_ID":20898315,"NEXT_DOWN":20898050,"MAIN_RIV":20892432,"LENGTH_KM":3.12,"CATCH_SKM":4.8200002,"DIS_AV_CMS":0.022,"ORD_STRA":4,"ORD_FLOW":8},"geometry":{"type":"LineString","coordinates":[[54.772916666665424,20.597916666666542],[54.77708333333209,20.602083333333205],[54.77708333333209,20.61874999999987],[54.78124999999875,20.622916666666534]]}},{"type":"Feature","properties":{"HYRIV_ID":20898316,"NEXT_DOWN":20898563,"MAIN_RIV":20900049,"LENGTH_KM":4.5300002,"CATCH_SKM":10.45,"DIS_AV_CMS":0.007,"ORD_STRA":3,"ORD_FLOW":9},"geometry":{"type":"LineString","coordinates":[[55.581249999998676,20.627083333333196],[55.57291666666538,20.61874999999987],[55.568749999998715,20.61874999999987],[55.56458333333205,20.614583333333222],[55.56458333333205,20.606249999999854],[55.55624999999873,20.597916666666542]]}},{"type":"Feature","properties":{"HYRIV_ID":20898317,"NEXT_DOWN":20898128,"MAIN_RIV":20900049,"LENGTH_KM":2.51,"CATCH_SKM":17.48,"DIS_AV_CMS":0.001,"ORD_STRA":1,"ORD_FLOW":9},"geometry":{"type":"LineString","coordinates":[[55.599999999998744,20.59583333333321],[55.59374999999875,20.602083333333205],[55.59374999999875,20.610416666666517],[55.59791666666541,20.614583333333222]]}},{"type":"Feature","properties":{"HYRIV_ID":20898360,"NEXT_DOWN":20898315,"MAIN_RIV":20892432,"LENGTH_KM":0.64,"CATCH_SKM":0.6,"DIS_AV_CMS":0.02,"ORD_STRA":4,"ORD_FLOW":8},"geometry":{"type":"LineString","coordinates":[[54.76874999999876,20.59374999999988],[54.772916666665424,20.597916666666542]]}},{"type":"Feature","properties":{"HYRIV_ID":20898361,"NEXT_DOWN":20898275,"MAIN_RIV":20897717,"LENGTH_KM":4.52,"CATCH_SKM":19.49,"DIS_AV_CMS":0.001,"ORD_STRA":1,"ORD_FLOW":9},"geometry":{"type":"LineString","coordinates":[[54.92083333333207,20.59374999999988],[54.927083333332035,20.59374999999988],[54.9312499999987,20.597916666666542],[54.93958333333211,20.597916666666542],[54.94374999999877,20.602083333333205],[54.960416666665395,20.602083333333205]]}},{"type":"Feature","properties":{"HYRIV_ID":20898362,"NEXT_DOWN":20898563,"MAIN_RIV":20900049,"LENGTH_KM":0.95,"CATCH_SKM":10.65,"DIS_AV_CMS":0.001,"ORD_STRA":1,"ORD_FLOW":9},"geometry":{"type":"LineString","coordinates":[[55.56249999999872,20.591666666666548],[55.55624999999873,20.597916666666542]]}},{"type":"Feature","properties":{"HYRIV_ID":20898394,"NEXT_DOWN":20898272,"MAIN_RIV":20892193,"LENGTH_KM":2.05,"CATCH_SKM":14.67,"DIS_AV_CMS":0.001,"ORD_STRA":1,"ORD_FLOW":9},"geometry":{"type":"LineString","coordinates":[[54.216666666665446,20.587499999999856],[54.227083333332075,20.597916666666542],[54.227083333332075,20.602083333333205]]}},{"type":"Feature","properties":{"HYRIV_ID":20898395,"NEXT_DOWN":20898516,"MAIN_RIV":20892432,"LENGTH_KM":4.9099998,"CATCH_SKM":19.889999,"DIS_AV_CMS":0.003,"ORD_STRA":2,"ORD_FLOW":9},"geometry":{"type":"LineString","coordinates":[[54.6395833333321,20.622916666666534],[54.66458333333205,20.597916666666542],[54.66458333333205,20.59374999999988],[54.668749999998795,20.58958333333323]]}},{"type":"Feature","properties":{"HYRIV_ID":20898396,"NEXT_DOWN":20898397,"MAIN_RIV":20892432,"LENGTH_KM":5.06,"CATCH_SKM":18.68,"DIS_AV_CMS":0.001,"ORD_STRA":1,"ORD_FLOW":9},"geometry":{"type":"LineString","coordinates":[[54.73958333333209,20.616666666666553],[54.73958333333209,20.610416666666517],[54.74374999999873,20.606249999999854],[54.74791666666539,20.606249999999854],[54.75208333333205,20.610416666666517],[54.76041666666546,20.602083333333205],[54.76041666666546,20.58958333333323]]}},{"type":"Feature","properties":{"HYRIV_ID":20898397,"NEXT_DOWN":20898360,"MAIN_RIV":20892432,"LENGTH_KM":1.0700001,"CATCH_SKM":1.21,"DIS_AV_CMS":0.018,"ORD_STRA":4,"ORD_FLOW":8},"geometry":{"type":"LineString","coordinates":[[54.76041666666546,20.58958333333323],[54.764583333332126,20.59374999999988],[54.76874999999876,20.59374999999988]]}},{"type":"Feature","properties":{"HYRIV_ID":20898398,"NEXT_DOWN":20898276,"MAIN_RIV":20897717,"LENGTH_KM":1.9,"CATCH_SKM":4.62,"DIS_AV_CMS":0.0,"ORD_STRA":5,"ORD_FLOW":10},"geometry":{"type":"LineString","coordinates":[[55.01874999999879,20.58958333333323],[55.006249999998715,20.602083333333205]]}},{"type":"Feature","properties":{"HYRIV_ID":20898399,"NEXT_DOWN":20898175,"MAIN_RIV":20897617,"LENGTH_KM":5.9899998,"CATCH_SKM":23.91,"DIS_AV_CMS":0.0,"ORD_STRA":1,"ORD_FLOW":10},"geometry":{"type":"LineString","coordinates":[[55.279166666665446,20.602083333333205],[55.28541666666544,20.602083333333205],[55.2979166666654,20.58958333333323],[55.302083333332064,20.58958333333323],[55.31458333333205,20.602083333333205],[55.31458333333205,20.606249999999854],[55.31874999999869,20.610416666666517]]}},{"type":"Feature","properties":{"HYRIV_ID":20898400,"NEXT_DOWN":20897617,"MAIN_RIV":20897617,"LENGTH_KM":10.95,"CATCH_SKM":41.389999,"DIS_AV_CMS":0.0,"ORD_STRA":2,"ORD_FLOW":10},"geometry":{"type":"LineString","coordinates":[[55.37708333333208,20.58958333333323],[55.37708333333208,20.59374999999988],[55.368749999998755,20.602083333333205],[55.368749999998755,20.606249999999854],[55.37291666666542,20.610416666666517],[55.37291666666542,20.614583333333222],[55.381249999998744,20.622916666666534],[55.381249999998744,20.627083333333196],[55.37291666666542,20.63541666666655],[55.37291666666542,20.643749999999862],[55.37708333333208,20.647916666666525],[55.37291666666542,20.652083333333188],[55.37291666666542,20.664583333333205],[55.368749999998755,20.668749999999868],[55.36458333333212,20.668749999999868]]}},{"type":"Feature","properties":{"HYRIV_ID":20898401,"NEXT_DOWN":20898128,"MAIN_RIV":20900049,"LENGTH_KM":7.12,"CATCH_SKM":42.400002,"DIS_AV_CMS":0.003,"ORD_STRA":1,"ORD_FLOW":9},"geometry":{"type":"LineString","coordinates":[[55.63749999999874,20.58958333333323],[55.631249999998744,20.58958333333323],[55.622916666665446,20.597916666666542],[55.62708333333211,20.602083333333205],[55.62708333333211,20.610416666666517],[55.61874999999878,20.61874999999987],[55.60624999999871,20.61874999999987],[55.602083333332075,20.614583333333222],[55.59791666666541,20.614583333333222]]}},{"type":"Feature","properties":{"HYRIV_ID":20898434,"NEXT_DOWN":20898435,"MAIN_RIV":20892432,"LENGTH_KM":1.74,"CATCH_SKM":2.61,"DIS_AV_CMS":0.017,"ORD_STRA":4,"ORD_FLOW":8},"geometry":{"type":"LineString","coordinates":[[54.722916666665355,20.585416666666525],[54.73958333333209,20.585416666666525]]}},{"type":"Feature","properties":{"HYRIV_ID":20898435,"NEXT_DOWN":20898397,"MAIN_RIV":20892432,"LENGTH_KM":2.37,"CATCH_SKM":10.25,"DIS_AV_CMS":0.018,"ORD_STRA":4,"ORD_FLOW":8},"geometry":{"type":"LineString","coordinates":[[54.73958333333209,20.585416666666525],[54.74374999999873,20.58958333333323],[54.76041666666546,20.58958333333323]]}},{"type":"Feature","properties":{"HYRIV_ID":20898436,"NEXT_DOWN":20898400,"MAIN_RIV":20897617,"LENGTH_KM":2.8,"CATCH_SKM":6.0300002,"DIS_AV_CMS":0.0,"ORD_STRA":2,"ORD_FLOW":10},"geometry":{"type":"LineString","coordinates":[[55.402083333332115,20.585416666666525],[55.381249999998744,20.585416666666525],[55.37708333333208,20.58958333333323]]}},{"type":"Feature","properties":{"HYRIV_ID":20898437,"NEXT_DOWN":20898436,"MAIN_RIV":20897617,"LENGTH_KM":4.25,"CATCH_SKM":25.32,"DIS_AV_CMS":0.0,"ORD_STRA":1,"ORD_FLOW":10},"geometry":{"type":"LineString","coordinates":[[55.41249999999877,20.616666666666553],[55.402083333332115,20.606249999999854],[55.40624999999878,20.602083333333205],[55.40624999999878,20.59374999999988],[55.402083333332115,20.58958333333323],[55.402083333332115,20.585416666666525]]}},{"type":"Feature","properties":{"HYRIV_ID":20898470,"NEXT_DOWN":20898081,"MAIN_RIV":20892193,"LENGTH_KM":4.6799998,"CATCH_SKM":14.47,"DIS_AV_CMS":0.007,"ORD_STRA":3,"ORD_FLOW":9},"geometry":{"type":"LineString","coordinates":[[54.25208333333211,20.581249999999862],[54.25208333333211,20.59374999999988],[54.25624999999877,20.597916666666542],[54.25624999999877,20.606249999999854],[54.2645833333321,20.614583333333222],[54.2645833333321,20.61874999999987]]}},{"type":"Feature","properties":{"HYRIV_ID":20898471,"NEXT_DOWN":20897361,"MAIN_RIV":20892193,"LENGTH_KM":15.29,"CATCH_SKM":47.810001,"DIS_AV_CMS":0.005,"ORD_STRA":2,"ORD_FLOW":9},"geometry":{"type":"LineString","coordinates":[[54.522916666665424,20.581249999999862],[54.522916666665424,20.59374999999988],[54.535416666665384,20.606249999999854],[54.535416666665384,20.614583333333222],[54.543749999998795,20.622916666666534],[54.54791666666546,20.622916666666534],[54.55208333333212,20.627083333333196],[54.55208333333212,20.652083333333188],[54.55624999999878,20.65624999999988],[54.55624999999878,20.660416666666542],[54.54791666666546,20.668749999999868],[54.54791666666546,20.677083333333222],[54.543749999998795,20.681249999999885],[54.54791666666546,20.685416666666534],[54.54791666666546,20.697916666666508]]}},{"type":"Feature","properties":{"HYRIV_ID":20898472,"NEXT_DOWN":20898516,"MAIN_RIV":20892432,"LENGTH_KM":4.5100002,"CATCH_SKM":17.889999,"DIS_AV_CMS":0.004,"ORD_STRA":2,"ORD_FLOW":9},"geometry":{"type":"LineString","coordinates":[[54.6312499999988,20.585416666666525],[54.63541666666546,20.581249999999862],[54.65624999999875,20.581249999999862],[54.66458333333205,20.58958333333323],[54.668749999998795,20.58958333333323]]}},{"type":"Feature","properties":{"HYRIV_ID":20898473,"NEXT_DOWN":20898435,"MAIN_RIV":20892432,"LENGTH_KM":0.46,"CATCH_SKM":0.6,"DIS_AV_CMS":0.003,"ORD_STRA":2,"ORD_FLOW":9},"geometry":{"type":"LineString","coordinates":[[54.73958333333209,20.581249999999862],[54.73958333333209,20.585416666666525]]}},{"type":"Feature","properties":{"HYRIV_ID":20898474,"NEXT_DOWN":20898175,"MAIN_RIV":20897617,"LENGTH_KM":4.9200001,"CATCH_SKM":22.309999,"DIS_AV_CMS":0.0,"ORD_STRA":1,"ORD_FLOW":10},"geometry":{"type":"LineString","coordinates":[[55.31249999999872,20.581249999999862],[55.31874999999869,20.581249999999862],[55.3270833333321,20.58958333333323],[55.3270833333321,20.59374999999988],[55.33124999999876,20.597916666666542],[55.31874999999869,20.610416666666517]]}},{"type":"Feature","properties":{"HYRIV_ID":20898515,"NEXT_DOWN":20898472,"MAIN_RIV":20892432,"LENGTH_KM":1.42,"CATCH_SKM":11.26,"DIS_AV_CMS":0.001,"ORD_STRA":1,"ORD_FLOW":9},"geometry":{"type":"LineString","coordinates":[[54.62499999999872,20.574999999999882],[54.6312499999988,20.581249999999862],[54.6312499999988,20.585416666666525]]}},{"type":"Feature","properties":{"HYRIV_ID":20898516,"NEXT_DOWN":20898517,"MAIN_RIV":20892432,"LENGTH_KM":2.77,"CATCH_SKM":11.25,"DIS_AV_CMS":0.007,"ORD_STRA":3,"ORD_FLOW":9},"geometry":{"type":"LineString","coordinates":[[54.668749999998795,20.58958333333323],[54.67708333333212,20.581249999999862],[54.685416666665446,20.581249999999862],[54.68958333333211,20.577083333333213]]}},{"type":"Feature","properties":{"HYRIV_ID":20898517,"NEXT_DOWN":20898434,"MAIN_RIV":20892432,"LENGTH_KM":3.87,"CATCH_SKM":17.879999,"DIS_AV_CMS":0.017,"ORD_STRA":4,"ORD_FLOW":8},"geometry":{"type":"LineString","coordinates":[[54.68958333333211,20.577083333333213],[54.693749999998744,20.581249999999862],[54.69791666666541,20.581249999999862],[54.70208333333207,20.585416666666525],[54.722916666665355,20.585416666666525]]}},{"type":"Feature","properties":{"HYRIV_ID":20898518,"NEXT_DOWN":20898398,"MAIN_RIV":20897717,"LENGTH_KM":3.21,"CATCH_SKM":4.8200002,"DIS_AV_CMS":0.0,"ORD_STRA":2,"ORD_FLOW":10},"geometry":{"type":"LineString","coordinates":[[54.993749999998755,20.577083333333213],[55.00208333333208,20.585416666666525],[55.014583333332126,20.585416666666525],[55.01874999999879,20.58958333333323]]}},{"type":"Feature","properties":{"HYRIV_ID":20898519,"NEXT_DOWN":20898400,"MAIN_RIV":20897617,"LENGTH_KM":2.6500001,"CATCH_SKM":18.49,"DIS_AV_CMS":0.0,"ORD_STRA":1,"ORD_FLOW":10},"geometry":{"type":"LineString","coordinates":[[55.35833333333204,20.574999999999882],[55.37291666666542,20.58958333333323],[55.37708333333208,20.58958333333323]]}},{"type":"Feature","properties":{"HYRIV_ID":20898520,"NEXT_DOWN":20898562,"MAIN_RIV":20897617,"LENGTH_KM":10.58,"CATCH_SKM":46.41,"DIS_AV_CMS":0.0,"ORD_STRA":1,"ORD_FLOW":10},"geometry":{"type":"LineString","coordinates":[[55.508333333332075,20.647916666666525],[55.50208333333208,20.647916666666525],[55.472916666665384,20.61874999999987],[55.472916666665384,20.610416666666517],[55.45624999999876,20.59374999999988],[55.45624999999876,20.581249999999862],[55.45208333333201,20.577083333333213]]}},{"type":"Feature","properties":{"HYRIV_ID":20898521,"NEXT_DOWN":20898562,"MAIN_RIV":20897617,"LENGTH_KM":7.96,"CATCH_SKM":39.990002,"DIS_AV_CMS":0.0,"ORD_STRA":1,"ORD_FLOW":10},"geometry":{"type":"LineString","coordinates":[[55.508333333332075,20.620833333333202],[55.472916666665384,20.585416666666525],[55.46874999999875,20.585416666666525],[55.460416666665424,20.577083333333213],[55.45208333333201,20.577083333333213]]}},{"type":"Feature","properties":{"HYRIV_ID":20898559,"NEXT_DOWN":20898313,"MAIN_RIV":20892193,"LENGTH_KM":3.46,"CATCH_SKM":6.6300001,"DIS_AV_CMS":0.0,"ORD_STRA":4,"ORD_FLOW":10},"geometry":{"type":"LineString","coordinates":[[54.00624999999877,20.57291666666655],[54.00208333333211,20.577083333333213],[54.00208333333211,20.581249999999862],[53.997916666665446,20.585416666666525],[53.997916666665446,20.58958333333323],[53.989583333332035,20.597916666666542]]}},{"type":"Feature","properties":{"HYRIV_ID":20898560,"NEXT_DOWN":20898124,"MAIN_RIV":20892193,"LENGTH_KM":5.3200002,"CATCH_SKM":19.690001,"DIS_AV_CMS":0.0,"ORD_STRA":5,"ORD_FLOW":10},"geometry":{"type":"LineString","coordinates":[[54.35624999999874,20.57291666666655],[54.352083333332075,20.577083333333213],[54.352083333332075,20.58958333333323],[54.36458333333215,20.602083333333205],[54.36458333333215,20.614583333333222]]}},{"type":"Feature","properties":{"HYRIV_ID":20898561,"NEXT_DOWN":20898518,"MAIN_RIV":20897717,"LENGTH_KM":1.39,"CATCH_SKM":13.87,"DIS_AV_CMS":0.001,"ORD_STRA":1,"ORD_FLOW":9},"geometry":{"type":"LineString","coordinates":[[54.9833333333321,20.57083333333322],[54.98958333333209,20.577083333333213],[54.993749999998755,20.577083333333213]]}},{"type":"Feature","properties":{"HYRIV_ID":20898562,"NEXT_DOWN":20898436,"MAIN_RIV":20897617,"LENGTH_KM":6.0100002,"CATCH_SKM":15.07,"DIS_AV_CMS":0.0,"ORD_STRA":2,"ORD_FLOW":10},"geometry":{"type":"LineString","coordinates":[[55.45208333333201,20.577083333333213],[55.44791666666535,20.57291666666655],[55.427083333332064,20.57291666666655],[55.414583333332104,20.585416666666525],[55.402083333332115,20.585416666666525]]}},{"type":"Feature","properties":{"HYRIV_ID":20898563,"NEXT_DOWN":20899555,"MAIN_RIV":20900049,"LENGTH_KM":4.6700001,"CATCH_SKM":26.33,"DIS_AV_CMS":0.008,"ORD_STRA":3,"ORD_FLOW":9},"geometry":{"type":"LineString","coordinates":[[55.55624999999873,20.597916666666542],[55.539583333332104,20.581249999999862],[55.53124999999869,20.581249999999862],[55.522916666665395,20.57291666666655]]}},{"type":"Feature","properties":{"HYRIV_ID":20898605,"NEXT_DOWN":20898271,"MAIN_RIV":20892193,"LENGTH_KM":5.29,"CATCH_SKM":17.48,"DIS_AV_CMS":0.0,"ORD_STRA":6,"ORD_FLOW":10},"geometry":{"type":"LineString","coordinates":[[54.18958333333208,20.568749999999888],[54.193749999998744,20.57291666666655],[54.19791666666538,20.57291666666655],[54.20624999999879,20.581249999999862],[54.20624999999879,20.602083333333205],[54.21041666666545,20.606249999999854]]}},{"type":"Feature","properties":{"HYRIV_ID":20898606,"NEXT_DOWN":20898315,"MAIN_RIV":20892432,"LENGTH_KM":4.1,"CATCH_SKM":8.04,"DIS_AV_CMS":0.006,"ORD_STRA":2,"ORD_FLOW":9},"geometry":{"type":"LineString","coordinates":[[54.79374999999874,20.568749999999888],[54.78541666666541,20.577083333333213],[54.78541666666541,20.581249999999862],[54.77708333333209,20.58958333333323],[54.77708333333209,20.59374999999988],[54.772916666665424,20.597916666666542]]}},{"type":"Feature","properties":{"HYRIV_ID":20898607,"NEXT_DOWN":20898606,"MAIN_RIV":20892432,"LENGTH_KM":4.27,"CATCH_SKM":7.8400002,"DIS_AV_CMS":0.005,"ORD_STRA":2,"ORD_FLOW":9},"geometry":{"type":"LineString","coordinates":[[54.82708333333207,20.568749999999888],[54.810416666665446,20.568749999999888],[54.80208333333212,20.577083333333213],[54.79374999999874,20.568749999999888]]}},{"type":"Feature","properties":{"HYRIV_ID":20898608,"NEXT_DOWN":20898607,"MAIN_RIV":20892432,"LENGTH_KM":3.75,"CATCH_SKM":26.120001,"DIS_AV_CMS":0.002,"ORD_STRA":1,"ORD_FLOW":9},"geometry":{"type":"LineString","coordinates":[[54.84999999999869,20.591666666666548],[54.83958333333206,20.581249999999862],[54.83541666666548,20.581249999999862],[54.82708333333207,20.57291666666655],[54.82708333333207,20.568749999999888]]}},{"type":"Feature","properties":{"HYRIV_ID":20898609,"NEXT_DOWN":20898275,"MAIN_RIV":20897717,"LENGTH_KM":5.6900001,"CATCH_SKM":18.290001,"DIS_AV_CMS":0.004,"ORD_STRA":2,"ORD_FLOW":9},"geometry":{"type":"LineString","coordinates":[[54.9312499999987,20.568749999999888],[54.94374999999877,20.568749999999888],[54.947916666665435,20.57291666666655],[54.947916666665435,20.577083333333213],[54.960416666665395,20.58958333333323],[54.960416666665395,20.602083333333205]]}},{"type":"Feature","properties":{"HYRIV_ID":20898610,"NEXT_DOWN":20899281,"MAIN_RIV":20897717,"LENGTH_KM":2.02,"CATCH_SKM":23.51,"DIS_AV_CMS":0.0,"ORD_STRA":1,"ORD_FLOW":10},"geometry":{"type":"LineString","coordinates":[[55.13749999999871,20.57916666666653],[55.14791666666545,20.568749999999888],[55.152083333332115,20.568749999999888]]}},{"type":"Feature","properties":{"HYRIV_ID":20898611,"NEXT_DOWN":20899281,"MAIN_RIV":20897717,"LENGTH_KM":3.0,"CATCH_SKM":8.4399996,"DIS_AV_CMS":0.0,"ORD_STRA":2,"ORD_FLOW":10},"geometry":{"type":"LineString","coordinates":[[55.177083333332064,20.568749999999888],[55.16041666666541,20.568749999999888],[55.15624999999878,20.57291666666655],[55.152083333332115,20.568749999999888]]}},{"type":"Feature","properties":{"HYRIV_ID":20898612,"NEXT_DOWN":20898611,"MAIN_RIV":20897717,"LENGTH_KM":2.51,"CATCH_SKM":19.889999,"DIS_AV_CMS":0.0,"ORD_STRA":1,"ORD_FLOW":10},"geometry":{"type":"LineString","coordinates":[[55.18749999999869,20.587499999999856],[55.18124999999873,20.581249999999862],[55.18124999999873,20.577083333333213],[55.177083333332064,20.57291666666655],[55.177083333332064,20.568749999999888]]}},{"type":"Feature","properties":{"HYRIV_ID":20898613,"NEXT_DOWN":20898866,"MAIN_RIV":20900049,"LENGTH_KM":12.1,"CATCH_SKM":65.699997,"DIS_AV_CMS":0.006,"ORD_STRA":2,"ORD_FLOW":9},"geometry":{"type":"LineString","coordinates":[[55.76041666666541,20.627083333333196],[55.7437499999987,20.627083333333196],[55.739583333332035,20.622916666666534],[55.73541666666537,20.622916666666534],[55.727083333332075,20.614583333333222],[55.727083333332075,20.610416666666517],[55.72291666666541,20.610416666666517],[55.71041666666534,20.597916666666542],[55.71041666666534,20.59374999999988],[55.70208333333204,20.585416666666525],[55.68958333333205,20.585416666666525],[55.68541666666539,20.581249999999862],[55.68541666666539,20.57291666666655],[55.68124999999873,20.568749999999888]]}},{"type":"Feature","properties":{"HYRIV_ID":20898657,"NEXT_DOWN":20898470,"MAIN_RIV":20892193,"LENGTH_KM":2.8,"CATCH_SKM":4.2199998,"DIS_AV_CMS":0.008,"ORD_STRA":2,"ORD_FLOW":9},"geometry":{"type":"LineString","coordinates":[[54.26874999999876,20.564583333333196],[54.2645833333321,20.568749999999888],[54.2645833333321,20.57291666666655],[54.260416666665435,20.577083333333213],[54.25624999999877,20.577083333333213],[54.25208333333211,20.581249999999862]]}},{"type":"Feature","properties":{"HYRIV_ID":20898658,"NEXT_DOWN":20898471,"MAIN_RIV":20892193,"LENGTH_KM":5.0300002,"CATCH_SKM":28.34,"DIS_AV_CMS":0.002,"ORD_STRA":1,"ORD_FLOW":9},"geometry":{"type":"LineString","coordinates":[[54.56249999999875,20.562499999999865],[54.55624999999878,20.568749999999888],[54.53958333333205,20.568749999999888],[54.53124999999875,20.577083333333213],[54.52708333333209,20.577083333333213],[54.522916666665424,20.581249999999862]]}},{"type":"Feature","properties":{"HYRIV_ID":20898659,"NEXT_DOWN":20898609,"MAIN_RIV":20897717,"LENGTH_KM":0.69,"CATCH_SKM":14.67,"DIS_AV_CMS":0.001,"ORD_STRA":1,"ORD_FLOW":9},"geometry":{"type":"LineString","coordinates":[[54.9312499999987,20.562499999999865],[54.9312499999987,20.568749999999888]]}},{"type":"Feature","properties":{"HYRIV_ID":20898660,"NEXT_DOWN":20898518,"MAIN_RIV":20897717,"LENGTH_KM":2.6500001,"CATCH_SKM":19.700001,"DIS_AV_CMS":0.0,"ORD_STRA":1,"ORD_FLOW":10},"geometry":{"type":"LineString","coordinates":[[54.99999999999875,20.562499999999865],[55.006249999998715,20.568749999999888],[55.00208333333208,20.57291666666655],[54.99791666666542,20.57291666666655],[54.993749999998755,20.577083333333213]]}},{"type":"Feature","properties":{"HYRIV_ID":20898700,"NEXT_DOWN":20898559,"MAIN_RIV":20892193,"LENGTH_KM":5.7,"CATCH_SKM":16.68,"DIS_AV_CMS":0.0,"ORD_STRA":3,"ORD_FLOW":10},"geometry":{"type":"LineString","coordinates":[[53.96874999999875,20.568749999999888],[53.97291666666541,20.564583333333196],[53.989583333332035,20.564583333333196],[53.99374999999878,20.560416666666534],[54.00624999999877,20.560416666666534],[54.00624999999877,20.57291666666655]]}},{"type":"Feature","properties":{"HYRIV_ID":20898701,"NEXT_DOWN":20898702,"MAIN_RIV":20892193,"LENGTH_KM":4.7199998,"CATCH_SKM":34.57,"DIS_AV_CMS":0.001,"ORD_STRA":1,"ORD_FLOW":9},"geometry":{"type":"LineString","coordinates":[[54.08749999999878,20.568749999999888],[54.09374999999875,20.568749999999888],[54.102083333332075,20.560416666666534],[54.114583333332064,20.560416666666534],[54.1187499999987,20.564583333333196],[54.12708333333211,20.564583333333196]]}},{"type":"Feature","properties":{"HYRIV_ID":20898702,"NEXT_DOWN":20898703,"MAIN_RIV":20892193,"LENGTH_KM":4.4699998,"CATCH_SKM":14.87,"DIS_AV_CMS":0.002,"ORD_STRA":2,"ORD_FLOW":9},"geometry":{"type":"LineString","coordinates":[[54.12708333333211,20.564583333333196],[54.135416666665435,20.564583333333196],[54.14374999999873,20.57291666666655],[54.147916666665395,20.57291666666655],[54.16041666666547,20.560416666666534]]}},{"type":"Feature","properties":{"HYRIV_ID":20898703,"NEXT_DOWN":20898605,"MAIN_RIV":20892193,"LENGTH_KM":3.4400001,"CATCH_SKM":6.23,"DIS_AV_CMS":0.002,"ORD_STRA":2,"ORD_FLOW":9},"geometry":{"type":"LineString","coordinates":[[54.16041666666547,20.560416666666534],[54.17708333333209,20.560416666666534],[54.18541666666542,20.568749999999888],[54.18958333333208,20.568749999999888]]}},{"type":"Feature","properties":{"HYRIV_ID":20898704,"NEXT_DOWN":20898611,"MAIN_RIV":20897717,"LENGTH_KM":6.39,"CATCH_SKM":37.779999,"DIS_AV_CMS":0.0,"ORD_STRA":1,"ORD_FLOW":10},"geometry":{"type":"LineString","coordinates":[[55.224999999998715,20.57291666666655],[55.21874999999872,20.57291666666655],[55.21458333333206,20.577083333333213],[55.210416666665424,20.57291666666655],[55.20624999999876,20.57291666666655],[55.19374999999877,20.560416666666534],[55.18541666666539,20.560416666666534],[55.177083333332064,20.568749999999888]]}},{"type":"Feature","properties":{"HYRIV_ID":20898705,"NEXT_DOWN":20898866,"MAIN_RIV":20900049,"LENGTH_KM":8.4899998,"CATCH_SKM":35.98,"DIS_AV_CMS":0.002,"ORD_STRA":1,"ORD_FLOW":9},"geometry":{"type":"LineString","coordinates":[[55.745833333332115,20.566666666666556],[55.739583333332035,20.560416666666534],[55.73541666666537,20.560416666666534],[55.73124999999874,20.564583333333196],[55.727083333332075,20.560416666666534],[55.71874999999875,20.560416666666534],[55.71874999999875,20.564583333333196],[55.71458333333209,20.568749999999888],[55.71041666666534,20.564583333333196],[55.68958333333205,20.564583333333196],[55.68541666666539,20.568749999999888],[55.68124999999873,20.568749999999888]]}},{"type":"Feature","properties":{"HYRIV_ID":20898732,"NEXT_DOWN":20898560,"MAIN_RIV":20892193,"LENGTH_KM":2.8,"CATCH_SKM":3.62,"DIS_AV_CMS":0.0,"ORD_STRA":4,"ORD_FLOW":10},"geometry":{"type":"LineString","coordinates":[[54.37291666666539,20.55624999999987],[54.36874999999873,20.55624999999987],[54.36458333333215,20.560416666666534],[54.36458333333215,20.564583333333196],[54.35624999999874,20.57291666666655]]}},{"type":"Feature","properties":{"HYRIV_ID":20898733,"NEXT_DOWN":20898517,"MAIN_RIV":20892432,"LENGTH_KM":2.83,"CATCH_SKM":4.02,"DIS_AV_CMS":0.013,"ORD_STRA":3,"ORD_FLOW":8},"geometry":{"type":"LineString","coordinates":[[54.67708333333212,20.55624999999987],[54.685416666665446,20.564583333333196],[54.685416666665446,20.57291666666655],[54.68958333333211,20.577083333333213]]}},{"type":"Feature","properties":{"HYRIV_ID":20898815,"NEXT_DOWN":20898434,"MAIN_RIV":20892432,"LENGTH_KM":5.0900002,"CATCH_SKM":23.120001,"DIS_AV_CMS":0.001,"ORD_STRA":1,"ORD_FLOW":9},"geometry":{"type":"LineString","coordinates":[[54.70624999999873,20.545833333333185],[54.70624999999873,20.552083333333208],[54.710416666665395,20.55624999999987],[54.710416666665395,20.568749999999888],[54.722916666665355,20.581249999999862],[54.722916666665355,20.585416666666525]]}},{"type":"Feature","properties":{"HYRIV_ID":20898816,"NEXT_DOWN":20898606,"MAIN_RIV":20892432,"LENGTH_KM":4.02,"CATCH_SKM":17.290001,"DIS_AV_CMS":0.001,"ORD_STRA":1,"ORD_FLOW":9},"geometry":{"type":"LineString","coordinates":[[54.81666666666544,20.545833333333185],[54.80624999999878,20.55624999999987],[54.80208333333212,20.55624999999987],[54.79791666666537,20.560416666666534],[54.79791666666537,20.568749999999888],[54.79374999999874,20.568749999999888]]}},{"type":"Feature","properties":{"HYRIV_ID":20898817,"NEXT_DOWN":20898398,"MAIN_RIV":20897717,"LENGTH_KM":6.0900002,"CATCH_SKM":23.110001,"DIS_AV_CMS":0.0,"ORD_STRA":5,"ORD_FLOW":10},"geometry":{"type":"LineString","coordinates":[[55.039583333332075,20.54791666666656],[55.039583333332075,20.564583333333196],[55.04374999999874,20.568749999999888],[55.027083333332115,20.585416666666525],[55.02291666666545,20.585416666666525],[55.01874999999879,20.58958333333323]]}},{"type":"Feature","properties":{"HYRIV_ID":20898866,"NEXT_DOWN":20899077,"MAIN_RIV":20900049,"LENGTH_KM":4.1,"CATCH_SKM":13.06,"DIS_AV_CMS":0.007,"ORD_STRA":2,"ORD_FLOW":9},"geometry":{"type":"LineString","coordinates":[[55.68124999999873,20.568749999999888],[55.66874999999877,20.55624999999987],[55.66874999999877,20.552083333333208],[55.660416666665355,20.543749999999854],[55.660416666665355,20.53958333333319]]}},{"type":"Feature","properties":{"HYRIV_ID":20898898,"NEXT_DOWN":20898559,"MAIN_RIV":20892193,"LENGTH_KM":5.81,"CATCH_SKM":12.66,"DIS_AV_CMS":0.0,"ORD_STRA":4,"ORD_FLOW":10},"geometry":{"type":"LineString","coordinates":[[54.02708333333214,20.535416666666542],[54.02708333333214,20.53958333333319],[54.022916666665395,20.543749999999854],[54.022916666665395,20.568749999999888],[54.01874999999873,20.57291666666655],[54.00624999999877,20.57291666666655]]}},{"type":"Feature","properties":{"HYRIV_ID":20898899,"NEXT_DOWN":20898898,"MAIN_RIV":20892193,"LENGTH_KM":4.96,"CATCH_SKM":17.49,"DIS_AV_CMS":0.001,"ORD_STRA":1,"ORD_FLOW":9},"geometry":{"type":"LineString","coordinates":[[54.07083333333205,20.535416666666542],[54.06458333333205,20.535416666666542],[54.06041666666542,20.53958333333319],[54.03541666666547,20.53958333333319],[54.031249999998806,20.535416666666542],[54.02708333333214,20.535416666666542]]}},{"type":"Feature","properties":{"HYRIV_ID":20898900,"NEXT_DOWN":20898472,"MAIN_RIV":20892432,"LENGTH_KM":10.95,"CATCH_SKM":50.049999,"DIS_AV_CMS":0.003,"ORD_STRA":1,"ORD_FLOW":9},"geometry":{"type":"LineString","coordinates":[[54.57499999999874,20.53333333333321],[54.58124999999873,20.53958333333319],[54.58124999999873,20.54791666666656],[54.59374999999878,20.560416666666534],[54.602083333332104,20.560416666666534],[54.60624999999877,20.564583333333196],[54.60624999999877,20.568749999999888],[54.61041666666543,20.57291666666655],[54.61041666666543,20.577083333333213],[54.60624999999877,20.581249999999862],[54.60624999999877,20.585416666666525],[54.61041666666543,20.58958333333323],[54.62708333333205,20.58958333333323],[54.6312499999988,20.585416666666525]]}},{"type":"Feature","properties":{"HYRIV_ID":20898901,"NEXT_DOWN":20898609,"MAIN_RIV":20897717,"LENGTH_KM":7.7199998,"CATCH_SKM":40.200001,"DIS_AV_CMS":0.003,"ORD_STRA":1,"ORD_FLOW":9},"geometry":{"type":"LineString","coordinates":[[54.89374999999879,20.53333333333321],[54.89374999999879,20.543749999999854],[54.90208333333209,20.552083333333208],[54.90208333333209,20.568749999999888],[54.90624999999875,20.57291666666655],[54.91041666666541,20.57291666666655],[54.914583333332075,20.568749999999888],[54.9312499999987,20.568749999999888]]}},{"type":"Feature","properties":{"HYRIV_ID":20898902,"NEXT_DOWN":20898817,"MAIN_RIV":20897717,"LENGTH_KM":3.21,"CATCH_SKM":6.4299998,"DIS_AV_CMS":0.0,"ORD_STRA":5,"ORD_FLOW":10},"geometry":{"type":"LineString","coordinates":[[55.06458333333211,20.535416666666542],[55.06041666666536,20.53958333333319],[55.0562499999987,20.53958333333319],[55.052083333332064,20.543749999999854],[55.04374999999874,20.543749999999854],[55.039583333332075,20.54791666666656]]}},{"type":"Feature","properties":{"HYRIV_ID":20898903,"NEXT_DOWN":20898902,"MAIN_RIV":20897717,"LENGTH_KM":1.74,"CATCH_SKM":6.83,"DIS_AV_CMS":0.0,"ORD_STRA":4,"ORD_FLOW":10},"geometry":{"type":"LineString","coordinates":[[55.08124999999876,20.535416666666542],[55.06458333333211,20.535416666666542]]}},{"type":"Feature","properties":{"HYRIV_ID":20898904,"NEXT_DOWN":20898903,"MAIN_RIV":20897717,"LENGTH_KM":2.3800001,"CATCH_SKM":20.3,"DIS_AV_CMS":0.0,"ORD_STRA":1,"ORD_FLOW":10},"geometry":{"type":"LineString","coordinates":[[55.09583333333205,20.54791666666656],[55.08958333333206,20.54791666666656],[55.08124999999876,20.53958333333319],[55.08124999999876,20.535416666666542]]}},{"type":"Feature","properties":{"HYRIV_ID":20898905,"NEXT_DOWN":20899205,"MAIN_RIV":20897717,"LENGTH_KM":0.69,"CATCH_SKM":10.85,"DIS_AV_CMS":0.0,"ORD_STRA":1,"ORD_FLOW":10},"geometry":{"type":"LineString","coordinates":[[55.243749999998755,20.541666666666522],[55.243749999998755,20.535416666666542]]}},{"type":"Feature","properties":{"HYRIV_ID":20898906,"NEXT_DOWN":20899555,"MAIN_RIV":20900049,"LENGTH_KM":9.0699997,"CATCH_SKM":24.719999,"DIS_AV_CMS":0.0,"ORD_STRA":3,"ORD_FLOW":10},"geometry":{"type":"LineString","coordinates":[[55.581249999998676,20.535416666666542],[55.57291666666538,20.543749999999854],[55.552083333332064,20.543749999999854],[55.54791666666543,20.54791666666656],[55.54374999999877,20.543749999999854],[55.539583333332104,20.543749999999854],[55.53124999999869,20.552083333333208],[55.53124999999869,20.560416666666534],[55.52708333333203,20.564583333333196],[55.52708333333203,20.568749999999888],[55.522916666665395,20.57291666666655]]}},{"type":"Feature","properties":{"HYRIV_ID":20898907,"NEXT_DOWN":20898906,"MAIN_RIV":20900049,"LENGTH_KM":1.08,"CATCH_SKM":10.86,"DIS_AV_CMS":0.001,"ORD_STRA":1,"ORD_FLOW":9},"geometry":{"type":"LineString","coordinates":[[55.59166666666542,20.535416666666542],[55.581249999998676,20.535416666666542]]}},{"type":"Feature","properties":{"HYRIV_ID":20898939,"NEXT_DOWN":20898473,"MAIN_RIV":20892432,"LENGTH_KM":6.8200002,"CATCH_SKM":28.139999,"DIS_AV_CMS":0.002,"ORD_STRA":1,"ORD_FLOW":9},"geometry":{"type":"LineString","coordinates":[[54.764583333332126,20.529166666666548],[54.764583333332126,20.535416666666542],[54.74791666666539,20.552083333333208],[54.74791666666539,20.560416666666534],[54.74374999999873,20.564583333333196],[54.74374999999873,20.577083333333213],[54.73958333333209,20.581249999999862]]}},{"type":"Feature","properties":{"HYRIV_ID":20898940,"NEXT_DOWN":20899205,"MAIN_RIV":20897717,"LENGTH_KM":3.02,"CATCH_SKM":20.1,"DIS_AV_CMS":0.0,"ORD_STRA":1,"ORD_FLOW":10},"geometry":{"type":"LineString","coordinates":[[55.27083333333212,20.53124999999988],[55.24791666666542,20.53124999999988],[55.243749999998755,20.535416666666542]]}},{"type":"Feature","properties":{"HYRIV_ID":20898941,"NEXT_DOWN":20899077,"MAIN_RIV":20900049,"LENGTH_KM":3.0,"CATCH_SKM":9.4499998,"DIS_AV_CMS":0.006,"ORD_STRA":2,"ORD_FLOW":9},"geometry":{"type":"LineString","coordinates":[[55.68541666666539,20.53124999999988],[55.68124999999873,20.535416666666542],[55.67291666666543,20.535416666666542],[55.66874999999877,20.53958333333319],[55.660416666665355,20.53958333333319]]}},{"type":"Feature","properties":{"HYRIV_ID":20898978,"NEXT_DOWN":20898898,"MAIN_RIV":20892193,"LENGTH_KM":1.1,"CATCH_SKM":0.6,"DIS_AV_CMS":0.0,"ORD_STRA":4,"ORD_FLOW":10},"geometry":{"type":"LineString","coordinates":[[54.031249999998806,20.527083333333216],[54.031249999998806,20.53124999999988],[54.02708333333214,20.535416666666542]]}},{"type":"Feature","properties":{"HYRIV_ID":20898979,"NEXT_DOWN":20898703,"MAIN_RIV":20892193,"LENGTH_KM":4.37,"CATCH_SKM":24.73,"DIS_AV_CMS":0.001,"ORD_STRA":1,"ORD_FLOW":9},"geometry":{"type":"LineString","coordinates":[[54.14999999999873,20.5249999999999],[54.156249999998806,20.53124999999988],[54.156249999998806,20.535416666666542],[54.16041666666547,20.53958333333319],[54.16041666666547,20.560416666666534]]}},{"type":"Feature","properties":{"HYRIV_ID":20898980,"NEXT_DOWN":20898732,"MAIN_RIV":20892193,"LENGTH_KM":18.110001,"CATCH_SKM":67.739998,"DIS_AV_CMS":0.002,"ORD_STRA":1,"ORD_FLOW":9},"geometry":{"type":"LineString","coordinates":[[54.48124999999877,20.5249999999999],[54.48124999999877,20.53124999999988],[54.4854166666654,20.535416666666542],[54.46874999999878,20.552083333333208],[54.46041666666537,20.552083333333208],[54.45208333333207,20.560416666666534],[54.456249999998704,20.564583333333196],[54.456249999998704,20.568749999999888],[54.443749999998744,20.581249999999862],[54.43541666666542,20.581249999999862],[54.42708333333212,20.57291666666655],[54.42291666666546,20.57291666666655],[54.418749999998795,20.568749999999888],[54.418749999998795,20.560416666666534],[54.41458333333213,20.55624999999987],[54.37291666666539,20.55624999999987]]}},{"type":"Feature","properties":{"HYRIV_ID":20899005,"NEXT_DOWN":20898470,"MAIN_RIV":20892193,"LENGTH_KM":7.7800002,"CATCH_SKM":21.91,"DIS_AV_CMS":0.004,"ORD_STRA":2,"ORD_FLOW":9},"geometry":{"type":"LineString","coordinates":[[54.227083333332075,20.522916666666568],[54.23124999999874,20.522916666666568],[54.24374999999873,20.535416666666542],[54.24374999999873,20.54791666666656],[54.24791666666536,20.552083333333208],[54.24791666666536,20.564583333333196],[54.25208333333211,20.568749999999888],[54.25208333333211,20.581249999999862]]}},{"type":"Feature","properties":{"HYRIV_ID":20899073,"NEXT_DOWN":20898702,"MAIN_RIV":20892193,"LENGTH_KM":8.71,"CATCH_SKM":25.93,"DIS_AV_CMS":0.001,"ORD_STRA":1,"ORD_FLOW":9},"geometry":{"type":"LineString","coordinates":[[54.10833333333207,20.5145833333332],[54.102083333332075,20.5145833333332],[54.102083333332075,20.518749999999862],[54.10624999999874,20.522916666666568],[54.1187499999987,20.522916666666568],[54.122916666665446,20.527083333333216],[54.122916666665446,20.535416666666542],[54.135416666665435,20.54791666666656],[54.135416666665435,20.552083333333208],[54.12708333333211,20.560416666666534],[54.12708333333211,20.564583333333196]]}},{"type":"Feature","properties":{"HYRIV_ID":20899074,"NEXT_DOWN":20899005,"MAIN_RIV":20892193,"LENGTH_KM":1.42,"CATCH_SKM":12.87,"DIS_AV_CMS":0.001,"ORD_STRA":1,"ORD_FLOW":9},"geometry":{"type":"LineString","coordinates":[[54.22083333333208,20.512499999999882],[54.227083333332075,20.518749999999862],[54.227083333332075,20.522916666666568]]}},{"type":"Feature","properties":{"HYRIV_ID":20899075,"NEXT_DOWN":20899462,"MAIN_RIV":20900048,"LENGTH_KM":3.35,"CATCH_SKM":25.93,"DIS_AV_CMS":0.0,"ORD_STRA":1,"ORD_FLOW":10},"geometry":{"type":"LineString","coordinates":[[55.414583333332104,20.541666666666522],[55.414583333332104,20.535416666666542],[55.41041666666544,20.53124999999988],[55.41041666666544,20.518749999999862],[55.40624999999878,20.5145833333332]]}},{"type":"Feature","properties":{"HYRIV_ID":20899076,"NEXT_DOWN":20899462,"MAIN_RIV":20900048,"LENGTH_KM":3.8900001,"CATCH_SKM":21.309999,"DIS_AV_CMS":0.0,"ORD_STRA":1,"ORD_FLOW":10},"geometry":{"type":"LineString","coordinates":[[55.441666666665384,20.518749999999862],[55.43541666666539,20.518749999999862],[55.43124999999873,20.5145833333332],[55.40624999999878,20.5145833333332]]}},{"type":"Feature","properties":{"HYRIV_ID":20899077,"NEXT_DOWN":20899115,"MAIN_RIV":20900049,"LENGTH_KM":6.85,"CATCH_SKM":17.49,"DIS_AV_CMS":0.007,"ORD_STRA":3,"ORD_FLOW":9},"geometry":{"type":"LineString","coordinates":[[55.660416666665355,20.53958333333319],[55.647916666665395,20.53958333333319],[55.64374999999873,20.535416666666542],[55.63958333333207,20.535416666666542],[55.63541666666541,20.53124999999988],[55.631249999998744,20.53124999999988],[55.622916666665446,20.522916666666568],[55.614583333332035,20.522916666666568],[55.60624999999871,20.5145833333332]]}},{"type":"Feature","properties":{"HYRIV_ID":20899078,"NEXT_DOWN":20898941,"MAIN_RIV":20900049,"LENGTH_KM":2.95,"CATCH_SKM":17.889999,"DIS_AV_CMS":0.001,"ORD_STRA":1,"ORD_FLOW":9},"geometry":{"type":"LineString","coordinates":[[55.69999999999871,20.512499999999882],[55.693749999998715,20.518749999999862],[55.68958333333205,20.518749999999862],[55.68541666666539,20.522916666666568],[55.68541666666539,20.53124999999988]]}},{"type":"Feature","properties":{"HYRIV_ID":20899079,"NEXT_DOWN":20898941,"MAIN_RIV":20900049,"LENGTH_KM":7.8,"CATCH_SKM":21.110001,"DIS_AV_CMS":0.005,"ORD_STRA":2,"ORD_FLOW":9},"geometry":{"type":"LineString","coordinates":[[55.7437499999987,20.5145833333332],[55.739583333332035,20.518749999999862],[55.739583333332035,20.522916666666568],[55.73541666666537,20.527083333333216],[55.73541666666537,20.53124999999988],[55.73124999999874,20.535416666666542],[55.70208333333204,20.535416666666542],[55.69791666666538,20.53124999999988],[55.68541666666539,20.53124999999988]]}},{"type":"Feature","properties":{"HYRIV_ID":20899111,"NEXT_DOWN":20898978,"MAIN_RIV":20892193,"LENGTH_KM":2.97,"CATCH_SKM":15.08,"DIS_AV_CMS":0.0,"ORD_STRA":4,"ORD_FLOW":10},"geometry":{"type":"LineString","coordinates":[[54.010416666665435,20.51041666666655],[54.01458333333207,20.51041666666655],[54.031249999998806,20.527083333333216]]}},{"type":"Feature","properties":{"HYRIV_ID":20899112,"NEXT_DOWN":20898733,"MAIN_RIV":20892432,"LENGTH_KM":6.56,"CATCH_SKM":20.700001,"DIS_AV_CMS":0.012,"ORD_STRA":3,"ORD_FLOW":8},"geometry":{"type":"LineString","coordinates":[[54.647916666665424,20.51041666666655],[54.647916666665424,20.522916666666568],[54.66041666666541,20.535416666666542],[54.66041666666541,20.53958333333319],[54.66458333333205,20.543749999999854],[54.66458333333205,20.54791666666656],[54.67291666666546,20.55624999999987],[54.67708333333212,20.55624999999987]]}},{"type":"Feature","properties":{"HYRIV_ID":20899113,"NEXT_DOWN":20898473,"MAIN_RIV":20892432,"LENGTH_KM":9.4799995,"CATCH_SKM":26.74,"DIS_AV_CMS":0.002,"ORD_STRA":1,"ORD_FLOW":9},"geometry":{"type":"LineString","coordinates":[[54.73958333333209,20.50833333333322],[54.73958333333209,20.5145833333332],[54.722916666665355,20.53124999999988],[54.727083333332104,20.535416666666542],[54.727083333332104,20.53958333333319],[54.73124999999877,20.543749999999854],[54.73124999999877,20.57291666666655],[54.73958333333209,20.581249999999862]]}},{"type":"Feature","properties":{"HYRIV_ID":20899114,"NEXT_DOWN":20898817,"MAIN_RIV":20897717,"LENGTH_KM":5.6900001,"CATCH_SKM":24.73,"DIS_AV_CMS":0.0,"ORD_STRA":1,"ORD_FLOW":10},"geometry":{"type":"LineString","coordinates":[[55.00833333333205,20.50833333333322],[55.01874999999879,20.518749999999862],[55.01874999999879,20.522916666666568],[55.03124999999875,20.535416666666542],[55.03124999999875,20.53958333333319],[55.039583333332075,20.54791666666656]]}},{"type":"Feature","properties":{"HYRIV_ID":20899115,"NEXT_DOWN":20898906,"MAIN_RIV":20900049,"LENGTH_KM":4.8,"CATCH_SKM":11.46,"DIS_AV_CMS":0.006,"ORD_STRA":3,"ORD_FLOW":9},"geometry":{"type":"LineString","coordinates":[[55.60624999999871,20.5145833333332],[55.602083333332075,20.5145833333332],[55.59791666666541,20.51041666666655],[55.59374999999875,20.51041666666655],[55.585416666665424,20.518749999999862],[55.585416666665424,20.527083333333216],[55.581249999998676,20.53124999999988],[55.581249999998676,20.535416666666542]]}},{"type":"Feature","properties":{"HYRIV_ID":20899142,"NEXT_DOWN":20898732,"MAIN_RIV":20892193,"LENGTH_KM":11.12,"CATCH_SKM":26.540001,"DIS_AV_CMS":0.0,"ORD_STRA":4,"ORD_FLOW":10},"geometry":{"type":"LineString","coordinates":[[54.43541666666542,20.506249999999888],[54.42708333333212,20.5145833333332],[54.42291666666546,20.5145833333332],[54.41458333333213,20.506249999999888],[54.40624999999872,20.5145833333332],[54.40624999999872,20.518749999999862],[54.3895833333321,20.535416666666542],[54.38124999999877,20.535416666666542],[54.37291666666539,20.543749999999854],[54.37291666666539,20.54791666666656],[54.37708333333211,20.552083333333208],[54.37291666666539,20.55624999999987]]}},{"type":"Feature","properties":{"HYRIV_ID":20899143,"NEXT_DOWN":20899144,"MAIN_RIV":20892432,"LENGTH_KM":2.35,"CATCH_SKM":19.5,"DIS_AV_CMS":0.001,"ORD_STRA":1,"ORD_FLOW":9},"geometry":{"type":"LineString","coordinates":[[54.62083333333206,20.506249999999888],[54.62708333333205,20.506249999999888],[54.6312499999988,20.51041666666655],[54.63541666666546,20.51041666666655],[54.6395833333321,20.506249999999888]]}},{"type":"Feature","properties":{"HYRIV_ID":20899144,"NEXT_DOWN":20899112,"MAIN_RIV":20892432,"LENGTH_KM":1.0700001,"CATCH_SKM":1.0,"DIS_AV_CMS":0.004,"ORD_STRA":2,"ORD_FLOW":9},"geometry":{"type":"LineString","coordinates":[[54.6395833333321,20.506249999999888],[54.64374999999876,20.506249999999888],[54.647916666665424,20.51041666666655]]}},{"type":"Feature","properties":{"HYRIV_ID":20899145,"NEXT_DOWN":20899115,"MAIN_RIV":20900049,"LENGTH_KM":1.27,"CATCH_SKM":3.02,"DIS_AV_CMS":0.005,"ORD_STRA":2,"ORD_FLOW":9},"geometry":{"type":"LineString","coordinates":[[55.614583333332035,20.506249999999888],[55.60624999999871,20.5145833333332]]}},{"type":"Feature","properties":{"HYRIV_ID":20899180,"NEXT_DOWN":20898978,"MAIN_RIV":20892193,"LENGTH_KM":8.25,"CATCH_SKM":40.419998,"DIS_AV_CMS":0.001,"ORD_STRA":1,"ORD_FLOW":9},"geometry":{"type":"LineString","coordinates":[[54.05833333333209,20.502083333333182],[54.068749999998715,20.502083333333182],[54.07291666666546,20.506249999999888],[54.07291666666546,20.518749999999862],[54.068749999998715,20.522916666666568],[54.06458333333205,20.522916666666568],[54.06041666666542,20.527083333333216],[54.056249999998755,20.522916666666568],[54.05208333333209,20.522916666666568],[54.04791666666543,20.527083333333216],[54.031249999998806,20.527083333333216]]}},{"type":"Feature","properties":{"HYRIV_ID":20899203,"NEXT_DOWN":20899251,"MAIN_RIV":20892193,"LENGTH_KM":0.65,"CATCH_SKM":11.26,"DIS_AV_CMS":0.001,"ORD_STRA":1,"ORD_FLOW":9},"geometry":{"type":"LineString","coordinates":[[54.545833333332126,20.497916666666534],[54.53958333333205,20.497916666666534]]}},{"type":"Feature","properties":{"HYRIV_ID":20899204,"NEXT_DOWN":20899284,"MAIN_RIV":20897717,"LENGTH_KM":0.69,"CATCH_SKM":12.06,"DIS_AV_CMS":0.0,"ORD_STRA":1,"ORD_FLOW":10},"geometry":{"type":"LineString","coordinates":[[55.177083333332064,20.504166666666514],[55.177083333332064,20.497916666666534]]}},{"type":"Feature","properties":{"HYRIV_ID":20899205,"NEXT_DOWN":20899284,"MAIN_RIV":20897717,"LENGTH_KM":9.2799997,"CATCH_SKM":32.77,"DIS_AV_CMS":0.0,"ORD_STRA":2,"ORD_FLOW":10},"geometry":{"type":"LineString","coordinates":[[55.243749999998755,20.535416666666542],[55.23958333333209,20.535416666666542],[55.22708333333205,20.522916666666568],[55.222916666665384,20.522916666666568],[55.21458333333206,20.5145833333332],[55.197916666665435,20.5145833333332],[55.19374999999877,20.51041666666655],[55.19374999999877,20.502083333333182],[55.189583333332024,20.497916666666534],[55.177083333332064,20.497916666666534]]}},{"type":"Feature","properties":{"HYRIV_ID":20899249,"NEXT_DOWN":20899111,"MAIN_RIV":20892193,"LENGTH_KM":3.24,"CATCH_SKM":5.23,"DIS_AV_CMS":0.0,"ORD_STRA":4,"ORD_FLOW":10},"geometry":{"type":"LineString","coordinates":[[53.989583333332035,20.49374999999987],[53.99374999999878,20.497916666666534],[53.99374999999878,20.502083333333182],[53.997916666665446,20.506249999999888],[54.00208333333211,20.506249999999888],[54.00624999999877,20.51041666666655],[54.010416666665435,20.51041666666655]]}},{"type":"Feature","properties":{"HYRIV_ID":20899250,"NEXT_DOWN":20898471,"MAIN_RIV":20892193,"LENGTH_KM":12.75,"CATCH_SKM":50.25,"DIS_AV_CMS":0.008,"ORD_STRA":2,"ORD_FLOW":9},"geometry":{"type":"LineString","coordinates":[[54.535416666665384,20.49374999999987],[54.522916666665424,20.49374999999987],[54.5145833333321,20.502083333333182],[54.5145833333321,20.5145833333332],[54.510416666665435,20.518749999999862],[54.5145833333321,20.522916666666568],[54.5145833333321,20.527083333333216],[54.51874999999876,20.53124999999988],[54.51874999999876,20.543749999999854],[54.510416666665435,20.552083333333208],[54.510416666665435,20.568749999999888],[54.522916666665424,20.581249999999862]]}},{"type":"Feature","properties":{"HYRIV_ID":20899251,"NEXT_DOWN":20899250,"MAIN_RIV":20892193,"LENGTH_KM":0.64,"CATCH_SKM":0.4,"DIS_AV_CMS":0.002,"ORD_STRA":2,"ORD_FLOW":9},"geometry":{"type":"LineString","coordinates":[[54.53958333333205,20.497916666666534],[54.535416666665384,20.49374999999987]]}},{"type":"Feature","properties":{"HYRIV_ID":20899252,"NEXT_DOWN":20898733,"MAIN_RIV":20892432,"LENGTH_KM":11.43,"CATCH_SKM":36.790001,"DIS_AV_CMS":0.002,"ORD_STRA":1,"ORD_FLOW":9},"geometry":{"type":"LineString","coordinates":[[54.69999999999874,20.497916666666534],[54.685416666665446,20.497916666666534],[54.68124999999878,20.49374999999987],[54.67291666666546,20.49374999999987],[54.668749999998795,20.497916666666534],[54.67291666666546,20.502083333333182],[54.67291666666546,20.518749999999862],[54.668749999998795,20.522916666666568],[54.668749999998795,20.527083333333216],[54.67291666666546,20.53124999999988],[54.67708333333212,20.53124999999988],[54.68124999999878,20.535416666666542],[54.68124999999878,20.552083333333208],[54.67708333333212,20.55624999999987]]}},{"type":"Feature","properties":{"HYRIV_ID":20899253,"NEXT_DOWN":20898607,"MAIN_RIV":20892432,"LENGTH_KM":13.06,"CATCH_SKM":54.880001,"DIS_AV_CMS":0.003,"ORD_STRA":1,"ORD_FLOW":9},"geometry":{"type":"LineString","coordinates":[[54.82499999999874,20.49166666666654],[54.83124999999873,20.497916666666534],[54.83958333333206,20.497916666666534],[54.847916666665355,20.506249999999888],[54.85624999999877,20.506249999999888],[54.86458333333209,20.5145833333332],[54.85624999999877,20.522916666666568],[54.85624999999877,20.527083333333216],[54.85208333333202,20.53124999999988],[54.85208333333202,20.53958333333319],[54.83541666666548,20.55624999999987],[54.83541666666548,20.564583333333196],[54.83124999999873,20.568749999999888],[54.82708333333207,20.568749999999888]]}},{"type":"Feature","properties":{"HYRIV_ID":20899254,"NEXT_DOWN":20898903,"MAIN_RIV":20897717,"LENGTH_KM":7.4899998,"CATCH_SKM":24.530001,"DIS_AV_CMS":0.0,"ORD_STRA":4,"ORD_FLOW":10},"geometry":{"type":"LineString","coordinates":[[55.11041666666543,20.49374999999987],[55.11041666666543,20.506249999999888],[55.11458333333209,20.51041666666655],[55.11041666666543,20.5145833333332],[55.08958333333206,20.5145833333332],[55.085416666665395,20.518749999999862],[55.085416666665395,20.53124999999988],[55.08124999999876,20.535416666666542]]}},{"type":"Feature","properties":{"HYRIV_ID":20899255,"NEXT_DOWN":20899145,"MAIN_RIV":20900049,"LENGTH_KM":1.73,"CATCH_SKM":2.61,"DIS_AV_CMS":0.004,"ORD_STRA":2,"ORD_FLOW":9},"geometry":{"type":"LineString","coordinates":[[55.622916666665446,20.49374999999987],[55.61874999999878,20.497916666666534],[55.61874999999878,20.502083333333182],[55.614583333332035,20.506249999999888]]}},{"type":"Feature","properties":{"HYRIV_ID":20899256,"NEXT_DOWN":20899255,"MAIN_RIV":20900049,"LENGTH_KM":2.1500001,"CATCH_SKM":14.48,"DIS_AV_CMS":0.001,"ORD_STRA":1,"ORD_FLOW":9},"geometry":{"type":"LineString","coordinates":[[55.6416666666654,20.497916666666534],[55.63541666666541,20.497916666666534],[55.631249999998744,20.49374999999987],[55.622916666665446,20.49374999999987]]}},{"type":"Feature","properties":{"HYRIV_ID":20899279,"NEXT_DOWN":20898657,"MAIN_RIV":20892193,"LENGTH_KM":9.37,"CATCH_SKM":27.940001,"DIS_AV_CMS":0.007,"ORD_STRA":2,"ORD_FLOW":9},"geometry":{"type":"LineString","coordinates":[[54.260416666665435,20.489583333333208],[54.260416666665435,20.502083333333182],[54.25624999999877,20.506249999999888],[54.260416666665435,20.51041666666655],[54.260416666665435,20.527083333333216],[54.25624999999877,20.53124999999988],[54.25624999999877,20.535416666666542],[54.260416666665435,20.53958333333319],[54.260416666665435,20.552083333333208],[54.26874999999876,20.560416666666534],[54.26874999999876,20.564583333333196]]}},{"type":"Feature","properties":{"HYRIV_ID":20899280,"NEXT_DOWN":20898560,"MAIN_RIV":20892193,"LENGTH_KM":12.27,"CATCH_SKM":41.009998,"DIS_AV_CMS":0.0,"ORD_STRA":4,"ORD_FLOW":10},"geometry":{"type":"LineString","coordinates":[[54.3895833333321,20.489583333333208],[54.36874999999873,20.51041666666655],[54.36874999999873,20.5145833333332],[54.3604166666654,20.522916666666568],[54.36458333333215,20.527083333333216],[54.36458333333215,20.53124999999988],[54.3604166666654,20.535416666666542],[54.35624999999874,20.535416666666542],[54.34374999999878,20.54791666666656],[54.34791666666544,20.552083333333208],[54.34791666666544,20.560416666666534],[54.35624999999874,20.568749999999888],[54.35624999999874,20.57291666666655]]}},{"type":"Feature","properties":{"HYRIV_ID":20899281,"NEXT_DOWN":20899330,"MAIN_RIV":20897717,"LENGTH_KM":10.78,"CATCH_SKM":34.98,"DIS_AV_CMS":0.0,"ORD_STRA":2,"ORD_FLOW":10},"geometry":{"type":"LineString","coordinates":[[55.152083333332115,20.568749999999888],[55.152083333332115,20.560416666666534],[55.16041666666541,20.552083333333208],[55.15624999999878,20.54791666666656],[55.15624999999878,20.53124999999988],[55.152083333332115,20.527083333333216],[55.14791666666545,20.527083333333216],[55.14374999999879,20.522916666666568],[55.14374999999879,20.518749999999862],[55.13541666666538,20.51041666666655],[55.13541666666538,20.506249999999888],[55.13958333333204,20.502083333333182],[55.13958333333204,20.497916666666534],[55.13541666666538,20.49374999999987],[55.13541666666538,20.489583333333208]]}},{"type":"Feature","properties":{"HYRIV_ID":20899282,"NEXT_DOWN":20899330,"MAIN_RIV":20897717,"LENGTH_KM":0.43,"CATCH_SKM":0.4,"DIS_AV_CMS":0.0,"ORD_STRA":3,"ORD_FLOW":10},"geometry":{"type":"LineString","coordinates":[[55.13958333333204,20.489583333333208],[55.13541666666538,20.489583333333208]]}},{"type":"Feature","properties":{"HYRIV_ID":20899283,"NEXT_DOWN":20899282,"MAIN_RIV":20897717,"LENGTH_KM":2.6,"CATCH_SKM":4.6300001,"DIS_AV_CMS":0.0,"ORD_STRA":3,"ORD_FLOW":10},"geometry":{"type":"LineString","coordinates":[[55.164583333332075,20.489583333333208],[55.13958333333204,20.489583333333208]]}},{"type":"Feature","properties":{"HYRIV_ID":20899284,"NEXT_DOWN":20899283,"MAIN_RIV":20897717,"LENGTH_KM":1.7,"CATCH_SKM":1.21,"DIS_AV_CMS":0.0,"ORD_STRA":2,"ORD_FLOW":10},"geometry":{"type":"LineString","coordinates":[[55.177083333332064,20.497916666666534],[55.1729166666654,20.497916666666534],[55.164583333332075,20.489583333333208]]}},{"type":"Feature","properties":{"HYRIV_ID":20899285,"NEXT_DOWN":20899370,"MAIN_RIV":20897717,"LENGTH_KM":6.46,"CATCH_SKM":30.559999,"DIS_AV_CMS":0.0,"ORD_STRA":1,"ORD_FLOW":10},"geometry":{"type":"LineString","coordinates":[[55.27083333333212,20.502083333333182],[55.23958333333209,20.502083333333182],[55.23541666666537,20.497916666666534],[55.23124999999871,20.497916666666534],[55.22708333333205,20.49374999999987],[55.21874999999872,20.49374999999987],[55.21458333333206,20.489583333333208]]}},{"type":"Feature","properties":{"HYRIV_ID":20899286,"NEXT_DOWN":20899145,"MAIN_RIV":20900049,"LENGTH_KM":2.4300001,"CATCH_SKM":13.67,"DIS_AV_CMS":0.001,"ORD_STRA":1,"ORD_FLOW":9},"geometry":{"type":"LineString","coordinates":[[55.60624999999871,20.487499999999876],[55.60624999999871,20.497916666666534],[55.614583333332035,20.506249999999888]]}},{"type":"Feature","properties":{"HYRIV_ID":20899325,"NEXT_DOWN":20898605,"MAIN_RIV":20892193,"LENGTH_KM":11.93,"CATCH_SKM":25.93,"DIS_AV_CMS":0.0,"ORD_STRA":6,"ORD_FLOW":10},"geometry":{"type":"LineString","coordinates":[[54.156249999998806,20.48541666666656],[54.16874999999877,20.497916666666534],[54.16874999999877,20.51041666666655],[54.17708333333209,20.518749999999862],[54.17708333333209,20.522916666666568],[54.181249999998755,20.527083333333216],[54.18541666666542,20.527083333333216],[54.18958333333208,20.53124999999988],[54.18958333333208,20.535416666666542],[54.202083333332126,20.54791666666656],[54.202083333332126,20.552083333333208],[54.18958333333208,20.564583333333196],[54.18958333333208,20.568749999999888]]}},{"type":"Feature","properties":{"HYRIV_ID":20899326,"NEXT_DOWN":20899280,"MAIN_RIV":20892193,"LENGTH_KM":1.5,"CATCH_SKM":2.21,"DIS_AV_CMS":0.01,"ORD_STRA":2,"ORD_FLOW":8},"geometry":{"type":"LineString","coordinates":[[54.40208333333209,20.48541666666656],[54.397916666665424,20.489583333333208],[54.3895833333321,20.489583333333208]]}},{"type":"Feature","properties":{"HYRIV_ID":20899327,"NEXT_DOWN":20899142,"MAIN_RIV":20892193,"LENGTH_KM":5.89,"CATCH_SKM":30.559999,"DIS_AV_CMS":0.002,"ORD_STRA":1,"ORD_FLOW":9},"geometry":{"type":"LineString","coordinates":[[54.47499999999877,20.483333333333228],[54.46874999999878,20.489583333333208],[54.46874999999878,20.49374999999987],[54.45208333333207,20.51041666666655],[54.43958333333208,20.51041666666655],[54.43541666666542,20.506249999999888]]}},{"type":"Feature","properties":{"HYRIV_ID":20899328,"NEXT_DOWN":20898902,"MAIN_RIV":20897717,"LENGTH_KM":9.9700003,"CATCH_SKM":29.959999,"DIS_AV_CMS":0.0,"ORD_STRA":4,"ORD_FLOW":10},"geometry":{"type":"LineString","coordinates":[[55.00208333333208,20.48541666666656],[55.01041666666538,20.49374999999987],[55.01874999999879,20.49374999999987],[55.02291666666545,20.497916666666534],[55.027083333332115,20.497916666666534],[55.039583333332075,20.51041666666655],[55.0562499999987,20.51041666666655],[55.06041666666536,20.5145833333332],[55.06041666666536,20.518749999999862],[55.06458333333211,20.522916666666568],[55.06458333333211,20.535416666666542]]}},{"type":"Feature","properties":{"HYRIV_ID":20899329,"NEXT_DOWN":20899254,"MAIN_RIV":20897717,"LENGTH_KM":1.27,"CATCH_SKM":1.81,"DIS_AV_CMS":0.0,"ORD_STRA":4,"ORD_FLOW":10},"geometry":{"type":"LineString","coordinates":[[55.118749999998755,20.48541666666656],[55.11041666666543,20.49374999999987]]}},{"type":"Feature","properties":{"HYRIV_ID":20899330,"NEXT_DOWN":20899329,"MAIN_RIV":20897717,"LENGTH_KM":1.9400001,"CATCH_SKM":3.82,"DIS_AV_CMS":0.0,"ORD_STRA":3,"ORD_FLOW":10},"geometry":{"type":"LineString","coordinates":[[55.13541666666538,20.489583333333208],[55.12291666666542,20.489583333333208],[55.118749999998755,20.48541666666656]]}},{"type":"Feature","properties":{"HYRIV_ID":20899367,"NEXT_DOWN":20899111,"MAIN_RIV":20892193,"LENGTH_KM":5.85,"CATCH_SKM":19.51,"DIS_AV_CMS":0.001,"ORD_STRA":1,"ORD_FLOW":9},"geometry":{"type":"LineString","coordinates":[[54.02499999999873,20.481249999999854],[54.01874999999873,20.481249999999854],[54.01458333333207,20.48541666666656],[54.010416666665435,20.481249999999854],[54.00208333333211,20.489583333333208],[54.00208333333211,20.49374999999987],[54.00624999999877,20.497916666666534],[54.00624999999877,20.506249999999888],[54.010416666665435,20.51041666666655]]}},{"type":"Feature","properties":{"HYRIV_ID":20899368,"NEXT_DOWN":20899325,"MAIN_RIV":20892193,"LENGTH_KM":1.39,"CATCH_SKM":13.07,"DIS_AV_CMS":0.001,"ORD_STRA":1,"ORD_FLOW":9},"geometry":{"type":"LineString","coordinates":[[54.16666666666546,20.479166666666522],[54.16041666666547,20.48541666666656],[54.156249999998806,20.48541666666656]]}},{"type":"Feature","properties":{"HYRIV_ID":20899369,"NEXT_DOWN":20899326,"MAIN_RIV":20892193,"LENGTH_KM":1.92,"CATCH_SKM":13.07,"DIS_AV_CMS":0.001,"ORD_STRA":1,"ORD_FLOW":9},"geometry":{"type":"LineString","coordinates":[[54.41666666666546,20.48541666666656],[54.41041666666547,20.48541666666656],[54.40624999999872,20.481249999999854],[54.40208333333209,20.48541666666656]]}},{"type":"Feature","properties":{"HYRIV_ID":20899370,"NEXT_DOWN":20899283,"MAIN_RIV":20897717,"LENGTH_KM":7.08,"CATCH_SKM":11.86,"DIS_AV_CMS":0.0,"ORD_STRA":2,"ORD_FLOW":10},"geometry":{"type":"LineString","coordinates":[[55.21458333333206,20.489583333333208],[55.210416666665424,20.48541666666656],[55.210416666665424,20.481249999999854],[55.20624999999876,20.481249999999854],[55.197916666665435,20.489583333333208],[55.19374999999877,20.48541666666656],[55.189583333332024,20.48541666666656],[55.18541666666539,20.481249999999854],[55.18124999999873,20.481249999999854],[55.177083333332064,20.48541666666656],[55.1729166666654,20.48541666666656],[55.16874999999874,20.489583333333208],[55.164583333332075,20.489583333333208]]}},{"type":"Feature","properties":{"HYRIV_ID":20899371,"NEXT_DOWN":20899370,"MAIN_RIV":20897717,"LENGTH_KM":2.02,"CATCH_SKM":17.3,"DIS_AV_CMS":0.0,"ORD_STRA":1,"ORD_FLOW":10},"geometry":{"type":"LineString","coordinates":[[55.22916666666538,20.479166666666522],[55.21874999999872,20.489583333333208],[55.21458333333206,20.489583333333208]]}},{"type":"Feature","properties":{"HYRIV_ID":20899411,"NEXT_DOWN":20899279,"MAIN_RIV":20892193,"LENGTH_KM":2.9200001,"CATCH_SKM":18.5,"DIS_AV_CMS":0.001,"ORD_STRA":1,"ORD_FLOW":9},"geometry":{"type":"LineString","coordinates":[[54.27916666666539,20.47499999999986],[54.272916666665424,20.481249999999854],[54.2645833333321,20.481249999999854],[54.260416666665435,20.48541666666656],[54.260416666665435,20.489583333333208]]}},{"type":"Feature","properties":{"HYRIV_ID":20899412,"NEXT_DOWN":20899413,"MAIN_RIV":20897717,"LENGTH_KM":4.62,"CATCH_SKM":27.75,"DIS_AV_CMS":0.002,"ORD_STRA":1,"ORD_FLOW":9},"geometry":{"type":"LineString","coordinates":[[54.958333333332064,20.499999999999893],[54.96874999999872,20.489583333333208],[54.97708333333205,20.489583333333208],[54.98124999999877,20.48541666666656],[54.98124999999877,20.481249999999854],[54.98541666666543,20.47708333333319],[54.98958333333209,20.47708333333319]]}},{"type":"Feature","properties":{"HYRIV_ID":20899413,"NEXT_DOWN":20899328,"MAIN_RIV":20897717,"LENGTH_KM":1.97,"CATCH_SKM":3.02,"DIS_AV_CMS":0.007,"ORD_STRA":2,"ORD_FLOW":9},"geometry":{"type":"LineString","coordinates":[[54.98958333333209,20.47708333333319],[54.98958333333209,20.481249999999854],[54.993749999998755,20.48541666666656],[55.00208333333208,20.48541666666656]]}},{"type":"Feature","properties":{"HYRIV_ID":20899414,"NEXT_DOWN":20899255,"MAIN_RIV":20900049,"LENGTH_KM":6.3,"CATCH_SKM":26.75,"DIS_AV_CMS":0.002,"ORD_STRA":1,"ORD_FLOW":9},"geometry":{"type":"LineString","coordinates":[[55.6708333333321,20.487499999999876],[55.664583333332104,20.481249999999854],[55.65624999999869,20.481249999999854],[55.65208333333206,20.47708333333319],[55.647916666665395,20.47708333333319],[55.64374999999873,20.481249999999854],[55.63541666666541,20.481249999999854],[55.622916666665446,20.49374999999987]]}},{"type":"Feature","properties":{"HYRIV_ID":20899460,"NEXT_DOWN":20899279,"MAIN_RIV":20892193,"LENGTH_KM":2.54,"CATCH_SKM":9.4499998,"DIS_AV_CMS":0.009,"ORD_STRA":2,"ORD_FLOW":9},"geometry":{"type":"LineString","coordinates":[[54.24374999999873,20.472916666666542],[54.260416666665435,20.489583333333208]]}},{"type":"Feature","properties":{"HYRIV_ID":20899461,"NEXT_DOWN":20899554,"MAIN_RIV":20900048,"LENGTH_KM":8.7,"CATCH_SKM":39.599998,"DIS_AV_CMS":0.0,"ORD_STRA":1,"ORD_FLOW":10},"geometry":{"type":"LineString","coordinates":[[55.337499999998755,20.53333333333321],[55.34374999999872,20.527083333333216],[55.347916666665384,20.527083333333216],[55.35208333333205,20.522916666666568],[55.35624999999871,20.522916666666568],[55.368749999998755,20.51041666666655],[55.368749999998755,20.506249999999888],[55.36458333333212,20.502083333333182],[55.36458333333212,20.472916666666542]]}},{"type":"Feature","properties":{"HYRIV_ID":20899462,"NEXT_DOWN":20899554,"MAIN_RIV":20900048,"LENGTH_KM":7.4,"CATCH_SKM":21.110001,"DIS_AV_CMS":0.0,"ORD_STRA":2,"ORD_FLOW":10},"geometry":{"type":"LineString","coordinates":[[55.40624999999878,20.5145833333332],[55.38958333333207,20.497916666666534],[55.37708333333208,20.497916666666534],[55.37291666666542,20.49374999999987],[55.37291666666542,20.47708333333319],[55.368749999998755,20.472916666666542],[55.36458333333212,20.472916666666542]]}},{"type":"Feature","properties":{"HYRIV_ID":20899508,"NEXT_DOWN":20898360,"MAIN_RIV":20892432,"LENGTH_KM":18.35,"CATCH_SKM":53.48,"DIS_AV_CMS":0.003,"ORD_STRA":1,"ORD_FLOW":9},"geometry":{"type":"LineString","coordinates":[[54.79374999999874,20.466666666666548],[54.79374999999874,20.481249999999854],[54.79791666666537,20.48541666666656],[54.789583333332075,20.49374999999987],[54.789583333332075,20.497916666666534],[54.79374999999874,20.502083333333182],[54.79791666666537,20.502083333333182],[54.79791666666537,20.51041666666655],[54.80624999999878,20.518749999999862],[54.78124999999875,20.543749999999854],[54.78124999999875,20.54791666666656],[54.77708333333209,20.552083333333208],[54.76874999999876,20.552083333333208],[54.764583333332126,20.55624999999987],[54.764583333332126,20.564583333333196],[54.76874999999876,20.568749999999888],[54.76874999999876,20.577083333333213],[54.764583333332126,20.581249999999862],[54.76874999999876,20.585416666666525],[54.76874999999876,20.59374999999988]]}},{"type":"Feature","properties":{"HYRIV_ID":20899550,"NEXT_DOWN":20899112,"MAIN_RIV":20892432,"LENGTH_KM":6.39,"CATCH_SKM":18.700001,"DIS_AV_CMS":0.01,"ORD_STRA":2,"ORD_FLOW":8},"geometry":{"type":"LineString","coordinates":[[54.66458333333205,20.464583333333216],[54.668749999998795,20.46874999999988],[54.668749999998795,20.47708333333319],[54.66458333333205,20.481249999999854],[54.66458333333205,20.489583333333208],[54.65624999999875,20.497916666666534],[54.65208333333209,20.497916666666534],[54.65208333333209,20.506249999999888],[54.647916666665424,20.51041666666655]]}},{"type":"Feature","properties":{"HYRIV_ID":20899551,"NEXT_DOWN":20899329,"MAIN_RIV":20897717,"LENGTH_KM":2.6600001,"CATCH_SKM":4.6300001,"DIS_AV_CMS":0.0,"ORD_STRA":3,"ORD_FLOW":10},"geometry":{"type":"LineString","coordinates":[[55.12708333333208,20.464583333333216],[55.12708333333208,20.46874999999988],[55.12291666666542,20.472916666666542],[55.12291666666542,20.47708333333319],[55.118749999998755,20.481249999999854],[55.118749999998755,20.48541666666656]]}},{"type":"Feature","properties":{"HYRIV_ID":20899552,"NEXT_DOWN":20899282,"MAIN_RIV":20897717,"LENGTH_KM":6.0300002,"CATCH_SKM":25.34,"DIS_AV_CMS":0.0,"ORD_STRA":1,"ORD_FLOW":10},"geometry":{"type":"LineString","coordinates":[[55.18333333333206,20.464583333333216],[55.177083333332064,20.464583333333216],[55.16874999999874,20.472916666666542],[55.16041666666541,20.472916666666542],[55.15624999999878,20.47708333333319],[55.14791666666545,20.47708333333319],[55.13958333333204,20.48541666666656],[55.13958333333204,20.489583333333208]]}},{"type":"Feature","properties":{"HYRIV_ID":20899553,"NEXT_DOWN":20899933,"MAIN_RIV":20900048,"LENGTH_KM":5.5700002,"CATCH_SKM":29.16,"DIS_AV_CMS":0.0,"ORD_STRA":1,"ORD_FLOW":10},"geometry":{"type":"LineString","coordinates":[[55.32291666666535,20.499999999999893],[55.32291666666535,20.49374999999987],[55.34374999999872,20.472916666666542],[55.347916666665384,20.472916666666542],[55.35624999999871,20.464583333333216]]}},{"type":"Feature","properties":{"HYRIV_ID":20899554,"NEXT_DOWN":20899933,"MAIN_RIV":20900048,"LENGTH_KM":1.53,"CATCH_SKM":1.81,"DIS_AV_CMS":0.0,"ORD_STRA":2,"ORD_FLOW":10},"geometry":{"type":"LineString","coordinates":[[55.36458333333212,20.472916666666542],[55.36458333333212,20.46874999999988],[55.36041666666537,20.464583333333216],[55.35624999999871,20.464583333333216]]}},{"type":"Feature","properties":{"HYRIV_ID":20899555,"NEXT_DOWN":20900049,"MAIN_RIV":20900049,"LENGTH_KM":16.34,"CATCH_SKM":45.84,"DIS_AV_CMS":0.0,"ORD_STRA":4,"ORD_FLOW":10},"geometry":{"type":"LineString","coordinates":[[55.522916666665395,20.57291666666655],[55.51874999999873,20.568749999999888],[55.51874999999873,20.564583333333196],[55.49374999999878,20.53958333333319],[55.489583333332035,20.53958333333319],[55.48541666666537,20.535416666666542],[55.48124999999871,20.535416666666542],[55.46458333333209,20.518749999999862],[55.46458333333209,20.506249999999888],[55.44791666666535,20.489583333333208],[55.44791666666535,20.48541666666656],[55.443749999998715,20.481249999999854],[55.443749999998715,20.47708333333319],[55.43124999999873,20.464583333333216]]}},{"type":"Feature","properties":{"HYRIV_ID":20899587,"NEXT_DOWN":20899325,"MAIN_RIV":20892193,"LENGTH_KM":4.77,"CATCH_SKM":13.27,"DIS_AV_CMS":0.0,"ORD_STRA":6,"ORD_FLOW":10},"geometry":{"type":"LineString","coordinates":[[54.12708333333211,20.460416666666525],[54.13124999999877,20.464583333333216],[54.135416666665435,20.464583333333216],[54.1395833333321,20.46874999999988],[54.1395833333321,20.47708333333319],[54.147916666665395,20.48541666666656],[54.156249999998806,20.48541666666656]]}},{"type":"Feature","properties":{"HYRIV_ID":20899588,"NEXT_DOWN":20899251,"MAIN_RIV":20892193,"LENGTH_KM":7.3600001,"CATCH_SKM":24.34,"DIS_AV_CMS":0.002,"ORD_STRA":1,"ORD_FLOW":9},"geometry":{"type":"LineString","coordinates":[[54.570833333332075,20.466666666666548],[54.56458333333208,20.460416666666525],[54.55624999999878,20.460416666666525],[54.543749999998795,20.472916666666542],[54.55208333333212,20.481249999999854],[54.54791666666546,20.48541666666656],[54.54791666666546,20.489583333333208],[54.53958333333205,20.497916666666534]]}},{"type":"Feature","properties":{"HYRIV_ID":20899589,"NEXT_DOWN":20899729,"MAIN_RIV":20897717,"LENGTH_KM":3.06,"CATCH_SKM":25.129999,"DIS_AV_CMS":0.002,"ORD_STRA":1,"ORD_FLOW":9},"geometry":{"type":"LineString","coordinates":[[54.914583333332075,20.483333333333228],[54.914583333332075,20.47708333333319],[54.9229166666654,20.46874999999988],[54.9229166666654,20.464583333333216],[54.927083333332035,20.460416666666525]]}},{"type":"Feature","properties":{"HYRIV_ID":20899590,"NEXT_DOWN":20900049,"MAIN_RIV":20900049,"LENGTH_KM":1.0700001,"CATCH_SKM":4.6300001,"DIS_AV_CMS":0.0,"ORD_STRA":2,"ORD_FLOW":10},"geometry":{"type":"LineString","coordinates":[[55.43958333333205,20.460416666666525],[55.43541666666539,20.464583333333216],[55.43124999999873,20.464583333333216]]}},{"type":"Feature","properties":{"HYRIV_ID":20899591,"NEXT_DOWN":20899590,"MAIN_RIV":20900049,"LENGTH_KM":18.48,"CATCH_SKM":75.199997,"DIS_AV_CMS":0.0,"ORD_STRA":1,"ORD_FLOW":10},"geometry":{"type":"LineString","coordinates":[[55.541666666665435,20.49374999999987],[55.53541666666544,20.49374999999987],[55.53541666666544,20.489583333333208],[55.53124999999869,20.48541666666656],[55.52708333333203,20.489583333333208],[55.52708333333203,20.49374999999987],[55.522916666665395,20.497916666666534],[55.522916666665395,20.502083333333182],[55.51458333333207,20.51041666666655],[55.51458333333207,20.5145833333332],[55.506249999998744,20.522916666666568],[55.497916666665446,20.522916666666568],[55.48541666666537,20.51041666666655],[55.48541666666537,20.502083333333182],[55.47708333333205,20.49374999999987],[55.47708333333205,20.48541666666656],[55.472916666665384,20.481249999999854],[55.460416666665424,20.481249999999854],[55.45624999999876,20.47708333333319],[55.45624999999876,20.472916666666542],[55.45208333333201,20.46874999999988],[55.44791666666535,20.46874999999988],[55.44791666666535,20.464583333333216],[55.443749999998715,20.460416666666525],[55.43958333333205,20.460416666666525]]}},{"type":"Feature","properties":{"HYRIV_ID":20899629,"NEXT_DOWN":20899005,"MAIN_RIV":20892193,"LENGTH_KM":11.19,"CATCH_SKM":26.540001,"DIS_AV_CMS":0.006,"ORD_STRA":2,"ORD_FLOW":9},"geometry":{"type":"LineString","coordinates":[[54.193749999998744,20.45625],[54.193749999998744,20.460416666666525],[54.19791666666538,20.464583333333216],[54.19791666666538,20.46874999999988],[54.202083333332126,20.472916666666542],[54.19791666666538,20.47708333333319],[54.19791666666538,20.481249999999854],[54.193749999998744,20.48541666666656],[54.193749999998744,20.49374999999987],[54.19791666666538,20.497916666666534],[54.19791666666538,20.51041666666655],[54.202083333332126,20.5145833333332],[54.202083333332126,20.518749999999862],[54.20624999999879,20.522916666666568],[54.214583333332115,20.522916666666568],[54.21874999999878,20.527083333333216],[54.22291666666541,20.527083333333216],[54.227083333332075,20.522916666666568]]}},{"type":"Feature","properties":{"HYRIV_ID":20899630,"NEXT_DOWN":20899142,"MAIN_RIV":20892193,"LENGTH_KM":7.37,"CATCH_SKM":18.3,"DIS_AV_CMS":0.054,"ORD_STRA":4,"ORD_FLOW":8},"geometry":{"type":"LineString","coordinates":[[54.464583333332115,20.45625],[54.464583333332115,20.460416666666525],[54.44791666666541,20.47708333333319],[54.44791666666541,20.481249999999854],[54.443749999998744,20.48541666666656],[54.443749999998744,20.489583333333208],[54.43958333333208,20.49374999999987],[54.43541666666542,20.49374999999987],[54.431249999998755,20.497916666666534],[54.43541666666542,20.502083333333182],[54.43541666666542,20.506249999999888]]}},{"type":"Feature","properties":{"HYRIV_ID":20899631,"NEXT_DOWN":20899729,"MAIN_RIV":20897717,"LENGTH_KM":5.23,"CATCH_SKM":18.700001,"DIS_AV_CMS":0.001,"ORD_STRA":1,"ORD_FLOW":9},"geometry":{"type":"LineString","coordinates":[[54.887499999998795,20.47499999999986],[54.89791666666545,20.464583333333216],[54.90208333333209,20.464583333333216],[54.90624999999875,20.460416666666525],[54.91041666666541,20.460416666666525],[54.914583333332075,20.45625],[54.91874999999874,20.460416666666525],[54.927083333332035,20.460416666666525]]}},{"type":"Feature","properties":{"HYRIV_ID":20899676,"NEXT_DOWN":20899587,"MAIN_RIV":20892193,"LENGTH_KM":0.93,"CATCH_SKM":1.01,"DIS_AV_CMS":0.0,"ORD_STRA":6,"ORD_FLOW":10},"geometry":{"type":"LineString","coordinates":[[54.12708333333211,20.4520833333332],[54.12708333333211,20.460416666666525]]}},{"type":"Feature","properties":{"HYRIV_ID":20899677,"NEXT_DOWN":20899328,"MAIN_RIV":20897717,"LENGTH_KM":4.6599998,"CATCH_SKM":9.8500004,"DIS_AV_CMS":0.0,"ORD_STRA":4,"ORD_FLOW":10},"geometry":{"type":"LineString","coordinates":[[55.01041666666538,20.4520833333332],[55.01041666666538,20.460416666666525],[55.014583333332126,20.464583333333216],[55.014583333332126,20.46874999999988],[55.01041666666538,20.472916666666542],[55.006249999998715,20.472916666666542],[55.00208333333208,20.47708333333319],[55.00208333333208,20.48541666666656]]}},{"type":"Feature","properties":{"HYRIV_ID":20899678,"NEXT_DOWN":20899933,"MAIN_RIV":20900048,"LENGTH_KM":6.96,"CATCH_SKM":37.009998,"DIS_AV_CMS":0.0,"ORD_STRA":1,"ORD_FLOW":10},"geometry":{"type":"LineString","coordinates":[[55.29999999999873,20.449999999999868],[55.31458333333205,20.464583333333216],[55.3270833333321,20.464583333333216],[55.33124999999876,20.46874999999988],[55.33958333333209,20.46874999999988],[55.34374999999872,20.464583333333216],[55.35624999999871,20.464583333333216]]}},{"type":"Feature","properties":{"HYRIV_ID":20899728,"NEXT_DOWN":20899144,"MAIN_RIV":20892432,"LENGTH_KM":8.0,"CATCH_SKM":37.41,"DIS_AV_CMS":0.003,"ORD_STRA":1,"ORD_FLOW":9},"geometry":{"type":"LineString","coordinates":[[54.629166666665384,20.447916666666536],[54.63541666666546,20.447916666666536],[54.6395833333321,20.4520833333332],[54.6395833333321,20.472916666666542],[54.64374999999876,20.47708333333319],[54.64374999999876,20.48541666666656],[54.63541666666546,20.49374999999987],[54.63541666666546,20.502083333333182],[54.6395833333321,20.506249999999888]]}},{"type":"Feature","properties":{"HYRIV_ID":20899729,"NEXT_DOWN":20899413,"MAIN_RIV":20897717,"LENGTH_KM":10.37,"CATCH_SKM":27.75,"DIS_AV_CMS":0.005,"ORD_STRA":2,"ORD_FLOW":9},"geometry":{"type":"LineString","coordinates":[[54.927083333332035,20.460416666666525],[54.9312499999987,20.45625],[54.935416666665446,20.460416666666525],[54.93958333333211,20.460416666666525],[54.95208333333207,20.447916666666536],[54.95624999999873,20.4520833333332],[54.95624999999873,20.45625],[54.960416666665395,20.460416666666525],[54.96458333333206,20.45625],[54.98124999999877,20.45625],[54.98541666666543,20.460416666666525],[54.98541666666543,20.46874999999988],[54.98958333333209,20.472916666666542],[54.98958333333209,20.47708333333319]]}},{"type":"Feature","properties":{"HYRIV_ID":20899730,"NEXT_DOWN":20899677,"MAIN_RIV":20897717,"LENGTH_KM":0.64,"CATCH_SKM":0.6,"DIS_AV_CMS":0.019,"ORD_STRA":4,"ORD_FLOW":8},"geometry":{"type":"LineString","coordinates":[[55.006249999998715,20.447916666666536],[55.01041666666538,20.4520833333332]]}},{"type":"Feature","properties":{"HYRIV_ID":20899731,"NEXT_DOWN":20899677,"MAIN_RIV":20897717,"LENGTH_KM":0.64,"CATCH_SKM":0.4,"DIS_AV_CMS":0.0,"ORD_STRA":2,"ORD_FLOW":10},"geometry":{"type":"LineString","coordinates":[[55.014583333332126,20.447916666666536],[55.01041666666538,20.4520833333332]]}},{"type":"Feature","properties":{"HYRIV_ID":20899732,"NEXT_DOWN":20899731,"MAIN_RIV":20897717,"LENGTH_KM":1.39,"CATCH_SKM":14.28,"DIS_AV_CMS":0.001,"ORD_STRA":1,"ORD_FLOW":9},"geometry":{"type":"LineString","coordinates":[[55.02499999999878,20.45416666666653],[55.01874999999879,20.447916666666536],[55.014583333332126,20.447916666666536]]}},{"type":"Feature","properties":{"HYRIV_ID":20899733,"NEXT_DOWN":20899590,"MAIN_RIV":20900049,"LENGTH_KM":8.96,"CATCH_SKM":26.35,"DIS_AV_CMS":0.0,"ORD_STRA":1,"ORD_FLOW":10},"geometry":{"type":"LineString","coordinates":[[55.495833333332115,20.466666666666548],[55.489583333332035,20.460416666666525],[55.489583333332035,20.45625],[55.48541666666537,20.4520833333332],[55.47708333333205,20.4520833333332],[55.472916666665384,20.447916666666536],[55.46874999999875,20.447916666666536],[55.46458333333209,20.4520833333332],[55.460416666665424,20.4520833333332],[55.45624999999876,20.45625],[55.45208333333201,20.45625],[55.443749999998715,20.447916666666536],[55.43958333333205,20.4520833333332],[55.43958333333205,20.460416666666525]]}},{"type":"Feature","properties":{"HYRIV_ID":20899773,"NEXT_DOWN":20898657,"MAIN_RIV":20892193,"LENGTH_KM":19.33,"CATCH_SKM":81.43,"DIS_AV_CMS":0.003,"ORD_STRA":1,"ORD_FLOW":9},"geometry":{"type":"LineString","coordinates":[[54.33333333333212,20.441666666666556],[54.32291666666541,20.4520833333332],[54.331249999998704,20.460416666666525],[54.331249999998704,20.502083333333182],[54.33541666666545,20.506249999999888],[54.31458333333208,20.527083333333216],[54.31458333333208,20.535416666666542],[54.31041666666542,20.53958333333319],[54.306249999998755,20.53958333333319],[54.30208333333209,20.543749999999854],[54.30208333333209,20.54791666666656],[54.29791666666546,20.552083333333208],[54.29791666666546,20.55624999999987],[54.28541666666547,20.568749999999888],[54.28124999999872,20.564583333333196],[54.26874999999876,20.564583333333196]]}},{"type":"Feature","properties":{"HYRIV_ID":20899811,"NEXT_DOWN":20899460,"MAIN_RIV":20892193,"LENGTH_KM":4.71,"CATCH_SKM":19.91,"DIS_AV_CMS":0.001,"ORD_STRA":1,"ORD_FLOW":9},"geometry":{"type":"LineString","coordinates":[[54.24583333333206,20.437499999999893],[54.239583333332064,20.443749999999888],[54.24791666666536,20.4520833333332],[54.24791666666536,20.460416666666525],[54.24374999999873,20.464583333333216],[54.24374999999873,20.472916666666542]]}},{"type":"Feature","properties":{"HYRIV_ID":20899812,"NEXT_DOWN":20899630,"MAIN_RIV":20892193,"LENGTH_KM":2.2,"CATCH_SKM":4.6300001,"DIS_AV_CMS":0.07,"ORD_STRA":4,"ORD_FLOW":8},"geometry":{"type":"LineString","coordinates":[[54.456249999998704,20.439583333333225],[54.464583333332115,20.447916666666536],[54.464583333332115,20.45625]]}},{"type":"Feature","properties":{"HYRIV_ID":20899813,"NEXT_DOWN":20899814,"MAIN_RIV":20897717,"LENGTH_KM":0.65,"CATCH_SKM":10.86,"DIS_AV_CMS":0.0,"ORD_STRA":1,"ORD_FLOW":10},"geometry":{"type":"LineString","coordinates":[[55.12499999999875,20.439583333333225],[55.131249999998744,20.439583333333225]]}},{"type":"Feature","properties":{"HYRIV_ID":20899814,"NEXT_DOWN":20899551,"MAIN_RIV":20897717,"LENGTH_KM":2.95,"CATCH_SKM":4.83,"DIS_AV_CMS":0.0,"ORD_STRA":3,"ORD_FLOW":10},"geometry":{"type":"LineString","coordinates":[[55.131249999998744,20.439583333333225],[55.131249999998744,20.4520833333332],[55.12708333333208,20.45625],[55.12708333333208,20.464583333333216]]}},{"type":"Feature","properties":{"HYRIV_ID":20899859,"NEXT_DOWN":20899812,"MAIN_RIV":20892193,"LENGTH_KM":1.39,"CATCH_SKM":12.47,"DIS_AV_CMS":0.001,"ORD_STRA":1,"ORD_FLOW":9},"geometry":{"type":"LineString","coordinates":[[54.445833333332075,20.433333333333202],[54.45208333333207,20.439583333333225],[54.456249999998704,20.439583333333225]]}},{"type":"Feature","properties":{"HYRIV_ID":20899860,"NEXT_DOWN":20899254,"MAIN_RIV":20897717,"LENGTH_KM":10.05,"CATCH_SKM":53.099998,"DIS_AV_CMS":0.0,"ORD_STRA":1,"ORD_FLOW":10},"geometry":{"type":"LineString","coordinates":[[55.05833333333203,20.433333333333202],[55.06458333333211,20.439583333333225],[55.06458333333211,20.45625],[55.06874999999877,20.460416666666525],[55.072916666665435,20.45625],[55.08124999999876,20.464583333333216],[55.08124999999876,20.46874999999988],[55.085416666665395,20.472916666666542],[55.08958333333206,20.472916666666542],[55.11041666666543,20.49374999999987]]}},{"type":"Feature","properties":{"HYRIV_ID":20899894,"NEXT_DOWN":20899629,"MAIN_RIV":20892193,"LENGTH_KM":4.39,"CATCH_SKM":19.110001,"DIS_AV_CMS":0.001,"ORD_STRA":1,"ORD_FLOW":9},"geometry":{"type":"LineString","coordinates":[[54.214583333332115,20.42916666666654],[54.214583333332115,20.439583333333225],[54.20624999999879,20.447916666666536],[54.20624999999879,20.4520833333332],[54.202083333332126,20.45625],[54.193749999998744,20.45625]]}},{"type":"Feature","properties":{"HYRIV_ID":20899932,"NEXT_DOWN":20899280,"MAIN_RIV":20892193,"LENGTH_KM":9.3599997,"CATCH_SKM":40.02,"DIS_AV_CMS":0.0,"ORD_STRA":4,"ORD_FLOW":10},"geometry":{"type":"LineString","coordinates":[[54.36874999999873,20.427083333333208],[54.37291666666539,20.43125],[54.37291666666539,20.43541666666652],[54.36458333333215,20.443749999999888],[54.36458333333215,20.447916666666536],[54.3604166666654,20.4520833333332],[54.3604166666654,20.464583333333216],[54.36458333333215,20.46874999999988],[54.36874999999873,20.46874999999988],[54.38124999999877,20.481249999999854],[54.385416666665435,20.481249999999854],[54.3895833333321,20.48541666666656],[54.3895833333321,20.489583333333208]]}},{"type":"Feature","properties":{"HYRIV_ID":20899933,"NEXT_DOWN":20900048,"MAIN_RIV":20900048,"LENGTH_KM":4.5100002,"CATCH_SKM":6.8400002,"DIS_AV_CMS":0.0,"ORD_STRA":2,"ORD_FLOW":10},"geometry":{"type":"LineString","coordinates":[[55.35624999999871,20.464583333333216],[55.35624999999871,20.45625],[55.35208333333205,20.4520833333332],[55.35208333333205,20.43125],[55.347916666665384,20.427083333333208]]}},{"type":"Feature","properties":{"HYRIV_ID":20899966,"NEXT_DOWN":20899587,"MAIN_RIV":20892193,"LENGTH_KM":9.0200005,"CATCH_SKM":38.419998,"DIS_AV_CMS":0.003,"ORD_STRA":2,"ORD_FLOW":9},"geometry":{"type":"LineString","coordinates":[[54.06041666666542,20.422916666666545],[54.06458333333205,20.427083333333208],[54.08124999999879,20.427083333333208],[54.089583333332115,20.43541666666652],[54.09374999999875,20.43541666666652],[54.09791666666541,20.439583333333225],[54.10624999999874,20.439583333333225],[54.114583333332064,20.447916666666536],[54.114583333332064,20.4520833333332],[54.122916666665446,20.460416666666525],[54.12708333333211,20.460416666666525]]}},{"type":"Feature","properties":{"HYRIV_ID":20899967,"NEXT_DOWN":20899676,"MAIN_RIV":20892193,"LENGTH_KM":3.4200001,"CATCH_SKM":6.8400002,"DIS_AV_CMS":0.0,"ORD_STRA":6,"ORD_FLOW":10},"geometry":{"type":"LineString","coordinates":[[54.13124999999877,20.422916666666545],[54.13124999999877,20.427083333333208],[54.12708333333211,20.43125],[54.12708333333211,20.4520833333332]]}},{"type":"Feature","properties":{"HYRIV_ID":20899968,"NEXT_DOWN":20899550,"MAIN_RIV":20892432,"LENGTH_KM":16.43,"CATCH_SKM":82.870003,"DIS_AV_CMS":0.006,"ORD_STRA":1,"ORD_FLOW":9},"geometry":{"type":"LineString","coordinates":[[54.774999999998755,20.422916666666545],[54.76874999999876,20.422916666666545],[54.764583333332126,20.427083333333208],[54.764583333332126,20.43125],[54.76041666666546,20.43541666666652],[54.74791666666539,20.43541666666652],[54.74374999999873,20.439583333333225],[54.74374999999873,20.443749999999888],[54.73541666666543,20.4520833333332],[54.73124999999877,20.4520833333332],[54.722916666665355,20.460416666666525],[54.710416666665395,20.460416666666525],[54.70624999999873,20.464583333333216],[54.70208333333207,20.464583333333216],[54.693749999998744,20.45625],[54.693749999998744,20.447916666666536],[54.68124999999878,20.447916666666536],[54.67708333333212,20.4520833333332],[54.67291666666546,20.4520833333332],[54.668749999998795,20.45625],[54.668749999998795,20.460416666666525],[54.66458333333205,20.464583333333216]]}},{"type":"Feature","properties":{"HYRIV_ID":20900011,"NEXT_DOWN":20899549,"MAIN_RIV":20892193,"LENGTH_KM":6.5300002,"CATCH_SKM":25.950001,"DIS_AV_CMS":0.001,"ORD_STRA":1,"ORD_FLOW":9},"geometry":{"type":"LineString","coordinates":[[54.01458333333207,20.416666666666565],[54.01458333333207,20.427083333333208],[54.00208333333211,20.439583333333225],[54.00208333333211,20.443749999999888],[54.00624999999877,20.447916666666536],[54.00624999999877,20.4520833333332],[53.99374999999878,20.464583333333216]]}},{"type":"Feature","properties":{"HYRIV_ID":20900012,"NEXT_DOWN":20899731,"MAIN_RIV":20897717,"LENGTH_KM":3.4200001,"CATCH_SKM":5.83,"DIS_AV_CMS":0.0,"ORD_STRA":2,"ORD_FLOW":10},"geometry":{"type":"LineString","coordinates":[[55.01874999999879,20.418749999999896],[55.01874999999879,20.43125],[55.014583333332126,20.43541666666652],[55.014583333332126,20.447916666666536]]}},{"type":"Feature","properties":{"HYRIV_ID":20900013,"NEXT_DOWN":20899814,"MAIN_RIV":20897717,"LENGTH_KM":2.83,"CATCH_SKM":6.8400002,"DIS_AV_CMS":0.0,"ORD_STRA":3,"ORD_FLOW":10},"geometry":{"type":"LineString","coordinates":[[55.13541666666538,20.418749999999896],[55.13958333333204,20.422916666666545],[55.13541666666538,20.427083333333208],[55.13541666666538,20.43125],[55.131249999998744,20.43541666666652],[55.131249999998744,20.439583333333225]]}},{"type":"Feature","properties":{"HYRIV_ID":20900045,"NEXT_DOWN":20899966,"MAIN_RIV":20892193,"LENGTH_KM":1.33,"CATCH_SKM":13.68,"DIS_AV_CMS":0.001,"ORD_STRA":1,"ORD_FLOW":9},"geometry":{"type":"LineString","coordinates":[[54.06458333333205,20.41249999999986],[54.06458333333205,20.418749999999896],[54.06041666666542,20.422916666666545]]}},{"type":"Feature","properties":{"HYRIV_ID":20900046,"NEXT_DOWN":20899967,"MAIN_RIV":20892193,"LENGTH_KM":1.59,"CATCH_SKM":11.67,"DIS_AV_CMS":0.001,"ORD_STRA":1,"ORD_FLOW":9},"geometry":{"type":"LineString","coordinates":[[54.12083333333203,20.41249999999986],[54.13124999999877,20.422916666666545]]}},{"type":"Feature","properties":{"HYRIV_ID":20900047,"NEXT_DOWN":20899551,"MAIN_RIV":20897717,"LENGTH_KM":12.22,"CATCH_SKM":38.619999,"DIS_AV_CMS":0.0,"ORD_STRA":1,"ORD_FLOW":10},"geometry":{"type":"LineString","coordinates":[[55.191666666665355,20.424999999999876],[55.18541666666539,20.418749999999896],[55.177083333332064,20.418749999999896],[55.1729166666654,20.41458333333319],[55.16874999999874,20.418749999999896],[55.16874999999874,20.422916666666545],[55.164583333332075,20.427083333333208],[55.164583333332075,20.43125],[55.16874999999874,20.43541666666652],[55.16874999999874,20.439583333333225],[55.164583333332075,20.443749999999888],[55.16041666666541,20.439583333333225],[55.15624999999878,20.439583333333225],[55.152083333332115,20.443749999999888],[55.152083333332115,20.4520833333332],[55.13958333333204,20.464583333333216],[55.12708333333208,20.464583333333216]]}},{"type":"Feature","properties":{"HYRIV_ID":20900048,"NEXT_DOWN":0,"MAIN_RIV":20900048,"LENGTH_KM":5.9,"CATCH_SKM":15.49,"DIS_AV_CMS":0.0,"ORD_STRA":2,"ORD_FLOW":10},"geometry":{"type":"LineString","coordinates":[[55.347916666665384,20.427083333333208],[55.347916666665384,20.422916666666545],[55.35208333333205,20.418749999999896],[55.35624999999871,20.418749999999896],[55.36041666666537,20.422916666666545],[55.36041666666537,20.427083333333208],[55.36458333333212,20.43125],[55.368749999998755,20.43125],[55.37708333333208,20.422916666666545],[55.37708333333208,20.41458333333319]]}},{"type":"Feature","properties":{"HYRIV_ID":20900049,"NEXT_DOWN":0,"MAIN_RIV":20900049,"LENGTH_KM":8.3199997,"CATCH_SKM":36.0,"DIS_AV_CMS":0.0,"ORD_STRA":4,"ORD_FLOW":10},"geometry":{"type":"LineString","coordinates":[[55.43124999999873,20.464583333333216],[55.427083333332064,20.460416666666525],[55.4229166666654,20.460416666666525],[55.40624999999878,20.443749999999888],[55.402083333332115,20.443749999999888],[55.38541666666541,20.427083333333208],[55.38541666666541,20.422916666666545],[55.37708333333208,20.41458333333319]]}},{"type":"Feature","properties":{"HYRIV_ID":20900050,"NEXT_DOWN":20900232,"MAIN_RIV":20900230,"LENGTH_KM":1.42,"CATCH_SKM":10.86,"DIS_AV_CMS":0.001,"ORD_STRA":1,"ORD_FLOW":9},"geometry":{"type":"LineString","coordinates":[[55.6416666666654,20.424999999999876],[55.647916666665395,20.418749999999896],[55.647916666665395,20.41458333333319]]}},{"type":"Feature","properties":{"HYRIV_ID":20900051,"NEXT_DOWN":20900232,"MAIN_RIV":20900230,"LENGTH_KM":7.9,"CATCH_SKM":38.619999,"DIS_AV_CMS":0.003,"ORD_STRA":1,"ORD_FLOW":9},"geometry":{"type":"LineString","coordinates":[[55.70833333333201,20.447916666666536],[55.69791666666538,20.447916666666536],[55.693749999998715,20.443749999999888],[55.68958333333205,20.443749999999888],[55.68541666666539,20.439583333333225],[55.67708333333209,20.439583333333225],[55.664583333332104,20.427083333333208],[55.660416666665355,20.427083333333208],[55.647916666665395,20.41458333333319]]}},{"type":"Feature","properties":{"HYRIV_ID":20900084,"NEXT_DOWN":20899630,"MAIN_RIV":20892193,"LENGTH_KM":8.6400003,"CATCH_SKM":32.790001,"DIS_AV_CMS":0.004,"ORD_STRA":2,"ORD_FLOW":9},"geometry":{"type":"LineString","coordinates":[[54.51874999999876,20.410416666666528],[54.5145833333321,20.410416666666528],[54.510416666665435,20.41458333333319],[54.50208333333205,20.41458333333319],[54.489583333332064,20.427083333333208],[54.489583333332064,20.43541666666652],[54.477083333332104,20.447916666666536],[54.47291666666544,20.447916666666536],[54.47291666666544,20.4520833333332],[54.46874999999878,20.45625],[54.464583333332115,20.45625]]}},{"type":"Feature","properties":{"HYRIV_ID":20900085,"NEXT_DOWN":20900084,"MAIN_RIV":20892193,"LENGTH_KM":1.09,"CATCH_SKM":13.08,"DIS_AV_CMS":0.001,"ORD_STRA":1,"ORD_FLOW":9},"geometry":{"type":"LineString","coordinates":[[54.52916666666542,20.410416666666528],[54.51874999999876,20.410416666666528]]}},{"type":"Feature","properties":{"HYRIV_ID":20900118,"NEXT_DOWN":20900119,"MAIN_RIV":20897717,"LENGTH_KM":1.59,"CATCH_SKM":14.28,"DIS_AV_CMS":0.001,"ORD_STRA":1,"ORD_FLOW":9},"geometry":{"type":"LineString","coordinates":[[54.93749999999878,20.416666666666565],[54.947916666665435,20.40624999999988]]}},{"type":"Feature","properties":{"HYRIV_ID":20900119,"NEXT_DOWN":20899730,"MAIN_RIV":20897717,"LENGTH_KM":9.4799995,"CATCH_SKM":17.5,"DIS_AV_CMS":0.009,"ORD_STRA":2,"ORD_FLOW":9},"geometry":{"type":"LineString","coordinates":[[54.947916666665435,20.40624999999988],[54.95624999999873,20.40624999999988],[54.96458333333206,20.41458333333319],[54.960416666665395,20.418749999999896],[54.96874999999872,20.427083333333208],[54.98124999999877,20.427083333333208],[54.98958333333209,20.43541666666652],[54.98958333333209,20.443749999999888],[54.993749999998755,20.447916666666536],[55.006249999998715,20.447916666666536]]}},{"type":"Feature","properties":{"HYRIV_ID":20900120,"NEXT_DOWN":20900048,"MAIN_RIV":20900048,"LENGTH_KM":14.51,"CATCH_SKM":75.440002,"DIS_AV_CMS":0.0,"ORD_STRA":1,"ORD_FLOW":10},"geometry":{"type":"LineString","coordinates":[[55.241666666665424,20.420833333333228],[55.24791666666542,20.41458333333319],[55.24791666666542,20.410416666666528],[55.25208333333208,20.40624999999988],[55.277083333332115,20.40624999999988],[55.28124999999878,20.410416666666528],[55.28124999999878,20.41458333333319],[55.28541666666544,20.418749999999896],[55.289583333332104,20.418749999999896],[55.29374999999874,20.41458333333319],[55.30624999999873,20.41458333333319],[55.31458333333205,20.422916666666545],[55.31874999999869,20.422916666666545],[55.3270833333321,20.43125],[55.33124999999876,20.43125],[55.335416666665424,20.43541666666652],[55.33958333333209,20.43541666666652],[55.347916666665384,20.427083333333208]]}},{"type":"Feature","properties":{"HYRIV_ID":20900150,"NEXT_DOWN":20899550,"MAIN_RIV":20892432,"LENGTH_KM":9.0200005,"CATCH_SKM":23.74,"DIS_AV_CMS":0.004,"ORD_STRA":2,"ORD_FLOW":9},"geometry":{"type":"LineString","coordinates":[[54.66041666666541,20.402083333333216],[54.66041666666541,20.40624999999988],[54.65624999999875,20.410416666666528],[54.65624999999875,20.41458333333319],[54.64374999999876,20.427083333333208],[54.64374999999876,20.43125],[54.65208333333209,20.439583333333225],[54.66041666666541,20.439583333333225],[54.66458333333205,20.443749999999888],[54.66458333333205,20.464583333333216]]}},{"type":"Feature","properties":{"HYRIV_ID":20900151,"NEXT_DOWN":20900012,"MAIN_RIV":20897717,"LENGTH_KM":3.11,"CATCH_SKM":16.700001,"DIS_AV_CMS":0.0,"ORD_STRA":1,"ORD_FLOW":10},"geometry":{"type":"LineString","coordinates":[[55.03333333333208,20.402083333333216],[55.027083333332115,20.402083333333216],[55.027083333332115,20.41458333333319],[55.02291666666545,20.418749999999896],[55.01874999999879,20.418749999999896]]}},{"type":"Feature","properties":{"HYRIV_ID":20900152,"NEXT_DOWN":20900324,"MAIN_RIV":20900362,"LENGTH_KM":24.4,"CATCH_SKM":93.330002,"DIS_AV_CMS":0.0,"ORD_STRA":1,"ORD_FLOW":10},"geometry":{"type":"LineString","coordinates":[[55.599999999998744,20.439583333333225],[55.58958333333209,20.439583333333225],[55.58958333333209,20.43541666666652],[55.57708333333204,20.422916666666545],[55.57291666666538,20.427083333333208],[55.57291666666538,20.43125],[55.552083333332064,20.4520833333332],[55.54374999999877,20.4520833333332],[55.53541666666544,20.443749999999888],[55.53124999999869,20.443749999999888],[55.52708333333203,20.439583333333225],[55.522916666665395,20.443749999999888],[55.51458333333207,20.443749999999888],[55.51041666666541,20.439583333333225],[55.506249999998744,20.443749999999888],[55.489583333332035,20.443749999999888],[55.48541666666537,20.439583333333225],[55.46874999999875,20.439583333333225],[55.43541666666539,20.40624999999988],[55.43124999999873,20.40624999999988],[55.427083333332064,20.402083333333216],[55.4229166666654,20.402083333333216]]}},{"type":"Feature","properties":{"HYRIV_ID":20900188,"NEXT_DOWN":20899326,"MAIN_RIV":20892193,"LENGTH_KM":10.76,"CATCH_SKM":27.360001,"DIS_AV_CMS":0.009,"ORD_STRA":2,"ORD_FLOW":9},"geometry":{"type":"LineString","coordinates":[[54.41041666666547,20.397916666666553],[54.40624999999872,20.402083333333216],[54.40624999999872,20.43125],[54.41041666666547,20.43541666666652],[54.41041666666547,20.447916666666536],[54.40624999999872,20.4520833333332],[54.40624999999872,20.460416666666525],[54.40208333333209,20.464583333333216],[54.40208333333209,20.46874999999988],[54.40624999999872,20.472916666666542],[54.40624999999872,20.47708333333319],[54.40208333333209,20.481249999999854],[54.40208333333209,20.48541666666656]]}},{"type":"Feature","properties":{"HYRIV_ID":20900189,"NEXT_DOWN":20900084,"MAIN_RIV":20892193,"LENGTH_KM":1.79,"CATCH_SKM":14.69,"DIS_AV_CMS":0.001,"ORD_STRA":1,"ORD_FLOW":9},"geometry":{"type":"LineString","coordinates":[[54.522916666665424,20.395833333333222],[54.522916666665424,20.402083333333216],[54.51874999999876,20.40624999999988],[54.51874999999876,20.410416666666528]]}},{"type":"Feature","properties":{"HYRIV_ID":20900190,"NEXT_DOWN":20900150,"MAIN_RIV":20892432,"LENGTH_KM":0.69,"CATCH_SKM":13.28,"DIS_AV_CMS":0.001,"ORD_STRA":1,"ORD_FLOW":9},"geometry":{"type":"LineString","coordinates":[[54.66041666666541,20.395833333333222],[54.66041666666541,20.402083333333216]]}},{"type":"Feature","properties":{"HYRIV_ID":20900226,"NEXT_DOWN":20899966,"MAIN_RIV":20892193,"LENGTH_KM":5.6,"CATCH_SKM":27.16,"DIS_AV_CMS":0.001,"ORD_STRA":1,"ORD_FLOW":9},"geometry":{"type":"LineString","coordinates":[[54.031249999998806,20.39166666666653],[54.031249999998806,20.402083333333216],[54.056249999998755,20.427083333333208],[54.06041666666542,20.422916666666545]]}},{"type":"Feature","properties":{"HYRIV_ID":20900227,"NEXT_DOWN":20900228,"MAIN_RIV":20897717,"LENGTH_KM":10.33,"CATCH_SKM":51.700001,"DIS_AV_CMS":0.004,"ORD_STRA":1,"ORD_FLOW":9},"geometry":{"type":"LineString","coordinates":[[54.84999999999869,20.443749999999888],[54.85624999999877,20.443749999999888],[54.86041666666543,20.447916666666536],[54.87291666666539,20.447916666666536],[54.90208333333209,20.418749999999896],[54.90208333333209,20.410416666666528],[54.914583333332075,20.397916666666553],[54.914583333332075,20.393749999999862]]}},{"type":"Feature","properties":{"HYRIV_ID":20900228,"NEXT_DOWN":20900119,"MAIN_RIV":20897717,"LENGTH_KM":4.8800001,"CATCH_SKM":10.26,"DIS_AV_CMS":0.008,"ORD_STRA":2,"ORD_FLOW":9},"geometry":{"type":"LineString","coordinates":[[54.914583333332075,20.393749999999862],[54.927083333332035,20.40624999999988],[54.9312499999987,20.402083333333216],[54.935416666665446,20.40624999999988],[54.93958333333211,20.402083333333216],[54.94374999999877,20.402083333333216],[54.947916666665435,20.40624999999988]]}},{"type":"Feature","properties":{"HYRIV_ID":20900229,"NEXT_DOWN":20900013,"MAIN_RIV":20897717,"LENGTH_KM":4.39,"CATCH_SKM":17.1,"DIS_AV_CMS":0.0,"ORD_STRA":1,"ORD_FLOW":10},"geometry":{"type":"LineString","coordinates":[[55.154166666665446,20.39166666666653],[55.14374999999879,20.402083333333216],[55.14791666666545,20.40624999999988],[55.13958333333204,20.41458333333319],[55.13541666666538,20.41458333333319],[55.13541666666538,20.418749999999896]]}},{"type":"Feature","properties":{"HYRIV_ID":20900230,"NEXT_DOWN":0,"MAIN_RIV":20900230,"LENGTH_KM":2.6600001,"CATCH_SKM":5.0300002,"DIS_AV_CMS":0.0,"ORD_STRA":5,"ORD_FLOW":10},"geometry":{"type":"LineString","coordinates":[[55.368749999998755,20.393749999999862],[55.368749999998755,20.40624999999988],[55.37708333333208,20.41458333333319]]}},{"type":"Feature","properties":{"HYRIV_ID":20900231,"NEXT_DOWN":20900440,"MAIN_RIV":20900230,"LENGTH_KM":0.69,"CATCH_SKM":12.67,"DIS_AV_CMS":0.001,"ORD_STRA":1,"ORD_FLOW":9},"geometry":{"type":"LineString","coordinates":[[55.622916666665446,20.399999999999885],[55.622916666665446,20.393749999999862]]}},{"type":"Feature","properties":{"HYRIV_ID":20900232,"NEXT_DOWN":20900440,"MAIN_RIV":20900230,"LENGTH_KM":3.61,"CATCH_SKM":7.2399998,"DIS_AV_CMS":0.005,"ORD_STRA":2,"ORD_FLOW":9},"geometry":{"type":"LineString","coordinates":[[55.647916666665395,20.41458333333319],[55.631249999998744,20.397916666666553],[55.62708333333211,20.397916666666553],[55.622916666665446,20.393749999999862]]}},{"type":"Feature","properties":{"HYRIV_ID":20900321,"NEXT_DOWN":20900188,"MAIN_RIV":20892193,"LENGTH_KM":4.37,"CATCH_SKM":15.9,"DIS_AV_CMS":0.001,"ORD_STRA":1,"ORD_FLOW":9},"geometry":{"type":"LineString","coordinates":[[54.42708333333212,20.383333333333205],[54.42708333333212,20.393749999999862],[54.431249999998755,20.397916666666553],[54.42708333333212,20.402083333333216],[54.41458333333213,20.402083333333216],[54.41041666666547,20.397916666666553]]}},{"type":"Feature","properties":{"HYRIV_ID":20900322,"NEXT_DOWN":20900402,"MAIN_RIV":20897717,"LENGTH_KM":1.52,"CATCH_SKM":17.1,"DIS_AV_CMS":0.001,"ORD_STRA":1,"ORD_FLOW":9},"geometry":{"type":"LineString","coordinates":[[54.8583333333321,20.385416666666536],[54.87291666666539,20.385416666666536]]}},{"type":"Feature","properties":{"HYRIV_ID":20900323,"NEXT_DOWN":20900402,"MAIN_RIV":20897717,"LENGTH_KM":1.42,"CATCH_SKM":12.88,"DIS_AV_CMS":0.001,"ORD_STRA":1,"ORD_FLOW":9},"geometry":{"type":"LineString","coordinates":[[54.866666666665424,20.395833333333222],[54.87291666666539,20.3895833333332],[54.87291666666539,20.385416666666536]]}},{"type":"Feature","properties":{"HYRIV_ID":20900324,"NEXT_DOWN":20900362,"MAIN_RIV":20900362,"LENGTH_KM":3.81,"CATCH_SKM":8.4499998,"DIS_AV_CMS":0.0,"ORD_STRA":2,"ORD_FLOW":10},"geometry":{"type":"LineString","coordinates":[[55.4229166666654,20.402083333333216],[55.41874999999877,20.40624999999988],[55.39791666666537,20.385416666666536]]}},{"type":"Feature","properties":{"HYRIV_ID":20900325,"NEXT_DOWN":20900324,"MAIN_RIV":20900362,"LENGTH_KM":10.13,"CATCH_SKM":55.130001,"DIS_AV_CMS":0.0,"ORD_STRA":1,"ORD_FLOW":10},"geometry":{"type":"LineString","coordinates":[[55.495833333332115,20.410416666666528],[55.489583333332035,20.410416666666528],[55.48124999999871,20.402083333333216],[55.47708333333205,20.402083333333216],[55.46874999999875,20.393749999999862],[55.46458333333209,20.393749999999862],[55.460416666665424,20.3895833333332],[55.443749999998715,20.3895833333332],[55.43958333333205,20.385416666666536],[55.43124999999873,20.385416666666536],[55.4229166666654,20.393749999999862],[55.4229166666654,20.402083333333216]]}},{"type":"Feature","properties":{"HYRIV_ID":20900360,"NEXT_DOWN":20899967,"MAIN_RIV":20892193,"LENGTH_KM":6.7,"CATCH_SKM":15.29,"DIS_AV_CMS":0.0,"ORD_STRA":6,"ORD_FLOW":10},"geometry":{"type":"LineString","coordinates":[[54.1187499999987,20.381249999999888],[54.122916666665446,20.385416666666536],[54.12708333333211,20.385416666666536],[54.13124999999877,20.3895833333332],[54.12708333333211,20.393749999999862],[54.12708333333211,20.397916666666553],[54.13124999999877,20.402083333333216],[54.135416666665435,20.402083333333216],[54.1395833333321,20.40624999999988],[54.1395833333321,20.410416666666528],[54.135416666665435,20.41458333333319],[54.135416666665435,20.418749999999896],[54.13124999999877,20.422916666666545]]}},{"type":"Feature","properties":{"HYRIV_ID":20900361,"NEXT_DOWN":20900230,"MAIN_RIV":20900230,"LENGTH_KM":5.2600002,"CATCH_SKM":27.77,"DIS_AV_CMS":0.0,"ORD_STRA":1,"ORD_FLOW":10},"geometry":{"type":"LineString","coordinates":[[55.33333333333209,20.383333333333205],[55.33958333333209,20.3895833333332],[55.347916666665384,20.381249999999888],[55.35624999999871,20.381249999999888],[55.36041666666537,20.385416666666536],[55.36041666666537,20.3895833333332],[55.36458333333212,20.393749999999862],[55.368749999998755,20.393749999999862]]}},{"type":"Feature","properties":{"HYRIV_ID":20900362,"NEXT_DOWN":0,"MAIN_RIV":20900362,"LENGTH_KM":5.0300002,"CATCH_SKM":19.719999,"DIS_AV_CMS":0.0,"ORD_STRA":2,"ORD_FLOW":10},"geometry":{"type":"LineString","coordinates":[[55.39791666666537,20.385416666666536],[55.39374999999873,20.381249999999888],[55.38541666666541,20.3895833333332],[55.38541666666541,20.40624999999988],[55.37708333333208,20.41458333333319]]}},{"type":"Feature","properties":{"HYRIV_ID":20900401,"NEXT_DOWN":20900150,"MAIN_RIV":20892432,"LENGTH_KM":5.96,"CATCH_SKM":23.540001,"DIS_AV_CMS":0.002,"ORD_STRA":1,"ORD_FLOW":9},"geometry":{"type":"LineString","coordinates":[[54.68749999999878,20.374999999999893],[54.693749999998744,20.381249999999888],[54.68958333333211,20.385416666666536],[54.68958333333211,20.393749999999862],[54.68124999999878,20.402083333333216],[54.66041666666541,20.402083333333216]]}},{"type":"Feature","properties":{"HYRIV_ID":20900402,"NEXT_DOWN":20900228,"MAIN_RIV":20897717,"LENGTH_KM":5.5500002,"CATCH_SKM":12.88,"DIS_AV_CMS":0.003,"ORD_STRA":2,"ORD_FLOW":9},"geometry":{"type":"LineString","coordinates":[[54.87291666666539,20.385416666666536],[54.881249999998715,20.377083333333225],[54.88541666666538,20.381249999999888],[54.89374999999879,20.381249999999888],[54.90208333333209,20.3895833333332],[54.90624999999875,20.3895833333332],[54.91041666666541,20.393749999999862],[54.914583333332075,20.393749999999862]]}},{"type":"Feature","properties":{"HYRIV_ID":20900403,"NEXT_DOWN":20900013,"MAIN_RIV":20897717,"LENGTH_KM":5.3200002,"CATCH_SKM":19.32,"DIS_AV_CMS":0.0,"ORD_STRA":3,"ORD_FLOW":10},"geometry":{"type":"LineString","coordinates":[[55.118749999998755,20.377083333333225],[55.118749999998755,20.381249999999888],[55.12708333333208,20.3895833333332],[55.12708333333208,20.393749999999862],[55.131249999998744,20.397916666666553],[55.131249999998744,20.41458333333319],[55.13541666666538,20.418749999999896]]}},{"type":"Feature","properties":{"HYRIV_ID":20900439,"NEXT_DOWN":20900585,"MAIN_RIV":20900230,"LENGTH_KM":2.2,"CATCH_SKM":20.32,"DIS_AV_CMS":0.002,"ORD_STRA":1,"ORD_FLOW":9},"geometry":{"type":"LineString","coordinates":[[55.57708333333204,20.383333333333205],[55.57708333333204,20.377083333333225],[55.581249999998676,20.37291666666652],[55.58958333333209,20.37291666666652]]}},{"type":"Feature","properties":{"HYRIV_ID":20900440,"NEXT_DOWN":20900585,"MAIN_RIV":20900230,"LENGTH_KM":4.48,"CATCH_SKM":8.4499998,"DIS_AV_CMS":0.006,"ORD_STRA":2,"ORD_FLOW":9},"geometry":{"type":"LineString","coordinates":[[55.622916666665446,20.393749999999862],[55.61874999999878,20.3895833333332],[55.61041666666537,20.3895833333332],[55.59374999999875,20.37291666666652],[55.58958333333209,20.37291666666652]]}},{"type":"Feature","properties":{"HYRIV_ID":20900482,"NEXT_DOWN":20899812,"MAIN_RIV":20892193,"LENGTH_KM":9.8599997,"CATCH_SKM":26.16,"DIS_AV_CMS":0.074,"ORD_STRA":4,"ORD_FLOW":8},"geometry":{"type":"LineString","coordinates":[[54.489583333332064,20.36874999999987],[54.4854166666654,20.37291666666652],[54.48124999999877,20.37291666666652],[54.477083333332104,20.377083333333225],[54.477083333332104,20.381249999999888],[54.47291666666544,20.385416666666536],[54.47291666666544,20.402083333333216],[54.477083333332104,20.40624999999988],[54.47291666666544,20.410416666666528],[54.47291666666544,20.422916666666545],[54.456249999998704,20.439583333333225]]}},{"type":"Feature","properties":{"HYRIV_ID":20900483,"NEXT_DOWN":20900362,"MAIN_RIV":20900362,"LENGTH_KM":2.4300001,"CATCH_SKM":17.110001,"DIS_AV_CMS":0.001,"ORD_STRA":1,"ORD_FLOW":9},"geometry":{"type":"LineString","coordinates":[[55.40624999999878,20.36666666666654],[55.40624999999878,20.377083333333225],[55.39791666666537,20.385416666666536]]}},{"type":"Feature","properties":{"HYRIV_ID":20900504,"NEXT_DOWN":20899676,"MAIN_RIV":20892193,"LENGTH_KM":13.59,"CATCH_SKM":55.130001,"DIS_AV_CMS":0.003,"ORD_STRA":1,"ORD_FLOW":9},"geometry":{"type":"LineString","coordinates":[[54.147916666665395,20.362499999999876],[54.147916666665395,20.381249999999888],[54.156249999998806,20.3895833333332],[54.156249999998806,20.402083333333216],[54.16041666666547,20.40624999999988],[54.16041666666547,20.410416666666528],[54.16458333333213,20.41458333333319],[54.16458333333213,20.418749999999896],[54.16874999999877,20.422916666666545],[54.16041666666547,20.43125],[54.147916666665395,20.43125],[54.1395833333321,20.439583333333225],[54.1395833333321,20.443749999999888],[54.13124999999877,20.4520833333332],[54.12708333333211,20.4520833333332]]}},{"type":"Feature","properties":{"HYRIV_ID":20900505,"NEXT_DOWN":20899250,"MAIN_RIV":20892193,"LENGTH_KM":19.860001,"CATCH_SKM":83.290001,"DIS_AV_CMS":0.005,"ORD_STRA":1,"ORD_FLOW":9},"geometry":{"type":"LineString","coordinates":[[54.614583333332064,20.362499999999876],[54.614583333332064,20.381249999999888],[54.60624999999877,20.3895833333332],[54.60624999999877,20.393749999999862],[54.602083333332104,20.397916666666553],[54.602083333332104,20.40624999999988],[54.59374999999878,20.41458333333319],[54.58958333333203,20.41458333333319],[54.585416666665395,20.418749999999896],[54.57708333333207,20.418749999999896],[54.543749999998795,20.4520833333332],[54.535416666665384,20.4520833333332],[54.52708333333209,20.460416666666525],[54.52708333333209,20.464583333333216],[54.53124999999875,20.46874999999988],[54.53124999999875,20.47708333333319],[54.535416666665384,20.481249999999854],[54.535416666665384,20.49374999999987]]}},{"type":"Feature","properties":{"HYRIV_ID":20900525,"NEXT_DOWN":20899932,"MAIN_RIV":20892193,"LENGTH_KM":11.01,"CATCH_SKM":43.060001,"DIS_AV_CMS":0.003,"ORD_STRA":1,"ORD_FLOW":9},"geometry":{"type":"LineString","coordinates":[[54.306249999998755,20.358333333333213],[54.306249999998755,20.364583333333208],[54.339583333332115,20.397916666666553],[54.339583333332115,20.40624999999988],[54.34791666666544,20.41458333333319],[54.34791666666544,20.418749999999896],[54.352083333332075,20.422916666666545],[54.36458333333215,20.422916666666545],[54.36874999999873,20.427083333333208]]}},{"type":"Feature","properties":{"HYRIV_ID":20900526,"NEXT_DOWN":20900482,"MAIN_RIV":20892193,"LENGTH_KM":1.1,"CATCH_SKM":1.01,"DIS_AV_CMS":0.094,"ORD_STRA":4,"ORD_FLOW":8},"geometry":{"type":"LineString","coordinates":[[54.49374999999873,20.360416666666545],[54.49374999999873,20.364583333333208],[54.489583333332064,20.36874999999987]]}},{"type":"Feature","properties":{"HYRIV_ID":20900527,"NEXT_DOWN":20900012,"MAIN_RIV":20897717,"LENGTH_KM":8.2700005,"CATCH_SKM":39.639999,"DIS_AV_CMS":0.0,"ORD_STRA":1,"ORD_FLOW":10},"geometry":{"type":"LineString","coordinates":[[55.004166666665384,20.358333333333213],[55.01041666666538,20.364583333333208],[55.014583333332126,20.364583333333208],[55.01874999999879,20.36874999999987],[55.01874999999879,20.37291666666652],[55.014583333332126,20.377083333333225],[55.014583333332126,20.393749999999862],[55.01041666666538,20.397916666666553],[55.01041666666538,20.410416666666528],[55.01874999999879,20.418749999999896]]}},{"type":"Feature","properties":{"HYRIV_ID":20900528,"NEXT_DOWN":20900622,"MAIN_RIV":20897717,"LENGTH_KM":0.69,"CATCH_SKM":13.48,"DIS_AV_CMS":0.0,"ORD_STRA":1,"ORD_FLOW":10},"geometry":{"type":"LineString","coordinates":[[55.20624999999876,20.36666666666654],[55.20624999999876,20.360416666666545]]}},{"type":"Feature","properties":{"HYRIV_ID":20900529,"NEXT_DOWN":20900230,"MAIN_RIV":20900230,"LENGTH_KM":4.0500002,"CATCH_SKM":9.46,"DIS_AV_CMS":0.0,"ORD_STRA":5,"ORD_FLOW":10},"geometry":{"type":"LineString","coordinates":[[55.37708333333208,20.360416666666545],[55.37708333333208,20.37291666666652],[55.37291666666542,20.377083333333225],[55.37291666666542,20.3895833333332],[55.368749999998755,20.393749999999862]]}},{"type":"Feature","properties":{"HYRIV_ID":20900530,"NEXT_DOWN":20900728,"MAIN_RIV":20900230,"LENGTH_KM":0.95,"CATCH_SKM":10.66,"DIS_AV_CMS":0.001,"ORD_STRA":1,"ORD_FLOW":9},"geometry":{"type":"LineString","coordinates":[[55.66249999999877,20.36666666666654],[55.65624999999869,20.360416666666545]]}},{"type":"Feature","properties":{"HYRIV_ID":20900531,"NEXT_DOWN":20900728,"MAIN_RIV":20900230,"LENGTH_KM":7.1100001,"CATCH_SKM":15.29,"DIS_AV_CMS":0.004,"ORD_STRA":2,"ORD_FLOW":9},"geometry":{"type":"LineString","coordinates":[[55.71041666666534,20.385416666666536],[55.71041666666534,20.381249999999888],[55.70208333333204,20.37291666666652],[55.693749999998715,20.37291666666652],[55.68958333333205,20.36874999999987],[55.67708333333209,20.36874999999987],[55.67291666666543,20.364583333333208],[55.66874999999877,20.364583333333208],[55.664583333332104,20.360416666666545],[55.65624999999869,20.360416666666545]]}},{"type":"Feature","properties":{"HYRIV_ID":20900548,"NEXT_DOWN":20900188,"MAIN_RIV":20892193,"LENGTH_KM":4.98,"CATCH_SKM":12.68,"DIS_AV_CMS":0.008,"ORD_STRA":2,"ORD_FLOW":9},"geometry":{"type":"LineString","coordinates":[[54.41041666666547,20.356249999999882],[54.41041666666547,20.36874999999987],[54.41458333333213,20.37291666666652],[54.41458333333213,20.385416666666536],[54.41041666666547,20.3895833333332],[54.41041666666547,20.397916666666553]]}},{"type":"Feature","properties":{"HYRIV_ID":20900549,"NEXT_DOWN":20900526,"MAIN_RIV":20892193,"LENGTH_KM":1.77,"CATCH_SKM":1.81,"DIS_AV_CMS":0.005,"ORD_STRA":2,"ORD_FLOW":9},"geometry":{"type":"LineString","coordinates":[[54.48124999999877,20.356249999999882],[54.49374999999873,20.356249999999882],[54.49374999999873,20.360416666666545]]}},{"type":"Feature","properties":{"HYRIV_ID":20900550,"NEXT_DOWN":20900619,"MAIN_RIV":20897717,"LENGTH_KM":8.8,"CATCH_SKM":41.25,"DIS_AV_CMS":0.003,"ORD_STRA":1,"ORD_FLOW":9},"geometry":{"type":"LineString","coordinates":[[54.73749999999876,20.377083333333225],[54.74374999999873,20.377083333333225],[54.74791666666539,20.381249999999888],[54.75208333333205,20.377083333333225],[54.756249999998715,20.381249999999888],[54.76041666666546,20.381249999999888],[54.764583333332126,20.377083333333225],[54.78541666666541,20.377083333333225],[54.80208333333212,20.360416666666545],[54.80208333333212,20.356249999999882]]}},{"type":"Feature","properties":{"HYRIV_ID":20900551,"NEXT_DOWN":20900619,"MAIN_RIV":20897717,"LENGTH_KM":6.9299998,"CATCH_SKM":35.209999,"DIS_AV_CMS":0.003,"ORD_STRA":1,"ORD_FLOW":9},"geometry":{"type":"LineString","coordinates":[[54.774999999998755,20.399999999999885],[54.789583333332075,20.385416666666536],[54.79374999999874,20.385416666666536],[54.810416666665446,20.36874999999987],[54.810416666665446,20.364583333333208],[54.80208333333212,20.356249999999882]]}},{"type":"Feature","properties":{"HYRIV_ID":20900552,"NEXT_DOWN":20899730,"MAIN_RIV":20897717,"LENGTH_KM":14.22,"CATCH_SKM":39.84,"DIS_AV_CMS":0.018,"ORD_STRA":4,"ORD_FLOW":8},"geometry":{"type":"LineString","coordinates":[[54.960416666665395,20.356249999999882],[54.972916666665384,20.36874999999987],[54.98124999999877,20.36874999999987],[54.98541666666543,20.364583333333208],[54.993749999998755,20.37291666666652],[54.98958333333209,20.377083333333225],[54.993749999998755,20.381249999999888],[54.993749999998755,20.393749999999862],[54.98958333333209,20.397916666666553],[54.98958333333209,20.40624999999988],[54.993749999998755,20.410416666666528],[54.993749999998755,20.418749999999896],[54.99791666666542,20.422916666666545],[54.99791666666542,20.43125],[55.00208333333208,20.43541666666652],[55.00208333333208,20.439583333333225],[55.006249999998715,20.443749999999888],[55.006249999998715,20.447916666666536]]}},{"type":"Feature","properties":{"HYRIV_ID":20900579,"NEXT_DOWN":20900580,"MAIN_RIV":20892193,"LENGTH_KM":1.72,"CATCH_SKM":13.48,"DIS_AV_CMS":0.001,"ORD_STRA":1,"ORD_FLOW":9},"geometry":{"type":"LineString","coordinates":[[54.099999999998744,20.356249999999882],[54.10624999999874,20.356249999999882],[54.1104166666654,20.352083333333233],[54.114583333332064,20.352083333333233]]}},{"type":"Feature","properties":{"HYRIV_ID":20900580,"NEXT_DOWN":20900360,"MAIN_RIV":20892193,"LENGTH_KM":3.76,"CATCH_SKM":8.4499998,"DIS_AV_CMS":0.0,"ORD_STRA":6,"ORD_FLOW":10},"geometry":{"type":"LineString","coordinates":[[54.114583333332064,20.352083333333233],[54.114583333332064,20.356249999999882],[54.1187499999987,20.360416666666545],[54.1187499999987,20.364583333333208],[54.122916666665446,20.36874999999987],[54.1187499999987,20.37291666666652],[54.1187499999987,20.381249999999888]]}},{"type":"Feature","properties":{"HYRIV_ID":20900581,"NEXT_DOWN":20900482,"MAIN_RIV":20892193,"LENGTH_KM":10.41,"CATCH_SKM":37.23,"DIS_AV_CMS":0.003,"ORD_STRA":1,"ORD_FLOW":9},"geometry":{"type":"LineString","coordinates":[[54.56666666666541,20.362499999999876],[54.56041666666542,20.356249999999882],[54.55624999999878,20.356249999999882],[54.55208333333212,20.352083333333233],[54.54791666666546,20.352083333333233],[54.543749999998795,20.356249999999882],[54.543749999998795,20.360416666666545],[54.535416666665384,20.36874999999987],[54.53124999999875,20.36874999999987],[54.52708333333209,20.37291666666652],[54.51874999999876,20.37291666666652],[54.5145833333321,20.377083333333225],[54.49791666666539,20.377083333333225],[54.489583333332064,20.36874999999987]]}},{"type":"Feature","properties":{"HYRIV_ID":20900582,"NEXT_DOWN":20900583,"MAIN_RIV":20897717,"LENGTH_KM":3.04,"CATCH_SKM":13.48,"DIS_AV_CMS":0.001,"ORD_STRA":1,"ORD_FLOW":9},"geometry":{"type":"LineString","coordinates":[[54.93958333333211,20.370833333333188],[54.93958333333211,20.364583333333208],[54.947916666665435,20.356249999999882],[54.95208333333207,20.356249999999882],[54.95624999999873,20.352083333333233]]}},{"type":"Feature","properties":{"HYRIV_ID":20900583,"NEXT_DOWN":20900552,"MAIN_RIV":20897717,"LENGTH_KM":0.64,"CATCH_SKM":0.81,"DIS_AV_CMS":0.046,"ORD_STRA":4,"ORD_FLOW":8},"geometry":{"type":"LineString","coordinates":[[54.95624999999873,20.352083333333233],[54.960416666665395,20.356249999999882]]}},{"type":"Feature","properties":{"HYRIV_ID":20900584,"NEXT_DOWN":20900529,"MAIN_RIV":20900230,"LENGTH_KM":2.62,"CATCH_SKM":14.69,"DIS_AV_CMS":0.0,"ORD_STRA":1,"ORD_FLOW":10},"geometry":{"type":"LineString","coordinates":[[55.35833333333204,20.352083333333233],[55.368749999998755,20.352083333333233],[55.37291666666542,20.356249999999882],[55.37708333333208,20.356249999999882],[55.37708333333208,20.360416666666545]]}},{"type":"Feature","properties":{"HYRIV_ID":20900585,"NEXT_DOWN":20901147,"MAIN_RIV":20900230,"LENGTH_KM":2.49,"CATCH_SKM":4.6300001,"DIS_AV_CMS":0.008,"ORD_STRA":2,"ORD_FLOW":9},"geometry":{"type":"LineString","coordinates":[[55.58958333333209,20.37291666666652],[55.58958333333209,20.364583333333208],[55.585416666665424,20.360416666666545],[55.585416666665424,20.352083333333233]]}},{"type":"Feature","properties":{"HYRIV_ID":20900617,"NEXT_DOWN":20900548,"MAIN_RIV":20892193,"LENGTH_KM":1.1,"CATCH_SKM":3.02,"DIS_AV_CMS":0.006,"ORD_STRA":2,"ORD_FLOW":9},"geometry":{"type":"LineString","coordinates":[[54.40624999999872,20.347916666666528],[54.40624999999872,20.352083333333233],[54.41041666666547,20.356249999999882]]}},{"type":"Feature","properties":{"HYRIV_ID":20900618,"NEXT_DOWN":20900549,"MAIN_RIV":20892193,"LENGTH_KM":1.16,"CATCH_SKM":11.27,"DIS_AV_CMS":0.001,"ORD_STRA":1,"ORD_FLOW":9},"geometry":{"type":"LineString","coordinates":[[54.48124999999877,20.345833333333196],[54.48124999999877,20.356249999999882]]}},{"type":"Feature","properties":{"HYRIV_ID":20900619,"NEXT_DOWN":20900793,"MAIN_RIV":20897717,"LENGTH_KM":1.1,"CATCH_SKM":1.41,"DIS_AV_CMS":0.006,"ORD_STRA":2,"ORD_FLOW":9},"geometry":{"type":"LineString","coordinates":[[54.80208333333212,20.356249999999882],[54.80208333333212,20.352083333333233],[54.80624999999878,20.347916666666528]]}},{"type":"Feature","properties":{"HYRIV_ID":20900620,"NEXT_DOWN":20900583,"MAIN_RIV":20897717,"LENGTH_KM":1.0700001,"CATCH_SKM":2.01,"DIS_AV_CMS":0.046,"ORD_STRA":4,"ORD_FLOW":8},"geometry":{"type":"LineString","coordinates":[[54.947916666665435,20.347916666666528],[54.95208333333207,20.347916666666528],[54.95624999999873,20.352083333333233]]}},{"type":"Feature","properties":{"HYRIV_ID":20900621,"NEXT_DOWN":20900403,"MAIN_RIV":20897717,"LENGTH_KM":4.37,"CATCH_SKM":8.25,"DIS_AV_CMS":0.0,"ORD_STRA":3,"ORD_FLOW":10},"geometry":{"type":"LineString","coordinates":[[55.131249999998744,20.347916666666528],[55.12708333333208,20.347916666666528],[55.11458333333209,20.360416666666545],[55.11458333333209,20.36874999999987],[55.118749999998755,20.37291666666652],[55.118749999998755,20.377083333333225]]}},{"type":"Feature","properties":{"HYRIV_ID":20900622,"NEXT_DOWN":20900621,"MAIN_RIV":20897717,"LENGTH_KM":9.2200003,"CATCH_SKM":38.639999,"DIS_AV_CMS":0.0,"ORD_STRA":2,"ORD_FLOW":10},"geometry":{"type":"LineString","coordinates":[[55.20624999999876,20.360416666666545],[55.189583333332024,20.360416666666545],[55.18124999999873,20.36874999999987],[55.16874999999874,20.36874999999987],[55.164583333332075,20.364583333333208],[55.16041666666541,20.364583333333208],[55.152083333332115,20.356249999999882],[55.14791666666545,20.356249999999882],[55.13958333333204,20.347916666666528],[55.131249999998744,20.347916666666528]]}},{"type":"Feature","properties":{"HYRIV_ID":20900623,"NEXT_DOWN":20901147,"MAIN_RIV":20900230,"LENGTH_KM":1.5,"CATCH_SKM":2.4200001,"DIS_AV_CMS":0.009,"ORD_STRA":2,"ORD_FLOW":9},"geometry":{"type":"LineString","coordinates":[[55.59791666666541,20.347916666666528],[55.59374999999875,20.347916666666528],[55.58958333333209,20.352083333333233],[55.585416666665424,20.352083333333233]]}},{"type":"Feature","properties":{"HYRIV_ID":20900624,"NEXT_DOWN":20900623,"MAIN_RIV":20900230,"LENGTH_KM":7.37,"CATCH_SKM":27.16,"DIS_AV_CMS":0.002,"ORD_STRA":1,"ORD_FLOW":9},"geometry":{"type":"LineString","coordinates":[[55.645833333332064,20.39166666666653],[55.631249999998744,20.377083333333225],[55.631249999998744,20.37291666666652],[55.60624999999871,20.347916666666528],[55.59791666666541,20.347916666666528]]}},{"type":"Feature","properties":{"HYRIV_ID":20900659,"NEXT_DOWN":20900622,"MAIN_RIV":20897717,"LENGTH_KM":6.35,"CATCH_SKM":26.57,"DIS_AV_CMS":0.0,"ORD_STRA":1,"ORD_FLOW":10},"geometry":{"type":"LineString","coordinates":[[55.241666666665424,20.360416666666545],[55.23541666666537,20.360416666666545],[55.22708333333205,20.352083333333233],[55.22708333333205,20.347916666666528],[55.222916666665384,20.343749999999865],[55.210416666665424,20.343749999999865],[55.210416666665424,20.356249999999882],[55.20624999999876,20.360416666666545]]}},{"type":"Feature","properties":{"HYRIV_ID":20900697,"NEXT_DOWN":20900360,"MAIN_RIV":20892193,"LENGTH_KM":10.98,"CATCH_SKM":32.0,"DIS_AV_CMS":0.004,"ORD_STRA":2,"ORD_FLOW":9},"geometry":{"type":"LineString","coordinates":[[54.04791666666543,20.339583333333216],[54.05208333333209,20.343749999999865],[54.05208333333209,20.347916666666528],[54.07291666666546,20.36874999999987],[54.08124999999879,20.36874999999987],[54.08541666666545,20.37291666666652],[54.08541666666545,20.381249999999888],[54.089583333332115,20.385416666666536],[54.09374999999875,20.381249999999888],[54.09791666666541,20.385416666666536],[54.1104166666654,20.385416666666536],[54.114583333332064,20.381249999999888],[54.1187499999987,20.381249999999888]]}},{"type":"Feature","properties":{"HYRIV_ID":20900725,"NEXT_DOWN":20900697,"MAIN_RIV":20892193,"LENGTH_KM":0.69,"CATCH_SKM":10.87,"DIS_AV_CMS":0.001,"ORD_STRA":1,"ORD_FLOW":9},"geometry":{"type":"LineString","coordinates":[[54.04791666666543,20.33333333333318],[54.04791666666543,20.339583333333216]]}},{"type":"Feature","properties":{"HYRIV_ID":20900726,"NEXT_DOWN":20900548,"MAIN_RIV":20892193,"LENGTH_KM":3.76,"CATCH_SKM":17.91,"DIS_AV_CMS":0.001,"ORD_STRA":1,"ORD_FLOW":9},"geometry":{"type":"LineString","coordinates":[[54.43333333333209,20.33333333333318],[54.42708333333212,20.339583333333216],[54.42708333333212,20.343749999999865],[54.418749999998795,20.352083333333233],[54.41458333333213,20.352083333333233],[54.41041666666547,20.356249999999882]]}},{"type":"Feature","properties":{"HYRIV_ID":20900727,"NEXT_DOWN":20900403,"MAIN_RIV":20897717,"LENGTH_KM":9.9499998,"CATCH_SKM":64.400002,"DIS_AV_CMS":0.0,"ORD_STRA":1,"ORD_FLOW":10},"geometry":{"type":"LineString","coordinates":[[55.06249999999878,20.33333333333318],[55.072916666665435,20.343749999999865],[55.072916666665435,20.360416666666545],[55.0770833333321,20.364583333333208],[55.0770833333321,20.37291666666652],[55.085416666665395,20.381249999999888],[55.097916666665384,20.381249999999888],[55.10208333333205,20.377083333333225],[55.118749999998755,20.377083333333225]]}},{"type":"Feature","properties":{"HYRIV_ID":20900728,"NEXT_DOWN":20900623,"MAIN_RIV":20900230,"LENGTH_KM":8.1499996,"CATCH_SKM":26.77,"DIS_AV_CMS":0.007,"ORD_STRA":2,"ORD_FLOW":9},"geometry":{"type":"LineString","coordinates":[[55.65624999999869,20.360416666666545],[55.65208333333206,20.360416666666545],[55.63541666666541,20.343749999999865],[55.63541666666541,20.339583333333216],[55.631249999998744,20.335416666666553],[55.614583333332035,20.335416666666553],[55.61041666666537,20.339583333333216],[55.60624999999871,20.339583333333216],[55.59791666666541,20.347916666666528]]}},{"type":"Feature","properties":{"HYRIV_ID":20900761,"NEXT_DOWN":20900793,"MAIN_RIV":20897717,"LENGTH_KM":6.46,"CATCH_SKM":31.4,"DIS_AV_CMS":0.002,"ORD_STRA":1,"ORD_FLOW":9},"geometry":{"type":"LineString","coordinates":[[54.75833333333205,20.33124999999989],[54.764583333332126,20.33124999999989],[54.76874999999876,20.335416666666553],[54.772916666665424,20.335416666666553],[54.77708333333209,20.339583333333216],[54.78124999999875,20.335416666666553],[54.79374999999874,20.335416666666553],[54.80208333333212,20.343749999999865],[54.80208333333212,20.347916666666528],[54.80624999999878,20.347916666666528]]}},{"type":"Feature","properties":{"HYRIV_ID":20900762,"NEXT_DOWN":20900763,"MAIN_RIV":20897717,"LENGTH_KM":1.98,"CATCH_SKM":14.9,"DIS_AV_CMS":0.0,"ORD_STRA":1,"ORD_FLOW":10},"geometry":{"type":"LineString","coordinates":[[55.116666666665424,20.335416666666553],[55.131249999998744,20.335416666666553],[55.131249999998744,20.33124999999989]]}},{"type":"Feature","properties":{"HYRIV_ID":20900763,"NEXT_DOWN":20900621,"MAIN_RIV":20897717,"LENGTH_KM":2.2,"CATCH_SKM":8.6499996,"DIS_AV_CMS":0.0,"ORD_STRA":2,"ORD_FLOW":10},"geometry":{"type":"LineString","coordinates":[[55.131249999998744,20.33124999999989],[55.13541666666538,20.335416666666553],[55.13541666666538,20.343749999999865],[55.131249999998744,20.347916666666528]]}},{"type":"Feature","properties":{"HYRIV_ID":20900791,"NEXT_DOWN":20900792,"MAIN_RIV":20892193,"LENGTH_KM":1.72,"CATCH_SKM":15.7,"DIS_AV_CMS":0.001,"ORD_STRA":1,"ORD_FLOW":9},"geometry":{"type":"LineString","coordinates":[[54.008333333332104,20.33124999999989],[54.01458333333207,20.33124999999989],[54.01874999999873,20.327083333333242],[54.022916666665395,20.327083333333242]]}},{"type":"Feature","properties":{"HYRIV_ID":20900792,"NEXT_DOWN":20900697,"MAIN_RIV":20892193,"LENGTH_KM":3.21,"CATCH_SKM":9.2600002,"DIS_AV_CMS":0.003,"ORD_STRA":2,"ORD_FLOW":9},"geometry":{"type":"LineString","coordinates":[[54.022916666665395,20.327083333333242],[54.03541666666547,20.339583333333216],[54.04791666666543,20.339583333333216]]}},{"type":"Feature","properties":{"HYRIV_ID":20900793,"NEXT_DOWN":20900828,"MAIN_RIV":20897717,"LENGTH_KM":4.5700002,"CATCH_SKM":15.9,"DIS_AV_CMS":0.009,"ORD_STRA":2,"ORD_FLOW":9},"geometry":{"type":"LineString","coordinates":[[54.80624999999878,20.347916666666528],[54.810416666665446,20.343749999999865],[54.82708333333207,20.343749999999865],[54.83124999999873,20.339583333333216],[54.83124999999873,20.335416666666553],[54.83541666666548,20.33124999999989],[54.83541666666548,20.327083333333242]]}},{"type":"Feature","properties":{"HYRIV_ID":20900794,"NEXT_DOWN":20901312,"MAIN_RIV":20900230,"LENGTH_KM":5.6100001,"CATCH_SKM":25.559999,"DIS_AV_CMS":0.002,"ORD_STRA":1,"ORD_FLOW":9},"geometry":{"type":"LineString","coordinates":[[55.520833333332064,20.354166666666565],[55.51458333333207,20.360416666666545],[55.51041666666541,20.360416666666545],[55.50208333333208,20.352083333333233],[55.50208333333208,20.335416666666553],[55.497916666665446,20.33124999999989],[55.497916666665446,20.327083333333242]]}},{"type":"Feature","properties":{"HYRIV_ID":20900795,"NEXT_DOWN":20901312,"MAIN_RIV":20900230,"LENGTH_KM":1.09,"CATCH_SKM":12.68,"DIS_AV_CMS":0.001,"ORD_STRA":1,"ORD_FLOW":9},"geometry":{"type":"LineString","coordinates":[[55.508333333332075,20.327083333333242],[55.497916666665446,20.327083333333242]]}},{"type":"Feature","properties":{"HYRIV_ID":20900796,"NEXT_DOWN":20901831,"MAIN_RIV":20900230,"LENGTH_KM":8.8400002,"CATCH_SKM":19.92,"DIS_AV_CMS":0.004,"ORD_STRA":2,"ORD_FLOW":9},"geometry":{"type":"LineString","coordinates":[[55.73124999999874,20.377083333333225],[55.727083333332075,20.377083333333225],[55.71874999999875,20.36874999999987],[55.71874999999875,20.364583333333208],[55.71041666666534,20.356249999999882],[55.706249999998704,20.356249999999882],[55.70208333333204,20.352083333333233],[55.70208333333204,20.347916666666528],[55.69791666666538,20.343749999999865],[55.68958333333205,20.343749999999865],[55.67708333333209,20.33124999999989],[55.67708333333209,20.327083333333242]]}},{"type":"Feature","properties":{"HYRIV_ID":20900797,"NEXT_DOWN":20901831,"MAIN_RIV":20900230,"LENGTH_KM":1.96,"CATCH_SKM":13.08,"DIS_AV_CMS":0.001,"ORD_STRA":1,"ORD_FLOW":9},"geometry":{"type":"LineString","coordinates":[[55.69583333333205,20.327083333333242],[55.67708333333209,20.327083333333242]]}},{"type":"Feature","properties":{"HYRIV_ID":20900827,"NEXT_DOWN":20900580,"MAIN_RIV":20892193,"LENGTH_KM":3.59,"CATCH_SKM":9.2600002,"DIS_AV_CMS":0.0,"ORD_STRA":6,"ORD_FLOW":10},"geometry":{"type":"LineString","coordinates":[[54.114583333332064,20.322916666666536],[54.114583333332064,20.33124999999989],[54.1104166666654,20.335416666666553],[54.1104166666654,20.343749999999865],[54.114583333332064,20.347916666666528],[54.114583333332064,20.352083333333233]]}},{"type":"Feature","properties":{"HYRIV_ID":20900828,"NEXT_DOWN":20900620,"MAIN_RIV":20897717,"LENGTH_KM":14.2,"CATCH_SKM":60.380001,"DIS_AV_CMS":0.014,"ORD_STRA":2,"ORD_FLOW":8},"geometry":{"type":"LineString","coordinates":[[54.83541666666548,20.327083333333242],[54.847916666665355,20.327083333333242],[54.85208333333202,20.322916666666536],[54.86041666666543,20.322916666666536],[54.86458333333209,20.327083333333242],[54.868749999998755,20.327083333333242],[54.87291666666539,20.33124999999989],[54.87291666666539,20.335416666666553],[54.889583333332126,20.352083333333233],[54.89374999999879,20.352083333333233],[54.89791666666545,20.356249999999882],[54.90208333333209,20.352083333333233],[54.94374999999877,20.352083333333233],[54.947916666665435,20.347916666666528]]}},{"type":"Feature","properties":{"HYRIV_ID":20900868,"NEXT_DOWN":20900526,"MAIN_RIV":20892193,"LENGTH_KM":5.6599998,"CATCH_SKM":21.129999,"DIS_AV_CMS":0.091,"ORD_STRA":4,"ORD_FLOW":8},"geometry":{"type":"LineString","coordinates":[[54.51874999999876,20.318749999999874],[54.50208333333205,20.335416666666553],[54.50208333333205,20.352083333333233],[54.49374999999873,20.360416666666545]]}},{"type":"Feature","properties":{"HYRIV_ID":20900901,"NEXT_DOWN":20900617,"MAIN_RIV":20892193,"LENGTH_KM":5.23,"CATCH_SKM":23.75,"DIS_AV_CMS":0.002,"ORD_STRA":1,"ORD_FLOW":9},"geometry":{"type":"LineString","coordinates":[[54.37499999999872,20.312499999999893],[54.40208333333209,20.339583333333216],[54.40208333333209,20.343749999999865],[54.40624999999872,20.347916666666528]]}},{"type":"Feature","properties":{"HYRIV_ID":20900902,"NEXT_DOWN":20900529,"MAIN_RIV":20900230,"LENGTH_KM":5.96,"CATCH_SKM":16.91,"DIS_AV_CMS":0.0,"ORD_STRA":5,"ORD_FLOW":10},"geometry":{"type":"LineString","coordinates":[[55.381249999998744,20.314583333333225],[55.38541666666541,20.318749999999874],[55.38541666666541,20.335416666666553],[55.381249999998744,20.339583333333216],[55.381249999998744,20.347916666666528],[55.37708333333208,20.352083333333233],[55.381249999998744,20.356249999999882],[55.37708333333208,20.360416666666545]]}},{"type":"Feature","properties":{"HYRIV_ID":20900934,"NEXT_DOWN":20900902,"MAIN_RIV":20900230,"LENGTH_KM":1.5,"CATCH_SKM":2.62,"DIS_AV_CMS":0.0,"ORD_STRA":5,"ORD_FLOW":10},"geometry":{"type":"LineString","coordinates":[[55.368749999998755,20.31041666666652],[55.37291666666542,20.314583333333225],[55.381249999998744,20.314583333333225]]}},{"type":"Feature","properties":{"HYRIV_ID":20900935,"NEXT_DOWN":20900902,"MAIN_RIV":20900230,"LENGTH_KM":12.14,"CATCH_SKM":47.5,"DIS_AV_CMS":0.0,"ORD_STRA":1,"ORD_FLOW":10},"geometry":{"type":"LineString","coordinates":[[55.46666666666542,20.362499999999876],[55.460416666665424,20.356249999999882],[55.45624999999876,20.356249999999882],[55.45208333333201,20.352083333333233],[55.45208333333201,20.343749999999865],[55.43958333333205,20.33124999999989],[55.43541666666539,20.33124999999989],[55.43124999999873,20.327083333333242],[55.427083333332064,20.327083333333242],[55.41874999999877,20.318749999999874],[55.41041666666544,20.318749999999874],[55.40624999999878,20.314583333333225],[55.402083333332115,20.314583333333225],[55.39791666666537,20.31041666666652],[55.39374999999873,20.31041666666652],[55.38958333333207,20.314583333333225],[55.381249999998744,20.314583333333225]]}},{"type":"Feature","properties":{"HYRIV_ID":20900972,"NEXT_DOWN":20900868,"MAIN_RIV":20892193,"LENGTH_KM":1.97,"CATCH_SKM":16.110001,"DIS_AV_CMS":0.001,"ORD_STRA":1,"ORD_FLOW":9},"geometry":{"type":"LineString","coordinates":[[54.510416666665435,20.304166666666568],[54.510416666665435,20.31041666666652],[54.51874999999876,20.318749999999874]]}},{"type":"Feature","properties":{"HYRIV_ID":20900973,"NEXT_DOWN":20900552,"MAIN_RIV":20897717,"LENGTH_KM":7.29,"CATCH_SKM":22.75,"DIS_AV_CMS":0.001,"ORD_STRA":3,"ORD_FLOW":9},"geometry":{"type":"LineString","coordinates":[[54.98124999999877,20.3062499999999],[54.98124999999877,20.327083333333242],[54.97708333333205,20.33124999999989],[54.98124999999877,20.335416666666553],[54.98124999999877,20.339583333333216],[54.972916666665384,20.347916666666528],[54.96458333333206,20.347916666666528],[54.960416666665395,20.352083333333233],[54.960416666665395,20.356249999999882]]}},{"type":"Feature","properties":{"HYRIV_ID":20901012,"NEXT_DOWN":20900792,"MAIN_RIV":20892193,"LENGTH_KM":4.6500001,"CATCH_SKM":31.209999,"DIS_AV_CMS":0.001,"ORD_STRA":1,"ORD_FLOW":9},"geometry":{"type":"LineString","coordinates":[[54.00416666666544,20.299999999999876],[54.010416666665435,20.3062499999999],[54.01874999999873,20.3062499999999],[54.022916666665395,20.31041666666652],[54.022916666665395,20.318749999999874],[54.02708333333214,20.322916666666536],[54.022916666665395,20.327083333333242]]}},{"type":"Feature","properties":{"HYRIV_ID":20901013,"NEXT_DOWN":20900828,"MAIN_RIV":20897717,"LENGTH_KM":8.4300003,"CATCH_SKM":37.650002,"DIS_AV_CMS":0.003,"ORD_STRA":1,"ORD_FLOW":9},"geometry":{"type":"LineString","coordinates":[[54.774999999998755,20.302083333333208],[54.78124999999875,20.302083333333208],[54.78541666666541,20.3062499999999],[54.78541666666541,20.31041666666652],[54.79374999999874,20.318749999999874],[54.81458333333211,20.318749999999874],[54.81874999999877,20.314583333333225],[54.82708333333207,20.314583333333225],[54.83541666666548,20.322916666666536],[54.83541666666548,20.327083333333242]]}},{"type":"Feature","properties":{"HYRIV_ID":20901014,"NEXT_DOWN":20900620,"MAIN_RIV":20897717,"LENGTH_KM":8.3800001,"CATCH_SKM":24.16,"DIS_AV_CMS":0.032,"ORD_STRA":4,"ORD_FLOW":8},"geometry":{"type":"LineString","coordinates":[[54.89374999999879,20.302083333333208],[54.89374999999879,20.3062499999999],[54.90208333333209,20.314583333333225],[54.90624999999875,20.314583333333225],[54.91874999999874,20.327083333333242],[54.91874999999874,20.33124999999989],[54.927083333332035,20.339583333333216],[54.9312499999987,20.339583333333216],[54.935416666665446,20.343749999999865],[54.93958333333211,20.343749999999865],[54.94374999999877,20.347916666666528],[54.947916666665435,20.347916666666528]]}},{"type":"Feature","properties":{"HYRIV_ID":20901015,"NEXT_DOWN":20900973,"MAIN_RIV":20897717,"LENGTH_KM":1.39,"CATCH_SKM":16.709999,"DIS_AV_CMS":0.001,"ORD_STRA":1,"ORD_FLOW":9},"geometry":{"type":"LineString","coordinates":[[54.97083333333205,20.299999999999876],[54.97708333333205,20.3062499999999],[54.98124999999877,20.3062499999999]]}},{"type":"Feature","properties":{"HYRIV_ID":20901045,"NEXT_DOWN":20900827,"MAIN_RIV":20892193,"LENGTH_KM":3.73,"CATCH_SKM":18.92,"DIS_AV_CMS":0.012,"ORD_STRA":2,"ORD_FLOW":8},"geometry":{"type":"LineString","coordinates":[[54.13124999999877,20.297916666666545],[54.13124999999877,20.302083333333208],[54.12708333333211,20.3062499999999],[54.12708333333211,20.31041666666652],[54.122916666665446,20.314583333333225],[54.1187499999987,20.314583333333225],[54.114583333332064,20.318749999999874],[54.114583333332064,20.322916666666536]]}},{"type":"Feature","properties":{"HYRIV_ID":20901046,"NEXT_DOWN":20899932,"MAIN_RIV":20892193,"LENGTH_KM":18.219999,"CATCH_SKM":75.879997,"DIS_AV_CMS":0.056,"ORD_STRA":4,"ORD_FLOW":8},"geometry":{"type":"LineString","coordinates":[[54.32708333333204,20.297916666666545],[54.32708333333204,20.314583333333225],[54.331249999998704,20.318749999999874],[54.331249999998704,20.327083333333242],[54.33541666666545,20.33124999999989],[54.33541666666545,20.339583333333216],[54.34791666666544,20.352083333333233],[54.34791666666544,20.360416666666545],[54.35624999999874,20.36874999999987],[54.35624999999874,20.377083333333225],[54.3604166666654,20.381249999999888],[54.36458333333215,20.381249999999888],[54.36874999999873,20.377083333333225],[54.37291666666539,20.377083333333225],[54.37708333333211,20.381249999999888],[54.37708333333211,20.393749999999862],[54.36874999999873,20.402083333333216],[54.36874999999873,20.427083333333208]]}},{"type":"Feature","properties":{"HYRIV_ID":20901047,"NEXT_DOWN":20900763,"MAIN_RIV":20897717,"LENGTH_KM":7.06,"CATCH_SKM":18.92,"DIS_AV_CMS":0.0,"ORD_STRA":2,"ORD_FLOW":10},"geometry":{"type":"LineString","coordinates":[[55.164583333332075,20.297916666666545],[55.16041666666541,20.302083333333208],[55.15624999999878,20.297916666666545],[55.152083333332115,20.302083333333208],[55.13541666666538,20.302083333333208],[55.131249999998744,20.3062499999999],[55.131249999998744,20.33124999999989]]}},{"type":"Feature","properties":{"HYRIV_ID":20901048,"NEXT_DOWN":20901047,"MAIN_RIV":20897717,"LENGTH_KM":2.46,"CATCH_SKM":15.1,"DIS_AV_CMS":0.0,"ORD_STRA":1,"ORD_FLOW":10},"geometry":{"type":"LineString","coordinates":[[55.18333333333206,20.308333333333188],[55.177083333332064,20.302083333333208],[55.1729166666654,20.302083333333208],[55.16874999999874,20.297916666666545],[55.164583333332075,20.297916666666545]]}},{"type":"Feature","properties":{"HYRIV_ID":20901089,"NEXT_DOWN":20901046,"MAIN_RIV":20892193,"LENGTH_KM":1.0700001,"CATCH_SKM":1.61,"DIS_AV_CMS":0.339,"ORD_STRA":4,"ORD_FLOW":7},"geometry":{"type":"LineString","coordinates":[[54.318749999998744,20.293749999999882],[54.32291666666541,20.297916666666545],[54.32708333333204,20.297916666666545]]}},{"type":"Feature","properties":{"HYRIV_ID":20901090,"NEXT_DOWN":20901046,"MAIN_RIV":20892193,"LENGTH_KM":0.95,"CATCH_SKM":10.47,"DIS_AV_CMS":0.001,"ORD_STRA":1,"ORD_FLOW":9},"geometry":{"type":"LineString","coordinates":[[54.33333333333212,20.29166666666655],[54.32708333333204,20.297916666666545]]}},{"type":"Feature","properties":{"HYRIV_ID":20901091,"NEXT_DOWN":20900868,"MAIN_RIV":20892193,"LENGTH_KM":5.3800001,"CATCH_SKM":22.139999,"DIS_AV_CMS":0.1,"ORD_STRA":4,"ORD_FLOW":7},"geometry":{"type":"LineString","coordinates":[[54.55624999999878,20.293749999999882],[54.55208333333212,20.293749999999882],[54.54791666666546,20.297916666666545],[54.535416666665384,20.297916666666545],[54.52708333333209,20.3062499999999],[54.52708333333209,20.31041666666652],[54.51874999999876,20.318749999999874]]}},{"type":"Feature","properties":{"HYRIV_ID":20901092,"NEXT_DOWN":20901091,"MAIN_RIV":20892193,"LENGTH_KM":1.76,"CATCH_SKM":12.48,"DIS_AV_CMS":0.001,"ORD_STRA":1,"ORD_FLOW":9},"geometry":{"type":"LineString","coordinates":[[54.56458333333208,20.304166666666568],[54.56458333333208,20.297916666666545],[54.56041666666542,20.293749999999882],[54.55624999999878,20.293749999999882]]}},{"type":"Feature","properties":{"HYRIV_ID":20901093,"NEXT_DOWN":20900973,"MAIN_RIV":20897717,"LENGTH_KM":1.56,"CATCH_SKM":7.85,"DIS_AV_CMS":0.0,"ORD_STRA":3,"ORD_FLOW":10},"geometry":{"type":"LineString","coordinates":[[54.98541666666543,20.293749999999882],[54.98541666666543,20.302083333333208],[54.98124999999877,20.3062499999999]]}},{"type":"Feature","properties":{"HYRIV_ID":20901094,"NEXT_DOWN":20901047,"MAIN_RIV":20897717,"LENGTH_KM":0.46,"CATCH_SKM":0.4,"DIS_AV_CMS":0.0,"ORD_STRA":2,"ORD_FLOW":10},"geometry":{"type":"LineString","coordinates":[[55.164583333332075,20.293749999999882],[55.164583333332075,20.297916666666545]]}},{"type":"Feature","properties":{"HYRIV_ID":20901095,"NEXT_DOWN":20901094,"MAIN_RIV":20897717,"LENGTH_KM":6.9099998,"CATCH_SKM":44.290001,"DIS_AV_CMS":0.0,"ORD_STRA":1,"ORD_FLOW":10},"geometry":{"type":"LineString","coordinates":[[55.21458333333206,20.320833333333205],[55.21458333333206,20.314583333333225],[55.20624999999876,20.3062499999999],[55.2020833333321,20.3062499999999],[55.189583333332024,20.293749999999882],[55.164583333332075,20.293749999999882]]}},{"type":"Feature","properties":{"HYRIV_ID":20901096,"NEXT_DOWN":20900934,"MAIN_RIV":20900230,"LENGTH_KM":5.98,"CATCH_SKM":18.52,"DIS_AV_CMS":0.0,"ORD_STRA":4,"ORD_FLOW":10},"geometry":{"type":"LineString","coordinates":[[55.32291666666535,20.293749999999882],[55.33124999999876,20.302083333333208],[55.335416666665424,20.302083333333208],[55.347916666665384,20.314583333333225],[55.36041666666537,20.314583333333225],[55.36458333333212,20.31041666666652],[55.368749999998755,20.31041666666652]]}},{"type":"Feature","properties":{"HYRIV_ID":20901143,"NEXT_DOWN":20901536,"MAIN_RIV":20892193,"LENGTH_KM":4.4499998,"CATCH_SKM":22.549999,"DIS_AV_CMS":0.002,"ORD_STRA":1,"ORD_FLOW":9},"geometry":{"type":"LineString","coordinates":[[54.67291666666546,20.324999999999868],[54.67291666666546,20.318749999999874],[54.67708333333212,20.314583333333225],[54.668749999998795,20.3062499999999],[54.668749999998795,20.289583333333233]]}},{"type":"Feature","properties":{"HYRIV_ID":20901144,"NEXT_DOWN":20901536,"MAIN_RIV":20892193,"LENGTH_KM":3.56,"CATCH_SKM":17.92,"DIS_AV_CMS":0.001,"ORD_STRA":1,"ORD_FLOW":9},"geometry":{"type":"LineString","coordinates":[[54.69166666666541,20.308333333333188],[54.67708333333212,20.293749999999882],[54.67708333333212,20.289583333333233],[54.668749999998795,20.289583333333233]]}},{"type":"Feature","properties":{"HYRIV_ID":20901145,"NEXT_DOWN":20901146,"MAIN_RIV":20900230,"LENGTH_KM":4.08,"CATCH_SKM":23.75,"DIS_AV_CMS":0.0,"ORD_STRA":1,"ORD_FLOW":10},"geometry":{"type":"LineString","coordinates":[[55.32083333333202,20.320833333333205],[55.31041666666539,20.31041666666652],[55.31041666666539,20.3062499999999],[55.30624999999873,20.302083333333208],[55.30624999999873,20.289583333333233]]}},{"type":"Feature","properties":{"HYRIV_ID":20901146,"NEXT_DOWN":20901096,"MAIN_RIV":20900230,"LENGTH_KM":1.9400001,"CATCH_SKM":4.0300002,"DIS_AV_CMS":0.0,"ORD_STRA":4,"ORD_FLOW":10},"geometry":{"type":"LineString","coordinates":[[55.30624999999873,20.289583333333233],[55.31041666666539,20.289583333333233],[55.31458333333205,20.293749999999882],[55.32291666666535,20.293749999999882]]}},{"type":"Feature","properties":{"HYRIV_ID":20901147,"NEXT_DOWN":20901786,"MAIN_RIV":20900230,"LENGTH_KM":9.2700005,"CATCH_SKM":29.389999,"DIS_AV_CMS":0.017,"ORD_STRA":3,"ORD_FLOW":8},"geometry":{"type":"LineString","coordinates":[[55.585416666665424,20.352083333333233],[55.57708333333204,20.343749999999865],[55.57291666666538,20.343749999999865],[55.568749999998715,20.339583333333216],[55.568749999998715,20.33124999999989],[55.55624999999873,20.318749999999874],[55.568749999998715,20.3062499999999],[55.568749999998715,20.297916666666545],[55.57291666666538,20.293749999999882],[55.568749999998715,20.289583333333233]]}},{"type":"Feature","properties":{"HYRIV_ID":20901183,"NEXT_DOWN":20901045,"MAIN_RIV":20892193,"LENGTH_KM":1.39,"CATCH_SKM":1.01,"DIS_AV_CMS":0.01,"ORD_STRA":2,"ORD_FLOW":8},"geometry":{"type":"LineString","coordinates":[[54.13124999999877,20.285416666666528],[54.13124999999877,20.297916666666545]]}},{"type":"Feature","properties":{"HYRIV_ID":20901184,"NEXT_DOWN":20901183,"MAIN_RIV":20892193,"LENGTH_KM":0.65,"CATCH_SKM":10.87,"DIS_AV_CMS":0.001,"ORD_STRA":1,"ORD_FLOW":9},"geometry":{"type":"LineString","coordinates":[[54.13749999999877,20.285416666666528],[54.13124999999877,20.285416666666528]]}},{"type":"Feature","properties":{"HYRIV_ID":20901185,"NEXT_DOWN":20901186,"MAIN_RIV":20892193,"LENGTH_KM":2.36,"CATCH_SKM":16.51,"DIS_AV_CMS":0.001,"ORD_STRA":1,"ORD_FLOW":9},"geometry":{"type":"LineString","coordinates":[[54.2874999999988,20.293749999999882],[54.293749999998795,20.293749999999882],[54.29791666666546,20.289583333333233],[54.30208333333209,20.289583333333233],[54.306249999998755,20.285416666666528]]}},{"type":"Feature","properties":{"HYRIV_ID":20901186,"NEXT_DOWN":20901089,"MAIN_RIV":20892193,"LENGTH_KM":1.71,"CATCH_SKM":2.82,"DIS_AV_CMS":0.061,"ORD_STRA":3,"ORD_FLOW":8},"geometry":{"type":"LineString","coordinates":[[54.306249999998755,20.285416666666528],[54.31458333333208,20.293749999999882],[54.318749999998744,20.293749999999882]]}},{"type":"Feature","properties":{"HYRIV_ID":20901187,"NEXT_DOWN":20901188,"MAIN_RIV":20900230,"LENGTH_KM":4.89,"CATCH_SKM":21.34,"DIS_AV_CMS":0.0,"ORD_STRA":1,"ORD_FLOW":10},"geometry":{"type":"LineString","coordinates":[[55.28541666666544,20.320833333333205],[55.28541666666544,20.314583333333225],[55.289583333332104,20.314583333333225],[55.29374999999874,20.31041666666652],[55.29374999999874,20.302083333333208],[55.302083333332064,20.293749999999882],[55.302083333332064,20.285416666666528]]}},{"type":"Feature","properties":{"HYRIV_ID":20901188,"NEXT_DOWN":20901146,"MAIN_RIV":20900230,"LENGTH_KM":0.64,"CATCH_SKM":1.41,"DIS_AV_CMS":0.0,"ORD_STRA":4,"ORD_FLOW":10},"geometry":{"type":"LineString","coordinates":[[55.302083333332064,20.285416666666528],[55.30624999999873,20.289583333333233]]}},{"type":"Feature","properties":{"HYRIV_ID":20901189,"NEXT_DOWN":20901096,"MAIN_RIV":20900230,"LENGTH_KM":1.16,"CATCH_SKM":13.49,"DIS_AV_CMS":0.001,"ORD_STRA":1,"ORD_FLOW":9},"geometry":{"type":"LineString","coordinates":[[55.32291666666535,20.283333333333196],[55.32291666666535,20.293749999999882]]}},{"type":"Feature","properties":{"HYRIV_ID":20901190,"NEXT_DOWN":20901786,"MAIN_RIV":20900230,"LENGTH_KM":3.9,"CATCH_SKM":19.33,"DIS_AV_CMS":0.002,"ORD_STRA":1,"ORD_FLOW":9},"geometry":{"type":"LineString","coordinates":[[55.59374999999875,20.299999999999876],[55.59374999999875,20.293749999999882],[55.58958333333209,20.289583333333233],[55.581249999998676,20.289583333333233],[55.57708333333204,20.285416666666528],[55.57291666666538,20.289583333333233],[55.568749999998715,20.289583333333233]]}},{"type":"Feature","properties":{"HYRIV_ID":20901236,"NEXT_DOWN":20901014,"MAIN_RIV":20897717,"LENGTH_KM":14.45,"CATCH_SKM":49.939999,"DIS_AV_CMS":0.004,"ORD_STRA":1,"ORD_FLOW":9},"geometry":{"type":"LineString","coordinates":[[54.774999999998755,20.281249999999865],[54.78124999999875,20.281249999999865],[54.78541666666541,20.285416666666528],[54.80208333333212,20.285416666666528],[54.80624999999878,20.281249999999865],[54.82291666666541,20.281249999999865],[54.82708333333207,20.285416666666528],[54.83124999999873,20.281249999999865],[54.868749999998755,20.281249999999865],[54.87291666666539,20.285416666666528],[54.881249999998715,20.285416666666528],[54.889583333332126,20.293749999999882],[54.889583333332126,20.297916666666545],[54.89374999999879,20.302083333333208]]}},{"type":"Feature","properties":{"HYRIV_ID":20901237,"NEXT_DOWN":20901265,"MAIN_RIV":20897717,"LENGTH_KM":2.98,"CATCH_SKM":14.7,"DIS_AV_CMS":0.0,"ORD_STRA":2,"ORD_FLOW":10},"geometry":{"type":"LineString","coordinates":[[55.039583333332075,20.297916666666545],[55.03541666666541,20.297916666666545],[55.01874999999879,20.281249999999865]]}},{"type":"Feature","properties":{"HYRIV_ID":20901238,"NEXT_DOWN":20901239,"MAIN_RIV":20900230,"LENGTH_KM":0.65,"CATCH_SKM":11.07,"DIS_AV_CMS":0.0,"ORD_STRA":1,"ORD_FLOW":10},"geometry":{"type":"LineString","coordinates":[[55.28333333333211,20.281249999999865],[55.289583333332104,20.281249999999865]]}},{"type":"Feature","properties":{"HYRIV_ID":20901239,"NEXT_DOWN":20901188,"MAIN_RIV":20900230,"LENGTH_KM":1.5,"CATCH_SKM":3.4200001,"DIS_AV_CMS":0.0,"ORD_STRA":4,"ORD_FLOW":10},"geometry":{"type":"LineString","coordinates":[[55.289583333332104,20.281249999999865],[55.29374999999874,20.285416666666528],[55.302083333332064,20.285416666666528]]}},{"type":"Feature","properties":{"HYRIV_ID":20901261,"NEXT_DOWN":20899629,"MAIN_RIV":20892193,"LENGTH_KM":23.77,"CATCH_SKM":119.56,"DIS_AV_CMS":0.006,"ORD_STRA":1,"ORD_FLOW":9},"geometry":{"type":"LineString","coordinates":[[54.193749999998744,20.274999999999885],[54.193749999998744,20.285416666666528],[54.19791666666538,20.289583333333233],[54.19791666666538,20.293749999999882],[54.202083333332126,20.297916666666545],[54.202083333332126,20.302083333333208],[54.20624999999879,20.3062499999999],[54.20624999999879,20.314583333333225],[54.202083333332126,20.318749999999874],[54.202083333332126,20.322916666666536],[54.20624999999879,20.327083333333242],[54.20624999999879,20.339583333333216],[54.21041666666545,20.343749999999865],[54.21041666666545,20.352083333333233],[54.21874999999878,20.360416666666545],[54.21874999999878,20.385416666666536],[54.214583333332115,20.3895833333332],[54.21041666666545,20.3895833333332],[54.19791666666538,20.402083333333216],[54.193749999998744,20.402083333333216],[54.18958333333208,20.40624999999988],[54.193749999998744,20.410416666666528],[54.193749999998744,20.447916666666536],[54.18958333333208,20.4520833333332],[54.193749999998744,20.45625]]}},{"type":"Feature","properties":{"HYRIV_ID":20901262,"NEXT_DOWN":20900549,"MAIN_RIV":20892193,"LENGTH_KM":11.03,"CATCH_SKM":65.230003,"DIS_AV_CMS":0.004,"ORD_STRA":1,"ORD_FLOW":9},"geometry":{"type":"LineString","coordinates":[[54.46041666666537,20.274999999999885],[54.46041666666537,20.285416666666528],[54.456249999998704,20.289583333333233],[54.456249999998704,20.297916666666545],[54.46041666666537,20.302083333333208],[54.46041666666537,20.339583333333216],[54.464583333332115,20.343749999999865],[54.464583333332115,20.352083333333233],[54.46874999999878,20.356249999999882],[54.48124999999877,20.356249999999882]]}},{"type":"Feature","properties":{"HYRIV_ID":20901263,"NEXT_DOWN":20901091,"MAIN_RIV":20892193,"LENGTH_KM":2.37,"CATCH_SKM":6.85,"DIS_AV_CMS":0.108,"ORD_STRA":4,"ORD_FLOW":7},"geometry":{"type":"LineString","coordinates":[[54.568749999998744,20.277083333333216],[54.568749999998744,20.281249999999865],[54.55624999999878,20.293749999999882]]}},{"type":"Feature","properties":{"HYRIV_ID":20901264,"NEXT_DOWN":20901093,"MAIN_RIV":20897717,"LENGTH_KM":2.8,"CATCH_SKM":4.6300001,"DIS_AV_CMS":0.0,"ORD_STRA":2,"ORD_FLOW":10},"geometry":{"type":"LineString","coordinates":[[55.00208333333208,20.277083333333216],[54.99791666666542,20.277083333333216],[54.98958333333209,20.285416666666528],[54.98958333333209,20.289583333333233],[54.98541666666543,20.293749999999882]]}},{"type":"Feature","properties":{"HYRIV_ID":20901265,"NEXT_DOWN":20901264,"MAIN_RIV":20897717,"LENGTH_KM":1.9400001,"CATCH_SKM":3.4200001,"DIS_AV_CMS":0.0,"ORD_STRA":2,"ORD_FLOW":10},"geometry":{"type":"LineString","coordinates":[[55.01874999999879,20.281249999999865],[55.014583333332126,20.281249999999865],[55.01041666666538,20.277083333333216],[55.00208333333208,20.277083333333216]]}},{"type":"Feature","properties":{"HYRIV_ID":20901266,"NEXT_DOWN":20901265,"MAIN_RIV":20897717,"LENGTH_KM":0.95,"CATCH_SKM":11.88,"DIS_AV_CMS":0.0,"ORD_STRA":1,"ORD_FLOW":10},"geometry":{"type":"LineString","coordinates":[[55.02499999999878,20.274999999999885],[55.01874999999879,20.281249999999865]]}},{"type":"Feature","properties":{"HYRIV_ID":20901308,"NEXT_DOWN":20901045,"MAIN_RIV":20892193,"LENGTH_KM":5.2600002,"CATCH_SKM":24.57,"DIS_AV_CMS":0.001,"ORD_STRA":1,"ORD_FLOW":9},"geometry":{"type":"LineString","coordinates":[[54.10416666666541,20.270833333333222],[54.114583333332064,20.281249999999865],[54.1104166666654,20.285416666666528],[54.1104166666654,20.289583333333233],[54.114583333332064,20.293749999999882],[54.12708333333211,20.293749999999882],[54.13124999999877,20.297916666666545]]}},{"type":"Feature","properties":{"HYRIV_ID":20901309,"NEXT_DOWN":20901389,"MAIN_RIV":20892193,"LENGTH_KM":4.83,"CATCH_SKM":24.76,"DIS_AV_CMS":0.002,"ORD_STRA":1,"ORD_FLOW":9},"geometry":{"type":"LineString","coordinates":[[54.59583333333211,20.312499999999893],[54.602083333332104,20.3062499999999],[54.602083333332104,20.289583333333233],[54.59791666666544,20.285416666666528],[54.59791666666544,20.272916666666553]]}},{"type":"Feature","properties":{"HYRIV_ID":20901310,"NEXT_DOWN":20901239,"MAIN_RIV":20900230,"LENGTH_KM":1.27,"CATCH_SKM":1.81,"DIS_AV_CMS":0.0,"ORD_STRA":4,"ORD_FLOW":10},"geometry":{"type":"LineString","coordinates":[[55.28124999999878,20.272916666666553],[55.289583333332104,20.281249999999865]]}},{"type":"Feature","properties":{"HYRIV_ID":20901311,"NEXT_DOWN":20900934,"MAIN_RIV":20900230,"LENGTH_KM":4.6799998,"CATCH_SKM":14.3,"DIS_AV_CMS":0.0,"ORD_STRA":4,"ORD_FLOW":10},"geometry":{"type":"LineString","coordinates":[[55.381249999998744,20.272916666666553],[55.381249999998744,20.289583333333233],[55.37291666666542,20.297916666666545],[55.37291666666542,20.3062499999999],[55.368749999998755,20.31041666666652]]}},{"type":"Feature","properties":{"HYRIV_ID":20901312,"NEXT_DOWN":20901352,"MAIN_RIV":20900230,"LENGTH_KM":12.98,"CATCH_SKM":33.82,"DIS_AV_CMS":0.0,"ORD_STRA":2,"ORD_FLOW":10},"geometry":{"type":"LineString","coordinates":[[55.497916666665446,20.327083333333242],[55.489583333332035,20.318749999999874],[55.48541666666537,20.318749999999874],[55.48124999999871,20.314583333333225],[55.47708333333205,20.314583333333225],[55.472916666665384,20.318749999999874],[55.46874999999875,20.314583333333225],[55.460416666665424,20.314583333333225],[55.45624999999876,20.31041666666652],[55.45208333333201,20.31041666666652],[55.44791666666535,20.314583333333225],[55.443749999998715,20.314583333333225],[55.43958333333205,20.31041666666652],[55.43958333333205,20.297916666666545],[55.44791666666535,20.289583333333233],[55.44791666666535,20.281249999999865],[55.45624999999876,20.272916666666553],[55.460416666665424,20.272916666666553]]}},{"type":"Feature","properties":{"HYRIV_ID":20901313,"NEXT_DOWN":20901352,"MAIN_RIV":20900230,"LENGTH_KM":1.59,"CATCH_SKM":12.28,"DIS_AV_CMS":0.0,"ORD_STRA":1,"ORD_FLOW":10},"geometry":{"type":"LineString","coordinates":[[55.462499999998755,20.283333333333196],[55.45624999999876,20.277083333333216],[55.460416666665424,20.272916666666553]]}},{"type":"Feature","properties":{"HYRIV_ID":20901351,"NEXT_DOWN":20901237,"MAIN_RIV":20897717,"LENGTH_KM":9.9099998,"CATCH_SKM":32.009998,"DIS_AV_CMS":0.0,"ORD_STRA":1,"ORD_FLOW":10},"geometry":{"type":"LineString","coordinates":[[55.11249999999876,20.266666666666517],[55.08124999999876,20.297916666666545],[55.0770833333321,20.297916666666545],[55.072916666665435,20.293749999999882],[55.06458333333211,20.302083333333208],[55.04374999999874,20.302083333333208],[55.039583333332075,20.297916666666545]]}},{"type":"Feature","properties":{"HYRIV_ID":20901352,"NEXT_DOWN":20901423,"MAIN_RIV":20900230,"LENGTH_KM":0.46,"CATCH_SKM":0.81,"DIS_AV_CMS":0.0,"ORD_STRA":2,"ORD_FLOW":10},"geometry":{"type":"LineString","coordinates":[[55.460416666665424,20.272916666666553],[55.460416666665424,20.268749999999848]]}},{"type":"Feature","properties":{"HYRIV_ID":20901353,"NEXT_DOWN":20901641,"MAIN_RIV":20900230,"LENGTH_KM":0.65,"CATCH_SKM":10.88,"DIS_AV_CMS":0.001,"ORD_STRA":1,"ORD_FLOW":9},"geometry":{"type":"LineString","coordinates":[[55.65416666666539,20.268749999999848],[55.660416666665355,20.268749999999848]]}},{"type":"Feature","properties":{"HYRIV_ID":20901354,"NEXT_DOWN":20901641,"MAIN_RIV":20900230,"LENGTH_KM":7.0,"CATCH_SKM":28.59,"DIS_AV_CMS":0.002,"ORD_STRA":1,"ORD_FLOW":9},"geometry":{"type":"LineString","coordinates":[[55.70416666666537,20.295833333333213],[55.69791666666538,20.302083333333208],[55.693749999998715,20.297916666666545],[55.68958333333205,20.297916666666545],[55.68541666666539,20.293749999999882],[55.68541666666539,20.285416666666528],[55.68124999999873,20.281249999999865],[55.67708333333209,20.281249999999865],[55.664583333332104,20.268749999999848],[55.660416666665355,20.268749999999848]]}},{"type":"Feature","properties":{"HYRIV_ID":20901388,"NEXT_DOWN":20901263,"MAIN_RIV":20892193,"LENGTH_KM":3.04,"CATCH_SKM":15.91,"DIS_AV_CMS":0.089,"ORD_STRA":4,"ORD_FLOW":8},"geometry":{"type":"LineString","coordinates":[[54.58958333333203,20.2645833333332],[54.57708333333207,20.2645833333332],[54.57291666666541,20.268749999999848],[54.57291666666541,20.272916666666553],[54.568749999998744,20.277083333333216]]}},{"type":"Feature","properties":{"HYRIV_ID":20901389,"NEXT_DOWN":20901388,"MAIN_RIV":20892193,"LENGTH_KM":1.27,"CATCH_SKM":1.01,"DIS_AV_CMS":0.092,"ORD_STRA":4,"ORD_FLOW":8},"geometry":{"type":"LineString","coordinates":[[54.59791666666544,20.272916666666553],[54.58958333333203,20.2645833333332]]}},{"type":"Feature","properties":{"HYRIV_ID":20901390,"NEXT_DOWN":20901094,"MAIN_RIV":20897717,"LENGTH_KM":3.59,"CATCH_SKM":7.85,"DIS_AV_CMS":0.0,"ORD_STRA":2,"ORD_FLOW":10},"geometry":{"type":"LineString","coordinates":[[55.164583333332075,20.2645833333332],[55.164583333332075,20.268749999999848],[55.16041666666541,20.272916666666553],[55.16041666666541,20.281249999999865],[55.164583333332075,20.285416666666528],[55.164583333332075,20.293749999999882]]}},{"type":"Feature","properties":{"HYRIV_ID":20901420,"NEXT_DOWN":20900827,"MAIN_RIV":20892193,"LENGTH_KM":13.21,"CATCH_SKM":33.82,"DIS_AV_CMS":0.0,"ORD_STRA":6,"ORD_FLOW":10},"geometry":{"type":"LineString","coordinates":[[54.056249999998755,20.260416666666536],[54.056249999998755,20.2645833333332],[54.06041666666542,20.268749999999848],[54.06041666666542,20.272916666666553],[54.06458333333205,20.277083333333216],[54.06041666666542,20.281249999999865],[54.06041666666542,20.293749999999882],[54.06458333333205,20.297916666666545],[54.06041666666542,20.302083333333208],[54.068749999998715,20.31041666666652],[54.068749999998715,20.314583333333225],[54.07291666666546,20.318749999999874],[54.08541666666545,20.318749999999874],[54.09374999999875,20.31041666666652],[54.09791666666541,20.31041666666652],[54.10624999999874,20.318749999999874],[54.1104166666654,20.318749999999874],[54.114583333332064,20.322916666666536]]}},{"type":"Feature","properties":{"HYRIV_ID":20901421,"NEXT_DOWN":20901389,"MAIN_RIV":20892193,"LENGTH_KM":2.77,"CATCH_SKM":5.2399998,"DIS_AV_CMS":0.092,"ORD_STRA":4,"ORD_FLOW":8},"geometry":{"type":"LineString","coordinates":[[54.61874999999873,20.260416666666536],[54.60624999999877,20.272916666666553],[54.59791666666544,20.272916666666553]]}},{"type":"Feature","properties":{"HYRIV_ID":20901422,"NEXT_DOWN":20901421,"MAIN_RIV":20892193,"LENGTH_KM":9.08,"CATCH_SKM":39.049999,"DIS_AV_CMS":0.003,"ORD_STRA":1,"ORD_FLOW":9},"geometry":{"type":"LineString","coordinates":[[54.64374999999876,20.324999999999868],[54.64374999999876,20.318749999999874],[54.6395833333321,20.314583333333225],[54.63541666666546,20.314583333333225],[54.6312499999988,20.31041666666652],[54.6312499999988,20.302083333333208],[54.62708333333205,20.297916666666545],[54.62708333333205,20.289583333333233],[54.62291666666539,20.285416666666528],[54.62708333333205,20.281249999999865],[54.62708333333205,20.2645833333332],[54.62291666666539,20.260416666666536],[54.61874999999873,20.260416666666536]]}},{"type":"Feature","properties":{"HYRIV_ID":20901423,"NEXT_DOWN":20901784,"MAIN_RIV":20900230,"LENGTH_KM":1.1,"CATCH_SKM":10.07,"DIS_AV_CMS":0.0,"ORD_STRA":2,"ORD_FLOW":10},"geometry":{"type":"LineString","coordinates":[[55.460416666665424,20.268749999999848],[55.46458333333209,20.2645833333332],[55.46458333333209,20.260416666666536]]}},{"type":"Feature","properties":{"HYRIV_ID":20901424,"NEXT_DOWN":20901784,"MAIN_RIV":20900230,"LENGTH_KM":9.2700005,"CATCH_SKM":32.82,"DIS_AV_CMS":0.001,"ORD_STRA":1,"ORD_FLOW":9},"geometry":{"type":"LineString","coordinates":[[55.52916666666536,20.302083333333208],[55.51041666666541,20.302083333333208],[55.50208333333208,20.293749999999882],[55.50208333333208,20.285416666666528],[55.489583333332035,20.272916666666553],[55.48124999999871,20.272916666666553],[55.46874999999875,20.260416666666536],[55.46458333333209,20.260416666666536]]}},{"type":"Feature","properties":{"HYRIV_ID":20901462,"NEXT_DOWN":20901388,"MAIN_RIV":20892193,"LENGTH_KM":2.01,"CATCH_SKM":15.31,"DIS_AV_CMS":0.001,"ORD_STRA":1,"ORD_FLOW":9},"geometry":{"type":"LineString","coordinates":[[54.59999999999877,20.256249999999874],[54.59374999999878,20.256249999999874],[54.59374999999878,20.2645833333332],[54.58958333333203,20.2645833333332]]}},{"type":"Feature","properties":{"HYRIV_ID":20901463,"NEXT_DOWN":20901014,"MAIN_RIV":20897717,"LENGTH_KM":7.3400002,"CATCH_SKM":26.58,"DIS_AV_CMS":0.029,"ORD_STRA":4,"ORD_FLOW":8},"geometry":{"type":"LineString","coordinates":[[54.90208333333209,20.256249999999874],[54.90624999999875,20.260416666666536],[54.90624999999875,20.268749999999848],[54.91874999999874,20.281249999999865],[54.91874999999874,20.285416666666528],[54.91041666666541,20.293749999999882],[54.90624999999875,20.293749999999882],[54.90208333333209,20.297916666666545],[54.89791666666545,20.297916666666545],[54.89374999999879,20.302083333333208]]}},{"type":"Feature","properties":{"HYRIV_ID":20901464,"NEXT_DOWN":20901237,"MAIN_RIV":20897717,"LENGTH_KM":7.14,"CATCH_SKM":15.91,"DIS_AV_CMS":0.0,"ORD_STRA":2,"ORD_FLOW":10},"geometry":{"type":"LineString","coordinates":[[55.08124999999876,20.256249999999874],[55.08124999999876,20.2645833333332],[55.0770833333321,20.268749999999848],[55.0770833333321,20.272916666666553],[55.072916666665435,20.277083333333216],[55.06458333333211,20.277083333333216],[55.0479166666654,20.293749999999882],[55.04374999999874,20.293749999999882],[55.039583333332075,20.297916666666545]]}},{"type":"Feature","properties":{"HYRIV_ID":20901465,"NEXT_DOWN":20901464,"MAIN_RIV":20897717,"LENGTH_KM":0.65,"CATCH_SKM":12.08,"DIS_AV_CMS":0.0,"ORD_STRA":1,"ORD_FLOW":10},"geometry":{"type":"LineString","coordinates":[[55.08749999999873,20.256249999999874],[55.08124999999876,20.256249999999874]]}},{"type":"Feature","properties":{"HYRIV_ID":20901466,"NEXT_DOWN":20901390,"MAIN_RIV":20897717,"LENGTH_KM":1.76,"CATCH_SKM":12.08,"DIS_AV_CMS":0.0,"ORD_STRA":1,"ORD_FLOW":10},"geometry":{"type":"LineString","coordinates":[[55.15624999999878,20.254166666666542],[55.15624999999878,20.260416666666536],[55.16041666666541,20.2645833333332],[55.164583333332075,20.2645833333332]]}},{"type":"Feature","properties":{"HYRIV_ID":20901467,"NEXT_DOWN":20901310,"MAIN_RIV":20900230,"LENGTH_KM":3.29,"CATCH_SKM":16.309999,"DIS_AV_CMS":0.0,"ORD_STRA":1,"ORD_FLOW":10},"geometry":{"type":"LineString","coordinates":[[55.304166666665395,20.254166666666542],[55.29374999999874,20.2645833333332],[55.289583333332104,20.2645833333332],[55.28124999999878,20.272916666666553]]}},{"type":"Feature","properties":{"HYRIV_ID":20901497,"NEXT_DOWN":20901498,"MAIN_RIV":20892193,"LENGTH_KM":4.73,"CATCH_SKM":23.16,"DIS_AV_CMS":0.001,"ORD_STRA":1,"ORD_FLOW":9},"geometry":{"type":"LineString","coordinates":[[53.987499999998704,20.2645833333332],[53.99374999999878,20.2645833333332],[53.997916666665446,20.260416666666536],[54.01458333333207,20.260416666666536],[54.01874999999873,20.256249999999874],[54.022916666665395,20.256249999999874],[54.02708333333214,20.25208333333321]]}},{"type":"Feature","properties":{"HYRIV_ID":20901498,"NEXT_DOWN":20901420,"MAIN_RIV":20892193,"LENGTH_KM":3.4400001,"CATCH_SKM":12.08,"DIS_AV_CMS":0.0,"ORD_STRA":6,"ORD_FLOW":10},"geometry":{"type":"LineString","coordinates":[[54.02708333333214,20.25208333333321],[54.04374999999877,20.25208333333321],[54.04791666666543,20.256249999999874],[54.05208333333209,20.256249999999874],[54.056249999998755,20.260416666666536]]}},{"type":"Feature","properties":{"HYRIV_ID":20901499,"NEXT_DOWN":20901089,"MAIN_RIV":20892193,"LENGTH_KM":5.6700001,"CATCH_SKM":12.89,"DIS_AV_CMS":0.294,"ORD_STRA":4,"ORD_FLOW":7},"geometry":{"type":"LineString","coordinates":[[54.32708333333204,20.25208333333321],[54.32291666666541,20.256249999999874],[54.32291666666541,20.260416666666536],[54.318749999998744,20.2645833333332],[54.318749999998744,20.277083333333216],[54.31458333333208,20.281249999999865],[54.32291666666541,20.289583333333233],[54.318749999998744,20.293749999999882]]}},{"type":"Feature","properties":{"HYRIV_ID":20901500,"NEXT_DOWN":20901421,"MAIN_RIV":20892193,"LENGTH_KM":1.1,"CATCH_SKM":1.81,"DIS_AV_CMS":0.093,"ORD_STRA":4,"ORD_FLOW":8},"geometry":{"type":"LineString","coordinates":[[54.62291666666539,20.25208333333321],[54.61874999999873,20.256249999999874],[54.61874999999873,20.260416666666536]]}},{"type":"Feature","properties":{"HYRIV_ID":20901501,"NEXT_DOWN":20901423,"MAIN_RIV":20900230,"LENGTH_KM":3.6300001,"CATCH_SKM":20.950001,"DIS_AV_CMS":0.0,"ORD_STRA":1,"ORD_FLOW":10},"geometry":{"type":"LineString","coordinates":[[55.43333333333206,20.25208333333321],[55.43958333333205,20.25208333333321],[55.44791666666535,20.260416666666536],[55.45208333333201,20.260416666666536],[55.460416666665424,20.268749999999848]]}},{"type":"Feature","properties":{"HYRIV_ID":20901534,"NEXT_DOWN":20901183,"MAIN_RIV":20892193,"LENGTH_KM":5.46,"CATCH_SKM":15.1,"DIS_AV_CMS":0.009,"ORD_STRA":2,"ORD_FLOW":9},"geometry":{"type":"LineString","coordinates":[[54.1395833333321,20.247916666666562],[54.135416666665435,20.247916666666562],[54.13124999999877,20.25208333333321],[54.13124999999877,20.2645833333332],[54.135416666665435,20.268749999999848],[54.12708333333211,20.277083333333216],[54.12708333333211,20.281249999999865],[54.13124999999877,20.285416666666528]]}},{"type":"Feature","properties":{"HYRIV_ID":20901535,"NEXT_DOWN":20901500,"MAIN_RIV":20892193,"LENGTH_KM":1.0700001,"CATCH_SKM":2.01,"DIS_AV_CMS":0.094,"ORD_STRA":4,"ORD_FLOW":8},"geometry":{"type":"LineString","coordinates":[[54.6312499999988,20.247916666666562],[54.62708333333205,20.25208333333321],[54.62291666666539,20.25208333333321]]}},{"type":"Feature","properties":{"HYRIV_ID":20901536,"NEXT_DOWN":20901535,"MAIN_RIV":20892193,"LENGTH_KM":7.8400002,"CATCH_SKM":14.7,"DIS_AV_CMS":0.004,"ORD_STRA":2,"ORD_FLOW":9},"geometry":{"type":"LineString","coordinates":[[54.668749999998795,20.289583333333233],[54.668749999998795,20.281249999999865],[54.67291666666546,20.277083333333216],[54.668749999998795,20.272916666666553],[54.66458333333205,20.272916666666553],[54.66041666666541,20.268749999999848],[54.66041666666541,20.260416666666536],[54.647916666665424,20.247916666666562],[54.6312499999988,20.247916666666562]]}},{"type":"Feature","properties":{"HYRIV_ID":20901537,"NEXT_DOWN":20901093,"MAIN_RIV":20897717,"LENGTH_KM":5.7800002,"CATCH_SKM":15.91,"DIS_AV_CMS":0.008,"ORD_STRA":2,"ORD_FLOW":9},"geometry":{"type":"LineString","coordinates":[[54.96874999999872,20.247916666666562],[54.972916666665384,20.25208333333321],[54.972916666665384,20.2645833333332],[54.97708333333205,20.268749999999848],[54.97708333333205,20.277083333333216],[54.98541666666543,20.285416666666528],[54.98541666666543,20.293749999999882]]}},{"type":"Feature","properties":{"HYRIV_ID":20901538,"NEXT_DOWN":20901464,"MAIN_RIV":20897717,"LENGTH_KM":1.1,"CATCH_SKM":1.21,"DIS_AV_CMS":0.001,"ORD_STRA":2,"ORD_FLOW":9},"geometry":{"type":"LineString","coordinates":[[55.0770833333321,20.247916666666562],[55.08124999999876,20.25208333333321],[55.08124999999876,20.256249999999874]]}},{"type":"Feature","properties":{"HYRIV_ID":20901574,"NEXT_DOWN":20901420,"MAIN_RIV":20892193,"LENGTH_KM":2.08,"CATCH_SKM":16.110001,"DIS_AV_CMS":0.001,"ORD_STRA":1,"ORD_FLOW":9},"geometry":{"type":"LineString","coordinates":[[54.056249999998755,20.241666666666525],[54.056249999998755,20.260416666666536]]}},{"type":"Feature","properties":{"HYRIV_ID":20901575,"NEXT_DOWN":20901390,"MAIN_RIV":20897717,"LENGTH_KM":2.72,"CATCH_SKM":21.75,"DIS_AV_CMS":0.0,"ORD_STRA":1,"ORD_FLOW":10},"geometry":{"type":"LineString","coordinates":[[55.16874999999874,20.241666666666525],[55.16874999999874,20.247916666666562],[55.164583333332075,20.25208333333321],[55.164583333332075,20.2645833333332]]}},{"type":"Feature","properties":{"HYRIV_ID":20901576,"NEXT_DOWN":20901310,"MAIN_RIV":20900230,"LENGTH_KM":4.8,"CATCH_SKM":24.360001,"DIS_AV_CMS":0.0,"ORD_STRA":4,"ORD_FLOW":10},"geometry":{"type":"LineString","coordinates":[[55.256249999998744,20.243749999999856],[55.256249999998744,20.25208333333321],[55.26041666666541,20.256249999999874],[55.26041666666541,20.260416666666536],[55.27291666666545,20.272916666666553],[55.28124999999878,20.272916666666553]]}},{"type":"Feature","properties":{"HYRIV_ID":20901603,"NEXT_DOWN":20901499,"MAIN_RIV":20892193,"LENGTH_KM":5.64,"CATCH_SKM":25.18,"DIS_AV_CMS":0.002,"ORD_STRA":1,"ORD_FLOW":9},"geometry":{"type":"LineString","coordinates":[[54.3604166666654,20.237499999999876],[54.3604166666654,20.247916666666562],[54.35624999999874,20.25208333333321],[54.352083333332075,20.25208333333321],[54.34791666666544,20.256249999999874],[54.34374999999878,20.256249999999874],[54.33541666666545,20.247916666666562],[54.331249999998704,20.25208333333321],[54.32708333333204,20.25208333333321]]}},{"type":"Feature","properties":{"HYRIV_ID":20901604,"NEXT_DOWN":20901538,"MAIN_RIV":20897717,"LENGTH_KM":1.59,"CATCH_SKM":12.29,"DIS_AV_CMS":0.0,"ORD_STRA":1,"ORD_FLOW":10},"geometry":{"type":"LineString","coordinates":[[55.06666666666544,20.237499999999876],[55.0770833333321,20.247916666666562]]}},{"type":"Feature","properties":{"HYRIV_ID":20901605,"NEXT_DOWN":20901576,"MAIN_RIV":20900230,"LENGTH_KM":2.46,"CATCH_SKM":15.11,"DIS_AV_CMS":0.0,"ORD_STRA":1,"ORD_FLOW":10},"geometry":{"type":"LineString","coordinates":[[55.27499999999878,20.245833333333188],[55.268749999998704,20.239583333333194],[55.26458333333204,20.243749999999856],[55.256249999998744,20.243749999999856]]}},{"type":"Feature","properties":{"HYRIV_ID":20901635,"NEXT_DOWN":20899460,"MAIN_RIV":20892193,"LENGTH_KM":35.450001,"CATCH_SKM":150.14999,"DIS_AV_CMS":0.007,"ORD_STRA":1,"ORD_FLOW":9},"geometry":{"type":"LineString","coordinates":[[54.224999999998744,20.233333333333213],[54.21874999999878,20.239583333333194],[54.21874999999878,20.247916666666562],[54.214583333332115,20.25208333333321],[54.21874999999878,20.256249999999874],[54.21874999999878,20.260416666666536],[54.227083333332075,20.268749999999848],[54.227083333332075,20.272916666666553],[54.239583333332064,20.272916666666553],[54.25624999999877,20.289583333333233],[54.25208333333211,20.293749999999882],[54.25208333333211,20.322916666666536],[54.24791666666536,20.327083333333242],[54.24791666666536,20.335416666666553],[54.24374999999873,20.339583333333216],[54.25624999999877,20.352083333333233],[54.25624999999877,20.377083333333225],[54.260416666665435,20.381249999999888],[54.260416666665435,20.3895833333332],[54.2645833333321,20.393749999999862],[54.2645833333321,20.397916666666553],[54.26874999999876,20.402083333333216],[54.26874999999876,20.40624999999988],[54.27708333333206,20.41458333333319],[54.27708333333206,20.422916666666545],[54.28541666666547,20.43125],[54.28541666666547,20.439583333333225],[54.28124999999872,20.439583333333225],[54.27708333333206,20.443749999999888],[54.26874999999876,20.443749999999888],[54.2645833333321,20.447916666666536],[54.2645833333321,20.4520833333332],[54.260416666665435,20.45625],[54.2645833333321,20.460416666666525],[54.2645833333321,20.464583333333216],[54.260416666665435,20.46874999999988],[54.24791666666536,20.46874999999988],[54.24374999999873,20.472916666666542]]}},{"type":"Feature","properties":{"HYRIV_ID":20901636,"NEXT_DOWN":20901751,"MAIN_RIV":20892193,"LENGTH_KM":0.69,"CATCH_SKM":12.89,"DIS_AV_CMS":0.001,"ORD_STRA":1,"ORD_FLOW":9},"geometry":{"type":"LineString","coordinates":[[54.5145833333321,20.241666666666525],[54.5145833333321,20.235416666666545]]}},{"type":"Feature","properties":{"HYRIV_ID":20901637,"NEXT_DOWN":20901263,"MAIN_RIV":20892193,"LENGTH_KM":5.3200002,"CATCH_SKM":13.49,"DIS_AV_CMS":0.022,"ORD_STRA":2,"ORD_FLOW":8},"geometry":{"type":"LineString","coordinates":[[54.55208333333212,20.235416666666545],[54.55208333333212,20.25208333333321],[54.55624999999878,20.256249999999874],[54.55624999999878,20.260416666666536],[54.56458333333208,20.268749999999848],[54.56458333333208,20.272916666666553],[54.568749999998744,20.277083333333216]]}},{"type":"Feature","properties":{"HYRIV_ID":20901638,"NEXT_DOWN":20901500,"MAIN_RIV":20892193,"LENGTH_KM":2.26,"CATCH_SKM":12.49,"DIS_AV_CMS":0.001,"ORD_STRA":1,"ORD_FLOW":9},"geometry":{"type":"LineString","coordinates":[[54.61874999999873,20.233333333333213],[54.61874999999873,20.247916666666562],[54.62291666666539,20.25208333333321]]}},{"type":"Feature","properties":{"HYRIV_ID":20901639,"NEXT_DOWN":20901264,"MAIN_RIV":20897717,"LENGTH_KM":5.81,"CATCH_SKM":30.209999,"DIS_AV_CMS":0.0,"ORD_STRA":1,"ORD_FLOW":10},"geometry":{"type":"LineString","coordinates":[[55.02499999999878,20.233333333333213],[55.01874999999879,20.239583333333194],[55.01874999999879,20.25208333333321],[55.01041666666538,20.260416666666536],[55.01041666666538,20.2645833333332],[55.00208333333208,20.272916666666553],[55.00208333333208,20.277083333333216]]}},{"type":"Feature","properties":{"HYRIV_ID":20901640,"NEXT_DOWN":20901311,"MAIN_RIV":20900230,"LENGTH_KM":4.6900001,"CATCH_SKM":13.49,"DIS_AV_CMS":0.0,"ORD_STRA":3,"ORD_FLOW":10},"geometry":{"type":"LineString","coordinates":[[55.368749999998755,20.235416666666545],[55.368749999998755,20.247916666666562],[55.37708333333208,20.256249999999874],[55.37708333333208,20.2645833333332],[55.381249999998744,20.268749999999848],[55.381249999998744,20.272916666666553]]}},{"type":"Feature","properties":{"HYRIV_ID":20901641,"NEXT_DOWN":20901981,"MAIN_RIV":20900230,"LENGTH_KM":3.8800001,"CATCH_SKM":11.08,"DIS_AV_CMS":0.004,"ORD_STRA":2,"ORD_FLOW":9},"geometry":{"type":"LineString","coordinates":[[55.660416666665355,20.268749999999848],[55.660416666665355,20.247916666666562],[55.65624999999869,20.243749999999856],[55.65624999999869,20.235416666666545]]}},{"type":"Feature","properties":{"HYRIV_ID":20901677,"NEXT_DOWN":20901534,"MAIN_RIV":20892193,"LENGTH_KM":2.37,"CATCH_SKM":4.23,"DIS_AV_CMS":0.008,"ORD_STRA":2,"ORD_FLOW":9},"geometry":{"type":"LineString","coordinates":[[54.135416666665435,20.231249999999882],[54.14374999999873,20.239583333333194],[54.14374999999873,20.243749999999856],[54.1395833333321,20.247916666666562]]}},{"type":"Feature","properties":{"HYRIV_ID":20901678,"NEXT_DOWN":20901534,"MAIN_RIV":20892193,"LENGTH_KM":4.06,"CATCH_SKM":22.76,"DIS_AV_CMS":0.001,"ORD_STRA":1,"ORD_FLOW":9},"geometry":{"type":"LineString","coordinates":[[54.1708333333321,20.231249999999882],[54.16458333333213,20.231249999999882],[54.147916666665395,20.247916666666562],[54.1395833333321,20.247916666666562]]}},{"type":"Feature","properties":{"HYRIV_ID":20901679,"NEXT_DOWN":20901499,"MAIN_RIV":20892193,"LENGTH_KM":2.49,"CATCH_SKM":5.8400002,"DIS_AV_CMS":0.366,"ORD_STRA":4,"ORD_FLOW":7},"geometry":{"type":"LineString","coordinates":[[54.331249999998704,20.231249999999882],[54.32708333333204,20.235416666666545],[54.32708333333204,20.25208333333321]]}},{"type":"Feature","properties":{"HYRIV_ID":20901680,"NEXT_DOWN":20901538,"MAIN_RIV":20897717,"LENGTH_KM":2.08,"CATCH_SKM":20.75,"DIS_AV_CMS":0.001,"ORD_STRA":1,"ORD_FLOW":9},"geometry":{"type":"LineString","coordinates":[[55.0770833333321,20.22916666666655],[55.0770833333321,20.247916666666562]]}},{"type":"Feature","properties":{"HYRIV_ID":20901681,"NEXT_DOWN":20901981,"MAIN_RIV":20900230,"LENGTH_KM":14.49,"CATCH_SKM":51.75,"DIS_AV_CMS":0.004,"ORD_STRA":1,"ORD_FLOW":9},"geometry":{"type":"LineString","coordinates":[[55.75208333333211,20.295833333333213],[55.75208333333211,20.289583333333233],[55.7437499999987,20.281249999999865],[55.73124999999874,20.281249999999865],[55.71874999999875,20.268749999999848],[55.71041666666534,20.268749999999848],[55.70208333333204,20.260416666666536],[55.69791666666538,20.260416666666536],[55.693749999998715,20.256249999999874],[55.693749999998715,20.25208333333321],[55.68541666666539,20.243749999999856],[55.68541666666539,20.235416666666545],[55.68124999999873,20.231249999999882],[55.660416666665355,20.231249999999882],[55.65624999999869,20.235416666666545]]}},{"type":"Feature","properties":{"HYRIV_ID":20901717,"NEXT_DOWN":20901679,"MAIN_RIV":20892193,"LENGTH_KM":0.46,"CATCH_SKM":0.4,"DIS_AV_CMS":0.40200001,"ORD_STRA":4,"ORD_FLOW":7},"geometry":{"type":"LineString","coordinates":[[54.331249999998704,20.22708333333322],[54.331249999998704,20.231249999999882]]}},{"type":"Feature","properties":{"HYRIV_ID":20901718,"NEXT_DOWN":20901782,"MAIN_RIV":20892193,"LENGTH_KM":7.3600001,"CATCH_SKM":40.48,"DIS_AV_CMS":0.003,"ORD_STRA":1,"ORD_FLOW":9},"geometry":{"type":"LineString","coordinates":[[54.7041666666654,20.268749999999848],[54.69791666666541,20.268749999999848],[54.68958333333211,20.260416666666536],[54.68958333333211,20.256249999999874],[54.685416666665446,20.25208333333321],[54.685416666665446,20.247916666666562],[54.68124999999878,20.243749999999856],[54.67291666666546,20.243749999999856],[54.66041666666541,20.231249999999882],[54.66041666666541,20.22708333333322]]}},{"type":"Feature","properties":{"HYRIV_ID":20901719,"NEXT_DOWN":20901720,"MAIN_RIV":20897717,"LENGTH_KM":1.29,"CATCH_SKM":14.3,"DIS_AV_CMS":0.001,"ORD_STRA":1,"ORD_FLOW":9},"geometry":{"type":"LineString","coordinates":[[54.79583333333204,20.231249999999882],[54.80208333333212,20.231249999999882],[54.80624999999878,20.22708333333322]]}},{"type":"Feature","properties":{"HYRIV_ID":20901720,"NEXT_DOWN":20901722,"MAIN_RIV":20897717,"LENGTH_KM":0.87,"CATCH_SKM":1.61,"DIS_AV_CMS":0.004,"ORD_STRA":2,"ORD_FLOW":9},"geometry":{"type":"LineString","coordinates":[[54.80624999999878,20.22708333333322],[54.81458333333211,20.22708333333322]]}},{"type":"Feature","properties":{"HYRIV_ID":20901721,"NEXT_DOWN":20901722,"MAIN_RIV":20897717,"LENGTH_KM":1.16,"CATCH_SKM":16.309999,"DIS_AV_CMS":0.001,"ORD_STRA":1,"ORD_FLOW":9},"geometry":{"type":"LineString","coordinates":[[54.81458333333211,20.237499999999876],[54.81458333333211,20.22708333333322]]}},{"type":"Feature","properties":{"HYRIV_ID":20901722,"NEXT_DOWN":20901723,"MAIN_RIV":20897717,"LENGTH_KM":0.43,"CATCH_SKM":0.4,"DIS_AV_CMS":0.006,"ORD_STRA":2,"ORD_FLOW":9},"geometry":{"type":"LineString","coordinates":[[54.81458333333211,20.22708333333322],[54.81874999999877,20.22708333333322]]}},{"type":"Feature","properties":{"HYRIV_ID":20901723,"NEXT_DOWN":20901724,"MAIN_RIV":20897717,"LENGTH_KM":3.01,"CATCH_SKM":4.4299998,"DIS_AV_CMS":0.007,"ORD_STRA":2,"ORD_FLOW":9},"geometry":{"type":"LineString","coordinates":[[54.81874999999877,20.22708333333322],[54.83124999999873,20.22708333333322],[54.83541666666548,20.231249999999882],[54.83958333333206,20.22708333333322],[54.84374999999872,20.22708333333322]]}},{"type":"Feature","properties":{"HYRIV_ID":20901724,"NEXT_DOWN":20901463,"MAIN_RIV":20897717,"LENGTH_KM":7.4899998,"CATCH_SKM":29.0,"DIS_AV_CMS":0.01,"ORD_STRA":2,"ORD_FLOW":8},"geometry":{"type":"LineString","coordinates":[[54.84374999999872,20.22708333333322],[54.847916666665355,20.22708333333322],[54.85208333333202,20.231249999999882],[54.85624999999877,20.231249999999882],[54.87291666666539,20.247916666666562],[54.88541666666538,20.247916666666562],[54.89374999999879,20.256249999999874],[54.90208333333209,20.256249999999874]]}},{"type":"Feature","properties":{"HYRIV_ID":20901725,"NEXT_DOWN":20901537,"MAIN_RIV":20897717,"LENGTH_KM":3.76,"CATCH_SKM":19.34,"DIS_AV_CMS":0.001,"ORD_STRA":1,"ORD_FLOW":9},"geometry":{"type":"LineString","coordinates":[[54.991666666665424,20.225],[54.98124999999877,20.235416666666545],[54.98124999999877,20.239583333333194],[54.972916666665384,20.247916666666562],[54.96874999999872,20.247916666666562]]}},{"type":"Feature","properties":{"HYRIV_ID":20901749,"NEXT_DOWN":20901498,"MAIN_RIV":20892193,"LENGTH_KM":4.54,"CATCH_SKM":13.49,"DIS_AV_CMS":0.0,"ORD_STRA":6,"ORD_FLOW":10},"geometry":{"type":"LineString","coordinates":[[54.00208333333211,20.22291666666657],[54.00624999999877,20.22708333333322],[54.00624999999877,20.235416666666545],[54.01458333333207,20.243749999999856],[54.01874999999873,20.243749999999856],[54.02708333333214,20.25208333333321]]}},{"type":"Feature","properties":{"HYRIV_ID":20901750,"NEXT_DOWN":20900617,"MAIN_RIV":20892193,"LENGTH_KM":17.41,"CATCH_SKM":71.089996,"DIS_AV_CMS":0.005,"ORD_STRA":1,"ORD_FLOW":9},"geometry":{"type":"LineString","coordinates":[[54.397916666665424,20.220833333333196],[54.397916666665424,20.22708333333322],[54.40208333333209,20.231249999999882],[54.40208333333209,20.239583333333194],[54.39374999999876,20.247916666666562],[54.39374999999876,20.260416666666536],[54.397916666665424,20.2645833333332],[54.397916666665424,20.268749999999848],[54.40208333333209,20.272916666666553],[54.41041666666547,20.272916666666553],[54.41458333333213,20.277083333333216],[54.41458333333213,20.281249999999865],[54.41041666666547,20.285416666666528],[54.41041666666547,20.297916666666545],[54.40624999999872,20.302083333333208],[54.40624999999872,20.3062499999999],[54.40208333333209,20.31041666666652],[54.40208333333209,20.314583333333225],[54.41458333333213,20.327083333333242],[54.41458333333213,20.33124999999989],[54.41041666666547,20.335416666666553],[54.41041666666547,20.343749999999865],[54.40624999999872,20.347916666666528]]}},{"type":"Feature","properties":{"HYRIV_ID":20901751,"NEXT_DOWN":20901752,"MAIN_RIV":20892193,"LENGTH_KM":2.77,"CATCH_SKM":9.4700003,"DIS_AV_CMS":0.017,"ORD_STRA":2,"ORD_FLOW":8},"geometry":{"type":"LineString","coordinates":[[54.5145833333321,20.235416666666545],[54.51874999999876,20.235416666666545],[54.52708333333209,20.22708333333322],[54.53124999999875,20.22708333333322],[54.535416666665384,20.22291666666657]]}},{"type":"Feature","properties":{"HYRIV_ID":20901752,"NEXT_DOWN":20901637,"MAIN_RIV":20892193,"LENGTH_KM":2.34,"CATCH_SKM":11.28,"DIS_AV_CMS":0.019,"ORD_STRA":2,"ORD_FLOW":8},"geometry":{"type":"LineString","coordinates":[[54.535416666665384,20.22291666666657],[54.53958333333205,20.22708333333322],[54.543749999998795,20.22708333333322],[54.55208333333212,20.235416666666545]]}},{"type":"Feature","properties":{"HYRIV_ID":20901753,"NEXT_DOWN":20901782,"MAIN_RIV":20892193,"LENGTH_KM":0.64,"CATCH_SKM":0.2,"DIS_AV_CMS":0.096,"ORD_STRA":4,"ORD_FLOW":8},"geometry":{"type":"LineString","coordinates":[[54.66458333333205,20.22291666666657],[54.66041666666541,20.22708333333322]]}},{"type":"Feature","properties":{"HYRIV_ID":20901754,"NEXT_DOWN":20901755,"MAIN_RIV":20900230,"LENGTH_KM":7.7,"CATCH_SKM":35.450001,"DIS_AV_CMS":0.0,"ORD_STRA":1,"ORD_FLOW":10},"geometry":{"type":"LineString","coordinates":[[55.21874999999872,20.254166666666542],[55.21874999999872,20.247916666666562],[55.21458333333206,20.243749999999856],[55.21458333333206,20.231249999999882],[55.21874999999872,20.22708333333322],[55.222916666665384,20.22708333333322],[55.22708333333205,20.231249999999882],[55.24791666666542,20.231249999999882],[55.25208333333208,20.22708333333322],[55.25208333333208,20.22291666666657]]}},{"type":"Feature","properties":{"HYRIV_ID":20901755,"NEXT_DOWN":20901576,"MAIN_RIV":20900230,"LENGTH_KM":2.49,"CATCH_SKM":6.4499998,"DIS_AV_CMS":0.0,"ORD_STRA":4,"ORD_FLOW":10},"geometry":{"type":"LineString","coordinates":[[55.25208333333208,20.22291666666657],[55.256249999998744,20.22708333333322],[55.256249999998744,20.243749999999856]]}},{"type":"Feature","properties":{"HYRIV_ID":20901782,"NEXT_DOWN":20901535,"MAIN_RIV":20892193,"LENGTH_KM":5.9,"CATCH_SKM":17.93,"DIS_AV_CMS":0.092,"ORD_STRA":4,"ORD_FLOW":8},"geometry":{"type":"LineString","coordinates":[[54.66041666666541,20.22708333333322],[54.65208333333209,20.22708333333322],[54.64374999999876,20.218749999999865],[54.6312499999988,20.231249999999882],[54.6312499999988,20.247916666666562]]}},{"type":"Feature","properties":{"HYRIV_ID":20901783,"NEXT_DOWN":20901640,"MAIN_RIV":20900230,"LENGTH_KM":4.5,"CATCH_SKM":39.68,"DIS_AV_CMS":0.0,"ORD_STRA":1,"ORD_FLOW":10},"geometry":{"type":"LineString","coordinates":[[55.33333333333209,20.218749999999865],[55.347916666665384,20.218749999999865],[55.36458333333212,20.235416666666545],[55.368749999998755,20.235416666666545]]}},{"type":"Feature","properties":{"HYRIV_ID":20901784,"NEXT_DOWN":20901916,"MAIN_RIV":20900230,"LENGTH_KM":4.8,"CATCH_SKM":9.6700001,"DIS_AV_CMS":0.0,"ORD_STRA":2,"ORD_FLOW":10},"geometry":{"type":"LineString","coordinates":[[55.46458333333209,20.260416666666536],[55.46458333333209,20.235416666666545],[55.46874999999875,20.231249999999882],[55.46874999999875,20.218749999999865]]}},{"type":"Feature","properties":{"HYRIV_ID":20901785,"NEXT_DOWN":20901916,"MAIN_RIV":20900230,"LENGTH_KM":2.02,"CATCH_SKM":14.5,"DIS_AV_CMS":0.001,"ORD_STRA":1,"ORD_FLOW":9},"geometry":{"type":"LineString","coordinates":[[55.48333333333204,20.22916666666655],[55.472916666665384,20.218749999999865],[55.46874999999875,20.218749999999865]]}},{"type":"Feature","properties":{"HYRIV_ID":20901786,"NEXT_DOWN":20901980,"MAIN_RIV":20900230,"LENGTH_KM":10.9,"CATCH_SKM":34.639999,"DIS_AV_CMS":0.018,"ORD_STRA":3,"ORD_FLOW":8},"geometry":{"type":"LineString","coordinates":[[55.568749999998715,20.289583333333233],[55.56458333333205,20.289583333333233],[55.552083333332064,20.277083333333216],[55.552083333332064,20.272916666666553],[55.54791666666543,20.268749999999848],[55.54374999999877,20.268749999999848],[55.53541666666544,20.260416666666536],[55.53124999999869,20.260416666666536],[55.51874999999873,20.247916666666562],[55.51874999999873,20.235416666666545],[55.51458333333207,20.231249999999882],[55.51458333333207,20.218749999999865]]}},{"type":"Feature","properties":{"HYRIV_ID":20901787,"NEXT_DOWN":20901980,"MAIN_RIV":20900230,"LENGTH_KM":7.2,"CATCH_SKM":30.41,"DIS_AV_CMS":0.002,"ORD_STRA":1,"ORD_FLOW":9},"geometry":{"type":"LineString","coordinates":[[55.55833333333206,20.262499999999868],[55.539583333332104,20.243749999999856],[55.539583333332104,20.235416666666545],[55.53124999999869,20.22708333333322],[55.52708333333203,20.22708333333322],[55.51874999999873,20.218749999999865],[55.51458333333207,20.218749999999865]]}},{"type":"Feature","properties":{"HYRIV_ID":20901826,"NEXT_DOWN":20901749,"MAIN_RIV":20892193,"LENGTH_KM":2.8900001,"CATCH_SKM":14.3,"DIS_AV_CMS":0.001,"ORD_STRA":1,"ORD_FLOW":9},"geometry":{"type":"LineString","coordinates":[[54.02499999999873,20.212499999999885],[54.01874999999873,20.218749999999865],[54.010416666665435,20.218749999999865],[54.00624999999877,20.22291666666657],[54.00208333333211,20.22291666666657]]}},{"type":"Feature","properties":{"HYRIV_ID":20901827,"NEXT_DOWN":20901751,"MAIN_RIV":20892193,"LENGTH_KM":9.46,"CATCH_SKM":44.720001,"DIS_AV_CMS":0.016,"ORD_STRA":2,"ORD_FLOW":8},"geometry":{"type":"LineString","coordinates":[[54.443749999998744,20.214583333333202],[54.443749999998744,20.218749999999865],[54.45208333333207,20.22708333333322],[54.456249999998704,20.22291666666657],[54.46041666666537,20.22291666666657],[54.464583333332115,20.218749999999865],[54.477083333332104,20.218749999999865],[54.48124999999877,20.22291666666657],[54.4854166666654,20.22291666666657],[54.489583333332064,20.22708333333322],[54.49374999999873,20.22708333333322],[54.50208333333205,20.235416666666545],[54.5145833333321,20.235416666666545]]}},{"type":"Feature","properties":{"HYRIV_ID":20901828,"NEXT_DOWN":20901723,"MAIN_RIV":20897717,"LENGTH_KM":2.05,"CATCH_SKM":12.69,"DIS_AV_CMS":0.001,"ORD_STRA":1,"ORD_FLOW":9},"geometry":{"type":"LineString","coordinates":[[54.808333333332115,20.212499999999885],[54.81874999999877,20.22291666666657],[54.81874999999877,20.22708333333322]]}},{"type":"Feature","properties":{"HYRIV_ID":20901829,"NEXT_DOWN":20901724,"MAIN_RIV":20897717,"LENGTH_KM":1.62,"CATCH_SKM":14.3,"DIS_AV_CMS":0.001,"ORD_STRA":1,"ORD_FLOW":9},"geometry":{"type":"LineString","coordinates":[[54.84374999999872,20.212499999999885],[54.84374999999872,20.22708333333322]]}},{"type":"Feature","properties":{"HYRIV_ID":20901830,"NEXT_DOWN":20902070,"MAIN_RIV":20900230,"LENGTH_KM":3.26,"CATCH_SKM":15.11,"DIS_AV_CMS":0.001,"ORD_STRA":1,"ORD_FLOW":9},"geometry":{"type":"LineString","coordinates":[[55.59166666666542,20.22708333333322],[55.581249999998676,20.22708333333322],[55.57708333333204,20.22291666666657],[55.57291666666538,20.22291666666657],[55.568749999998715,20.218749999999865],[55.568749999998715,20.214583333333202]]}},{"type":"Feature","properties":{"HYRIV_ID":20901831,"NEXT_DOWN":20902070,"MAIN_RIV":20900230,"LENGTH_KM":19.870001,"CATCH_SKM":56.98,"DIS_AV_CMS":0.008,"ORD_STRA":2,"ORD_FLOW":9},"geometry":{"type":"LineString","coordinates":[[55.67708333333209,20.327083333333242],[55.67291666666543,20.322916666666536],[55.67291666666543,20.318749999999874],[55.66874999999877,20.314583333333225],[55.66874999999877,20.31041666666652],[55.664583333332104,20.31041666666652],[55.660416666665355,20.3062499999999],[55.647916666665395,20.3062499999999],[55.63958333333207,20.297916666666545],[55.63958333333207,20.293749999999882],[55.614583333332035,20.268749999999848],[55.614583333332035,20.247916666666562],[55.61041666666537,20.243749999999856],[55.61041666666537,20.22708333333322],[55.60624999999871,20.22291666666657],[55.602083333332075,20.22291666666657],[55.59791666666541,20.218749999999865],[55.58958333333209,20.218749999999865],[55.585416666665424,20.214583333333202],[55.568749999998715,20.214583333333202]]}},{"type":"Feature","properties":{"HYRIV_ID":20901878,"NEXT_DOWN":20901749,"MAIN_RIV":20892193,"LENGTH_KM":6.6599998,"CATCH_SKM":15.51,"DIS_AV_CMS":0.0,"ORD_STRA":2,"ORD_FLOW":10},"geometry":{"type":"LineString","coordinates":[[53.94791666666546,20.210416666666553],[53.960416666665424,20.22291666666657],[53.989583333332035,20.22291666666657],[53.99374999999878,20.22708333333322],[53.997916666665446,20.22291666666657],[54.00208333333211,20.22291666666657]]}},{"type":"Feature","properties":{"HYRIV_ID":20901879,"NEXT_DOWN":20901679,"MAIN_RIV":20892193,"LENGTH_KM":3.5,"CATCH_SKM":16.120001,"DIS_AV_CMS":0.001,"ORD_STRA":1,"ORD_FLOW":9},"geometry":{"type":"LineString","coordinates":[[54.34791666666544,20.208333333333222],[54.34791666666544,20.214583333333202],[54.339583333332115,20.22291666666657],[54.339583333332115,20.22708333333322],[54.33541666666545,20.231249999999882],[54.331249999998704,20.231249999999882]]}},{"type":"Feature","properties":{"HYRIV_ID":20901880,"NEXT_DOWN":20901537,"MAIN_RIV":20897717,"LENGTH_KM":5.46,"CATCH_SKM":25.98,"DIS_AV_CMS":0.006,"ORD_STRA":2,"ORD_FLOW":9},"geometry":{"type":"LineString","coordinates":[[54.95208333333207,20.210416666666553],[54.95624999999873,20.214583333333202],[54.95624999999873,20.22291666666657],[54.960416666665395,20.22708333333322],[54.95624999999873,20.231249999999882],[54.95624999999873,20.239583333333194],[54.96458333333206,20.247916666666562],[54.96874999999872,20.247916666666562]]}},{"type":"Feature","properties":{"HYRIV_ID":20901910,"NEXT_DOWN":20901749,"MAIN_RIV":20892193,"LENGTH_KM":2.2,"CATCH_SKM":5.04,"DIS_AV_CMS":0.0,"ORD_STRA":6,"ORD_FLOW":10},"geometry":{"type":"LineString","coordinates":[[53.99374999999878,20.20624999999989],[53.997916666665446,20.210416666666553],[53.997916666665446,20.218749999999865],[54.00208333333211,20.22291666666657]]}},{"type":"Feature","properties":{"HYRIV_ID":20901911,"NEXT_DOWN":20901753,"MAIN_RIV":20892193,"LENGTH_KM":4.71,"CATCH_SKM":9.87,"DIS_AV_CMS":0.053,"ORD_STRA":4,"ORD_FLOW":8},"geometry":{"type":"LineString","coordinates":[[54.70208333333207,20.20624999999989],[54.685416666665446,20.20624999999989],[54.668749999998795,20.22291666666657],[54.66458333333205,20.22291666666657]]}},{"type":"Feature","properties":{"HYRIV_ID":20901912,"NEXT_DOWN":20901911,"MAIN_RIV":20892193,"LENGTH_KM":6.29,"CATCH_SKM":29.4,"DIS_AV_CMS":0.002,"ORD_STRA":1,"ORD_FLOW":9},"geometry":{"type":"LineString","coordinates":[[54.73749999999876,20.243749999999856],[54.73124999999877,20.243749999999856],[54.727083333332104,20.239583333333194],[54.727083333332104,20.235416666666545],[54.722916666665355,20.235416666666545],[54.70208333333207,20.214583333333202],[54.70208333333207,20.20624999999989]]}},{"type":"Feature","properties":{"HYRIV_ID":20901913,"NEXT_DOWN":20901755,"MAIN_RIV":20900230,"LENGTH_KM":2.37,"CATCH_SKM":6.25,"DIS_AV_CMS":0.0,"ORD_STRA":4,"ORD_FLOW":10},"geometry":{"type":"LineString","coordinates":[[55.23958333333209,20.20624999999989],[55.243749999998755,20.210416666666553],[55.243749999998755,20.214583333333202],[55.25208333333208,20.22291666666657]]}},{"type":"Feature","properties":{"HYRIV_ID":20901914,"NEXT_DOWN":20901311,"MAIN_RIV":20900230,"LENGTH_KM":10.61,"CATCH_SKM":26.18,"DIS_AV_CMS":0.0,"ORD_STRA":4,"ORD_FLOW":10},"geometry":{"type":"LineString","coordinates":[[55.43124999999873,20.20624999999989],[55.4229166666654,20.20624999999989],[55.414583333332104,20.214583333333202],[55.41041666666544,20.214583333333202],[55.39791666666537,20.22708333333322],[55.39791666666537,20.239583333333194],[55.402083333332115,20.243749999999856],[55.402083333332115,20.247916666666562],[55.39791666666537,20.25208333333321],[55.39791666666537,20.256249999999874],[55.381249999998744,20.272916666666553]]}},{"type":"Feature","properties":{"HYRIV_ID":20901915,"NEXT_DOWN":20901914,"MAIN_RIV":20900230,"LENGTH_KM":1.74,"CATCH_SKM":2.62,"DIS_AV_CMS":0.0,"ORD_STRA":4,"ORD_FLOW":10},"geometry":{"type":"LineString","coordinates":[[55.44791666666535,20.20624999999989],[55.43124999999873,20.20624999999989]]}},{"type":"Feature","properties":{"HYRIV_ID":20901916,"NEXT_DOWN":20901915,"MAIN_RIV":20900230,"LENGTH_KM":3.04,"CATCH_SKM":2.82,"DIS_AV_CMS":0.0,"ORD_STRA":2,"ORD_FLOW":10},"geometry":{"type":"LineString","coordinates":[[55.46874999999875,20.218749999999865],[55.46458333333209,20.214583333333202],[55.45208333333201,20.214583333333202],[55.44791666666535,20.210416666666553],[55.44791666666535,20.20624999999989]]}},{"type":"Feature","properties":{"HYRIV_ID":20901943,"NEXT_DOWN":20901752,"MAIN_RIV":20892193,"LENGTH_KM":3.1500001,"CATCH_SKM":16.52,"DIS_AV_CMS":0.001,"ORD_STRA":1,"ORD_FLOW":9},"geometry":{"type":"LineString","coordinates":[[54.537499999998715,20.199999999999854],[54.543749999998795,20.20624999999989],[54.543749999998795,20.210416666666553],[54.535416666665384,20.218749999999865],[54.535416666665384,20.22291666666657]]}},{"type":"Feature","properties":{"HYRIV_ID":20901944,"NEXT_DOWN":20901880,"MAIN_RIV":20897717,"LENGTH_KM":1.16,"CATCH_SKM":10.88,"DIS_AV_CMS":0.001,"ORD_STRA":1,"ORD_FLOW":9},"geometry":{"type":"LineString","coordinates":[[54.95208333333207,20.199999999999854],[54.95208333333207,20.210416666666553]]}},{"type":"Feature","properties":{"HYRIV_ID":20901945,"NEXT_DOWN":20901982,"MAIN_RIV":20900230,"LENGTH_KM":11.8,"CATCH_SKM":27.190001,"DIS_AV_CMS":0.026,"ORD_STRA":3,"ORD_FLOW":8},"geometry":{"type":"LineString","coordinates":[[55.75208333333211,20.25208333333321],[55.727083333332075,20.25208333333321],[55.72291666666541,20.247916666666562],[55.72291666666541,20.243749999999856],[55.70208333333204,20.22291666666657],[55.69791666666538,20.22291666666657],[55.693749999998715,20.218749999999865],[55.68958333333205,20.218749999999865],[55.67708333333209,20.20624999999989],[55.66874999999877,20.20624999999989],[55.664583333332104,20.202083333333228]]}},{"type":"Feature","properties":{"HYRIV_ID":20901978,"NEXT_DOWN":20901717,"MAIN_RIV":20892193,"LENGTH_KM":5.5,"CATCH_SKM":15.11,"DIS_AV_CMS":0.01,"ORD_STRA":2,"ORD_FLOW":8},"geometry":{"type":"LineString","coordinates":[[54.30208333333209,20.197916666666536],[54.30208333333209,20.214583333333202],[54.306249999998755,20.218749999999865],[54.318749999998744,20.218749999999865],[54.32708333333204,20.22708333333322],[54.331249999998704,20.22708333333322]]}},{"type":"Feature","properties":{"HYRIV_ID":20901979,"NEXT_DOWN":20901911,"MAIN_RIV":20892193,"LENGTH_KM":1.1,"CATCH_SKM":1.21,"DIS_AV_CMS":0.054,"ORD_STRA":4,"ORD_FLOW":8},"geometry":{"type":"LineString","coordinates":[[54.70624999999873,20.197916666666536],[54.70624999999873,20.202083333333228],[54.70208333333207,20.20624999999989]]}},{"type":"Feature","properties":{"HYRIV_ID":20901980,"NEXT_DOWN":20902068,"MAIN_RIV":20900230,"LENGTH_KM":2.83,"CATCH_SKM":7.4499998,"DIS_AV_CMS":0.019,"ORD_STRA":3,"ORD_FLOW":8},"geometry":{"type":"LineString","coordinates":[[55.51458333333207,20.218749999999865],[55.51458333333207,20.214583333333202],[55.50208333333208,20.202083333333228],[55.50208333333208,20.197916666666536]]}},{"type":"Feature","properties":{"HYRIV_ID":20901981,"NEXT_DOWN":20902072,"MAIN_RIV":20900230,"LENGTH_KM":5.5500002,"CATCH_SKM":14.3,"DIS_AV_CMS":0.009,"ORD_STRA":2,"ORD_FLOW":9},"geometry":{"type":"LineString","coordinates":[[55.65624999999869,20.235416666666545],[55.622916666665446,20.202083333333228],[55.622916666665446,20.197916666666536]]}},{"type":"Feature","properties":{"HYRIV_ID":20901982,"NEXT_DOWN":20902072,"MAIN_RIV":20900230,"LENGTH_KM":4.9499998,"CATCH_SKM":16.719999,"DIS_AV_CMS":0.026,"ORD_STRA":3,"ORD_FLOW":8},"geometry":{"type":"LineString","coordinates":[[55.664583333332104,20.202083333333228],[55.660416666665355,20.202083333333228],[55.65624999999869,20.197916666666536],[55.65208333333206,20.197916666666536],[55.647916666665395,20.202083333333228],[55.63958333333207,20.202083333333228],[55.63541666666541,20.197916666666536],[55.622916666665446,20.197916666666536]]}},{"type":"Feature","properties":{"HYRIV_ID":20902019,"NEXT_DOWN":20901720,"MAIN_RIV":20897717,"LENGTH_KM":6.9699998,"CATCH_SKM":40.09,"DIS_AV_CMS":0.003,"ORD_STRA":1,"ORD_FLOW":9},"geometry":{"type":"LineString","coordinates":[[54.772916666665424,20.191666666666542],[54.772916666665424,20.202083333333228],[54.76874999999876,20.20624999999989],[54.76874999999876,20.210416666666553],[54.772916666665424,20.214583333333202],[54.78541666666541,20.214583333333202],[54.79374999999874,20.22291666666657],[54.80208333333212,20.22291666666657],[54.80624999999878,20.22708333333322]]}},{"type":"Feature","properties":{"HYRIV_ID":20902039,"NEXT_DOWN":20901640,"MAIN_RIV":20900230,"LENGTH_KM":5.1,"CATCH_SKM":9.6700001,"DIS_AV_CMS":0.0,"ORD_STRA":3,"ORD_FLOW":10},"geometry":{"type":"LineString","coordinates":[[55.368749999998755,20.18958333333321],[55.368749999998755,20.235416666666545]]}},{"type":"Feature","properties":{"HYRIV_ID":20902040,"NEXT_DOWN":20902039,"MAIN_RIV":20900230,"LENGTH_KM":0.87,"CATCH_SKM":1.41,"DIS_AV_CMS":0.0,"ORD_STRA":2,"ORD_FLOW":10},"geometry":{"type":"LineString","coordinates":[[55.37708333333208,20.18958333333321],[55.368749999998755,20.18958333333321]]}},{"type":"Feature","properties":{"HYRIV_ID":20902041,"NEXT_DOWN":20901982,"MAIN_RIV":20900230,"LENGTH_KM":3.21,"CATCH_SKM":5.2399998,"DIS_AV_CMS":0.006,"ORD_STRA":2,"ORD_FLOW":9},"geometry":{"type":"LineString","coordinates":[[55.68958333333205,20.18958333333321],[55.68541666666539,20.18958333333321],[55.68124999999873,20.193749999999874],[55.67708333333209,20.193749999999874],[55.66874999999877,20.202083333333228],[55.664583333332104,20.202083333333228]]}},{"type":"Feature","properties":{"HYRIV_ID":20902067,"NEXT_DOWN":20902040,"MAIN_RIV":20900230,"LENGTH_KM":4.83,"CATCH_SKM":23.17,"DIS_AV_CMS":0.0,"ORD_STRA":1,"ORD_FLOW":10},"geometry":{"type":"LineString","coordinates":[[55.416666666665435,20.18333333333323],[55.40624999999878,20.193749999999874],[55.381249999998744,20.193749999999874],[55.37708333333208,20.18958333333321]]}},{"type":"Feature","properties":{"HYRIV_ID":20902068,"NEXT_DOWN":20901915,"MAIN_RIV":20900230,"LENGTH_KM":8.1300001,"CATCH_SKM":24.379999,"DIS_AV_CMS":0.0,"ORD_STRA":4,"ORD_FLOW":10},"geometry":{"type":"LineString","coordinates":[[55.50208333333208,20.197916666666536],[55.49374999999878,20.18958333333321],[55.489583333332035,20.18958333333321],[55.48541666666537,20.185416666666562],[55.472916666665384,20.197916666666536],[55.47708333333205,20.202083333333228],[55.472916666665384,20.20624999999989],[55.44791666666535,20.20624999999989]]}},{"type":"Feature","properties":{"HYRIV_ID":20902069,"NEXT_DOWN":20902068,"MAIN_RIV":20900230,"LENGTH_KM":4.08,"CATCH_SKM":16.93,"DIS_AV_CMS":0.023,"ORD_STRA":3,"ORD_FLOW":8},"geometry":{"type":"LineString","coordinates":[[55.53541666666544,20.185416666666562],[55.52708333333203,20.185416666666562],[55.522916666665395,20.18958333333321],[55.51874999999873,20.18958333333321],[55.51458333333207,20.193749999999874],[55.506249999998744,20.193749999999874],[55.50208333333208,20.197916666666536]]}},{"type":"Feature","properties":{"HYRIV_ID":20902070,"NEXT_DOWN":20902069,"MAIN_RIV":20900230,"LENGTH_KM":5.9299998,"CATCH_SKM":11.08,"DIS_AV_CMS":0.009,"ORD_STRA":2,"ORD_FLOW":9},"geometry":{"type":"LineString","coordinates":[[55.568749999998715,20.214583333333202],[55.56458333333205,20.210416666666553],[55.56041666666539,20.210416666666553],[55.55624999999873,20.20624999999989],[55.539583333332104,20.20624999999989],[55.53541666666544,20.202083333333228],[55.53541666666544,20.185416666666562]]}},{"type":"Feature","properties":{"HYRIV_ID":20902071,"NEXT_DOWN":20902069,"MAIN_RIV":20900230,"LENGTH_KM":2.58,"CATCH_SKM":3.83,"DIS_AV_CMS":0.021,"ORD_STRA":3,"ORD_FLOW":8},"geometry":{"type":"LineString","coordinates":[[55.55624999999873,20.185416666666562],[55.552083333332064,20.18958333333321],[55.54791666666543,20.185416666666562],[55.53541666666544,20.185416666666562]]}},{"type":"Feature","properties":{"HYRIV_ID":20902072,"NEXT_DOWN":20902071,"MAIN_RIV":20900230,"LENGTH_KM":9.0299997,"CATCH_SKM":26.389999,"DIS_AV_CMS":0.021,"ORD_STRA":3,"ORD_FLOW":8},"geometry":{"type":"LineString","coordinates":[[55.622916666665446,20.197916666666536],[55.61874999999878,20.193749999999874],[55.61041666666537,20.202083333333228],[55.60624999999871,20.202083333333228],[55.602083333332075,20.20624999999989],[55.59791666666541,20.20624999999989],[55.58958333333209,20.197916666666536],[55.57291666666538,20.197916666666536],[55.56458333333205,20.18958333333321],[55.56458333333205,20.185416666666562],[55.55624999999873,20.185416666666562]]}},{"type":"Feature","properties":{"HYRIV_ID":20902073,"NEXT_DOWN":20902041,"MAIN_RIV":20900230,"LENGTH_KM":1.0700001,"CATCH_SKM":1.61,"DIS_AV_CMS":0.003,"ORD_STRA":2,"ORD_FLOW":9},"geometry":{"type":"LineString","coordinates":[[55.69791666666538,20.185416666666562],[55.693749999998715,20.18958333333321],[55.68958333333205,20.18958333333321]]}},{"type":"Feature","properties":{"HYRIV_ID":20902074,"NEXT_DOWN":20902073,"MAIN_RIV":20900230,"LENGTH_KM":3.3,"CATCH_SKM":19.74,"DIS_AV_CMS":0.002,"ORD_STRA":1,"ORD_FLOW":9},"geometry":{"type":"LineString","coordinates":[[55.71458333333209,20.20416666666656],[55.71458333333209,20.193749999999874],[55.706249999998704,20.185416666666562],[55.69791666666538,20.185416666666562]]}},{"type":"Feature","properties":{"HYRIV_ID":20902098,"NEXT_DOWN":20901910,"MAIN_RIV":20892193,"LENGTH_KM":4.6599998,"CATCH_SKM":21.559999,"DIS_AV_CMS":0.001,"ORD_STRA":1,"ORD_FLOW":9},"geometry":{"type":"LineString","coordinates":[[54.020833333332064,20.179166666666525],[54.010416666665435,20.18958333333321],[54.010416666665435,20.193749999999874],[54.00624999999877,20.197916666666536],[54.00624999999877,20.202083333333228],[54.00208333333211,20.20624999999989],[53.99374999999878,20.20624999999989]]}},{"type":"Feature","properties":{"HYRIV_ID":20902099,"NEXT_DOWN":20902100,"MAIN_RIV":20892193,"LENGTH_KM":2.6900001,"CATCH_SKM":15.31,"DIS_AV_CMS":0.001,"ORD_STRA":1,"ORD_FLOW":9},"geometry":{"type":"LineString","coordinates":[[54.21249999999878,20.199999999999854],[54.21874999999878,20.193749999999874],[54.21874999999878,20.18958333333321],[54.227083333332075,20.1812499999999]]}},{"type":"Feature","properties":{"HYRIV_ID":20902100,"NEXT_DOWN":20901186,"MAIN_RIV":20892193,"LENGTH_KM":16.25,"CATCH_SKM":54.18,"DIS_AV_CMS":0.062,"ORD_STRA":3,"ORD_FLOW":8},"geometry":{"type":"LineString","coordinates":[[54.227083333332075,20.1812499999999],[54.24374999999873,20.197916666666536],[54.25208333333211,20.197916666666536],[54.260416666665435,20.20624999999989],[54.260416666665435,20.210416666666553],[54.26874999999876,20.218749999999865],[54.26874999999876,20.22291666666657],[54.2645833333321,20.22708333333322],[54.272916666665424,20.235416666666545],[54.272916666665424,20.239583333333194],[54.27708333333206,20.243749999999856],[54.27708333333206,20.247916666666562],[54.28124999999872,20.25208333333321],[54.28958333333213,20.25208333333321],[54.29791666666546,20.260416666666536],[54.29791666666546,20.277083333333216],[54.306249999998755,20.285416666666528]]}},{"type":"Feature","properties":{"HYRIV_ID":20902101,"NEXT_DOWN":20901463,"MAIN_RIV":20897717,"LENGTH_KM":10.76,"CATCH_SKM":37.470001,"DIS_AV_CMS":0.02,"ORD_STRA":4,"ORD_FLOW":8},"geometry":{"type":"LineString","coordinates":[[54.86458333333209,20.1812499999999],[54.881249999998715,20.197916666666536],[54.881249999998715,20.202083333333228],[54.89374999999879,20.214583333333202],[54.90208333333209,20.214583333333202],[54.90624999999875,20.218749999999865],[54.90624999999875,20.247916666666562],[54.90208333333209,20.25208333333321],[54.90208333333209,20.256249999999874]]}},{"type":"Feature","properties":{"HYRIV_ID":20902102,"NEXT_DOWN":20901913,"MAIN_RIV":20900230,"LENGTH_KM":4.08,"CATCH_SKM":15.51,"DIS_AV_CMS":0.0,"ORD_STRA":4,"ORD_FLOW":10},"geometry":{"type":"LineString","coordinates":[[55.21458333333206,20.1812499999999],[55.21458333333206,20.185416666666562],[55.222916666665384,20.193749999999874],[55.22708333333205,20.193749999999874],[55.23958333333209,20.20624999999989]]}},{"type":"Feature","properties":{"HYRIV_ID":20902103,"NEXT_DOWN":20902073,"MAIN_RIV":20900230,"LENGTH_KM":2.59,"CATCH_SKM":15.31,"DIS_AV_CMS":0.001,"ORD_STRA":1,"ORD_FLOW":9},"geometry":{"type":"LineString","coordinates":[[55.72083333333208,20.1812499999999],[55.70208333333204,20.1812499999999],[55.69791666666538,20.185416666666562]]}},{"type":"Feature","properties":{"HYRIV_ID":20902136,"NEXT_DOWN":20902100,"MAIN_RIV":20892193,"LENGTH_KM":0.64,"CATCH_SKM":1.21,"DIS_AV_CMS":0.077,"ORD_STRA":3,"ORD_FLOW":8},"geometry":{"type":"LineString","coordinates":[[54.22291666666541,20.177083333333194],[54.227083333332075,20.1812499999999]]}},{"type":"Feature","properties":{"HYRIV_ID":20902137,"NEXT_DOWN":20901753,"MAIN_RIV":20892193,"LENGTH_KM":7.0900002,"CATCH_SKM":16.120001,"DIS_AV_CMS":0.044,"ORD_STRA":3,"ORD_FLOW":8},"geometry":{"type":"LineString","coordinates":[[54.64374999999876,20.177083333333194],[54.65624999999875,20.177083333333194],[54.66458333333205,20.185416666666562],[54.66041666666541,20.18958333333321],[54.66041666666541,20.193749999999874],[54.66458333333205,20.197916666666536],[54.66458333333205,20.22291666666657]]}},{"type":"Feature","properties":{"HYRIV_ID":20902190,"NEXT_DOWN":20901880,"MAIN_RIV":20897717,"LENGTH_KM":8.9899998,"CATCH_SKM":45.540001,"DIS_AV_CMS":0.003,"ORD_STRA":1,"ORD_FLOW":9},"geometry":{"type":"LineString","coordinates":[[54.92916666666537,20.16666666666655],[54.9229166666654,20.172916666666545],[54.91874999999874,20.168749999999882],[54.914583333332075,20.172916666666545],[54.914583333332075,20.185416666666562],[54.91874999999874,20.18958333333321],[54.9229166666654,20.18958333333321],[54.927083333332035,20.193749999999874],[54.927083333332035,20.197916666666536],[54.93958333333211,20.210416666666553],[54.95208333333207,20.210416666666553]]}},{"type":"Feature","properties":{"HYRIV_ID":20902229,"NEXT_DOWN":20901978,"MAIN_RIV":20892193,"LENGTH_KM":4.6300001,"CATCH_SKM":19.34,"DIS_AV_CMS":0.001,"ORD_STRA":1,"ORD_FLOW":9},"geometry":{"type":"LineString","coordinates":[[54.318749999998744,20.162499999999888],[54.318749999998744,20.177083333333194],[54.30208333333209,20.193749999999874],[54.30208333333209,20.197916666666536]]}},{"type":"Feature","properties":{"HYRIV_ID":20902230,"NEXT_DOWN":20901717,"MAIN_RIV":20892193,"LENGTH_KM":8.5,"CATCH_SKM":17.33,"DIS_AV_CMS":0.399,"ORD_STRA":4,"ORD_FLOW":7},"geometry":{"type":"LineString","coordinates":[[54.352083333332075,20.16458333333322],[54.331249999998704,20.185416666666562],[54.331249999998704,20.18958333333321],[54.32708333333204,20.193749999999874],[54.32708333333204,20.202083333333228],[54.331249999998704,20.20624999999989],[54.32708333333204,20.210416666666553],[54.32708333333204,20.214583333333202],[54.331249999998704,20.218749999999865],[54.331249999998704,20.22708333333322]]}},{"type":"Feature","properties":{"HYRIV_ID":20902231,"NEXT_DOWN":20901979,"MAIN_RIV":20892193,"LENGTH_KM":5.6100001,"CATCH_SKM":20.35,"DIS_AV_CMS":0.019,"ORD_STRA":3,"ORD_FLOW":8},"geometry":{"type":"LineString","coordinates":[[54.73958333333209,20.16458333333322],[54.73541666666543,20.168749999999882],[54.73541666666543,20.172916666666545],[54.727083333332104,20.1812499999999],[54.71874999999869,20.1812499999999],[54.70624999999873,20.193749999999874],[54.70624999999873,20.197916666666536]]}},{"type":"Feature","properties":{"HYRIV_ID":20902232,"NEXT_DOWN":20902101,"MAIN_RIV":20897717,"LENGTH_KM":2.37,"CATCH_SKM":6.6500001,"DIS_AV_CMS":0.009,"ORD_STRA":3,"ORD_FLOW":9},"geometry":{"type":"LineString","coordinates":[[54.85208333333202,20.16458333333322],[54.86041666666543,20.172916666666545],[54.86041666666543,20.177083333333194],[54.86458333333209,20.1812499999999]]}},{"type":"Feature","properties":{"HYRIV_ID":20902233,"NEXT_DOWN":20902039,"MAIN_RIV":20900230,"LENGTH_KM":3.12,"CATCH_SKM":7.0500002,"DIS_AV_CMS":0.0,"ORD_STRA":2,"ORD_FLOW":10},"geometry":{"type":"LineString","coordinates":[[55.36041666666537,20.16458333333322],[55.36041666666537,20.177083333333194],[55.368749999998755,20.185416666666562],[55.368749999998755,20.18958333333321]]}},{"type":"Feature","properties":{"HYRIV_ID":20902266,"NEXT_DOWN":20901677,"MAIN_RIV":20892193,"LENGTH_KM":14.26,"CATCH_SKM":73.330002,"DIS_AV_CMS":0.004,"ORD_STRA":1,"ORD_FLOW":9},"geometry":{"type":"LineString","coordinates":[[54.066666666665384,20.158333333333196],[54.08124999999879,20.172916666666545],[54.077083333332126,20.177083333333194],[54.077083333332126,20.193749999999874],[54.08124999999879,20.197916666666536],[54.08124999999879,20.202083333333228],[54.077083333332126,20.20624999999989],[54.077083333332126,20.214583333333202],[54.08124999999879,20.218749999999865],[54.08541666666545,20.218749999999865],[54.09374999999875,20.22708333333322],[54.12708333333211,20.22708333333322],[54.13124999999877,20.231249999999882],[54.135416666665435,20.231249999999882]]}},{"type":"Feature","properties":{"HYRIV_ID":20902267,"NEXT_DOWN":20901677,"MAIN_RIV":20892193,"LENGTH_KM":14.45,"CATCH_SKM":62.259998,"DIS_AV_CMS":0.004,"ORD_STRA":1,"ORD_FLOW":9},"geometry":{"type":"LineString","coordinates":[[54.102083333332075,20.158333333333196],[54.102083333332075,20.16458333333322],[54.10624999999874,20.168749999999882],[54.1104166666654,20.16458333333322],[54.114583333332064,20.168749999999882],[54.122916666665446,20.168749999999882],[54.12708333333211,20.172916666666545],[54.12708333333211,20.177083333333194],[54.13124999999877,20.1812499999999],[54.1395833333321,20.1812499999999],[54.14374999999873,20.185416666666562],[54.147916666665395,20.1812499999999],[54.15208333333206,20.185416666666562],[54.15208333333206,20.193749999999874],[54.14374999999873,20.202083333333228],[54.14374999999873,20.20624999999989],[54.15208333333206,20.214583333333202],[54.135416666665435,20.231249999999882]]}},{"type":"Feature","properties":{"HYRIV_ID":20902268,"NEXT_DOWN":20901637,"MAIN_RIV":20892193,"LENGTH_KM":10.55,"CATCH_SKM":47.150002,"DIS_AV_CMS":0.004,"ORD_STRA":1,"ORD_FLOW":9},"geometry":{"type":"LineString","coordinates":[[54.56249999999875,20.158333333333196],[54.568749999998744,20.16458333333322],[54.568749999998744,20.172916666666545],[54.57708333333207,20.1812499999999],[54.57708333333207,20.185416666666562],[54.57291666666541,20.18958333333321],[54.57291666666541,20.197916666666536],[54.57708333333207,20.202083333333228],[54.55624999999878,20.22291666666657],[54.55624999999878,20.22708333333322],[54.55208333333212,20.231249999999882],[54.55208333333212,20.235416666666545]]}},{"type":"Feature","properties":{"HYRIV_ID":20902269,"NEXT_DOWN":20902383,"MAIN_RIV":20900230,"LENGTH_KM":5.9200001,"CATCH_SKM":24.98,"DIS_AV_CMS":0.0,"ORD_STRA":1,"ORD_FLOW":10},"geometry":{"type":"LineString","coordinates":[[55.004166666665384,20.177083333333194],[55.01041666666538,20.177083333333194],[55.01874999999879,20.185416666666562],[55.027083333332115,20.185416666666562],[55.03124999999875,20.1812499999999],[55.03124999999875,20.168749999999882],[55.03541666666541,20.16458333333322],[55.03541666666541,20.160416666666556]]}},{"type":"Feature","properties":{"HYRIV_ID":20902270,"NEXT_DOWN":20902383,"MAIN_RIV":20900230,"LENGTH_KM":2.02,"CATCH_SKM":16.120001,"DIS_AV_CMS":0.001,"ORD_STRA":1,"ORD_FLOW":9},"geometry":{"type":"LineString","coordinates":[[55.04999999999873,20.170833333333213],[55.039583333332075,20.160416666666556],[55.03541666666541,20.160416666666556]]}},{"type":"Feature","properties":{"HYRIV_ID":20902271,"NEXT_DOWN":20902102,"MAIN_RIV":20900230,"LENGTH_KM":7.06,"CATCH_SKM":30.23,"DIS_AV_CMS":0.0,"ORD_STRA":4,"ORD_FLOW":10},"geometry":{"type":"LineString","coordinates":[[55.16041666666541,20.160416666666556],[55.164583333332075,20.16458333333322],[55.16874999999874,20.16458333333322],[55.1729166666654,20.160416666666556],[55.189583333332024,20.160416666666556],[55.19374999999877,20.16458333333322],[55.197916666665435,20.16458333333322],[55.21458333333206,20.1812499999999]]}},{"type":"Feature","properties":{"HYRIV_ID":20902272,"NEXT_DOWN":20901913,"MAIN_RIV":20900230,"LENGTH_KM":9.0200005,"CATCH_SKM":38.889999,"DIS_AV_CMS":0.0,"ORD_STRA":1,"ORD_FLOW":10},"geometry":{"type":"LineString","coordinates":[[55.279166666665446,20.158333333333196],[55.27291666666545,20.16458333333322],[55.268749999998704,20.160416666666556],[55.26458333333204,20.16458333333322],[55.26458333333204,20.177083333333194],[55.268749999998704,20.1812499999999],[55.256249999998744,20.193749999999874],[55.24791666666542,20.193749999999874],[55.24791666666542,20.202083333333228],[55.243749999998755,20.20624999999989],[55.23958333333209,20.20624999999989]]}},{"type":"Feature","properties":{"HYRIV_ID":20902273,"NEXT_DOWN":20902233,"MAIN_RIV":20900230,"LENGTH_KM":4.2,"CATCH_SKM":30.23,"DIS_AV_CMS":0.0,"ORD_STRA":1,"ORD_FLOW":10},"geometry":{"type":"LineString","coordinates":[[55.33958333333209,20.179166666666525],[55.33958333333209,20.16458333333322],[55.34374999999872,20.16458333333322],[55.347916666665384,20.160416666666556],[55.35208333333205,20.160416666666556],[55.35624999999871,20.16458333333322],[55.36041666666537,20.16458333333322]]}},{"type":"Feature","properties":{"HYRIV_ID":20902274,"NEXT_DOWN":20901914,"MAIN_RIV":20900230,"LENGTH_KM":6.56,"CATCH_SKM":14.91,"DIS_AV_CMS":0.0,"ORD_STRA":3,"ORD_FLOW":10},"geometry":{"type":"LineString","coordinates":[[55.443749999998715,20.160416666666556],[55.43958333333205,20.160416666666556],[55.43541666666539,20.16458333333322],[55.43541666666539,20.168749999999882],[55.443749999998715,20.177083333333194],[55.443749999998715,20.18958333333321],[55.43124999999873,20.202083333333228],[55.43124999999873,20.20624999999989]]}},{"type":"Feature","properties":{"HYRIV_ID":20902298,"NEXT_DOWN":20902136,"MAIN_RIV":20892193,"LENGTH_KM":2.6600001,"CATCH_SKM":7.6599998,"DIS_AV_CMS":0.075,"ORD_STRA":3,"ORD_FLOW":8},"geometry":{"type":"LineString","coordinates":[[54.214583333332115,20.156249999999865],[54.21874999999878,20.160416666666556],[54.21874999999878,20.172916666666545],[54.22291666666541,20.177083333333194]]}},{"type":"Feature","properties":{"HYRIV_ID":20902299,"NEXT_DOWN":20902041,"MAIN_RIV":20900230,"LENGTH_KM":7.39,"CATCH_SKM":32.040001,"DIS_AV_CMS":0.003,"ORD_STRA":1,"ORD_FLOW":9},"geometry":{"type":"LineString","coordinates":[[55.72916666666541,20.156249999999865],[55.71874999999875,20.156249999999865],[55.71458333333209,20.160416666666556],[55.70208333333204,20.160416666666556],[55.69791666666538,20.16458333333322],[55.693749999998715,20.16458333333322],[55.68958333333205,20.168749999999882],[55.68958333333205,20.177083333333194],[55.68541666666539,20.1812499999999],[55.68958333333205,20.185416666666562],[55.68958333333205,20.18958333333321]]}},{"type":"Feature","properties":{"HYRIV_ID":20902329,"NEXT_DOWN":20902232,"MAIN_RIV":20897717,"LENGTH_KM":1.56,"CATCH_SKM":2.22,"DIS_AV_CMS":0.003,"ORD_STRA":2,"ORD_FLOW":9},"geometry":{"type":"LineString","coordinates":[[54.85624999999877,20.152083333333202],[54.85624999999877,20.160416666666556],[54.85208333333202,20.16458333333322]]}},{"type":"Feature","properties":{"HYRIV_ID":20902330,"NEXT_DOWN":20902040,"MAIN_RIV":20900230,"LENGTH_KM":4.75,"CATCH_SKM":22.969999,"DIS_AV_CMS":0.0,"ORD_STRA":1,"ORD_FLOW":10},"geometry":{"type":"LineString","coordinates":[[55.38541666666541,20.14999999999987],[55.38541666666541,20.1812499999999],[55.37708333333208,20.18958333333321]]}},{"type":"Feature","properties":{"HYRIV_ID":20902383,"NEXT_DOWN":20902461,"MAIN_RIV":20900230,"LENGTH_KM":2.2,"CATCH_SKM":5.04,"DIS_AV_CMS":0.0,"ORD_STRA":2,"ORD_FLOW":10},"geometry":{"type":"LineString","coordinates":[[55.03541666666541,20.160416666666556],[55.03541666666541,20.152083333333202],[55.04374999999874,20.14374999999989]]}},{"type":"Feature","properties":{"HYRIV_ID":20902384,"NEXT_DOWN":20902463,"MAIN_RIV":20900230,"LENGTH_KM":0.69,"CATCH_SKM":12.9,"DIS_AV_CMS":0.001,"ORD_STRA":1,"ORD_FLOW":9},"geometry":{"type":"LineString","coordinates":[[55.602083333332075,20.14999999999987],[55.602083333332075,20.14374999999989]]}},{"type":"Feature","properties":{"HYRIV_ID":20902423,"NEXT_DOWN":20902136,"MAIN_RIV":20892193,"LENGTH_KM":5.7800002,"CATCH_SKM":26.4,"DIS_AV_CMS":0.002,"ORD_STRA":1,"ORD_FLOW":9},"geometry":{"type":"LineString","coordinates":[[54.24999999999878,20.137499999999896],[54.24374999999873,20.14374999999989],[54.24374999999873,20.160416666666556],[54.227083333332075,20.177083333333194],[54.22291666666541,20.177083333333194]]}},{"type":"Feature","properties":{"HYRIV_ID":20902424,"NEXT_DOWN":20902230,"MAIN_RIV":20892193,"LENGTH_KM":3.27,"CATCH_SKM":17.530001,"DIS_AV_CMS":0.001,"ORD_STRA":1,"ORD_FLOW":9},"geometry":{"type":"LineString","coordinates":[[54.34583333333211,20.137499999999896],[54.352083333332075,20.14374999999989],[54.352083333332075,20.16458333333322]]}},{"type":"Feature","properties":{"HYRIV_ID":20902425,"NEXT_DOWN":20901827,"MAIN_RIV":20892193,"LENGTH_KM":9.8900003,"CATCH_SKM":46.34,"DIS_AV_CMS":0.01,"ORD_STRA":2,"ORD_FLOW":8},"geometry":{"type":"LineString","coordinates":[[54.48124999999877,20.139583333333185],[54.46874999999878,20.152083333333202],[54.46874999999878,20.156249999999865],[54.45208333333207,20.172916666666545],[54.45208333333207,20.185416666666562],[54.44791666666541,20.18958333333321],[54.44791666666541,20.210416666666553],[54.443749999998744,20.214583333333202]]}},{"type":"Feature","properties":{"HYRIV_ID":20902426,"NEXT_DOWN":20902425,"MAIN_RIV":20892193,"LENGTH_KM":3.09,"CATCH_SKM":18.940001,"DIS_AV_CMS":0.001,"ORD_STRA":1,"ORD_FLOW":9},"geometry":{"type":"LineString","coordinates":[[54.50416666666547,20.141666666666517],[54.49791666666539,20.14791666666654],[54.49374999999873,20.14791666666654],[54.489583333332064,20.14374999999989],[54.4854166666654,20.14374999999989],[54.48124999999877,20.139583333333185]]}},{"type":"Feature","properties":{"HYRIV_ID":20902427,"NEXT_DOWN":20902271,"MAIN_RIV":20900230,"LENGTH_KM":2.83,"CATCH_SKM":4.23,"DIS_AV_CMS":0.0,"ORD_STRA":4,"ORD_FLOW":10},"geometry":{"type":"LineString","coordinates":[[55.164583333332075,20.139583333333185],[55.164583333332075,20.14791666666654],[55.15624999999878,20.156249999999865],[55.16041666666541,20.160416666666556]]}},{"type":"Feature","properties":{"HYRIV_ID":20902428,"NEXT_DOWN":20902463,"MAIN_RIV":20900230,"LENGTH_KM":5.4699998,"CATCH_SKM":19.139999,"DIS_AV_CMS":0.002,"ORD_STRA":1,"ORD_FLOW":9},"geometry":{"type":"LineString","coordinates":[[55.63958333333207,20.154166666666534],[55.63958333333207,20.14374999999989],[55.63541666666541,20.139583333333185],[55.62708333333211,20.139583333333185],[55.622916666665446,20.14374999999989],[55.602083333332075,20.14374999999989]]}},{"type":"Feature","properties":{"HYRIV_ID":20902460,"NEXT_DOWN":20902329,"MAIN_RIV":20897717,"LENGTH_KM":4.7600002,"CATCH_SKM":19.35,"DIS_AV_CMS":0.002,"ORD_STRA":1,"ORD_FLOW":9},"geometry":{"type":"LineString","coordinates":[[54.820833333332075,20.135416666666565],[54.84374999999872,20.135416666666565],[54.847916666665355,20.139583333333185],[54.847916666665355,20.14374999999989],[54.85624999999877,20.152083333333202]]}},{"type":"Feature","properties":{"HYRIV_ID":20902461,"NEXT_DOWN":20902271,"MAIN_RIV":20900230,"LENGTH_KM":18.969999,"CATCH_SKM":104.17,"DIS_AV_CMS":0.0,"ORD_STRA":3,"ORD_FLOW":10},"geometry":{"type":"LineString","coordinates":[[55.04374999999874,20.14374999999989],[55.0479166666654,20.14374999999989],[55.0562499999987,20.135416666666565],[55.06874999999877,20.135416666666565],[55.10624999999871,20.172916666666545],[55.10624999999871,20.1812499999999],[55.118749999998755,20.193749999999874],[55.12291666666542,20.193749999999874],[55.12708333333208,20.197916666666536],[55.13541666666538,20.197916666666536],[55.13958333333204,20.193749999999874],[55.13958333333204,20.1812499999999],[55.152083333332115,20.168749999999882],[55.15624999999878,20.168749999999882],[55.16041666666541,20.16458333333322],[55.16041666666541,20.160416666666556]]}},{"type":"Feature","properties":{"HYRIV_ID":20902462,"NEXT_DOWN":20902274,"MAIN_RIV":20900230,"LENGTH_KM":10.31,"CATCH_SKM":51.189999,"DIS_AV_CMS":0.0,"ORD_STRA":1,"ORD_FLOW":10},"geometry":{"type":"LineString","coordinates":[[55.520833333332064,20.135416666666565],[55.50208333333208,20.135416666666565],[55.497916666665446,20.139583333333185],[55.49374999999878,20.139583333333185],[55.48124999999871,20.152083333333202],[55.47708333333205,20.152083333333202],[55.472916666665384,20.156249999999865],[55.472916666665384,20.160416666666556],[55.46458333333209,20.168749999999882],[55.460416666665424,20.16458333333322],[55.45208333333201,20.16458333333322],[55.44791666666535,20.160416666666556],[55.443749999998715,20.160416666666556]]}},{"type":"Feature","properties":{"HYRIV_ID":20902463,"NEXT_DOWN":20902071,"MAIN_RIV":20900230,"LENGTH_KM":10.44,"CATCH_SKM":32.240002,"DIS_AV_CMS":0.005,"ORD_STRA":2,"ORD_FLOW":9},"geometry":{"type":"LineString","coordinates":[[55.602083333332075,20.14374999999989],[55.59374999999875,20.135416666666565],[55.585416666665424,20.135416666666565],[55.581249999998676,20.139583333333185],[55.57708333333204,20.135416666666565],[55.57291666666538,20.135416666666565],[55.568749999998715,20.139583333333185],[55.568749999998715,20.152083333333202],[55.57291666666538,20.156249999999865],[55.56041666666539,20.168749999999882],[55.56041666666539,20.172916666666545],[55.55624999999873,20.177083333333194],[55.55624999999873,20.185416666666562]]}},{"type":"Feature","properties":{"HYRIV_ID":20902506,"NEXT_DOWN":20902507,"MAIN_RIV":20892193,"LENGTH_KM":4.3200002,"CATCH_SKM":13.91,"DIS_AV_CMS":0.007,"ORD_STRA":2,"ORD_FLOW":9},"geometry":{"type":"LineString","coordinates":[[54.122916666665446,20.131249999999874],[54.12708333333211,20.135416666666565],[54.13124999999877,20.135416666666565],[54.135416666665435,20.131249999999874],[54.16041666666547,20.131249999999874]]}},{"type":"Feature","properties":{"HYRIV_ID":20902507,"NEXT_DOWN":20902508,"MAIN_RIV":20892193,"LENGTH_KM":1.74,"CATCH_SKM":2.62,"DIS_AV_CMS":0.008,"ORD_STRA":2,"ORD_FLOW":9},"geometry":{"type":"LineString","coordinates":[[54.16041666666547,20.131249999999874],[54.17708333333209,20.131249999999874]]}},{"type":"Feature","properties":{"HYRIV_ID":20902508,"NEXT_DOWN":20902298,"MAIN_RIV":20892193,"LENGTH_KM":6.9699998,"CATCH_SKM":24.379999,"DIS_AV_CMS":0.071,"ORD_STRA":3,"ORD_FLOW":8},"geometry":{"type":"LineString","coordinates":[[54.17708333333209,20.131249999999874],[54.17708333333209,20.14791666666654],[54.18541666666542,20.156249999999865],[54.193749999998744,20.156249999999865],[54.19791666666538,20.160416666666556],[54.202083333332126,20.160416666666556],[54.20624999999879,20.16458333333322],[54.214583333332115,20.156249999999865]]}},{"type":"Feature","properties":{"HYRIV_ID":20902509,"NEXT_DOWN":20901978,"MAIN_RIV":20892193,"LENGTH_KM":9.2200003,"CATCH_SKM":23.58,"DIS_AV_CMS":0.008,"ORD_STRA":2,"ORD_FLOW":9},"geometry":{"type":"LineString","coordinates":[[54.28958333333213,20.131249999999874],[54.28958333333213,20.135416666666565],[54.28541666666547,20.139583333333185],[54.28541666666547,20.156249999999865],[54.28958333333213,20.160416666666556],[54.293749999998795,20.160416666666556],[54.29791666666546,20.16458333333322],[54.293749999998795,20.168749999999882],[54.293749999998795,20.172916666666545],[54.29791666666546,20.177083333333194],[54.293749999998795,20.1812499999999],[54.29791666666546,20.185416666666562],[54.29791666666546,20.193749999999874],[54.30208333333209,20.197916666666536]]}},{"type":"Feature","properties":{"HYRIV_ID":20902542,"NEXT_DOWN":20902507,"MAIN_RIV":20892193,"LENGTH_KM":0.69,"CATCH_SKM":10.68,"DIS_AV_CMS":0.001,"ORD_STRA":1,"ORD_FLOW":9},"geometry":{"type":"LineString","coordinates":[[54.16041666666547,20.12499999999988],[54.16041666666547,20.131249999999874]]}},{"type":"Feature","properties":{"HYRIV_ID":20902575,"NEXT_DOWN":20902576,"MAIN_RIV":20900230,"LENGTH_KM":3.32,"CATCH_SKM":22.57,"DIS_AV_CMS":0.001,"ORD_STRA":1,"ORD_FLOW":9},"geometry":{"type":"LineString","coordinates":[[54.99583333333209,20.145833333333222],[55.006249999998715,20.135416666666565],[55.006249999998715,20.131249999999874],[55.014583333332126,20.122916666666548]]}},{"type":"Feature","properties":{"HYRIV_ID":20902576,"NEXT_DOWN":20902461,"MAIN_RIV":20900230,"LENGTH_KM":4.0500002,"CATCH_SKM":15.12,"DIS_AV_CMS":0.0,"ORD_STRA":2,"ORD_FLOW":10},"geometry":{"type":"LineString","coordinates":[[55.014583333332126,20.122916666666548],[55.027083333332115,20.135416666666565],[55.03541666666541,20.135416666666565],[55.04374999999874,20.14374999999989]]}},{"type":"Feature","properties":{"HYRIV_ID":20902606,"NEXT_DOWN":20902607,"MAIN_RIV":20892193,"LENGTH_KM":3.26,"CATCH_SKM":19.35,"DIS_AV_CMS":0.002,"ORD_STRA":1,"ORD_FLOW":9},"geometry":{"type":"LineString","coordinates":[[54.56249999999875,20.131249999999874],[54.57291666666541,20.131249999999874],[54.58124999999873,20.122916666666548],[54.585416666665395,20.122916666666548],[54.585416666665395,20.1187499999999]]}},{"type":"Feature","properties":{"HYRIV_ID":20902607,"NEXT_DOWN":20902137,"MAIN_RIV":20892193,"LENGTH_KM":11.28,"CATCH_SKM":38.09,"DIS_AV_CMS":0.046,"ORD_STRA":3,"ORD_FLOW":8},"geometry":{"type":"LineString","coordinates":[[54.585416666665395,20.1187499999999],[54.59791666666544,20.131249999999874],[54.59791666666544,20.139583333333185],[54.60624999999877,20.14791666666654],[54.60624999999877,20.16458333333322],[54.614583333332064,20.172916666666545],[54.61874999999873,20.172916666666545],[54.6312499999988,20.185416666666562],[54.63541666666546,20.1812499999999],[54.6395833333321,20.1812499999999],[54.64374999999876,20.177083333333194]]}},{"type":"Feature","properties":{"HYRIV_ID":20902608,"NEXT_DOWN":20901979,"MAIN_RIV":20892193,"LENGTH_KM":11.66,"CATCH_SKM":55.02,"DIS_AV_CMS":0.036,"ORD_STRA":3,"ORD_FLOW":8},"geometry":{"type":"LineString","coordinates":[[54.68124999999878,20.1187499999999],[54.693749999998744,20.131249999999874],[54.693749999998744,20.156249999999865],[54.685416666665446,20.16458333333322],[54.68124999999878,20.16458333333322],[54.68124999999878,20.1812499999999],[54.68958333333211,20.18958333333321],[54.693749999998744,20.18958333333321],[54.69791666666541,20.193749999999874],[54.70208333333207,20.193749999999874],[54.70624999999873,20.197916666666536]]}},{"type":"Feature","properties":{"HYRIV_ID":20902609,"NEXT_DOWN":20902329,"MAIN_RIV":20897717,"LENGTH_KM":4.54,"CATCH_SKM":20.559999,"DIS_AV_CMS":0.002,"ORD_STRA":1,"ORD_FLOW":9},"geometry":{"type":"LineString","coordinates":[[54.8583333333321,20.116666666666568],[54.86458333333209,20.122916666666548],[54.86458333333209,20.131249999999874],[54.86041666666543,20.135416666666565],[54.86041666666543,20.14791666666654],[54.85624999999877,20.152083333333202]]}},{"type":"Feature","properties":{"HYRIV_ID":20902610,"NEXT_DOWN":20902101,"MAIN_RIV":20897717,"LENGTH_KM":8.7600002,"CATCH_SKM":30.43,"DIS_AV_CMS":0.01,"ORD_STRA":3,"ORD_FLOW":8},"geometry":{"type":"LineString","coordinates":[[54.89374999999879,20.1187499999999],[54.89791666666545,20.122916666666548],[54.89791666666545,20.12708333333321],[54.889583333332126,20.135416666666565],[54.889583333332126,20.152083333333202],[54.87708333333205,20.16458333333322],[54.87291666666539,20.16458333333322],[54.868749999998755,20.168749999999882],[54.868749999998755,20.172916666666545],[54.86458333333209,20.177083333333194],[54.86458333333209,20.1812499999999]]}},{"type":"Feature","properties":{"HYRIV_ID":20902646,"NEXT_DOWN":20902231,"MAIN_RIV":20892193,"LENGTH_KM":9.5699997,"CATCH_SKM":36.48,"DIS_AV_CMS":0.003,"ORD_STRA":1,"ORD_FLOW":9},"geometry":{"type":"LineString","coordinates":[[54.78124999999875,20.1125],[54.78124999999875,20.12708333333321],[54.78541666666541,20.131249999999874],[54.78541666666541,20.139583333333185],[54.76874999999876,20.156249999999865],[54.76041666666546,20.156249999999865],[54.74791666666539,20.168749999999882],[54.74374999999873,20.168749999999882],[54.73958333333209,20.16458333333322]]}},{"type":"Feature","properties":{"HYRIV_ID":20902687,"NEXT_DOWN":20902610,"MAIN_RIV":20897717,"LENGTH_KM":1.97,"CATCH_SKM":3.23,"DIS_AV_CMS":0.005,"ORD_STRA":2,"ORD_FLOW":9},"geometry":{"type":"LineString","coordinates":[[54.881249999998715,20.11041666666653],[54.881249999998715,20.114583333333194],[54.88541666666538,20.1187499999999],[54.89374999999879,20.1187499999999]]}},{"type":"Feature","properties":{"HYRIV_ID":20902688,"NEXT_DOWN":20902427,"MAIN_RIV":20900230,"LENGTH_KM":3.76,"CATCH_SKM":10.48,"DIS_AV_CMS":0.0,"ORD_STRA":3,"ORD_FLOW":10},"geometry":{"type":"LineString","coordinates":[[55.16874999999874,20.11041666666653],[55.164583333332075,20.114583333333194],[55.164583333332075,20.122916666666548],[55.16874999999874,20.12708333333321],[55.16874999999874,20.135416666666565],[55.164583333332075,20.139583333333185]]}},{"type":"Feature","properties":{"HYRIV_ID":20902689,"NEXT_DOWN":20902688,"MAIN_RIV":20900230,"LENGTH_KM":3.48,"CATCH_SKM":7.0500002,"DIS_AV_CMS":0.0,"ORD_STRA":2,"ORD_FLOW":10},"geometry":{"type":"LineString","coordinates":[[55.2020833333321,20.11041666666653],[55.16874999999874,20.11041666666653]]}},{"type":"Feature","properties":{"HYRIV_ID":20902690,"NEXT_DOWN":20902895,"MAIN_RIV":20900230,"LENGTH_KM":10.14,"CATCH_SKM":38.900002,"DIS_AV_CMS":0.003,"ORD_STRA":1,"ORD_FLOW":9},"geometry":{"type":"LineString","coordinates":[[55.70833333333201,20.11041666666653],[55.69791666666538,20.11041666666653],[55.68958333333205,20.1187499999999],[55.68958333333205,20.122916666666548],[55.68124999999873,20.122916666666548],[55.67708333333209,20.12708333333321],[55.67291666666543,20.12708333333321],[55.660416666665355,20.139583333333185],[55.65208333333206,20.139583333333185],[55.647916666665395,20.135416666666565],[55.647916666665395,20.131249999999874],[55.64374999999873,20.12708333333321],[55.63541666666541,20.12708333333321]]}},{"type":"Feature","properties":{"HYRIV_ID":20902721,"NEXT_DOWN":20902722,"MAIN_RIV":20900230,"LENGTH_KM":1.96,"CATCH_SKM":12.3,"DIS_AV_CMS":0.001,"ORD_STRA":1,"ORD_FLOW":9},"geometry":{"type":"LineString","coordinates":[[54.98749999999876,20.106249999999882],[55.006249999998715,20.106249999999882]]}},{"type":"Feature","properties":{"HYRIV_ID":20902722,"NEXT_DOWN":20902576,"MAIN_RIV":20900230,"LENGTH_KM":2.2,"CATCH_SKM":14.11,"DIS_AV_CMS":0.001,"ORD_STRA":2,"ORD_FLOW":9},"geometry":{"type":"LineString","coordinates":[[55.006249999998715,20.106249999999882],[55.006249999998715,20.11041666666653],[55.014583333332126,20.1187499999999],[55.014583333332126,20.122916666666548]]}},{"type":"Feature","properties":{"HYRIV_ID":20902723,"NEXT_DOWN":20902274,"MAIN_RIV":20900230,"LENGTH_KM":7.06,"CATCH_SKM":33.049999,"DIS_AV_CMS":0.0,"ORD_STRA":3,"ORD_FLOW":10},"geometry":{"type":"LineString","coordinates":[[55.43541666666539,20.106249999999882],[55.43541666666539,20.11041666666653],[55.43958333333205,20.114583333333194],[55.43958333333205,20.135416666666565],[55.45208333333201,20.14791666666654],[55.45208333333201,20.152083333333202],[55.443749999998715,20.160416666666556]]}},{"type":"Feature","properties":{"HYRIV_ID":20902746,"NEXT_DOWN":20902607,"MAIN_RIV":20892193,"LENGTH_KM":2.03,"CATCH_SKM":4.64,"DIS_AV_CMS":0.048,"ORD_STRA":3,"ORD_FLOW":8},"geometry":{"type":"LineString","coordinates":[[54.58124999999873,20.10208333333322],[54.585416666665395,20.106249999999882],[54.585416666665395,20.1187499999999]]}},{"type":"Feature","properties":{"HYRIV_ID":20902747,"NEXT_DOWN":20902137,"MAIN_RIV":20892193,"LENGTH_KM":13.8,"CATCH_SKM":35.880001,"DIS_AV_CMS":0.003,"ORD_STRA":1,"ORD_FLOW":9},"geometry":{"type":"LineString","coordinates":[[54.62291666666539,20.099999999999888],[54.62291666666539,20.11041666666653],[54.61874999999873,20.11041666666653],[54.614583333332064,20.114583333333194],[54.62291666666539,20.122916666666548],[54.6312499999988,20.114583333333194],[54.63541666666546,20.114583333333194],[54.6395833333321,20.1187499999999],[54.6395833333321,20.122916666666548],[54.64374999999876,20.12708333333321],[54.647916666665424,20.12708333333321],[54.65208333333209,20.131249999999874],[54.65208333333209,20.135416666666565],[54.64374999999876,20.14374999999989],[54.64374999999876,20.156249999999865],[54.647916666665424,20.160416666666556],[54.64374999999876,20.16458333333322],[54.64374999999876,20.177083333333194]]}},{"type":"Feature","properties":{"HYRIV_ID":20902748,"NEXT_DOWN":20902231,"MAIN_RIV":20892193,"LENGTH_KM":8.1499996,"CATCH_SKM":22.57,"DIS_AV_CMS":0.015,"ORD_STRA":3,"ORD_FLOW":8},"geometry":{"type":"LineString","coordinates":[[54.73541666666543,20.10208333333322],[54.73541666666543,20.106249999999882],[54.73958333333209,20.11041666666653],[54.73958333333209,20.1187499999999],[54.74374999999873,20.122916666666548],[54.74374999999873,20.131249999999874],[54.73958333333209,20.135416666666565],[54.74374999999873,20.139583333333185],[54.73541666666543,20.14791666666654],[54.73958333333209,20.152083333333202],[54.73958333333209,20.16458333333322]]}},{"type":"Feature","properties":{"HYRIV_ID":20902749,"NEXT_DOWN":20902750,"MAIN_RIV":20900230,"LENGTH_KM":2.1900001,"CATCH_SKM":15.32,"DIS_AV_CMS":0.0,"ORD_STRA":1,"ORD_FLOW":10},"geometry":{"type":"LineString","coordinates":[[55.09583333333205,20.11041666666653],[55.10624999999871,20.11041666666653],[55.11041666666543,20.106249999999882],[55.11041666666543,20.10208333333322]]}},{"type":"Feature","properties":{"HYRIV_ID":20902750,"NEXT_DOWN":20902427,"MAIN_RIV":20900230,"LENGTH_KM":7.7199998,"CATCH_SKM":23.379999,"DIS_AV_CMS":0.0,"ORD_STRA":3,"ORD_FLOW":10},"geometry":{"type":"LineString","coordinates":[[55.11041666666543,20.10208333333322],[55.11458333333209,20.10208333333322],[55.12291666666542,20.11041666666653],[55.12708333333208,20.11041666666653],[55.13541666666538,20.1187499999999],[55.13541666666538,20.122916666666548],[55.13958333333204,20.12708333333321],[55.14374999999879,20.12708333333321],[55.14791666666545,20.131249999999874],[55.152083333332115,20.131249999999874],[55.16041666666541,20.139583333333185],[55.164583333332075,20.139583333333185]]}},{"type":"Feature","properties":{"HYRIV_ID":20902751,"NEXT_DOWN":20902102,"MAIN_RIV":20900230,"LENGTH_KM":12.78,"CATCH_SKM":42.73,"DIS_AV_CMS":0.0,"ORD_STRA":2,"ORD_FLOW":10},"geometry":{"type":"LineString","coordinates":[[55.28541666666544,20.10208333333322],[55.28124999999878,20.10208333333322],[55.277083333332115,20.106249999999882],[55.27291666666545,20.106249999999882],[55.24791666666542,20.131249999999874],[55.243749999998755,20.131249999999874],[55.23958333333209,20.135416666666565],[55.23958333333209,20.139583333333185],[55.23541666666537,20.14374999999989],[55.23541666666537,20.160416666666556],[55.22708333333205,20.168749999999882],[55.22708333333205,20.172916666666545],[55.222916666665384,20.177083333333194],[55.21874999999872,20.177083333333194],[55.21458333333206,20.1812499999999]]}},{"type":"Feature","properties":{"HYRIV_ID":20902752,"NEXT_DOWN":20902751,"MAIN_RIV":20900230,"LENGTH_KM":2.49,"CATCH_SKM":14.11,"DIS_AV_CMS":0.0,"ORD_STRA":1,"ORD_FLOW":10},"geometry":{"type":"LineString","coordinates":[[55.29999999999873,20.116666666666568],[55.29374999999874,20.11041666666653],[55.289583333332104,20.11041666666653],[55.28541666666544,20.106249999999882],[55.28541666666544,20.10208333333322]]}},{"type":"Feature","properties":{"HYRIV_ID":20902789,"NEXT_DOWN":20902328,"MAIN_RIV":20892193,"LENGTH_KM":8.9700003,"CATCH_SKM":32.450001,"DIS_AV_CMS":0.004,"ORD_STRA":2,"ORD_FLOW":9},"geometry":{"type":"LineString","coordinates":[[54.022916666665395,20.097916666666556],[54.022916666665395,20.122916666666548],[54.01874999999873,20.12708333333321],[54.010416666665435,20.12708333333321],[53.9854166666654,20.152083333333202],[53.977083333332075,20.152083333333202]]}},{"type":"Feature","properties":{"HYRIV_ID":20902790,"NEXT_DOWN":20902506,"MAIN_RIV":20892193,"LENGTH_KM":7.3,"CATCH_SKM":35.68,"DIS_AV_CMS":0.002,"ORD_STRA":1,"ORD_FLOW":9},"geometry":{"type":"LineString","coordinates":[[54.07083333333205,20.097916666666556],[54.077083333332126,20.097916666666556],[54.08124999999879,20.10208333333322],[54.08541666666545,20.10208333333322],[54.09374999999875,20.11041666666653],[54.09374999999875,20.114583333333194],[54.1104166666654,20.131249999999874],[54.122916666665446,20.131249999999874]]}},{"type":"Feature","properties":{"HYRIV_ID":20902791,"NEXT_DOWN":20902230,"MAIN_RIV":20892193,"LENGTH_KM":13.6,"CATCH_SKM":54.209999,"DIS_AV_CMS":0.50800002,"ORD_STRA":4,"ORD_FLOW":7},"geometry":{"type":"LineString","coordinates":[[54.37708333333211,20.097916666666556],[54.37708333333211,20.10208333333322],[54.38124999999877,20.106249999999882],[54.38124999999877,20.114583333333194],[54.37708333333211,20.1187499999999],[54.37708333333211,20.12708333333321],[54.38124999999877,20.131249999999874],[54.385416666665435,20.131249999999874],[54.39374999999876,20.139583333333185],[54.39374999999876,20.14791666666654],[54.3895833333321,20.152083333333202],[54.3895833333321,20.16458333333322],[54.385416666665435,20.168749999999882],[54.36874999999873,20.168749999999882],[54.36458333333215,20.16458333333322],[54.3604166666654,20.168749999999882],[54.35624999999874,20.16458333333322],[54.352083333332075,20.16458333333322]]}},{"type":"Feature","properties":{"HYRIV_ID":20902792,"NEXT_DOWN":20902791,"MAIN_RIV":20892193,"LENGTH_KM":0.65,"CATCH_SKM":12.3,"DIS_AV_CMS":0.001,"ORD_STRA":1,"ORD_FLOW":9},"geometry":{"type":"LineString","coordinates":[[54.383333333332104,20.097916666666556],[54.37708333333211,20.097916666666556]]}},{"type":"Feature","properties":{"HYRIV_ID":20902793,"NEXT_DOWN":20902608,"MAIN_RIV":20892193,"LENGTH_KM":5.64,"CATCH_SKM":10.68,"DIS_AV_CMS":0.006,"ORD_STRA":2,"ORD_FLOW":9},"geometry":{"type":"LineString","coordinates":[[54.65208333333209,20.097916666666556],[54.65624999999875,20.10208333333322],[54.65624999999875,20.11041666666653],[54.66041666666541,20.11041666666653],[54.67708333333212,20.12708333333321],[54.68124999999878,20.122916666666548],[54.68124999999878,20.1187499999999]]}},{"type":"Feature","properties":{"HYRIV_ID":20902794,"NEXT_DOWN":20902722,"MAIN_RIV":20900230,"LENGTH_KM":3.4300001,"CATCH_SKM":16.530001,"DIS_AV_CMS":0.0,"ORD_STRA":1,"ORD_FLOW":10},"geometry":{"type":"LineString","coordinates":[[55.03333333333208,20.10208333333322],[55.027083333332115,20.10208333333322],[55.02291666666545,20.097916666666556],[55.01874999999879,20.10208333333322],[55.01041666666538,20.10208333333322],[55.006249999998715,20.106249999999882]]}},{"type":"Feature","properties":{"HYRIV_ID":20902795,"NEXT_DOWN":20902796,"MAIN_RIV":20900230,"LENGTH_KM":1.72,"CATCH_SKM":12.5,"DIS_AV_CMS":0.0,"ORD_STRA":1,"ORD_FLOW":10},"geometry":{"type":"LineString","coordinates":[[55.32916666666543,20.10208333333322],[55.33958333333209,20.10208333333322],[55.34374999999872,20.097916666666556]]}},{"type":"Feature","properties":{"HYRIV_ID":20902796,"NEXT_DOWN":20902233,"MAIN_RIV":20900230,"LENGTH_KM":8.4499998,"CATCH_SKM":33.459999,"DIS_AV_CMS":0.0,"ORD_STRA":2,"ORD_FLOW":10},"geometry":{"type":"LineString","coordinates":[[55.34374999999872,20.097916666666556],[55.347916666665384,20.10208333333322],[55.347916666665384,20.106249999999882],[55.36041666666537,20.1187499999999],[55.36041666666537,20.135416666666565],[55.36458333333212,20.139583333333185],[55.36041666666537,20.14374999999989],[55.36041666666537,20.16458333333322]]}},{"type":"Feature","properties":{"HYRIV_ID":20902797,"NEXT_DOWN":20902723,"MAIN_RIV":20900230,"LENGTH_KM":1.59,"CATCH_SKM":14.72,"DIS_AV_CMS":0.001,"ORD_STRA":1,"ORD_FLOW":9},"geometry":{"type":"LineString","coordinates":[[55.42499999999873,20.095833333333225],[55.43541666666539,20.106249999999882]]}},{"type":"Feature","properties":{"HYRIV_ID":20902825,"NEXT_DOWN":20902509,"MAIN_RIV":20892193,"LENGTH_KM":5.0300002,"CATCH_SKM":12.9,"DIS_AV_CMS":0.005,"ORD_STRA":2,"ORD_FLOW":9},"geometry":{"type":"LineString","coordinates":[[54.28541666666547,20.09375],[54.28958333333213,20.097916666666556],[54.28124999999872,20.106249999999882],[54.28124999999872,20.1187499999999],[54.28958333333213,20.12708333333321],[54.28958333333213,20.131249999999874]]}},{"type":"Feature","properties":{"HYRIV_ID":20902826,"NEXT_DOWN":20902748,"MAIN_RIV":20892193,"LENGTH_KM":2.1400001,"CATCH_SKM":3.83,"DIS_AV_CMS":0.002,"ORD_STRA":2,"ORD_FLOW":9},"geometry":{"type":"LineString","coordinates":[[54.75208333333205,20.09375],[54.74791666666539,20.097916666666556],[54.74374999999873,20.097916666666556],[54.73958333333209,20.10208333333322],[54.73541666666543,20.10208333333322]]}},{"type":"Feature","properties":{"HYRIV_ID":20902860,"NEXT_DOWN":20902789,"MAIN_RIV":20892193,"LENGTH_KM":1.33,"CATCH_SKM":16.33,"DIS_AV_CMS":0.001,"ORD_STRA":1,"ORD_FLOW":9},"geometry":{"type":"LineString","coordinates":[[54.01874999999873,20.08749999999987],[54.01874999999873,20.09375],[54.022916666665395,20.097916666666556]]}},{"type":"Feature","properties":{"HYRIV_ID":20902861,"NEXT_DOWN":20902509,"MAIN_RIV":20892193,"LENGTH_KM":8.04,"CATCH_SKM":37.09,"DIS_AV_CMS":0.003,"ORD_STRA":1,"ORD_FLOW":9},"geometry":{"type":"LineString","coordinates":[[54.32499999999874,20.08749999999987],[54.318749999998744,20.09375],[54.318749999998744,20.122916666666548],[54.31458333333208,20.12708333333321],[54.31041666666542,20.12708333333321],[54.306249999998755,20.122916666666548],[54.30208333333209,20.12708333333321],[54.29791666666546,20.12708333333321],[54.293749999998795,20.131249999999874],[54.28958333333213,20.131249999999874]]}},{"type":"Feature","properties":{"HYRIV_ID":20902862,"NEXT_DOWN":20902826,"MAIN_RIV":20892193,"LENGTH_KM":1.29,"CATCH_SKM":11.49,"DIS_AV_CMS":0.001,"ORD_STRA":1,"ORD_FLOW":9},"geometry":{"type":"LineString","coordinates":[[54.762499999998795,20.089583333333202],[54.756249999998715,20.089583333333202],[54.75208333333205,20.09375]]}},{"type":"Feature","properties":{"HYRIV_ID":20902863,"NEXT_DOWN":20902610,"MAIN_RIV":20897717,"LENGTH_KM":4.71,"CATCH_SKM":17.129999,"DIS_AV_CMS":0.004,"ORD_STRA":2,"ORD_FLOW":9},"geometry":{"type":"LineString","coordinates":[[54.9229166666654,20.089583333333202],[54.914583333332075,20.097916666666556],[54.91041666666541,20.097916666666556],[54.89374999999879,20.114583333333194],[54.89374999999879,20.1187499999999]]}},{"type":"Feature","properties":{"HYRIV_ID":20902864,"NEXT_DOWN":20902723,"MAIN_RIV":20900230,"LENGTH_KM":3.85,"CATCH_SKM":10.08,"DIS_AV_CMS":0.0,"ORD_STRA":3,"ORD_FLOW":10},"geometry":{"type":"LineString","coordinates":[[55.46458333333209,20.089583333333202],[55.45624999999876,20.097916666666556],[55.45208333333201,20.097916666666556],[55.44791666666535,20.10208333333322],[55.443749999998715,20.10208333333322],[55.43958333333205,20.106249999999882],[55.43541666666539,20.106249999999882]]}},{"type":"Feature","properties":{"HYRIV_ID":20902865,"NEXT_DOWN":20902895,"MAIN_RIV":20900230,"LENGTH_KM":8.7700005,"CATCH_SKM":27.01,"DIS_AV_CMS":0.007,"ORD_STRA":2,"ORD_FLOW":9},"geometry":{"type":"LineString","coordinates":[[55.70208333333204,20.089583333333202],[55.69791666666538,20.09375],[55.68124999999873,20.09375],[55.664583333332104,20.11041666666653],[55.65624999999869,20.11041666666653],[55.65208333333206,20.114583333333194],[55.647916666665395,20.114583333333194],[55.63541666666541,20.12708333333321]]}},{"type":"Feature","properties":{"HYRIV_ID":20902893,"NEXT_DOWN":20902508,"MAIN_RIV":20892193,"LENGTH_KM":6.83,"CATCH_SKM":14.11,"DIS_AV_CMS":0.07,"ORD_STRA":3,"ORD_FLOW":8},"geometry":{"type":"LineString","coordinates":[[54.19791666666538,20.08541666666654],[54.202083333332126,20.089583333333202],[54.19791666666538,20.09375],[54.19791666666538,20.11041666666653],[54.193749999998744,20.114583333333194],[54.193749999998744,20.1187499999999],[54.18958333333208,20.1187499999999],[54.18541666666542,20.122916666666548],[54.181249999998755,20.122916666666548],[54.17708333333209,20.12708333333321],[54.17708333333209,20.131249999999874]]}},{"type":"Feature","properties":{"HYRIV_ID":20902894,"NEXT_DOWN":20902863,"MAIN_RIV":20897717,"LENGTH_KM":0.69,"CATCH_SKM":13.31,"DIS_AV_CMS":0.001,"ORD_STRA":1,"ORD_FLOW":9},"geometry":{"type":"LineString","coordinates":[[54.9229166666654,20.083333333333208],[54.9229166666654,20.089583333333202]]}},{"type":"Feature","properties":{"HYRIV_ID":20902895,"NEXT_DOWN":20902973,"MAIN_RIV":20900230,"LENGTH_KM":14.21,"CATCH_SKM":40.52,"DIS_AV_CMS":0.011,"ORD_STRA":2,"ORD_FLOW":8},"geometry":{"type":"LineString","coordinates":[[55.63541666666541,20.12708333333321],[55.622916666665446,20.12708333333321],[55.614583333332035,20.1187499999999],[55.61041666666537,20.122916666666548],[55.60624999999871,20.122916666666548],[55.59791666666541,20.114583333333194],[55.585416666665424,20.114583333333194],[55.57708333333204,20.106249999999882],[55.57291666666538,20.106249999999882],[55.568749999998715,20.11041666666653],[55.56458333333205,20.106249999999882],[55.55624999999873,20.106249999999882],[55.552083333332064,20.10208333333322],[55.54374999999877,20.10208333333322],[55.539583333332104,20.097916666666556],[55.53541666666544,20.097916666666556],[55.53541666666544,20.089583333333202],[55.53124999999869,20.08541666666654]]}},{"type":"Feature","properties":{"HYRIV_ID":20902946,"NEXT_DOWN":20902893,"MAIN_RIV":20892193,"LENGTH_KM":1.39,"CATCH_SKM":12.3,"DIS_AV_CMS":0.001,"ORD_STRA":1,"ORD_FLOW":9},"geometry":{"type":"LineString","coordinates":[[54.20833333333212,20.07916666666656],[54.202083333332126,20.08541666666654],[54.19791666666538,20.08541666666654]]}},{"type":"Feature","properties":{"HYRIV_ID":20902947,"NEXT_DOWN":20901827,"MAIN_RIV":20892193,"LENGTH_KM":18.77,"CATCH_SKM":71.75,"DIS_AV_CMS":0.005,"ORD_STRA":1,"ORD_FLOW":9},"geometry":{"type":"LineString","coordinates":[[54.445833333332075,20.07916666666656],[54.43958333333208,20.08541666666654],[54.443749999998744,20.089583333333202],[54.43958333333208,20.09375],[54.43958333333208,20.106249999999882],[54.43541666666542,20.11041666666653],[54.43541666666542,20.114583333333194],[54.43958333333208,20.1187499999999],[54.43958333333208,20.122916666666548],[54.43541666666542,20.12708333333321],[54.431249999998755,20.12708333333321],[54.42708333333212,20.131249999999874],[54.42708333333212,20.135416666666565],[54.42291666666546,20.139583333333185],[54.42291666666546,20.168749999999882],[54.418749999998795,20.172916666666545],[54.42291666666546,20.177083333333194],[54.42291666666546,20.185416666666562],[54.418749999998795,20.18958333333321],[54.42708333333212,20.197916666666536],[54.42708333333212,20.202083333333228],[54.431249999998755,20.20624999999989],[54.43541666666542,20.20624999999989],[54.443749999998744,20.214583333333202]]}},{"type":"Feature","properties":{"HYRIV_ID":20902948,"NEXT_DOWN":20902826,"MAIN_RIV":20892193,"LENGTH_KM":2.05,"CATCH_SKM":14.52,"DIS_AV_CMS":0.001,"ORD_STRA":1,"ORD_FLOW":9},"geometry":{"type":"LineString","coordinates":[[54.741666666665424,20.07916666666656],[54.75208333333205,20.089583333333202],[54.75208333333205,20.09375]]}},{"type":"Feature","properties":{"HYRIV_ID":20902949,"NEXT_DOWN":20902687,"MAIN_RIV":20897717,"LENGTH_KM":4.6,"CATCH_SKM":20.969999,"DIS_AV_CMS":0.002,"ORD_STRA":1,"ORD_FLOW":9},"geometry":{"type":"LineString","coordinates":[[54.868749999998755,20.07916666666656],[54.868749999998755,20.08541666666654],[54.86458333333209,20.089583333333202],[54.868749999998755,20.09375],[54.87291666666539,20.09375],[54.87708333333205,20.097916666666556],[54.87708333333205,20.10208333333322],[54.881249999998715,20.106249999999882],[54.881249999998715,20.11041666666653]]}},{"type":"Feature","properties":{"HYRIV_ID":20902972,"NEXT_DOWN":20902789,"MAIN_RIV":20892193,"LENGTH_KM":5.73,"CATCH_SKM":22.18,"DIS_AV_CMS":0.001,"ORD_STRA":1,"ORD_FLOW":9},"geometry":{"type":"LineString","coordinates":[[54.04374999999877,20.074999999999854],[54.04374999999877,20.089583333333202],[54.04791666666543,20.09375],[54.04791666666543,20.097916666666556],[54.04374999999877,20.10208333333322],[54.03541666666547,20.10208333333322],[54.031249999998806,20.097916666666556],[54.022916666665395,20.097916666666556]]}},{"type":"Feature","properties":{"HYRIV_ID":20902973,"NEXT_DOWN":20902864,"MAIN_RIV":20900230,"LENGTH_KM":8.37,"CATCH_SKM":17.139999,"DIS_AV_CMS":0.002,"ORD_STRA":3,"ORD_FLOW":9},"geometry":{"type":"LineString","coordinates":[[55.53124999999869,20.08541666666654],[55.52708333333203,20.08124999999989],[55.522916666665395,20.08124999999989],[55.51874999999873,20.077083333333228],[55.51041666666541,20.077083333333228],[55.506249999998744,20.08124999999989],[55.49374999999878,20.08124999999989],[55.48124999999871,20.09375],[55.47708333333205,20.09375],[55.472916666665384,20.089583333333202],[55.46458333333209,20.089583333333202]]}},{"type":"Feature","properties":{"HYRIV_ID":20902974,"NEXT_DOWN":20902973,"MAIN_RIV":20900230,"LENGTH_KM":4.2800002,"CATCH_SKM":9.2700005,"DIS_AV_CMS":0.007,"ORD_STRA":2,"ORD_FLOW":9},"geometry":{"type":"LineString","coordinates":[[55.56458333333205,20.077083333333228],[55.56041666666539,20.08124999999989],[55.552083333332064,20.08124999999989],[55.54791666666543,20.08541666666654],[55.54374999999877,20.08541666666654],[55.539583333332104,20.08124999999989],[55.53541666666544,20.08124999999989],[55.53124999999869,20.08541666666654]]}},{"type":"Feature","properties":{"HYRIV_ID":20902975,"NEXT_DOWN":20902974,"MAIN_RIV":20900230,"LENGTH_KM":2.79,"CATCH_SKM":16.93,"DIS_AV_CMS":0.001,"ORD_STRA":1,"ORD_FLOW":9},"geometry":{"type":"LineString","coordinates":[[55.587499999998755,20.08541666666654],[55.581249999998676,20.08541666666654],[55.57291666666538,20.077083333333228],[55.56458333333205,20.077083333333228]]}},{"type":"Feature","properties":{"HYRIV_ID":20903006,"NEXT_DOWN":20902791,"MAIN_RIV":20892193,"LENGTH_KM":3.47,"CATCH_SKM":7.8600001,"DIS_AV_CMS":0.695,"ORD_STRA":4,"ORD_FLOW":7},"geometry":{"type":"LineString","coordinates":[[54.36874999999873,20.072916666666522],[54.36458333333215,20.077083333333228],[54.36458333333215,20.08541666666654],[54.37708333333211,20.097916666666556]]}},{"type":"Feature","properties":{"HYRIV_ID":20903007,"NEXT_DOWN":20902793,"MAIN_RIV":20892193,"LENGTH_KM":5.4899998,"CATCH_SKM":19.15,"DIS_AV_CMS":0.002,"ORD_STRA":1,"ORD_FLOW":9},"geometry":{"type":"LineString","coordinates":[[54.629166666665384,20.07083333333319],[54.63541666666546,20.077083333333228],[54.63541666666546,20.08541666666654],[54.6312499999988,20.089583333333202],[54.6395833333321,20.097916666666556],[54.64374999999876,20.097916666666556],[54.647916666665424,20.10208333333322],[54.65208333333209,20.097916666666556]]}},{"type":"Feature","properties":{"HYRIV_ID":20903008,"NEXT_DOWN":20902748,"MAIN_RIV":20892193,"LENGTH_KM":3.76,"CATCH_SKM":14.52,"DIS_AV_CMS":0.013,"ORD_STRA":2,"ORD_FLOW":8},"geometry":{"type":"LineString","coordinates":[[54.722916666665355,20.072916666666522],[54.722916666665355,20.08541666666654],[54.727083333332104,20.089583333333202],[54.727083333332104,20.09375],[54.73541666666543,20.10208333333322]]}},{"type":"Feature","properties":{"HYRIV_ID":20903009,"NEXT_DOWN":20902688,"MAIN_RIV":20900230,"LENGTH_KM":5.2,"CATCH_SKM":17.139999,"DIS_AV_CMS":0.0,"ORD_STRA":2,"ORD_FLOW":10},"geometry":{"type":"LineString","coordinates":[[55.14374999999879,20.072916666666522],[55.14791666666545,20.077083333333228],[55.14791666666545,20.08124999999989],[55.164583333332075,20.097916666666556],[55.164583333332075,20.10208333333322],[55.16874999999874,20.106249999999882],[55.16874999999874,20.11041666666653]]}},{"type":"Feature","properties":{"HYRIV_ID":20903010,"NEXT_DOWN":20902796,"MAIN_RIV":20900230,"LENGTH_KM":3.12,"CATCH_SKM":15.93,"DIS_AV_CMS":0.0,"ORD_STRA":2,"ORD_FLOW":10},"geometry":{"type":"LineString","coordinates":[[55.35208333333205,20.072916666666522],[55.35208333333205,20.08124999999989],[55.34374999999872,20.089583333333202],[55.34374999999872,20.097916666666556]]}},{"type":"Feature","properties":{"HYRIV_ID":20903011,"NEXT_DOWN":20902864,"MAIN_RIV":20900230,"LENGTH_KM":2.03,"CATCH_SKM":7.2600002,"DIS_AV_CMS":0.0,"ORD_STRA":2,"ORD_FLOW":10},"geometry":{"type":"LineString","coordinates":[[55.460416666665424,20.072916666666522],[55.460416666665424,20.077083333333228],[55.46458333333209,20.08124999999989],[55.46458333333209,20.089583333333202]]}},{"type":"Feature","properties":{"HYRIV_ID":20903012,"NEXT_DOWN":20902865,"MAIN_RIV":20900230,"LENGTH_KM":2.26,"CATCH_SKM":21.780001,"DIS_AV_CMS":0.002,"ORD_STRA":1,"ORD_FLOW":9},"geometry":{"type":"LineString","coordinates":[[55.69791666666538,20.07083333333319],[55.69791666666538,20.08124999999989],[55.70208333333204,20.08541666666654],[55.70208333333204,20.089583333333202]]}},{"type":"Feature","properties":{"HYRIV_ID":20903073,"NEXT_DOWN":20902232,"MAIN_RIV":20897717,"LENGTH_KM":18.049999,"CATCH_SKM":40.709999,"DIS_AV_CMS":0.005,"ORD_STRA":2,"ORD_FLOW":9},"geometry":{"type":"LineString","coordinates":[[54.82291666666541,20.06458333333321],[54.82291666666541,20.068749999999874],[54.81458333333211,20.077083333333228],[54.810416666665446,20.077083333333228],[54.80624999999878,20.08124999999989],[54.80624999999878,20.09375],[54.810416666665446,20.097916666666556],[54.810416666665446,20.10208333333322],[54.80624999999878,20.106249999999882],[54.810416666665446,20.11041666666653],[54.810416666665446,20.114583333333194],[54.81458333333211,20.1187499999999],[54.810416666665446,20.122916666666548],[54.80208333333212,20.122916666666548],[54.79791666666537,20.12708333333321],[54.79791666666537,20.139583333333185],[54.81874999999877,20.160416666666556],[54.847916666665355,20.160416666666556],[54.85208333333202,20.16458333333322]]}},{"type":"Feature","properties":{"HYRIV_ID":20903074,"NEXT_DOWN":20902863,"MAIN_RIV":20897717,"LENGTH_KM":3.62,"CATCH_SKM":16.940001,"DIS_AV_CMS":0.001,"ORD_STRA":1,"ORD_FLOW":9},"geometry":{"type":"LineString","coordinates":[[54.92083333333207,20.06249999999988],[54.914583333332075,20.068749999999874],[54.914583333332075,20.08124999999989],[54.9229166666654,20.089583333333202]]}},{"type":"Feature","properties":{"HYRIV_ID":20903098,"NEXT_DOWN":20902746,"MAIN_RIV":20892193,"LENGTH_KM":10.34,"CATCH_SKM":37.3,"DIS_AV_CMS":0.012,"ORD_STRA":2,"ORD_FLOW":8},"geometry":{"type":"LineString","coordinates":[[54.53958333333205,20.060416666666548],[54.53958333333205,20.06458333333321],[54.535416666665384,20.068749999999874],[54.535416666665384,20.089583333333202],[54.53124999999875,20.09375],[54.53124999999875,20.097916666666556],[54.53958333333205,20.106249999999882],[54.55208333333212,20.106249999999882],[54.55624999999878,20.10208333333322],[54.58124999999873,20.10208333333322]]}},{"type":"Feature","properties":{"HYRIV_ID":20903099,"NEXT_DOWN":20902689,"MAIN_RIV":20900230,"LENGTH_KM":13.16,"CATCH_SKM":47.98,"DIS_AV_CMS":0.0,"ORD_STRA":1,"ORD_FLOW":10},"geometry":{"type":"LineString","coordinates":[[55.25416666666541,20.060416666666548],[55.268749999998704,20.060416666666548],[55.27291666666545,20.06458333333321],[55.268749999998704,20.068749999999874],[55.26458333333204,20.068749999999874],[55.24791666666542,20.08541666666654],[55.24791666666542,20.089583333333202],[55.25208333333208,20.09375],[55.25208333333208,20.097916666666556],[55.24791666666542,20.10208333333322],[55.23541666666537,20.10208333333322],[55.22708333333205,20.11041666666653],[55.2020833333321,20.11041666666653]]}},{"type":"Feature","properties":{"HYRIV_ID":20903100,"NEXT_DOWN":20903010,"MAIN_RIV":20900230,"LENGTH_KM":6.4400001,"CATCH_SKM":27.620001,"DIS_AV_CMS":0.0,"ORD_STRA":1,"ORD_FLOW":10},"geometry":{"type":"LineString","coordinates":[[55.404166666665446,20.060416666666548],[55.381249999998744,20.060416666666548],[55.37708333333208,20.06458333333321],[55.37291666666542,20.06458333333321],[55.36458333333212,20.072916666666522],[55.36041666666537,20.068749999999874],[55.35624999999871,20.068749999999874],[55.35208333333205,20.072916666666522]]}},{"type":"Feature","properties":{"HYRIV_ID":20903121,"NEXT_DOWN":20902825,"MAIN_RIV":20892193,"LENGTH_KM":5.5300002,"CATCH_SKM":16.129999,"DIS_AV_CMS":0.001,"ORD_STRA":1,"ORD_FLOW":9},"geometry":{"type":"LineString","coordinates":[[54.29791666666546,20.054166666666568],[54.29791666666546,20.060416666666548],[54.30208333333209,20.06458333333321],[54.29791666666546,20.068749999999874],[54.29791666666546,20.08541666666654],[54.28958333333213,20.09375],[54.28541666666547,20.09375]]}},{"type":"Feature","properties":{"HYRIV_ID":20903122,"NEXT_DOWN":20903006,"MAIN_RIV":20892193,"LENGTH_KM":2.03,"CATCH_SKM":2.4200001,"DIS_AV_CMS":0.006,"ORD_STRA":2,"ORD_FLOW":9},"geometry":{"type":"LineString","coordinates":[[54.36458333333215,20.056249999999885],[54.36458333333215,20.06458333333321],[54.36874999999873,20.068749999999874],[54.36874999999873,20.072916666666522]]}},{"type":"Feature","properties":{"HYRIV_ID":20903123,"NEXT_DOWN":20903098,"MAIN_RIV":20892193,"LENGTH_KM":1.39,"CATCH_SKM":11.7,"DIS_AV_CMS":0.001,"ORD_STRA":1,"ORD_FLOW":9},"geometry":{"type":"LineString","coordinates":[[54.54999999999879,20.054166666666568],[54.543749999998795,20.060416666666548],[54.53958333333205,20.060416666666548]]}},{"type":"Feature","properties":{"HYRIV_ID":20903124,"NEXT_DOWN":20903073,"MAIN_RIV":20897717,"LENGTH_KM":1.59,"CATCH_SKM":14.52,"DIS_AV_CMS":0.001,"ORD_STRA":1,"ORD_FLOW":9},"geometry":{"type":"LineString","coordinates":[[54.81249999999878,20.054166666666568],[54.82291666666541,20.06458333333321]]}},{"type":"Feature","properties":{"HYRIV_ID":20903125,"NEXT_DOWN":20903126,"MAIN_RIV":20900230,"LENGTH_KM":7.0100002,"CATCH_SKM":33.07,"DIS_AV_CMS":0.0,"ORD_STRA":1,"ORD_FLOW":10},"geometry":{"type":"LineString","coordinates":[[55.00833333333205,20.066666666666542],[55.01874999999879,20.056249999999885],[55.03124999999875,20.056249999999885],[55.03541666666541,20.060416666666548],[55.052083333332064,20.060416666666548],[55.0562499999987,20.06458333333321],[55.06041666666536,20.060416666666548],[55.06041666666536,20.056249999999885]]}},{"type":"Feature","properties":{"HYRIV_ID":20903126,"NEXT_DOWN":20902750,"MAIN_RIV":20900230,"LENGTH_KM":8.4799995,"CATCH_SKM":36.900002,"DIS_AV_CMS":0.0,"ORD_STRA":3,"ORD_FLOW":10},"geometry":{"type":"LineString","coordinates":[[55.06041666666536,20.056249999999885],[55.06458333333211,20.060416666666548],[55.0770833333321,20.060416666666548],[55.085416666665395,20.068749999999874],[55.085416666665395,20.08541666666654],[55.10208333333205,20.10208333333322],[55.11041666666543,20.10208333333322]]}},{"type":"Feature","properties":{"HYRIV_ID":20903156,"NEXT_DOWN":20903009,"MAIN_RIV":20900230,"LENGTH_KM":2.98,"CATCH_SKM":16.33,"DIS_AV_CMS":0.0,"ORD_STRA":1,"ORD_FLOW":10},"geometry":{"type":"LineString","coordinates":[[55.154166666665446,20.049999999999862],[55.14791666666545,20.056249999999885],[55.14791666666545,20.068749999999874],[55.14374999999879,20.072916666666522]]}},{"type":"Feature","properties":{"HYRIV_ID":20903157,"NEXT_DOWN":20902689,"MAIN_RIV":20900230,"LENGTH_KM":7.4899998,"CATCH_SKM":44.360001,"DIS_AV_CMS":0.0,"ORD_STRA":1,"ORD_FLOW":10},"geometry":{"type":"LineString","coordinates":[[55.195833333332104,20.049999999999862],[55.189583333332024,20.056249999999885],[55.189583333332024,20.068749999999874],[55.19374999999877,20.072916666666522],[55.19374999999877,20.089583333333202],[55.197916666665435,20.09375],[55.197916666665435,20.10208333333322],[55.2020833333321,20.106249999999882],[55.2020833333321,20.11041666666653]]}},{"type":"Feature","properties":{"HYRIV_ID":20903158,"NEXT_DOWN":20903010,"MAIN_RIV":20900230,"LENGTH_KM":2.83,"CATCH_SKM":4.8400002,"DIS_AV_CMS":0.0,"ORD_STRA":2,"ORD_FLOW":10},"geometry":{"type":"LineString","coordinates":[[55.347916666665384,20.052083333333236],[55.347916666665384,20.056249999999885],[55.34374999999872,20.060416666666548],[55.34374999999872,20.06458333333321],[55.35208333333205,20.072916666666522]]}},{"type":"Feature","properties":{"HYRIV_ID":20903159,"NEXT_DOWN":20903226,"MAIN_RIV":20900230,"LENGTH_KM":0.95,"CATCH_SKM":11.29,"DIS_AV_CMS":0.001,"ORD_STRA":1,"ORD_FLOW":9},"geometry":{"type":"LineString","coordinates":[[55.5166666666654,20.058333333333216],[55.51041666666541,20.052083333333236]]}},{"type":"Feature","properties":{"HYRIV_ID":20903160,"NEXT_DOWN":20902974,"MAIN_RIV":20900230,"LENGTH_KM":7.3,"CATCH_SKM":26.01,"DIS_AV_CMS":0.005,"ORD_STRA":2,"ORD_FLOW":9},"geometry":{"type":"LineString","coordinates":[[55.622916666665446,20.052083333333236],[55.614583333332035,20.052083333333236],[55.61041666666537,20.056249999999885],[55.602083333332075,20.056249999999885],[55.59374999999875,20.06458333333321],[55.57708333333204,20.06458333333321],[55.56458333333205,20.077083333333228]]}},{"type":"Feature","properties":{"HYRIV_ID":20903161,"NEXT_DOWN":20903160,"MAIN_RIV":20900230,"LENGTH_KM":1.97,"CATCH_SKM":14.31,"DIS_AV_CMS":0.001,"ORD_STRA":1,"ORD_FLOW":9},"geometry":{"type":"LineString","coordinates":[[55.631249999998744,20.066666666666542],[55.631249999998744,20.060416666666548],[55.622916666665446,20.052083333333236]]}},{"type":"Feature","properties":{"HYRIV_ID":20903191,"NEXT_DOWN":20903192,"MAIN_RIV":20900230,"LENGTH_KM":2.62,"CATCH_SKM":14.52,"DIS_AV_CMS":0.0,"ORD_STRA":1,"ORD_FLOW":10},"geometry":{"type":"LineString","coordinates":[[55.11249999999876,20.056249999999885],[55.12291666666542,20.056249999999885],[55.12708333333208,20.052083333333236],[55.131249999998744,20.052083333333236],[55.131249999998744,20.04791666666653]]}},{"type":"Feature","properties":{"HYRIV_ID":20903192,"NEXT_DOWN":20903009,"MAIN_RIV":20900230,"LENGTH_KM":3.3,"CATCH_SKM":4.23,"DIS_AV_CMS":0.0,"ORD_STRA":2,"ORD_FLOW":10},"geometry":{"type":"LineString","coordinates":[[55.131249999998744,20.04791666666653],[55.13541666666538,20.052083333333236],[55.13541666666538,20.06458333333321],[55.14374999999879,20.072916666666522]]}},{"type":"Feature","properties":{"HYRIV_ID":20903223,"NEXT_DOWN":20903006,"MAIN_RIV":20892193,"LENGTH_KM":4.71,"CATCH_SKM":11.09,"DIS_AV_CMS":0.732,"ORD_STRA":4,"ORD_FLOW":7},"geometry":{"type":"LineString","coordinates":[[54.397916666665424,20.043749999999868],[54.3895833333321,20.052083333333236],[54.3895833333321,20.056249999999885],[54.37708333333211,20.068749999999874],[54.37291666666539,20.068749999999874],[54.36874999999873,20.072916666666522]]}},{"type":"Feature","properties":{"HYRIV_ID":20903224,"NEXT_DOWN":20903223,"MAIN_RIV":20892193,"LENGTH_KM":1.29,"CATCH_SKM":16.940001,"DIS_AV_CMS":0.001,"ORD_STRA":1,"ORD_FLOW":9},"geometry":{"type":"LineString","coordinates":[[54.40833333333205,20.04791666666653],[54.40208333333209,20.04791666666653],[54.397916666665424,20.043749999999868]]}},{"type":"Feature","properties":{"HYRIV_ID":20903225,"NEXT_DOWN":20902687,"MAIN_RIV":20897717,"LENGTH_KM":11.04,"CATCH_SKM":38.720001,"DIS_AV_CMS":0.003,"ORD_STRA":1,"ORD_FLOW":9},"geometry":{"type":"LineString","coordinates":[[54.8583333333321,20.04791666666653],[54.86458333333209,20.04791666666653],[54.868749999998755,20.043749999999868],[54.87708333333205,20.043749999999868],[54.881249999998715,20.04791666666653],[54.881249999998715,20.056249999999885],[54.88541666666538,20.060416666666548],[54.88541666666538,20.06458333333321],[54.889583333332126,20.068749999999874],[54.889583333332126,20.072916666666522],[54.89374999999879,20.077083333333228],[54.89374999999879,20.08541666666654],[54.889583333332126,20.089583333333202],[54.889583333332126,20.106249999999882],[54.88541666666538,20.11041666666653],[54.881249999998715,20.11041666666653]]}},{"type":"Feature","properties":{"HYRIV_ID":20903226,"NEXT_DOWN":20903011,"MAIN_RIV":20900230,"LENGTH_KM":9.4300003,"CATCH_SKM":23.59,"DIS_AV_CMS":0.0,"ORD_STRA":2,"ORD_FLOW":10},"geometry":{"type":"LineString","coordinates":[[55.51041666666541,20.052083333333236],[55.50208333333208,20.052083333333236],[55.497916666665446,20.04791666666653],[55.49374999999878,20.052083333333236],[55.48541666666537,20.043749999999868],[55.47708333333205,20.043749999999868],[55.472916666665384,20.04791666666653],[55.46458333333209,20.04791666666653],[55.460416666665424,20.052083333333236],[55.46874999999875,20.060416666666548],[55.46874999999875,20.06458333333321],[55.460416666665424,20.072916666666522]]}},{"type":"Feature","properties":{"HYRIV_ID":20903259,"NEXT_DOWN":20902893,"MAIN_RIV":20892193,"LENGTH_KM":7.08,"CATCH_SKM":33.869999,"DIS_AV_CMS":0.075,"ORD_STRA":3,"ORD_FLOW":8},"geometry":{"type":"LineString","coordinates":[[54.17291666666543,20.03958333333322],[54.17708333333209,20.043749999999868],[54.17708333333209,20.04791666666653],[54.181249999998755,20.052083333333236],[54.181249999998755,20.056249999999885],[54.17291666666543,20.06458333333321],[54.18541666666542,20.077083333333228],[54.18958333333208,20.077083333333228],[54.19791666666538,20.08541666666654]]}},{"type":"Feature","properties":{"HYRIV_ID":20903331,"NEXT_DOWN":20903223,"MAIN_RIV":20892193,"LENGTH_KM":1.56,"CATCH_SKM":1.61,"DIS_AV_CMS":0.788,"ORD_STRA":4,"ORD_FLOW":7},"geometry":{"type":"LineString","coordinates":[[54.40208333333209,20.03124999999985],[54.40208333333209,20.03958333333322],[54.397916666665424,20.043749999999868]]}},{"type":"Feature","properties":{"HYRIV_ID":20903332,"NEXT_DOWN":20903158,"MAIN_RIV":20900230,"LENGTH_KM":4.9200001,"CATCH_SKM":14.92,"DIS_AV_CMS":0.0,"ORD_STRA":2,"ORD_FLOW":10},"geometry":{"type":"LineString","coordinates":[[55.38541666666541,20.03124999999985],[55.37708333333208,20.03958333333322],[55.36041666666537,20.03958333333322],[55.347916666665384,20.052083333333236]]}},{"type":"Feature","properties":{"HYRIV_ID":20903333,"NEXT_DOWN":20903226,"MAIN_RIV":20900230,"LENGTH_KM":3.61,"CATCH_SKM":8.87,"DIS_AV_CMS":0.005,"ORD_STRA":2,"ORD_FLOW":9},"geometry":{"type":"LineString","coordinates":[[55.53541666666544,20.03124999999985],[55.522916666665395,20.043749999999868],[55.51874999999873,20.043749999999868],[55.51041666666541,20.052083333333236]]}},{"type":"Feature","properties":{"HYRIV_ID":20903334,"NEXT_DOWN":20903333,"MAIN_RIV":20900230,"LENGTH_KM":4.8,"CATCH_SKM":24.8,"DIS_AV_CMS":0.002,"ORD_STRA":1,"ORD_FLOW":9},"geometry":{"type":"LineString","coordinates":[[55.57083333333205,20.0458333333332],[55.56458333333205,20.03958333333322],[55.56041666666539,20.043749999999868],[55.552083333332064,20.035416666666556],[55.54791666666543,20.035416666666556],[55.54374999999877,20.03124999999985],[55.53541666666544,20.03124999999985]]}},{"type":"Feature","properties":{"HYRIV_ID":20903363,"NEXT_DOWN":20903364,"MAIN_RIV":20892193,"LENGTH_KM":1.09,"CATCH_SKM":11.29,"DIS_AV_CMS":0.001,"ORD_STRA":1,"ORD_FLOW":9},"geometry":{"type":"LineString","coordinates":[[54.145833333332064,20.027083333333245],[54.156249999998806,20.027083333333245]]}},{"type":"Feature","properties":{"HYRIV_ID":20903364,"NEXT_DOWN":20903259,"MAIN_RIV":20892193,"LENGTH_KM":2.34,"CATCH_SKM":8.6700001,"DIS_AV_CMS":0.073,"ORD_STRA":2,"ORD_FLOW":8},"geometry":{"type":"LineString","coordinates":[[54.156249999998806,20.027083333333245],[54.16874999999877,20.03958333333322],[54.17291666666543,20.03958333333322]]}},{"type":"Feature","properties":{"HYRIV_ID":20903365,"NEXT_DOWN":20903073,"MAIN_RIV":20897717,"LENGTH_KM":5.79,"CATCH_SKM":20.98,"DIS_AV_CMS":0.002,"ORD_STRA":1,"ORD_FLOW":9},"geometry":{"type":"LineString","coordinates":[[54.820833333332075,20.02499999999987],[54.82708333333207,20.03124999999985],[54.82708333333207,20.043749999999868],[54.82291666666541,20.04791666666653],[54.83124999999873,20.056249999999885],[54.82708333333207,20.060416666666548],[54.82291666666541,20.060416666666548],[54.82291666666541,20.06458333333321]]}},{"type":"Feature","properties":{"HYRIV_ID":20903366,"NEXT_DOWN":20903126,"MAIN_RIV":20900230,"LENGTH_KM":3.9300001,"CATCH_SKM":6.6599998,"DIS_AV_CMS":0.0,"ORD_STRA":3,"ORD_FLOW":10},"geometry":{"type":"LineString","coordinates":[[55.04374999999874,20.027083333333245],[55.052083333332064,20.035416666666556],[55.052083333332064,20.043749999999868],[55.0562499999987,20.04791666666653],[55.0562499999987,20.052083333333236],[55.06041666666536,20.056249999999885]]}},{"type":"Feature","properties":{"HYRIV_ID":20903367,"NEXT_DOWN":20902751,"MAIN_RIV":20900230,"LENGTH_KM":9.7,"CATCH_SKM":41.540001,"DIS_AV_CMS":0.0,"ORD_STRA":1,"ORD_FLOW":10},"geometry":{"type":"LineString","coordinates":[[55.28124999999878,20.02499999999987],[55.28124999999878,20.04791666666653],[55.28541666666544,20.052083333333236],[55.28541666666544,20.056249999999885],[55.289583333332104,20.060416666666548],[55.289583333332104,20.089583333333202],[55.29374999999874,20.09375],[55.29374999999874,20.097916666666556],[55.289583333332104,20.10208333333322],[55.28541666666544,20.10208333333322]]}},{"type":"Feature","properties":{"HYRIV_ID":20903406,"NEXT_DOWN":20902746,"MAIN_RIV":20892193,"LENGTH_KM":12.09,"CATCH_SKM":34.68,"DIS_AV_CMS":0.037,"ORD_STRA":3,"ORD_FLOW":8},"geometry":{"type":"LineString","coordinates":[[54.58124999999873,20.02291666666654],[54.58124999999873,20.027083333333245],[54.58958333333203,20.035416666666556],[54.59374999999878,20.035416666666556],[54.602083333332104,20.043749999999868],[54.602083333332104,20.052083333333236],[54.59791666666544,20.056249999999885],[54.59374999999878,20.056249999999885],[54.57708333333207,20.072916666666522],[54.57708333333207,20.08124999999989],[54.58958333333203,20.09375],[54.58124999999873,20.10208333333322]]}},{"type":"Feature","properties":{"HYRIV_ID":20903407,"NEXT_DOWN":20903008,"MAIN_RIV":20892193,"LENGTH_KM":7.2600002,"CATCH_SKM":24.809999,"DIS_AV_CMS":0.002,"ORD_STRA":1,"ORD_FLOW":9},"geometry":{"type":"LineString","coordinates":[[54.693749999998744,20.020833333333208],[54.693749999998744,20.035416666666556],[54.70208333333207,20.043749999999868],[54.70208333333207,20.052083333333236],[54.70624999999873,20.056249999999885],[54.70624999999873,20.060416666666548],[54.710416666665395,20.06458333333321],[54.71458333333206,20.06458333333321],[54.722916666665355,20.072916666666522]]}},{"type":"Feature","properties":{"HYRIV_ID":20903408,"NEXT_DOWN":20903008,"MAIN_RIV":20892193,"LENGTH_KM":6.4200001,"CATCH_SKM":14.12,"DIS_AV_CMS":0.01,"ORD_STRA":2,"ORD_FLOW":8},"geometry":{"type":"LineString","coordinates":[[54.74374999999873,20.02291666666654],[54.74374999999873,20.03124999999985],[54.727083333332104,20.04791666666653],[54.727083333332104,20.068749999999874],[54.722916666665355,20.072916666666522]]}},{"type":"Feature","properties":{"HYRIV_ID":20903409,"NEXT_DOWN":20903408,"MAIN_RIV":20892193,"LENGTH_KM":0.65,"CATCH_SKM":10.49,"DIS_AV_CMS":0.001,"ORD_STRA":1,"ORD_FLOW":9},"geometry":{"type":"LineString","coordinates":[[54.74999999999872,20.02291666666654],[54.74374999999873,20.02291666666654]]}},{"type":"Feature","properties":{"HYRIV_ID":20903410,"NEXT_DOWN":20903480,"MAIN_RIV":20900230,"LENGTH_KM":9.1400003,"CATCH_SKM":38.720001,"DIS_AV_CMS":0.002,"ORD_STRA":1,"ORD_FLOW":9},"geometry":{"type":"LineString","coordinates":[[54.9541666666654,20.054166666666568],[54.960416666665395,20.04791666666653],[54.960416666665395,20.043749999999868],[54.96874999999872,20.035416666666556],[54.972916666665384,20.03958333333322],[54.98124999999877,20.03958333333322],[54.98541666666543,20.043749999999868],[54.98958333333209,20.043749999999868],[54.993749999998755,20.03958333333322],[54.99791666666542,20.03958333333322],[55.006249999998715,20.03124999999985],[55.006249999998715,20.027083333333245],[55.01041666666538,20.02291666666654],[55.014583333332126,20.02291666666654]]}},{"type":"Feature","properties":{"HYRIV_ID":20903411,"NEXT_DOWN":20903332,"MAIN_RIV":20900230,"LENGTH_KM":1.42,"CATCH_SKM":12.3,"DIS_AV_CMS":0.001,"ORD_STRA":1,"ORD_FLOW":9},"geometry":{"type":"LineString","coordinates":[[55.37916666666541,20.020833333333208],[55.38541666666541,20.027083333333245],[55.38541666666541,20.03124999999985]]}},{"type":"Feature","properties":{"HYRIV_ID":20903412,"NEXT_DOWN":20903160,"MAIN_RIV":20900230,"LENGTH_KM":7.6100001,"CATCH_SKM":32.470001,"DIS_AV_CMS":0.003,"ORD_STRA":1,"ORD_FLOW":9},"geometry":{"type":"LineString","coordinates":[[55.67499999999876,20.020833333333208],[55.660416666665355,20.035416666666556],[55.660416666665355,20.03958333333322],[55.647916666665395,20.052083333333236],[55.63958333333207,20.052083333333236],[55.63541666666541,20.04791666666653],[55.631249999998744,20.04791666666653],[55.62708333333211,20.052083333333236],[55.622916666665446,20.052083333333236]]}},{"type":"Feature","properties":{"HYRIV_ID":20903453,"NEXT_DOWN":20903452,"MAIN_RIV":20892193,"LENGTH_KM":3.76,"CATCH_SKM":25.41,"DIS_AV_CMS":0.001,"ORD_STRA":1,"ORD_FLOW":9},"geometry":{"type":"LineString","coordinates":[[54.0166666666654,20.029166666666576],[54.010416666665435,20.035416666666556],[54.00624999999877,20.035416666666556],[53.99374999999878,20.02291666666654],[53.99374999999878,20.018749999999876]]}},{"type":"Feature","properties":{"HYRIV_ID":20903454,"NEXT_DOWN":20902298,"MAIN_RIV":20892193,"LENGTH_KM":19.35,"CATCH_SKM":57.66,"DIS_AV_CMS":0.006,"ORD_STRA":2,"ORD_FLOW":9},"geometry":{"type":"LineString","coordinates":[[54.227083333332075,20.018749999999876],[54.227083333332075,20.03124999999985],[54.25208333333211,20.056249999999885],[54.25208333333211,20.060416666666548],[54.24791666666536,20.06458333333321],[54.24791666666536,20.077083333333228],[54.25208333333211,20.08124999999989],[54.25208333333211,20.08541666666654],[54.24791666666536,20.089583333333202],[54.24791666666536,20.097916666666556],[54.24374999999873,20.10208333333322],[54.23124999999874,20.10208333333322],[54.214583333332115,20.1187499999999],[54.214583333332115,20.14374999999989],[54.21041666666545,20.14791666666654],[54.214583333332115,20.152083333333202],[54.214583333332115,20.156249999999865]]}},{"type":"Feature","properties":{"HYRIV_ID":20903478,"NEXT_DOWN":20902506,"MAIN_RIV":20892193,"LENGTH_KM":19.17,"CATCH_SKM":75.410004,"DIS_AV_CMS":0.005,"ORD_STRA":1,"ORD_FLOW":9},"geometry":{"type":"LineString","coordinates":[[54.07083333333205,20.014583333333228],[54.08124999999879,20.014583333333228],[54.08541666666545,20.018749999999876],[54.089583333332115,20.018749999999876],[54.09374999999875,20.02291666666654],[54.09374999999875,20.03124999999985],[54.09791666666541,20.035416666666556],[54.09791666666541,20.03958333333322],[54.102083333332075,20.043749999999868],[54.10624999999874,20.043749999999868],[54.1104166666654,20.04791666666653],[54.114583333332064,20.04791666666653],[54.122916666665446,20.056249999999885],[54.122916666665446,20.06458333333321],[54.13124999999877,20.072916666666522],[54.1395833333321,20.072916666666522],[54.14374999999873,20.077083333333228],[54.1187499999987,20.10208333333322],[54.1187499999987,20.106249999999882],[54.122916666665446,20.11041666666653],[54.122916666665446,20.131249999999874]]}},{"type":"Feature","properties":{"HYRIV_ID":20903479,"NEXT_DOWN":20903331,"MAIN_RIV":20892193,"LENGTH_KM":2.37,"CATCH_SKM":5.6500001,"DIS_AV_CMS":0.802,"ORD_STRA":4,"ORD_FLOW":7},"geometry":{"type":"LineString","coordinates":[[54.3895833333321,20.014583333333228],[54.397916666665424,20.02291666666654],[54.397916666665424,20.027083333333245],[54.40208333333209,20.03124999999985]]}},{"type":"Feature","properties":{"HYRIV_ID":20903480,"NEXT_DOWN":20903481,"MAIN_RIV":20900230,"LENGTH_KM":2.81,"CATCH_SKM":3.02,"DIS_AV_CMS":0.002,"ORD_STRA":2,"ORD_FLOW":9},"geometry":{"type":"LineString","coordinates":[[55.014583333332126,20.02291666666654],[55.01874999999879,20.018749999999876],[55.02291666666545,20.018749999999876],[55.027083333332115,20.02291666666654],[55.03124999999875,20.018749999999876],[55.03124999999875,20.014583333333228]]}},{"type":"Feature","properties":{"HYRIV_ID":20903481,"NEXT_DOWN":20903366,"MAIN_RIV":20900230,"LENGTH_KM":1.91,"CATCH_SKM":6.25,"DIS_AV_CMS":0.018,"ORD_STRA":3,"ORD_FLOW":8},"geometry":{"type":"LineString","coordinates":[[55.03124999999875,20.014583333333228],[55.04374999999874,20.027083333333245]]}},{"type":"Feature","properties":{"HYRIV_ID":20903482,"NEXT_DOWN":20903011,"MAIN_RIV":20900230,"LENGTH_KM":8.5200005,"CATCH_SKM":45.98,"DIS_AV_CMS":0.0,"ORD_STRA":1,"ORD_FLOW":10},"geometry":{"type":"LineString","coordinates":[[55.474999999998715,20.014583333333228],[55.46874999999875,20.014583333333228],[55.46874999999875,20.018749999999876],[55.44791666666535,20.03958333333322],[55.44791666666535,20.052083333333236],[55.460416666665424,20.06458333333321],[55.460416666665424,20.072916666666522]]}},{"type":"Feature","properties":{"HYRIV_ID":20903507,"NEXT_DOWN":20902825,"MAIN_RIV":20892193,"LENGTH_KM":11.48,"CATCH_SKM":41.75,"DIS_AV_CMS":0.003,"ORD_STRA":1,"ORD_FLOW":9},"geometry":{"type":"LineString","coordinates":[[54.260416666665435,20.008333333333233],[54.260416666665435,20.014583333333228],[54.25208333333211,20.02291666666654],[54.25208333333211,20.035416666666556],[54.272916666665424,20.056249999999885],[54.27708333333206,20.056249999999885],[54.28124999999872,20.060416666666548],[54.28124999999872,20.077083333333228],[54.28541666666547,20.08124999999989],[54.28541666666547,20.09375]]}},{"type":"Feature","properties":{"HYRIV_ID":20903508,"NEXT_DOWN":20902425,"MAIN_RIV":20892193,"LENGTH_KM":18.219999,"CATCH_SKM":79.25,"DIS_AV_CMS":0.006,"ORD_STRA":1,"ORD_FLOW":9},"geometry":{"type":"LineString","coordinates":[[54.466666666665446,20.008333333333233],[54.48124999999877,20.02291666666654],[54.48124999999877,20.027083333333245],[54.4854166666654,20.03124999999985],[54.4854166666654,20.035416666666556],[54.49374999999873,20.043749999999868],[54.49374999999873,20.04791666666653],[54.4854166666654,20.056249999999885],[54.4854166666654,20.06458333333321],[54.49374999999873,20.072916666666522],[54.49374999999873,20.08124999999989],[54.49791666666539,20.08541666666654],[54.49374999999873,20.089583333333202],[54.489583333332064,20.089583333333202],[54.48124999999877,20.097916666666556],[54.48124999999877,20.10208333333322],[54.47291666666544,20.11041666666653],[54.48124999999877,20.1187499999999],[54.48124999999877,20.139583333333185]]}},{"type":"Feature","properties":{"HYRIV_ID":20903509,"NEXT_DOWN":20903192,"MAIN_RIV":20900230,"LENGTH_KM":6.3400002,"CATCH_SKM":23.8,"DIS_AV_CMS":0.0,"ORD_STRA":2,"ORD_FLOW":10},"geometry":{"type":"LineString","coordinates":[[55.14791666666545,20.010416666666565],[55.13958333333204,20.018749999999876],[55.12708333333208,20.018749999999876],[55.12291666666542,20.02291666666654],[55.12291666666542,20.03124999999985],[55.131249999998744,20.03958333333322],[55.131249999998744,20.04791666666653]]}},{"type":"Feature","properties":{"HYRIV_ID":20903510,"NEXT_DOWN":20903509,"MAIN_RIV":20900230,"LENGTH_KM":4.54,"CATCH_SKM":27.84,"DIS_AV_CMS":0.0,"ORD_STRA":1,"ORD_FLOW":10},"geometry":{"type":"LineString","coordinates":[[55.18749999999869,20.018749999999876],[55.164583333332075,20.018749999999876],[55.16041666666541,20.014583333333228],[55.15624999999878,20.014583333333228],[55.152083333332115,20.010416666666565],[55.14791666666545,20.010416666666565]]}},{"type":"Feature","properties":{"HYRIV_ID":20903536,"NEXT_DOWN":20903364,"MAIN_RIV":20892193,"LENGTH_KM":2.83,"CATCH_SKM":4.4400001,"DIS_AV_CMS":0.073,"ORD_STRA":2,"ORD_FLOW":8},"geometry":{"type":"LineString","coordinates":[[54.14374999999873,20.00624999999986],[54.147916666665395,20.010416666666565],[54.147916666665395,20.018749999999876],[54.156249999998806,20.027083333333245]]}},{"type":"Feature","properties":{"HYRIV_ID":20903537,"NEXT_DOWN":20903098,"MAIN_RIV":20892193,"LENGTH_KM":7.06,"CATCH_SKM":30.450001,"DIS_AV_CMS":0.01,"ORD_STRA":2,"ORD_FLOW":8},"geometry":{"type":"LineString","coordinates":[[54.522916666665424,20.00624999999986],[54.53124999999875,20.014583333333228],[54.53124999999875,20.018749999999876],[54.535416666665384,20.02291666666654],[54.535416666665384,20.027083333333245],[54.53124999999875,20.03124999999985],[54.53124999999875,20.04791666666653],[54.53958333333205,20.056249999999885],[54.53958333333205,20.060416666666548]]}},{"type":"Feature","properties":{"HYRIV_ID":20903538,"NEXT_DOWN":20903158,"MAIN_RIV":20900230,"LENGTH_KM":7.6599998,"CATCH_SKM":44.169998,"DIS_AV_CMS":0.0,"ORD_STRA":1,"ORD_FLOW":10},"geometry":{"type":"LineString","coordinates":[[55.34166666666542,20.004166666666542],[55.33124999999876,20.014583333333228],[55.33124999999876,20.018749999999876],[55.3270833333321,20.02291666666654],[55.3270833333321,20.027083333333245],[55.32291666666535,20.03124999999985],[55.3270833333321,20.035416666666556],[55.335416666665424,20.035416666666556],[55.34374999999872,20.043749999999868],[55.34374999999872,20.04791666666653],[55.347916666665384,20.052083333333236]]}},{"type":"Feature","properties":{"HYRIV_ID":20903539,"NEXT_DOWN":20903332,"MAIN_RIV":20900230,"LENGTH_KM":3.6400001,"CATCH_SKM":14.12,"DIS_AV_CMS":0.002,"ORD_STRA":2,"ORD_FLOW":9},"geometry":{"type":"LineString","coordinates":[[55.40624999999878,20.00624999999986],[55.39374999999873,20.018749999999876],[55.39374999999873,20.02291666666654],[55.38541666666541,20.03124999999985]]}},{"type":"Feature","properties":{"HYRIV_ID":20903540,"NEXT_DOWN":20904133,"MAIN_RIV":20904527,"LENGTH_KM":15.38,"CATCH_SKM":42.950001,"DIS_AV_CMS":0.023,"ORD_STRA":4,"ORD_FLOW":8},"geometry":{"type":"LineString","coordinates":[[55.79791666666543,20.068749999999874],[55.79374999999877,20.068749999999874],[55.77708333333206,20.052083333333236],[55.77708333333206,20.043749999999868],[55.772916666665395,20.03958333333322],[55.75624999999877,20.03958333333322],[55.75208333333211,20.035416666666556],[55.73124999999874,20.035416666666556],[55.71874999999875,20.02291666666654],[55.71874999999875,20.014583333333228],[55.71041666666534,20.00624999999986],[55.68958333333205,20.00624999999986]]}},{"type":"Feature","properties":{"HYRIV_ID":20903580,"NEXT_DOWN":20903122,"MAIN_RIV":20892193,"LENGTH_KM":8.2299995,"CATCH_SKM":30.459999,"DIS_AV_CMS":0.002,"ORD_STRA":1,"ORD_FLOW":9},"geometry":{"type":"LineString","coordinates":[[54.34583333333211,20.00208333333321],[54.352083333332075,20.00208333333321],[54.3604166666654,20.010416666666565],[54.3604166666654,20.014583333333228],[54.35624999999874,20.018749999999876],[54.3604166666654,20.02291666666654],[54.3604166666654,20.03124999999985],[54.36458333333215,20.035416666666556],[54.3604166666654,20.03958333333322],[54.36874999999873,20.04791666666653],[54.36458333333215,20.052083333333236],[54.36458333333215,20.056249999999885]]}},{"type":"Feature","properties":{"HYRIV_ID":20903581,"NEXT_DOWN":20903408,"MAIN_RIV":20892193,"LENGTH_KM":2.6600001,"CATCH_SKM":5.85,"DIS_AV_CMS":0.009,"ORD_STRA":2,"ORD_FLOW":9},"geometry":{"type":"LineString","coordinates":[[54.74374999999873,20.00208333333321],[54.73958333333209,20.00624999999986],[54.73958333333209,20.014583333333228],[54.74374999999873,20.018749999999876],[54.74374999999873,20.02291666666654]]}},{"type":"Feature","properties":{"HYRIV_ID":20903582,"NEXT_DOWN":20903480,"MAIN_RIV":20900230,"LENGTH_KM":15.62,"CATCH_SKM":51.630001,"DIS_AV_CMS":0.003,"ORD_STRA":1,"ORD_FLOW":9},"geometry":{"type":"LineString","coordinates":[[54.88333333333205,20.012499999999896],[54.889583333332126,20.00624999999986],[54.89374999999879,20.010416666666565],[54.914583333332075,20.010416666666565],[54.91874999999874,20.00624999999986],[54.9229166666654,20.00624999999986],[54.927083333332035,20.00208333333321],[54.935416666665446,20.00208333333321],[54.93958333333211,20.00624999999986],[54.947916666665435,20.00624999999986],[54.95208333333207,20.010416666666565],[54.96458333333206,20.010416666666565],[54.96874999999872,20.014583333333228],[54.98541666666543,20.014583333333228],[54.98958333333209,20.018749999999876],[55.01041666666538,20.018749999999876],[55.014583333332126,20.02291666666654]]}},{"type":"Feature","properties":{"HYRIV_ID":20903583,"NEXT_DOWN":20903584,"MAIN_RIV":20900230,"LENGTH_KM":1.74,"CATCH_SKM":2.4200001,"DIS_AV_CMS":0.004,"ORD_STRA":2,"ORD_FLOW":9},"geometry":{"type":"LineString","coordinates":[[55.01041666666538,20.00208333333321],[55.027083333332115,20.00208333333321]]}},{"type":"Feature","properties":{"HYRIV_ID":20903584,"NEXT_DOWN":20903481,"MAIN_RIV":20900230,"LENGTH_KM":1.56,"CATCH_SKM":2.62,"DIS_AV_CMS":0.029,"ORD_STRA":3,"ORD_FLOW":8},"geometry":{"type":"LineString","coordinates":[[55.027083333332115,20.00208333333321],[55.027083333332115,20.010416666666565],[55.03124999999875,20.014583333333228]]}},{"type":"Feature","properties":{"HYRIV_ID":20903585,"NEXT_DOWN":20903539,"MAIN_RIV":20900230,"LENGTH_KM":0.95,"CATCH_SKM":11.7,"DIS_AV_CMS":0.001,"ORD_STRA":1,"ORD_FLOW":9},"geometry":{"type":"LineString","coordinates":[[55.3999999999987,19.99999999999988],[55.40624999999878,20.00624999999986]]}},{"type":"Feature","properties":{"HYRIV_ID":20903617,"NEXT_DOWN":20903536,"MAIN_RIV":20892193,"LENGTH_KM":3.23,"CATCH_SKM":24.0,"DIS_AV_CMS":0.002,"ORD_STRA":1,"ORD_FLOW":9},"geometry":{"type":"LineString","coordinates":[[54.116666666665395,19.997916666666548],[54.122916666665446,19.997916666666548],[54.12708333333211,20.00208333333321],[54.135416666665435,20.00208333333321],[54.1395833333321,20.00624999999986],[54.14374999999873,20.00624999999986]]}},{"type":"Feature","properties":{"HYRIV_ID":20903618,"NEXT_DOWN":20903122,"MAIN_RIV":20892193,"LENGTH_KM":14.29,"CATCH_SKM":45.580002,"DIS_AV_CMS":0.003,"ORD_STRA":1,"ORD_FLOW":9},"geometry":{"type":"LineString","coordinates":[[54.295833333332126,19.995833333333216],[54.306249999998755,20.00624999999986],[54.32291666666541,20.00624999999986],[54.331249999998704,20.014583333333228],[54.339583333332115,20.014583333333228],[54.34374999999878,20.018749999999876],[54.34374999999878,20.02291666666654],[54.33541666666545,20.03124999999985],[54.331249999998704,20.03124999999985],[54.331249999998704,20.03958333333322],[54.352083333332075,20.060416666666548],[54.3604166666654,20.052083333333236],[54.36458333333215,20.056249999999885]]}},{"type":"Feature","properties":{"HYRIV_ID":20903619,"NEXT_DOWN":20903331,"MAIN_RIV":20892193,"LENGTH_KM":5.1799998,"CATCH_SKM":14.93,"DIS_AV_CMS":0.008,"ORD_STRA":2,"ORD_FLOW":9},"geometry":{"type":"LineString","coordinates":[[54.431249999998755,19.997916666666548],[54.431249999998755,20.00624999999986],[54.40624999999872,20.03124999999985],[54.40208333333209,20.03124999999985]]}},{"type":"Feature","properties":{"HYRIV_ID":20903660,"NEXT_DOWN":20903454,"MAIN_RIV":20892193,"LENGTH_KM":3.36,"CATCH_SKM":20.17,"DIS_AV_CMS":0.002,"ORD_STRA":1,"ORD_FLOW":9},"geometry":{"type":"LineString","coordinates":[[54.21874999999878,19.991666666666553],[54.21874999999878,19.997916666666548],[54.22291666666541,20.00208333333321],[54.22291666666541,20.014583333333228],[54.227083333332075,20.018749999999876]]}},{"type":"Feature","properties":{"HYRIV_ID":20903661,"NEXT_DOWN":20903454,"MAIN_RIV":20892193,"LENGTH_KM":3.7,"CATCH_SKM":22.190001,"DIS_AV_CMS":0.002,"ORD_STRA":1,"ORD_FLOW":9},"geometry":{"type":"LineString","coordinates":[[54.24374999999873,19.991666666666553],[54.24374999999873,20.00208333333321],[54.227083333332075,20.018749999999876]]}},{"type":"Feature","properties":{"HYRIV_ID":20903663,"NEXT_DOWN":20903509,"MAIN_RIV":20900230,"LENGTH_KM":2.2,"CATCH_SKM":3.03,"DIS_AV_CMS":0.013,"ORD_STRA":2,"ORD_FLOW":8},"geometry":{"type":"LineString","coordinates":[[55.14791666666545,19.993749999999885],[55.14791666666545,20.00208333333321],[55.152083333332115,20.00624999999986],[55.14791666666545,20.010416666666565]]}},{"type":"Feature","properties":{"HYRIV_ID":20903664,"NEXT_DOWN":20903539,"MAIN_RIV":20900230,"LENGTH_KM":3.87,"CATCH_SKM":27.43,"DIS_AV_CMS":0.002,"ORD_STRA":1,"ORD_FLOW":9},"geometry":{"type":"LineString","coordinates":[[55.43749999999872,19.993749999999885],[55.427083333332064,19.993749999999885],[55.4229166666654,19.997916666666548],[55.414583333332104,19.997916666666548],[55.40624999999878,20.00624999999986]]}},{"type":"Feature","properties":{"HYRIV_ID":20903698,"NEXT_DOWN":20903452,"MAIN_RIV":20892193,"LENGTH_KM":6.6,"CATCH_SKM":31.469999,"DIS_AV_CMS":0.002,"ORD_STRA":1,"ORD_FLOW":9},"geometry":{"type":"LineString","coordinates":[[54.0374999999988,19.987499999999862],[54.031249999998806,19.993749999999885],[54.02708333333214,19.993749999999885],[54.022916666665395,19.997916666666548],[54.022916666665395,20.00208333333321],[54.01874999999873,20.00624999999986],[54.00624999999877,20.00624999999986],[54.00208333333211,20.010416666666565],[54.00208333333211,20.014583333333228],[53.997916666665446,20.018749999999876],[53.99374999999878,20.018749999999876]]}},{"type":"Feature","properties":{"HYRIV_ID":20903699,"NEXT_DOWN":20903333,"MAIN_RIV":20900230,"LENGTH_KM":6.4899998,"CATCH_SKM":34.290001,"DIS_AV_CMS":0.003,"ORD_STRA":1,"ORD_FLOW":9},"geometry":{"type":"LineString","coordinates":[[55.554166666665395,19.989583333333236],[55.54791666666543,19.989583333333236],[55.539583333332104,19.997916666666548],[55.539583333332104,20.00208333333321],[55.52708333333203,20.014583333333228],[55.53541666666544,20.02291666666654],[55.53541666666544,20.03124999999985]]}},{"type":"Feature","properties":{"HYRIV_ID":20903700,"NEXT_DOWN":20904133,"MAIN_RIV":20904527,"LENGTH_KM":2.2,"CATCH_SKM":3.4300001,"DIS_AV_CMS":0.004,"ORD_STRA":2,"ORD_FLOW":9},"geometry":{"type":"LineString","coordinates":[[55.69791666666538,19.989583333333236],[55.69791666666538,19.993749999999885],[55.68958333333205,20.00208333333321],[55.68958333333205,20.00624999999986]]}},{"type":"Feature","properties":{"HYRIV_ID":20903735,"NEXT_DOWN":20903259,"MAIN_RIV":20892193,"LENGTH_KM":7.4,"CATCH_SKM":19.969999,"DIS_AV_CMS":0.005,"ORD_STRA":2,"ORD_FLOW":9},"geometry":{"type":"LineString","coordinates":[[54.181249999998755,19.98541666666653],[54.17708333333209,19.989583333333236],[54.18541666666542,19.997916666666548],[54.18541666666542,20.00624999999986],[54.181249999998755,20.010416666666565],[54.181249999998755,20.02291666666654],[54.18541666666542,20.027083333333245],[54.17291666666543,20.03958333333322]]}},{"type":"Feature","properties":{"HYRIV_ID":20903736,"NEXT_DOWN":20903406,"MAIN_RIV":20892193,"LENGTH_KM":5.81,"CATCH_SKM":22.389999,"DIS_AV_CMS":0.005,"ORD_STRA":2,"ORD_FLOW":9},"geometry":{"type":"LineString","coordinates":[[54.59791666666544,19.98541666666653],[54.59374999999878,19.98541666666653],[54.58124999999873,19.997916666666548],[54.585416666665395,20.00208333333321],[54.585416666665395,20.00624999999986],[54.58958333333203,20.010416666666565],[54.58124999999873,20.018749999999876],[54.58124999999873,20.02291666666654]]}},{"type":"Feature","properties":{"HYRIV_ID":20903762,"NEXT_DOWN":20903581,"MAIN_RIV":20892193,"LENGTH_KM":3.1500001,"CATCH_SKM":25.02,"DIS_AV_CMS":0.002,"ORD_STRA":1,"ORD_FLOW":9},"geometry":{"type":"LineString","coordinates":[[54.73749999999876,19.979166666666536],[54.74374999999873,19.98541666666653],[54.73958333333209,19.989583333333236],[54.73958333333209,19.997916666666548],[54.74374999999873,20.00208333333321]]}},{"type":"Feature","properties":{"HYRIV_ID":20903763,"NEXT_DOWN":20903583,"MAIN_RIV":20900230,"LENGTH_KM":4.1799998,"CATCH_SKM":16.139999,"DIS_AV_CMS":0.001,"ORD_STRA":1,"ORD_FLOW":9},"geometry":{"type":"LineString","coordinates":[[54.98749999999876,19.981249999999868],[55.00208333333208,19.981249999999868],[55.00208333333208,19.98541666666653],[55.006249999998715,19.989583333333236],[55.006249999998715,19.993749999999885],[55.01041666666538,19.997916666666548],[55.01041666666538,20.00208333333321]]}},{"type":"Feature","properties":{"HYRIV_ID":20903764,"NEXT_DOWN":20903875,"MAIN_RIV":20900230,"LENGTH_KM":3.53,"CATCH_SKM":28.24,"DIS_AV_CMS":0.001,"ORD_STRA":1,"ORD_FLOW":9},"geometry":{"type":"LineString","coordinates":[[55.243749999998755,20.008333333333233],[55.243749999998755,20.00208333333321],[55.24791666666542,19.997916666666548],[55.24791666666542,19.993749999999885],[55.25208333333208,19.989583333333236],[55.25208333333208,19.98541666666653],[55.256249999998744,19.981249999999868]]}},{"type":"Feature","properties":{"HYRIV_ID":20903803,"NEXT_DOWN":20902793,"MAIN_RIV":20892193,"LENGTH_KM":16.52,"CATCH_SKM":58.900002,"DIS_AV_CMS":0.004,"ORD_STRA":1,"ORD_FLOW":9},"geometry":{"type":"LineString","coordinates":[[54.65624999999875,19.974999999999888],[54.65624999999875,19.981249999999868],[54.647916666665424,19.989583333333236],[54.647916666665424,19.997916666666548],[54.65208333333209,20.00208333333321],[54.6395833333321,20.014583333333228],[54.64374999999876,20.018749999999876],[54.64374999999876,20.027083333333245],[54.647916666665424,20.03124999999985],[54.647916666665424,20.03958333333322],[54.65208333333209,20.043749999999868],[54.65208333333209,20.060416666666548],[54.64374999999876,20.068749999999874],[54.64374999999876,20.077083333333228],[54.647916666665424,20.08124999999989],[54.65208333333209,20.08124999999989],[54.65624999999875,20.08541666666654],[54.65624999999875,20.089583333333202],[54.65208333333209,20.09375],[54.65208333333209,20.097916666666556]]}},{"type":"Feature","properties":{"HYRIV_ID":20903838,"NEXT_DOWN":20903537,"MAIN_RIV":20892193,"LENGTH_KM":4.46,"CATCH_SKM":18.959999,"DIS_AV_CMS":0.002,"ORD_STRA":1,"ORD_FLOW":9},"geometry":{"type":"LineString","coordinates":[[54.535416666665384,19.970833333333225],[54.535416666665384,19.981249999999868],[54.53124999999875,19.98541666666653],[54.53124999999875,19.989583333333236],[54.52708333333209,19.993749999999885],[54.52708333333209,20.00208333333321],[54.522916666665424,20.00624999999986]]}},{"type":"Feature","properties":{"HYRIV_ID":20903839,"NEXT_DOWN":20903581,"MAIN_RIV":20892193,"LENGTH_KM":10.34,"CATCH_SKM":23.0,"DIS_AV_CMS":0.006,"ORD_STRA":2,"ORD_FLOW":9},"geometry":{"type":"LineString","coordinates":[[54.80624999999878,19.972916666666556],[54.81458333333211,19.981249999999868],[54.81458333333211,19.98541666666653],[54.79374999999874,19.98541666666653],[54.77708333333209,20.00208333333321],[54.772916666665424,19.997916666666548],[54.76874999999876,19.997916666666548],[54.764583333332126,20.00208333333321],[54.74374999999873,20.00208333333321]]}},{"type":"Feature","properties":{"HYRIV_ID":20903840,"NEXT_DOWN":20903583,"MAIN_RIV":20900230,"LENGTH_KM":12.69,"CATCH_SKM":28.65,"DIS_AV_CMS":0.006,"ORD_STRA":2,"ORD_FLOW":9},"geometry":{"type":"LineString","coordinates":[[54.90624999999875,19.972916666666556],[54.927083333332035,19.972916666666556],[54.9312499999987,19.97708333333322],[54.947916666665435,19.97708333333322],[54.95624999999873,19.98541666666653],[54.960416666665395,19.98541666666653],[54.96458333333206,19.989583333333236],[54.972916666665384,19.989583333333236],[54.98541666666543,20.00208333333321],[54.98958333333209,20.00208333333321],[54.993749999998755,20.00624999999986],[54.99791666666542,20.00208333333321],[55.01041666666538,20.00208333333321]]}},{"type":"Feature","properties":{"HYRIV_ID":20903877,"NEXT_DOWN":20903700,"MAIN_RIV":20904527,"LENGTH_KM":8.7,"CATCH_SKM":45.790001,"DIS_AV_CMS":0.003,"ORD_STRA":1,"ORD_FLOW":9},"geometry":{"type":"LineString","coordinates":[[55.745833333332115,20.008333333333233],[55.706249999998704,19.968749999999893],[55.70208333333204,19.972916666666556],[55.70208333333204,19.98541666666653],[55.69791666666538,19.989583333333236]]}},{"type":"Feature","properties":{"HYRIV_ID":20903903,"NEXT_DOWN":20903366,"MAIN_RIV":20900230,"LENGTH_KM":8.1599998,"CATCH_SKM":34.09,"DIS_AV_CMS":0.003,"ORD_STRA":2,"ORD_FLOW":9},"geometry":{"type":"LineString","coordinates":[[55.072916666665435,19.964583333333245],[55.072916666665435,19.98541666666653],[55.06874999999877,19.989583333333236],[55.06874999999877,19.993749999999885],[55.0562499999987,20.00624999999986],[55.0562499999987,20.014583333333228],[55.04374999999874,20.027083333333245]]}},{"type":"Feature","properties":{"HYRIV_ID":20904099,"NEXT_DOWN":20903584,"MAIN_RIV":20900230,"LENGTH_KM":8.25,"CATCH_SKM":30.67,"DIS_AV_CMS":0.037,"ORD_STRA":3,"ORD_FLOW":8},"geometry":{"type":"LineString","coordinates":[[55.00208333333208,19.939583333333196],[55.00208333333208,19.947916666666565],[55.01041666666538,19.956249999999876],[55.01041666666538,19.968749999999893],[55.01874999999879,19.97708333333322],[55.02291666666545,19.97708333333322],[55.027083333332115,19.981249999999868],[55.027083333332115,20.00208333333321]]}},{"type":"Feature","properties":{"HYRIV_ID":20904133,"NEXT_DOWN":20904173,"MAIN_RIV":20904527,"LENGTH_KM":20.1,"CATCH_SKM":67.379997,"DIS_AV_CMS":0.0,"ORD_STRA":4,"ORD_FLOW":10},"geometry":{"type":"LineString","coordinates":[[55.68958333333205,20.00624999999986],[55.67708333333209,20.00624999999986],[55.67291666666543,20.00208333333321],[55.664583333332104,20.00208333333321],[55.65624999999869,19.993749999999885],[55.65624999999869,19.989583333333236],[55.647916666665395,19.981249999999868],[55.63958333333207,19.981249999999868],[55.63541666666541,19.98541666666653],[55.622916666665446,19.98541666666653],[55.61874999999878,19.981249999999868],[55.58958333333209,19.981249999999868],[55.57708333333204,19.968749999999893],[55.568749999998715,19.968749999999893],[55.56458333333205,19.964583333333245],[55.56458333333205,19.960416666666582],[55.552083333332064,19.947916666666565],[55.54791666666543,19.947916666666565],[55.54374999999877,19.94374999999986],[55.54374999999877,19.935416666666548]]}},{"type":"Feature","properties":{"HYRIV_ID":20904202,"NEXT_DOWN":20903536,"MAIN_RIV":20892193,"LENGTH_KM":13.23,"CATCH_SKM":44.389999,"DIS_AV_CMS":0.074,"ORD_STRA":2,"ORD_FLOW":8},"geometry":{"type":"LineString","coordinates":[[54.19791666666538,19.927083333333222],[54.193749999998744,19.931249999999885],[54.18958333333208,19.931249999999885],[54.18541666666542,19.935416666666548],[54.16874999999877,19.935416666666548],[54.16458333333213,19.939583333333196],[54.16041666666547,19.939583333333196],[54.156249999998806,19.94374999999986],[54.15208333333206,19.94374999999986],[54.147916666665395,19.947916666666565],[54.147916666665395,19.960416666666582],[54.15208333333206,19.964583333333245],[54.15208333333206,19.98541666666653],[54.14374999999873,19.993749999999885],[54.14374999999873,20.00624999999986]]}},{"type":"Feature","properties":{"HYRIV_ID":20904261,"NEXT_DOWN":20903537,"MAIN_RIV":20892193,"LENGTH_KM":12.67,"CATCH_SKM":32.889999,"DIS_AV_CMS":0.006,"ORD_STRA":2,"ORD_FLOW":9},"geometry":{"type":"LineString","coordinates":[[54.49791666666539,19.918749999999868],[54.49791666666539,19.92291666666653],[54.5062499999988,19.931249999999885],[54.5062499999988,19.94374999999986],[54.51874999999876,19.956249999999876],[54.51874999999876,19.960416666666582],[54.5145833333321,19.964583333333245],[54.510416666665435,19.964583333333245],[54.5062499999988,19.968749999999893],[54.5062499999988,19.97708333333322],[54.50208333333205,19.981249999999868],[54.50208333333205,19.98541666666653],[54.5062499999988,19.989583333333236],[54.5062499999988,19.993749999999885],[54.51874999999876,20.00624999999986],[54.522916666665424,20.00624999999986]]}},{"type":"Feature","properties":{"HYRIV_ID":20904287,"NEXT_DOWN":20903406,"MAIN_RIV":20892193,"LENGTH_KM":16.9,"CATCH_SKM":39.139999,"DIS_AV_CMS":0.034,"ORD_STRA":3,"ORD_FLOW":8},"geometry":{"type":"LineString","coordinates":[[54.585416666665395,19.914583333333205],[54.57291666666541,19.927083333333222],[54.55208333333212,19.927083333333222],[54.54791666666546,19.931249999999885],[54.54791666666546,19.935416666666548],[54.55624999999878,19.94374999999986],[54.55624999999878,19.956249999999876],[54.56458333333208,19.964583333333245],[54.56458333333208,19.989583333333236],[54.568749999998744,19.993749999999885],[54.568749999998744,19.997916666666548],[54.56458333333208,20.00208333333321],[54.56458333333208,20.010416666666565],[54.568749999998744,20.014583333333228],[54.57291666666541,20.014583333333228],[54.58124999999873,20.02291666666654]]}},{"type":"Feature","properties":{"HYRIV_ID":20904331,"NEXT_DOWN":20903479,"MAIN_RIV":20892193,"LENGTH_KM":19.27,"CATCH_SKM":46.41,"DIS_AV_CMS":0.007,"ORD_STRA":2,"ORD_FLOW":9},"geometry":{"type":"LineString","coordinates":[[54.293749999998795,19.910416666666556],[54.29791666666546,19.914583333333205],[54.30208333333209,19.914583333333205],[54.31041666666542,19.92291666666653],[54.31041666666542,19.927083333333222],[54.30208333333209,19.935416666666548],[54.31458333333208,19.947916666666565],[54.31458333333208,19.956249999999876],[54.318749999998744,19.960416666666582],[54.331249999998704,19.960416666666582],[54.33541666666545,19.956249999999876],[54.339583333332115,19.960416666666582],[54.352083333332075,19.960416666666582],[54.36458333333215,19.972916666666556],[54.36458333333215,19.97708333333322],[54.36874999999873,19.981249999999868],[54.36874999999873,19.989583333333236],[54.37708333333211,19.997916666666548],[54.38124999999877,19.997916666666548],[54.385416666665435,20.00208333333321],[54.385416666665435,20.00624999999986],[54.3895833333321,20.010416666666565],[54.3895833333321,20.014583333333228]]}},{"type":"Feature","properties":{"HYRIV_ID":20904358,"NEXT_DOWN":20903479,"MAIN_RIV":20892193,"LENGTH_KM":14.55,"CATCH_SKM":42.98,"DIS_AV_CMS":0.82300001,"ORD_STRA":4,"ORD_FLOW":7},"geometry":{"type":"LineString","coordinates":[[54.37708333333211,19.90624999999985],[54.37708333333211,19.931249999999885],[54.385416666665435,19.939583333333196],[54.38124999999877,19.94374999999986],[54.38124999999877,19.952083333333213],[54.3895833333321,19.960416666666582],[54.3895833333321,19.964583333333245],[54.385416666665435,19.968749999999893],[54.385416666665435,19.97708333333322],[54.3895833333321,19.981249999999868],[54.3895833333321,19.98541666666653],[54.39374999999876,19.989583333333236],[54.397916666665424,19.989583333333236],[54.40208333333209,19.993749999999885],[54.40208333333209,20.00208333333321],[54.3895833333321,20.014583333333228]]}},{"type":"Feature","properties":{"HYRIV_ID":20904360,"NEXT_DOWN":20902608,"MAIN_RIV":20892193,"LENGTH_KM":31.33,"CATCH_SKM":102.67,"DIS_AV_CMS":0.031,"ORD_STRA":2,"ORD_FLOW":8},"geometry":{"type":"LineString","coordinates":[[54.66458333333205,19.90624999999985],[54.66458333333205,19.918749999999868],[54.67291666666546,19.927083333333222],[54.68958333333211,19.927083333333222],[54.69791666666541,19.935416666666548],[54.69791666666541,19.939583333333196],[54.70208333333207,19.94374999999986],[54.70208333333207,19.960416666666582],[54.70624999999873,19.964583333333245],[54.70624999999873,19.968749999999893],[54.69791666666541,19.97708333333322],[54.69791666666541,19.981249999999868],[54.68958333333211,19.989583333333236],[54.68958333333211,19.993749999999885],[54.68124999999878,20.00208333333321],[54.68124999999878,20.010416666666565],[54.685416666665446,20.014583333333228],[54.67291666666546,20.027083333333245],[54.67291666666546,20.035416666666556],[54.67708333333212,20.03958333333322],[54.68124999999878,20.03958333333322],[54.68124999999878,20.043749999999868],[54.693749999998744,20.056249999999885],[54.693749999998744,20.060416666666548],[54.68958333333211,20.06458333333321],[54.68124999999878,20.06458333333321],[54.67708333333212,20.068749999999874],[54.67708333333212,20.077083333333228],[54.68958333333211,20.089583333333202],[54.685416666665446,20.09375],[54.685416666665446,20.10208333333322],[54.68124999999878,20.106249999999882],[54.68124999999878,20.1187499999999]]}}]}