{"type":"FeatureCollection","features":[{"type":"Feature","properties":{"HYRIV_ID":20865195,"NEXT_DOWN":20865149,"MAIN_RIV":20863091,"LENGTH_KM":9.4899998,"CATCH_SKM":21.77,"DIS_AV_CMS":0.0,"ORD_STRA":2,"ORD_FLOW":10},"geometry":{"type":"LineString","coordinates":[[54.46874999999878,23.997916666666477],[54.431249999998755,23.997916666666477],[54.42708333333212,24.00208333333314],[54.40624999999872,24.00208333333314],[54.397916666665424,24.010416666666494],[54.39374999999876,24.010416666666494],[54.385416666665435,24.00208333333314]]}},{"type":"Feature","properties":{"HYRIV_ID":20865196,"NEXT_DOWN":20865298,"MAIN_RIV":20863243,"LENGTH_KM":11.01,"CATCH_SKM":36.27,"DIS_AV_CMS":0.037,"ORD_STRA":3,"ORD_FLOW":8},"geometry":{"type":"LineString","coordinates":[[55.37291666666542,24.031249999999837],[55.368749999998755,24.035416666666485],[55.347916666665384,24.035416666666485],[55.34374999999872,24.031249999999837],[55.33958333333209,24.031249999999837],[55.335416666665424,24.02708333333313],[55.33124999999876,24.02708333333313],[55.3270833333321,24.031249999999837],[55.31874999999869,24.031249999999837],[55.31458333333205,24.02708333333313],[55.31458333333205,24.01874999999982],[55.32291666666535,24.010416666666494],[55.31041666666539,23.997916666666477]]}},{"type":"Feature","properties":{"HYRIV_ID":20865197,"NEXT_DOWN":20865298,"MAIN_RIV":20863243,"LENGTH_KM":5.9200001,"CATCH_SKM":27.85,"DIS_AV_CMS":0.005,"ORD_STRA":1,"ORD_FLOW":9},"geometry":{"type":"LineString","coordinates":[[55.36666666666545,24.00208333333314],[55.33124999999876,24.00208333333314],[55.3270833333321,23.997916666666477],[55.31041666666539,23.997916666666477]]}},{"type":"Feature","properties":{"HYRIV_ID":20865232,"NEXT_DOWN":20865195,"MAIN_RIV":20863091,"LENGTH_KM":3.1700001,"CATCH_SKM":9.0200005,"DIS_AV_CMS":0.006,"ORD_STRA":2,"ORD_FLOW":9},"geometry":{"type":"LineString","coordinates":[[54.49791666666539,23.993749999999828],[54.47291666666544,23.993749999999828],[54.46874999999878,23.997916666666477]]}},{"type":"Feature","properties":{"HYRIV_ID":20865233,"NEXT_DOWN":20865232,"MAIN_RIV":20863091,"LENGTH_KM":1.83,"CATCH_SKM":11.96,"DIS_AV_CMS":0.002,"ORD_STRA":1,"ORD_FLOW":9},"geometry":{"type":"LineString","coordinates":[[54.508333333332104,24.004166666666514],[54.50208333333205,23.997916666666477],[54.50208333333205,23.993749999999828],[54.49791666666539,23.993749999999828]]}},{"type":"Feature","properties":{"HYRIV_ID":20865258,"NEXT_DOWN":20864191,"MAIN_RIV":20864191,"LENGTH_KM":20.6,"CATCH_SKM":74.110001,"DIS_AV_CMS":0.0,"ORD_STRA":3,"ORD_FLOW":10},"geometry":{"type":"LineString","coordinates":[[54.068749999998715,23.989583333333165],[54.07291666666546,23.993749999999828],[54.07291666666546,23.997916666666477],[54.068749999998715,24.00208333333314],[54.068749999998715,24.006249999999845],[54.06458333333205,24.010416666666494],[54.06041666666542,24.010416666666494],[54.056249999998755,24.014583333333157],[54.04791666666543,24.006249999999845],[54.04374999999877,24.006249999999845],[54.039583333332104,24.00208333333314],[54.03541666666547,24.00208333333314],[54.031249999998806,24.006249999999845],[54.031249999998806,24.010416666666494],[54.02708333333214,24.014583333333157],[54.02708333333214,24.022916666666468],[54.022916666665395,24.02708333333313],[54.022916666665395,24.04374999999981],[54.01874999999873,24.04791666666646],[54.01874999999873,24.052083333333123],[54.010416666665435,24.060416666666477],[54.010416666665435,24.06458333333314],[54.01458333333207,24.068749999999802],[54.010416666665435,24.072916666666494],[54.010416666665435,24.08958333333313],[54.00624999999877,24.093749999999794],[54.00624999999877,24.0979166666665],[54.00208333333211,24.102083333333148],[54.010416666665435,24.110416666666474]]}},{"type":"Feature","properties":{"HYRIV_ID":20865259,"NEXT_DOWN":20864958,"MAIN_RIV":20864191,"LENGTH_KM":4.4299998,"CATCH_SKM":18.040001,"DIS_AV_CMS":0.0,"ORD_STRA":1,"ORD_FLOW":10},"geometry":{"type":"LineString","coordinates":[[54.114583333332064,23.987499999999834],[54.114583333332064,23.993749999999828],[54.1104166666654,23.997916666666477],[54.1104166666654,24.010416666666494],[54.10624999999874,24.014583333333157],[54.10624999999874,24.01874999999982],[54.1104166666654,24.022916666666468]]}},{"type":"Feature","properties":{"HYRIV_ID":20865260,"NEXT_DOWN":20865195,"MAIN_RIV":20863091,"LENGTH_KM":1.41,"CATCH_SKM":10.79,"DIS_AV_CMS":0.001,"ORD_STRA":1,"ORD_FLOW":9},"geometry":{"type":"LineString","coordinates":[[54.46249999999878,23.987499999999834],[54.46874999999878,23.993749999999828],[54.46874999999878,23.997916666666477]]}},{"type":"Feature","properties":{"HYRIV_ID":20865261,"NEXT_DOWN":20864613,"MAIN_RIV":20863091,"LENGTH_KM":24.030001,"CATCH_SKM":50.200001,"DIS_AV_CMS":0.0,"ORD_STRA":3,"ORD_FLOW":10},"geometry":{"type":"LineString","coordinates":[[54.68958333333211,23.993749999999828],[54.685416666665446,23.993749999999828],[54.68124999999878,23.989583333333165],[54.67291666666546,23.989583333333165],[54.668749999998795,23.993749999999828],[54.64374999999876,23.993749999999828],[54.6395833333321,23.997916666666477],[54.6312499999988,23.997916666666477],[54.62708333333205,24.00208333333314],[54.61874999999873,24.00208333333314],[54.614583333332064,24.006249999999845],[54.61041666666543,24.006249999999845],[54.59791666666544,24.01874999999982],[54.59374999999878,24.01874999999982],[54.58958333333203,24.022916666666468],[54.57708333333207,24.022916666666468],[54.568749999998744,24.031249999999837],[54.54791666666546,24.031249999999837],[54.543749999998795,24.035416666666485],[54.53958333333205,24.035416666666485],[54.53124999999875,24.04374999999981],[54.522916666665424,24.04374999999981],[54.51874999999876,24.04791666666646],[54.510416666665435,24.04791666666646],[54.5062499999988,24.052083333333123],[54.50208333333205,24.052083333333123],[54.49791666666539,24.056249999999828],[54.49791666666539,24.060416666666477],[54.49374999999873,24.06458333333314]]}},{"type":"Feature","properties":{"HYRIV_ID":20865294,"NEXT_DOWN":20864708,"MAIN_RIV":20864436,"LENGTH_KM":9.7399998,"CATCH_SKM":34.509998,"DIS_AV_CMS":0.0,"ORD_STRA":3,"ORD_FLOW":10},"geometry":{"type":"LineString","coordinates":[[54.22291666666541,23.98541666666646],[54.21874999999878,23.98541666666646],[54.21041666666545,23.993749999999828],[54.20624999999879,23.993749999999828],[54.202083333332126,23.997916666666477],[54.202083333332126,24.00208333333314],[54.193749999998744,24.010416666666494],[54.193749999998744,24.014583333333157],[54.18958333333208,24.01874999999982],[54.18958333333208,24.031249999999837],[54.19791666666538,24.039583333333148],[54.19791666666538,24.04374999999981],[54.202083333332126,24.04791666666646],[54.202083333332126,24.052083333333123]]}},{"type":"Feature","properties":{"HYRIV_ID":20865295,"NEXT_DOWN":20865294,"MAIN_RIV":20864436,"LENGTH_KM":2.31,"CATCH_SKM":3.33,"DIS_AV_CMS":0.0,"ORD_STRA":3,"ORD_FLOW":10},"geometry":{"type":"LineString","coordinates":[[54.239583333332064,23.989583333333165],[54.2354166666654,23.989583333333165],[54.23124999999874,23.993749999999828],[54.22291666666541,23.98541666666646]]}},{"type":"Feature","properties":{"HYRIV_ID":20865296,"NEXT_DOWN":20865295,"MAIN_RIV":20864436,"LENGTH_KM":15.89,"CATCH_SKM":58.450001,"DIS_AV_CMS":0.0,"ORD_STRA":1,"ORD_FLOW":10},"geometry":{"type":"LineString","coordinates":[[54.37083333333206,23.987499999999834],[54.36458333333215,23.993749999999828],[54.35624999999874,23.993749999999828],[54.352083333332075,23.997916666666477],[54.34791666666544,23.993749999999828],[54.34374999999878,23.997916666666477],[54.339583333332115,23.993749999999828],[54.33541666666545,23.997916666666477],[54.32708333333204,23.997916666666477],[54.32291666666541,23.993749999999828],[54.31458333333208,23.993749999999828],[54.31041666666542,23.989583333333165],[54.306249999998755,23.989583333333165],[54.30208333333209,23.98541666666646],[54.29791666666546,23.989583333333165],[54.260416666665435,23.989583333333165],[54.25624999999877,23.993749999999828],[54.25208333333211,23.989583333333165],[54.239583333332064,23.989583333333165]]}},{"type":"Feature","properties":{"HYRIV_ID":20865297,"NEXT_DOWN":20864996,"MAIN_RIV":20863275,"LENGTH_KM":16.01,"CATCH_SKM":47.259998,"DIS_AV_CMS":0.004,"ORD_STRA":1,"ORD_FLOW":9},"geometry":{"type":"LineString","coordinates":[[54.912499999998744,23.983333333333128],[54.90624999999875,23.989583333333165],[54.90208333333209,23.989583333333165],[54.89374999999879,23.997916666666477],[54.88541666666538,23.997916666666477],[54.881249999998715,23.993749999999828],[54.86458333333209,23.993749999999828],[54.86041666666543,23.997916666666477],[54.85208333333202,23.997916666666477],[54.847916666665355,24.00208333333314],[54.84374999999872,24.00208333333314],[54.83958333333206,24.006249999999845],[54.83958333333206,24.010416666666494],[54.83124999999873,24.010416666666494],[54.82708333333207,24.006249999999845],[54.81874999999877,24.006249999999845],[54.810416666665446,24.014583333333157],[54.80624999999878,24.014583333333157],[54.80208333333212,24.010416666666494],[54.79791666666537,24.014583333333157],[54.79791666666537,24.022916666666468],[54.79374999999874,24.022916666666468]]}},{"type":"Feature","properties":{"HYRIV_ID":20865298,"NEXT_DOWN":20864352,"MAIN_RIV":20863243,"LENGTH_KM":57.029999,"CATCH_SKM":187.46001,"DIS_AV_CMS":0.0,"ORD_STRA":3,"ORD_FLOW":10},"geometry":{"type":"LineString","coordinates":[[55.31041666666539,23.997916666666477],[55.222916666665384,23.997916666666477],[55.21874999999872,23.993749999999828],[55.197916666665435,23.993749999999828],[55.19374999999877,23.989583333333165],[55.1729166666654,23.989583333333165],[55.16874999999874,23.98541666666646],[55.10624999999871,23.98541666666646],[55.10208333333205,23.989583333333165],[55.08124999999876,23.989583333333165],[55.0770833333321,23.993749999999828],[55.06041666666536,23.993749999999828],[55.0562499999987,23.997916666666477],[55.04374999999874,23.997916666666477],[55.03124999999875,24.010416666666494],[55.02291666666545,24.010416666666494],[55.01874999999879,24.014583333333157],[55.014583333332126,24.014583333333157],[55.01041666666538,24.01874999999982],[55.006249999998715,24.014583333333157],[55.00208333333208,24.01874999999982],[54.99791666666542,24.01874999999982],[54.993749999998755,24.022916666666468],[54.98541666666543,24.022916666666468],[54.98124999999877,24.02708333333313],[54.96458333333206,24.02708333333313],[54.960416666665395,24.031249999999837],[54.94374999999877,24.031249999999837],[54.93958333333211,24.035416666666485],[54.935416666665446,24.031249999999837],[54.927083333332035,24.039583333333148],[54.91874999999874,24.039583333333148],[54.914583333332075,24.04374999999981],[54.90624999999875,24.04374999999981],[54.90208333333209,24.04791666666646],[54.89791666666545,24.04791666666646],[54.89374999999879,24.052083333333123],[54.881249999998715,24.052083333333123],[54.868749999998755,24.06458333333314],[54.847916666665355,24.06458333333314],[54.84374999999872,24.068749999999802],[54.83958333333206,24.068749999999802],[54.83124999999873,24.077083333333157],[54.83124999999873,24.085416666666482],[54.82708333333207,24.085416666666482],[54.82291666666541,24.08958333333313],[54.82291666666541,24.093749999999794]]}},{"type":"Feature","properties":{"HYRIV_ID":20865411,"NEXT_DOWN":20864386,"MAIN_RIV":20863091,"LENGTH_KM":31.559999,"CATCH_SKM":120.39,"DIS_AV_CMS":0.0,"ORD_STRA":1,"ORD_FLOW":10},"geometry":{"type":"LineString","coordinates":[[54.61249999999873,23.972916666666485],[54.60624999999877,23.972916666666485],[54.60624999999877,23.977083333333148],[54.602083333332104,23.98124999999981],[54.59374999999878,23.98124999999981],[54.58124999999873,23.993749999999828],[54.57708333333207,23.993749999999828],[54.57291666666541,23.997916666666477],[54.56458333333208,23.997916666666477],[54.56041666666542,24.00208333333314],[54.55624999999878,24.00208333333314],[54.55208333333212,24.006249999999845],[54.54791666666546,24.006249999999845],[54.543749999998795,24.010416666666494],[54.543749999998795,24.014583333333157],[54.53958333333205,24.01874999999982],[54.53124999999875,24.01874999999982],[54.52708333333209,24.022916666666468],[54.522916666665424,24.01874999999982],[54.5062499999988,24.01874999999982],[54.50208333333205,24.022916666666468],[54.4854166666654,24.022916666666468],[54.477083333332104,24.031249999999837],[54.477083333332104,24.035416666666485],[54.47291666666544,24.039583333333148],[54.456249999998704,24.039583333333148],[54.44791666666541,24.04791666666646],[54.443749999998744,24.04374999999981],[54.43541666666542,24.04374999999981],[54.431249999998755,24.04791666666646],[54.42708333333212,24.04374999999981],[54.418749999998795,24.052083333333123],[54.418749999998795,24.056249999999828],[54.41458333333213,24.060416666666477],[54.40624999999872,24.060416666666477],[54.3895833333321,24.077083333333157],[54.3895833333321,24.08124999999982],[54.385416666665435,24.085416666666482],[54.385416666665435,24.08958333333313]]}},{"type":"Feature","properties":{"HYRIV_ID":20865412,"NEXT_DOWN":20865261,"MAIN_RIV":20863091,"LENGTH_KM":2.48,"CATCH_SKM":3.33,"DIS_AV_CMS":0.0,"ORD_STRA":3,"ORD_FLOW":10},"geometry":{"type":"LineString","coordinates":[[54.693749999998744,23.972916666666485],[54.693749999998744,23.989583333333165],[54.68958333333211,23.993749999999828]]}},{"type":"Feature","properties":{"HYRIV_ID":20865444,"NEXT_DOWN":20865412,"MAIN_RIV":20863091,"LENGTH_KM":2.31,"CATCH_SKM":13.73,"DIS_AV_CMS":0.002,"ORD_STRA":1,"ORD_FLOW":9},"geometry":{"type":"LineString","coordinates":[[54.67499999999879,23.972916666666485],[54.685416666665446,23.972916666666485],[54.68958333333211,23.968749999999822],[54.693749999998744,23.972916666666485]]}},{"type":"Feature","properties":{"HYRIV_ID":20865445,"NEXT_DOWN":20865261,"MAIN_RIV":20863091,"LENGTH_KM":9.25,"CATCH_SKM":33.34,"DIS_AV_CMS":0.005,"ORD_STRA":2,"ORD_FLOW":9},"geometry":{"type":"LineString","coordinates":[[54.764583333332126,23.968749999999822],[54.76041666666546,23.968749999999822],[54.756249999998715,23.972916666666485],[54.74791666666539,23.972916666666485],[54.74374999999873,23.977083333333148],[54.73958333333209,23.972916666666485],[54.73541666666543,23.977083333333148],[54.71874999999869,23.977083333333148],[54.710416666665395,23.98541666666646],[54.70624999999873,23.98541666666646],[54.69791666666541,23.993749999999828],[54.68958333333211,23.993749999999828]]}},{"type":"Feature","properties":{"HYRIV_ID":20865486,"NEXT_DOWN":20864958,"MAIN_RIV":20864191,"LENGTH_KM":12.86,"CATCH_SKM":41.77,"DIS_AV_CMS":0.0,"ORD_STRA":3,"ORD_FLOW":10},"geometry":{"type":"LineString","coordinates":[[54.17291666666543,23.964583333333174],[54.17291666666543,23.972916666666485],[54.16874999999877,23.977083333333148],[54.16874999999877,23.993749999999828],[54.15208333333206,24.010416666666494],[54.156249999998806,24.014583333333157],[54.15208333333206,24.01874999999982],[54.156249999998806,24.022916666666468],[54.15208333333206,24.02708333333313],[54.13124999999877,24.02708333333313],[54.12708333333211,24.022916666666468],[54.1104166666654,24.022916666666468]]}},{"type":"Feature","properties":{"HYRIV_ID":20865487,"NEXT_DOWN":20865871,"MAIN_RIV":20863275,"LENGTH_KM":8.21,"CATCH_SKM":39.029999,"DIS_AV_CMS":0.006,"ORD_STRA":1,"ORD_FLOW":9},"geometry":{"type":"LineString","coordinates":[[55.69583333333205,23.98124999999981],[55.67291666666543,23.98124999999981],[55.66874999999877,23.977083333333148],[55.660416666665355,23.977083333333148],[55.65624999999869,23.98124999999981],[55.65208333333206,23.98124999999981],[55.647916666665395,23.977083333333148],[55.63958333333207,23.977083333333148],[55.62708333333211,23.964583333333174]]}},{"type":"Feature","properties":{"HYRIV_ID":20865532,"NEXT_DOWN":20865486,"MAIN_RIV":20864191,"LENGTH_KM":1.36,"CATCH_SKM":11.18,"DIS_AV_CMS":0.001,"ORD_STRA":1,"ORD_FLOW":9},"geometry":{"type":"LineString","coordinates":[[54.18333333333209,23.958333333333137],[54.17708333333209,23.964583333333174],[54.17291666666543,23.964583333333174]]}},{"type":"Feature","properties":{"HYRIV_ID":20865533,"NEXT_DOWN":20865232,"MAIN_RIV":20863091,"LENGTH_KM":5.2800002,"CATCH_SKM":16.280001,"DIS_AV_CMS":0.01,"ORD_STRA":2,"ORD_FLOW":8},"geometry":{"type":"LineString","coordinates":[[54.522916666665424,23.960416666666468],[54.522916666665424,23.964583333333174],[54.5145833333321,23.972916666666485],[54.51874999999876,23.977083333333148],[54.510416666665435,23.98541666666646],[54.5062499999988,23.98541666666646],[54.49791666666539,23.993749999999828]]}},{"type":"Feature","properties":{"HYRIV_ID":20865534,"NEXT_DOWN":20865871,"MAIN_RIV":20863275,"LENGTH_KM":3.37,"CATCH_SKM":14.12,"DIS_AV_CMS":0.002,"ORD_STRA":1,"ORD_FLOW":9},"geometry":{"type":"LineString","coordinates":[[55.65416666666539,23.960416666666468],[55.647916666665395,23.960416666666468],[55.64374999999873,23.964583333333174],[55.63958333333207,23.960416666666468],[55.631249999998744,23.960416666666468],[55.62708333333211,23.964583333333174]]}},{"type":"Feature","properties":{"HYRIV_ID":20865573,"NEXT_DOWN":20865295,"MAIN_RIV":20864436,"LENGTH_KM":4.3600001,"CATCH_SKM":15.69,"DIS_AV_CMS":0.0,"ORD_STRA":3,"ORD_FLOW":10},"geometry":{"type":"LineString","coordinates":[[54.24791666666536,23.956249999999805],[54.24791666666536,23.968749999999822],[54.25208333333211,23.972916666666485],[54.25208333333211,23.977083333333148],[54.239583333332064,23.989583333333165]]}},{"type":"Feature","properties":{"HYRIV_ID":20865574,"NEXT_DOWN":20865533,"MAIN_RIV":20863091,"LENGTH_KM":0.69,"CATCH_SKM":11.57,"DIS_AV_CMS":0.002,"ORD_STRA":1,"ORD_FLOW":9},"geometry":{"type":"LineString","coordinates":[[54.522916666665424,23.954166666666488],[54.522916666665424,23.960416666666468]]}},{"type":"Feature","properties":{"HYRIV_ID":20865575,"NEXT_DOWN":20865117,"MAIN_RIV":20863275,"LENGTH_KM":26.73,"CATCH_SKM":60.02,"DIS_AV_CMS":0.005,"ORD_STRA":1,"ORD_FLOW":9},"geometry":{"type":"LineString","coordinates":[[55.14999999999878,23.956249999999805],[55.14374999999879,23.956249999999805],[55.13958333333204,23.960416666666468],[55.12291666666542,23.960416666666468],[55.118749999998755,23.964583333333174],[55.10624999999871,23.964583333333174],[55.10208333333205,23.968749999999822],[55.097916666665384,23.968749999999822],[55.09374999999872,23.972916666666485],[55.08124999999876,23.972916666666485],[55.0770833333321,23.977083333333148],[55.06041666666536,23.977083333333148],[55.0562499999987,23.98124999999981],[55.052083333332064,23.977083333333148],[55.04374999999874,23.98541666666646],[55.039583333332075,23.98541666666646],[55.03541666666541,23.989583333333165],[55.01874999999879,23.989583333333165],[55.01041666666538,23.997916666666477],[54.993749999998755,23.997916666666477],[54.98958333333209,24.00208333333314],[54.98541666666543,24.00208333333314],[54.98124999999877,24.006249999999845],[54.972916666665384,23.997916666666477],[54.96874999999872,23.997916666666477],[54.96458333333206,24.00208333333314],[54.960416666665395,23.997916666666477],[54.95208333333207,24.006249999999845],[54.927083333332035,24.006249999999845]]}},{"type":"Feature","properties":{"HYRIV_ID":20865576,"NEXT_DOWN":20865801,"MAIN_RIV":20863275,"LENGTH_KM":1.91,"CATCH_SKM":14.32,"DIS_AV_CMS":0.003,"ORD_STRA":1,"ORD_FLOW":9},"geometry":{"type":"LineString","coordinates":[[55.31249999999872,23.956249999999805],[55.33124999999876,23.956249999999805]]}},{"type":"Feature","properties":{"HYRIV_ID":20865577,"NEXT_DOWN":20865801,"MAIN_RIV":20863275,"LENGTH_KM":29.639999,"CATCH_SKM":118.07,"DIS_AV_CMS":0.013,"ORD_STRA":1,"ORD_FLOW":8},"geometry":{"type":"LineString","coordinates":[[55.566666666665384,24.02083333333315],[55.56041666666539,24.014583333333157],[55.55624999999873,24.014583333333157],[55.552083333332064,24.010416666666494],[55.53124999999869,24.010416666666494],[55.52708333333203,24.006249999999845],[55.522916666665395,24.006249999999845],[55.51874999999873,24.00208333333314],[55.506249999998744,24.00208333333314],[55.50208333333208,23.997916666666477],[55.49374999999878,23.997916666666477],[55.489583333332035,24.00208333333314],[55.48124999999871,23.993749999999828],[55.47708333333205,23.993749999999828],[55.472916666665384,23.989583333333165],[55.472916666665384,23.98124999999981],[55.46874999999875,23.977083333333148],[55.45624999999876,23.977083333333148],[55.45208333333201,23.98124999999981],[55.443749999998715,23.98124999999981],[55.43541666666539,23.972916666666485],[55.43124999999873,23.972916666666485],[55.4229166666654,23.964583333333174],[55.41041666666544,23.964583333333174],[55.402083333332115,23.956249999999805],[55.39791666666537,23.960416666666468],[55.368749999998755,23.960416666666468],[55.36458333333212,23.956249999999805],[55.36041666666537,23.956249999999805],[55.35208333333205,23.964583333333174],[55.33958333333209,23.964583333333174],[55.33124999999876,23.956249999999805]]}},{"type":"Feature","properties":{"HYRIV_ID":20865655,"NEXT_DOWN":20865258,"MAIN_RIV":20864191,"LENGTH_KM":9.71,"CATCH_SKM":36.099998,"DIS_AV_CMS":0.002,"ORD_STRA":1,"ORD_FLOW":9},"geometry":{"type":"LineString","coordinates":[[54.14166666666543,23.947916666666494],[54.135416666665435,23.947916666666494],[54.12708333333211,23.956249999999805],[54.1187499999987,23.956249999999805],[54.114583333332064,23.960416666666468],[54.10624999999874,23.960416666666468],[54.102083333332075,23.964583333333174],[54.102083333332075,23.968749999999822],[54.089583333332115,23.98124999999981],[54.08124999999879,23.98124999999981],[54.07291666666546,23.989583333333165],[54.068749999998715,23.989583333333165]]}},{"type":"Feature","properties":{"HYRIV_ID":20865700,"NEXT_DOWN":20865294,"MAIN_RIV":20864436,"LENGTH_KM":6.1900001,"CATCH_SKM":21.389999,"DIS_AV_CMS":0.002,"ORD_STRA":1,"ORD_FLOW":9},"geometry":{"type":"LineString","coordinates":[[54.22083333333208,23.94166666666647],[54.227083333332075,23.947916666666494],[54.227083333332075,23.952083333333157],[54.22291666666541,23.956249999999805],[54.22291666666541,23.968749999999822],[54.21874999999878,23.972916666666485],[54.227083333332075,23.98124999999981],[54.227083333332075,23.98541666666646],[54.22291666666541,23.98541666666646]]}},{"type":"Feature","properties":{"HYRIV_ID":20865701,"NEXT_DOWN":20865728,"MAIN_RIV":20864436,"LENGTH_KM":7.25,"CATCH_SKM":23.15,"DIS_AV_CMS":0.002,"ORD_STRA":1,"ORD_FLOW":9},"geometry":{"type":"LineString","coordinates":[[54.43749999999875,23.94166666666647],[54.431249999998755,23.947916666666494],[54.42708333333212,23.947916666666494],[54.418749999998795,23.956249999999805],[54.41458333333213,23.956249999999805],[54.40624999999872,23.947916666666494],[54.39374999999876,23.947916666666494],[54.3895833333321,23.952083333333157],[54.385416666665435,23.952083333333157],[54.38124999999877,23.947916666666494]]}},{"type":"Feature","properties":{"HYRIV_ID":20865702,"NEXT_DOWN":20865445,"MAIN_RIV":20863091,"LENGTH_KM":7.1500001,"CATCH_SKM":16.870001,"DIS_AV_CMS":0.01,"ORD_STRA":2,"ORD_FLOW":8},"geometry":{"type":"LineString","coordinates":[[54.82291666666541,23.94374999999979],[54.81874999999877,23.947916666666494],[54.80624999999878,23.947916666666494],[54.80208333333212,23.952083333333157],[54.79374999999874,23.952083333333157],[54.78541666666541,23.960416666666468],[54.78124999999875,23.960416666666468],[54.77708333333209,23.964583333333174],[54.772916666665424,23.964583333333174],[54.76874999999876,23.968749999999822],[54.764583333332126,23.968749999999822]]}},{"type":"Feature","properties":{"HYRIV_ID":20865726,"NEXT_DOWN":20865573,"MAIN_RIV":20864436,"LENGTH_KM":2.25,"CATCH_SKM":16.09,"DIS_AV_CMS":0.002,"ORD_STRA":1,"ORD_FLOW":9},"geometry":{"type":"LineString","coordinates":[[54.24374999999873,23.937499999999808],[54.24374999999873,23.952083333333157],[54.24791666666536,23.956249999999805]]}},{"type":"Feature","properties":{"HYRIV_ID":20865727,"NEXT_DOWN":20865573,"MAIN_RIV":20864436,"LENGTH_KM":3.1900001,"CATCH_SKM":6.87,"DIS_AV_CMS":0.0,"ORD_STRA":3,"ORD_FLOW":10},"geometry":{"type":"LineString","coordinates":[[54.26874999999876,23.939583333333182],[54.2645833333321,23.94374999999979],[54.2645833333321,23.947916666666494],[54.260416666665435,23.952083333333157],[54.25208333333211,23.952083333333157],[54.24791666666536,23.956249999999805]]}},{"type":"Feature","properties":{"HYRIV_ID":20865728,"NEXT_DOWN":20865727,"MAIN_RIV":20864436,"LENGTH_KM":13.07,"CATCH_SKM":33.549999,"DIS_AV_CMS":0.0,"ORD_STRA":2,"ORD_FLOW":10},"geometry":{"type":"LineString","coordinates":[[54.38124999999877,23.947916666666494],[54.37708333333211,23.952083333333157],[54.36458333333215,23.952083333333157],[54.3604166666654,23.956249999999805],[54.35624999999874,23.956249999999805],[54.352083333332075,23.952083333333157],[54.306249999998755,23.952083333333157],[54.30208333333209,23.947916666666494],[54.29791666666546,23.952083333333157],[54.28958333333213,23.94374999999979],[54.272916666665424,23.94374999999979],[54.26874999999876,23.939583333333182]]}},{"type":"Feature","properties":{"HYRIV_ID":20865729,"NEXT_DOWN":20865412,"MAIN_RIV":20863091,"LENGTH_KM":7.23,"CATCH_SKM":22.76,"DIS_AV_CMS":0.0,"ORD_STRA":3,"ORD_FLOW":10},"geometry":{"type":"LineString","coordinates":[[54.73541666666543,23.939583333333182],[54.722916666665355,23.939583333333182],[54.71874999999869,23.94374999999979],[54.71874999999869,23.947916666666494],[54.710416666665395,23.947916666666494],[54.70624999999873,23.952083333333157],[54.70208333333207,23.952083333333157],[54.68958333333211,23.964583333333174],[54.693749999998744,23.968749999999822],[54.693749999998744,23.972916666666485]]}},{"type":"Feature","properties":{"HYRIV_ID":20865764,"NEXT_DOWN":20865258,"MAIN_RIV":20864191,"LENGTH_KM":6.8400002,"CATCH_SKM":14.52,"DIS_AV_CMS":0.0,"ORD_STRA":3,"ORD_FLOW":10},"geometry":{"type":"LineString","coordinates":[[54.07291666666546,23.935416666666477],[54.07291666666546,23.956249999999805],[54.068749999998715,23.960416666666468],[54.07291666666546,23.964583333333174],[54.07291666666546,23.972916666666485],[54.068749999998715,23.977083333333148],[54.068749999998715,23.98124999999981],[54.06458333333205,23.98541666666646],[54.068749999998715,23.989583333333165]]}},{"type":"Feature","properties":{"HYRIV_ID":20865765,"NEXT_DOWN":20865728,"MAIN_RIV":20864436,"LENGTH_KM":4.7399998,"CATCH_SKM":24.530001,"DIS_AV_CMS":0.003,"ORD_STRA":1,"ORD_FLOW":9},"geometry":{"type":"LineString","coordinates":[[54.4124999999988,23.933333333333145],[54.40624999999872,23.939583333333182],[54.38124999999877,23.939583333333182],[54.37708333333211,23.94374999999979],[54.38124999999877,23.947916666666494]]}},{"type":"Feature","properties":{"HYRIV_ID":20865766,"NEXT_DOWN":20865729,"MAIN_RIV":20863091,"LENGTH_KM":3.47,"CATCH_SKM":16.68,"DIS_AV_CMS":0.003,"ORD_STRA":1,"ORD_FLOW":9},"geometry":{"type":"LineString","coordinates":[[54.762499999998795,23.933333333333145],[54.756249999998715,23.939583333333182],[54.74374999999873,23.939583333333182],[54.73958333333209,23.935416666666477],[54.73541666666543,23.939583333333182]]}},{"type":"Feature","properties":{"HYRIV_ID":20865767,"NEXT_DOWN":20865702,"MAIN_RIV":20863091,"LENGTH_KM":1.5700001,"CATCH_SKM":13.54,"DIS_AV_CMS":0.002,"ORD_STRA":1,"ORD_FLOW":9},"geometry":{"type":"LineString","coordinates":[[54.81249999999878,23.933333333333145],[54.82291666666541,23.94374999999979]]}},{"type":"Feature","properties":{"HYRIV_ID":20865768,"NEXT_DOWN":20865702,"MAIN_RIV":20863091,"LENGTH_KM":3.37,"CATCH_SKM":7.85,"DIS_AV_CMS":0.011,"ORD_STRA":2,"ORD_FLOW":8},"geometry":{"type":"LineString","coordinates":[[54.85208333333202,23.935416666666477],[54.847916666665355,23.939583333333182],[54.82708333333207,23.939583333333182],[54.82291666666541,23.94374999999979]]}},{"type":"Feature","properties":{"HYRIV_ID":20865769,"NEXT_DOWN":20865835,"MAIN_RIV":20863275,"LENGTH_KM":27.440001,"CATCH_SKM":93.550003,"DIS_AV_CMS":0.011,"ORD_STRA":2,"ORD_FLOW":8},"geometry":{"type":"LineString","coordinates":[[55.66874999999877,24.02708333333313],[55.63958333333207,24.02708333333313],[55.631249999998744,24.01874999999982],[55.62708333333211,24.01874999999982],[55.61041666666537,24.00208333333314],[55.61041666666537,23.997916666666477],[55.60624999999871,23.993749999999828],[55.60624999999871,23.98541666666646],[55.602083333332075,23.98124999999981],[55.602083333332075,23.977083333333148],[55.59791666666541,23.972916666666485],[55.59374999999875,23.972916666666485],[55.585416666665424,23.98124999999981],[55.581249999998676,23.977083333333148],[55.539583333332104,23.977083333333148],[55.53541666666544,23.972916666666485],[55.52708333333203,23.972916666666485],[55.522916666665395,23.968749999999822],[55.51874999999873,23.968749999999822],[55.51458333333207,23.964583333333174],[55.49374999999878,23.964583333333174],[55.489583333332035,23.960416666666468],[55.489583333332035,23.956249999999805],[55.49374999999878,23.952083333333157],[55.49374999999878,23.947916666666494],[55.497916666665446,23.94374999999979],[55.497916666665446,23.939583333333182],[55.49374999999878,23.935416666666477],[55.48541666666537,23.935416666666477]]}},{"type":"Feature","properties":{"HYRIV_ID":20865799,"NEXT_DOWN":20865371,"MAIN_RIV":20865116,"LENGTH_KM":8.4300003,"CATCH_SKM":34.139999,"DIS_AV_CMS":0.002,"ORD_STRA":1,"ORD_FLOW":9},"geometry":{"type":"LineString","coordinates":[[54.039583333332104,23.929166666666497],[54.039583333332104,23.947916666666494],[54.03541666666547,23.952083333333157],[54.031249999998806,23.952083333333157],[54.02708333333214,23.956249999999805],[54.022916666665395,23.956249999999805],[54.01874999999873,23.960416666666468],[54.010416666665435,23.960416666666468],[54.00624999999877,23.964583333333174],[54.00208333333211,23.964583333333174],[53.99374999999878,23.972916666666485],[53.99374999999878,23.977083333333148]]}},{"type":"Feature","properties":{"HYRIV_ID":20865800,"NEXT_DOWN":20865149,"MAIN_RIV":20863091,"LENGTH_KM":15.73,"CATCH_SKM":46.689999,"DIS_AV_CMS":0.001,"ORD_STRA":1,"ORD_FLOW":9},"geometry":{"type":"LineString","coordinates":[[54.491666666665395,23.929166666666497],[54.4854166666654,23.935416666666477],[54.48124999999877,23.935416666666477],[54.47291666666544,23.94374999999979],[54.47291666666544,23.952083333333157],[54.477083333332104,23.956249999999805],[54.46874999999878,23.964583333333174],[54.456249999998704,23.964583333333174],[54.45208333333207,23.968749999999822],[54.43958333333208,23.968749999999822],[54.43541666666542,23.972916666666485],[54.431249999998755,23.972916666666485],[54.42708333333212,23.977083333333148],[54.42291666666546,23.977083333333148],[54.41458333333213,23.98541666666646],[54.40624999999872,23.98541666666646],[54.40208333333209,23.989583333333165],[54.397916666665424,23.989583333333165],[54.385416666665435,24.00208333333314]]}},{"type":"Feature","properties":{"HYRIV_ID":20865801,"NEXT_DOWN":20865868,"MAIN_RIV":20863275,"LENGTH_KM":3.11,"CATCH_SKM":5.4899998,"DIS_AV_CMS":0.015,"ORD_STRA":2,"ORD_FLOW":8},"geometry":{"type":"LineString","coordinates":[[55.33124999999876,23.956249999999805],[55.33124999999876,23.952083333333157],[55.33958333333209,23.94374999999979],[55.33958333333209,23.931249999999814]]}},{"type":"Feature","properties":{"HYRIV_ID":20865832,"NEXT_DOWN":20865764,"MAIN_RIV":20864191,"LENGTH_KM":2.53,"CATCH_SKM":4.3200002,"DIS_AV_CMS":0.002,"ORD_STRA":2,"ORD_FLOW":9},"geometry":{"type":"LineString","coordinates":[[54.09374999999875,23.927083333333165],[54.089583333332115,23.927083333333165],[54.08541666666545,23.931249999999814],[54.08124999999879,23.931249999999814],[54.077083333332126,23.935416666666477],[54.07291666666546,23.935416666666477]]}},{"type":"Feature","properties":{"HYRIV_ID":20865833,"NEXT_DOWN":20865117,"MAIN_RIV":20863275,"LENGTH_KM":37.169998,"CATCH_SKM":118.89,"DIS_AV_CMS":0.0,"ORD_STRA":3,"ORD_FLOW":10},"geometry":{"type":"LineString","coordinates":[[55.25208333333208,23.927083333333165],[55.15624999999878,23.927083333333165],[55.152083333332115,23.931249999999814],[55.10624999999871,23.931249999999814],[55.10208333333205,23.935416666666477],[55.097916666665384,23.935416666666477],[55.09374999999872,23.939583333333182],[55.085416666665395,23.939583333333182],[55.08124999999876,23.94374999999979],[55.0770833333321,23.94374999999979],[55.072916666665435,23.947916666666494],[55.06874999999877,23.947916666666494],[55.06458333333211,23.952083333333157],[55.0479166666654,23.952083333333157],[55.04374999999874,23.956249999999805],[55.03541666666541,23.956249999999805],[55.03124999999875,23.960416666666468],[55.01041666666538,23.960416666666468],[55.006249999998715,23.964583333333174],[54.99791666666542,23.964583333333174],[54.98541666666543,23.977083333333148],[54.972916666665384,23.977083333333148],[54.96874999999872,23.98124999999981],[54.960416666665395,23.98124999999981],[54.95624999999873,23.98541666666646],[54.95208333333207,23.98541666666646],[54.94374999999877,23.993749999999828],[54.935416666665446,23.993749999999828],[54.9312499999987,23.997916666666477],[54.9312499999987,24.00208333333314],[54.927083333332035,24.006249999999845]]}},{"type":"Feature","properties":{"HYRIV_ID":20865834,"NEXT_DOWN":20865833,"MAIN_RIV":20863275,"LENGTH_KM":2.98,"CATCH_SKM":18.83,"DIS_AV_CMS":0.003,"ORD_STRA":1,"ORD_FLOW":9},"geometry":{"type":"LineString","coordinates":[[55.23333333333204,23.94374999999979],[55.23958333333209,23.94374999999979],[55.25208333333208,23.931249999999814],[55.25208333333208,23.927083333333165]]}},{"type":"Feature","properties":{"HYRIV_ID":20865835,"NEXT_DOWN":20865868,"MAIN_RIV":20863275,"LENGTH_KM":17.48,"CATCH_SKM":53.560001,"DIS_AV_CMS":0.0,"ORD_STRA":3,"ORD_FLOW":10},"geometry":{"type":"LineString","coordinates":[[55.48541666666537,23.935416666666477],[55.48124999999871,23.935416666666477],[55.47708333333205,23.931249999999814],[55.472916666665384,23.935416666666477],[55.46874999999875,23.935416666666477],[55.46458333333209,23.931249999999814],[55.45208333333201,23.931249999999814],[55.44791666666535,23.935416666666477],[55.43958333333205,23.935416666666477],[55.43541666666539,23.939583333333182],[55.427083333332064,23.931249999999814],[55.41041666666544,23.931249999999814],[55.40624999999878,23.935416666666477],[55.402083333332115,23.931249999999814],[55.39791666666537,23.931249999999814],[55.39374999999873,23.927083333333165],[55.37708333333208,23.927083333333165],[55.368749999998755,23.935416666666477],[55.36458333333212,23.931249999999814],[55.33958333333209,23.931249999999814]]}},{"type":"Feature","properties":{"HYRIV_ID":20865865,"NEXT_DOWN":20865371,"MAIN_RIV":20865116,"LENGTH_KM":7.7600002,"CATCH_SKM":24.129999,"DIS_AV_CMS":0.0,"ORD_STRA":2,"ORD_FLOW":10},"geometry":{"type":"LineString","coordinates":[[54.00624999999877,23.922916666666502],[53.99374999999878,23.935416666666477],[53.99374999999878,23.939583333333182],[53.989583333332035,23.94374999999979],[53.989583333332035,23.947916666666494],[53.9854166666654,23.952083333333157],[53.98124999999874,23.952083333333157],[53.98124999999874,23.964583333333174],[53.99374999999878,23.977083333333148]]}},{"type":"Feature","properties":{"HYRIV_ID":20865866,"NEXT_DOWN":20865727,"MAIN_RIV":20864436,"LENGTH_KM":2.77,"CATCH_SKM":6.4699998,"DIS_AV_CMS":0.0,"ORD_STRA":3,"ORD_FLOW":10},"geometry":{"type":"LineString","coordinates":[[54.28541666666547,23.922916666666502],[54.28124999999872,23.927083333333165],[54.27708333333206,23.927083333333165],[54.26874999999876,23.935416666666477],[54.26874999999876,23.939583333333182]]}},{"type":"Feature","properties":{"HYRIV_ID":20865867,"NEXT_DOWN":20865533,"MAIN_RIV":20863091,"LENGTH_KM":18.959999,"CATCH_SKM":75.730003,"DIS_AV_CMS":0.008,"ORD_STRA":1,"ORD_FLOW":9},"geometry":{"type":"LineString","coordinates":[[54.683333333332115,23.931249999999814],[54.67708333333212,23.931249999999814],[54.67291666666546,23.935416666666477],[54.668749999998795,23.931249999999814],[54.6395833333321,23.931249999999814],[54.63541666666546,23.927083333333165],[54.6312499999988,23.927083333333165],[54.62708333333205,23.922916666666502],[54.61874999999873,23.922916666666502],[54.61041666666543,23.931249999999814],[54.59791666666544,23.931249999999814],[54.59374999999878,23.935416666666477],[54.58958333333203,23.935416666666477],[54.585416666665395,23.939583333333182],[54.58124999999873,23.939583333333182],[54.57708333333207,23.94374999999979],[54.53958333333205,23.94374999999979],[54.522916666665424,23.960416666666468]]}},{"type":"Feature","properties":{"HYRIV_ID":20865868,"NEXT_DOWN":20865833,"MAIN_RIV":20863275,"LENGTH_KM":9.5100002,"CATCH_SKM":49.84,"DIS_AV_CMS":0.0,"ORD_STRA":3,"ORD_FLOW":10},"geometry":{"type":"LineString","coordinates":[[55.33958333333209,23.931249999999814],[55.33124999999876,23.931249999999814],[55.3270833333321,23.927083333333165],[55.29374999999874,23.927083333333165],[55.289583333332104,23.922916666666502],[55.26041666666541,23.922916666666502],[55.256249999998744,23.927083333333165],[55.25208333333208,23.927083333333165]]}},{"type":"Feature","properties":{"HYRIV_ID":20865869,"NEXT_DOWN":20865901,"MAIN_RIV":20863275,"LENGTH_KM":3.55,"CATCH_SKM":17.26,"DIS_AV_CMS":0.003,"ORD_STRA":1,"ORD_FLOW":9},"geometry":{"type":"LineString","coordinates":[[55.53333333333211,23.945833333333162],[55.52708333333203,23.939583333333182],[55.522916666665395,23.939583333333182],[55.522916666665395,23.935416666666477],[55.51874999999873,23.931249999999814],[55.522916666665395,23.927083333333165],[55.522916666665395,23.922916666666502]]}},{"type":"Feature","properties":{"HYRIV_ID":20865870,"NEXT_DOWN":20865901,"MAIN_RIV":20863275,"LENGTH_KM":5.4699998,"CATCH_SKM":9.8100004,"DIS_AV_CMS":0.0,"ORD_STRA":3,"ORD_FLOW":10},"geometry":{"type":"LineString","coordinates":[[55.568749999998715,23.922916666666502],[55.56458333333205,23.922916666666502],[55.56041666666539,23.927083333333165],[55.552083333332064,23.927083333333165],[55.54791666666543,23.931249999999814],[55.54374999999877,23.927083333333165],[55.53541666666544,23.927083333333165],[55.53124999999869,23.922916666666502],[55.522916666665395,23.922916666666502]]}},{"type":"Feature","properties":{"HYRIV_ID":20865871,"NEXT_DOWN":20865870,"MAIN_RIV":20863275,"LENGTH_KM":8.75,"CATCH_SKM":21.969999,"DIS_AV_CMS":0.011,"ORD_STRA":2,"ORD_FLOW":8},"geometry":{"type":"LineString","coordinates":[[55.62708333333211,23.964583333333174],[55.622916666665446,23.960416666666468],[55.622916666665446,23.956249999999805],[55.61874999999878,23.952083333333157],[55.602083333332075,23.952083333333157],[55.59374999999875,23.94374999999979],[55.585416666665424,23.94374999999979],[55.581249999998676,23.939583333333182],[55.57708333333204,23.939583333333182],[55.57291666666538,23.935416666666477],[55.57291666666538,23.931249999999814],[55.568749999998715,23.927083333333165],[55.568749999998715,23.922916666666502]]}},{"type":"Feature","properties":{"HYRIV_ID":20865872,"NEXT_DOWN":20865902,"MAIN_RIV":20863275,"LENGTH_KM":2.57,"CATCH_SKM":18.25,"DIS_AV_CMS":0.003,"ORD_STRA":1,"ORD_FLOW":9},"geometry":{"type":"LineString","coordinates":[[55.70833333333201,23.931249999999814],[55.693749999998715,23.931249999999814],[55.68958333333205,23.927083333333165],[55.68958333333205,23.922916666666502]]}},{"type":"Feature","properties":{"HYRIV_ID":20865900,"NEXT_DOWN":20865768,"MAIN_RIV":20863091,"LENGTH_KM":2.6600001,"CATCH_SKM":15.31,"DIS_AV_CMS":0.003,"ORD_STRA":1,"ORD_FLOW":9},"geometry":{"type":"LineString","coordinates":[[54.8583333333321,23.91666666666648],[54.85208333333202,23.922916666666502],[54.85208333333202,23.927083333333165],[54.847916666665355,23.931249999999814],[54.85208333333202,23.935416666666477]]}},{"type":"Feature","properties":{"HYRIV_ID":20865901,"NEXT_DOWN":20865835,"MAIN_RIV":20863275,"LENGTH_KM":5.0900002,"CATCH_SKM":7.6500001,"DIS_AV_CMS":0.0,"ORD_STRA":3,"ORD_FLOW":10},"geometry":{"type":"LineString","coordinates":[[55.522916666665395,23.922916666666502],[55.51874999999873,23.922916666666502],[55.51458333333207,23.918749999999797],[55.50208333333208,23.918749999999797],[55.497916666665446,23.922916666666502],[55.497916666665446,23.927083333333165],[55.49374999999878,23.927083333333165],[55.48541666666537,23.935416666666477]]}},{"type":"Feature","properties":{"HYRIV_ID":20865902,"NEXT_DOWN":20865870,"MAIN_RIV":20863275,"LENGTH_KM":14.32,"CATCH_SKM":40.419998,"DIS_AV_CMS":0.0,"ORD_STRA":3,"ORD_FLOW":10},"geometry":{"type":"LineString","coordinates":[[55.68958333333205,23.922916666666502],[55.68541666666539,23.922916666666502],[55.68124999999873,23.918749999999797],[55.664583333332104,23.918749999999797],[55.660416666665355,23.922916666666502],[55.65624999999869,23.922916666666502],[55.65208333333206,23.927083333333165],[55.647916666665395,23.927083333333165],[55.64374999999873,23.931249999999814],[55.61874999999878,23.931249999999814],[55.614583333332035,23.927083333333165],[55.60624999999871,23.927083333333165],[55.602083333332075,23.931249999999814],[55.59374999999875,23.922916666666502],[55.58958333333209,23.922916666666502],[55.585416666665424,23.918749999999797],[55.57291666666538,23.918749999999797],[55.568749999998715,23.922916666666502]]}},{"type":"Feature","properties":{"HYRIV_ID":20865990,"NEXT_DOWN":20865445,"MAIN_RIV":20863091,"LENGTH_KM":38.259998,"CATCH_SKM":120.65,"DIS_AV_CMS":0.006,"ORD_STRA":1,"ORD_FLOW":9},"geometry":{"type":"LineString","coordinates":[[55.07916666666543,23.914583333333148],[55.072916666665435,23.914583333333148],[55.06874999999877,23.910416666666485],[55.06041666666536,23.910416666666485],[55.04374999999874,23.927083333333165],[55.03541666666541,23.927083333333165],[55.027083333332115,23.935416666666477],[55.027083333332115,23.939583333333182],[55.02291666666545,23.94374999999979],[54.993749999998755,23.94374999999979],[54.98958333333209,23.947916666666494],[54.98541666666543,23.947916666666494],[54.98124999999877,23.952083333333157],[54.96458333333206,23.952083333333157],[54.960416666665395,23.956249999999805],[54.94374999999877,23.956249999999805],[54.93958333333211,23.952083333333157],[54.9312499999987,23.952083333333157],[54.9229166666654,23.960416666666468],[54.88541666666538,23.960416666666468],[54.881249999998715,23.964583333333174],[54.85624999999877,23.964583333333174],[54.847916666665355,23.972916666666485],[54.83958333333206,23.972916666666485],[54.83541666666548,23.977083333333148],[54.82708333333207,23.977083333333148],[54.82291666666541,23.98124999999981],[54.810416666665446,23.98124999999981],[54.80624999999878,23.98541666666646],[54.80208333333212,23.98541666666646],[54.79791666666537,23.989583333333165],[54.77708333333209,23.989583333333165],[54.772916666665424,23.98541666666646],[54.772916666665424,23.98124999999981],[54.764583333332126,23.972916666666485],[54.764583333332126,23.968749999999822]]}},{"type":"Feature","properties":{"HYRIV_ID":20865991,"NEXT_DOWN":20865902,"MAIN_RIV":20863275,"LENGTH_KM":16.07,"CATCH_SKM":35.119999,"DIS_AV_CMS":0.016,"ORD_STRA":3,"ORD_FLOW":8},"geometry":{"type":"LineString","coordinates":[[55.81041666666542,23.947916666666494],[55.81041666666542,23.94374999999979],[55.806249999998755,23.939583333333182],[55.80208333333209,23.939583333333182],[55.79791666666543,23.935416666666477],[55.79374999999877,23.935416666666477],[55.78958333333202,23.931249999999814],[55.785416666665384,23.931249999999814],[55.77708333333206,23.922916666666502],[55.76874999999873,23.922916666666502],[55.76458333333207,23.927083333333165],[55.739583333332035,23.927083333333165],[55.73541666666537,23.922916666666502],[55.727083333332075,23.922916666666502],[55.72291666666541,23.927083333333165],[55.71041666666534,23.914583333333148],[55.706249999998704,23.914583333333148],[55.70208333333204,23.910416666666485],[55.69791666666538,23.914583333333148],[55.69791666666538,23.918749999999797],[55.693749999998715,23.922916666666502],[55.68958333333205,23.922916666666502]]}},{"type":"Feature","properties":{"HYRIV_ID":20866018,"NEXT_DOWN":20865866,"MAIN_RIV":20864436,"LENGTH_KM":7.0,"CATCH_SKM":20.02,"DIS_AV_CMS":0.0,"ORD_STRA":3,"ORD_FLOW":10},"geometry":{"type":"LineString","coordinates":[[54.34374999999878,23.906249999999822],[54.339583333332115,23.910416666666485],[54.339583333332115,23.914583333333148],[54.33541666666545,23.918749999999797],[54.331249999998704,23.918749999999797],[54.32708333333204,23.922916666666502],[54.28541666666547,23.922916666666502]]}},{"type":"Feature","properties":{"HYRIV_ID":20866019,"NEXT_DOWN":20865768,"MAIN_RIV":20863091,"LENGTH_KM":20.620001,"CATCH_SKM":84.18,"DIS_AV_CMS":0.009,"ORD_STRA":1,"ORD_FLOW":9},"geometry":{"type":"LineString","coordinates":[[55.02083333333212,23.906249999999822],[55.014583333332126,23.906249999999822],[55.00208333333208,23.918749999999797],[54.993749999998755,23.918749999999797],[54.98958333333209,23.922916666666502],[54.972916666665384,23.922916666666502],[54.960416666665395,23.910416666666485],[54.947916666665435,23.910416666666485],[54.935416666665446,23.922916666666502],[54.9229166666654,23.922916666666502],[54.91874999999874,23.918749999999797],[54.914583333332075,23.918749999999797],[54.91041666666541,23.922916666666502],[54.90208333333209,23.922916666666502],[54.89791666666545,23.927083333333165],[54.89374999999879,23.922916666666502],[54.889583333332126,23.922916666666502],[54.881249999998715,23.931249999999814],[54.87291666666539,23.931249999999814],[54.868749999998755,23.935416666666477],[54.85208333333202,23.935416666666477]]}},{"type":"Feature","properties":{"HYRIV_ID":20866097,"NEXT_DOWN":20865832,"MAIN_RIV":20864191,"LENGTH_KM":8.8599997,"CATCH_SKM":37.290001,"DIS_AV_CMS":0.002,"ORD_STRA":1,"ORD_FLOW":9},"geometry":{"type":"LineString","coordinates":[[54.154166666665475,23.895833333333137],[54.147916666665395,23.902083333333174],[54.14374999999873,23.902083333333174],[54.1395833333321,23.906249999999822],[54.1395833333321,23.914583333333148],[54.135416666665435,23.918749999999797],[54.135416666665435,23.922916666666502],[54.13124999999877,23.927083333333165],[54.12708333333211,23.927083333333165],[54.122916666665446,23.922916666666502],[54.1187499999987,23.922916666666502],[54.114583333332064,23.927083333333165],[54.09374999999875,23.927083333333165]]}},{"type":"Feature","properties":{"HYRIV_ID":20866098,"NEXT_DOWN":20866135,"MAIN_RIV":20864436,"LENGTH_KM":3.58,"CATCH_SKM":7.6500001,"DIS_AV_CMS":0.0,"ORD_STRA":3,"ORD_FLOW":10},"geometry":{"type":"LineString","coordinates":[[54.63541666666546,23.902083333333174],[54.62291666666539,23.902083333333174],[54.61874999999873,23.906249999999822],[54.614583333332064,23.906249999999822],[54.60624999999877,23.89791666666651]]}},{"type":"Feature","properties":{"HYRIV_ID":20866134,"NEXT_DOWN":20866261,"MAIN_RIV":20864436,"LENGTH_KM":4.9299998,"CATCH_SKM":20.209999,"DIS_AV_CMS":0.003,"ORD_STRA":1,"ORD_FLOW":9},"geometry":{"type":"LineString","coordinates":[[54.56666666666541,23.910416666666485],[54.58124999999873,23.910416666666485],[54.585416666665395,23.906249999999822],[54.59791666666544,23.906249999999822],[54.602083333332104,23.902083333333174],[54.602083333332104,23.893749999999805]]}},{"type":"Feature","properties":{"HYRIV_ID":20866135,"NEXT_DOWN":20866261,"MAIN_RIV":20864436,"LENGTH_KM":0.63,"CATCH_SKM":0.59,"DIS_AV_CMS":0.0,"ORD_STRA":3,"ORD_FLOW":10},"geometry":{"type":"LineString","coordinates":[[54.60624999999877,23.89791666666651],[54.602083333332104,23.893749999999805]]}},{"type":"Feature","properties":{"HYRIV_ID":20866171,"NEXT_DOWN":20866018,"MAIN_RIV":20864436,"LENGTH_KM":14.73,"CATCH_SKM":43.169998,"DIS_AV_CMS":0.0,"ORD_STRA":3,"ORD_FLOW":10},"geometry":{"type":"LineString","coordinates":[[54.464583333332115,23.889583333333157],[54.456249999998704,23.889583333333157],[54.45208333333207,23.893749999999805],[54.431249999998755,23.893749999999805],[54.418749999998795,23.906249999999822],[54.40624999999872,23.906249999999822],[54.40208333333209,23.910416666666485],[54.3895833333321,23.910416666666485],[54.385416666665435,23.914583333333148],[54.37708333333211,23.906249999999822],[54.37291666666539,23.910416666666485],[54.36458333333215,23.910416666666485],[54.3604166666654,23.914583333333148],[54.35624999999874,23.910416666666485],[54.34791666666544,23.910416666666485],[54.34374999999878,23.906249999999822]]}},{"type":"Feature","properties":{"HYRIV_ID":20866172,"NEXT_DOWN":20866098,"MAIN_RIV":20864436,"LENGTH_KM":8.6400003,"CATCH_SKM":27.870001,"DIS_AV_CMS":0.004,"ORD_STRA":1,"ORD_FLOW":9},"geometry":{"type":"LineString","coordinates":[[54.708333333332064,23.893749999999805],[54.70208333333207,23.893749999999805],[54.69791666666541,23.89791666666651],[54.68958333333211,23.889583333333157],[54.685416666665446,23.893749999999805],[54.67291666666546,23.893749999999805],[54.668749999998795,23.89791666666651],[54.66458333333205,23.89791666666651],[54.66041666666541,23.902083333333174],[54.63541666666546,23.902083333333174]]}},{"type":"Feature","properties":{"HYRIV_ID":20866173,"NEXT_DOWN":20866366,"MAIN_RIV":20863091,"LENGTH_KM":16.83,"CATCH_SKM":56.52,"DIS_AV_CMS":0.008,"ORD_STRA":1,"ORD_FLOW":9},"geometry":{"type":"LineString","coordinates":[[55.554166666665395,23.906249999999822],[55.54374999999877,23.906249999999822],[55.53541666666544,23.914583333333148],[55.53124999999869,23.910416666666485],[55.522916666665395,23.910416666666485],[55.51874999999873,23.906249999999822],[55.506249999998744,23.906249999999822],[55.50208333333208,23.902083333333174],[55.49374999999878,23.902083333333174],[55.489583333332035,23.89791666666651],[55.48541666666537,23.89791666666651],[55.48124999999871,23.893749999999805],[55.47708333333205,23.89791666666651],[55.472916666665384,23.893749999999805],[55.46874999999875,23.893749999999805],[55.46458333333209,23.89791666666651],[55.460416666665424,23.89791666666651],[55.45624999999876,23.893749999999805],[55.45208333333201,23.89791666666651],[55.443749999998715,23.89791666666651],[55.43958333333205,23.893749999999805],[55.43124999999873,23.893749999999805],[55.427083333332064,23.889583333333157],[55.4229166666654,23.889583333333157],[55.41874999999877,23.893749999999805]]}},{"type":"Feature","properties":{"HYRIV_ID":20866198,"NEXT_DOWN":20865486,"MAIN_RIV":20864191,"LENGTH_KM":9.79,"CATCH_SKM":29.24,"DIS_AV_CMS":0.0,"ORD_STRA":3,"ORD_FLOW":10},"geometry":{"type":"LineString","coordinates":[[54.18958333333208,23.885416666666494],[54.181249999998755,23.893749999999805],[54.181249999998755,23.902083333333174],[54.17708333333209,23.906249999999822],[54.17708333333209,23.922916666666502],[54.181249999998755,23.927083333333165],[54.181249999998755,23.94374999999979],[54.17708333333209,23.947916666666494],[54.17708333333209,23.952083333333157],[54.17291666666543,23.956249999999805],[54.17291666666543,23.964583333333174]]}},{"type":"Feature","properties":{"HYRIV_ID":20866228,"NEXT_DOWN":20866366,"MAIN_RIV":20863091,"LENGTH_KM":1.79,"CATCH_SKM":13.35,"DIS_AV_CMS":0.002,"ORD_STRA":1,"ORD_FLOW":9},"geometry":{"type":"LineString","coordinates":[[55.414583333332104,23.8791666666665],[55.414583333332104,23.885416666666494],[55.41874999999877,23.889583333333157],[55.41874999999877,23.893749999999805]]}},{"type":"Feature","properties":{"HYRIV_ID":20866260,"NEXT_DOWN":20866171,"MAIN_RIV":20864436,"LENGTH_KM":12.9,"CATCH_SKM":50.830002,"DIS_AV_CMS":0.0,"ORD_STRA":3,"ORD_FLOW":10},"geometry":{"type":"LineString","coordinates":[[54.585416666665395,23.877083333333182],[54.57708333333207,23.877083333333182],[54.57291666666541,23.88124999999983],[54.53958333333205,23.88124999999983],[54.535416666665384,23.885416666666494],[54.53124999999875,23.885416666666494],[54.52708333333209,23.889583333333157],[54.464583333332115,23.889583333333157]]}},{"type":"Feature","properties":{"HYRIV_ID":20866261,"NEXT_DOWN":20866260,"MAIN_RIV":20864436,"LENGTH_KM":2.51,"CATCH_SKM":3.9200001,"DIS_AV_CMS":0.0,"ORD_STRA":3,"ORD_FLOW":10},"geometry":{"type":"LineString","coordinates":[[54.602083333332104,23.893749999999805],[54.585416666665395,23.877083333333182]]}},{"type":"Feature","properties":{"HYRIV_ID":20866262,"NEXT_DOWN":20866712,"MAIN_RIV":20863091,"LENGTH_KM":15.58,"CATCH_SKM":40.43,"DIS_AV_CMS":0.006,"ORD_STRA":1,"ORD_FLOW":9},"geometry":{"type":"LineString","coordinates":[[55.74166666666537,23.912499999999817],[55.73541666666537,23.906249999999822],[55.71874999999875,23.906249999999822],[55.71041666666534,23.89791666666651],[55.706249999998704,23.89791666666651],[55.70208333333204,23.902083333333174],[55.69791666666538,23.89791666666651],[55.62708333333211,23.89791666666651],[55.622916666665446,23.893749999999805],[55.622916666665446,23.889583333333157],[55.614583333332035,23.88124999999983],[55.614583333332035,23.877083333333182]]}},{"type":"Feature","properties":{"HYRIV_ID":20866263,"NEXT_DOWN":20866712,"MAIN_RIV":20863091,"LENGTH_KM":2.96,"CATCH_SKM":19.24,"DIS_AV_CMS":0.003,"ORD_STRA":1,"ORD_FLOW":9},"geometry":{"type":"LineString","coordinates":[[55.6416666666654,23.88124999999983],[55.631249999998744,23.88124999999983],[55.62708333333211,23.877083333333182],[55.614583333332035,23.877083333333182]]}},{"type":"Feature","properties":{"HYRIV_ID":20866298,"NEXT_DOWN":20866198,"MAIN_RIV":20864191,"LENGTH_KM":6.9499998,"CATCH_SKM":14.33,"DIS_AV_CMS":0.0,"ORD_STRA":2,"ORD_FLOW":10},"geometry":{"type":"LineString","coordinates":[[54.24791666666536,23.872916666666477],[54.24374999999873,23.877083333333182],[54.2354166666654,23.877083333333182],[54.23124999999874,23.88124999999983],[54.214583333332115,23.88124999999983],[54.21041666666545,23.885416666666494],[54.20624999999879,23.885416666666494],[54.202083333332126,23.889583333333157],[54.193749999998744,23.889583333333157],[54.18958333333208,23.885416666666494]]}},{"type":"Feature","properties":{"HYRIV_ID":20866299,"NEXT_DOWN":20866171,"MAIN_RIV":20864436,"LENGTH_KM":2.5,"CATCH_SKM":16.1,"DIS_AV_CMS":0.002,"ORD_STRA":1,"ORD_FLOW":9},"geometry":{"type":"LineString","coordinates":[[54.47499999999877,23.870833333333145],[54.464583333332115,23.88124999999983],[54.464583333332115,23.889583333333157]]}},{"type":"Feature","properties":{"HYRIV_ID":20866331,"NEXT_DOWN":20865865,"MAIN_RIV":20865116,"LENGTH_KM":7.2399998,"CATCH_SKM":26.3,"DIS_AV_CMS":0.002,"ORD_STRA":1,"ORD_FLOW":9},"geometry":{"type":"LineString","coordinates":[[53.997916666665446,23.866666666666482],[53.997916666665446,23.872916666666477],[54.00624999999877,23.88124999999983],[54.00208333333211,23.885416666666494],[54.00208333333211,23.893749999999805],[53.997916666665446,23.89791666666651],[53.997916666665446,23.902083333333174],[54.00208333333211,23.906249999999822],[54.00208333333211,23.918749999999797],[54.00624999999877,23.922916666666502]]}},{"type":"Feature","properties":{"HYRIV_ID":20866332,"NEXT_DOWN":20865764,"MAIN_RIV":20864191,"LENGTH_KM":9.1499996,"CATCH_SKM":27.67,"DIS_AV_CMS":0.0,"ORD_STRA":3,"ORD_FLOW":10},"geometry":{"type":"LineString","coordinates":[[54.09374999999875,23.868749999999814],[54.089583333332115,23.872916666666477],[54.08541666666545,23.872916666666477],[54.07291666666546,23.885416666666494],[54.07291666666546,23.893749999999805],[54.077083333332126,23.89791666666651],[54.077083333332126,23.910416666666485],[54.068749999998715,23.918749999999797],[54.068749999998715,23.922916666666502],[54.07291666666546,23.927083333333165],[54.07291666666546,23.935416666666477]]}},{"type":"Feature","properties":{"HYRIV_ID":20866333,"NEXT_DOWN":20866332,"MAIN_RIV":20864191,"LENGTH_KM":0.64,"CATCH_SKM":11.39,"DIS_AV_CMS":0.001,"ORD_STRA":1,"ORD_FLOW":9},"geometry":{"type":"LineString","coordinates":[[54.099999999998744,23.868749999999814],[54.09374999999875,23.868749999999814]]}},{"type":"Feature","properties":{"HYRIV_ID":20866334,"NEXT_DOWN":20866298,"MAIN_RIV":20864191,"LENGTH_KM":0.63,"CATCH_SKM":0.39,"DIS_AV_CMS":0.0,"ORD_STRA":2,"ORD_FLOW":10},"geometry":{"type":"LineString","coordinates":[[54.25208333333211,23.868749999999814],[54.24791666666536,23.872916666666477]]}},{"type":"Feature","properties":{"HYRIV_ID":20866362,"NEXT_DOWN":20865832,"MAIN_RIV":20864191,"LENGTH_KM":10.08,"CATCH_SKM":30.82,"DIS_AV_CMS":0.002,"ORD_STRA":1,"ORD_FLOW":9},"geometry":{"type":"LineString","coordinates":[[54.14999999999873,23.86458333333315],[54.14374999999873,23.86458333333315],[54.1395833333321,23.868749999999814],[54.1395833333321,23.872916666666477],[54.135416666665435,23.877083333333182],[54.13124999999877,23.877083333333182],[54.114583333332064,23.893749999999805],[54.1104166666654,23.893749999999805],[54.09374999999875,23.910416666666485],[54.09374999999875,23.927083333333165]]}},{"type":"Feature","properties":{"HYRIV_ID":20866363,"NEXT_DOWN":20865729,"MAIN_RIV":20863091,"LENGTH_KM":42.290001,"CATCH_SKM":154.47,"DIS_AV_CMS":0.0,"ORD_STRA":3,"ORD_FLOW":10},"geometry":{"type":"LineString","coordinates":[[55.072916666665435,23.86458333333315],[55.02291666666545,23.86458333333315],[55.01874999999879,23.868749999999814],[55.006249999998715,23.868749999999814],[55.00208333333208,23.872916666666477],[54.993749999998755,23.872916666666477],[54.98958333333209,23.877083333333182],[54.98124999999877,23.877083333333182],[54.97708333333205,23.88124999999983],[54.972916666665384,23.88124999999983],[54.96458333333206,23.872916666666477],[54.95624999999873,23.872916666666477],[54.95208333333207,23.877083333333182],[54.935416666665446,23.877083333333182],[54.9312499999987,23.88124999999983],[54.914583333332075,23.88124999999983],[54.91041666666541,23.885416666666494],[54.89791666666545,23.885416666666494],[54.89374999999879,23.889583333333157],[54.881249999998715,23.889583333333157],[54.87708333333205,23.885416666666494],[54.87291666666539,23.885416666666494],[54.86458333333209,23.893749999999805],[54.85624999999877,23.893749999999805],[54.847916666665355,23.885416666666494],[54.84374999999872,23.885416666666494],[54.83958333333206,23.889583333333157],[54.82708333333207,23.889583333333157],[54.82291666666541,23.893749999999805],[54.81458333333211,23.893749999999805],[54.810416666665446,23.89791666666651],[54.80624999999878,23.89791666666651],[54.79374999999874,23.885416666666494],[54.772916666665424,23.885416666666494],[54.76041666666546,23.89791666666651],[54.76041666666546,23.902083333333174],[54.74791666666539,23.914583333333148],[54.74791666666539,23.922916666666502],[54.73541666666543,23.935416666666477],[54.73541666666543,23.939583333333182]]}},{"type":"Feature","properties":{"HYRIV_ID":20866364,"NEXT_DOWN":20866363,"MAIN_RIV":20863091,"LENGTH_KM":3.3800001,"CATCH_SKM":23.549999,"DIS_AV_CMS":0.004,"ORD_STRA":1,"ORD_FLOW":9},"geometry":{"type":"LineString","coordinates":[[55.10416666666538,23.868749999999814],[55.0770833333321,23.868749999999814],[55.072916666665435,23.86458333333315]]}},{"type":"Feature","properties":{"HYRIV_ID":20866365,"NEXT_DOWN":20866437,"MAIN_RIV":20863091,"LENGTH_KM":2.82,"CATCH_SKM":17.860001,"DIS_AV_CMS":0.003,"ORD_STRA":1,"ORD_FLOW":9},"geometry":{"type":"LineString","coordinates":[[55.258333333332075,23.88124999999983],[55.26458333333204,23.88124999999983],[55.268749999998704,23.877083333333182],[55.26458333333204,23.872916666666477],[55.26458333333204,23.86458333333315]]}},{"type":"Feature","properties":{"HYRIV_ID":20866366,"NEXT_DOWN":20866437,"MAIN_RIV":20863091,"LENGTH_KM":17.51,"CATCH_SKM":88.519997,"DIS_AV_CMS":0.016,"ORD_STRA":2,"ORD_FLOW":8},"geometry":{"type":"LineString","coordinates":[[55.41874999999877,23.893749999999805],[55.414583333332104,23.89791666666651],[55.40624999999878,23.89791666666651],[55.402083333332115,23.893749999999805],[55.39791666666537,23.893749999999805],[55.39374999999873,23.889583333333157],[55.368749999998755,23.889583333333157],[55.36458333333212,23.885416666666494],[55.33124999999876,23.885416666666494],[55.3270833333321,23.88124999999983],[55.31874999999869,23.88124999999983],[55.31458333333205,23.877083333333182],[55.31041666666539,23.877083333333182],[55.302083333332064,23.868749999999814],[55.29374999999874,23.868749999999814],[55.289583333332104,23.86458333333315],[55.26458333333204,23.86458333333315]]}},{"type":"Feature","properties":{"HYRIV_ID":20866398,"NEXT_DOWN":20866363,"MAIN_RIV":20863091,"LENGTH_KM":12.49,"CATCH_SKM":51.23,"DIS_AV_CMS":0.0,"ORD_STRA":3,"ORD_FLOW":10},"geometry":{"type":"LineString","coordinates":[[55.19374999999877,23.860416666666502],[55.0770833333321,23.860416666666502],[55.072916666665435,23.86458333333315]]}},{"type":"Feature","properties":{"HYRIV_ID":20866399,"NEXT_DOWN":20866398,"MAIN_RIV":20863091,"LENGTH_KM":1.41,"CATCH_SKM":11.97,"DIS_AV_CMS":0.002,"ORD_STRA":1,"ORD_FLOW":9},"geometry":{"type":"LineString","coordinates":[[55.19999999999877,23.870833333333145],[55.19374999999877,23.86458333333315],[55.19374999999877,23.860416666666502]]}},{"type":"Feature","properties":{"HYRIV_ID":20866400,"NEXT_DOWN":20866857,"MAIN_RIV":20864436,"LENGTH_KM":5.89,"CATCH_SKM":26.110001,"DIS_AV_CMS":0.004,"ORD_STRA":1,"ORD_FLOW":9},"geometry":{"type":"LineString","coordinates":[[55.72916666666541,23.88124999999983],[55.72291666666541,23.88124999999983],[55.71458333333209,23.872916666666477],[55.71041666666534,23.872916666666477],[55.706249999998704,23.868749999999814],[55.68958333333205,23.868749999999814],[55.68124999999873,23.860416666666502]]}},{"type":"Feature","properties":{"HYRIV_ID":20866435,"NEXT_DOWN":20866098,"MAIN_RIV":20864436,"LENGTH_KM":18.0,"CATCH_SKM":53.59,"DIS_AV_CMS":0.0,"ORD_STRA":3,"ORD_FLOW":10},"geometry":{"type":"LineString","coordinates":[[54.78124999999875,23.856249999999797],[54.76041666666546,23.856249999999797],[54.756249999998715,23.860416666666502],[54.74791666666539,23.860416666666502],[54.74374999999873,23.856249999999797],[54.73541666666543,23.86458333333315],[54.69791666666541,23.86458333333315],[54.693749999998744,23.868749999999814],[54.67291666666546,23.868749999999814],[54.668749999998795,23.872916666666477],[54.66458333333205,23.872916666666477],[54.65624999999875,23.88124999999983],[54.647916666665424,23.88124999999983],[54.64374999999876,23.885416666666494],[54.64374999999876,23.893749999999805],[54.63541666666546,23.902083333333174]]}},{"type":"Feature","properties":{"HYRIV_ID":20866436,"NEXT_DOWN":20866398,"MAIN_RIV":20863091,"LENGTH_KM":4.02,"CATCH_SKM":13.74,"DIS_AV_CMS":0.018,"ORD_STRA":3,"ORD_FLOW":8},"geometry":{"type":"LineString","coordinates":[[55.23124999999871,23.856249999999797],[55.20624999999876,23.856249999999797],[55.2020833333321,23.860416666666502],[55.19374999999877,23.860416666666502]]}},{"type":"Feature","properties":{"HYRIV_ID":20866437,"NEXT_DOWN":20866436,"MAIN_RIV":20863091,"LENGTH_KM":3.8,"CATCH_SKM":12.56,"DIS_AV_CMS":0.018,"ORD_STRA":2,"ORD_FLOW":8},"geometry":{"type":"LineString","coordinates":[[55.26458333333204,23.86458333333315],[55.26041666666541,23.86458333333315],[55.256249999998744,23.860416666666502],[55.23541666666537,23.860416666666502],[55.23124999999871,23.856249999999797]]}},{"type":"Feature","properties":{"HYRIV_ID":20866477,"NEXT_DOWN":20866135,"MAIN_RIV":20864436,"LENGTH_KM":7.0900002,"CATCH_SKM":17.08,"DIS_AV_CMS":0.011,"ORD_STRA":2,"ORD_FLOW":8},"geometry":{"type":"LineString","coordinates":[[54.64374999999876,23.852083333333134],[54.64374999999876,23.856249999999797],[54.63541666666546,23.86458333333315],[54.63541666666546,23.877083333333182],[54.6312499999988,23.88124999999983],[54.62708333333205,23.88124999999983],[54.614583333332064,23.893749999999805],[54.61041666666543,23.893749999999805],[54.60624999999877,23.89791666666651]]}},{"type":"Feature","properties":{"HYRIV_ID":20866478,"NEXT_DOWN":20866857,"MAIN_RIV":20864436,"LENGTH_KM":4.0100002,"CATCH_SKM":16.690001,"DIS_AV_CMS":0.003,"ORD_STRA":1,"ORD_FLOW":9},"geometry":{"type":"LineString","coordinates":[[55.71666666666542,23.852083333333134],[55.69791666666538,23.852083333333134],[55.693749999998715,23.856249999999797],[55.68541666666539,23.856249999999797],[55.68124999999873,23.860416666666502]]}},{"type":"Feature","properties":{"HYRIV_ID":20866515,"NEXT_DOWN":20866332,"MAIN_RIV":20864191,"LENGTH_KM":2.6500001,"CATCH_SKM":4.5100002,"DIS_AV_CMS":0.0,"ORD_STRA":3,"ORD_FLOW":10},"geometry":{"type":"LineString","coordinates":[[54.08541666666545,23.847916666666485],[54.09374999999875,23.856249999999797],[54.09374999999875,23.868749999999814]]}},{"type":"Feature","properties":{"HYRIV_ID":20866589,"NEXT_DOWN":20866334,"MAIN_RIV":20864191,"LENGTH_KM":3.97,"CATCH_SKM":19.440001,"DIS_AV_CMS":0.002,"ORD_STRA":1,"ORD_FLOW":9},"geometry":{"type":"LineString","coordinates":[[54.25624999999877,23.837499999999842],[54.25624999999877,23.852083333333134],[54.24791666666536,23.860416666666502],[54.25208333333211,23.86458333333315],[54.25208333333211,23.868749999999814]]}},{"type":"Feature","properties":{"HYRIV_ID":20866590,"NEXT_DOWN":20866591,"MAIN_RIV":20864436,"LENGTH_KM":1.26,"CATCH_SKM":17.469999,"DIS_AV_CMS":0.003,"ORD_STRA":1,"ORD_FLOW":9},"geometry":{"type":"LineString","coordinates":[[54.570833333332075,23.843749999999822],[54.57708333333207,23.843749999999822],[54.58124999999873,23.83958333333316]]}},{"type":"Feature","properties":{"HYRIV_ID":20866591,"NEXT_DOWN":20866260,"MAIN_RIV":20864436,"LENGTH_KM":6.4299998,"CATCH_SKM":22.18,"DIS_AV_CMS":0.0,"ORD_STRA":2,"ORD_FLOW":10},"geometry":{"type":"LineString","coordinates":[[54.58124999999873,23.83958333333316],[54.585416666665395,23.843749999999822],[54.59374999999878,23.843749999999822],[54.59791666666544,23.847916666666485],[54.59791666666544,23.852083333333134],[54.602083333332104,23.856249999999797],[54.602083333332104,23.860416666666502],[54.59374999999878,23.868749999999814],[54.59374999999878,23.872916666666477],[54.58958333333203,23.877083333333182],[54.585416666665395,23.877083333333182]]}},{"type":"Feature","properties":{"HYRIV_ID":20866622,"NEXT_DOWN":20866477,"MAIN_RIV":20864436,"LENGTH_KM":8.46,"CATCH_SKM":28.860001,"DIS_AV_CMS":0.004,"ORD_STRA":1,"ORD_FLOW":9},"geometry":{"type":"LineString","coordinates":[[54.708333333332064,23.83541666666651],[54.68958333333211,23.83541666666651],[54.685416666665446,23.83958333333316],[54.68124999999878,23.83958333333316],[54.67708333333212,23.843749999999822],[54.67708333333212,23.847916666666485],[54.67291666666546,23.852083333333134],[54.668749999998795,23.847916666666485],[54.66458333333205,23.847916666666485],[54.66041666666541,23.852083333333134],[54.65624999999875,23.852083333333134],[54.65208333333209,23.856249999999797],[54.647916666665424,23.852083333333134],[54.64374999999876,23.852083333333134]]}},{"type":"Feature","properties":{"HYRIV_ID":20866665,"NEXT_DOWN":20866298,"MAIN_RIV":20864191,"LENGTH_KM":13.95,"CATCH_SKM":47.32,"DIS_AV_CMS":0.0,"ORD_STRA":1,"ORD_FLOW":10},"geometry":{"type":"LineString","coordinates":[[54.34583333333211,23.829166666666474],[54.339583333332115,23.83541666666651],[54.331249999998704,23.83541666666651],[54.32708333333204,23.83958333333316],[54.32708333333204,23.847916666666485],[54.32291666666541,23.852083333333134],[54.30208333333209,23.852083333333134],[54.29791666666546,23.856249999999797],[54.29791666666546,23.860416666666502],[54.293749999998795,23.86458333333315],[54.293749999998795,23.868749999999814],[54.28958333333213,23.872916666666477],[54.27708333333206,23.872916666666477],[54.272916666665424,23.877083333333182],[54.26874999999876,23.877083333333182],[54.2645833333321,23.88124999999983],[54.25624999999877,23.88124999999983],[54.24791666666536,23.872916666666477]]}},{"type":"Feature","properties":{"HYRIV_ID":20866712,"NEXT_DOWN":20866436,"MAIN_RIV":20863091,"LENGTH_KM":47.200001,"CATCH_SKM":137.82001,"DIS_AV_CMS":0.007,"ORD_STRA":2,"ORD_FLOW":9},"geometry":{"type":"LineString","coordinates":[[55.614583333332035,23.877083333333182],[55.59791666666541,23.877083333333182],[55.58958333333209,23.868749999999814],[55.57291666666538,23.868749999999814],[55.568749999998715,23.872916666666477],[55.56458333333205,23.872916666666477],[55.56041666666539,23.868749999999814],[55.55624999999873,23.872916666666477],[55.552083333332064,23.872916666666477],[55.54791666666543,23.877083333333182],[55.539583333332104,23.868749999999814],[55.53541666666544,23.868749999999814],[55.52708333333203,23.860416666666502],[55.51874999999873,23.860416666666502],[55.51458333333207,23.856249999999797],[55.51041666666541,23.856249999999797],[55.506249999998744,23.852083333333134],[55.50208333333208,23.852083333333134],[55.497916666665446,23.856249999999797],[55.49374999999878,23.856249999999797],[55.489583333332035,23.860416666666502],[55.48541666666537,23.856249999999797],[55.47708333333205,23.86458333333315],[55.472916666665384,23.86458333333315],[55.46874999999875,23.860416666666502],[55.45624999999876,23.860416666666502],[55.45208333333201,23.856249999999797],[55.443749999998715,23.856249999999797],[55.43958333333205,23.852083333333134],[55.43541666666539,23.852083333333134],[55.43124999999873,23.856249999999797],[55.427083333332064,23.856249999999797],[55.4229166666654,23.852083333333134],[55.4229166666654,23.847916666666485],[55.41874999999877,23.843749999999822],[55.39374999999873,23.843749999999822],[55.38541666666541,23.83541666666651],[55.37708333333208,23.83541666666651],[55.37291666666542,23.83958333333316],[55.36041666666537,23.83958333333316],[55.35208333333205,23.831249999999805],[55.335416666665424,23.831249999999805],[55.33124999999876,23.83541666666651],[55.31874999999869,23.83541666666651],[55.31458333333205,23.831249999999805],[55.28541666666544,23.831249999999805],[55.28124999999878,23.827083333333142],[55.277083333332115,23.831249999999805],[55.26458333333204,23.831249999999805],[55.25208333333208,23.843749999999822],[55.24791666666542,23.843749999999822],[55.23541666666537,23.856249999999797],[55.23124999999871,23.856249999999797]]}},{"type":"Feature","properties":{"HYRIV_ID":20866751,"NEXT_DOWN":20866198,"MAIN_RIV":20864191,"LENGTH_KM":8.2700005,"CATCH_SKM":37.5,"DIS_AV_CMS":0.0,"ORD_STRA":2,"ORD_FLOW":10},"geometry":{"type":"LineString","coordinates":[[54.214583333332115,23.822916666666494],[54.214583333332115,23.831249999999805],[54.21041666666545,23.83541666666651],[54.21041666666545,23.83958333333316],[54.214583333332115,23.843749999999822],[54.202083333332126,23.856249999999797],[54.202083333332126,23.872916666666477],[54.18958333333208,23.885416666666494]]}},{"type":"Feature","properties":{"HYRIV_ID":20866752,"NEXT_DOWN":20866435,"MAIN_RIV":20864436,"LENGTH_KM":26.790001,"CATCH_SKM":105.04,"DIS_AV_CMS":0.0,"ORD_STRA":3,"ORD_FLOW":10},"geometry":{"type":"LineString","coordinates":[[54.99791666666542,23.822916666666494],[54.993749999998755,23.822916666666494],[54.98958333333209,23.827083333333142],[54.98541666666543,23.827083333333142],[54.98124999999877,23.831249999999805],[54.96874999999872,23.831249999999805],[54.96458333333206,23.827083333333142],[54.960416666665395,23.827083333333142],[54.95624999999873,23.831249999999805],[54.93958333333211,23.831249999999805],[54.935416666665446,23.83541666666651],[54.927083333332035,23.827083333333142],[54.91041666666541,23.827083333333142],[54.90624999999875,23.831249999999805],[54.889583333332126,23.831249999999805],[54.88541666666538,23.83541666666651],[54.881249999998715,23.83541666666651],[54.87708333333205,23.83958333333316],[54.868749999998755,23.83958333333316],[54.86041666666543,23.847916666666485],[54.85208333333202,23.847916666666485],[54.84374999999872,23.856249999999797],[54.84374999999872,23.860416666666502],[54.83958333333206,23.86458333333315],[54.83541666666548,23.860416666666502],[54.83124999999873,23.860416666666502],[54.82708333333207,23.856249999999797],[54.81874999999877,23.856249999999797],[54.81458333333211,23.852083333333134],[54.810416666665446,23.852083333333134],[54.80624999999878,23.847916666666485],[54.79791666666537,23.847916666666485],[54.789583333332075,23.856249999999797],[54.78124999999875,23.856249999999797]]}},{"type":"Feature","properties":{"HYRIV_ID":20866753,"NEXT_DOWN":20866752,"MAIN_RIV":20864436,"LENGTH_KM":3.0,"CATCH_SKM":15.9,"DIS_AV_CMS":0.003,"ORD_STRA":1,"ORD_FLOW":9},"geometry":{"type":"LineString","coordinates":[[55.02083333333212,23.831249999999805],[55.00208333333208,23.831249999999805],[54.99791666666542,23.827083333333142],[54.99791666666542,23.822916666666494]]}},{"type":"Feature","properties":{"HYRIV_ID":20866783,"NEXT_DOWN":20866515,"MAIN_RIV":20864191,"LENGTH_KM":10.1,"CATCH_SKM":39.080002,"DIS_AV_CMS":0.003,"ORD_STRA":1,"ORD_FLOW":9},"geometry":{"type":"LineString","coordinates":[[54.16666666666546,23.81874999999983],[54.16041666666547,23.81874999999983],[54.147916666665395,23.831249999999805],[54.13124999999877,23.831249999999805],[54.122916666665446,23.83958333333316],[54.1187499999987,23.83958333333316],[54.114583333332064,23.843749999999822],[54.1104166666654,23.843749999999822],[54.10624999999874,23.847916666666485],[54.102083333332075,23.843749999999822],[54.09374999999875,23.843749999999822],[54.089583333332115,23.847916666666485],[54.08541666666545,23.847916666666485]]}},{"type":"Feature","properties":{"HYRIV_ID":20866784,"NEXT_DOWN":20866591,"MAIN_RIV":20864436,"LENGTH_KM":2.81,"CATCH_SKM":4.52,"DIS_AV_CMS":0.0,"ORD_STRA":2,"ORD_FLOW":10},"geometry":{"type":"LineString","coordinates":[[54.585416666665395,23.81874999999983],[54.57708333333207,23.827083333333142],[54.57708333333207,23.83541666666651],[54.58124999999873,23.83958333333316]]}},{"type":"Feature","properties":{"HYRIV_ID":20866819,"NEXT_DOWN":20865865,"MAIN_RIV":20865116,"LENGTH_KM":15.45,"CATCH_SKM":54.970001,"DIS_AV_CMS":0.0,"ORD_STRA":1,"ORD_FLOW":10},"geometry":{"type":"LineString","coordinates":[[54.04374999999877,23.812499999999837],[54.04374999999877,23.81874999999983],[54.039583333332104,23.822916666666494],[54.039583333332104,23.827083333333142],[54.03541666666547,23.831249999999805],[54.03541666666547,23.856249999999797],[54.039583333332104,23.860416666666502],[54.039583333332104,23.868749999999814],[54.03541666666547,23.872916666666477],[54.02708333333214,23.872916666666477],[54.02708333333214,23.885416666666494],[54.022916666665395,23.889583333333157],[54.022916666665395,23.902083333333174],[54.02708333333214,23.906249999999822],[54.02708333333214,23.910416666666485],[54.01874999999873,23.918749999999797],[54.010416666665435,23.918749999999797],[54.00624999999877,23.922916666666502]]}},{"type":"Feature","properties":{"HYRIV_ID":20866820,"NEXT_DOWN":20866018,"MAIN_RIV":20864436,"LENGTH_KM":30.719999,"CATCH_SKM":95.610001,"DIS_AV_CMS":0.0,"ORD_STRA":1,"ORD_FLOW":10},"geometry":{"type":"LineString","coordinates":[[54.4541666666654,23.812499999999837],[54.443749999998744,23.822916666666494],[54.443749999998744,23.827083333333142],[54.43958333333208,23.831249999999805],[54.443749999998744,23.83541666666651],[54.44791666666541,23.83541666666651],[54.45208333333207,23.831249999999805],[54.49791666666539,23.831249999999805],[54.5062499999988,23.83958333333316],[54.50208333333205,23.843749999999822],[54.489583333332064,23.843749999999822],[54.4854166666654,23.847916666666485],[54.46874999999878,23.847916666666485],[54.464583333332115,23.852083333333134],[54.45208333333207,23.852083333333134],[54.443749999998744,23.860416666666502],[54.431249999998755,23.860416666666502],[54.42708333333212,23.86458333333315],[54.42291666666546,23.86458333333315],[54.418749999998795,23.868749999999814],[54.41458333333213,23.868749999999814],[54.41041666666547,23.872916666666477],[54.40624999999872,23.868749999999814],[54.40208333333209,23.868749999999814],[54.39374999999876,23.877083333333182],[54.385416666665435,23.877083333333182],[54.38124999999877,23.88124999999983],[54.37708333333211,23.88124999999983],[54.37291666666539,23.885416666666494],[54.3604166666654,23.885416666666494],[54.34374999999878,23.902083333333174],[54.34374999999878,23.906249999999822]]}},{"type":"Feature","properties":{"HYRIV_ID":20866856,"NEXT_DOWN":20866784,"MAIN_RIV":20864436,"LENGTH_KM":4.4299998,"CATCH_SKM":32.400002,"DIS_AV_CMS":0.005,"ORD_STRA":1,"ORD_FLOW":9},"geometry":{"type":"LineString","coordinates":[[54.545833333332126,23.81041666666652],[54.55624999999878,23.81041666666652],[54.56041666666542,23.814583333333168],[54.58124999999873,23.814583333333168],[54.585416666665395,23.81874999999983]]}},{"type":"Feature","properties":{"HYRIV_ID":20866857,"NEXT_DOWN":20867202,"MAIN_RIV":20864436,"LENGTH_KM":10.68,"CATCH_SKM":23.950001,"DIS_AV_CMS":0.009,"ORD_STRA":2,"ORD_FLOW":9},"geometry":{"type":"LineString","coordinates":[[55.68124999999873,23.860416666666502],[55.67291666666543,23.860416666666502],[55.664583333332104,23.852083333333134],[55.664583333332104,23.847916666666485],[55.65624999999869,23.83958333333316],[55.65208333333206,23.83958333333316],[55.64374999999873,23.831249999999805],[55.63958333333207,23.831249999999805],[55.63541666666541,23.83541666666651],[55.631249999998744,23.831249999999805],[55.622916666665446,23.831249999999805],[55.61874999999878,23.827083333333142],[55.61874999999878,23.814583333333168],[55.614583333332035,23.81041666666652]]}},{"type":"Feature","properties":{"HYRIV_ID":20866900,"NEXT_DOWN":20865866,"MAIN_RIV":20864436,"LENGTH_KM":24.110001,"CATCH_SKM":86.589996,"DIS_AV_CMS":0.0,"ORD_STRA":1,"ORD_FLOW":10},"geometry":{"type":"LineString","coordinates":[[54.44166666666541,23.804166666666482],[54.43541666666542,23.81041666666652],[54.418749999998795,23.81041666666652],[54.41458333333213,23.814583333333168],[54.40208333333209,23.814583333333168],[54.397916666665424,23.81874999999983],[54.39374999999876,23.81874999999983],[54.38124999999877,23.831249999999805],[54.38124999999877,23.83541666666651],[54.3604166666654,23.856249999999797],[54.35624999999874,23.856249999999797],[54.34791666666544,23.86458333333315],[54.331249999998704,23.86458333333315],[54.32708333333204,23.868749999999814],[54.32708333333204,23.88124999999983],[54.318749999998744,23.889583333333157],[54.31041666666542,23.889583333333157],[54.306249999998755,23.893749999999805],[54.30208333333209,23.893749999999805],[54.293749999998795,23.902083333333174],[54.28958333333213,23.902083333333174],[54.28541666666547,23.906249999999822],[54.28541666666547,23.910416666666485],[54.28124999999872,23.914583333333148],[54.28124999999872,23.918749999999797],[54.28541666666547,23.922916666666502]]}},{"type":"Feature","properties":{"HYRIV_ID":20866901,"NEXT_DOWN":20867016,"MAIN_RIV":20864436,"LENGTH_KM":0.64,"CATCH_SKM":10.41,"DIS_AV_CMS":0.002,"ORD_STRA":1,"ORD_FLOW":9},"geometry":{"type":"LineString","coordinates":[[55.22083333333205,23.806249999999814],[55.22708333333205,23.806249999999814]]}},{"type":"Feature","properties":{"HYRIV_ID":20866940,"NEXT_DOWN":20866477,"MAIN_RIV":20864436,"LENGTH_KM":11.22,"CATCH_SKM":30.629999,"DIS_AV_CMS":0.011,"ORD_STRA":2,"ORD_FLOW":8},"geometry":{"type":"LineString","coordinates":[[54.722916666665355,23.806249999999814],[54.71874999999869,23.806249999999814],[54.71458333333206,23.80208333333315],[54.710416666665395,23.806249999999814],[54.69791666666541,23.806249999999814],[54.693749999998744,23.81041666666652],[54.68124999999878,23.81041666666652],[54.67291666666546,23.81874999999983],[54.668749999998795,23.81874999999983],[54.647916666665424,23.83958333333316],[54.647916666665424,23.847916666666485],[54.64374999999876,23.852083333333134]]}},{"type":"Feature","properties":{"HYRIV_ID":20866941,"NEXT_DOWN":20867202,"MAIN_RIV":20864436,"LENGTH_KM":9.5299997,"CATCH_SKM":42.419998,"DIS_AV_CMS":0.007,"ORD_STRA":1,"ORD_FLOW":9},"geometry":{"type":"LineString","coordinates":[[55.691666666665384,23.814583333333168],[55.66874999999877,23.814583333333168],[55.664583333332104,23.81041666666652],[55.660416666665355,23.81041666666652],[55.65624999999869,23.806249999999814],[55.65208333333206,23.81041666666652],[55.64374999999873,23.81041666666652],[55.63958333333207,23.806249999999814],[55.631249999998744,23.806249999999814],[55.62708333333211,23.80208333333315],[55.61874999999878,23.80208333333315],[55.614583333332035,23.806249999999814],[55.614583333332035,23.81041666666652]]}},{"type":"Feature","properties":{"HYRIV_ID":20866970,"NEXT_DOWN":20866515,"MAIN_RIV":20864191,"LENGTH_KM":14.98,"CATCH_SKM":36.529999,"DIS_AV_CMS":0.0,"ORD_STRA":3,"ORD_FLOW":10},"geometry":{"type":"LineString","coordinates":[[54.14374999999873,23.797916666666502],[54.12708333333211,23.797916666666502],[54.1187499999987,23.806249999999814],[54.102083333332075,23.806249999999814],[54.09791666666541,23.81041666666652],[54.07291666666546,23.81041666666652],[54.056249999998755,23.827083333333142],[54.06041666666542,23.831249999999805],[54.06041666666542,23.83541666666651],[54.077083333332126,23.852083333333134],[54.08124999999879,23.852083333333134],[54.08541666666545,23.847916666666485]]}},{"type":"Feature","properties":{"HYRIV_ID":20866971,"NEXT_DOWN":20866940,"MAIN_RIV":20864436,"LENGTH_KM":10.98,"CATCH_SKM":49.3,"DIS_AV_CMS":0.007,"ORD_STRA":1,"ORD_FLOW":9},"geometry":{"type":"LineString","coordinates":[[54.820833333332075,23.80208333333315],[54.810416666665446,23.80208333333315],[54.80624999999878,23.797916666666502],[54.79791666666537,23.797916666666502],[54.79374999999874,23.80208333333315],[54.78124999999875,23.80208333333315],[54.77708333333209,23.806249999999814],[54.756249999998715,23.806249999999814],[54.75208333333205,23.81041666666652],[54.74374999999873,23.81041666666652],[54.73958333333209,23.806249999999814],[54.722916666665355,23.806249999999814]]}},{"type":"Feature","properties":{"HYRIV_ID":20866972,"NEXT_DOWN":20867017,"MAIN_RIV":20864436,"LENGTH_KM":34.439999,"CATCH_SKM":129.99001,"DIS_AV_CMS":0.012,"ORD_STRA":1,"ORD_FLOW":8},"geometry":{"type":"LineString","coordinates":[[55.59583333333208,23.862499999999834],[55.58958333333209,23.856249999999797],[55.585416666665424,23.856249999999797],[55.581249999998676,23.852083333333134],[55.57291666666538,23.852083333333134],[55.568749999998715,23.847916666666485],[55.568749999998715,23.843749999999822],[55.56458333333205,23.83958333333316],[55.54791666666543,23.83958333333316],[55.54374999999877,23.83541666666651],[55.52708333333203,23.83541666666651],[55.51874999999873,23.827083333333142],[55.51041666666541,23.83541666666651],[55.50208333333208,23.83541666666651],[55.49374999999878,23.827083333333142],[55.45208333333201,23.827083333333142],[55.44791666666535,23.822916666666494],[55.44791666666535,23.81874999999983],[55.443749999998715,23.814583333333168],[55.43958333333205,23.814583333333168],[55.43124999999873,23.806249999999814],[55.34374999999872,23.806249999999814],[55.33958333333209,23.81041666666652],[55.335416666665424,23.81041666666652],[55.33124999999876,23.814583333333168],[55.3270833333321,23.81041666666652],[55.3270833333321,23.80208333333315],[55.32291666666535,23.797916666666502],[55.31458333333205,23.797916666666502]]}},{"type":"Feature","properties":{"HYRIV_ID":20867015,"NEXT_DOWN":20866784,"MAIN_RIV":20864436,"LENGTH_KM":6.1500001,"CATCH_SKM":18.459999,"DIS_AV_CMS":0.0,"ORD_STRA":2,"ORD_FLOW":10},"geometry":{"type":"LineString","coordinates":[[54.6312499999988,23.79374999999984],[54.62708333333205,23.797916666666502],[54.61041666666543,23.797916666666502],[54.60624999999877,23.80208333333315],[54.602083333332104,23.80208333333315],[54.59791666666544,23.806249999999814],[54.59791666666544,23.81041666666652],[54.59374999999878,23.814583333333168],[54.58958333333203,23.814583333333168],[54.585416666665395,23.81874999999983]]}},{"type":"Feature","properties":{"HYRIV_ID":20867016,"NEXT_DOWN":20867128,"MAIN_RIV":20864436,"LENGTH_KM":1.55,"CATCH_SKM":2.95,"DIS_AV_CMS":0.005,"ORD_STRA":2,"ORD_FLOW":9},"geometry":{"type":"LineString","coordinates":[[55.22708333333205,23.806249999999814],[55.22708333333205,23.797916666666502],[55.222916666665384,23.79374999999984]]}},{"type":"Feature","properties":{"HYRIV_ID":20867017,"NEXT_DOWN":20867016,"MAIN_RIV":20864436,"LENGTH_KM":12.02,"CATCH_SKM":39.669998,"DIS_AV_CMS":0.006,"ORD_STRA":2,"ORD_FLOW":9},"geometry":{"type":"LineString","coordinates":[[55.31458333333205,23.797916666666502],[55.31041666666539,23.797916666666502],[55.30624999999873,23.80208333333315],[55.302083333332064,23.80208333333315],[55.2979166666654,23.797916666666502],[55.289583333332104,23.797916666666502],[55.28541666666544,23.79374999999984],[55.28124999999878,23.797916666666502],[55.277083333332115,23.79374999999984],[55.268749999998704,23.80208333333315],[55.26041666666541,23.80208333333315],[55.256249999998744,23.797916666666502],[55.24791666666542,23.797916666666502],[55.243749999998755,23.80208333333315],[55.243749999998755,23.806249999999814],[55.23541666666537,23.814583333333168],[55.22708333333205,23.806249999999814]]}},{"type":"Feature","properties":{"HYRIV_ID":20867057,"NEXT_DOWN":20866752,"MAIN_RIV":20864436,"LENGTH_KM":18.59,"CATCH_SKM":76.389999,"DIS_AV_CMS":0.0,"ORD_STRA":3,"ORD_FLOW":10},"geometry":{"type":"LineString","coordinates":[[55.164583333332075,23.789583333333134],[55.16041666666541,23.789583333333134],[55.15624999999878,23.79374999999984],[55.14374999999879,23.79374999999984],[55.13958333333204,23.797916666666502],[55.12708333333208,23.797916666666502],[55.12291666666542,23.80208333333315],[55.11041666666543,23.80208333333315],[55.10624999999871,23.806249999999814],[55.097916666665384,23.806249999999814],[55.09374999999872,23.81041666666652],[55.06041666666536,23.81041666666652],[55.0562499999987,23.814583333333168],[55.0479166666654,23.814583333333168],[55.04374999999874,23.81874999999983],[55.00208333333208,23.81874999999983],[54.99791666666542,23.822916666666494]]}},{"type":"Feature","properties":{"HYRIV_ID":20867058,"NEXT_DOWN":20867057,"MAIN_RIV":20864436,"LENGTH_KM":3.97,"CATCH_SKM":17.48,"DIS_AV_CMS":0.003,"ORD_STRA":1,"ORD_FLOW":9},"geometry":{"type":"LineString","coordinates":[[55.16874999999874,23.820833333333162],[55.16874999999874,23.81041666666652],[55.1729166666654,23.806249999999814],[55.16874999999874,23.80208333333315],[55.16874999999874,23.797916666666502],[55.164583333332075,23.79374999999984],[55.164583333332075,23.789583333333134]]}},{"type":"Feature","properties":{"HYRIV_ID":20867089,"NEXT_DOWN":20867015,"MAIN_RIV":20864436,"LENGTH_KM":0.93,"CATCH_SKM":4.3200002,"DIS_AV_CMS":0.0,"ORD_STRA":2,"ORD_FLOW":10},"geometry":{"type":"LineString","coordinates":[[54.6312499999988,23.785416666666485],[54.6312499999988,23.79374999999984]]}},{"type":"Feature","properties":{"HYRIV_ID":20867122,"NEXT_DOWN":20866970,"MAIN_RIV":20864191,"LENGTH_KM":2.61,"CATCH_SKM":5.1100001,"DIS_AV_CMS":0.002,"ORD_STRA":2,"ORD_FLOW":9},"geometry":{"type":"LineString","coordinates":[[54.13124999999877,23.781249999999822],[54.135416666665435,23.785416666666485],[54.1395833333321,23.785416666666485],[54.14374999999873,23.789583333333134],[54.14374999999873,23.797916666666502]]}},{"type":"Feature","properties":{"HYRIV_ID":20867123,"NEXT_DOWN":20867089,"MAIN_RIV":20864436,"LENGTH_KM":2.54,"CATCH_SKM":17.68,"DIS_AV_CMS":0.003,"ORD_STRA":1,"ORD_FLOW":9},"geometry":{"type":"LineString","coordinates":[[54.6083333333321,23.781249999999822],[54.62708333333205,23.781249999999822],[54.6312499999988,23.785416666666485]]}},{"type":"Feature","properties":{"HYRIV_ID":20867124,"NEXT_DOWN":20867015,"MAIN_RIV":20864436,"LENGTH_KM":6.64,"CATCH_SKM":30.450001,"DIS_AV_CMS":0.005,"ORD_STRA":1,"ORD_FLOW":9},"geometry":{"type":"LineString","coordinates":[[54.68749999999878,23.787499999999802],[54.68124999999878,23.781249999999822],[54.65624999999875,23.781249999999822],[54.647916666665424,23.789583333333134],[54.64374999999876,23.789583333333134],[54.6395833333321,23.79374999999984],[54.6312499999988,23.79374999999984]]}},{"type":"Feature","properties":{"HYRIV_ID":20867125,"NEXT_DOWN":20867282,"MAIN_RIV":20864436,"LENGTH_KM":1.5700001,"CATCH_SKM":13.16,"DIS_AV_CMS":0.002,"ORD_STRA":1,"ORD_FLOW":9},"geometry":{"type":"LineString","coordinates":[[55.02916666666542,23.791666666666465],[55.039583333332075,23.781249999999822]]}},{"type":"Feature","properties":{"HYRIV_ID":20867126,"NEXT_DOWN":20867282,"MAIN_RIV":20864436,"LENGTH_KM":2.32,"CATCH_SKM":14.93,"DIS_AV_CMS":0.003,"ORD_STRA":1,"ORD_FLOW":9},"geometry":{"type":"LineString","coordinates":[[55.05833333333203,23.789583333333134],[55.0479166666654,23.789583333333134],[55.039583333332075,23.781249999999822]]}},{"type":"Feature","properties":{"HYRIV_ID":20867127,"NEXT_DOWN":20867057,"MAIN_RIV":20864436,"LENGTH_KM":2.95,"CATCH_SKM":15.32,"DIS_AV_CMS":0.0,"ORD_STRA":3,"ORD_FLOW":10},"geometry":{"type":"LineString","coordinates":[[55.189583333332024,23.781249999999822],[55.18541666666539,23.781249999999822],[55.18124999999873,23.785416666666485],[55.177083333332064,23.785416666666485],[55.1729166666654,23.789583333333134],[55.164583333332075,23.789583333333134]]}},{"type":"Feature","properties":{"HYRIV_ID":20867128,"NEXT_DOWN":20867127,"MAIN_RIV":20864436,"LENGTH_KM":4.2600002,"CATCH_SKM":9.04,"DIS_AV_CMS":0.004,"ORD_STRA":2,"ORD_FLOW":9},"geometry":{"type":"LineString","coordinates":[[55.222916666665384,23.79374999999984],[55.21874999999872,23.789583333333134],[55.21874999999872,23.785416666666485],[55.21458333333206,23.781249999999822],[55.189583333332024,23.781249999999822]]}},{"type":"Feature","properties":{"HYRIV_ID":20867200,"NEXT_DOWN":20867122,"MAIN_RIV":20864191,"LENGTH_KM":1.51,"CATCH_SKM":1.5700001,"DIS_AV_CMS":0.004,"ORD_STRA":2,"ORD_FLOW":9},"geometry":{"type":"LineString","coordinates":[[54.122916666665446,23.772916666666497],[54.122916666665446,23.77708333333316],[54.12708333333211,23.781249999999822],[54.13124999999877,23.781249999999822]]}},{"type":"Feature","properties":{"HYRIV_ID":20867201,"NEXT_DOWN":20866751,"MAIN_RIV":20864191,"LENGTH_KM":13.81,"CATCH_SKM":48.119999,"DIS_AV_CMS":0.0,"ORD_STRA":2,"ORD_FLOW":10},"geometry":{"type":"LineString","coordinates":[[54.31458333333208,23.772916666666497],[54.31041666666542,23.77708333333316],[54.306249999998755,23.77708333333316],[54.30208333333209,23.781249999999822],[54.30208333333209,23.785416666666485],[54.29791666666546,23.789583333333134],[54.272916666665424,23.789583333333134],[54.2645833333321,23.797916666666502],[54.260416666665435,23.797916666666502],[54.25624999999877,23.80208333333315],[54.25208333333211,23.80208333333315],[54.24791666666536,23.797916666666502],[54.239583333332064,23.797916666666502],[54.23124999999874,23.806249999999814],[54.227083333332075,23.806249999999814],[54.22291666666541,23.81041666666652],[54.21874999999878,23.81041666666652],[54.21874999999878,23.81874999999983],[54.214583333332115,23.822916666666494]]}},{"type":"Feature","properties":{"HYRIV_ID":20867202,"NEXT_DOWN":20867017,"MAIN_RIV":20864436,"LENGTH_KM":39.32,"CATCH_SKM":136.71001,"DIS_AV_CMS":0.008,"ORD_STRA":2,"ORD_FLOW":9},"geometry":{"type":"LineString","coordinates":[[55.614583333332035,23.81041666666652],[55.61041666666537,23.81041666666652],[55.60624999999871,23.806249999999814],[55.59374999999875,23.806249999999814],[55.58958333333209,23.80208333333315],[55.585416666665424,23.806249999999814],[55.581249999998676,23.806249999999814],[55.581249999998676,23.80208333333315],[55.57708333333204,23.797916666666502],[55.568749999998715,23.797916666666502],[55.56458333333205,23.80208333333315],[55.54374999999877,23.80208333333315],[55.539583333332104,23.797916666666502],[55.53541666666544,23.797916666666502],[55.53124999999869,23.79374999999984],[55.52708333333203,23.79374999999984],[55.506249999998744,23.772916666666497],[55.50208333333208,23.77708333333316],[55.497916666665446,23.77708333333316],[55.49374999999878,23.781249999999822],[55.45624999999876,23.781249999999822],[55.45208333333201,23.77708333333316],[55.44791666666535,23.781249999999822],[55.43124999999873,23.781249999999822],[55.427083333332064,23.785416666666485],[55.4229166666654,23.785416666666485],[55.41874999999877,23.789583333333134],[55.414583333332104,23.789583333333134],[55.41041666666544,23.785416666666485],[55.41041666666544,23.77708333333316],[55.40624999999878,23.772916666666497],[55.38541666666541,23.772916666666497],[55.381249999998744,23.77708333333316],[55.36458333333212,23.77708333333316],[55.36041666666537,23.772916666666497],[55.35624999999871,23.77708333333316],[55.31874999999869,23.77708333333316],[55.31041666666539,23.785416666666485],[55.31874999999869,23.79374999999984],[55.31458333333205,23.797916666666502]]}},{"type":"Feature","properties":{"HYRIV_ID":20867238,"NEXT_DOWN":20866940,"MAIN_RIV":20864436,"LENGTH_KM":10.18,"CATCH_SKM":39.48,"DIS_AV_CMS":0.006,"ORD_STRA":1,"ORD_FLOW":9},"geometry":{"type":"LineString","coordinates":[[54.79583333333204,23.768749999999848],[54.772916666665424,23.768749999999848],[54.76874999999876,23.772916666666497],[54.764583333332126,23.772916666666497],[54.76041666666546,23.768749999999848],[54.756249999998715,23.768749999999848],[54.74374999999873,23.781249999999822],[54.73958333333209,23.781249999999822],[54.727083333332104,23.79374999999984],[54.727083333332104,23.797916666666502],[54.722916666665355,23.80208333333315],[54.722916666665355,23.806249999999814]]}},{"type":"Feature","properties":{"HYRIV_ID":20867281,"NEXT_DOWN":20867504,"MAIN_RIV":20867647,"LENGTH_KM":3.28,"CATCH_SKM":18.27,"DIS_AV_CMS":0.003,"ORD_STRA":1,"ORD_FLOW":9},"geometry":{"type":"LineString","coordinates":[[54.53333333333208,23.785416666666485],[54.53958333333205,23.785416666666485],[54.543749999998795,23.781249999999822],[54.543749999998795,23.768749999999848],[54.54791666666546,23.764583333333142]]}},{"type":"Feature","properties":{"HYRIV_ID":20867282,"NEXT_DOWN":20866435,"MAIN_RIV":20864436,"LENGTH_KM":33.880001,"CATCH_SKM":107.24,"DIS_AV_CMS":0.005,"ORD_STRA":2,"ORD_FLOW":9},"geometry":{"type":"LineString","coordinates":[[55.039583333332075,23.781249999999822],[55.039583333332075,23.768749999999848],[55.03541666666541,23.764583333333142],[55.02291666666545,23.764583333333142],[55.01874999999879,23.768749999999848],[54.99791666666542,23.768749999999848],[54.993749999998755,23.772916666666497],[54.98958333333209,23.772916666666497],[54.98541666666543,23.77708333333316],[54.96458333333206,23.77708333333316],[54.960416666665395,23.781249999999822],[54.95208333333207,23.781249999999822],[54.947916666665435,23.785416666666485],[54.94374999999877,23.785416666666485],[54.93958333333211,23.789583333333134],[54.90624999999875,23.789583333333134],[54.90208333333209,23.79374999999984],[54.89791666666545,23.79374999999984],[54.889583333332126,23.80208333333315],[54.881249999998715,23.80208333333315],[54.87708333333205,23.806249999999814],[54.86458333333209,23.806249999999814],[54.86041666666543,23.81041666666652],[54.847916666665355,23.81041666666652],[54.84374999999872,23.814583333333168],[54.83541666666548,23.814583333333168],[54.82708333333207,23.822916666666494],[54.82291666666541,23.81874999999983],[54.81874999999877,23.81874999999983],[54.81458333333211,23.822916666666494],[54.80624999999878,23.822916666666494],[54.79791666666537,23.831249999999805],[54.79374999999874,23.831249999999805],[54.78124999999875,23.843749999999822],[54.78124999999875,23.847916666666485],[54.78541666666541,23.852083333333134],[54.78124999999875,23.856249999999797]]}},{"type":"Feature","properties":{"HYRIV_ID":20867283,"NEXT_DOWN":20867904,"MAIN_RIV":20869555,"LENGTH_KM":4.8800001,"CATCH_SKM":13.75,"DIS_AV_CMS":0.026,"ORD_STRA":3,"ORD_FLOW":8},"geometry":{"type":"LineString","coordinates":[[55.73124999999874,23.789583333333134],[55.71874999999875,23.789583333333134],[55.69791666666538,23.768749999999848],[55.69791666666538,23.764583333333142]]}},{"type":"Feature","properties":{"HYRIV_ID":20867331,"NEXT_DOWN":20867504,"MAIN_RIV":20867647,"LENGTH_KM":1.6900001,"CATCH_SKM":12.97,"DIS_AV_CMS":0.002,"ORD_STRA":1,"ORD_FLOW":9},"geometry":{"type":"LineString","coordinates":[[54.53333333333208,23.76041666666648],[54.543749999998795,23.76041666666648],[54.54791666666546,23.764583333333142]]}},{"type":"Feature","properties":{"HYRIV_ID":20867332,"NEXT_DOWN":20867904,"MAIN_RIV":20869555,"LENGTH_KM":8.3500004,"CATCH_SKM":27.110001,"DIS_AV_CMS":0.004,"ORD_STRA":1,"ORD_FLOW":9},"geometry":{"type":"LineString","coordinates":[[55.758333333332104,23.79583333333317],[55.75208333333211,23.789583333333134],[55.747916666665446,23.789583333333134],[55.7437499999987,23.785416666666485],[55.7437499999987,23.781249999999822],[55.73541666666537,23.772916666666497],[55.73124999999874,23.772916666666497],[55.727083333332075,23.768749999999848],[55.71458333333209,23.768749999999848],[55.71041666666534,23.764583333333142],[55.706249999998704,23.764583333333142],[55.70208333333204,23.76041666666648],[55.69791666666538,23.764583333333142]]}},{"type":"Feature","properties":{"HYRIV_ID":20867370,"NEXT_DOWN":20866334,"MAIN_RIV":20864191,"LENGTH_KM":27.76,"CATCH_SKM":87.800003,"DIS_AV_CMS":0.0,"ORD_STRA":1,"ORD_FLOW":10},"geometry":{"type":"LineString","coordinates":[[54.43333333333209,23.7541666666665],[54.418749999998795,23.768749999999848],[54.41041666666547,23.768749999999848],[54.40208333333209,23.76041666666648],[54.39374999999876,23.76041666666648],[54.3895833333321,23.764583333333142],[54.385416666665435,23.764583333333142],[54.38124999999877,23.768749999999848],[54.37291666666539,23.768749999999848],[54.35624999999874,23.785416666666485],[54.352083333332075,23.785416666666485],[54.34791666666544,23.781249999999822],[54.34374999999878,23.785416666666485],[54.331249999998704,23.785416666666485],[54.318749999998744,23.797916666666502],[54.318749999998744,23.814583333333168],[54.31458333333208,23.81874999999983],[54.31458333333208,23.827083333333142],[54.31041666666542,23.831249999999805],[54.31041666666542,23.83541666666651],[54.306249999998755,23.83958333333316],[54.29791666666546,23.83958333333316],[54.293749999998795,23.843749999999822],[54.28958333333213,23.83958333333316],[54.28124999999872,23.847916666666485],[54.28124999999872,23.852083333333134],[54.272916666665424,23.860416666666502],[54.26874999999876,23.860416666666502],[54.2645833333321,23.86458333333315],[54.25624999999877,23.86458333333315],[54.25208333333211,23.868749999999814]]}},{"type":"Feature","properties":{"HYRIV_ID":20867371,"NEXT_DOWN":20867680,"MAIN_RIV":20864436,"LENGTH_KM":6.9499998,"CATCH_SKM":25.139999,"DIS_AV_CMS":0.004,"ORD_STRA":1,"ORD_FLOW":9},"geometry":{"type":"LineString","coordinates":[[55.62499999999878,23.77916666666649],[55.61874999999878,23.785416666666485],[55.614583333332035,23.781249999999822],[55.61041666666537,23.781249999999822],[55.60624999999871,23.77708333333316],[55.602083333332075,23.77708333333316],[55.59791666666541,23.781249999999822],[55.58958333333209,23.772916666666497],[55.58958333333209,23.76041666666648],[55.585416666665424,23.75624999999983]]}},{"type":"Feature","properties":{"HYRIV_ID":20867414,"NEXT_DOWN":20866197,"MAIN_RIV":20864747,"LENGTH_KM":22.68,"CATCH_SKM":74.050003,"DIS_AV_CMS":0.0,"ORD_STRA":1,"ORD_FLOW":10},"geometry":{"type":"LineString","coordinates":[[54.04791666666543,23.749999999999794],[54.04791666666543,23.75624999999983],[54.056249999998755,23.764583333333142],[54.056249999998755,23.768749999999848],[54.04791666666543,23.77708333333316],[54.039583333332104,23.77708333333316],[54.03541666666547,23.781249999999822],[54.01874999999873,23.781249999999822],[54.00624999999877,23.79374999999984],[54.00208333333211,23.79374999999984],[54.00208333333211,23.797916666666502],[53.997916666665446,23.80208333333315],[53.997916666665446,23.822916666666494],[53.99374999999878,23.827083333333142],[53.99374999999878,23.831249999999805],[53.989583333332035,23.83541666666651],[53.989583333332035,23.847916666666485],[53.9854166666654,23.852083333333134],[53.98124999999874,23.852083333333134],[53.97291666666541,23.860416666666502],[53.977083333332075,23.86458333333315],[53.97291666666541,23.868749999999814],[53.97291666666541,23.877083333333182],[53.96458333333209,23.885416666666494],[53.952083333332126,23.885416666666494]]}},{"type":"Feature","properties":{"HYRIV_ID":20867415,"NEXT_DOWN":20867680,"MAIN_RIV":20864436,"LENGTH_KM":8.5299997,"CATCH_SKM":28.49,"DIS_AV_CMS":0.004,"ORD_STRA":1,"ORD_FLOW":9},"geometry":{"type":"LineString","coordinates":[[55.65416666666539,23.758333333333162],[55.647916666665395,23.764583333333142],[55.64374999999873,23.764583333333142],[55.63958333333207,23.76041666666648],[55.63541666666541,23.764583333333142],[55.62708333333211,23.764583333333142],[55.61874999999878,23.75624999999983],[55.60624999999871,23.75624999999983],[55.602083333332075,23.752083333333168],[55.59791666666541,23.752083333333168],[55.59374999999875,23.75624999999983],[55.585416666665424,23.75624999999983]]}},{"type":"Feature","properties":{"HYRIV_ID":20867459,"NEXT_DOWN":20867200,"MAIN_RIV":20864191,"LENGTH_KM":7.54,"CATCH_SKM":33.200001,"DIS_AV_CMS":0.003,"ORD_STRA":1,"ORD_FLOW":9},"geometry":{"type":"LineString","coordinates":[[54.08333333333212,23.745833333333188],[54.089583333332115,23.752083333333168],[54.089583333332115,23.75624999999983],[54.09791666666541,23.764583333333142],[54.09791666666541,23.768749999999848],[54.09374999999875,23.772916666666497],[54.09791666666541,23.77708333333316],[54.10624999999874,23.77708333333316],[54.114583333332064,23.768749999999848],[54.1187499999987,23.768749999999848],[54.122916666665446,23.772916666666497]]}},{"type":"Feature","properties":{"HYRIV_ID":20867460,"NEXT_DOWN":20866751,"MAIN_RIV":20864191,"LENGTH_KM":16.040001,"CATCH_SKM":48.130001,"DIS_AV_CMS":0.0,"ORD_STRA":1,"ORD_FLOW":10},"geometry":{"type":"LineString","coordinates":[[54.28124999999872,23.745833333333188],[54.28124999999872,23.752083333333168],[54.27708333333206,23.75624999999983],[54.272916666665424,23.75624999999983],[54.26874999999876,23.76041666666648],[54.2645833333321,23.75624999999983],[54.25624999999877,23.75624999999983],[54.24791666666536,23.764583333333142],[54.239583333332064,23.764583333333142],[54.2354166666654,23.768749999999848],[54.21874999999878,23.768749999999848],[54.214583333332115,23.772916666666497],[54.21041666666545,23.772916666666497],[54.19791666666538,23.785416666666485],[54.19791666666538,23.797916666666502],[54.20624999999879,23.806249999999814],[54.20624999999879,23.814583333333168],[54.214583333332115,23.822916666666494]]}},{"type":"Feature","properties":{"HYRIV_ID":20867503,"NEXT_DOWN":20867200,"MAIN_RIV":20864191,"LENGTH_KM":3.8900001,"CATCH_SKM":17.1,"DIS_AV_CMS":0.002,"ORD_STRA":1,"ORD_FLOW":9},"geometry":{"type":"LineString","coordinates":[[54.12083333333203,23.741666666666482],[54.12708333333211,23.747916666666463],[54.122916666665446,23.752083333333168],[54.122916666665446,23.772916666666497]]}},{"type":"Feature","properties":{"HYRIV_ID":20867504,"NEXT_DOWN":20867647,"MAIN_RIV":20867647,"LENGTH_KM":3.23,"CATCH_SKM":10.22,"DIS_AV_CMS":0.007,"ORD_STRA":2,"ORD_FLOW":9},"geometry":{"type":"LineString","coordinates":[[54.54791666666546,23.764583333333142],[54.55624999999878,23.75624999999983],[54.55624999999878,23.752083333333168],[54.56041666666542,23.752083333333168],[54.56458333333208,23.747916666666463],[54.56458333333208,23.743749999999856]]}},{"type":"Feature","properties":{"HYRIV_ID":20867505,"NEXT_DOWN":20867128,"MAIN_RIV":20864436,"LENGTH_KM":17.01,"CATCH_SKM":57.369999,"DIS_AV_CMS":0.008,"ORD_STRA":1,"ORD_FLOW":9},"geometry":{"type":"LineString","coordinates":[[55.34583333333205,23.749999999999794],[55.33958333333209,23.743749999999856],[55.335416666665424,23.747916666666463],[55.33124999999876,23.743749999999856],[55.3270833333321,23.747916666666463],[55.32291666666535,23.747916666666463],[55.31874999999869,23.752083333333168],[55.302083333332064,23.752083333333168],[55.2979166666654,23.75624999999983],[55.29374999999874,23.752083333333168],[55.289583333332104,23.75624999999983],[55.268749999998704,23.75624999999983],[55.26041666666541,23.764583333333142],[55.256249999998744,23.76041666666648],[55.25208333333208,23.764583333333142],[55.25208333333208,23.768749999999848],[55.243749999998755,23.77708333333316],[55.243749999998755,23.781249999999822],[55.23124999999871,23.79374999999984],[55.222916666665384,23.79374999999984]]}},{"type":"Feature","properties":{"HYRIV_ID":20867540,"NEXT_DOWN":20867201,"MAIN_RIV":20864191,"LENGTH_KM":4.37,"CATCH_SKM":7.0700002,"DIS_AV_CMS":0.001,"ORD_STRA":2,"ORD_FLOW":9},"geometry":{"type":"LineString","coordinates":[[54.331249999998704,23.73958333333315],[54.331249999998704,23.743749999999856],[54.32708333333204,23.747916666666463],[54.32708333333204,23.752083333333168],[54.32291666666541,23.75624999999983],[54.32291666666541,23.76041666666648],[54.31458333333208,23.768749999999848],[54.31458333333208,23.772916666666497]]}},{"type":"Feature","properties":{"HYRIV_ID":20867541,"NEXT_DOWN":20867608,"MAIN_RIV":20867647,"LENGTH_KM":0.94,"CATCH_SKM":13.36,"DIS_AV_CMS":0.002,"ORD_STRA":1,"ORD_FLOW":9},"geometry":{"type":"LineString","coordinates":[[54.49583333333206,23.745833333333188],[54.50208333333205,23.73958333333315]]}},{"type":"Feature","properties":{"HYRIV_ID":20867542,"NEXT_DOWN":20867647,"MAIN_RIV":20867647,"LENGTH_KM":0.63,"CATCH_SKM":1.5700001,"DIS_AV_CMS":0.0,"ORD_STRA":3,"ORD_FLOW":10},"geometry":{"type":"LineString","coordinates":[[54.56041666666542,23.73958333333315],[54.56458333333208,23.743749999999856]]}},{"type":"Feature","properties":{"HYRIV_ID":20867607,"NEXT_DOWN":20867201,"MAIN_RIV":20864191,"LENGTH_KM":11.93,"CATCH_SKM":41.259998,"DIS_AV_CMS":0.001,"ORD_STRA":1,"ORD_FLOW":9},"geometry":{"type":"LineString","coordinates":[[54.40416666666539,23.729166666666465],[54.3895833333321,23.743749999999856],[54.3895833333321,23.747916666666463],[54.385416666665435,23.752083333333168],[54.36874999999873,23.752083333333168],[54.35624999999874,23.764583333333142],[54.352083333332075,23.76041666666648],[54.34791666666544,23.76041666666648],[54.34374999999878,23.764583333333142],[54.33541666666545,23.764583333333142],[54.331249999998704,23.768749999999848],[54.32708333333204,23.768749999999848],[54.32291666666541,23.772916666666497],[54.31458333333208,23.772916666666497]]}},{"type":"Feature","properties":{"HYRIV_ID":20867608,"NEXT_DOWN":20867609,"MAIN_RIV":20867647,"LENGTH_KM":5.48,"CATCH_SKM":13.95,"DIS_AV_CMS":0.0,"ORD_STRA":3,"ORD_FLOW":10},"geometry":{"type":"LineString","coordinates":[[54.50208333333205,23.73958333333315],[54.510416666665435,23.73958333333315],[54.5145833333321,23.743749999999856],[54.52708333333209,23.743749999999856],[54.53124999999875,23.73958333333315],[54.535416666665384,23.73958333333315],[54.53958333333205,23.735416666666488],[54.543749999998795,23.735416666666488],[54.54791666666546,23.73124999999984]]}},{"type":"Feature","properties":{"HYRIV_ID":20867609,"NEXT_DOWN":20867542,"MAIN_RIV":20867647,"LENGTH_KM":1.68,"CATCH_SKM":1.97,"DIS_AV_CMS":0.0,"ORD_STRA":3,"ORD_FLOW":10},"geometry":{"type":"LineString","coordinates":[[54.54791666666546,23.73124999999984],[54.55208333333212,23.735416666666488],[54.55624999999878,23.735416666666488],[54.56041666666542,23.73958333333315]]}},{"type":"Feature","properties":{"HYRIV_ID":20867610,"NEXT_DOWN":20867089,"MAIN_RIV":20864436,"LENGTH_KM":29.360001,"CATCH_SKM":114.36,"DIS_AV_CMS":0.0,"ORD_STRA":2,"ORD_FLOW":10},"geometry":{"type":"LineString","coordinates":[[54.87708333333205,23.735416666666488],[54.86041666666543,23.735416666666488],[54.85624999999877,23.73124999999984],[54.85208333333202,23.73124999999984],[54.847916666665355,23.735416666666488],[54.83124999999873,23.735416666666488],[54.82708333333207,23.73958333333315],[54.810416666665446,23.73958333333315],[54.80208333333212,23.747916666666463],[54.79791666666537,23.743749999999856],[54.79374999999874,23.747916666666463],[54.789583333332075,23.743749999999856],[54.77708333333209,23.743749999999856],[54.772916666665424,23.73958333333315],[54.76874999999876,23.73958333333315],[54.764583333332126,23.743749999999856],[54.73958333333209,23.743749999999856],[54.73541666666543,23.747916666666463],[54.668749999998795,23.747916666666463],[54.66458333333205,23.752083333333168],[54.66041666666541,23.752083333333168],[54.65208333333209,23.76041666666648],[54.65208333333209,23.764583333333142],[54.6312499999988,23.785416666666485]]}},{"type":"Feature","properties":{"HYRIV_ID":20867647,"NEXT_DOWN":0,"MAIN_RIV":20867647,"LENGTH_KM":10.57,"CATCH_SKM":36.16,"DIS_AV_CMS":0.0,"ORD_STRA":3,"ORD_FLOW":10},"geometry":{"type":"LineString","coordinates":[[54.56458333333208,23.743749999999856],[54.57291666666541,23.743749999999856],[54.57708333333207,23.73958333333315],[54.59374999999878,23.73958333333315],[54.59791666666544,23.735416666666488],[54.602083333332104,23.735416666666488],[54.60624999999877,23.73124999999984],[54.65208333333209,23.73124999999984],[54.65624999999875,23.727083333333134],[54.66041666666541,23.727083333333134]]}},{"type":"Feature","properties":{"HYRIV_ID":20867648,"NEXT_DOWN":20867610,"MAIN_RIV":20864436,"LENGTH_KM":1.41,"CATCH_SKM":12.38,"DIS_AV_CMS":0.002,"ORD_STRA":1,"ORD_FLOW":9},"geometry":{"type":"LineString","coordinates":[[54.87083333333209,23.724999999999802],[54.87708333333205,23.73124999999984],[54.87708333333205,23.735416666666488]]}},{"type":"Feature","properties":{"HYRIV_ID":20867649,"NEXT_DOWN":20867610,"MAIN_RIV":20864436,"LENGTH_KM":20.8,"CATCH_SKM":119.08,"DIS_AV_CMS":0.014,"ORD_STRA":1,"ORD_FLOW":8},"geometry":{"type":"LineString","coordinates":[[55.05833333333203,23.73333333333317],[55.052083333332064,23.727083333333134],[55.04374999999874,23.727083333333134],[55.039583333332075,23.73124999999984],[55.03541666666541,23.73124999999984],[55.03124999999875,23.735416666666488],[55.027083333332115,23.73124999999984],[55.02291666666545,23.735416666666488],[55.00208333333208,23.735416666666488],[54.99791666666542,23.73124999999984],[54.97708333333205,23.73124999999984],[54.972916666665384,23.735416666666488],[54.960416666665395,23.735416666666488],[54.95624999999873,23.73958333333315],[54.91874999999874,23.73958333333315],[54.914583333332075,23.735416666666488],[54.89374999999879,23.735416666666488],[54.889583333332126,23.73124999999984],[54.881249999998715,23.73124999999984],[54.87708333333205,23.735416666666488]]}},{"type":"Feature","properties":{"HYRIV_ID":20867650,"NEXT_DOWN":20867742,"MAIN_RIV":20868131,"LENGTH_KM":6.77,"CATCH_SKM":46.759998,"DIS_AV_CMS":0.008,"ORD_STRA":1,"ORD_FLOW":9},"geometry":{"type":"LineString","coordinates":[[55.10416666666538,23.752083333333168],[55.11041666666543,23.752083333333168],[55.11458333333209,23.75624999999983],[55.118749999998755,23.752083333333168],[55.12708333333208,23.752083333333168],[55.14374999999879,23.735416666666488],[55.14791666666545,23.735416666666488],[55.152083333332115,23.73124999999984],[55.152083333332115,23.727083333333134]]}},{"type":"Feature","properties":{"HYRIV_ID":20867679,"NEXT_DOWN":20867540,"MAIN_RIV":20864191,"LENGTH_KM":2.25,"CATCH_SKM":15.72,"DIS_AV_CMS":0.002,"ORD_STRA":1,"ORD_FLOW":9},"geometry":{"type":"LineString","coordinates":[[54.32708333333204,23.720833333333154],[54.32708333333204,23.73124999999984],[54.331249999998704,23.735416666666488],[54.331249999998704,23.73958333333315]]}},{"type":"Feature","properties":{"HYRIV_ID":20867680,"NEXT_DOWN":20867743,"MAIN_RIV":20864436,"LENGTH_KM":24.709999,"CATCH_SKM":67.980003,"DIS_AV_CMS":0.011,"ORD_STRA":2,"ORD_FLOW":8},"geometry":{"type":"LineString","coordinates":[[55.585416666665424,23.75624999999983],[55.57291666666538,23.75624999999983],[55.568749999998715,23.752083333333168],[55.56041666666539,23.752083333333168],[55.55624999999873,23.747916666666463],[55.54374999999877,23.747916666666463],[55.539583333332104,23.743749999999856],[55.53541666666544,23.743749999999856],[55.53124999999869,23.73958333333315],[55.52708333333203,23.73958333333315],[55.522916666665395,23.735416666666488],[55.51458333333207,23.735416666666488],[55.51041666666541,23.73958333333315],[55.506249999998744,23.73958333333315],[55.497916666665446,23.747916666666463],[55.47708333333205,23.747916666666463],[55.472916666665384,23.752083333333168],[55.46458333333209,23.752083333333168],[55.45208333333201,23.73958333333315],[55.44791666666535,23.73958333333315],[55.443749999998715,23.735416666666488],[55.41874999999877,23.735416666666488],[55.414583333332104,23.73958333333315],[55.41041666666544,23.73958333333315],[55.40624999999878,23.735416666666488],[55.402083333332115,23.735416666666488],[55.39791666666537,23.73124999999984],[55.38541666666541,23.73124999999984],[55.381249999998744,23.727083333333134],[55.381249999998744,23.72291666666647]]}},{"type":"Feature","properties":{"HYRIV_ID":20867705,"NEXT_DOWN":20867609,"MAIN_RIV":20867647,"LENGTH_KM":2.2,"CATCH_SKM":15.13,"DIS_AV_CMS":0.003,"ORD_STRA":1,"ORD_FLOW":9},"geometry":{"type":"LineString","coordinates":[[54.55416666666545,23.71666666666649],[54.543749999998795,23.727083333333134],[54.54791666666546,23.73124999999984]]}},{"type":"Feature","properties":{"HYRIV_ID":20867742,"NEXT_DOWN":20868075,"MAIN_RIV":20868131,"LENGTH_KM":1.72,"CATCH_SKM":3.73,"DIS_AV_CMS":0.018,"ORD_STRA":2,"ORD_FLOW":8},"geometry":{"type":"LineString","coordinates":[[55.152083333332115,23.727083333333134],[55.14374999999879,23.718749999999822],[55.14374999999879,23.71458333333316]]}},{"type":"Feature","properties":{"HYRIV_ID":20867743,"NEXT_DOWN":20867127,"MAIN_RIV":20864436,"LENGTH_KM":28.98,"CATCH_SKM":87.050003,"DIS_AV_CMS":0.001,"ORD_STRA":2,"ORD_FLOW":9},"geometry":{"type":"LineString","coordinates":[[55.381249999998744,23.72291666666647],[55.37708333333208,23.718749999999822],[55.37291666666542,23.718749999999822],[55.368749999998755,23.72291666666647],[55.36041666666537,23.72291666666647],[55.35624999999871,23.718749999999822],[55.33958333333209,23.718749999999822],[55.335416666665424,23.71458333333316],[55.33124999999876,23.718749999999822],[55.32291666666535,23.718749999999822],[55.31458333333205,23.727083333333134],[55.28124999999878,23.727083333333134],[55.27291666666545,23.735416666666488],[55.268749999998704,23.73124999999984],[55.26458333333204,23.73124999999984],[55.26041666666541,23.735416666666488],[55.24791666666542,23.735416666666488],[55.243749999998755,23.73958333333315],[55.23541666666537,23.73124999999984],[55.20624999999876,23.73124999999984],[55.197916666665435,23.73958333333315],[55.197916666665435,23.743749999999856],[55.189583333332024,23.752083333333168],[55.19374999999877,23.75624999999983],[55.2020833333321,23.75624999999983],[55.20624999999876,23.76041666666648],[55.20624999999876,23.764583333333142],[55.2020833333321,23.768749999999848],[55.197916666665435,23.768749999999848],[55.189583333332024,23.77708333333316],[55.189583333332024,23.781249999999822]]}},{"type":"Feature","properties":{"HYRIV_ID":20867776,"NEXT_DOWN":20867608,"MAIN_RIV":20867647,"LENGTH_KM":4.4899998,"CATCH_SKM":10.81,"DIS_AV_CMS":0.0,"ORD_STRA":3,"ORD_FLOW":10},"geometry":{"type":"LineString","coordinates":[[54.477083333332104,23.710416666666497],[54.477083333332104,23.71458333333316],[54.489583333332064,23.727083333333134],[54.489583333332064,23.73124999999984],[54.49374999999873,23.735416666666488],[54.49791666666539,23.735416666666488],[54.50208333333205,23.73958333333315]]}},{"type":"Feature","properties":{"HYRIV_ID":20867777,"NEXT_DOWN":20868075,"MAIN_RIV":20868131,"LENGTH_KM":3.9,"CATCH_SKM":19.65,"DIS_AV_CMS":0.003,"ORD_STRA":1,"ORD_FLOW":9},"geometry":{"type":"LineString","coordinates":[[55.11249999999876,23.720833333333154],[55.12291666666542,23.710416666666497],[55.12708333333208,23.710416666666497],[55.131249999998744,23.71458333333316],[55.14374999999879,23.71458333333316]]}},{"type":"Feature","properties":{"HYRIV_ID":20867819,"NEXT_DOWN":20867743,"MAIN_RIV":20864436,"LENGTH_KM":26.870001,"CATCH_SKM":86.080002,"DIS_AV_CMS":0.009,"ORD_STRA":1,"ORD_FLOW":9},"geometry":{"type":"LineString","coordinates":[[55.599999999998744,23.706249999999848],[55.59374999999875,23.706249999999848],[55.58958333333209,23.710416666666497],[55.585416666665424,23.710416666666497],[55.581249999998676,23.706249999999848],[55.568749999998715,23.718749999999822],[55.552083333332064,23.718749999999822],[55.54374999999877,23.710416666666497],[55.539583333332104,23.710416666666497],[55.53541666666544,23.71458333333316],[55.51874999999873,23.71458333333316],[55.51458333333207,23.718749999999822],[55.51458333333207,23.72291666666647],[55.51041666666541,23.727083333333134],[55.506249999998744,23.72291666666647],[55.50208333333208,23.72291666666647],[55.497916666665446,23.718749999999822],[55.49374999999878,23.718749999999822],[55.489583333332035,23.72291666666647],[55.47708333333205,23.72291666666647],[55.472916666665384,23.727083333333134],[55.46458333333209,23.727083333333134],[55.460416666665424,23.72291666666647],[55.460416666665424,23.718749999999822],[55.43124999999873,23.718749999999822],[55.427083333332064,23.71458333333316],[55.414583333332104,23.71458333333316],[55.41041666666544,23.718749999999822],[55.38958333333207,23.718749999999822],[55.38541666666541,23.72291666666647],[55.381249999998744,23.72291666666647]]}},{"type":"Feature","properties":{"HYRIV_ID":20867861,"NEXT_DOWN":20866970,"MAIN_RIV":20864191,"LENGTH_KM":19.459999,"CATCH_SKM":71.720001,"DIS_AV_CMS":0.0,"ORD_STRA":2,"ORD_FLOW":10},"geometry":{"type":"LineString","coordinates":[[54.28124999999872,23.702083333333142],[54.2645833333321,23.718749999999822],[54.24791666666536,23.718749999999822],[54.23124999999874,23.735416666666488],[54.23124999999874,23.73958333333315],[54.227083333332075,23.743749999999856],[54.227083333332075,23.747916666666463],[54.22291666666541,23.752083333333168],[54.21874999999878,23.752083333333168],[54.214583333332115,23.75624999999983],[54.21041666666545,23.75624999999983],[54.202083333332126,23.764583333333142],[54.19791666666538,23.764583333333142],[54.193749999998744,23.768749999999848],[54.18958333333208,23.768749999999848],[54.17708333333209,23.781249999999822],[54.17291666666543,23.781249999999822],[54.16874999999877,23.785416666666485],[54.16874999999877,23.789583333333134],[54.16041666666547,23.797916666666502],[54.14374999999873,23.797916666666502]]}},{"type":"Feature","properties":{"HYRIV_ID":20867862,"NEXT_DOWN":20867776,"MAIN_RIV":20867647,"LENGTH_KM":1.68,"CATCH_SKM":2.1600001,"DIS_AV_CMS":0.007,"ORD_STRA":2,"ORD_FLOW":9},"geometry":{"type":"LineString","coordinates":[[54.489583333332064,23.702083333333142],[54.4854166666654,23.706249999999848],[54.48124999999877,23.706249999999848],[54.477083333332104,23.710416666666497]]}},{"type":"Feature","properties":{"HYRIV_ID":20867901,"NEXT_DOWN":20867741,"MAIN_RIV":20864747,"LENGTH_KM":15.22,"CATCH_SKM":61.91,"DIS_AV_CMS":0.0,"ORD_STRA":2,"ORD_FLOW":10},"geometry":{"type":"LineString","coordinates":[[54.10624999999874,23.69791666666648],[54.07291666666546,23.69791666666648],[54.068749999998715,23.702083333333142],[54.06458333333205,23.702083333333142],[54.06041666666542,23.706249999999848],[54.056249999998755,23.706249999999848],[54.05208333333209,23.710416666666497],[54.031249999998806,23.710416666666497],[54.02708333333214,23.71458333333316],[53.989583333332035,23.71458333333316],[53.9854166666654,23.718749999999822],[53.977083333332075,23.718749999999822],[53.97291666666541,23.71458333333316],[53.96874999999875,23.71458333333316]]}},{"type":"Feature","properties":{"HYRIV_ID":20867902,"NEXT_DOWN":20867122,"MAIN_RIV":20864191,"LENGTH_KM":14.93,"CATCH_SKM":50.509998,"DIS_AV_CMS":0.002,"ORD_STRA":1,"ORD_FLOW":9},"geometry":{"type":"LineString","coordinates":[[54.22916666666541,23.695833333333148],[54.20624999999879,23.718749999999822],[54.202083333332126,23.718749999999822],[54.19791666666538,23.72291666666647],[54.18958333333208,23.72291666666647],[54.17291666666543,23.73958333333315],[54.16458333333213,23.73958333333315],[54.16041666666547,23.743749999999856],[54.156249999998806,23.743749999999856],[54.147916666665395,23.752083333333168],[54.147916666665395,23.75624999999983],[54.1395833333321,23.764583333333142],[54.1395833333321,23.768749999999848],[54.13124999999877,23.77708333333316],[54.13124999999877,23.781249999999822]]}},{"type":"Feature","properties":{"HYRIV_ID":20867903,"NEXT_DOWN":20867540,"MAIN_RIV":20864191,"LENGTH_KM":8.6599998,"CATCH_SKM":21.82,"DIS_AV_CMS":0.003,"ORD_STRA":2,"ORD_FLOW":9},"geometry":{"type":"LineString","coordinates":[[54.39374999999876,23.69791666666648],[54.385416666665435,23.706249999999848],[54.38124999999877,23.706249999999848],[54.37708333333211,23.710416666666497],[54.37291666666539,23.710416666666497],[54.36874999999873,23.71458333333316],[54.36458333333215,23.71458333333316],[54.35624999999874,23.72291666666647],[54.34374999999878,23.72291666666647],[54.339583333332115,23.727083333333134],[54.339583333332115,23.73124999999984],[54.331249999998704,23.73958333333315]]}},{"type":"Feature","properties":{"HYRIV_ID":20867904,"NEXT_DOWN":20868262,"MAIN_RIV":20869555,"LENGTH_KM":12.1,"CATCH_SKM":32.23,"DIS_AV_CMS":0.004,"ORD_STRA":3,"ORD_FLOW":9},"geometry":{"type":"LineString","coordinates":[[55.69791666666538,23.764583333333142],[55.68541666666539,23.752083333333168],[55.67708333333209,23.752083333333168],[55.66874999999877,23.743749999999856],[55.65208333333206,23.743749999999856],[55.63958333333207,23.73124999999984],[55.63958333333207,23.72291666666647],[55.64374999999873,23.718749999999822],[55.63541666666541,23.710416666666497],[55.63541666666541,23.706249999999848],[55.631249999998744,23.702083333333142],[55.63541666666541,23.69791666666648]]}},{"type":"Feature","properties":{"HYRIV_ID":20867905,"NEXT_DOWN":20868262,"MAIN_RIV":20869555,"LENGTH_KM":4.7800002,"CATCH_SKM":17.690001,"DIS_AV_CMS":0.003,"ORD_STRA":1,"ORD_FLOW":9},"geometry":{"type":"LineString","coordinates":[[55.6708333333321,23.71666666666649],[55.664583333332104,23.710416666666497],[55.664583333332104,23.706249999999848],[55.660416666665355,23.702083333333142],[55.64374999999873,23.702083333333142],[55.63958333333207,23.69791666666648],[55.63541666666541,23.69791666666648]]}},{"type":"Feature","properties":{"HYRIV_ID":20867949,"NEXT_DOWN":20867903,"MAIN_RIV":20864191,"LENGTH_KM":0.69,"CATCH_SKM":13.56,"DIS_AV_CMS":0.002,"ORD_STRA":1,"ORD_FLOW":9},"geometry":{"type":"LineString","coordinates":[[54.39374999999876,23.6916666666665],[54.39374999999876,23.69791666666648]]}},{"type":"Feature","properties":{"HYRIV_ID":20867950,"NEXT_DOWN":0,"MAIN_RIV":20867950,"LENGTH_KM":15.93,"CATCH_SKM":68.199997,"DIS_AV_CMS":0.009,"ORD_STRA":1,"ORD_FLOW":9},"geometry":{"type":"LineString","coordinates":[[54.77916666666542,23.706249999999848],[54.772916666665424,23.706249999999848],[54.76874999999876,23.702083333333142],[54.76874999999876,23.69791666666648],[54.764583333332126,23.69791666666648],[54.76041666666546,23.702083333333142],[54.756249999998715,23.702083333333142],[54.75208333333205,23.69791666666648],[54.75208333333205,23.69374999999983],[54.74791666666539,23.69374999999983],[54.74374999999873,23.69791666666648],[54.73958333333209,23.69374999999983],[54.73541666666543,23.69791666666648],[54.73124999999877,23.69791666666648],[54.727083333332104,23.702083333333142],[54.71458333333206,23.702083333333142],[54.710416666665395,23.706249999999848],[54.70624999999873,23.706249999999848],[54.70208333333207,23.710416666666497],[54.693749999998744,23.710416666666497],[54.68958333333211,23.71458333333316],[54.68958333333211,23.718749999999822],[54.685416666665446,23.72291666666647],[54.668749999998795,23.72291666666647],[54.66458333333205,23.727083333333134],[54.66041666666541,23.727083333333134]]}},{"type":"Feature","properties":{"HYRIV_ID":20867951,"NEXT_DOWN":20867742,"MAIN_RIV":20868131,"LENGTH_KM":14.33,"CATCH_SKM":59.549999,"DIS_AV_CMS":0.012,"ORD_STRA":2,"ORD_FLOW":8},"geometry":{"type":"LineString","coordinates":[[55.268749999998704,23.69374999999983],[55.256249999998744,23.69374999999983],[55.25208333333208,23.69791666666648],[55.24791666666542,23.69791666666648],[55.243749999998755,23.69374999999983],[55.23958333333209,23.69791666666648],[55.23541666666537,23.69791666666648],[55.23124999999871,23.69374999999983],[55.22708333333205,23.69791666666648],[55.222916666665384,23.69791666666648],[55.21874999999872,23.702083333333142],[55.210416666665424,23.702083333333142],[55.20624999999876,23.706249999999848],[55.19374999999877,23.706249999999848],[55.189583333332024,23.710416666666497],[55.18124999999873,23.710416666666497],[55.177083333332064,23.71458333333316],[55.1729166666654,23.71458333333316],[55.16041666666541,23.727083333333134],[55.152083333332115,23.727083333333134]]}},{"type":"Feature","properties":{"HYRIV_ID":20867952,"NEXT_DOWN":20867951,"MAIN_RIV":20868131,"LENGTH_KM":4.96,"CATCH_SKM":19.66,"DIS_AV_CMS":0.003,"ORD_STRA":1,"ORD_FLOW":9},"geometry":{"type":"LineString","coordinates":[[55.31249999999872,23.6916666666665],[55.30624999999873,23.69791666666648],[55.277083333332115,23.69791666666648],[55.27291666666545,23.69374999999983],[55.268749999998704,23.69374999999983]]}},{"type":"Feature","properties":{"HYRIV_ID":20867986,"NEXT_DOWN":20867903,"MAIN_RIV":20864191,"LENGTH_KM":1.5700001,"CATCH_SKM":12.19,"DIS_AV_CMS":0.002,"ORD_STRA":1,"ORD_FLOW":9},"geometry":{"type":"LineString","coordinates":[[54.383333333332104,23.687499999999837],[54.39374999999876,23.69791666666648]]}},{"type":"Feature","properties":{"HYRIV_ID":20868072,"NEXT_DOWN":20867542,"MAIN_RIV":20867647,"LENGTH_KM":10.52,"CATCH_SKM":26.73,"DIS_AV_CMS":0.012,"ORD_STRA":2,"ORD_FLOW":8},"geometry":{"type":"LineString","coordinates":[[54.614583333332064,23.681249999999814],[54.59374999999878,23.681249999999814],[54.58958333333203,23.685416666666505],[54.58958333333203,23.689583333333168],[54.59374999999878,23.69374999999983],[54.59374999999878,23.69791666666648],[54.58958333333203,23.702083333333142],[54.58958333333203,23.706249999999848],[54.585416666665395,23.710416666666497],[54.585416666665395,23.71458333333316],[54.58124999999873,23.718749999999822],[54.57708333333207,23.718749999999822],[54.56458333333208,23.73124999999984],[54.56458333333208,23.735416666666488],[54.56041666666542,23.73958333333315]]}},{"type":"Feature","properties":{"HYRIV_ID":20868073,"NEXT_DOWN":20868615,"MAIN_RIV":20869555,"LENGTH_KM":4.54,"CATCH_SKM":25.559999,"DIS_AV_CMS":0.004,"ORD_STRA":1,"ORD_FLOW":9},"geometry":{"type":"LineString","coordinates":[[54.82499999999874,23.679166666666482],[54.83124999999873,23.685416666666505],[54.847916666665355,23.685416666666505],[54.85208333333202,23.681249999999814],[54.86458333333209,23.681249999999814]]}},{"type":"Feature","properties":{"HYRIV_ID":20868074,"NEXT_DOWN":20868615,"MAIN_RIV":20869555,"LENGTH_KM":2.36,"CATCH_SKM":17.3,"DIS_AV_CMS":0.003,"ORD_STRA":1,"ORD_FLOW":9},"geometry":{"type":"LineString","coordinates":[[54.84999999999869,23.69374999999983],[54.85624999999877,23.69374999999983],[54.86458333333209,23.685416666666505],[54.86458333333209,23.681249999999814]]}},{"type":"Feature","properties":{"HYRIV_ID":20868075,"NEXT_DOWN":20868131,"MAIN_RIV":20868131,"LENGTH_KM":3.71,"CATCH_SKM":11.01,"DIS_AV_CMS":0.016,"ORD_STRA":2,"ORD_FLOW":8},"geometry":{"type":"LineString","coordinates":[[55.14374999999879,23.71458333333316],[55.14374999999879,23.681249999999814]]}},{"type":"Feature","properties":{"HYRIV_ID":20868127,"NEXT_DOWN":20867901,"MAIN_RIV":20864747,"LENGTH_KM":5.31,"CATCH_SKM":21.82,"DIS_AV_CMS":0.002,"ORD_STRA":1,"ORD_FLOW":9},"geometry":{"type":"LineString","coordinates":[[54.145833333332064,23.677083333333194],[54.13124999999877,23.677083333333194],[54.122916666665446,23.685416666666505],[54.1187499999987,23.685416666666505],[54.114583333332064,23.689583333333168],[54.1104166666654,23.689583333333168],[54.10624999999874,23.69374999999983],[54.10624999999874,23.69791666666648]]}},{"type":"Feature","properties":{"HYRIV_ID":20868128,"NEXT_DOWN":20867862,"MAIN_RIV":20867647,"LENGTH_KM":3.58,"CATCH_SKM":15.73,"DIS_AV_CMS":0.002,"ORD_STRA":1,"ORD_FLOW":9},"geometry":{"type":"LineString","coordinates":[[54.49999999999872,23.677083333333194],[54.49374999999873,23.677083333333194],[54.489583333332064,23.681249999999814],[54.489583333332064,23.702083333333142]]}},{"type":"Feature","properties":{"HYRIV_ID":20868129,"NEXT_DOWN":20867862,"MAIN_RIV":20867647,"LENGTH_KM":7.04,"CATCH_SKM":35.189999,"DIS_AV_CMS":0.005,"ORD_STRA":1,"ORD_FLOW":9},"geometry":{"type":"LineString","coordinates":[[54.54166666666546,23.67499999999982],[54.522916666665424,23.69374999999983],[54.510416666665435,23.69374999999983],[54.50208333333205,23.702083333333142],[54.49791666666539,23.702083333333142],[54.49374999999873,23.706249999999848],[54.489583333332064,23.702083333333142]]}},{"type":"Feature","properties":{"HYRIV_ID":20868130,"NEXT_DOWN":0,"MAIN_RIV":20868130,"LENGTH_KM":1.7,"CATCH_SKM":3.73,"DIS_AV_CMS":0.019,"ORD_STRA":2,"ORD_FLOW":8},"geometry":{"type":"LineString","coordinates":[[55.12291666666542,23.677083333333194],[55.13958333333204,23.677083333333194]]}},{"type":"Feature","properties":{"HYRIV_ID":20868131,"NEXT_DOWN":0,"MAIN_RIV":20868131,"LENGTH_KM":0.63,"CATCH_SKM":0.2,"DIS_AV_CMS":0.027,"ORD_STRA":3,"ORD_FLOW":8},"geometry":{"type":"LineString","coordinates":[[55.14374999999879,23.681249999999814],[55.13958333333204,23.677083333333194]]}},{"type":"Feature","properties":{"HYRIV_ID":20868173,"NEXT_DOWN":20868130,"MAIN_RIV":20868130,"LENGTH_KM":19.440001,"CATCH_SKM":92.589996,"DIS_AV_CMS":0.012,"ORD_STRA":1,"ORD_FLOW":8},"geometry":{"type":"LineString","coordinates":[[54.94999999999877,23.69791666666648],[54.95624999999873,23.69791666666648],[54.960416666665395,23.69374999999983],[54.96458333333206,23.69374999999983],[54.96874999999872,23.689583333333168],[54.99791666666542,23.689583333333168],[55.00208333333208,23.685416666666505],[55.014583333332126,23.685416666666505],[55.01874999999879,23.681249999999814],[55.02291666666545,23.681249999999814],[55.03124999999875,23.672916666666488],[55.052083333332064,23.672916666666488],[55.0562499999987,23.677083333333194],[55.06041666666536,23.672916666666488],[55.0770833333321,23.672916666666488],[55.08124999999876,23.677083333333194],[55.12291666666542,23.677083333333194]]}},{"type":"Feature","properties":{"HYRIV_ID":20868174,"NEXT_DOWN":20868261,"MAIN_RIV":20868131,"LENGTH_KM":3.29,"CATCH_SKM":17.690001,"DIS_AV_CMS":0.003,"ORD_STRA":1,"ORD_FLOW":9},"geometry":{"type":"LineString","coordinates":[[55.441666666665384,23.695833333333148],[55.45208333333201,23.685416666666505],[55.44791666666535,23.681249999999814],[55.44791666666535,23.677083333333194],[55.443749999998715,23.672916666666488]]}},{"type":"Feature","properties":{"HYRIV_ID":20868211,"NEXT_DOWN":20867948,"MAIN_RIV":20864747,"LENGTH_KM":3.86,"CATCH_SKM":7.6700001,"DIS_AV_CMS":0.0,"ORD_STRA":3,"ORD_FLOW":10},"geometry":{"type":"LineString","coordinates":[[54.00624999999877,23.668749999999825],[53.997916666665446,23.677083333333194],[53.997916666665446,23.685416666666505],[53.989583333332035,23.69374999999983],[53.9854166666654,23.69374999999983]]}},{"type":"Feature","properties":{"HYRIV_ID":20868212,"NEXT_DOWN":20867901,"MAIN_RIV":20864747,"LENGTH_KM":12.29,"CATCH_SKM":38.330002,"DIS_AV_CMS":0.0,"ORD_STRA":2,"ORD_FLOW":10},"geometry":{"type":"LineString","coordinates":[[54.21041666666545,23.668749999999825],[54.202083333332126,23.677083333333194],[54.19791666666538,23.677083333333194],[54.19791666666538,23.681249999999814],[54.18958333333208,23.689583333333168],[54.17291666666543,23.689583333333168],[54.16874999999877,23.69374999999983],[54.14374999999873,23.69374999999983],[54.1395833333321,23.69791666666648],[54.10624999999874,23.69791666666648]]}},{"type":"Feature","properties":{"HYRIV_ID":20868213,"NEXT_DOWN":20867776,"MAIN_RIV":20867647,"LENGTH_KM":5.46,"CATCH_SKM":23.98,"DIS_AV_CMS":0.0,"ORD_STRA":3,"ORD_FLOW":10},"geometry":{"type":"LineString","coordinates":[[54.47291666666544,23.668749999999825],[54.477083333332104,23.672916666666488],[54.46874999999878,23.681249999999814],[54.46874999999878,23.685416666666505],[54.47291666666544,23.689583333333168],[54.47291666666544,23.706249999999848],[54.477083333332104,23.710416666666497]]}},{"type":"Feature","properties":{"HYRIV_ID":20868260,"NEXT_DOWN":20867951,"MAIN_RIV":20868131,"LENGTH_KM":15.43,"CATCH_SKM":50.52,"DIS_AV_CMS":0.014,"ORD_STRA":2,"ORD_FLOW":8},"geometry":{"type":"LineString","coordinates":[[55.40624999999878,23.664583333333177],[55.402083333332115,23.668749999999825],[55.38541666666541,23.668749999999825],[55.381249999998744,23.672916666666488],[55.368749999998755,23.672916666666488],[55.36458333333212,23.677083333333194],[55.30624999999873,23.677083333333194],[55.302083333332064,23.681249999999814],[55.2979166666654,23.681249999999814],[55.29374999999874,23.685416666666505],[55.28541666666544,23.685416666666505],[55.28124999999878,23.689583333333168],[55.27291666666545,23.689583333333168],[55.268749999998704,23.69374999999983]]}},{"type":"Feature","properties":{"HYRIV_ID":20868261,"NEXT_DOWN":20868260,"MAIN_RIV":20868131,"LENGTH_KM":4.23,"CATCH_SKM":10.42,"DIS_AV_CMS":0.012,"ORD_STRA":2,"ORD_FLOW":8},"geometry":{"type":"LineString","coordinates":[[55.443749999998715,23.672916666666488],[55.43958333333205,23.668749999999825],[55.43124999999873,23.668749999999825],[55.427083333332064,23.664583333333177],[55.40624999999878,23.664583333333177]]}},{"type":"Feature","properties":{"HYRIV_ID":20868262,"NEXT_DOWN":20868616,"MAIN_RIV":20869555,"LENGTH_KM":4.5300002,"CATCH_SKM":14.74,"DIS_AV_CMS":0.0,"ORD_STRA":3,"ORD_FLOW":10},"geometry":{"type":"LineString","coordinates":[[55.63541666666541,23.69791666666648],[55.63541666666541,23.69374999999983],[55.631249999998744,23.689583333333168],[55.631249999998744,23.685416666666505],[55.61874999999878,23.672916666666488],[55.61874999999878,23.668749999999825],[55.614583333332035,23.664583333333177]]}},{"type":"Feature","properties":{"HYRIV_ID":20868263,"NEXT_DOWN":20868616,"MAIN_RIV":20869555,"LENGTH_KM":1.49,"CATCH_SKM":12.38,"DIS_AV_CMS":0.002,"ORD_STRA":1,"ORD_FLOW":9},"geometry":{"type":"LineString","coordinates":[[55.62916666666541,23.664583333333177],[55.614583333332035,23.664583333333177]]}},{"type":"Feature","properties":{"HYRIV_ID":20868298,"NEXT_DOWN":20868299,"MAIN_RIV":20867647,"LENGTH_KM":3.05,"CATCH_SKM":19.66,"DIS_AV_CMS":0.002,"ORD_STRA":1,"ORD_FLOW":9},"geometry":{"type":"LineString","coordinates":[[54.43749999999875,23.662499999999802],[54.443749999998744,23.668749999999825],[54.44791666666541,23.668749999999825],[54.45208333333207,23.664583333333177],[54.456249999998704,23.664583333333177],[54.46041666666537,23.66041666666647]]}},{"type":"Feature","properties":{"HYRIV_ID":20868299,"NEXT_DOWN":20868213,"MAIN_RIV":20867647,"LENGTH_KM":1.68,"CATCH_SKM":4.1300001,"DIS_AV_CMS":0.0,"ORD_STRA":3,"ORD_FLOW":10},"geometry":{"type":"LineString","coordinates":[[54.46041666666537,23.66041666666647],[54.464583333332115,23.66041666666647],[54.47291666666544,23.668749999999825]]}},{"type":"Feature","properties":{"HYRIV_ID":20868300,"NEXT_DOWN":20868072,"MAIN_RIV":20867647,"LENGTH_KM":2.98,"CATCH_SKM":9.04,"DIS_AV_CMS":0.011,"ORD_STRA":2,"ORD_FLOW":8},"geometry":{"type":"LineString","coordinates":[[54.614583333332064,23.66041666666647],[54.61874999999873,23.664583333333177],[54.61874999999873,23.668749999999825],[54.614583333332064,23.672916666666488],[54.61874999999873,23.677083333333194],[54.614583333332064,23.681249999999814]]}},{"type":"Feature","properties":{"HYRIV_ID":20868332,"NEXT_DOWN":20868261,"MAIN_RIV":20868131,"LENGTH_KM":15.29,"CATCH_SKM":66.449997,"DIS_AV_CMS":0.009,"ORD_STRA":1,"ORD_FLOW":9},"geometry":{"type":"LineString","coordinates":[[55.55833333333206,23.666666666666508],[55.552083333332064,23.66041666666647],[55.54791666666543,23.66041666666647],[55.54374999999877,23.656249999999808],[55.539583333332104,23.66041666666647],[55.539583333332104,23.664583333333177],[55.53541666666544,23.664583333333177],[55.53124999999869,23.66041666666647],[55.52708333333203,23.664583333333177],[55.51458333333207,23.664583333333177],[55.51041666666541,23.66041666666647],[55.506249999998744,23.66041666666647],[55.50208333333208,23.656249999999808],[55.49374999999878,23.664583333333177],[55.489583333332035,23.66041666666647],[55.48541666666537,23.66041666666647],[55.48124999999871,23.664583333333177],[55.47708333333205,23.664583333333177],[55.472916666665384,23.668749999999825],[55.460416666665424,23.668749999999825],[55.45624999999876,23.664583333333177],[55.45208333333201,23.668749999999825],[55.44791666666535,23.668749999999825],[55.443749999998715,23.672916666666488]]}},{"type":"Feature","properties":{"HYRIV_ID":20868356,"NEXT_DOWN":20868300,"MAIN_RIV":20867647,"LENGTH_KM":2.0,"CATCH_SKM":15.73,"DIS_AV_CMS":0.003,"ORD_STRA":1,"ORD_FLOW":9},"geometry":{"type":"LineString","coordinates":[[54.629166666665384,23.649999999999828],[54.61874999999873,23.66041666666647],[54.614583333332064,23.66041666666647]]}},{"type":"Feature","properties":{"HYRIV_ID":20868400,"NEXT_DOWN":20867861,"MAIN_RIV":20864191,"LENGTH_KM":12.2,"CATCH_SKM":48.360001,"DIS_AV_CMS":0.002,"ORD_STRA":1,"ORD_FLOW":9},"geometry":{"type":"LineString","coordinates":[[54.366666666665395,23.647916666666497],[54.3604166666654,23.647916666666497],[54.339583333332115,23.668749999999825],[54.33541666666545,23.668749999999825],[54.32291666666541,23.681249999999814],[54.32708333333204,23.685416666666505],[54.32291666666541,23.689583333333168],[54.318749999998744,23.689583333333168],[54.31041666666542,23.69791666666648],[54.30208333333209,23.69791666666648],[54.29791666666546,23.702083333333142],[54.28124999999872,23.702083333333142]]}},{"type":"Feature","properties":{"HYRIV_ID":20868431,"NEXT_DOWN":20868131,"MAIN_RIV":20868131,"LENGTH_KM":20.51,"CATCH_SKM":72.75,"DIS_AV_CMS":0.012,"ORD_STRA":2,"ORD_FLOW":8},"geometry":{"type":"LineString","coordinates":[[55.3270833333321,23.643749999999834],[55.32291666666535,23.643749999999834],[55.31874999999869,23.647916666666497],[55.30624999999873,23.647916666666497],[55.302083333332064,23.65208333333316],[55.277083333332115,23.65208333333316],[55.27291666666545,23.656249999999808],[55.256249999998744,23.656249999999808],[55.25208333333208,23.66041666666647],[55.23958333333209,23.66041666666647],[55.23541666666537,23.664583333333177],[55.2020833333321,23.664583333333177],[55.197916666665435,23.668749999999825],[55.18541666666539,23.668749999999825],[55.18124999999873,23.672916666666488],[55.1729166666654,23.672916666666488],[55.16874999999874,23.677083333333194],[55.15624999999878,23.677083333333194],[55.152083333332115,23.681249999999814],[55.14374999999879,23.681249999999814]]}},{"type":"Feature","properties":{"HYRIV_ID":20868459,"NEXT_DOWN":20867861,"MAIN_RIV":20864191,"LENGTH_KM":8.6899996,"CATCH_SKM":35.59,"DIS_AV_CMS":0.001,"ORD_STRA":2,"ORD_FLOW":9},"geometry":{"type":"LineString","coordinates":[[54.30208333333209,23.639583333333185],[54.293749999998795,23.647916666666497],[54.28958333333213,23.647916666666497],[54.28124999999872,23.656249999999808],[54.28124999999872,23.66041666666647],[54.28541666666547,23.664583333333177],[54.28541666666547,23.672916666666488],[54.28124999999872,23.677083333333194],[54.28124999999872,23.681249999999814],[54.27708333333206,23.685416666666505],[54.27708333333206,23.69791666666648],[54.28124999999872,23.702083333333142]]}},{"type":"Feature","properties":{"HYRIV_ID":20868460,"NEXT_DOWN":20868072,"MAIN_RIV":20867647,"LENGTH_KM":21.959999,"CATCH_SKM":102.24,"DIS_AV_CMS":0.01,"ORD_STRA":1,"ORD_FLOW":8},"geometry":{"type":"LineString","coordinates":[[54.79166666666541,23.639583333333185],[54.78124999999875,23.639583333333185],[54.77708333333209,23.643749999999834],[54.76874999999876,23.643749999999834],[54.76041666666546,23.65208333333316],[54.75208333333205,23.65208333333316],[54.74791666666539,23.647916666666497],[54.73541666666543,23.647916666666497],[54.73124999999877,23.65208333333316],[54.727083333332104,23.65208333333316],[54.722916666665355,23.656249999999808],[54.71874999999869,23.656249999999808],[54.71458333333206,23.66041666666647],[54.693749999998744,23.66041666666647],[54.685416666665446,23.668749999999825],[54.685416666665446,23.672916666666488],[54.67708333333212,23.681249999999814],[54.66458333333205,23.681249999999814],[54.65208333333209,23.69374999999983],[54.62708333333205,23.69374999999983],[54.614583333332064,23.681249999999814]]}},{"type":"Feature","properties":{"HYRIV_ID":20868461,"NEXT_DOWN":20868431,"MAIN_RIV":20868131,"LENGTH_KM":0.69,"CATCH_SKM":11.41,"DIS_AV_CMS":0.002,"ORD_STRA":1,"ORD_FLOW":9},"geometry":{"type":"LineString","coordinates":[[55.3270833333321,23.63749999999981],[55.3270833333321,23.643749999999834]]}},{"type":"Feature","properties":{"HYRIV_ID":20868462,"NEXT_DOWN":20868260,"MAIN_RIV":20868131,"LENGTH_KM":16.35,"CATCH_SKM":48.57,"DIS_AV_CMS":0.006,"ORD_STRA":1,"ORD_FLOW":9},"geometry":{"type":"LineString","coordinates":[[55.541666666665435,23.639583333333185],[55.522916666665395,23.639583333333185],[55.51874999999873,23.643749999999834],[55.497916666665446,23.643749999999834],[55.49374999999878,23.647916666666497],[55.489583333332035,23.643749999999834],[55.460416666665424,23.643749999999834],[55.45624999999876,23.647916666666497],[55.45208333333201,23.647916666666497],[55.44791666666535,23.643749999999834],[55.427083333332064,23.643749999999834],[55.4229166666654,23.647916666666497],[55.414583333332104,23.647916666666497],[55.40624999999878,23.656249999999808],[55.40624999999878,23.664583333333177]]}},{"type":"Feature","properties":{"HYRIV_ID":20868542,"NEXT_DOWN":20868211,"MAIN_RIV":20864747,"LENGTH_KM":6.7600002,"CATCH_SKM":23.6,"DIS_AV_CMS":0.0,"ORD_STRA":3,"ORD_FLOW":10},"geometry":{"type":"LineString","coordinates":[[54.01874999999873,23.631249999999817],[54.03541666666547,23.647916666666497],[54.03541666666547,23.65208333333316],[54.022916666665395,23.664583333333177],[54.010416666665435,23.664583333333177],[54.00624999999877,23.668749999999825]]}},{"type":"Feature","properties":{"HYRIV_ID":20868543,"NEXT_DOWN":20868212,"MAIN_RIV":20864747,"LENGTH_KM":7.6700001,"CATCH_SKM":37.169998,"DIS_AV_CMS":0.003,"ORD_STRA":1,"ORD_FLOW":9},"geometry":{"type":"LineString","coordinates":[[54.18749999999875,23.6291666666665],[54.193749999998744,23.63541666666648],[54.193749999998744,23.639583333333185],[54.18958333333208,23.643749999999834],[54.18958333333208,23.647916666666497],[54.18541666666542,23.65208333333316],[54.18541666666542,23.656249999999808],[54.18958333333208,23.66041666666647],[54.19791666666538,23.66041666666647],[54.202083333332126,23.656249999999808],[54.20624999999879,23.656249999999808],[54.20624999999879,23.664583333333177],[54.21041666666545,23.668749999999825]]}},{"type":"Feature","properties":{"HYRIV_ID":20868544,"NEXT_DOWN":20868459,"MAIN_RIV":20864191,"LENGTH_KM":4.87,"CATCH_SKM":30.48,"DIS_AV_CMS":0.003,"ORD_STRA":1,"ORD_FLOW":9},"geometry":{"type":"LineString","coordinates":[[54.34583333333211,23.631249999999817],[54.318749999998744,23.631249999999817],[54.31458333333208,23.63541666666648],[54.306249999998755,23.63541666666648],[54.30208333333209,23.639583333333185]]}},{"type":"Feature","properties":{"HYRIV_ID":20868576,"NEXT_DOWN":20868299,"MAIN_RIV":20867647,"LENGTH_KM":6.64,"CATCH_SKM":24.190001,"DIS_AV_CMS":0.0,"ORD_STRA":3,"ORD_FLOW":10},"geometry":{"type":"LineString","coordinates":[[54.42291666666546,23.627083333333168],[54.42708333333212,23.631249999999817],[54.431249999998755,23.631249999999817],[54.43541666666542,23.63541666666648],[54.43958333333208,23.631249999999817],[54.443749999998744,23.631249999999817],[54.44791666666541,23.63541666666648],[54.44791666666541,23.647916666666497],[54.46041666666537,23.66041666666647]]}},{"type":"Feature","properties":{"HYRIV_ID":20868577,"NEXT_DOWN":20868299,"MAIN_RIV":20867647,"LENGTH_KM":6.06,"CATCH_SKM":23.4,"DIS_AV_CMS":0.002,"ORD_STRA":1,"ORD_FLOW":9},"geometry":{"type":"LineString","coordinates":[[54.48749999999873,23.633333333333148],[54.48124999999877,23.627083333333168],[54.477083333332104,23.631249999999817],[54.47291666666544,23.631249999999817],[54.464583333332115,23.639583333333185],[54.46874999999878,23.643749999999834],[54.46874999999878,23.647916666666497],[54.46041666666537,23.656249999999808],[54.46041666666537,23.66041666666647]]}},{"type":"Feature","properties":{"HYRIV_ID":20868614,"NEXT_DOWN":20868542,"MAIN_RIV":20864747,"LENGTH_KM":2.32,"CATCH_SKM":15.73,"DIS_AV_CMS":0.001,"ORD_STRA":1,"ORD_FLOW":9},"geometry":{"type":"LineString","coordinates":[[53.99999999999878,23.622916666666463],[54.010416666665435,23.622916666666463],[54.01874999999873,23.631249999999817]]}},{"type":"Feature","properties":{"HYRIV_ID":20868615,"NEXT_DOWN":20869042,"MAIN_RIV":20869555,"LENGTH_KM":27.030001,"CATCH_SKM":103.23,"DIS_AV_CMS":0.011,"ORD_STRA":2,"ORD_FLOW":8},"geometry":{"type":"LineString","coordinates":[[54.86458333333209,23.681249999999814],[54.868749999998755,23.677083333333194],[54.881249999998715,23.677083333333194],[54.88541666666538,23.681249999999814],[54.90208333333209,23.681249999999814],[54.90624999999875,23.677083333333194],[54.91874999999874,23.677083333333194],[54.9229166666654,23.672916666666488],[54.935416666665446,23.672916666666488],[54.93958333333211,23.668749999999825],[54.947916666665435,23.668749999999825],[54.95208333333207,23.664583333333177],[54.960416666665395,23.664583333333177],[54.96458333333206,23.66041666666647],[54.97708333333205,23.66041666666647],[54.98124999999877,23.656249999999808],[54.99791666666542,23.656249999999808],[55.00208333333208,23.65208333333316],[55.006249999998715,23.65208333333316],[55.01041666666538,23.647916666666497],[55.01874999999879,23.647916666666497],[55.02291666666545,23.643749999999834],[55.03124999999875,23.643749999999834],[55.03541666666541,23.639583333333185],[55.0479166666654,23.639583333333185],[55.052083333332064,23.63541666666648],[55.06041666666536,23.63541666666648],[55.06458333333211,23.631249999999817],[55.08958333333206,23.631249999999817],[55.097916666665384,23.622916666666463]]}},{"type":"Feature","properties":{"HYRIV_ID":20868616,"NEXT_DOWN":20868955,"MAIN_RIV":20869555,"LENGTH_KM":7.56,"CATCH_SKM":19.27,"DIS_AV_CMS":0.0,"ORD_STRA":3,"ORD_FLOW":10},"geometry":{"type":"LineString","coordinates":[[55.614583333332035,23.664583333333177],[55.614583333332035,23.66041666666647],[55.60624999999871,23.65208333333316],[55.602083333332075,23.65208333333316],[55.59791666666541,23.647916666666497],[55.59374999999875,23.647916666666497],[55.58958333333209,23.643749999999834],[55.585416666665424,23.647916666666497],[55.581249999998676,23.643749999999834],[55.581249999998676,23.639583333333185],[55.57708333333204,23.63541666666648],[55.57708333333204,23.622916666666463]]}},{"type":"Feature","properties":{"HYRIV_ID":20868617,"NEXT_DOWN":20868955,"MAIN_RIV":20869555,"LENGTH_KM":18.75,"CATCH_SKM":52.889999,"DIS_AV_CMS":0.0,"ORD_STRA":3,"ORD_FLOW":10},"geometry":{"type":"LineString","coordinates":[[55.71041666666534,23.702083333333142],[55.706249999998704,23.702083333333142],[55.70208333333204,23.69791666666648],[55.70208333333204,23.689583333333168],[55.693749999998715,23.681249999999814],[55.693749999998715,23.677083333333194],[55.68541666666539,23.668749999999825],[55.68541666666539,23.664583333333177],[55.67708333333209,23.656249999999808],[55.664583333332104,23.656249999999808],[55.660416666665355,23.65208333333316],[55.65624999999869,23.65208333333316],[55.647916666665395,23.643749999999834],[55.631249999998744,23.643749999999834],[55.62708333333211,23.639583333333185],[55.622916666665446,23.639583333333185],[55.61874999999878,23.63541666666648],[55.61874999999878,23.631249999999817],[55.61041666666537,23.631249999999817],[55.60624999999871,23.627083333333168],[55.58958333333209,23.627083333333168],[55.585416666665424,23.622916666666463],[55.57708333333204,23.622916666666463]]}},{"type":"Feature","properties":{"HYRIV_ID":20868663,"NEXT_DOWN":20868773,"MAIN_RIV":20864747,"LENGTH_KM":1.06,"CATCH_SKM":13.18,"DIS_AV_CMS":0.002,"ORD_STRA":1,"ORD_FLOW":9},"geometry":{"type":"LineString","coordinates":[[54.07916666666546,23.618749999999842],[54.068749999998715,23.618749999999842]]}},{"type":"Feature","properties":{"HYRIV_ID":20868716,"NEXT_DOWN":20868542,"MAIN_RIV":20864747,"LENGTH_KM":2.77,"CATCH_SKM":4.33,"DIS_AV_CMS":0.0,"ORD_STRA":3,"ORD_FLOW":10},"geometry":{"type":"LineString","coordinates":[[54.03541666666547,23.61458333333315],[54.031249999998806,23.61458333333315],[54.022916666665395,23.622916666666463],[54.022916666665395,23.627083333333168],[54.01874999999873,23.631249999999817]]}},{"type":"Feature","properties":{"HYRIV_ID":20868717,"NEXT_DOWN":20868459,"MAIN_RIV":20864191,"LENGTH_KM":3.26,"CATCH_SKM":18.290001,"DIS_AV_CMS":0.002,"ORD_STRA":1,"ORD_FLOW":9},"geometry":{"type":"LineString","coordinates":[[54.30833333333209,23.61249999999982],[54.30208333333209,23.618749999999842],[54.30208333333209,23.639583333333185]]}},{"type":"Feature","properties":{"HYRIV_ID":20868718,"NEXT_DOWN":20868576,"MAIN_RIV":20867647,"LENGTH_KM":1.55,"CATCH_SKM":2.56,"DIS_AV_CMS":0.0,"ORD_STRA":3,"ORD_FLOW":10},"geometry":{"type":"LineString","coordinates":[[54.42708333333212,23.61458333333315],[54.42708333333212,23.622916666666463],[54.42291666666546,23.627083333333168]]}},{"type":"Feature","properties":{"HYRIV_ID":20868719,"NEXT_DOWN":20868431,"MAIN_RIV":20868131,"LENGTH_KM":14.36,"CATCH_SKM":58.8,"DIS_AV_CMS":0.008,"ORD_STRA":1,"ORD_FLOW":9},"geometry":{"type":"LineString","coordinates":[[55.44999999999868,23.61458333333315],[55.443749999998715,23.61458333333315],[55.43958333333205,23.618749999999842],[55.41874999999877,23.618749999999842],[55.414583333332104,23.622916666666463],[55.41041666666544,23.622916666666463],[55.402083333332115,23.631249999999817],[55.38958333333207,23.631249999999817],[55.38541666666541,23.63541666666648],[55.381249999998744,23.63541666666648],[55.37708333333208,23.631249999999817],[55.37291666666542,23.631249999999817],[55.36458333333212,23.639583333333185],[55.34374999999872,23.639583333333185],[55.33958333333209,23.643749999999834],[55.3270833333321,23.643749999999834]]}},{"type":"Feature","properties":{"HYRIV_ID":20868773,"NEXT_DOWN":20868716,"MAIN_RIV":20864747,"LENGTH_KM":4.0100002,"CATCH_SKM":8.0600004,"DIS_AV_CMS":0.0,"ORD_STRA":2,"ORD_FLOW":10},"geometry":{"type":"LineString","coordinates":[[54.068749999998715,23.618749999999842],[54.06041666666542,23.618749999999842],[54.056249999998755,23.61458333333315],[54.04374999999877,23.61458333333315],[54.039583333332104,23.610416666666488],[54.03541666666547,23.61458333333315]]}},{"type":"Feature","properties":{"HYRIV_ID":20868774,"NEXT_DOWN":20868300,"MAIN_RIV":20867647,"LENGTH_KM":11.68,"CATCH_SKM":55.849998,"DIS_AV_CMS":0.008,"ORD_STRA":1,"ORD_FLOW":9},"geometry":{"type":"LineString","coordinates":[[54.64583333333209,23.608333333333157],[54.63541666666546,23.618749999999842],[54.61874999999873,23.618749999999842],[54.614583333332064,23.622916666666463],[54.602083333332104,23.622916666666463],[54.59791666666544,23.627083333333168],[54.59791666666544,23.631249999999817],[54.59374999999878,23.63541666666648],[54.59374999999878,23.647916666666497],[54.59791666666544,23.65208333333316],[54.59791666666544,23.656249999999808],[54.602083333332104,23.66041666666647],[54.60624999999877,23.656249999999808],[54.61041666666543,23.656249999999808],[54.614583333332064,23.66041666666647]]}},{"type":"Feature","properties":{"HYRIV_ID":20868852,"NEXT_DOWN":20868773,"MAIN_RIV":20864747,"LENGTH_KM":4.9,"CATCH_SKM":13.38,"DIS_AV_CMS":0.0,"ORD_STRA":2,"ORD_FLOW":10},"geometry":{"type":"LineString","coordinates":[[54.10624999999874,23.602083333333177],[54.09791666666541,23.602083333333177],[54.09374999999875,23.606249999999825],[54.077083333332126,23.606249999999825],[54.068749999998715,23.61458333333315],[54.068749999998715,23.618749999999842]]}},{"type":"Feature","properties":{"HYRIV_ID":20868853,"NEXT_DOWN":20869554,"MAIN_RIV":20869554,"LENGTH_KM":6.9699998,"CATCH_SKM":34.619999,"DIS_AV_CMS":0.006,"ORD_STRA":1,"ORD_FLOW":9},"geometry":{"type":"LineString","coordinates":[[54.68749999999878,23.618749999999842],[54.71458333333206,23.618749999999842],[54.722916666665355,23.610416666666488],[54.73124999999877,23.610416666666488],[54.73541666666543,23.606249999999825],[54.74374999999873,23.606249999999825],[54.74791666666539,23.602083333333177]]}},{"type":"Feature","properties":{"HYRIV_ID":20868882,"NEXT_DOWN":20868883,"MAIN_RIV":20864747,"LENGTH_KM":2.96,"CATCH_SKM":19.48,"DIS_AV_CMS":0.001,"ORD_STRA":1,"ORD_FLOW":9},"geometry":{"type":"LineString","coordinates":[[53.97916666666541,23.602083333333177],[53.989583333332035,23.602083333333177],[53.99374999999878,23.59791666666647],[54.00624999999877,23.59791666666647]]}},{"type":"Feature","properties":{"HYRIV_ID":20868883,"NEXT_DOWN":20868542,"MAIN_RIV":20864747,"LENGTH_KM":4.2,"CATCH_SKM":7.6700001,"DIS_AV_CMS":0.002,"ORD_STRA":2,"ORD_FLOW":9},"geometry":{"type":"LineString","coordinates":[[54.00624999999877,23.59791666666647],[54.010416666665435,23.602083333333177],[54.010416666665435,23.606249999999825],[54.01458333333207,23.610416666666488],[54.01458333333207,23.622916666666463],[54.01874999999873,23.627083333333168],[54.01874999999873,23.631249999999817]]}},{"type":"Feature","properties":{"HYRIV_ID":20868884,"NEXT_DOWN":20868213,"MAIN_RIV":20867647,"LENGTH_KM":15.28,"CATCH_SKM":47.790001,"DIS_AV_CMS":0.002,"ORD_STRA":2,"ORD_FLOW":9},"geometry":{"type":"LineString","coordinates":[[54.58124999999873,23.59791666666647],[54.568749999998744,23.610416666666488],[54.56458333333208,23.610416666666488],[54.56041666666542,23.61458333333315],[54.55208333333212,23.61458333333315],[54.543749999998795,23.622916666666463],[54.543749999998795,23.627083333333168],[54.535416666665384,23.63541666666648],[54.5062499999988,23.63541666666648],[54.49374999999873,23.647916666666497],[54.489583333332064,23.647916666666497],[54.4854166666654,23.65208333333316],[54.4854166666654,23.66041666666647],[54.477083333332104,23.668749999999825],[54.47291666666544,23.668749999999825]]}},{"type":"Feature","properties":{"HYRIV_ID":20868885,"NEXT_DOWN":20869554,"MAIN_RIV":20869554,"LENGTH_KM":1.6900001,"CATCH_SKM":23.8,"DIS_AV_CMS":0.004,"ORD_STRA":1,"ORD_FLOW":9},"geometry":{"type":"LineString","coordinates":[[54.7333333333321,23.59791666666647],[54.74374999999873,23.59791666666647],[54.74791666666539,23.602083333333177]]}},{"type":"Feature","properties":{"HYRIV_ID":20868886,"NEXT_DOWN":20868991,"MAIN_RIV":20869555,"LENGTH_KM":15.82,"CATCH_SKM":100.3,"DIS_AV_CMS":0.013,"ORD_STRA":1,"ORD_FLOW":8},"geometry":{"type":"LineString","coordinates":[[54.82499999999874,23.639583333333185],[54.83541666666548,23.639583333333185],[54.84374999999872,23.631249999999817],[54.847916666665355,23.631249999999817],[54.85624999999877,23.622916666666463],[54.86041666666543,23.622916666666463],[54.86458333333209,23.618749999999842],[54.87291666666539,23.618749999999842],[54.87708333333205,23.622916666666463],[54.881249999998715,23.622916666666463],[54.88541666666538,23.618749999999842],[54.89374999999879,23.618749999999842],[54.89791666666545,23.61458333333315],[54.90208333333209,23.61458333333315],[54.90624999999875,23.610416666666488],[54.91041666666541,23.610416666666488],[54.914583333332075,23.606249999999825],[54.91874999999874,23.606249999999825],[54.9229166666654,23.602083333333177],[54.935416666665446,23.602083333333177],[54.93958333333211,23.59791666666647],[54.95624999999873,23.59791666666647]]}},{"type":"Feature","properties":{"HYRIV_ID":20868887,"NEXT_DOWN":20868991,"MAIN_RIV":20869555,"LENGTH_KM":4.0500002,"CATCH_SKM":20.65,"DIS_AV_CMS":0.003,"ORD_STRA":1,"ORD_FLOW":9},"geometry":{"type":"LineString","coordinates":[[54.94166666666544,23.6291666666665],[54.95208333333207,23.618749999999842],[54.95208333333207,23.61458333333315],[54.95624999999873,23.610416666666488],[54.95624999999873,23.59791666666647]]}},{"type":"Feature","properties":{"HYRIV_ID":20868922,"NEXT_DOWN":20868884,"MAIN_RIV":20867647,"LENGTH_KM":0.94,"CATCH_SKM":14.76,"DIS_AV_CMS":0.003,"ORD_STRA":1,"ORD_FLOW":9},"geometry":{"type":"LineString","coordinates":[[54.57499999999874,23.591666666666477],[54.58124999999873,23.59791666666647]]}},{"type":"Feature","properties":{"HYRIV_ID":20868923,"NEXT_DOWN":20869162,"MAIN_RIV":20869555,"LENGTH_KM":11.69,"CATCH_SKM":30.09,"DIS_AV_CMS":0.005,"ORD_STRA":1,"ORD_FLOW":9},"geometry":{"type":"LineString","coordinates":[[55.747916666665446,23.65833333333314],[55.747916666665446,23.65208333333316],[55.739583333332035,23.643749999999834],[55.73541666666537,23.647916666666497],[55.73124999999874,23.643749999999834],[55.73124999999874,23.639583333333185],[55.72291666666541,23.631249999999817],[55.71874999999875,23.631249999999817],[55.706249999998704,23.618749999999842],[55.69791666666538,23.618749999999842],[55.68958333333205,23.610416666666488],[55.693749999998715,23.606249999999825],[55.68541666666539,23.59791666666647],[55.68541666666539,23.593749999999808]]}},{"type":"Feature","properties":{"HYRIV_ID":20868924,"NEXT_DOWN":20869162,"MAIN_RIV":20869555,"LENGTH_KM":6.48,"CATCH_SKM":22.620001,"DIS_AV_CMS":0.004,"ORD_STRA":1,"ORD_FLOW":9},"geometry":{"type":"LineString","coordinates":[[55.737499999998704,23.61249999999982],[55.73124999999874,23.606249999999825],[55.73124999999874,23.602083333333177],[55.72291666666541,23.593749999999808],[55.68541666666539,23.593749999999808]]}},{"type":"Feature","properties":{"HYRIV_ID":20868955,"NEXT_DOWN":20869289,"MAIN_RIV":20869555,"LENGTH_KM":5.12,"CATCH_SKM":15.73,"DIS_AV_CMS":0.0,"ORD_STRA":4,"ORD_FLOW":10},"geometry":{"type":"LineString","coordinates":[[55.57708333333204,23.622916666666463],[55.57291666666538,23.618749999999842],[55.57708333333204,23.61458333333315],[55.57708333333204,23.606249999999825],[55.568749999998715,23.59791666666647],[55.56458333333205,23.59791666666647],[55.56041666666539,23.593749999999808],[55.56458333333205,23.58958333333316]]}},{"type":"Feature","properties":{"HYRIV_ID":20868990,"NEXT_DOWN":20868852,"MAIN_RIV":20864747,"LENGTH_KM":6.21,"CATCH_SKM":26.75,"DIS_AV_CMS":0.003,"ORD_STRA":1,"ORD_FLOW":9},"geometry":{"type":"LineString","coordinates":[[54.154166666665475,23.583333333333165],[54.147916666665395,23.58958333333316],[54.14374999999873,23.58958333333316],[54.135416666665435,23.59791666666647],[54.12708333333211,23.59791666666647],[54.122916666665446,23.602083333333177],[54.1187499999987,23.602083333333177],[54.114583333332064,23.606249999999825],[54.1104166666654,23.602083333333177],[54.10624999999874,23.602083333333177]]}},{"type":"Feature","properties":{"HYRIV_ID":20868991,"NEXT_DOWN":20869127,"MAIN_RIV":20869555,"LENGTH_KM":7.83,"CATCH_SKM":41.509998,"DIS_AV_CMS":0.016,"ORD_STRA":2,"ORD_FLOW":8},"geometry":{"type":"LineString","coordinates":[[54.95624999999873,23.59791666666647],[54.960416666665395,23.59791666666647],[54.96458333333206,23.593749999999808],[54.972916666665384,23.593749999999808],[54.97708333333205,23.58958333333316],[55.01041666666538,23.58958333333316],[55.014583333332126,23.585416666666497],[55.027083333332115,23.585416666666497]]}},{"type":"Feature","properties":{"HYRIV_ID":20868992,"NEXT_DOWN":20869127,"MAIN_RIV":20869555,"LENGTH_KM":2.98,"CATCH_SKM":18.49,"DIS_AV_CMS":0.003,"ORD_STRA":1,"ORD_FLOW":9},"geometry":{"type":"LineString","coordinates":[[55.02499999999878,23.602083333333177],[55.03124999999875,23.602083333333177],[55.03541666666541,23.59791666666647],[55.03541666666541,23.593749999999808],[55.027083333332115,23.585416666666497]]}},{"type":"Feature","properties":{"HYRIV_ID":20869016,"NEXT_DOWN":20869017,"MAIN_RIV":20867647,"LENGTH_KM":3.6800001,"CATCH_SKM":17.51,"DIS_AV_CMS":0.002,"ORD_STRA":1,"ORD_FLOW":9},"geometry":{"type":"LineString","coordinates":[[54.35833333333207,23.591666666666477],[54.36458333333215,23.585416666666497],[54.36874999999873,23.58958333333316],[54.37291666666539,23.585416666666497],[54.37708333333211,23.585416666666497],[54.38124999999877,23.581249999999834],[54.385416666665435,23.581249999999834]]}},{"type":"Feature","properties":{"HYRIV_ID":20869017,"NEXT_DOWN":20868576,"MAIN_RIV":20867647,"LENGTH_KM":7.1,"CATCH_SKM":14.16,"DIS_AV_CMS":0.0,"ORD_STRA":2,"ORD_FLOW":10},"geometry":{"type":"LineString","coordinates":[[54.385416666665435,23.581249999999834],[54.3895833333321,23.585416666666497],[54.3895833333321,23.59791666666647],[54.397916666665424,23.606249999999825],[54.40208333333209,23.606249999999825],[54.41458333333213,23.618749999999842],[54.418749999998795,23.618749999999842],[54.42291666666546,23.622916666666463],[54.42291666666546,23.627083333333168]]}},{"type":"Feature","properties":{"HYRIV_ID":20869039,"NEXT_DOWN":20868883,"MAIN_RIV":20864747,"LENGTH_KM":2.8,"CATCH_SKM":19.870001,"DIS_AV_CMS":0.002,"ORD_STRA":1,"ORD_FLOW":9},"geometry":{"type":"LineString","coordinates":[[54.01249999999874,23.574999999999854],[54.00624999999877,23.581249999999834],[54.00624999999877,23.59791666666647]]}},{"type":"Feature","properties":{"HYRIV_ID":20869040,"NEXT_DOWN":20868211,"MAIN_RIV":20864747,"LENGTH_KM":27.540001,"CATCH_SKM":84.75,"DIS_AV_CMS":0.0,"ORD_STRA":2,"ORD_FLOW":10},"geometry":{"type":"LineString","coordinates":[[54.21041666666545,23.577083333333142],[54.20624999999879,23.581249999999834],[54.202083333332126,23.581249999999834],[54.19791666666538,23.585416666666497],[54.18958333333208,23.585416666666497],[54.17291666666543,23.602083333333177],[54.16874999999877,23.602083333333177],[54.16458333333213,23.606249999999825],[54.16041666666547,23.606249999999825],[54.14374999999873,23.622916666666463],[54.14374999999873,23.639583333333185],[54.1395833333321,23.643749999999834],[54.135416666665435,23.643749999999834],[54.13124999999877,23.647916666666497],[54.1187499999987,23.647916666666497],[54.114583333332064,23.65208333333316],[54.10624999999874,23.65208333333316],[54.102083333332075,23.656249999999808],[54.09374999999875,23.656249999999808],[54.089583333332115,23.66041666666647],[54.08541666666545,23.66041666666647],[54.08124999999879,23.656249999999808],[54.077083333332126,23.656249999999808],[54.068749999998715,23.664583333333177],[54.06458333333205,23.664583333333177],[54.056249999998755,23.672916666666488],[54.05208333333209,23.672916666666488],[54.04791666666543,23.677083333333194],[54.01874999999873,23.677083333333194],[54.010416666665435,23.668749999999825],[54.00624999999877,23.668749999999825]]}},{"type":"Feature","properties":{"HYRIV_ID":20869041,"NEXT_DOWN":20869040,"MAIN_RIV":20864747,"LENGTH_KM":1.06,"CATCH_SKM":13.18,"DIS_AV_CMS":0.002,"ORD_STRA":1,"ORD_FLOW":9},"geometry":{"type":"LineString","coordinates":[[54.22083333333208,23.577083333333142],[54.21041666666545,23.577083333333142]]}},{"type":"Feature","properties":{"HYRIV_ID":20869042,"NEXT_DOWN":20869128,"MAIN_RIV":20869555,"LENGTH_KM":6.0900002,"CATCH_SKM":21.83,"DIS_AV_CMS":0.0,"ORD_STRA":5,"ORD_FLOW":10},"geometry":{"type":"LineString","coordinates":[[55.097916666665384,23.622916666666463],[55.097916666665384,23.61458333333315],[55.08124999999876,23.59791666666647],[55.08124999999876,23.585416666666497],[55.072916666665435,23.577083333333142]]}},{"type":"Feature","properties":{"HYRIV_ID":20869043,"NEXT_DOWN":20869289,"MAIN_RIV":20869555,"LENGTH_KM":2.31,"CATCH_SKM":4.5300002,"DIS_AV_CMS":0.019,"ORD_STRA":2,"ORD_FLOW":8},"geometry":{"type":"LineString","coordinates":[[55.581249999998676,23.577083333333142],[55.57708333333204,23.577083333333142],[55.56458333333205,23.58958333333316]]}},{"type":"Feature","properties":{"HYRIV_ID":20869044,"NEXT_DOWN":20869043,"MAIN_RIV":20869555,"LENGTH_KM":19.700001,"CATCH_SKM":66.080002,"DIS_AV_CMS":0.009,"ORD_STRA":1,"ORD_FLOW":9},"geometry":{"type":"LineString","coordinates":[[55.724999999998744,23.656249999999808],[55.71458333333209,23.656249999999808],[55.71041666666534,23.65208333333316],[55.706249999998704,23.65208333333316],[55.70208333333204,23.647916666666497],[55.68958333333205,23.647916666666497],[55.68124999999873,23.639583333333185],[55.68124999999873,23.63541666666648],[55.66874999999877,23.622916666666463],[55.664583333332104,23.622916666666463],[55.65624999999869,23.61458333333315],[55.647916666665395,23.61458333333315],[55.63541666666541,23.602083333333177],[55.63541666666541,23.59791666666647],[55.62708333333211,23.58958333333316],[55.62708333333211,23.585416666666497],[55.622916666665446,23.581249999999834],[55.602083333332075,23.581249999999834],[55.59791666666541,23.585416666666497],[55.59374999999875,23.585416666666497],[55.58958333333209,23.581249999999834],[55.585416666665424,23.581249999999834],[55.581249999998676,23.577083333333142]]}},{"type":"Feature","properties":{"HYRIV_ID":20869084,"NEXT_DOWN":20868212,"MAIN_RIV":20864747,"LENGTH_KM":17.42,"CATCH_SKM":79.669998,"DIS_AV_CMS":0.0,"ORD_STRA":1,"ORD_FLOW":10},"geometry":{"type":"LineString","coordinates":[[54.31249999999875,23.570833333333148],[54.306249999998755,23.577083333333142],[54.30208333333209,23.577083333333142],[54.29791666666546,23.581249999999834],[54.293749999998795,23.577083333333142],[54.28958333333213,23.577083333333142],[54.26874999999876,23.59791666666647],[54.260416666665435,23.59791666666647],[54.25624999999877,23.602083333333177],[54.25208333333211,23.602083333333177],[54.24374999999873,23.610416666666488],[54.24374999999873,23.631249999999817],[54.2354166666654,23.639583333333185],[54.2354166666654,23.643749999999834],[54.21874999999878,23.66041666666647],[54.21874999999878,23.664583333333177],[54.214583333332115,23.668749999999825],[54.21041666666545,23.668749999999825]]}},{"type":"Feature","properties":{"HYRIV_ID":20869125,"NEXT_DOWN":20868852,"MAIN_RIV":20864747,"LENGTH_KM":4.2,"CATCH_SKM":15.15,"DIS_AV_CMS":0.0,"ORD_STRA":2,"ORD_FLOW":10},"geometry":{"type":"LineString","coordinates":[[54.1104166666654,23.568749999999817],[54.10624999999874,23.572916666666522],[54.10624999999874,23.585416666666497],[54.1104166666654,23.58958333333316],[54.1104166666654,23.59791666666647],[54.10624999999874,23.602083333333177]]}},{"type":"Feature","properties":{"HYRIV_ID":20869126,"NEXT_DOWN":20868718,"MAIN_RIV":20867647,"LENGTH_KM":5.9200001,"CATCH_SKM":13.38,"DIS_AV_CMS":0.0,"ORD_STRA":3,"ORD_FLOW":10},"geometry":{"type":"LineString","coordinates":[[54.40624999999872,23.568749999999817],[54.41041666666547,23.572916666666522],[54.41041666666547,23.585416666666497],[54.42291666666546,23.59791666666647],[54.42291666666546,23.602083333333177],[54.42708333333212,23.606249999999825],[54.42708333333212,23.61458333333315]]}},{"type":"Feature","properties":{"HYRIV_ID":20869127,"NEXT_DOWN":20869205,"MAIN_RIV":20869555,"LENGTH_KM":4.64,"CATCH_SKM":14.95,"DIS_AV_CMS":0.018,"ORD_STRA":2,"ORD_FLOW":8},"geometry":{"type":"LineString","coordinates":[[55.027083333332115,23.585416666666497],[55.03124999999875,23.581249999999834],[55.04374999999874,23.581249999999834],[55.0479166666654,23.577083333333142],[55.0562499999987,23.577083333333142],[55.06458333333211,23.568749999999817]]}},{"type":"Feature","properties":{"HYRIV_ID":20869128,"NEXT_DOWN":20869205,"MAIN_RIV":20869555,"LENGTH_KM":1.26,"CATCH_SKM":3.74,"DIS_AV_CMS":0.0,"ORD_STRA":5,"ORD_FLOW":10},"geometry":{"type":"LineString","coordinates":[[55.072916666665435,23.577083333333142],[55.06458333333211,23.568749999999817]]}},{"type":"Feature","properties":{"HYRIV_ID":20869129,"NEXT_DOWN":20868130,"MAIN_RIV":20868130,"LENGTH_KM":54.529999,"CATCH_SKM":218.92999,"DIS_AV_CMS":0.009,"ORD_STRA":1,"ORD_FLOW":9},"geometry":{"type":"LineString","coordinates":[[55.520833333332064,23.606249999999825],[55.51458333333207,23.606249999999825],[55.51041666666541,23.610416666666488],[55.506249999998744,23.610416666666488],[55.50208333333208,23.606249999999825],[55.49374999999878,23.606249999999825],[55.489583333332035,23.602083333333177],[55.489583333332035,23.59791666666647],[55.48541666666537,23.593749999999808],[55.48124999999871,23.593749999999808],[55.47708333333205,23.58958333333316],[55.48124999999871,23.585416666666497],[55.48124999999871,23.577083333333142],[55.47708333333205,23.572916666666522],[55.45208333333201,23.572916666666522],[55.44791666666535,23.568749999999817],[55.43958333333205,23.568749999999817],[55.43124999999873,23.577083333333142],[55.427083333332064,23.577083333333142],[55.4229166666654,23.581249999999834],[55.40624999999878,23.581249999999834],[55.402083333332115,23.585416666666497],[55.39791666666537,23.581249999999834],[55.39374999999873,23.585416666666497],[55.38958333333207,23.585416666666497],[55.38541666666541,23.58958333333316],[55.381249999998744,23.585416666666497],[55.368749999998755,23.585416666666497],[55.36458333333212,23.58958333333316],[55.35624999999871,23.58958333333316],[55.35208333333205,23.593749999999808],[55.347916666665384,23.593749999999808],[55.34374999999872,23.59791666666647],[55.33958333333209,23.59791666666647],[55.335416666665424,23.593749999999808],[55.3270833333321,23.593749999999808],[55.32291666666535,23.58958333333316],[55.31874999999869,23.593749999999808],[55.31874999999869,23.59791666666647],[55.31458333333205,23.602083333333177],[55.30624999999873,23.602083333333177],[55.302083333332064,23.59791666666647],[55.2979166666654,23.59791666666647],[55.29374999999874,23.602083333333177],[55.29374999999874,23.606249999999825],[55.289583333332104,23.606249999999825],[55.28541666666544,23.602083333333177],[55.28124999999878,23.602083333333177],[55.277083333332115,23.606249999999825],[55.27291666666545,23.606249999999825],[55.268749999998704,23.610416666666488],[55.26458333333204,23.610416666666488],[55.256249999998744,23.618749999999842],[55.25208333333208,23.618749999999842],[55.24791666666542,23.61458333333315],[55.243749999998755,23.618749999999842],[55.23958333333209,23.61458333333315],[55.222916666665384,23.61458333333315],[55.21874999999872,23.618749999999842],[55.210416666665424,23.618749999999842],[55.2020833333321,23.627083333333168],[55.19374999999877,23.627083333333168],[55.189583333332024,23.631249999999817],[55.18124999999873,23.631249999999817],[55.177083333332064,23.63541666666648],[55.15624999999878,23.63541666666648],[55.14791666666545,23.643749999999834],[55.13958333333204,23.643749999999834],[55.131249999998744,23.65208333333316],[55.131249999998744,23.656249999999808],[55.12708333333208,23.66041666666647],[55.12708333333208,23.668749999999825],[55.12291666666542,23.672916666666488],[55.12291666666542,23.677083333333194]]}},{"type":"Feature","properties":{"HYRIV_ID":20869162,"NEXT_DOWN":20869043,"MAIN_RIV":20869555,"LENGTH_KM":13.73,"CATCH_SKM":31.68,"DIS_AV_CMS":0.01,"ORD_STRA":2,"ORD_FLOW":8},"geometry":{"type":"LineString","coordinates":[[55.68541666666539,23.593749999999808],[55.66874999999877,23.593749999999808],[55.65624999999869,23.581249999999834],[55.65208333333206,23.581249999999834],[55.647916666665395,23.577083333333142],[55.647916666665395,23.572916666666522],[55.64374999999873,23.568749999999817],[55.62708333333211,23.568749999999817],[55.622916666665446,23.572916666666522],[55.61874999999878,23.572916666666522],[55.61041666666537,23.564583333333154],[55.602083333332075,23.572916666666522],[55.59791666666541,23.568749999999817],[55.59374999999875,23.572916666666522],[55.585416666665424,23.572916666666522],[55.581249999998676,23.577083333333142]]}},{"type":"Feature","properties":{"HYRIV_ID":20869204,"NEXT_DOWN":20869126,"MAIN_RIV":20867647,"LENGTH_KM":6.5500002,"CATCH_SKM":26.76,"DIS_AV_CMS":0.002,"ORD_STRA":1,"ORD_FLOW":9},"geometry":{"type":"LineString","coordinates":[[54.46249999999878,23.560416666666505],[54.43958333333208,23.560416666666505],[54.42708333333212,23.572916666666522],[54.42291666666546,23.572916666666522],[54.418749999998795,23.568749999999817],[54.40624999999872,23.568749999999817]]}},{"type":"Feature","properties":{"HYRIV_ID":20869205,"NEXT_DOWN":20869555,"MAIN_RIV":20869555,"LENGTH_KM":1.26,"CATCH_SKM":2.75,"DIS_AV_CMS":0.0,"ORD_STRA":5,"ORD_FLOW":10},"geometry":{"type":"LineString","coordinates":[[55.06458333333211,23.568749999999817],[55.0562499999987,23.560416666666505]]}},{"type":"Feature","properties":{"HYRIV_ID":20869244,"NEXT_DOWN":20869125,"MAIN_RIV":20864747,"LENGTH_KM":2.04,"CATCH_SKM":27.75,"DIS_AV_CMS":0.003,"ORD_STRA":1,"ORD_FLOW":9},"geometry":{"type":"LineString","coordinates":[[54.099999999998744,23.554166666666468],[54.1104166666654,23.564583333333154],[54.1104166666654,23.568749999999817]]}},{"type":"Feature","properties":{"HYRIV_ID":20869245,"NEXT_DOWN":20869128,"MAIN_RIV":20869555,"LENGTH_KM":11.61,"CATCH_SKM":49.389999,"DIS_AV_CMS":0.007,"ORD_STRA":1,"ORD_FLOW":9},"geometry":{"type":"LineString","coordinates":[[55.17083333333207,23.560416666666505],[55.16041666666541,23.560416666666505],[55.15624999999878,23.564583333333154],[55.13541666666538,23.564583333333154],[55.131249999998744,23.560416666666505],[55.12291666666542,23.560416666666505],[55.118749999998755,23.556249999999842],[55.11458333333209,23.556249999999842],[55.11041666666543,23.560416666666505],[55.10208333333205,23.560416666666505],[55.097916666665384,23.564583333333154],[55.09374999999872,23.564583333333154],[55.08124999999876,23.577083333333142],[55.072916666665435,23.577083333333142]]}},{"type":"Feature","properties":{"HYRIV_ID":20869289,"NEXT_DOWN":20869517,"MAIN_RIV":20869555,"LENGTH_KM":6.6,"CATCH_SKM":19.280001,"DIS_AV_CMS":0.0,"ORD_STRA":4,"ORD_FLOW":10},"geometry":{"type":"LineString","coordinates":[[55.56458333333205,23.58958333333316],[55.56041666666539,23.585416666666497],[55.56041666666539,23.581249999999834],[55.54791666666543,23.568749999999817],[55.54791666666543,23.564583333333154],[55.53541666666544,23.55208333333318],[55.522916666665395,23.55208333333318]]}},{"type":"Feature","properties":{"HYRIV_ID":20869366,"NEXT_DOWN":20868718,"MAIN_RIV":20867647,"LENGTH_KM":17.48,"CATCH_SKM":62.959999,"DIS_AV_CMS":0.0,"ORD_STRA":2,"ORD_FLOW":10},"geometry":{"type":"LineString","coordinates":[[54.56458333333208,23.543749999999825],[54.56041666666542,23.543749999999825],[54.55624999999878,23.547916666666488],[54.55208333333212,23.547916666666488],[54.54791666666546,23.55208333333318],[54.543749999998795,23.55208333333318],[54.535416666665384,23.560416666666505],[54.53124999999875,23.560416666666505],[54.52708333333209,23.564583333333154],[54.522916666665424,23.564583333333154],[54.5062499999988,23.581249999999834],[54.50208333333205,23.581249999999834],[54.49791666666539,23.585416666666497],[54.4854166666654,23.585416666666497],[54.48124999999877,23.58958333333316],[54.477083333332104,23.58958333333316],[54.47291666666544,23.593749999999808],[54.46874999999878,23.593749999999808],[54.464583333332115,23.59791666666647],[54.44791666666541,23.59791666666647],[54.431249999998755,23.61458333333315],[54.42708333333212,23.61458333333315]]}},{"type":"Feature","properties":{"HYRIV_ID":20869367,"NEXT_DOWN":20868884,"MAIN_RIV":20867647,"LENGTH_KM":19.0,"CATCH_SKM":79.889999,"DIS_AV_CMS":0.009,"ORD_STRA":1,"ORD_FLOW":9},"geometry":{"type":"LineString","coordinates":[[54.741666666665424,23.543749999999825],[54.73124999999877,23.543749999999825],[54.727083333332104,23.547916666666488],[54.71458333333206,23.547916666666488],[54.710416666665395,23.55208333333318],[54.70208333333207,23.55208333333318],[54.69791666666541,23.556249999999842],[54.685416666665446,23.556249999999842],[54.67708333333212,23.564583333333154],[54.66458333333205,23.564583333333154],[54.66041666666541,23.568749999999817],[54.65208333333209,23.568749999999817],[54.64374999999876,23.577083333333142],[54.62708333333205,23.577083333333142],[54.614583333332064,23.58958333333316],[54.59791666666544,23.58958333333316],[54.58958333333203,23.59791666666647],[54.58124999999873,23.59791666666647]]}},{"type":"Feature","properties":{"HYRIV_ID":20869425,"NEXT_DOWN":20870436,"MAIN_RIV":20874339,"LENGTH_KM":2.58,"CATCH_SKM":18.3,"DIS_AV_CMS":0.003,"ORD_STRA":1,"ORD_FLOW":9},"geometry":{"type":"LineString","coordinates":[[54.64166666666543,23.547916666666488],[54.65624999999875,23.547916666666488],[54.66041666666541,23.543749999999825],[54.66041666666541,23.539583333333162]]}},{"type":"Feature","properties":{"HYRIV_ID":20869465,"NEXT_DOWN":20869126,"MAIN_RIV":20867647,"LENGTH_KM":5.3800001,"CATCH_SKM":15.74,"DIS_AV_CMS":0.025,"ORD_STRA":3,"ORD_FLOW":8},"geometry":{"type":"LineString","coordinates":[[54.418749999998795,23.535416666666514],[54.41041666666547,23.543749999999825],[54.40208333333209,23.543749999999825],[54.397916666665424,23.547916666666488],[54.397916666665424,23.560416666666505],[54.40624999999872,23.568749999999817]]}},{"type":"Feature","properties":{"HYRIV_ID":20869466,"NEXT_DOWN":20870436,"MAIN_RIV":20874339,"LENGTH_KM":0.94,"CATCH_SKM":11.81,"DIS_AV_CMS":0.002,"ORD_STRA":1,"ORD_FLOW":9},"geometry":{"type":"LineString","coordinates":[[54.65416666666542,23.53333333333314],[54.66041666666541,23.539583333333162]]}},{"type":"Feature","properties":{"HYRIV_ID":20869467,"NEXT_DOWN":20869556,"MAIN_RIV":20869555,"LENGTH_KM":19.780001,"CATCH_SKM":65.900002,"DIS_AV_CMS":0.013,"ORD_STRA":3,"ORD_FLOW":8},"geometry":{"type":"LineString","coordinates":[[55.77708333333206,23.631249999999817],[55.76874999999873,23.622916666666463],[55.772916666665395,23.618749999999842],[55.76874999999873,23.61458333333315],[55.772916666665395,23.610416666666488],[55.76874999999873,23.606249999999825],[55.76458333333207,23.606249999999825],[55.76041666666541,23.610416666666488],[55.75624999999877,23.606249999999825],[55.75208333333211,23.606249999999825],[55.7437499999987,23.59791666666647],[55.7437499999987,23.58958333333316],[55.739583333332035,23.585416666666497],[55.73541666666537,23.585416666666497],[55.73124999999874,23.581249999999834],[55.727083333332075,23.581249999999834],[55.72291666666541,23.577083333333142],[55.72291666666541,23.572916666666522],[55.71458333333209,23.564583333333154],[55.71458333333209,23.560416666666505],[55.71041666666534,23.560416666666505],[55.706249999998704,23.564583333333154],[55.70208333333204,23.564583333333154],[55.69791666666538,23.568749999999817],[55.68541666666539,23.556249999999842],[55.68958333333205,23.55208333333318],[55.68958333333205,23.547916666666488],[55.68541666666539,23.543749999999825],[55.68541666666539,23.539583333333162],[55.68124999999873,23.535416666666514]]}},{"type":"Feature","properties":{"HYRIV_ID":20869468,"NEXT_DOWN":20869556,"MAIN_RIV":20869555,"LENGTH_KM":1.27,"CATCH_SKM":1.38,"DIS_AV_CMS":0.0,"ORD_STRA":3,"ORD_FLOW":10},"geometry":{"type":"LineString","coordinates":[[55.693749999998715,23.535416666666514],[55.68124999999873,23.535416666666514]]}},{"type":"Feature","properties":{"HYRIV_ID":20869469,"NEXT_DOWN":20869468,"MAIN_RIV":20869555,"LENGTH_KM":13.35,"CATCH_SKM":28.139999,"DIS_AV_CMS":0.0,"ORD_STRA":3,"ORD_FLOW":10},"geometry":{"type":"LineString","coordinates":[[55.78958333333202,23.572916666666522],[55.785416666665384,23.568749999999817],[55.785416666665384,23.564583333333154],[55.78124999999872,23.560416666666505],[55.772916666665395,23.560416666666505],[55.76458333333207,23.55208333333318],[55.76041666666541,23.55208333333318],[55.75208333333211,23.543749999999825],[55.7437499999987,23.55208333333318],[55.739583333332035,23.55208333333318],[55.73541666666537,23.547916666666488],[55.73124999999874,23.547916666666488],[55.727083333332075,23.55208333333318],[55.71874999999875,23.55208333333318],[55.71458333333209,23.547916666666488],[55.71458333333209,23.543749999999825],[55.71041666666534,23.539583333333162],[55.706249999998704,23.539583333333162],[55.70208333333204,23.535416666666514],[55.693749999998715,23.535416666666514]]}},{"type":"Feature","properties":{"HYRIV_ID":20869514,"NEXT_DOWN":20868716,"MAIN_RIV":20864747,"LENGTH_KM":11.67,"CATCH_SKM":32.66,"DIS_AV_CMS":0.0,"ORD_STRA":3,"ORD_FLOW":10},"geometry":{"type":"LineString","coordinates":[[54.06458333333205,23.531249999999808],[54.06458333333205,23.535416666666514],[54.04791666666543,23.55208333333318],[54.04791666666543,23.556249999999842],[54.04374999999877,23.560416666666505],[54.04374999999877,23.564583333333154],[54.04791666666543,23.568749999999817],[54.04791666666543,23.572916666666522],[54.05208333333209,23.577083333333142],[54.05208333333209,23.585416666666497],[54.04791666666543,23.58958333333316],[54.05208333333209,23.593749999999808],[54.05208333333209,23.59791666666647],[54.04374999999877,23.606249999999825],[54.039583333332104,23.606249999999825],[54.03541666666547,23.610416666666488],[54.03541666666547,23.61458333333315]]}},{"type":"Feature","properties":{"HYRIV_ID":20869515,"NEXT_DOWN":20869040,"MAIN_RIV":20864747,"LENGTH_KM":9.6,"CATCH_SKM":48.02,"DIS_AV_CMS":0.003,"ORD_STRA":1,"ORD_FLOW":9},"geometry":{"type":"LineString","coordinates":[[54.27499999999873,23.531249999999808],[54.26874999999876,23.531249999999808],[54.260416666665435,23.539583333333162],[54.25208333333211,23.539583333333162],[54.24791666666536,23.543749999999825],[54.239583333332064,23.543749999999825],[54.2354166666654,23.547916666666488],[54.23124999999874,23.547916666666488],[54.23124999999874,23.55208333333318],[54.227083333332075,23.556249999999842],[54.22291666666541,23.556249999999842],[54.214583333332115,23.564583333333154],[54.214583333332115,23.572916666666522],[54.21041666666545,23.577083333333142]]}},{"type":"Feature","properties":{"HYRIV_ID":20869516,"NEXT_DOWN":20869366,"MAIN_RIV":20867647,"LENGTH_KM":1.55,"CATCH_SKM":1.5700001,"DIS_AV_CMS":0.012,"ORD_STRA":2,"ORD_FLOW":8},"geometry":{"type":"LineString","coordinates":[[54.56041666666542,23.531249999999808],[54.56041666666542,23.535416666666514],[54.56458333333208,23.539583333333162],[54.56458333333208,23.543749999999825]]}},{"type":"Feature","properties":{"HYRIV_ID":20869517,"NEXT_DOWN":20869042,"MAIN_RIV":20869555,"LENGTH_KM":53.740002,"CATCH_SKM":177.86,"DIS_AV_CMS":0.0,"ORD_STRA":5,"ORD_FLOW":10},"geometry":{"type":"LineString","coordinates":[[55.522916666665395,23.55208333333318],[55.51041666666541,23.55208333333318],[55.506249999998744,23.547916666666488],[55.497916666665446,23.547916666666488],[55.49374999999878,23.543749999999825],[55.47708333333205,23.543749999999825],[55.472916666665384,23.539583333333162],[55.46874999999875,23.539583333333162],[55.46458333333209,23.535416666666514],[55.460416666665424,23.535416666666514],[55.45624999999876,23.531249999999808],[55.44791666666535,23.539583333333162],[55.427083333332064,23.539583333333162],[55.4229166666654,23.543749999999825],[55.414583333332104,23.535416666666514],[55.40624999999878,23.535416666666514],[55.402083333332115,23.539583333333162],[55.39374999999873,23.539583333333162],[55.38958333333207,23.543749999999825],[55.38541666666541,23.539583333333162],[55.381249999998744,23.539583333333162],[55.37708333333208,23.535416666666514],[55.368749999998755,23.535416666666514],[55.35208333333205,23.55208333333318],[55.34374999999872,23.55208333333318],[55.335416666665424,23.560416666666505],[55.3270833333321,23.560416666666505],[55.32291666666535,23.564583333333154],[55.31874999999869,23.564583333333154],[55.31458333333205,23.560416666666505],[55.31041666666539,23.564583333333154],[55.2979166666654,23.564583333333154],[55.29374999999874,23.568749999999817],[55.289583333332104,23.568749999999817],[55.28541666666544,23.572916666666522],[55.28124999999878,23.572916666666522],[55.277083333332115,23.568749999999817],[55.268749999998704,23.568749999999817],[55.26458333333204,23.564583333333154],[55.256249999998744,23.564583333333154],[55.243749999998755,23.577083333333142],[55.23958333333209,23.577083333333142],[55.23124999999871,23.585416666666497],[55.22708333333205,23.581249999999834],[55.222916666665384,23.585416666666497],[55.21458333333206,23.577083333333142],[55.2020833333321,23.577083333333142],[55.197916666665435,23.581249999999834],[55.19374999999877,23.581249999999834],[55.189583333332024,23.585416666666497],[55.177083333332064,23.585416666666497],[55.16874999999874,23.593749999999808],[55.16041666666541,23.593749999999808],[55.15624999999878,23.59791666666647],[55.152083333332115,23.59791666666647],[55.14791666666545,23.602083333333177],[55.131249999998744,23.602083333333177],[55.12291666666542,23.610416666666488],[55.12708333333208,23.61458333333315],[55.12291666666542,23.618749999999842],[55.11041666666543,23.618749999999842],[55.10624999999871,23.622916666666463],[55.097916666665384,23.622916666666463]]}},{"type":"Feature","properties":{"HYRIV_ID":20869553,"NEXT_DOWN":20869516,"MAIN_RIV":20867647,"LENGTH_KM":6.33,"CATCH_SKM":33.259998,"DIS_AV_CMS":0.005,"ORD_STRA":1,"ORD_FLOW":9},"geometry":{"type":"LineString","coordinates":[[54.508333333332104,23.527083333333145],[54.5145833333321,23.527083333333145],[54.51874999999876,23.531249999999808],[54.52708333333209,23.531249999999808],[54.535416666665384,23.539583333333162],[54.54791666666546,23.539583333333162],[54.55624999999878,23.531249999999808],[54.56041666666542,23.531249999999808]]}},{"type":"Feature","properties":{"HYRIV_ID":20869554,"NEXT_DOWN":0,"MAIN_RIV":20869554,"LENGTH_KM":32.950001,"CATCH_SKM":142.06,"DIS_AV_CMS":0.007,"ORD_STRA":2,"ORD_FLOW":9},"geometry":{"type":"LineString","coordinates":[[54.74791666666539,23.602083333333177],[54.75208333333205,23.59791666666647],[54.789583333332075,23.59791666666647],[54.79374999999874,23.593749999999808],[54.80208333333212,23.593749999999808],[54.810416666665446,23.585416666666497],[54.82291666666541,23.585416666666497],[54.83124999999873,23.577083333333142],[54.83541666666548,23.577083333333142],[54.83958333333206,23.572916666666522],[54.84374999999872,23.572916666666522],[54.847916666665355,23.568749999999817],[54.85624999999877,23.568749999999817],[54.86041666666543,23.572916666666522],[54.86458333333209,23.568749999999817],[54.868749999998755,23.568749999999817],[54.87291666666539,23.564583333333154],[54.881249999998715,23.564583333333154],[54.88541666666538,23.560416666666505],[54.889583333332126,23.560416666666505],[54.89374999999879,23.556249999999842],[54.90208333333209,23.556249999999842],[54.90624999999875,23.55208333333318],[54.914583333332075,23.55208333333318],[54.91874999999874,23.547916666666488],[54.927083333332035,23.547916666666488],[54.9312499999987,23.543749999999825],[54.94374999999877,23.543749999999825],[54.947916666665435,23.539583333333162],[54.96458333333206,23.539583333333162],[54.96874999999872,23.535416666666514],[54.98541666666543,23.535416666666514],[54.98958333333209,23.531249999999808],[55.006249999998715,23.531249999999808],[55.01041666666538,23.527083333333145],[55.03124999999875,23.527083333333145]]}},{"type":"Feature","properties":{"HYRIV_ID":20869555,"NEXT_DOWN":0,"MAIN_RIV":20869555,"LENGTH_KM":4.7,"CATCH_SKM":12.59,"DIS_AV_CMS":0.0,"ORD_STRA":5,"ORD_FLOW":10},"geometry":{"type":"LineString","coordinates":[[55.0562499999987,23.560416666666505],[55.04374999999874,23.547916666666488],[55.04374999999874,23.543749999999825],[55.03541666666541,23.535416666666514],[55.03541666666541,23.531249999999808],[55.03124999999875,23.527083333333145]]}},{"type":"Feature","properties":{"HYRIV_ID":20869556,"NEXT_DOWN":20869517,"MAIN_RIV":20869555,"LENGTH_KM":20.07,"CATCH_SKM":62.380001,"DIS_AV_CMS":0.0,"ORD_STRA":4,"ORD_FLOW":10},"geometry":{"type":"LineString","coordinates":[[55.68124999999873,23.535416666666514],[55.664583333332104,23.535416666666514],[55.660416666665355,23.539583333333162],[55.647916666665395,23.539583333333162],[55.63958333333207,23.547916666666488],[55.63541666666541,23.547916666666488],[55.631249999998744,23.543749999999825],[55.622916666665446,23.543749999999825],[55.614583333332035,23.535416666666514],[55.61041666666537,23.539583333333162],[55.602083333332075,23.539583333333162],[55.59791666666541,23.543749999999825],[55.585416666665424,23.531249999999808],[55.581249999998676,23.531249999999808],[55.57708333333204,23.527083333333145],[55.57291666666538,23.531249999999808],[55.56041666666539,23.531249999999808],[55.55624999999873,23.535416666666514],[55.53541666666544,23.535416666666514],[55.522916666665395,23.547916666666488],[55.522916666665395,23.55208333333318]]}},{"type":"Feature","properties":{"HYRIV_ID":20869595,"NEXT_DOWN":0,"MAIN_RIV":20869595,"LENGTH_KM":0.63,"CATCH_SKM":0.98,"DIS_AV_CMS":0.034,"ORD_STRA":2,"ORD_FLOW":8},"geometry":{"type":"LineString","coordinates":[[55.03541666666541,23.522916666666497],[55.03124999999875,23.527083333333145]]}},{"type":"Feature","properties":{"HYRIV_ID":20869596,"NEXT_DOWN":20869468,"MAIN_RIV":20869555,"LENGTH_KM":5.7399998,"CATCH_SKM":23.219999,"DIS_AV_CMS":0.004,"ORD_STRA":1,"ORD_FLOW":9},"geometry":{"type":"LineString","coordinates":[[55.72916666666541,23.531249999999808],[55.71041666666534,23.531249999999808],[55.706249999998704,23.527083333333145],[55.706249999998704,23.522916666666497],[55.69791666666538,23.522916666666497],[55.693749999998715,23.527083333333145],[55.69791666666538,23.531249999999808],[55.693749999998715,23.535416666666514]]}},{"type":"Feature","properties":{"HYRIV_ID":20869634,"NEXT_DOWN":20869848,"MAIN_RIV":20874339,"LENGTH_KM":2.4200001,"CATCH_SKM":15.55,"DIS_AV_CMS":0.003,"ORD_STRA":1,"ORD_FLOW":9},"geometry":{"type":"LineString","coordinates":[[54.787499999998744,23.529166666666477],[54.79374999999874,23.522916666666497],[54.79791666666537,23.522916666666497],[54.80208333333212,23.518749999999834],[54.80624999999878,23.518749999999834]]}},{"type":"Feature","properties":{"HYRIV_ID":20869635,"NEXT_DOWN":20869848,"MAIN_RIV":20874339,"LENGTH_KM":3.4200001,"CATCH_SKM":16.139999,"DIS_AV_CMS":0.003,"ORD_STRA":1,"ORD_FLOW":9},"geometry":{"type":"LineString","coordinates":[[54.80416666666545,23.545833333333157],[54.810416666665446,23.539583333333162],[54.810416666665446,23.535416666666514],[54.80624999999878,23.531249999999808],[54.80624999999878,23.518749999999834]]}},{"type":"Feature","properties":{"HYRIV_ID":20869716,"NEXT_DOWN":20869465,"MAIN_RIV":20867647,"LENGTH_KM":4.1799998,"CATCH_SKM":17.129999,"DIS_AV_CMS":0.002,"ORD_STRA":1,"ORD_FLOW":9},"geometry":{"type":"LineString","coordinates":[[54.40416666666539,23.508333333333148],[54.41041666666547,23.514583333333128],[54.41458333333213,23.514583333333128],[54.418749999998795,23.518749999999834],[54.41458333333213,23.522916666666497],[54.41458333333213,23.531249999999808],[54.418749999998795,23.535416666666514]]}},{"type":"Feature","properties":{"HYRIV_ID":20869756,"NEXT_DOWN":20869514,"MAIN_RIV":20864747,"LENGTH_KM":3.54,"CATCH_SKM":8.0699997,"DIS_AV_CMS":0.0,"ORD_STRA":3,"ORD_FLOW":10},"geometry":{"type":"LineString","coordinates":[[54.05208333333209,23.506249999999817],[54.056249999998755,23.51041666666648],[54.056249999998755,23.527083333333145],[54.06041666666542,23.527083333333145],[54.06458333333205,23.531249999999808]]}},{"type":"Feature","properties":{"HYRIV_ID":20869757,"NEXT_DOWN":20869756,"MAIN_RIV":20864747,"LENGTH_KM":0.64,"CATCH_SKM":12.4,"DIS_AV_CMS":0.002,"ORD_STRA":1,"ORD_FLOW":9},"geometry":{"type":"LineString","coordinates":[[54.05833333333209,23.506249999999817],[54.05208333333209,23.506249999999817]]}},{"type":"Feature","properties":{"HYRIV_ID":20869758,"NEXT_DOWN":20869465,"MAIN_RIV":20867647,"LENGTH_KM":4.2399998,"CATCH_SKM":9.25,"DIS_AV_CMS":0.087,"ORD_STRA":3,"ORD_FLOW":8},"geometry":{"type":"LineString","coordinates":[[54.443749999998744,23.506249999999817],[54.431249999998755,23.518749999999834],[54.431249999998755,23.522916666666497],[54.418749999998795,23.535416666666514]]}},{"type":"Feature","properties":{"HYRIV_ID":20869800,"NEXT_DOWN":20869125,"MAIN_RIV":20864747,"LENGTH_KM":14.72,"CATCH_SKM":76.169998,"DIS_AV_CMS":0.002,"ORD_STRA":1,"ORD_FLOW":9},"geometry":{"type":"LineString","coordinates":[[54.22083333333208,23.506249999999817],[54.21041666666545,23.506249999999817],[54.20624999999879,23.502083333333154],[54.202083333332126,23.506249999999817],[54.193749999998744,23.506249999999817],[54.18958333333208,23.51041666666648],[54.18541666666542,23.51041666666648],[54.181249999998755,23.514583333333128],[54.17708333333209,23.514583333333128],[54.17291666666543,23.518749999999834],[54.16874999999877,23.518749999999834],[54.13124999999877,23.556249999999842],[54.122916666665446,23.556249999999842],[54.1104166666654,23.568749999999817]]}},{"type":"Feature","properties":{"HYRIV_ID":20869801,"NEXT_DOWN":20869758,"MAIN_RIV":20867647,"LENGTH_KM":7.39,"CATCH_SKM":20.27,"DIS_AV_CMS":0.006,"ORD_STRA":2,"ORD_FLOW":9},"geometry":{"type":"LineString","coordinates":[[54.5062499999988,23.502083333333154],[54.50208333333205,23.506249999999817],[54.4854166666654,23.506249999999817],[54.48124999999877,23.51041666666648],[54.46874999999878,23.51041666666648],[54.464583333332115,23.514583333333128],[54.45208333333207,23.514583333333128],[54.443749999998744,23.506249999999817]]}},{"type":"Feature","properties":{"HYRIV_ID":20869802,"NEXT_DOWN":20870375,"MAIN_RIV":20874339,"LENGTH_KM":2.76,"CATCH_SKM":22.040001,"DIS_AV_CMS":0.004,"ORD_STRA":1,"ORD_FLOW":9},"geometry":{"type":"LineString","coordinates":[[54.84999999999869,23.520833333333165],[54.85624999999877,23.514583333333128],[54.86041666666543,23.514583333333128],[54.86041666666543,23.502083333333154]]}},{"type":"Feature","properties":{"HYRIV_ID":20869846,"NEXT_DOWN":20869847,"MAIN_RIV":20864747,"LENGTH_KM":4.31,"CATCH_SKM":23.030001,"DIS_AV_CMS":0.003,"ORD_STRA":1,"ORD_FLOW":9},"geometry":{"type":"LineString","coordinates":[[54.00416666666544,23.520833333333165],[54.022916666665395,23.502083333333154],[54.02708333333214,23.502083333333154],[54.031249999998806,23.497916666666505],[54.03541666666547,23.497916666666505]]}},{"type":"Feature","properties":{"HYRIV_ID":20869847,"NEXT_DOWN":20869756,"MAIN_RIV":20864747,"LENGTH_KM":2.37,"CATCH_SKM":3.35,"DIS_AV_CMS":0.0,"ORD_STRA":3,"ORD_FLOW":10},"geometry":{"type":"LineString","coordinates":[[54.03541666666547,23.497916666666505],[54.03541666666547,23.502083333333154],[54.039583333332104,23.502083333333154],[54.04374999999877,23.506249999999817],[54.05208333333209,23.506249999999817]]}},{"type":"Feature","properties":{"HYRIV_ID":20869848,"NEXT_DOWN":20870375,"MAIN_RIV":20874339,"LENGTH_KM":6.75,"CATCH_SKM":17.91,"DIS_AV_CMS":0.008,"ORD_STRA":2,"ORD_FLOW":9},"geometry":{"type":"LineString","coordinates":[[54.80624999999878,23.518749999999834],[54.81458333333211,23.51041666666648],[54.82708333333207,23.51041666666648],[54.83124999999873,23.506249999999817],[54.83541666666548,23.506249999999817],[54.83958333333206,23.502083333333154],[54.84374999999872,23.502083333333154],[54.847916666665355,23.497916666666505],[54.85624999999877,23.497916666666505],[54.86041666666543,23.502083333333154]]}},{"type":"Feature","properties":{"HYRIV_ID":20869849,"NEXT_DOWN":20869595,"MAIN_RIV":20869595,"LENGTH_KM":5.0100002,"CATCH_SKM":18.9,"DIS_AV_CMS":0.003,"ORD_STRA":1,"ORD_FLOW":9},"geometry":{"type":"LineString","coordinates":[[55.054166666665395,23.495833333333174],[55.0479166666654,23.502083333333154],[55.04374999999874,23.497916666666505],[55.03124999999875,23.51041666666648],[55.03124999999875,23.514583333333128],[55.03541666666541,23.518749999999834],[55.03541666666541,23.522916666666497]]}},{"type":"Feature","properties":{"HYRIV_ID":20869850,"NEXT_DOWN":20869595,"MAIN_RIV":20869595,"LENGTH_KM":9.1099997,"CATCH_SKM":27.360001,"DIS_AV_CMS":0.032,"ORD_STRA":2,"ORD_FLOW":8},"geometry":{"type":"LineString","coordinates":[[55.10624999999871,23.497916666666505],[55.097916666665384,23.497916666666505],[55.08958333333206,23.506249999999817],[55.08958333333206,23.51041666666648],[55.085416666665395,23.514583333333128],[55.072916666665435,23.514583333333128],[55.06874999999877,23.51041666666648],[55.06458333333211,23.51041666666648],[55.06041666666536,23.514583333333128],[55.0562499999987,23.514583333333128],[55.052083333332064,23.518749999999834],[55.039583333332075,23.518749999999834],[55.03541666666541,23.522916666666497]]}},{"type":"Feature","properties":{"HYRIV_ID":20869851,"NEXT_DOWN":20869850,"MAIN_RIV":20869595,"LENGTH_KM":4.6500001,"CATCH_SKM":22.440001,"DIS_AV_CMS":0.004,"ORD_STRA":1,"ORD_FLOW":9},"geometry":{"type":"LineString","coordinates":[[55.14583333333212,23.502083333333154],[55.13958333333204,23.502083333333154],[55.13541666666538,23.506249999999817],[55.12708333333208,23.506249999999817],[55.12291666666542,23.502083333333154],[55.11458333333209,23.502083333333154],[55.11041666666543,23.497916666666505],[55.10624999999871,23.497916666666505]]}},{"type":"Feature","properties":{"HYRIV_ID":20869886,"NEXT_DOWN":20869017,"MAIN_RIV":20867647,"LENGTH_KM":16.5,"CATCH_SKM":79.120003,"DIS_AV_CMS":0.0,"ORD_STRA":1,"ORD_FLOW":10},"geometry":{"type":"LineString","coordinates":[[54.32499999999874,23.49166666666651],[54.331249999998704,23.497916666666505],[54.331249999998704,23.514583333333128],[54.33541666666545,23.518749999999834],[54.34374999999878,23.518749999999834],[54.34791666666544,23.514583333333128],[54.35624999999874,23.522916666666497],[54.36874999999873,23.522916666666497],[54.37291666666539,23.527083333333145],[54.37291666666539,23.535416666666514],[54.36874999999873,23.539583333333162],[54.36874999999873,23.543749999999825],[54.37291666666539,23.547916666666488],[54.37708333333211,23.543749999999825],[54.38124999999877,23.547916666666488],[54.38124999999877,23.556249999999842],[54.37708333333211,23.560416666666505],[54.385416666665435,23.568749999999817],[54.38124999999877,23.572916666666522],[54.38124999999877,23.577083333333142],[54.385416666665435,23.581249999999834]]}},{"type":"Feature","properties":{"HYRIV_ID":20869887,"NEXT_DOWN":20869555,"MAIN_RIV":20869555,"LENGTH_KM":50.279999,"CATCH_SKM":169.46001,"DIS_AV_CMS":0.0,"ORD_STRA":3,"ORD_FLOW":10},"geometry":{"type":"LineString","coordinates":[[55.48541666666537,23.493749999999842],[55.472916666665384,23.493749999999842],[55.46874999999875,23.497916666666505],[55.44791666666535,23.497916666666505],[55.443749999998715,23.502083333333154],[55.43958333333205,23.502083333333154],[55.43541666666539,23.497916666666505],[55.43124999999873,23.502083333333154],[55.41874999999877,23.502083333333154],[55.414583333332104,23.506249999999817],[55.39791666666537,23.506249999999817],[55.39374999999873,23.502083333333154],[55.38541666666541,23.502083333333154],[55.381249999998744,23.506249999999817],[55.37708333333208,23.502083333333154],[55.35624999999871,23.502083333333154],[55.35208333333205,23.506249999999817],[55.34374999999872,23.506249999999817],[55.33958333333209,23.51041666666648],[55.335416666665424,23.51041666666648],[55.33124999999876,23.514583333333128],[55.3270833333321,23.514583333333128],[55.32291666666535,23.518749999999834],[55.302083333332064,23.518749999999834],[55.2979166666654,23.522916666666497],[55.29374999999874,23.522916666666497],[55.289583333332104,23.527083333333145],[55.28541666666544,23.527083333333145],[55.28124999999878,23.531249999999808],[55.26041666666541,23.531249999999808],[55.256249999998744,23.535416666666514],[55.23958333333209,23.535416666666514],[55.23541666666537,23.531249999999808],[55.23124999999871,23.535416666666514],[55.21874999999872,23.535416666666514],[55.210416666665424,23.527083333333145],[55.20624999999876,23.527083333333145],[55.2020833333321,23.531249999999808],[55.197916666665435,23.527083333333145],[55.164583333332075,23.527083333333145],[55.16041666666541,23.531249999999808],[55.152083333332115,23.531249999999808],[55.14791666666545,23.535416666666514],[55.13958333333204,23.535416666666514],[55.131249999998744,23.543749999999825],[55.10624999999871,23.543749999999825],[55.10208333333205,23.547916666666488],[55.09374999999872,23.547916666666488],[55.08958333333206,23.543749999999825],[55.08124999999876,23.543749999999825],[55.0770833333321,23.547916666666488],[55.072916666665435,23.547916666666488],[55.06041666666536,23.560416666666505],[55.0562499999987,23.560416666666505]]}},{"type":"Feature","properties":{"HYRIV_ID":20869888,"NEXT_DOWN":20869887,"MAIN_RIV":20869555,"LENGTH_KM":12.5,"CATCH_SKM":48.029999,"DIS_AV_CMS":0.007,"ORD_STRA":1,"ORD_FLOW":9},"geometry":{"type":"LineString","coordinates":[[55.587499999998755,23.506249999999817],[55.581249999998676,23.506249999999817],[55.57708333333204,23.51041666666648],[55.54791666666543,23.51041666666648],[55.54374999999877,23.514583333333128],[55.522916666665395,23.514583333333128],[55.51874999999873,23.518749999999834],[55.51458333333207,23.518749999999834],[55.51041666666541,23.514583333333128],[55.51041666666541,23.51041666666648],[55.49374999999878,23.493749999999842],[55.48541666666537,23.493749999999842]]}},{"type":"Feature","properties":{"HYRIV_ID":20869922,"NEXT_DOWN":20869801,"MAIN_RIV":20867647,"LENGTH_KM":4.2199998,"CATCH_SKM":18.9,"DIS_AV_CMS":0.004,"ORD_STRA":1,"ORD_FLOW":9},"geometry":{"type":"LineString","coordinates":[[54.54166666666546,23.489583333333137],[54.53124999999875,23.489583333333137],[54.522916666665424,23.497916666666505],[54.5145833333321,23.497916666666505],[54.510416666665435,23.502083333333154],[54.5062499999988,23.502083333333154]]}},{"type":"Feature","properties":{"HYRIV_ID":20869954,"NEXT_DOWN":20869847,"MAIN_RIV":20864747,"LENGTH_KM":1.55,"CATCH_SKM":2.56,"DIS_AV_CMS":0.012,"ORD_STRA":3,"ORD_FLOW":8},"geometry":{"type":"LineString","coordinates":[[54.031249999998806,23.485416666666488],[54.03541666666547,23.489583333333137],[54.03541666666547,23.497916666666505]]}},{"type":"Feature","properties":{"HYRIV_ID":20869987,"NEXT_DOWN":20869954,"MAIN_RIV":20864747,"LENGTH_KM":7.3800001,"CATCH_SKM":17.32,"DIS_AV_CMS":0.0,"ORD_STRA":3,"ORD_FLOW":10},"geometry":{"type":"LineString","coordinates":[[53.97291666666541,23.506249999999817],[53.9854166666654,23.506249999999817],[53.99374999999878,23.497916666666505],[53.997916666665446,23.497916666666505],[54.00208333333211,23.493749999999842],[54.00624999999877,23.493749999999842],[54.010416666665435,23.489583333333137],[54.01458333333207,23.489583333333137],[54.022916666665395,23.481249999999825],[54.02708333333214,23.481249999999825],[54.031249999998806,23.485416666666488]]}},{"type":"Feature","properties":{"HYRIV_ID":20870013,"NEXT_DOWN":20869516,"MAIN_RIV":20867647,"LENGTH_KM":10.18,"CATCH_SKM":41.34,"DIS_AV_CMS":0.007,"ORD_STRA":1,"ORD_FLOW":9},"geometry":{"type":"LineString","coordinates":[[54.604166666665435,23.477083333333162],[54.59374999999878,23.477083333333162],[54.58124999999873,23.489583333333137],[54.57708333333207,23.489583333333137],[54.568749999998744,23.497916666666505],[54.56458333333208,23.497916666666505],[54.56458333333208,23.502083333333154],[54.568749999998744,23.506249999999817],[54.568749999998744,23.51041666666648],[54.57708333333207,23.518749999999834],[54.57291666666541,23.522916666666497],[54.568749999998744,23.522916666666497],[54.56041666666542,23.531249999999808]]}},{"type":"Feature","properties":{"HYRIV_ID":20870014,"NEXT_DOWN":20870091,"MAIN_RIV":20869595,"LENGTH_KM":2.78,"CATCH_SKM":15.16,"DIS_AV_CMS":0.003,"ORD_STRA":1,"ORD_FLOW":9},"geometry":{"type":"LineString","coordinates":[[55.191666666665355,23.489583333333137],[55.2020833333321,23.489583333333137],[55.210416666665424,23.481249999999825],[55.210416666665424,23.477083333333162]]}},{"type":"Feature","properties":{"HYRIV_ID":20870015,"NEXT_DOWN":20870091,"MAIN_RIV":20869595,"LENGTH_KM":3.81,"CATCH_SKM":8.6599998,"DIS_AV_CMS":0.032,"ORD_STRA":2,"ORD_FLOW":8},"geometry":{"type":"LineString","coordinates":[[55.243749999998755,23.477083333333162],[55.23958333333209,23.481249999999825],[55.21458333333206,23.481249999999825],[55.210416666665424,23.477083333333162]]}},{"type":"Feature","properties":{"HYRIV_ID":20870016,"NEXT_DOWN":20870015,"MAIN_RIV":20869595,"LENGTH_KM":2.1300001,"CATCH_SKM":3.35,"DIS_AV_CMS":0.028,"ORD_STRA":2,"ORD_FLOW":8},"geometry":{"type":"LineString","coordinates":[[55.26458333333204,23.477083333333162],[55.243749999998755,23.477083333333162]]}},{"type":"Feature","properties":{"HYRIV_ID":20870017,"NEXT_DOWN":20870016,"MAIN_RIV":20869595,"LENGTH_KM":3.1300001,"CATCH_SKM":17.52,"DIS_AV_CMS":0.003,"ORD_STRA":1,"ORD_FLOW":9},"geometry":{"type":"LineString","coordinates":[[55.26249999999874,23.499999999999822],[55.256249999998744,23.493749999999842],[55.26458333333204,23.485416666666488],[55.26458333333204,23.477083333333162]]}},{"type":"Feature","properties":{"HYRIV_ID":20870057,"NEXT_DOWN":20870092,"MAIN_RIV":20869555,"LENGTH_KM":13.14,"CATCH_SKM":52.759998,"DIS_AV_CMS":0.034,"ORD_STRA":3,"ORD_FLOW":8},"geometry":{"type":"LineString","coordinates":[[55.73124999999874,23.497916666666505],[55.71874999999875,23.497916666666505],[55.71041666666534,23.506249999999817],[55.706249999998704,23.502083333333154],[55.70208333333204,23.502083333333154],[55.69791666666538,23.497916666666505],[55.68958333333205,23.497916666666505],[55.68541666666539,23.502083333333154],[55.68124999999873,23.502083333333154],[55.67708333333209,23.497916666666505],[55.66874999999877,23.497916666666505],[55.664583333332104,23.502083333333154],[55.660416666665355,23.502083333333154],[55.65208333333206,23.493749999999842],[55.647916666665395,23.493749999999842],[55.64374999999873,23.489583333333137],[55.64374999999873,23.481249999999825],[55.63541666666541,23.472916666666514]]}},{"type":"Feature","properties":{"HYRIV_ID":20870090,"NEXT_DOWN":20870265,"MAIN_RIV":20874339,"LENGTH_KM":1.9,"CATCH_SKM":15.16,"DIS_AV_CMS":0.003,"ORD_STRA":1,"ORD_FLOW":9},"geometry":{"type":"LineString","coordinates":[[55.02083333333212,23.477083333333162],[55.027083333332115,23.477083333333162],[55.03541666666541,23.46874999999985]]}},{"type":"Feature","properties":{"HYRIV_ID":20870091,"NEXT_DOWN":20869850,"MAIN_RIV":20869595,"LENGTH_KM":12.46,"CATCH_SKM":30.120001,"DIS_AV_CMS":0.035,"ORD_STRA":2,"ORD_FLOW":8},"geometry":{"type":"LineString","coordinates":[[55.210416666665424,23.477083333333162],[55.20624999999876,23.472916666666514],[55.197916666665435,23.472916666666514],[55.19374999999877,23.46874999999985],[55.18541666666539,23.46874999999985],[55.18124999999873,23.472916666666514],[55.164583333332075,23.472916666666514],[55.16041666666541,23.477083333333162],[55.14791666666545,23.477083333333162],[55.14374999999879,23.481249999999825],[55.13958333333204,23.481249999999825],[55.13541666666538,23.485416666666488],[55.131249999998744,23.485416666666488],[55.12708333333208,23.489583333333137],[55.12291666666542,23.489583333333137],[55.118749999998755,23.493749999999842],[55.11041666666543,23.493749999999842],[55.10624999999871,23.497916666666505]]}},{"type":"Feature","properties":{"HYRIV_ID":20870092,"NEXT_DOWN":20869887,"MAIN_RIV":20869555,"LENGTH_KM":19.280001,"CATCH_SKM":60.84,"DIS_AV_CMS":0.053,"ORD_STRA":3,"ORD_FLOW":8},"geometry":{"type":"LineString","coordinates":[[55.63541666666541,23.472916666666514],[55.602083333332075,23.472916666666514],[55.59791666666541,23.46874999999985],[55.59374999999875,23.46874999999985],[55.58958333333209,23.472916666666514],[55.581249999998676,23.472916666666514],[55.57291666666538,23.481249999999825],[55.568749999998715,23.481249999999825],[55.56458333333205,23.477083333333162],[55.54791666666543,23.477083333333162],[55.54374999999877,23.481249999999825],[55.539583333332104,23.477083333333162],[55.53541666666544,23.481249999999825],[55.53124999999869,23.481249999999825],[55.52708333333203,23.477083333333162],[55.522916666665395,23.477083333333162],[55.51874999999873,23.472916666666514],[55.51458333333207,23.477083333333162],[55.51041666666541,23.472916666666514],[55.497916666665446,23.472916666666514],[55.489583333332035,23.481249999999825],[55.489583333332035,23.489583333333137],[55.48541666666537,23.493749999999842]]}},{"type":"Feature","properties":{"HYRIV_ID":20870110,"NEXT_DOWN":20870306,"MAIN_RIV":20867647,"LENGTH_KM":12.48,"CATCH_SKM":49.419998,"DIS_AV_CMS":0.01,"ORD_STRA":1,"ORD_FLOW":8},"geometry":{"type":"LineString","coordinates":[[54.27083333333209,23.481249999999825],[54.28124999999872,23.481249999999825],[54.28541666666547,23.477083333333162],[54.31458333333208,23.477083333333162],[54.32708333333204,23.464583333333145],[54.331249999998704,23.464583333333145],[54.33541666666545,23.46874999999985],[54.34374999999878,23.46874999999985],[54.34791666666544,23.464583333333145],[54.38124999999877,23.464583333333145]]}},{"type":"Feature","properties":{"HYRIV_ID":20870111,"NEXT_DOWN":20869801,"MAIN_RIV":20867647,"LENGTH_KM":8.7600002,"CATCH_SKM":27.76,"DIS_AV_CMS":0.005,"ORD_STRA":1,"ORD_FLOW":9},"geometry":{"type":"LineString","coordinates":[[54.55416666666545,23.464583333333145],[54.54791666666546,23.464583333333145],[54.543749999998795,23.46874999999985],[54.53958333333205,23.464583333333145],[54.535416666665384,23.464583333333145],[54.53124999999875,23.46874999999985],[54.51874999999876,23.46874999999985],[54.510416666665435,23.477083333333162],[54.5145833333321,23.481249999999825],[54.5145833333321,23.489583333333137],[54.5062499999988,23.497916666666505],[54.5062499999988,23.502083333333154]]}},{"type":"Feature","properties":{"HYRIV_ID":20870112,"NEXT_DOWN":20870015,"MAIN_RIV":20869595,"LENGTH_KM":1.79,"CATCH_SKM":20.68,"DIS_AV_CMS":0.004,"ORD_STRA":1,"ORD_FLOW":9},"geometry":{"type":"LineString","coordinates":[[55.23958333333209,23.462499999999814],[55.23958333333209,23.46874999999985],[55.243749999998755,23.472916666666514],[55.243749999998755,23.477083333333162]]}},{"type":"Feature","properties":{"HYRIV_ID":20870147,"NEXT_DOWN":20869954,"MAIN_RIV":20864747,"LENGTH_KM":3.4400001,"CATCH_SKM":8.4700003,"DIS_AV_CMS":0.048,"ORD_STRA":2,"ORD_FLOW":8},"geometry":{"type":"LineString","coordinates":[[54.04791666666543,23.460416666666482],[54.03541666666547,23.472916666666514],[54.03541666666547,23.481249999999825],[54.031249999998806,23.485416666666488]]}},{"type":"Feature","properties":{"HYRIV_ID":20870148,"NEXT_DOWN":20870306,"MAIN_RIV":20867647,"LENGTH_KM":0.69,"CATCH_SKM":10.24,"DIS_AV_CMS":0.002,"ORD_STRA":1,"ORD_FLOW":9},"geometry":{"type":"LineString","coordinates":[[54.38124999999877,23.458333333333165],[54.38124999999877,23.464583333333145]]}},{"type":"Feature","properties":{"HYRIV_ID":20870185,"NEXT_DOWN":20869366,"MAIN_RIV":20867647,"LENGTH_KM":20.73,"CATCH_SKM":86.029999,"DIS_AV_CMS":0.012,"ORD_STRA":1,"ORD_FLOW":8},"geometry":{"type":"LineString","coordinates":[[54.720833333332024,23.456249999999834],[54.71458333333206,23.456249999999834],[54.710416666665395,23.460416666666482],[54.70624999999873,23.460416666666482],[54.70208333333207,23.464583333333145],[54.68958333333211,23.464583333333145],[54.67291666666546,23.481249999999825],[54.668749999998795,23.481249999999825],[54.66458333333205,23.485416666666488],[54.66041666666541,23.485416666666488],[54.65208333333209,23.493749999999842],[54.64374999999876,23.493749999999842],[54.6395833333321,23.497916666666505],[54.63541666666546,23.497916666666505],[54.6312499999988,23.502083333333154],[54.62708333333205,23.502083333333154],[54.61041666666543,23.518749999999834],[54.61041666666543,23.527083333333145],[54.60624999999877,23.531249999999808],[54.59791666666544,23.531249999999808],[54.59374999999878,23.535416666666514],[54.58958333333203,23.535416666666514],[54.585416666665395,23.539583333333162],[54.58124999999873,23.539583333333162],[54.57708333333207,23.543749999999825],[54.56458333333208,23.543749999999825]]}},{"type":"Feature","properties":{"HYRIV_ID":20870186,"NEXT_DOWN":20870265,"MAIN_RIV":20874339,"LENGTH_KM":5.27,"CATCH_SKM":15.16,"DIS_AV_CMS":0.013,"ORD_STRA":2,"ORD_FLOW":8},"geometry":{"type":"LineString","coordinates":[[55.0770833333321,23.456249999999834],[55.072916666665435,23.460416666666482],[55.06874999999877,23.460416666666482],[55.06041666666536,23.46874999999985],[55.052083333332064,23.46874999999985],[55.0479166666654,23.472916666666514],[55.039583333332075,23.472916666666514],[55.03541666666541,23.46874999999985]]}},{"type":"Feature","properties":{"HYRIV_ID":20870187,"NEXT_DOWN":20870186,"MAIN_RIV":20874339,"LENGTH_KM":1.6900001,"CATCH_SKM":13.39,"DIS_AV_CMS":0.002,"ORD_STRA":1,"ORD_FLOW":9},"geometry":{"type":"LineString","coordinates":[[55.09166666666539,23.460416666666482],[55.08124999999876,23.460416666666482],[55.0770833333321,23.456249999999834]]}},{"type":"Feature","properties":{"HYRIV_ID":20870188,"NEXT_DOWN":20870016,"MAIN_RIV":20869595,"LENGTH_KM":8.0600004,"CATCH_SKM":35.049999,"DIS_AV_CMS":0.026,"ORD_STRA":2,"ORD_FLOW":8},"geometry":{"type":"LineString","coordinates":[[55.3270833333321,23.456249999999834],[55.32291666666535,23.456249999999834],[55.31458333333205,23.464583333333145],[55.31458333333205,23.46874999999985],[55.31041666666539,23.472916666666514],[55.302083333332064,23.472916666666514],[55.2979166666654,23.46874999999985],[55.29374999999874,23.46874999999985],[55.289583333332104,23.472916666666514],[55.28541666666544,23.472916666666514],[55.28124999999878,23.477083333333162],[55.26458333333204,23.477083333333162]]}},{"type":"Feature","properties":{"HYRIV_ID":20870189,"NEXT_DOWN":20870188,"MAIN_RIV":20869595,"LENGTH_KM":4.2600002,"CATCH_SKM":23.629999,"DIS_AV_CMS":0.004,"ORD_STRA":1,"ORD_FLOW":9},"geometry":{"type":"LineString","coordinates":[[55.35833333333204,23.472916666666514],[55.347916666665384,23.472916666666514],[55.34374999999872,23.46874999999985],[55.34374999999872,23.464583333333145],[55.33958333333209,23.460416666666482],[55.33124999999876,23.460416666666482],[55.3270833333321,23.456249999999834]]}},{"type":"Feature","properties":{"HYRIV_ID":20870263,"NEXT_DOWN":20869514,"MAIN_RIV":20864747,"LENGTH_KM":19.52,"CATCH_SKM":101.4,"DIS_AV_CMS":0.012,"ORD_STRA":1,"ORD_FLOW":8},"geometry":{"type":"LineString","coordinates":[[54.21249999999878,23.44583333333319],[54.193749999998744,23.464583333333145],[54.18958333333208,23.464583333333145],[54.18541666666542,23.46874999999985],[54.16874999999877,23.46874999999985],[54.156249999998806,23.481249999999825],[54.13124999999877,23.481249999999825],[54.12708333333211,23.485416666666488],[54.1187499999987,23.485416666666488],[54.102083333332075,23.502083333333154],[54.102083333332075,23.506249999999817],[54.089583333332115,23.518749999999834],[54.08124999999879,23.518749999999834],[54.068749999998715,23.531249999999808],[54.06458333333205,23.531249999999808]]}},{"type":"Feature","properties":{"HYRIV_ID":20870264,"NEXT_DOWN":20870307,"MAIN_RIV":20874339,"LENGTH_KM":18.200001,"CATCH_SKM":62.8,"DIS_AV_CMS":0.01,"ORD_STRA":1,"ORD_FLOW":8},"geometry":{"type":"LineString","coordinates":[[54.89583333333212,23.51041666666648],[54.90624999999875,23.51041666666648],[54.91041666666541,23.506249999999817],[54.927083333332035,23.506249999999817],[54.9312499999987,23.502083333333154],[54.9312499999987,23.497916666666505],[54.935416666665446,23.493749999999842],[54.93958333333211,23.493749999999842],[54.94374999999877,23.489583333333137],[54.95208333333207,23.489583333333137],[54.95624999999873,23.493749999999842],[54.960416666665395,23.493749999999842],[54.96458333333206,23.489583333333137],[54.972916666665384,23.489583333333137],[54.98124999999877,23.481249999999825],[54.97708333333205,23.477083333333162],[54.98541666666543,23.46874999999985],[54.993749999998755,23.46874999999985],[55.00208333333208,23.460416666666482],[55.006249999998715,23.460416666666482],[55.01041666666538,23.456249999999834],[55.014583333332126,23.460416666666482],[55.02291666666545,23.45208333333317],[55.02291666666545,23.447916666666508]]}},{"type":"Feature","properties":{"HYRIV_ID":20870265,"NEXT_DOWN":20870307,"MAIN_RIV":20874339,"LENGTH_KM":3.07,"CATCH_SKM":7.48,"DIS_AV_CMS":0.017,"ORD_STRA":2,"ORD_FLOW":8},"geometry":{"type":"LineString","coordinates":[[55.03541666666541,23.46874999999985],[55.03124999999875,23.464583333333145],[55.027083333332115,23.464583333333145],[55.027083333332115,23.45208333333317],[55.02291666666545,23.447916666666508]]}},{"type":"Feature","properties":{"HYRIV_ID":20870306,"NEXT_DOWN":20870401,"MAIN_RIV":20867647,"LENGTH_KM":7.8200002,"CATCH_SKM":23.040001,"DIS_AV_CMS":0.017,"ORD_STRA":2,"ORD_FLOW":8},"geometry":{"type":"LineString","coordinates":[[54.38124999999877,23.464583333333145],[54.385416666665435,23.464583333333145],[54.3895833333321,23.460416666666482],[54.41458333333213,23.460416666666482],[54.418749999998795,23.456249999999834],[54.431249999998755,23.456249999999834],[54.43541666666542,23.45208333333317],[54.43958333333208,23.45208333333317],[54.44791666666541,23.443749999999817]]}},{"type":"Feature","properties":{"HYRIV_ID":20870307,"NEXT_DOWN":20870376,"MAIN_RIV":20874339,"LENGTH_KM":0.46,"CATCH_SKM":0.59,"DIS_AV_CMS":0.028,"ORD_STRA":2,"ORD_FLOW":8},"geometry":{"type":"LineString","coordinates":[[55.02291666666545,23.447916666666508],[55.02291666666545,23.443749999999817]]}},{"type":"Feature","properties":{"HYRIV_ID":20870308,"NEXT_DOWN":20870188,"MAIN_RIV":20869595,"LENGTH_KM":9.08,"CATCH_SKM":30.719999,"DIS_AV_CMS":0.018,"ORD_STRA":2,"ORD_FLOW":8},"geometry":{"type":"LineString","coordinates":[[55.402083333332115,23.443749999999817],[55.39791666666537,23.443749999999817],[55.38958333333207,23.45208333333317],[55.38541666666541,23.447916666666508],[55.37708333333208,23.447916666666508],[55.37291666666542,23.45208333333317],[55.36458333333212,23.45208333333317],[55.36041666666537,23.447916666666508],[55.35208333333205,23.447916666666508],[55.347916666665384,23.45208333333317],[55.33124999999876,23.45208333333317],[55.3270833333321,23.456249999999834]]}},{"type":"Feature","properties":{"HYRIV_ID":20870309,"NEXT_DOWN":20870308,"MAIN_RIV":20869595,"LENGTH_KM":11.19,"CATCH_SKM":41.349998,"DIS_AV_CMS":0.007,"ORD_STRA":1,"ORD_FLOW":9},"geometry":{"type":"LineString","coordinates":[[55.495833333332115,23.45208333333317],[55.46458333333209,23.45208333333317],[55.460416666665424,23.456249999999834],[55.45208333333201,23.447916666666508],[55.443749999998715,23.447916666666508],[55.43958333333205,23.443749999999817],[55.43541666666539,23.447916666666508],[55.43124999999873,23.447916666666508],[55.427083333332064,23.45208333333317],[55.4229166666654,23.45208333333317],[55.41874999999877,23.447916666666508],[55.40624999999878,23.447916666666508],[55.402083333332115,23.443749999999817]]}},{"type":"Feature","properties":{"HYRIV_ID":20870310,"NEXT_DOWN":20870092,"MAIN_RIV":20869555,"LENGTH_KM":19.43,"CATCH_SKM":80.339996,"DIS_AV_CMS":0.014,"ORD_STRA":1,"ORD_FLOW":8},"geometry":{"type":"LineString","coordinates":[[55.770833333332064,23.458333333333165],[55.76041666666541,23.447916666666508],[55.76041666666541,23.443749999999817],[55.75624999999877,23.443749999999817],[55.747916666665446,23.45208333333317],[55.739583333332035,23.443749999999817],[55.73124999999874,23.443749999999817],[55.71874999999875,23.456249999999834],[55.71041666666534,23.456249999999834],[55.706249999998704,23.460416666666482],[55.69791666666538,23.460416666666482],[55.693749999998715,23.464583333333145],[55.68958333333205,23.464583333333145],[55.68541666666539,23.460416666666482],[55.68541666666539,23.456249999999834],[55.68124999999873,23.45208333333317],[55.66874999999877,23.45208333333317],[55.664583333332104,23.447916666666508],[55.660416666665355,23.45208333333317],[55.65624999999869,23.45208333333317],[55.65208333333206,23.456249999999834],[55.64374999999873,23.456249999999834],[55.63541666666541,23.464583333333145],[55.63541666666541,23.472916666666514]]}},{"type":"Feature","properties":{"HYRIV_ID":20870374,"NEXT_DOWN":20870401,"MAIN_RIV":20867647,"LENGTH_KM":3.7,"CATCH_SKM":26.200001,"DIS_AV_CMS":0.006,"ORD_STRA":1,"ORD_FLOW":9},"geometry":{"type":"LineString","coordinates":[[54.41666666666546,23.433333333333174],[54.42291666666546,23.439583333333154],[54.443749999998744,23.439583333333154],[54.44791666666541,23.443749999999817]]}},{"type":"Feature","properties":{"HYRIV_ID":20870375,"NEXT_DOWN":20870469,"MAIN_RIV":20874339,"LENGTH_KM":17.950001,"CATCH_SKM":53.75,"DIS_AV_CMS":0.019,"ORD_STRA":2,"ORD_FLOW":8},"geometry":{"type":"LineString","coordinates":[[54.86041666666543,23.502083333333154],[54.86458333333209,23.502083333333154],[54.87708333333205,23.489583333333137],[54.881249999998715,23.489583333333137],[54.889583333332126,23.481249999999825],[54.89374999999879,23.481249999999825],[54.90208333333209,23.472916666666514],[54.90624999999875,23.477083333333162],[54.914583333332075,23.477083333333162],[54.9229166666654,23.46874999999985],[54.927083333332035,23.46874999999985],[54.935416666665446,23.460416666666482],[54.94374999999877,23.460416666666482],[54.947916666665435,23.456249999999834],[54.95208333333207,23.456249999999834],[54.95624999999873,23.45208333333317],[54.96458333333206,23.45208333333317],[54.96874999999872,23.447916666666508],[54.97708333333205,23.447916666666508],[54.98124999999877,23.443749999999817],[54.98958333333209,23.443749999999817],[54.993749999998755,23.439583333333154],[54.99791666666542,23.439583333333154],[54.99791666666542,23.43541666666649]]}},{"type":"Feature","properties":{"HYRIV_ID":20870376,"NEXT_DOWN":20870469,"MAIN_RIV":20874339,"LENGTH_KM":2.96,"CATCH_SKM":5.12,"DIS_AV_CMS":0.076,"ORD_STRA":3,"ORD_FLOW":8},"geometry":{"type":"LineString","coordinates":[[55.02291666666545,23.443749999999817],[55.01874999999879,23.439583333333154],[55.00208333333208,23.439583333333154],[54.99791666666542,23.43541666666649]]}},{"type":"Feature","properties":{"HYRIV_ID":20870401,"NEXT_DOWN":20870402,"MAIN_RIV":20867647,"LENGTH_KM":4.4400001,"CATCH_SKM":10.24,"DIS_AV_CMS":0.025,"ORD_STRA":2,"ORD_FLOW":8},"geometry":{"type":"LineString","coordinates":[[54.44791666666541,23.443749999999817],[54.456249999998704,23.443749999999817],[54.46041666666537,23.439583333333154],[54.47291666666544,23.439583333333154],[54.48124999999877,23.431249999999842],[54.4854166666654,23.431249999999842]]}},{"type":"Feature","properties":{"HYRIV_ID":20870402,"NEXT_DOWN":20869758,"MAIN_RIV":20867647,"LENGTH_KM":11.51,"CATCH_SKM":45.48,"DIS_AV_CMS":0.124,"ORD_STRA":3,"ORD_FLOW":7},"geometry":{"type":"LineString","coordinates":[[54.4854166666654,23.431249999999842],[54.489583333332064,23.43541666666649],[54.489583333332064,23.439583333333154],[54.49791666666539,23.447916666666508],[54.49374999999873,23.45208333333317],[54.489583333332064,23.45208333333317],[54.4854166666654,23.456249999999834],[54.48124999999877,23.456249999999834],[54.44791666666541,23.489583333333137],[54.44791666666541,23.502083333333154],[54.443749999998744,23.506249999999817]]}},{"type":"Feature","properties":{"HYRIV_ID":20870403,"NEXT_DOWN":20870186,"MAIN_RIV":20874339,"LENGTH_KM":10.59,"CATCH_SKM":50.810001,"DIS_AV_CMS":0.009,"ORD_STRA":1,"ORD_FLOW":9},"geometry":{"type":"LineString","coordinates":[[55.15833333333211,23.431249999999842],[55.14374999999879,23.431249999999842],[55.13958333333204,23.43541666666649],[55.13541666666538,23.43541666666649],[55.131249999998744,23.439583333333154],[55.131249999998744,23.443749999999817],[55.118749999998755,23.443749999999817],[55.11458333333209,23.439583333333154],[55.11041666666543,23.439583333333154],[55.10624999999871,23.443749999999817],[55.10208333333205,23.443749999999817],[55.097916666665384,23.439583333333154],[55.09374999999872,23.439583333333154],[55.0770833333321,23.456249999999834]]}},{"type":"Feature","properties":{"HYRIV_ID":20870436,"NEXT_DOWN":20870514,"MAIN_RIV":20874339,"LENGTH_KM":34.8,"CATCH_SKM":156.92999,"DIS_AV_CMS":0.027,"ORD_STRA":2,"ORD_FLOW":8},"geometry":{"type":"LineString","coordinates":[[54.66041666666541,23.539583333333162],[54.67291666666546,23.539583333333162],[54.68124999999878,23.531249999999808],[54.693749999998744,23.531249999999808],[54.70624999999873,23.518749999999834],[54.71458333333206,23.518749999999834],[54.722916666665355,23.51041666666648],[54.74791666666539,23.51041666666648],[54.76041666666546,23.497916666666505],[54.764583333332126,23.497916666666505],[54.78124999999875,23.481249999999825],[54.789583333332075,23.481249999999825],[54.79791666666537,23.472916666666514],[54.80208333333212,23.472916666666514],[54.80624999999878,23.46874999999985],[54.810416666665446,23.46874999999985],[54.81458333333211,23.464583333333145],[54.84374999999872,23.464583333333145],[54.85208333333202,23.456249999999834],[54.86041666666543,23.456249999999834],[54.868749999998755,23.447916666666508],[54.87708333333205,23.447916666666508],[54.88541666666538,23.439583333333154],[54.889583333332126,23.443749999999817],[54.89791666666545,23.443749999999817],[54.90208333333209,23.439583333333154],[54.90624999999875,23.439583333333154],[54.91041666666541,23.43541666666649],[54.914583333332075,23.43541666666649],[54.91874999999874,23.431249999999842],[54.9312499999987,23.431249999999842],[54.935416666665446,23.42708333333318],[54.94374999999877,23.42708333333318]]}},{"type":"Feature","properties":{"HYRIV_ID":20870469,"NEXT_DOWN":20870564,"MAIN_RIV":20874339,"LENGTH_KM":1.55,"CATCH_SKM":2.56,"DIS_AV_CMS":0.093,"ORD_STRA":3,"ORD_FLOW":8},"geometry":{"type":"LineString","coordinates":[[54.99791666666542,23.43541666666649],[54.99791666666542,23.431249999999842],[54.993749999998755,23.42708333333318],[54.993749999998755,23.422916666666474]]}},{"type":"Feature","properties":{"HYRIV_ID":20870513,"NEXT_DOWN":20870514,"MAIN_RIV":20874339,"LENGTH_KM":1.16,"CATCH_SKM":14.18,"DIS_AV_CMS":0.003,"ORD_STRA":1,"ORD_FLOW":9},"geometry":{"type":"LineString","coordinates":[[54.94374999999877,23.416666666666494],[54.94374999999877,23.42708333333318]]}},{"type":"Feature","properties":{"HYRIV_ID":20870514,"NEXT_DOWN":20870564,"MAIN_RIV":20874339,"LENGTH_KM":5.71,"CATCH_SKM":11.03,"DIS_AV_CMS":0.03,"ORD_STRA":2,"ORD_FLOW":8},"geometry":{"type":"LineString","coordinates":[[54.94374999999877,23.42708333333318],[54.97708333333205,23.42708333333318],[54.98124999999877,23.422916666666474],[54.98541666666543,23.422916666666474],[54.98958333333209,23.418749999999825],[54.993749999998755,23.422916666666474]]}},{"type":"Feature","properties":{"HYRIV_ID":20870515,"NEXT_DOWN":20870308,"MAIN_RIV":20869595,"LENGTH_KM":12.43,"CATCH_SKM":42.150002,"DIS_AV_CMS":0.007,"ORD_STRA":1,"ORD_FLOW":9},"geometry":{"type":"LineString","coordinates":[[55.49999999999875,23.418749999999825],[55.489583333332035,23.418749999999825],[55.472916666665384,23.43541666666649],[55.460416666665424,23.43541666666649],[55.45624999999876,23.439583333333154],[55.45208333333201,23.439583333333154],[55.43958333333205,23.42708333333318],[55.43541666666539,23.42708333333318],[55.43124999999873,23.431249999999842],[55.427083333332064,23.431249999999842],[55.41874999999877,23.439583333333154],[55.40624999999878,23.439583333333154],[55.402083333332115,23.443749999999817]]}},{"type":"Feature","properties":{"HYRIV_ID":20870563,"NEXT_DOWN":20870147,"MAIN_RIV":20864747,"LENGTH_KM":17.639999,"CATCH_SKM":69.330002,"DIS_AV_CMS":0.014,"ORD_STRA":1,"ORD_FLOW":8},"geometry":{"type":"LineString","coordinates":[[53.96666666666542,23.429166666666468],[53.97291666666541,23.422916666666474],[53.98124999999874,23.422916666666474],[53.989583333332035,23.414583333333162],[53.997916666665446,23.414583333333162],[54.00624999999877,23.422916666666474],[54.01458333333207,23.422916666666474],[54.022916666665395,23.431249999999842],[54.022916666665395,23.43541666666649],[54.00624999999877,23.45208333333317],[54.00624999999877,23.456249999999834],[54.00208333333211,23.460416666666482],[54.010416666665435,23.46874999999985],[54.01458333333207,23.464583333333145],[54.01874999999873,23.464583333333145],[54.02708333333214,23.456249999999834],[54.031249999998806,23.456249999999834],[54.03541666666547,23.45208333333317],[54.039583333332104,23.456249999999834],[54.04374999999877,23.456249999999834],[54.04791666666543,23.460416666666482]]}},{"type":"Feature","properties":{"HYRIV_ID":20870564,"NEXT_DOWN":20870854,"MAIN_RIV":20874339,"LENGTH_KM":1.09,"CATCH_SKM":1.58,"DIS_AV_CMS":0.122,"ORD_STRA":3,"ORD_FLOW":7},"geometry":{"type":"LineString","coordinates":[[54.993749999998755,23.422916666666474],[54.99791666666542,23.418749999999825],[54.99791666666542,23.414583333333162]]}},{"type":"Feature","properties":{"HYRIV_ID":20870604,"NEXT_DOWN":20870638,"MAIN_RIV":20867647,"LENGTH_KM":13.58,"CATCH_SKM":51.790001,"DIS_AV_CMS":0.011,"ORD_STRA":1,"ORD_FLOW":8},"geometry":{"type":"LineString","coordinates":[[54.26249999999877,23.466666666666477],[54.26874999999876,23.460416666666482],[54.272916666665424,23.460416666666482],[54.28958333333213,23.443749999999817],[54.28958333333213,23.439583333333154],[54.29791666666546,23.439583333333154],[54.30208333333209,23.443749999999817],[54.31041666666542,23.443749999999817],[54.31458333333208,23.447916666666508],[54.318749999998744,23.443749999999817],[54.32291666666541,23.443749999999817],[54.32291666666541,23.431249999999842],[54.33541666666545,23.418749999999825],[54.34374999999878,23.418749999999825],[54.34791666666544,23.414583333333162],[54.34791666666544,23.4104166666665]]}},{"type":"Feature","properties":{"HYRIV_ID":20870605,"NEXT_DOWN":20871079,"MAIN_RIV":20874339,"LENGTH_KM":8.5900002,"CATCH_SKM":39.389999,"DIS_AV_CMS":0.008,"ORD_STRA":1,"ORD_FLOW":9},"geometry":{"type":"LineString","coordinates":[[54.62499999999872,23.439583333333154],[54.6395833333321,23.439583333333154],[54.64374999999876,23.43541666666649],[54.647916666665424,23.43541666666649],[54.65208333333209,23.439583333333154],[54.65208333333209,23.443749999999817],[54.65624999999875,23.443749999999817],[54.668749999998795,23.431249999999842],[54.668749999998795,23.42708333333318],[54.67708333333212,23.418749999999825],[54.67708333333212,23.4104166666665]]}},{"type":"Feature","properties":{"HYRIV_ID":20870637,"NEXT_DOWN":20870950,"MAIN_RIV":20864747,"LENGTH_KM":0.94,"CATCH_SKM":11.23,"DIS_AV_CMS":0.002,"ORD_STRA":1,"ORD_FLOW":9},"geometry":{"type":"LineString","coordinates":[[54.05833333333209,23.41249999999983],[54.06458333333205,23.40624999999985]]}},{"type":"Feature","properties":{"HYRIV_ID":20870638,"NEXT_DOWN":20870785,"MAIN_RIV":20867647,"LENGTH_KM":2.33,"CATCH_SKM":10.05,"DIS_AV_CMS":0.045,"ORD_STRA":2,"ORD_FLOW":8},"geometry":{"type":"LineString","coordinates":[[54.34791666666544,23.4104166666665],[54.36458333333215,23.4104166666665],[54.36874999999873,23.40624999999985]]}},{"type":"Feature","properties":{"HYRIV_ID":20870639,"NEXT_DOWN":20870785,"MAIN_RIV":20867647,"LENGTH_KM":1.37,"CATCH_SKM":10.64,"DIS_AV_CMS":0.002,"ORD_STRA":1,"ORD_FLOW":9},"geometry":{"type":"LineString","coordinates":[[54.37916666666544,23.41249999999983],[54.37291666666539,23.40624999999985],[54.36874999999873,23.40624999999985]]}},{"type":"Feature","properties":{"HYRIV_ID":20870693,"NEXT_DOWN":20870823,"MAIN_RIV":20874339,"LENGTH_KM":3.8900001,"CATCH_SKM":19.110001,"DIS_AV_CMS":0.003,"ORD_STRA":1,"ORD_FLOW":9},"geometry":{"type":"LineString","coordinates":[[55.54999999999876,23.414583333333162],[55.54374999999877,23.414583333333162],[55.54374999999877,23.40624999999985],[55.54791666666543,23.402083333333145],[55.56458333333205,23.402083333333145]]}},{"type":"Feature","properties":{"HYRIV_ID":20870694,"NEXT_DOWN":20870823,"MAIN_RIV":20874339,"LENGTH_KM":7.9499998,"CATCH_SKM":40.57,"DIS_AV_CMS":0.007,"ORD_STRA":1,"ORD_FLOW":9},"geometry":{"type":"LineString","coordinates":[[55.60624999999871,23.441666666666485],[55.60624999999871,23.43541666666649],[55.61041666666537,23.431249999999842],[55.60624999999871,23.42708333333318],[55.58958333333209,23.42708333333318],[55.58958333333209,23.422916666666474],[55.585416666665424,23.418749999999825],[55.581249999998676,23.418749999999825],[55.57291666666538,23.4104166666665],[55.568749999998715,23.4104166666665],[55.56458333333205,23.40624999999985],[55.56458333333205,23.402083333333145]]}},{"type":"Feature","properties":{"HYRIV_ID":20870695,"NEXT_DOWN":20870824,"MAIN_RIV":20874339,"LENGTH_KM":2.6600001,"CATCH_SKM":19.889999,"DIS_AV_CMS":0.003,"ORD_STRA":1,"ORD_FLOW":9},"geometry":{"type":"LineString","coordinates":[[55.633333333332075,23.420833333333157],[55.61874999999878,23.40624999999985],[55.61874999999878,23.402083333333145]]}},{"type":"Feature","properties":{"HYRIV_ID":20870736,"NEXT_DOWN":20871237,"MAIN_RIV":20874339,"LENGTH_KM":2.0,"CATCH_SKM":12.02,"DIS_AV_CMS":0.002,"ORD_STRA":1,"ORD_FLOW":9},"geometry":{"type":"LineString","coordinates":[[54.545833333332126,23.408333333333168],[54.535416666665384,23.397916666666482],[54.53124999999875,23.397916666666482]]}},{"type":"Feature","properties":{"HYRIV_ID":20870737,"NEXT_DOWN":20870738,"MAIN_RIV":20874339,"LENGTH_KM":7.9499998,"CATCH_SKM":41.959999,"DIS_AV_CMS":0.008,"ORD_STRA":1,"ORD_FLOW":9},"geometry":{"type":"LineString","coordinates":[[54.5874999999987,23.429166666666468],[54.59374999999878,23.422916666666474],[54.602083333332104,23.422916666666474],[54.60624999999877,23.418749999999825],[54.60624999999877,23.414583333333162],[54.614583333332064,23.414583333333162],[54.61874999999873,23.4104166666665],[54.62291666666539,23.4104166666665],[54.62708333333205,23.40624999999985],[54.63541666666546,23.40624999999985],[54.64374999999876,23.397916666666482],[54.647916666665424,23.397916666666482]]}},{"type":"Feature","properties":{"HYRIV_ID":20870738,"NEXT_DOWN":20871079,"MAIN_RIV":20874339,"LENGTH_KM":3.59,"CATCH_SKM":6.7,"DIS_AV_CMS":0.014,"ORD_STRA":2,"ORD_FLOW":8},"geometry":{"type":"LineString","coordinates":[[54.647916666665424,23.397916666666482],[54.65624999999875,23.397916666666482],[54.66458333333205,23.40624999999985],[54.668749999998795,23.40624999999985],[54.67291666666546,23.4104166666665],[54.67708333333212,23.4104166666665]]}},{"type":"Feature","properties":{"HYRIV_ID":20870739,"NEXT_DOWN":20870786,"MAIN_RIV":20874339,"LENGTH_KM":9.5100002,"CATCH_SKM":43.529999,"DIS_AV_CMS":0.007,"ORD_STRA":1,"ORD_FLOW":9},"geometry":{"type":"LineString","coordinates":[[55.26249999999874,23.424999999999848],[55.256249999998744,23.418749999999825],[55.256249999998744,23.4104166666665],[55.24791666666542,23.402083333333145],[55.243749999998755,23.40624999999985],[55.23541666666537,23.40624999999985],[55.23124999999871,23.4104166666665],[55.210416666665424,23.4104166666665],[55.20624999999876,23.40624999999985],[55.20624999999876,23.402083333333145],[55.2020833333321,23.397916666666482],[55.197916666665435,23.397916666666482]]}},{"type":"Feature","properties":{"HYRIV_ID":20870784,"NEXT_DOWN":20870950,"MAIN_RIV":20864747,"LENGTH_KM":1.89,"CATCH_SKM":2.1700001,"DIS_AV_CMS":0.014,"ORD_STRA":2,"ORD_FLOW":8},"geometry":{"type":"LineString","coordinates":[[54.06041666666542,23.393749999999834],[54.056249999998755,23.397916666666482],[54.06458333333205,23.40624999999985]]}},{"type":"Feature","properties":{"HYRIV_ID":20870785,"NEXT_DOWN":20870951,"MAIN_RIV":20867647,"LENGTH_KM":2.31,"CATCH_SKM":3.9400001,"DIS_AV_CMS":0.048,"ORD_STRA":2,"ORD_FLOW":8},"geometry":{"type":"LineString","coordinates":[[54.36874999999873,23.40624999999985],[54.37291666666539,23.402083333333145],[54.37708333333211,23.402083333333145],[54.385416666665435,23.393749999999834]]}},{"type":"Feature","properties":{"HYRIV_ID":20870786,"NEXT_DOWN":20870376,"MAIN_RIV":20874339,"LENGTH_KM":20.5,"CATCH_SKM":49.439999,"DIS_AV_CMS":0.051,"ORD_STRA":3,"ORD_FLOW":8},"geometry":{"type":"LineString","coordinates":[[55.197916666665435,23.397916666666482],[55.18541666666539,23.397916666666482],[55.18124999999873,23.393749999999834],[55.177083333332064,23.393749999999834],[55.1729166666654,23.397916666666482],[55.152083333332115,23.397916666666482],[55.14791666666545,23.402083333333145],[55.14374999999879,23.402083333333145],[55.13958333333204,23.40624999999985],[55.131249999998744,23.40624999999985],[55.12708333333208,23.4104166666665],[55.118749999998755,23.4104166666665],[55.11458333333209,23.414583333333162],[55.11041666666543,23.414583333333162],[55.10624999999871,23.418749999999825],[55.10208333333205,23.418749999999825],[55.097916666665384,23.422916666666474],[55.08958333333206,23.422916666666474],[55.085416666665395,23.42708333333318],[55.0770833333321,23.42708333333318],[55.072916666665435,23.431249999999842],[55.0562499999987,23.431249999999842],[55.052083333332064,23.43541666666649],[55.039583333332075,23.43541666666649],[55.03541666666541,23.439583333333154],[55.03124999999875,23.439583333333154],[55.027083333332115,23.443749999999817],[55.02291666666545,23.443749999999817]]}},{"type":"Feature","properties":{"HYRIV_ID":20870787,"NEXT_DOWN":20870824,"MAIN_RIV":20874339,"LENGTH_KM":12.6,"CATCH_SKM":54.57,"DIS_AV_CMS":0.009,"ORD_STRA":1,"ORD_FLOW":9},"geometry":{"type":"LineString","coordinates":[[55.71666666666542,23.40624999999985],[55.693749999998715,23.40624999999985],[55.68958333333205,23.4104166666665],[55.68124999999873,23.4104166666665],[55.67708333333209,23.40624999999985],[55.67708333333209,23.393749999999834],[55.664583333332104,23.393749999999834],[55.660416666665355,23.397916666666482],[55.65624999999869,23.397916666666482],[55.65208333333206,23.393749999999834],[55.64374999999873,23.393749999999834],[55.63958333333207,23.397916666666482],[55.622916666665446,23.397916666666482],[55.61874999999878,23.402083333333145]]}},{"type":"Feature","properties":{"HYRIV_ID":20870821,"NEXT_DOWN":20870822,"MAIN_RIV":20867647,"LENGTH_KM":20.6,"CATCH_SKM":88.639999,"DIS_AV_CMS":0.018,"ORD_STRA":1,"ORD_FLOW":8},"geometry":{"type":"LineString","coordinates":[[54.13749999999877,23.441666666666485],[54.14374999999873,23.43541666666649],[54.15208333333206,23.43541666666649],[54.156249999998806,23.431249999999842],[54.16458333333213,23.431249999999842],[54.16874999999877,23.42708333333318],[54.193749999998744,23.42708333333318],[54.19791666666538,23.422916666666474],[54.202083333332126,23.422916666666474],[54.20624999999879,23.418749999999825],[54.22291666666541,23.418749999999825],[54.227083333332075,23.414583333333162],[54.23124999999874,23.418749999999825],[54.239583333332064,23.418749999999825],[54.25624999999877,23.402083333333145],[54.260416666665435,23.402083333333145],[54.2645833333321,23.397916666666482],[54.272916666665424,23.397916666666482],[54.28124999999872,23.38958333333317],[54.31041666666542,23.38958333333317]]}},{"type":"Feature","properties":{"HYRIV_ID":20870822,"NEXT_DOWN":20870638,"MAIN_RIV":20867647,"LENGTH_KM":7.8,"CATCH_SKM":19.5,"DIS_AV_CMS":0.032,"ORD_STRA":2,"ORD_FLOW":8},"geometry":{"type":"LineString","coordinates":[[54.31041666666542,23.38958333333317],[54.318749999998744,23.397916666666482],[54.306249999998755,23.4104166666665],[54.31041666666542,23.414583333333162],[54.318749999998744,23.414583333333162],[54.32291666666541,23.4104166666665],[54.34791666666544,23.4104166666665]]}},{"type":"Feature","properties":{"HYRIV_ID":20870823,"NEXT_DOWN":20871082,"MAIN_RIV":20874339,"LENGTH_KM":2.1500001,"CATCH_SKM":3.35,"DIS_AV_CMS":0.011,"ORD_STRA":2,"ORD_FLOW":8},"geometry":{"type":"LineString","coordinates":[[55.56458333333205,23.402083333333145],[55.56458333333205,23.397916666666482],[55.57291666666538,23.38958333333317],[55.57708333333204,23.38958333333317]]}},{"type":"Feature","properties":{"HYRIV_ID":20870824,"NEXT_DOWN":20871082,"MAIN_RIV":20874339,"LENGTH_KM":5.27,"CATCH_SKM":13.99,"DIS_AV_CMS":0.015,"ORD_STRA":2,"ORD_FLOW":8},"geometry":{"type":"LineString","coordinates":[[55.61874999999878,23.402083333333145],[55.61041666666537,23.402083333333145],[55.60624999999871,23.40624999999985],[55.602083333332075,23.402083333333145],[55.58958333333209,23.402083333333145],[55.57708333333204,23.38958333333317]]}},{"type":"Feature","properties":{"HYRIV_ID":20870852,"NEXT_DOWN":20870784,"MAIN_RIV":20864747,"LENGTH_KM":2.1500001,"CATCH_SKM":16.549999,"DIS_AV_CMS":0.003,"ORD_STRA":1,"ORD_FLOW":9},"geometry":{"type":"LineString","coordinates":[[54.0458333333321,23.385416666666465],[54.056249999998755,23.385416666666465],[54.06041666666542,23.38958333333317],[54.06041666666542,23.393749999999834]]}},{"type":"Feature","properties":{"HYRIV_ID":20870853,"NEXT_DOWN":20870951,"MAIN_RIV":20867647,"LENGTH_KM":2.0,"CATCH_SKM":13.79,"DIS_AV_CMS":0.003,"ORD_STRA":1,"ORD_FLOW":9},"geometry":{"type":"LineString","coordinates":[[54.37083333333206,23.383333333333134],[54.37708333333211,23.38958333333317],[54.38124999999877,23.38958333333317],[54.385416666665435,23.393749999999834]]}},{"type":"Feature","properties":{"HYRIV_ID":20870854,"NEXT_DOWN":20871147,"MAIN_RIV":20874339,"LENGTH_KM":3.9,"CATCH_SKM":9.46,"DIS_AV_CMS":0.0,"ORD_STRA":4,"ORD_FLOW":10},"geometry":{"type":"LineString","coordinates":[[54.99791666666542,23.414583333333162],[54.993749999998755,23.4104166666665],[54.993749999998755,23.40624999999985],[54.98958333333209,23.402083333333145],[54.98958333333209,23.393749999999834],[54.98541666666543,23.38958333333317],[54.98958333333209,23.385416666666465]]}},{"type":"Feature","properties":{"HYRIV_ID":20870912,"NEXT_DOWN":20870738,"MAIN_RIV":20874339,"LENGTH_KM":3.4100001,"CATCH_SKM":24.040001,"DIS_AV_CMS":0.005,"ORD_STRA":1,"ORD_FLOW":9},"geometry":{"type":"LineString","coordinates":[[54.670833333332126,23.38124999999986],[54.66458333333205,23.38124999999986],[54.66041666666541,23.385416666666465],[54.65624999999875,23.385416666666465],[54.647916666665424,23.393749999999834],[54.647916666665424,23.397916666666482]]}},{"type":"Feature","properties":{"HYRIV_ID":20870913,"NEXT_DOWN":20870786,"MAIN_RIV":20874339,"LENGTH_KM":7.1900001,"CATCH_SKM":13.4,"DIS_AV_CMS":0.053,"ORD_STRA":3,"ORD_FLOW":8},"geometry":{"type":"LineString","coordinates":[[55.26041666666541,23.38124999999986],[55.25208333333208,23.38124999999986],[55.24791666666542,23.385416666666465],[55.23124999999871,23.385416666666465],[55.22708333333205,23.38958333333317],[55.222916666665384,23.38958333333317],[55.21874999999872,23.393749999999834],[55.2020833333321,23.393749999999834],[55.197916666665435,23.397916666666482]]}},{"type":"Feature","properties":{"HYRIV_ID":20870950,"NEXT_DOWN":20870147,"MAIN_RIV":20864747,"LENGTH_KM":22.690001,"CATCH_SKM":79.389999,"DIS_AV_CMS":0.032,"ORD_STRA":2,"ORD_FLOW":8},"geometry":{"type":"LineString","coordinates":[[54.06458333333205,23.40624999999985],[54.089583333332115,23.40624999999985],[54.102083333332075,23.393749999999834],[54.10624999999874,23.393749999999834],[54.114583333332064,23.385416666666465],[54.1187499999987,23.385416666666465],[54.12708333333211,23.377083333333154],[54.13124999999877,23.377083333333154],[54.135416666665435,23.38124999999986],[54.135416666665435,23.397916666666482],[54.12708333333211,23.40624999999985],[54.114583333332064,23.40624999999985],[54.09374999999875,23.42708333333318],[54.08541666666545,23.42708333333318],[54.07291666666546,23.439583333333154],[54.068749999998715,23.439583333333154],[54.04791666666543,23.460416666666482]]}},{"type":"Feature","properties":{"HYRIV_ID":20870951,"NEXT_DOWN":20870952,"MAIN_RIV":20867647,"LENGTH_KM":7.62,"CATCH_SKM":32.509998,"DIS_AV_CMS":0.058,"ORD_STRA":2,"ORD_FLOW":8},"geometry":{"type":"LineString","coordinates":[[54.385416666665435,23.393749999999834],[54.3895833333321,23.38958333333317],[54.418749999998795,23.38958333333317],[54.431249999998755,23.377083333333154],[54.45208333333207,23.377083333333154]]}},{"type":"Feature","properties":{"HYRIV_ID":20870952,"NEXT_DOWN":20870402,"MAIN_RIV":20867647,"LENGTH_KM":7.9400001,"CATCH_SKM":29.940001,"DIS_AV_CMS":0.096,"ORD_STRA":3,"ORD_FLOW":8},"geometry":{"type":"LineString","coordinates":[[54.45208333333207,23.377083333333154],[54.456249999998704,23.38124999999986],[54.45208333333207,23.385416666666465],[54.45208333333207,23.38958333333317],[54.456249999998704,23.393749999999834],[54.456249999998704,23.402083333333145],[54.46874999999878,23.414583333333162],[54.47291666666544,23.414583333333162],[54.48124999999877,23.422916666666474],[54.48124999999877,23.42708333333318],[54.4854166666654,23.431249999999842]]}},{"type":"Feature","properties":{"HYRIV_ID":20871036,"NEXT_DOWN":20871237,"MAIN_RIV":20874339,"LENGTH_KM":5.6799998,"CATCH_SKM":21.469999,"DIS_AV_CMS":0.012,"ORD_STRA":2,"ORD_FLOW":8},"geometry":{"type":"LineString","coordinates":[[54.522916666665424,23.368749999999828],[54.522916666665424,23.377083333333154],[54.5145833333321,23.385416666666465],[54.5145833333321,23.397916666666482],[54.51874999999876,23.402083333333145],[54.52708333333209,23.402083333333145],[54.53124999999875,23.397916666666482]]}},{"type":"Feature","properties":{"HYRIV_ID":20871037,"NEXT_DOWN":20871146,"MAIN_RIV":20874339,"LENGTH_KM":2.46,"CATCH_SKM":14.78,"DIS_AV_CMS":0.003,"ORD_STRA":1,"ORD_FLOW":9},"geometry":{"type":"LineString","coordinates":[[54.94166666666544,23.383333333333134],[54.947916666665435,23.377083333333154],[54.947916666665435,23.37291666666649],[54.95208333333207,23.368749999999828],[54.95624999999873,23.368749999999828]]}},{"type":"Feature","properties":{"HYRIV_ID":20871077,"NEXT_DOWN":20873745,"MAIN_RIV":20877271,"LENGTH_KM":8.0500002,"CATCH_SKM":37.040001,"DIS_AV_CMS":0.008,"ORD_STRA":1,"ORD_FLOW":9},"geometry":{"type":"LineString","coordinates":[[54.1708333333321,23.397916666666482],[54.17708333333209,23.397916666666482],[54.181249999998755,23.393749999999834],[54.18541666666542,23.393749999999834],[54.19791666666538,23.38124999999986],[54.202083333332126,23.38124999999986],[54.20624999999879,23.377083333333154],[54.214583333332115,23.377083333333154],[54.21874999999878,23.37291666666649],[54.22291666666541,23.37291666666649],[54.227083333332075,23.368749999999828],[54.227083333332075,23.36458333333318],[54.23124999999874,23.36458333333318]]}},{"type":"Feature","properties":{"HYRIV_ID":20871078,"NEXT_DOWN":20871036,"MAIN_RIV":20874339,"LENGTH_KM":1.1,"CATCH_SKM":11.82,"DIS_AV_CMS":0.002,"ORD_STRA":1,"ORD_FLOW":9},"geometry":{"type":"LineString","coordinates":[[54.51666666666543,23.36458333333318],[54.522916666665424,23.36458333333318],[54.522916666665424,23.368749999999828]]}},{"type":"Feature","properties":{"HYRIV_ID":20871079,"NEXT_DOWN":20871145,"MAIN_RIV":20874339,"LENGTH_KM":17.02,"CATCH_SKM":67.779999,"DIS_AV_CMS":0.031,"ORD_STRA":2,"ORD_FLOW":8},"geometry":{"type":"LineString","coordinates":[[54.67708333333212,23.4104166666665],[54.68958333333211,23.4104166666665],[54.693749999998744,23.414583333333162],[54.70208333333207,23.414583333333162],[54.70624999999873,23.4104166666665],[54.710416666665395,23.414583333333162],[54.722916666665355,23.414583333333162],[54.727083333332104,23.4104166666665],[54.727083333332104,23.397916666666482],[54.73958333333209,23.385416666666465],[54.74374999999873,23.385416666666465],[54.74791666666539,23.38124999999986],[54.75208333333205,23.38124999999986],[54.756249999998715,23.377083333333154],[54.764583333332126,23.377083333333154],[54.76874999999876,23.37291666666649],[54.77708333333209,23.37291666666649],[54.78124999999875,23.368749999999828],[54.79374999999874,23.368749999999828],[54.79791666666537,23.36458333333318],[54.80624999999878,23.36458333333318]]}},{"type":"Feature","properties":{"HYRIV_ID":20871080,"NEXT_DOWN":20871145,"MAIN_RIV":20874339,"LENGTH_KM":5.3,"CATCH_SKM":23.84,"DIS_AV_CMS":0.005,"ORD_STRA":1,"ORD_FLOW":9},"geometry":{"type":"LineString","coordinates":[[54.77916666666542,23.393749999999834],[54.78541666666541,23.393749999999834],[54.789583333332075,23.38958333333317],[54.79374999999874,23.38958333333317],[54.810416666665446,23.37291666666649],[54.810416666665446,23.368749999999828],[54.80624999999878,23.36458333333318]]}},{"type":"Feature","properties":{"HYRIV_ID":20871081,"NEXT_DOWN":20871146,"MAIN_RIV":20874339,"LENGTH_KM":24.110001,"CATCH_SKM":101.84,"DIS_AV_CMS":0.018,"ORD_STRA":1,"ORD_FLOW":8},"geometry":{"type":"LineString","coordinates":[[54.762499999998795,23.43541666666649],[54.77708333333209,23.43541666666649],[54.78124999999875,23.431249999999842],[54.789583333332075,23.431249999999842],[54.79374999999874,23.42708333333318],[54.80208333333212,23.42708333333318],[54.80624999999878,23.422916666666474],[54.81458333333211,23.422916666666474],[54.83124999999873,23.40624999999985],[54.83124999999873,23.402083333333145],[54.83541666666548,23.397916666666482],[54.847916666665355,23.397916666666482],[54.85208333333202,23.402083333333145],[54.85624999999877,23.402083333333145],[54.86041666666543,23.397916666666482],[54.86458333333209,23.397916666666482],[54.889583333332126,23.37291666666649],[54.89374999999879,23.37291666666649],[54.89791666666545,23.368749999999828],[54.90208333333209,23.368749999999828],[54.90624999999875,23.36458333333318],[54.95208333333207,23.36458333333318],[54.95624999999873,23.368749999999828]]}},{"type":"Feature","properties":{"HYRIV_ID":20871082,"NEXT_DOWN":20870913,"MAIN_RIV":20874339,"LENGTH_KM":40.43,"CATCH_SKM":170.02,"DIS_AV_CMS":0.042,"ORD_STRA":3,"ORD_FLOW":8},"geometry":{"type":"LineString","coordinates":[[55.57708333333204,23.38958333333317],[55.57708333333204,23.385416666666465],[55.57291666666538,23.38124999999986],[55.568749999998715,23.38124999999986],[55.56458333333205,23.377083333333154],[55.552083333332064,23.377083333333154],[55.54374999999877,23.368749999999828],[55.52708333333203,23.368749999999828],[55.522916666665395,23.36458333333318],[55.51041666666541,23.377083333333154],[55.50208333333208,23.377083333333154],[55.497916666665446,23.38124999999986],[55.49374999999878,23.38124999999986],[55.489583333332035,23.377083333333154],[55.48541666666537,23.377083333333154],[55.47708333333205,23.368749999999828],[55.46874999999875,23.377083333333154],[55.46458333333209,23.377083333333154],[55.460416666665424,23.38124999999986],[55.45624999999876,23.38124999999986],[55.45624999999876,23.385416666666465],[55.45208333333201,23.38958333333317],[55.43958333333205,23.38958333333317],[55.43541666666539,23.393749999999834],[55.427083333332064,23.393749999999834],[55.4229166666654,23.38958333333317],[55.40624999999878,23.38958333333317],[55.39791666666537,23.397916666666482],[55.381249999998744,23.397916666666482],[55.37708333333208,23.402083333333145],[55.368749999998755,23.402083333333145],[55.36458333333212,23.40624999999985],[55.35208333333205,23.40624999999985],[55.347916666665384,23.4104166666665],[55.34374999999872,23.4104166666665],[55.335416666665424,23.418749999999825],[55.3270833333321,23.418749999999825],[55.32291666666535,23.414583333333162],[55.31874999999869,23.414583333333162],[55.31458333333205,23.4104166666665],[55.31458333333205,23.40624999999985],[55.30624999999873,23.397916666666482],[55.289583333332104,23.397916666666482],[55.28541666666544,23.393749999999834],[55.28124999999878,23.393749999999834],[55.27291666666545,23.385416666666465],[55.26458333333204,23.385416666666465],[55.26041666666541,23.38124999999986]]}},{"type":"Feature","properties":{"HYRIV_ID":20871109,"NEXT_DOWN":20870854,"MAIN_RIV":20874339,"LENGTH_KM":20.6,"CATCH_SKM":76.25,"DIS_AV_CMS":0.0,"ORD_STRA":4,"ORD_FLOW":10},"geometry":{"type":"LineString","coordinates":[[55.16874999999874,23.360416666666474],[55.152083333332115,23.360416666666474],[55.14791666666545,23.36458333333318],[55.12708333333208,23.36458333333318],[55.12291666666542,23.368749999999828],[55.118749999998755,23.368749999999828],[55.11458333333209,23.37291666666649],[55.10208333333205,23.37291666666649],[55.097916666665384,23.377083333333154],[55.08958333333206,23.377083333333154],[55.085416666665395,23.38124999999986],[55.0770833333321,23.38124999999986],[55.06041666666536,23.397916666666482],[55.06041666666536,23.40624999999985],[55.0562499999987,23.4104166666665],[55.01041666666538,23.4104166666665],[55.006249999998715,23.414583333333162],[54.99791666666542,23.414583333333162]]}},{"type":"Feature","properties":{"HYRIV_ID":20871110,"NEXT_DOWN":20871109,"MAIN_RIV":20874339,"LENGTH_KM":0.64,"CATCH_SKM":11.43,"DIS_AV_CMS":0.002,"ORD_STRA":1,"ORD_FLOW":9},"geometry":{"type":"LineString","coordinates":[[55.17499999999873,23.360416666666474],[55.16874999999874,23.360416666666474]]}},{"type":"Feature","properties":{"HYRIV_ID":20871145,"NEXT_DOWN":20871504,"MAIN_RIV":20874339,"LENGTH_KM":1.68,"CATCH_SKM":2.76,"DIS_AV_CMS":0.036,"ORD_STRA":2,"ORD_FLOW":8},"geometry":{"type":"LineString","coordinates":[[54.80624999999878,23.36458333333318],[54.810416666665446,23.360416666666474],[54.81458333333211,23.360416666666474],[54.81874999999877,23.356249999999854]]}},{"type":"Feature","properties":{"HYRIV_ID":20871146,"NEXT_DOWN":20871505,"MAIN_RIV":20874339,"LENGTH_KM":4.0100002,"CATCH_SKM":10.05,"DIS_AV_CMS":0.022,"ORD_STRA":2,"ORD_FLOW":8},"geometry":{"type":"LineString","coordinates":[[54.95624999999873,23.368749999999828],[54.960416666665395,23.36458333333318],[54.96458333333206,23.36458333333318],[54.96874999999872,23.360416666666474],[54.97708333333205,23.360416666666474],[54.98124999999877,23.356249999999854],[54.98958333333209,23.356249999999854]]}},{"type":"Feature","properties":{"HYRIV_ID":20871147,"NEXT_DOWN":20871505,"MAIN_RIV":20874339,"LENGTH_KM":3.57,"CATCH_SKM":7.8800001,"DIS_AV_CMS":0.0,"ORD_STRA":5,"ORD_FLOW":10},"geometry":{"type":"LineString","coordinates":[[54.98958333333209,23.385416666666465],[54.98958333333209,23.377083333333154],[54.993749999998755,23.37291666666649],[54.993749999998755,23.36458333333318],[54.98958333333209,23.360416666666474],[54.98958333333209,23.356249999999854]]}},{"type":"Feature","properties":{"HYRIV_ID":20871148,"NEXT_DOWN":20871189,"MAIN_RIV":20874339,"LENGTH_KM":4.4699998,"CATCH_SKM":22.459999,"DIS_AV_CMS":0.004,"ORD_STRA":1,"ORD_FLOW":9},"geometry":{"type":"LineString","coordinates":[[55.40833333333211,23.360416666666474],[55.39791666666537,23.360416666666474],[55.39374999999873,23.36458333333318],[55.38958333333207,23.36458333333318],[55.38541666666541,23.368749999999828],[55.37708333333208,23.360416666666474],[55.37708333333208,23.356249999999854]]}},{"type":"Feature","properties":{"HYRIV_ID":20871189,"NEXT_DOWN":20870913,"MAIN_RIV":20874339,"LENGTH_KM":14.35,"CATCH_SKM":51.43,"DIS_AV_CMS":0.014,"ORD_STRA":2,"ORD_FLOW":8},"geometry":{"type":"LineString","coordinates":[[55.37708333333208,23.356249999999854],[55.37291666666542,23.352083333333162],[55.36458333333212,23.352083333333162],[55.35624999999871,23.360416666666474],[55.35208333333205,23.360416666666474],[55.347916666665384,23.36458333333318],[55.34374999999872,23.360416666666474],[55.33958333333209,23.36458333333318],[55.335416666665424,23.360416666666474],[55.31874999999869,23.360416666666474],[55.31458333333205,23.36458333333318],[55.30624999999873,23.36458333333318],[55.302083333332064,23.368749999999828],[55.29374999999874,23.368749999999828],[55.289583333332104,23.37291666666649],[55.28124999999878,23.37291666666649],[55.277083333332115,23.377083333333154],[55.26458333333204,23.377083333333154],[55.26041666666541,23.38124999999986]]}},{"type":"Feature","properties":{"HYRIV_ID":20871190,"NEXT_DOWN":20871652,"MAIN_RIV":20874339,"LENGTH_KM":1.62,"CATCH_SKM":11.63,"DIS_AV_CMS":0.002,"ORD_STRA":1,"ORD_FLOW":9},"geometry":{"type":"LineString","coordinates":[[55.67708333333209,23.36666666666651],[55.67708333333209,23.352083333333162]]}},{"type":"Feature","properties":{"HYRIV_ID":20871191,"NEXT_DOWN":20871652,"MAIN_RIV":20874339,"LENGTH_KM":4.64,"CATCH_SKM":8.87,"DIS_AV_CMS":0.0,"ORD_STRA":4,"ORD_FLOW":10},"geometry":{"type":"LineString","coordinates":[[55.71458333333209,23.360416666666474],[55.71041666666534,23.360416666666474],[55.706249999998704,23.356249999999854],[55.69791666666538,23.356249999999854],[55.693749999998715,23.360416666666474],[55.68958333333205,23.356249999999854],[55.68541666666539,23.356249999999854],[55.68124999999873,23.352083333333162],[55.67708333333209,23.352083333333162]]}},{"type":"Feature","properties":{"HYRIV_ID":20871236,"NEXT_DOWN":20870952,"MAIN_RIV":20867647,"LENGTH_KM":3.57,"CATCH_SKM":10.64,"DIS_AV_CMS":0.031,"ORD_STRA":2,"ORD_FLOW":8},"geometry":{"type":"LineString","coordinates":[[54.46041666666537,23.3479166666665],[54.456249999998704,23.352083333333162],[54.456249999998704,23.360416666666474],[54.45208333333207,23.36458333333318],[54.45208333333207,23.377083333333154]]}},{"type":"Feature","properties":{"HYRIV_ID":20871237,"NEXT_DOWN":20871983,"MAIN_RIV":20874339,"LENGTH_KM":12.91,"CATCH_SKM":45.32,"DIS_AV_CMS":0.022,"ORD_STRA":2,"ORD_FLOW":8},"geometry":{"type":"LineString","coordinates":[[54.53124999999875,23.397916666666482],[54.535416666665384,23.393749999999834],[54.54791666666546,23.393749999999834],[54.55208333333212,23.38958333333317],[54.55208333333212,23.385416666666465],[54.568749999998744,23.385416666666465],[54.57291666666541,23.38124999999986],[54.585416666665395,23.38124999999986],[54.58958333333203,23.377083333333154],[54.59791666666544,23.377083333333154],[54.62291666666539,23.352083333333162],[54.62708333333205,23.352083333333162],[54.6312499999988,23.3479166666665]]}},{"type":"Feature","properties":{"HYRIV_ID":20871288,"NEXT_DOWN":20870784,"MAIN_RIV":20864747,"LENGTH_KM":8.7200003,"CATCH_SKM":48.279999,"DIS_AV_CMS":0.01,"ORD_STRA":1,"ORD_FLOW":8},"geometry":{"type":"LineString","coordinates":[[54.114583333332064,23.34166666666652],[54.114583333332064,23.3479166666665],[54.102083333332075,23.360416666666474],[54.089583333332115,23.360416666666474],[54.06458333333205,23.385416666666465],[54.06458333333205,23.38958333333317],[54.06041666666542,23.393749999999834]]}},{"type":"Feature","properties":{"HYRIV_ID":20871289,"NEXT_DOWN":20871504,"MAIN_RIV":20874339,"LENGTH_KM":3.29,"CATCH_SKM":15.18,"DIS_AV_CMS":0.003,"ORD_STRA":1,"ORD_FLOW":9},"geometry":{"type":"LineString","coordinates":[[54.799999999998704,23.34166666666652],[54.80624999999878,23.3479166666665],[54.810416666665446,23.343749999999837],[54.81874999999877,23.352083333333162],[54.81874999999877,23.356249999999854]]}},{"type":"Feature","properties":{"HYRIV_ID":20871290,"NEXT_DOWN":20871189,"MAIN_RIV":20874339,"LENGTH_KM":2.6300001,"CATCH_SKM":18.92,"DIS_AV_CMS":0.003,"ORD_STRA":1,"ORD_FLOW":9},"geometry":{"type":"LineString","coordinates":[[55.395833333332035,23.34166666666652],[55.381249999998744,23.356249999999854],[55.37708333333208,23.356249999999854]]}},{"type":"Feature","properties":{"HYRIV_ID":20871329,"NEXT_DOWN":20870822,"MAIN_RIV":20867647,"LENGTH_KM":8.71,"CATCH_SKM":47.689999,"DIS_AV_CMS":0.01,"ORD_STRA":1,"ORD_FLOW":8},"geometry":{"type":"LineString","coordinates":[[54.366666666665395,23.339583333333188],[54.3604166666654,23.339583333333188],[54.33541666666545,23.36458333333318],[54.331249999998704,23.36458333333318],[54.32708333333204,23.368749999999828],[54.32291666666541,23.368749999999828],[54.31041666666542,23.38124999999986],[54.31041666666542,23.38958333333317]]}},{"type":"Feature","properties":{"HYRIV_ID":20871369,"NEXT_DOWN":20871236,"MAIN_RIV":20867647,"LENGTH_KM":2.04,"CATCH_SKM":12.61,"DIS_AV_CMS":0.003,"ORD_STRA":1,"ORD_FLOW":9},"geometry":{"type":"LineString","coordinates":[[54.44999999999874,23.33333333333315],[54.46041666666537,23.343749999999837],[54.46041666666537,23.3479166666665]]}},{"type":"Feature","properties":{"HYRIV_ID":20871370,"NEXT_DOWN":20871983,"MAIN_RIV":20874339,"LENGTH_KM":2.95,"CATCH_SKM":13.4,"DIS_AV_CMS":0.003,"ORD_STRA":1,"ORD_FLOW":9},"geometry":{"type":"LineString","coordinates":[[54.6083333333321,23.335416666666482],[54.614583333332064,23.335416666666482],[54.62291666666539,23.343749999999837],[54.62708333333205,23.343749999999837],[54.6312499999988,23.3479166666665]]}},{"type":"Feature","properties":{"HYRIV_ID":20871411,"NEXT_DOWN":20871721,"MAIN_RIV":20878669,"LENGTH_KM":0.64,"CATCH_SKM":10.64,"DIS_AV_CMS":0.002,"ORD_STRA":1,"ORD_FLOW":9},"geometry":{"type":"LineString","coordinates":[[54.02499999999873,23.33124999999982],[54.031249999998806,23.33124999999982]]}},{"type":"Feature","properties":{"HYRIV_ID":20871412,"NEXT_DOWN":20871721,"MAIN_RIV":20878669,"LENGTH_KM":4.2399998,"CATCH_SKM":35.669998,"DIS_AV_CMS":0.007,"ORD_STRA":1,"ORD_FLOW":9},"geometry":{"type":"LineString","coordinates":[[54.008333333332104,23.354166666666494],[54.01458333333207,23.3479166666665],[54.02708333333214,23.3479166666665],[54.02708333333214,23.335416666666482],[54.031249999998806,23.33124999999982]]}},{"type":"Feature","properties":{"HYRIV_ID":20871413,"NEXT_DOWN":20871036,"MAIN_RIV":20874339,"LENGTH_KM":5.7399998,"CATCH_SKM":27.790001,"DIS_AV_CMS":0.006,"ORD_STRA":1,"ORD_FLOW":9},"geometry":{"type":"LineString","coordinates":[[54.537499999998715,23.329166666666502],[54.543749999998795,23.335416666666482],[54.543749999998795,23.339583333333188],[54.535416666665384,23.3479166666665],[54.535416666665384,23.360416666666474],[54.53124999999875,23.36458333333318],[54.52708333333209,23.36458333333318],[54.522916666665424,23.368749999999828]]}},{"type":"Feature","properties":{"HYRIV_ID":20871504,"NEXT_DOWN":20871579,"MAIN_RIV":20874339,"LENGTH_KM":22.84,"CATCH_SKM":58.73,"DIS_AV_CMS":0.04,"ORD_STRA":2,"ORD_FLOW":8},"geometry":{"type":"LineString","coordinates":[[54.81874999999877,23.356249999999854],[54.82708333333207,23.356249999999854],[54.83124999999873,23.360416666666474],[54.84374999999872,23.360416666666474],[54.847916666665355,23.36458333333318],[54.85624999999877,23.36458333333318],[54.86041666666543,23.368749999999828],[54.87708333333205,23.352083333333162],[54.88541666666538,23.352083333333162],[54.889583333332126,23.3479166666665],[54.90208333333209,23.3479166666665],[54.90624999999875,23.343749999999837],[54.94374999999877,23.343749999999837],[54.947916666665435,23.339583333333188],[54.95208333333207,23.339583333333188],[54.95624999999873,23.335416666666482],[54.96458333333206,23.335416666666482],[54.96874999999872,23.33124999999982],[54.98124999999877,23.33124999999982],[54.98541666666543,23.32708333333317],[54.993749999998755,23.32708333333317],[54.99791666666542,23.322916666666508],[55.014583333332126,23.322916666666508]]}},{"type":"Feature","properties":{"HYRIV_ID":20871505,"NEXT_DOWN":20871579,"MAIN_RIV":20874339,"LENGTH_KM":5.2199998,"CATCH_SKM":13.6,"DIS_AV_CMS":0.0,"ORD_STRA":5,"ORD_FLOW":10},"geometry":{"type":"LineString","coordinates":[[54.98958333333209,23.356249999999854],[54.99791666666542,23.3479166666665],[55.006249999998715,23.3479166666665],[55.014583333332126,23.339583333333188],[55.014583333332126,23.322916666666508]]}},{"type":"Feature","properties":{"HYRIV_ID":20871506,"NEXT_DOWN":20871109,"MAIN_RIV":20874339,"LENGTH_KM":12.86,"CATCH_SKM":51.040001,"DIS_AV_CMS":0.0,"ORD_STRA":4,"ORD_FLOW":10},"geometry":{"type":"LineString","coordinates":[[55.268749999998704,23.322916666666508],[55.26458333333204,23.322916666666508],[55.26041666666541,23.32708333333317],[55.256249999998744,23.32708333333317],[55.25208333333208,23.33124999999982],[55.24791666666542,23.33124999999982],[55.23958333333209,23.339583333333188],[55.23541666666537,23.339583333333188],[55.23124999999871,23.343749999999837],[55.22708333333205,23.343749999999837],[55.222916666665384,23.3479166666665],[55.21458333333206,23.3479166666665],[55.210416666665424,23.343749999999837],[55.20624999999876,23.3479166666665],[55.197916666665435,23.3479166666665],[55.19374999999877,23.343749999999837],[55.189583333332024,23.3479166666665],[55.18541666666539,23.3479166666665],[55.177083333332064,23.356249999999854],[55.1729166666654,23.356249999999854],[55.16874999999874,23.360416666666474]]}},{"type":"Feature","properties":{"HYRIV_ID":20871507,"NEXT_DOWN":20871506,"MAIN_RIV":20874339,"LENGTH_KM":5.0100002,"CATCH_SKM":23.65,"DIS_AV_CMS":0.004,"ORD_STRA":1,"ORD_FLOW":9},"geometry":{"type":"LineString","coordinates":[[55.30833333333206,23.32499999999984],[55.302083333332064,23.33124999999982],[55.277083333332115,23.33124999999982],[55.27291666666545,23.32708333333317],[55.27291666666545,23.322916666666508],[55.268749999998704,23.322916666666508]]}},{"type":"Feature","properties":{"HYRIV_ID":20871538,"NEXT_DOWN":20871539,"MAIN_RIV":20877271,"LENGTH_KM":5.1799998,"CATCH_SKM":24.84,"DIS_AV_CMS":0.005,"ORD_STRA":1,"ORD_FLOW":9},"geometry":{"type":"LineString","coordinates":[[54.19583333333205,23.33333333333315],[54.21041666666545,23.318749999999802],[54.239583333332064,23.318749999999802]]}},{"type":"Feature","properties":{"HYRIV_ID":20871539,"NEXT_DOWN":20873745,"MAIN_RIV":20877271,"LENGTH_KM":6.6799998,"CATCH_SKM":27.790001,"DIS_AV_CMS":0.014,"ORD_STRA":2,"ORD_FLOW":8},"geometry":{"type":"LineString","coordinates":[[54.239583333332064,23.318749999999802],[54.24374999999873,23.322916666666508],[54.24374999999873,23.33124999999982],[54.23124999999874,23.343749999999837],[54.227083333332075,23.343749999999837],[54.22291666666541,23.3479166666665],[54.227083333332075,23.352083333333162],[54.227083333332075,23.360416666666474],[54.23124999999874,23.36458333333318]]}},{"type":"Feature","properties":{"HYRIV_ID":20871578,"NEXT_DOWN":20871539,"MAIN_RIV":20877271,"LENGTH_KM":0.94,"CATCH_SKM":15.97,"DIS_AV_CMS":0.003,"ORD_STRA":1,"ORD_FLOW":9},"geometry":{"type":"LineString","coordinates":[[54.24583333333206,23.312499999999822],[54.239583333332064,23.318749999999802]]}},{"type":"Feature","properties":{"HYRIV_ID":20871579,"NEXT_DOWN":20871789,"MAIN_RIV":20874339,"LENGTH_KM":1.09,"CATCH_SKM":2.37,"DIS_AV_CMS":0.0,"ORD_STRA":5,"ORD_FLOW":10},"geometry":{"type":"LineString","coordinates":[[55.014583333332126,23.322916666666508],[55.014583333332126,23.318749999999802],[55.01874999999879,23.314583333333154]]}},{"type":"Feature","properties":{"HYRIV_ID":20871652,"NEXT_DOWN":20871828,"MAIN_RIV":20874339,"LENGTH_KM":25.530001,"CATCH_SKM":95.190002,"DIS_AV_CMS":0.0,"ORD_STRA":4,"ORD_FLOW":10},"geometry":{"type":"LineString","coordinates":[[55.67708333333209,23.352083333333162],[55.67291666666543,23.3479166666665],[55.66874999999877,23.3479166666665],[55.664583333332104,23.343749999999837],[55.660416666665355,23.343749999999837],[55.65624999999869,23.339583333333188],[55.65208333333206,23.339583333333188],[55.64374999999873,23.3479166666665],[55.63958333333207,23.3479166666665],[55.63541666666541,23.343749999999837],[55.631249999998744,23.3479166666665],[55.62708333333211,23.3479166666665],[55.61874999999878,23.356249999999854],[55.602083333332075,23.356249999999854],[55.59791666666541,23.352083333333162],[55.59374999999875,23.352083333333162],[55.585416666665424,23.343749999999837],[55.568749999998715,23.343749999999837],[55.56458333333205,23.3479166666665],[55.54374999999877,23.3479166666665],[55.53541666666544,23.339583333333188],[55.52708333333203,23.339583333333188],[55.522916666665395,23.335416666666482],[55.51458333333207,23.335416666666482],[55.51041666666541,23.33124999999982],[55.51458333333207,23.32708333333317],[55.50208333333208,23.314583333333154],[55.497916666665446,23.314583333333154],[55.49374999999878,23.31041666666649],[55.48541666666537,23.31041666666649],[55.48124999999871,23.306249999999828]]}},{"type":"Feature","properties":{"HYRIV_ID":20871653,"NEXT_DOWN":20871829,"MAIN_RIV":20874339,"LENGTH_KM":13.58,"CATCH_SKM":42.580002,"DIS_AV_CMS":0.069,"ORD_STRA":3,"ORD_FLOW":8},"geometry":{"type":"LineString","coordinates":[[55.76874999999873,23.33124999999982],[55.76458333333207,23.33124999999982],[55.76041666666541,23.335416666666482],[55.747916666665446,23.335416666666482],[55.7437499999987,23.339583333333188],[55.739583333332035,23.339583333333188],[55.73124999999874,23.33124999999982],[55.72291666666541,23.33124999999982],[55.71458333333209,23.322916666666508],[55.71041666666534,23.322916666666508],[55.706249999998704,23.318749999999802],[55.70208333333204,23.318749999999802],[55.69791666666538,23.322916666666508],[55.68958333333205,23.322916666666508],[55.68541666666539,23.32708333333317],[55.68124999999873,23.32708333333317],[55.67708333333209,23.322916666666508],[55.67708333333209,23.314583333333154],[55.66874999999877,23.306249999999828]]}},{"type":"Feature","properties":{"HYRIV_ID":20871681,"NEXT_DOWN":20871788,"MAIN_RIV":20874339,"LENGTH_KM":4.06,"CATCH_SKM":26.02,"DIS_AV_CMS":0.005,"ORD_STRA":1,"ORD_FLOW":9},"geometry":{"type":"LineString","coordinates":[[54.84166666666539,23.31041666666649],[54.847916666665355,23.31041666666649],[54.85624999999877,23.30208333333318],[54.87291666666539,23.30208333333318],[54.87291666666539,23.306249999999828]]}},{"type":"Feature","properties":{"HYRIV_ID":20871682,"NEXT_DOWN":20871789,"MAIN_RIV":20874339,"LENGTH_KM":4.4400001,"CATCH_SKM":15.38,"DIS_AV_CMS":0.047,"ORD_STRA":3,"ORD_FLOW":8},"geometry":{"type":"LineString","coordinates":[[55.0562499999987,23.30208333333318],[55.052083333332064,23.306249999999828],[55.0479166666654,23.306249999999828],[55.039583333332075,23.314583333333154],[55.01874999999879,23.314583333333154]]}},{"type":"Feature","properties":{"HYRIV_ID":20871683,"NEXT_DOWN":20871682,"MAIN_RIV":20874339,"LENGTH_KM":3.6500001,"CATCH_SKM":20.3,"DIS_AV_CMS":0.004,"ORD_STRA":1,"ORD_FLOW":9},"geometry":{"type":"LineString","coordinates":[[55.08124999999876,23.316666666666485],[55.08124999999876,23.31041666666649],[55.0770833333321,23.306249999999828],[55.06458333333211,23.306249999999828],[55.06041666666536,23.30208333333318],[55.0562499999987,23.30208333333318]]}},{"type":"Feature","properties":{"HYRIV_ID":20871721,"NEXT_DOWN":20872813,"MAIN_RIV":20878669,"LENGTH_KM":6.83,"CATCH_SKM":29.77,"DIS_AV_CMS":0.015,"ORD_STRA":2,"ORD_FLOW":8},"geometry":{"type":"LineString","coordinates":[[54.031249999998806,23.33124999999982],[54.03541666666547,23.32708333333317],[54.039583333332104,23.32708333333317],[54.04374999999877,23.322916666666508],[54.056249999998755,23.322916666666508],[54.06458333333205,23.314583333333154],[54.06458333333205,23.31041666666649],[54.068749999998715,23.306249999999828],[54.07291666666546,23.306249999999828],[54.077083333332126,23.30208333333318],[54.077083333332126,23.297916666666474]]}},{"type":"Feature","properties":{"HYRIV_ID":20871722,"NEXT_DOWN":20871822,"MAIN_RIV":20877271,"LENGTH_KM":0.94,"CATCH_SKM":10.45,"DIS_AV_CMS":0.002,"ORD_STRA":1,"ORD_FLOW":9},"geometry":{"type":"LineString","coordinates":[[54.18749999999875,23.304166666666497],[54.181249999998755,23.297916666666474]]}},{"type":"Feature","properties":{"HYRIV_ID":20871723,"NEXT_DOWN":20871147,"MAIN_RIV":20874339,"LENGTH_KM":26.8,"CATCH_SKM":92.629997,"DIS_AV_CMS":0.097,"ORD_STRA":4,"ORD_FLOW":8},"geometry":{"type":"LineString","coordinates":[[55.20624999999876,23.297916666666474],[55.18541666666539,23.297916666666474],[55.16874999999874,23.314583333333154],[55.152083333332115,23.314583333333154],[55.14374999999879,23.322916666666508],[55.12708333333208,23.322916666666508],[55.12291666666542,23.32708333333317],[55.11458333333209,23.32708333333317],[55.11041666666543,23.33124999999982],[55.10624999999871,23.33124999999982],[55.10208333333205,23.335416666666482],[55.097916666665384,23.335416666666482],[55.085416666665395,23.3479166666665],[55.08124999999876,23.3479166666665],[55.072916666665435,23.356249999999854],[55.04374999999874,23.356249999999854],[55.01041666666538,23.38958333333317],[54.993749999998755,23.38958333333317],[54.98958333333209,23.385416666666465]]}},{"type":"Feature","properties":{"HYRIV_ID":20871724,"NEXT_DOWN":20871723,"MAIN_RIV":20874339,"LENGTH_KM":1.12,"CATCH_SKM":11.04,"DIS_AV_CMS":0.002,"ORD_STRA":1,"ORD_FLOW":9},"geometry":{"type":"LineString","coordinates":[[55.210416666665424,23.304166666666497],[55.210416666665424,23.297916666666474],[55.20624999999876,23.297916666666474]]}},{"type":"Feature","properties":{"HYRIV_ID":20871753,"NEXT_DOWN":20871822,"MAIN_RIV":20877271,"LENGTH_KM":2.85,"CATCH_SKM":23.66,"DIS_AV_CMS":0.005,"ORD_STRA":1,"ORD_FLOW":9},"geometry":{"type":"LineString","coordinates":[[54.15833333333214,23.299999999999848],[54.16458333333213,23.29374999999981],[54.16874999999877,23.297916666666474],[54.181249999998755,23.297916666666474]]}},{"type":"Feature","properties":{"HYRIV_ID":20871754,"NEXT_DOWN":20871828,"MAIN_RIV":20874339,"LENGTH_KM":3.48,"CATCH_SKM":16.17,"DIS_AV_CMS":0.003,"ORD_STRA":1,"ORD_FLOW":9},"geometry":{"type":"LineString","coordinates":[[55.508333333332075,23.29166666666648],[55.50208333333208,23.297916666666474],[55.49374999999878,23.297916666666474],[55.48541666666537,23.306249999999828],[55.48124999999871,23.306249999999828]]}},{"type":"Feature","properties":{"HYRIV_ID":20871788,"NEXT_DOWN":20872063,"MAIN_RIV":20874339,"LENGTH_KM":19.93,"CATCH_SKM":69.0,"DIS_AV_CMS":0.022,"ORD_STRA":2,"ORD_FLOW":8},"geometry":{"type":"LineString","coordinates":[[54.87291666666539,23.306249999999828],[54.868749999998755,23.31041666666649],[54.868749999998755,23.314583333333154],[54.86041666666543,23.322916666666508],[54.868749999998755,23.33124999999982],[54.868749999998755,23.335416666666482],[54.87291666666539,23.335416666666482],[54.87708333333205,23.33124999999982],[54.881249999998715,23.33124999999982],[54.88541666666538,23.32708333333317],[54.889583333332126,23.32708333333317],[54.89374999999879,23.322916666666508],[54.90208333333209,23.322916666666508],[54.90624999999875,23.318749999999802],[54.91874999999874,23.318749999999802],[54.9229166666654,23.314583333333154],[54.94374999999877,23.314583333333154],[54.947916666665435,23.31041666666649],[54.95208333333207,23.31041666666649],[54.96874999999872,23.29374999999981],[54.98958333333209,23.29374999999981],[54.993749999998755,23.289583333333162],[55.00208333333208,23.289583333333162]]}},{"type":"Feature","properties":{"HYRIV_ID":20871789,"NEXT_DOWN":20872063,"MAIN_RIV":20874339,"LENGTH_KM":4.29,"CATCH_SKM":7.89,"DIS_AV_CMS":0.0,"ORD_STRA":5,"ORD_FLOW":10},"geometry":{"type":"LineString","coordinates":[[55.01874999999879,23.314583333333154],[55.01874999999879,23.31041666666649],[55.014583333332126,23.306249999999828],[55.006249999998715,23.306249999999828],[54.99791666666542,23.297916666666474],[54.99791666666542,23.29374999999981],[55.00208333333208,23.289583333333162]]}},{"type":"Feature","properties":{"HYRIV_ID":20871790,"NEXT_DOWN":20871830,"MAIN_RIV":20874339,"LENGTH_KM":9.9499998,"CATCH_SKM":31.35,"DIS_AV_CMS":0.005,"ORD_STRA":1,"ORD_FLOW":9},"geometry":{"type":"LineString","coordinates":[[55.77499999999873,23.297916666666474],[55.747916666665446,23.297916666666474],[55.7437499999987,23.30208333333318],[55.73541666666537,23.29374999999981],[55.73124999999874,23.29374999999981],[55.727083333332075,23.297916666666474],[55.72291666666541,23.297916666666474],[55.71874999999875,23.29374999999981],[55.693749999998715,23.29374999999981],[55.68958333333205,23.289583333333162]]}},{"type":"Feature","properties":{"HYRIV_ID":20871822,"NEXT_DOWN":20871982,"MAIN_RIV":20877271,"LENGTH_KM":2.1500001,"CATCH_SKM":7.29,"DIS_AV_CMS":0.008,"ORD_STRA":2,"ORD_FLOW":9},"geometry":{"type":"LineString","coordinates":[[54.181249999998755,23.297916666666474],[54.18541666666542,23.29374999999981],[54.18958333333208,23.29374999999981],[54.193749999998744,23.289583333333162],[54.193749999998744,23.2854166666665]]}},{"type":"Feature","properties":{"HYRIV_ID":20871823,"NEXT_DOWN":20871824,"MAIN_RIV":20867647,"LENGTH_KM":8.4799995,"CATCH_SKM":34.099998,"DIS_AV_CMS":0.007,"ORD_STRA":1,"ORD_FLOW":9},"geometry":{"type":"LineString","coordinates":[[54.41666666666546,23.318749999999802],[54.42291666666546,23.318749999999802],[54.42708333333212,23.314583333333154],[54.42708333333212,23.31041666666649],[54.431249999998755,23.31041666666649],[54.43541666666542,23.306249999999828],[54.443749999998744,23.306249999999828],[54.46041666666537,23.289583333333162],[54.464583333332115,23.289583333333162],[54.46874999999878,23.2854166666665],[54.48124999999877,23.2854166666665]]}},{"type":"Feature","properties":{"HYRIV_ID":20871824,"NEXT_DOWN":20871236,"MAIN_RIV":20867647,"LENGTH_KM":8.4399996,"CATCH_SKM":47.310001,"DIS_AV_CMS":0.026,"ORD_STRA":2,"ORD_FLOW":8},"geometry":{"type":"LineString","coordinates":[[54.48124999999877,23.2854166666665],[54.489583333332064,23.29374999999981],[54.489583333332064,23.297916666666474],[54.4854166666654,23.30208333333318],[54.4854166666654,23.31041666666649],[54.48124999999877,23.314583333333154],[54.48124999999877,23.32708333333317],[54.46041666666537,23.3479166666665]]}},{"type":"Feature","properties":{"HYRIV_ID":20871825,"NEXT_DOWN":20871723,"MAIN_RIV":20874339,"LENGTH_KM":4.0100002,"CATCH_SKM":8.87,"DIS_AV_CMS":0.156,"ORD_STRA":4,"ORD_FLOW":7},"geometry":{"type":"LineString","coordinates":[[55.23958333333209,23.2854166666665],[55.23541666666537,23.2854166666665],[55.23124999999871,23.289583333333162],[55.21874999999872,23.289583333333162],[55.21458333333206,23.29374999999981],[55.210416666665424,23.29374999999981],[55.20624999999876,23.297916666666474]]}},{"type":"Feature","properties":{"HYRIV_ID":20871826,"NEXT_DOWN":20871825,"MAIN_RIV":20874339,"LENGTH_KM":1.41,"CATCH_SKM":11.83,"DIS_AV_CMS":0.002,"ORD_STRA":1,"ORD_FLOW":9},"geometry":{"type":"LineString","coordinates":[[55.24583333333209,23.295833333333142],[55.23958333333209,23.289583333333162],[55.23958333333209,23.2854166666665]]}},{"type":"Feature","properties":{"HYRIV_ID":20871827,"NEXT_DOWN":20871875,"MAIN_RIV":20874339,"LENGTH_KM":10.09,"CATCH_SKM":35.68,"DIS_AV_CMS":0.006,"ORD_STRA":1,"ORD_FLOW":9},"geometry":{"type":"LineString","coordinates":[[55.462499999998755,23.329166666666502],[55.45624999999876,23.322916666666508],[55.45208333333201,23.322916666666508],[55.44791666666535,23.318749999999802],[55.443749999998715,23.322916666666508],[55.43124999999873,23.31041666666649],[55.427083333332064,23.31041666666649],[55.41874999999877,23.30208333333318],[55.402083333332115,23.30208333333318],[55.39374999999873,23.29374999999981],[55.39374999999873,23.2854166666665]]}},{"type":"Feature","properties":{"HYRIV_ID":20871828,"NEXT_DOWN":20871875,"MAIN_RIV":20874339,"LENGTH_KM":10.77,"CATCH_SKM":29.969999,"DIS_AV_CMS":0.0,"ORD_STRA":4,"ORD_FLOW":10},"geometry":{"type":"LineString","coordinates":[[55.48124999999871,23.306249999999828],[55.472916666665384,23.306249999999828],[55.46874999999875,23.30208333333318],[55.46458333333209,23.30208333333318],[55.460416666665424,23.306249999999828],[55.45208333333201,23.297916666666474],[55.44791666666535,23.297916666666474],[55.43958333333205,23.289583333333162],[55.43124999999873,23.289583333333162],[55.427083333332064,23.2854166666665],[55.41874999999877,23.2854166666665],[55.414583333332104,23.289583333333162],[55.402083333332115,23.289583333333162],[55.39791666666537,23.2854166666665],[55.39374999999873,23.2854166666665]]}},{"type":"Feature","properties":{"HYRIV_ID":20871829,"NEXT_DOWN":20871984,"MAIN_RIV":20874339,"LENGTH_KM":17.379999,"CATCH_SKM":43.169998,"DIS_AV_CMS":0.085,"ORD_STRA":3,"ORD_FLOW":8},"geometry":{"type":"LineString","coordinates":[[55.66874999999877,23.306249999999828],[55.664583333332104,23.306249999999828],[55.660416666665355,23.31041666666649],[55.65624999999869,23.31041666666649],[55.65208333333206,23.306249999999828],[55.647916666665395,23.306249999999828],[55.64374999999873,23.31041666666649],[55.63541666666541,23.31041666666649],[55.631249999998744,23.314583333333154],[55.62708333333211,23.314583333333154],[55.622916666665446,23.318749999999802],[55.61874999999878,23.318749999999802],[55.614583333332035,23.322916666666508],[55.61041666666537,23.318749999999802],[55.60624999999871,23.322916666666508],[55.602083333332075,23.322916666666508],[55.59791666666541,23.318749999999802],[55.59374999999875,23.322916666666508],[55.58958333333209,23.318749999999802],[55.585416666665424,23.322916666666508],[55.568749999998715,23.306249999999828],[55.56458333333205,23.31041666666649],[55.55624999999873,23.30208333333318],[55.55624999999873,23.29374999999981],[55.56041666666539,23.289583333333162],[55.56041666666539,23.2854166666665]]}},{"type":"Feature","properties":{"HYRIV_ID":20871830,"NEXT_DOWN":20871829,"MAIN_RIV":20874339,"LENGTH_KM":4.7199998,"CATCH_SKM":11.04,"DIS_AV_CMS":0.01,"ORD_STRA":2,"ORD_FLOW":8},"geometry":{"type":"LineString","coordinates":[[55.68958333333205,23.289583333333162],[55.68124999999873,23.289583333333162],[55.67708333333209,23.2854166666665],[55.67291666666543,23.2854166666665],[55.664583333332104,23.29374999999981],[55.664583333332104,23.297916666666474],[55.66874999999877,23.30208333333318],[55.66874999999877,23.306249999999828]]}},{"type":"Feature","properties":{"HYRIV_ID":20871874,"NEXT_DOWN":20871506,"MAIN_RIV":20874339,"LENGTH_KM":14.78,"CATCH_SKM":53.029999,"DIS_AV_CMS":0.0,"ORD_STRA":4,"ORD_FLOW":10},"geometry":{"type":"LineString","coordinates":[[55.38958333333207,23.281249999999837],[55.38541666666541,23.281249999999837],[55.37708333333208,23.289583333333162],[55.35208333333205,23.289583333333162],[55.34374999999872,23.297916666666474],[55.33958333333209,23.297916666666474],[55.335416666665424,23.30208333333318],[55.3270833333321,23.30208333333318],[55.32291666666535,23.306249999999828],[55.31874999999869,23.306249999999828],[55.31041666666539,23.314583333333154],[55.30624999999873,23.31041666666649],[55.302083333332064,23.314583333333154],[55.28124999999878,23.314583333333154],[55.277083333332115,23.318749999999802],[55.27291666666545,23.318749999999802],[55.268749999998704,23.322916666666508]]}},{"type":"Feature","properties":{"HYRIV_ID":20871875,"NEXT_DOWN":20871874,"MAIN_RIV":20874339,"LENGTH_KM":0.63,"CATCH_SKM":0.2,"DIS_AV_CMS":0.0,"ORD_STRA":4,"ORD_FLOW":10},"geometry":{"type":"LineString","coordinates":[[55.39374999999873,23.2854166666665],[55.38958333333207,23.281249999999837]]}},{"type":"Feature","properties":{"HYRIV_ID":20871876,"NEXT_DOWN":20871984,"MAIN_RIV":20874339,"LENGTH_KM":7.9,"CATCH_SKM":33.91,"DIS_AV_CMS":0.006,"ORD_STRA":1,"ORD_FLOW":9},"geometry":{"type":"LineString","coordinates":[[55.620833333332115,23.28749999999983],[55.614583333332035,23.281249999999837],[55.61041666666537,23.281249999999837],[55.60624999999871,23.2854166666665],[55.602083333332075,23.281249999999837],[55.59791666666541,23.2854166666665],[55.581249999998676,23.2854166666665],[55.57708333333204,23.289583333333162],[55.57291666666538,23.289583333333162],[55.56458333333205,23.281249999999837],[55.56041666666539,23.2854166666665]]}},{"type":"Feature","properties":{"HYRIV_ID":20871910,"NEXT_DOWN":20872813,"MAIN_RIV":20878669,"LENGTH_KM":3.62,"CATCH_SKM":20.700001,"DIS_AV_CMS":0.004,"ORD_STRA":1,"ORD_FLOW":9},"geometry":{"type":"LineString","coordinates":[[54.054166666665424,23.277083333333188],[54.06041666666542,23.277083333333188],[54.068749999998715,23.2854166666665],[54.068749999998715,23.289583333333162],[54.077083333332126,23.297916666666474]]}},{"type":"Feature","properties":{"HYRIV_ID":20871944,"NEXT_DOWN":20871982,"MAIN_RIV":20877271,"LENGTH_KM":1.79,"CATCH_SKM":14.79,"DIS_AV_CMS":0.003,"ORD_STRA":1,"ORD_FLOW":9},"geometry":{"type":"LineString","coordinates":[[54.19791666666538,23.27083333333315],[54.19791666666538,23.277083333333188],[54.193749999998744,23.281249999999837],[54.193749999998744,23.2854166666665]]}},{"type":"Feature","properties":{"HYRIV_ID":20871945,"NEXT_DOWN":20872961,"MAIN_RIV":20874339,"LENGTH_KM":11.88,"CATCH_SKM":55.779999,"DIS_AV_CMS":0.011,"ORD_STRA":1,"ORD_FLOW":8},"geometry":{"type":"LineString","coordinates":[[54.720833333332024,23.345833333333168],[54.73541666666543,23.33124999999982],[54.73541666666543,23.32708333333317],[54.73958333333209,23.322916666666508],[54.73958333333209,23.318749999999802],[54.74374999999873,23.314583333333154],[54.74791666666539,23.314583333333154],[54.756249999998715,23.306249999999828],[54.764583333332126,23.306249999999828],[54.772916666665424,23.297916666666474],[54.77708333333209,23.297916666666474],[54.78541666666541,23.289583333333162],[54.78541666666541,23.281249999999837],[54.789583333332075,23.277083333333188],[54.789583333332075,23.272916666666525]]}},{"type":"Feature","properties":{"HYRIV_ID":20871946,"NEXT_DOWN":20871874,"MAIN_RIV":20874339,"LENGTH_KM":1.9,"CATCH_SKM":13.21,"DIS_AV_CMS":0.002,"ORD_STRA":1,"ORD_FLOW":9},"geometry":{"type":"LineString","coordinates":[[55.404166666665446,23.272916666666525],[55.39791666666537,23.272916666666525],[55.38958333333207,23.281249999999837]]}},{"type":"Feature","properties":{"HYRIV_ID":20871947,"NEXT_DOWN":20871830,"MAIN_RIV":20874339,"LENGTH_KM":4.1100001,"CATCH_SKM":17.75,"DIS_AV_CMS":0.003,"ORD_STRA":1,"ORD_FLOW":9},"geometry":{"type":"LineString","coordinates":[[55.72083333333208,23.27083333333315],[55.71458333333209,23.277083333333188],[55.71041666666534,23.277083333333188],[55.706249999998704,23.281249999999837],[55.69791666666538,23.281249999999837],[55.68958333333205,23.289583333333162]]}},{"type":"Feature","properties":{"HYRIV_ID":20871982,"NEXT_DOWN":20872540,"MAIN_RIV":20877271,"LENGTH_KM":5.75,"CATCH_SKM":14.59,"DIS_AV_CMS":0.014,"ORD_STRA":2,"ORD_FLOW":8},"geometry":{"type":"LineString","coordinates":[[54.193749999998744,23.2854166666665],[54.214583333332115,23.2854166666665],[54.21874999999878,23.281249999999837],[54.227083333332075,23.281249999999837],[54.23124999999874,23.277083333333188],[54.2354166666654,23.277083333333188],[54.239583333332064,23.272916666666525],[54.239583333332064,23.26874999999982]]}},{"type":"Feature","properties":{"HYRIV_ID":20871983,"NEXT_DOWN":20872961,"MAIN_RIV":20874339,"LENGTH_KM":20.65,"CATCH_SKM":80.830002,"DIS_AV_CMS":0.035,"ORD_STRA":2,"ORD_FLOW":8},"geometry":{"type":"LineString","coordinates":[[54.6312499999988,23.3479166666665],[54.64374999999876,23.335416666666482],[54.65208333333209,23.335416666666482],[54.65624999999875,23.33124999999982],[54.66458333333205,23.33124999999982],[54.67291666666546,23.322916666666508],[54.67708333333212,23.322916666666508],[54.68124999999878,23.318749999999802],[54.685416666665446,23.322916666666508],[54.70208333333207,23.306249999999828],[54.70624999999873,23.306249999999828],[54.710416666665395,23.30208333333318],[54.71458333333206,23.30208333333318],[54.73541666666543,23.281249999999837],[54.764583333332126,23.281249999999837],[54.77708333333209,23.26874999999982],[54.78541666666541,23.26874999999982],[54.789583333332075,23.272916666666525]]}},{"type":"Feature","properties":{"HYRIV_ID":20871984,"NEXT_DOWN":20872172,"MAIN_RIV":20874339,"LENGTH_KM":3.2,"CATCH_SKM":5.52,"DIS_AV_CMS":0.091,"ORD_STRA":3,"ORD_FLOW":8},"geometry":{"type":"LineString","coordinates":[[55.56041666666539,23.2854166666665],[55.55624999999873,23.281249999999837],[55.55624999999873,23.277083333333188],[55.552083333332064,23.272916666666525],[55.54374999999877,23.272916666666525],[55.539583333332104,23.26874999999982]]}},{"type":"Feature","properties":{"HYRIV_ID":20872019,"NEXT_DOWN":20871788,"MAIN_RIV":20874339,"LENGTH_KM":7.98,"CATCH_SKM":35.3,"DIS_AV_CMS":0.007,"ORD_STRA":1,"ORD_FLOW":9},"geometry":{"type":"LineString","coordinates":[[54.91666666666541,23.26249999999984],[54.91041666666541,23.26874999999982],[54.90624999999875,23.26874999999982],[54.90208333333209,23.272916666666525],[54.89791666666545,23.272916666666525],[54.89374999999879,23.277083333333188],[54.88541666666538,23.277083333333188],[54.87708333333205,23.2854166666665],[54.87708333333205,23.289583333333162],[54.881249999998715,23.29374999999981],[54.881249999998715,23.297916666666474],[54.87291666666539,23.306249999999828]]}},{"type":"Feature","properties":{"HYRIV_ID":20872063,"NEXT_DOWN":20872280,"MAIN_RIV":20874339,"LENGTH_KM":4.5900002,"CATCH_SKM":20.51,"DIS_AV_CMS":0.0,"ORD_STRA":5,"ORD_FLOW":10},"geometry":{"type":"LineString","coordinates":[[55.00208333333208,23.289583333333162],[55.01041666666538,23.289583333333162],[55.01874999999879,23.281249999999837],[55.01874999999879,23.26874999999982],[55.014583333332126,23.264583333333157],[55.014583333332126,23.260416666666508]]}},{"type":"Feature","properties":{"HYRIV_ID":20872119,"NEXT_DOWN":20872120,"MAIN_RIV":20867647,"LENGTH_KM":6.2199998,"CATCH_SKM":22.08,"DIS_AV_CMS":0.005,"ORD_STRA":1,"ORD_FLOW":9},"geometry":{"type":"LineString","coordinates":[[54.429166666665424,23.283333333333168],[54.43541666666542,23.277083333333188],[54.44791666666541,23.277083333333188],[54.46041666666537,23.264583333333157],[54.46874999999878,23.264583333333157],[54.477083333332104,23.256249999999845]]}},{"type":"Feature","properties":{"HYRIV_ID":20872120,"NEXT_DOWN":20871824,"MAIN_RIV":20867647,"LENGTH_KM":3.74,"CATCH_SKM":10.45,"DIS_AV_CMS":0.01,"ORD_STRA":2,"ORD_FLOW":8},"geometry":{"type":"LineString","coordinates":[[54.477083333332104,23.256249999999845],[54.48124999999877,23.260416666666508],[54.48124999999877,23.26874999999982],[54.477083333332104,23.272916666666525],[54.477083333332104,23.277083333333188],[54.48124999999877,23.281249999999837],[54.48124999999877,23.2854166666665]]}},{"type":"Feature","properties":{"HYRIV_ID":20872172,"NEXT_DOWN":20872506,"MAIN_RIV":20874339,"LENGTH_KM":8.0299997,"CATCH_SKM":25.639999,"DIS_AV_CMS":0.218,"ORD_STRA":4,"ORD_FLOW":7},"geometry":{"type":"LineString","coordinates":[[55.539583333332104,23.26874999999982],[55.53124999999869,23.26874999999982],[55.52708333333203,23.264583333333157],[55.522916666665395,23.26874999999982],[55.51458333333207,23.26874999999982],[55.506249999998744,23.260416666666508],[55.48541666666537,23.260416666666508],[55.48124999999871,23.256249999999845],[55.47708333333205,23.256249999999845],[55.472916666665384,23.25208333333314]]}},{"type":"Feature","properties":{"HYRIV_ID":20872235,"NEXT_DOWN":20872280,"MAIN_RIV":20874339,"LENGTH_KM":11.43,"CATCH_SKM":46.34,"DIS_AV_CMS":0.008,"ORD_STRA":1,"ORD_FLOW":9},"geometry":{"type":"LineString","coordinates":[[55.11249999999876,23.264583333333157],[55.10624999999871,23.264583333333157],[55.10208333333205,23.260416666666508],[55.097916666665384,23.260416666666508],[55.09374999999872,23.256249999999845],[55.085416666665395,23.256249999999845],[55.08124999999876,23.25208333333314],[55.0770833333321,23.25208333333314],[55.072916666665435,23.24791666666649],[55.04374999999874,23.24791666666649],[55.039583333332075,23.25208333333314],[55.027083333332115,23.25208333333314],[55.01874999999879,23.260416666666508],[55.014583333332126,23.260416666666508]]}},{"type":"Feature","properties":{"HYRIV_ID":20872236,"NEXT_DOWN":20872506,"MAIN_RIV":20874339,"LENGTH_KM":0.94,"CATCH_SKM":10.85,"DIS_AV_CMS":0.002,"ORD_STRA":1,"ORD_FLOW":9},"geometry":{"type":"LineString","coordinates":[[55.47916666666538,23.24583333333316],[55.472916666665384,23.25208333333314]]}},{"type":"Feature","properties":{"HYRIV_ID":20872279,"NEXT_DOWN":20872584,"MAIN_RIV":20874339,"LENGTH_KM":5.4899998,"CATCH_SKM":21.889999,"DIS_AV_CMS":0.004,"ORD_STRA":1,"ORD_FLOW":9},"geometry":{"type":"LineString","coordinates":[[54.96666666666539,23.256249999999845],[54.972916666665384,23.256249999999845],[54.97708333333205,23.25208333333314],[54.98124999999877,23.25208333333314],[54.98541666666543,23.24791666666649],[54.98958333333209,23.25208333333314],[54.993749999998755,23.24791666666649],[55.00208333333208,23.24791666666649],[55.006249999998715,23.243749999999828],[55.01041666666538,23.243749999999828]]}},{"type":"Feature","properties":{"HYRIV_ID":20872280,"NEXT_DOWN":20872584,"MAIN_RIV":20874339,"LENGTH_KM":2.02,"CATCH_SKM":4.9299998,"DIS_AV_CMS":0.0,"ORD_STRA":5,"ORD_FLOW":10},"geometry":{"type":"LineString","coordinates":[[55.014583333332126,23.260416666666508],[55.014583333332126,23.256249999999845],[55.01041666666538,23.25208333333314],[55.01041666666538,23.243749999999828]]}},{"type":"Feature","properties":{"HYRIV_ID":20872323,"NEXT_DOWN":20872120,"MAIN_RIV":20867647,"LENGTH_KM":2.08,"CATCH_SKM":14.79,"DIS_AV_CMS":0.003,"ORD_STRA":1,"ORD_FLOW":9},"geometry":{"type":"LineString","coordinates":[[54.477083333332104,23.237499999999848],[54.477083333332104,23.256249999999845]]}},{"type":"Feature","properties":{"HYRIV_ID":20872324,"NEXT_DOWN":20872425,"MAIN_RIV":20874339,"LENGTH_KM":5.79,"CATCH_SKM":27.41,"DIS_AV_CMS":0.005,"ORD_STRA":1,"ORD_FLOW":9},"geometry":{"type":"LineString","coordinates":[[55.666666666665435,23.258333333333134],[55.65624999999869,23.24791666666649],[55.65208333333206,23.25208333333314],[55.63541666666541,23.25208333333314],[55.622916666665446,23.239583333333165]]}},{"type":"Feature","properties":{"HYRIV_ID":20872423,"NEXT_DOWN":20872540,"MAIN_RIV":20877271,"LENGTH_KM":5.48,"CATCH_SKM":23.67,"DIS_AV_CMS":0.005,"ORD_STRA":1,"ORD_FLOW":9},"geometry":{"type":"LineString","coordinates":[[54.241666666665395,23.22916666666648],[54.2354166666654,23.235416666666517],[54.2354166666654,23.239583333333165],[54.227083333332075,23.24791666666649],[54.227083333332075,23.256249999999845],[54.239583333332064,23.26874999999982]]}},{"type":"Feature","properties":{"HYRIV_ID":20872424,"NEXT_DOWN":20872172,"MAIN_RIV":20874339,"LENGTH_KM":7.6300001,"CATCH_SKM":30.77,"DIS_AV_CMS":0.133,"ORD_STRA":3,"ORD_FLOW":7},"geometry":{"type":"LineString","coordinates":[[55.59374999999875,23.231249999999854],[55.58958333333209,23.231249999999854],[55.57708333333204,23.243749999999828],[55.57291666666538,23.243749999999828],[55.56041666666539,23.256249999999845],[55.55624999999873,23.256249999999845],[55.552083333332064,23.260416666666508],[55.54374999999877,23.260416666666508],[55.539583333332104,23.264583333333157],[55.539583333332104,23.26874999999982]]}},{"type":"Feature","properties":{"HYRIV_ID":20872425,"NEXT_DOWN":20872424,"MAIN_RIV":20874339,"LENGTH_KM":3.3900001,"CATCH_SKM":5.7199998,"DIS_AV_CMS":0.062,"ORD_STRA":2,"ORD_FLOW":8},"geometry":{"type":"LineString","coordinates":[[55.622916666665446,23.239583333333165],[55.602083333332075,23.239583333333165],[55.59374999999875,23.231249999999854]]}},{"type":"Feature","properties":{"HYRIV_ID":20872426,"NEXT_DOWN":20872425,"MAIN_RIV":20874339,"LENGTH_KM":18.8,"CATCH_SKM":45.560001,"DIS_AV_CMS":0.057,"ORD_STRA":2,"ORD_FLOW":8},"geometry":{"type":"LineString","coordinates":[[55.77708333333206,23.260416666666508],[55.76874999999873,23.260416666666508],[55.76458333333207,23.256249999999845],[55.7437499999987,23.256249999999845],[55.739583333332035,23.260416666666508],[55.73541666666537,23.260416666666508],[55.727083333332075,23.25208333333314],[55.72291666666541,23.256249999999845],[55.71458333333209,23.24791666666649],[55.706249999998704,23.24791666666649],[55.70208333333204,23.243749999999828],[55.69791666666538,23.243749999999828],[55.693749999998715,23.239583333333165],[55.68958333333205,23.239583333333165],[55.68124999999873,23.231249999999854],[55.67708333333209,23.231249999999854],[55.67291666666543,23.235416666666517],[55.660416666665355,23.235416666666517],[55.65624999999869,23.231249999999854],[55.631249999998744,23.231249999999854],[55.622916666665446,23.239583333333165]]}},{"type":"Feature","properties":{"HYRIV_ID":20872504,"NEXT_DOWN":20873034,"MAIN_RIV":20877271,"LENGTH_KM":8.5500002,"CATCH_SKM":45.360001,"DIS_AV_CMS":0.009,"ORD_STRA":1,"ORD_FLOW":9},"geometry":{"type":"LineString","coordinates":[[54.304166666665424,23.274999999999856],[54.31458333333208,23.264583333333157],[54.318749999998744,23.264583333333157],[54.32291666666541,23.260416666666508],[54.32708333333204,23.260416666666508],[54.3604166666654,23.227083333333148],[54.3604166666654,23.2229166666665]]}},{"type":"Feature","properties":{"HYRIV_ID":20872505,"NEXT_DOWN":20871825,"MAIN_RIV":20874339,"LENGTH_KM":17.1,"CATCH_SKM":70.800003,"DIS_AV_CMS":0.164,"ORD_STRA":4,"ORD_FLOW":7},"geometry":{"type":"LineString","coordinates":[[55.37708333333208,23.2229166666665],[55.368749999998755,23.2229166666665],[55.36458333333212,23.227083333333148],[55.35208333333205,23.227083333333148],[55.33958333333209,23.239583333333165],[55.335416666665424,23.239583333333165],[55.33124999999876,23.243749999999828],[55.31874999999869,23.243749999999828],[55.31041666666539,23.25208333333314],[55.2979166666654,23.25208333333314],[55.289583333332104,23.260416666666508],[55.28541666666544,23.260416666666508],[55.27291666666545,23.272916666666525],[55.26458333333204,23.272916666666525],[55.26041666666541,23.277083333333188],[55.25208333333208,23.277083333333188],[55.24791666666542,23.281249999999837],[55.243749999998755,23.281249999999837],[55.23958333333209,23.2854166666665]]}},{"type":"Feature","properties":{"HYRIV_ID":20872506,"NEXT_DOWN":20872505,"MAIN_RIV":20874339,"LENGTH_KM":12.55,"CATCH_SKM":32.939999,"DIS_AV_CMS":0.192,"ORD_STRA":4,"ORD_FLOW":7},"geometry":{"type":"LineString","coordinates":[[55.472916666665384,23.25208333333314],[55.46874999999875,23.24791666666649],[55.44791666666535,23.24791666666649],[55.443749999998715,23.25208333333314],[55.41874999999877,23.25208333333314],[55.414583333332104,23.256249999999845],[55.402083333332115,23.243749999999828],[55.38958333333207,23.243749999999828],[55.381249999998744,23.235416666666517],[55.381249999998744,23.227083333333148],[55.37708333333208,23.2229166666665]]}},{"type":"Feature","properties":{"HYRIV_ID":20872540,"NEXT_DOWN":20872541,"MAIN_RIV":20877271,"LENGTH_KM":10.36,"CATCH_SKM":34.91,"DIS_AV_CMS":0.026,"ORD_STRA":2,"ORD_FLOW":8},"geometry":{"type":"LineString","coordinates":[[54.239583333332064,23.26874999999982],[54.24374999999873,23.26874999999982],[54.24791666666536,23.264583333333157],[54.25208333333211,23.264583333333157],[54.260416666665435,23.256249999999845],[54.272916666665424,23.256249999999845],[54.27708333333206,23.25208333333314],[54.28124999999872,23.25208333333314],[54.293749999998795,23.239583333333165],[54.293749999998795,23.235416666666517],[54.30208333333209,23.227083333333148],[54.306249999998755,23.227083333333148],[54.31458333333208,23.218749999999837]]}},{"type":"Feature","properties":{"HYRIV_ID":20872541,"NEXT_DOWN":20873034,"MAIN_RIV":20877271,"LENGTH_KM":4.89,"CATCH_SKM":16.77,"DIS_AV_CMS":0.034,"ORD_STRA":2,"ORD_FLOW":8},"geometry":{"type":"LineString","coordinates":[[54.31458333333208,23.218749999999837],[54.339583333332115,23.218749999999837],[54.34374999999878,23.2229166666665],[54.3604166666654,23.2229166666665]]}},{"type":"Feature","properties":{"HYRIV_ID":20872583,"NEXT_DOWN":20873035,"MAIN_RIV":20874339,"LENGTH_KM":6.2199998,"CATCH_SKM":35.900002,"DIS_AV_CMS":0.007,"ORD_STRA":1,"ORD_FLOW":9},"geometry":{"type":"LineString","coordinates":[[54.774999999998755,23.241666666666497],[54.78124999999875,23.235416666666517],[54.78541666666541,23.235416666666517],[54.789583333332075,23.231249999999854],[54.79374999999874,23.231249999999854],[54.79791666666537,23.227083333333148],[54.80624999999878,23.227083333333148],[54.810416666665446,23.2229166666665],[54.81458333333211,23.2229166666665],[54.82291666666541,23.214583333333174]]}},{"type":"Feature","properties":{"HYRIV_ID":20872584,"NEXT_DOWN":20872929,"MAIN_RIV":20874339,"LENGTH_KM":3.9100001,"CATCH_SKM":16.18,"DIS_AV_CMS":0.0,"ORD_STRA":5,"ORD_FLOW":10},"geometry":{"type":"LineString","coordinates":[[55.01041666666538,23.243749999999828],[55.01041666666538,23.235416666666517],[55.014583333332126,23.231249999999854],[55.014583333332126,23.227083333333148],[55.027083333332115,23.214583333333174]]}},{"type":"Feature","properties":{"HYRIV_ID":20872585,"NEXT_DOWN":20872929,"MAIN_RIV":20874339,"LENGTH_KM":2.1300001,"CATCH_SKM":5.1300001,"DIS_AV_CMS":0.037,"ORD_STRA":3,"ORD_FLOW":8},"geometry":{"type":"LineString","coordinates":[[55.0479166666654,23.214583333333174],[55.027083333332115,23.214583333333174]]}},{"type":"Feature","properties":{"HYRIV_ID":20872619,"NEXT_DOWN":20872585,"MAIN_RIV":20874339,"LENGTH_KM":13.16,"CATCH_SKM":30.18,"DIS_AV_CMS":0.022,"ORD_STRA":2,"ORD_FLOW":8},"geometry":{"type":"LineString","coordinates":[[55.15624999999878,23.210416666666525],[55.14374999999879,23.210416666666525],[55.13958333333204,23.214583333333174],[55.12708333333208,23.214583333333174],[55.12291666666542,23.218749999999837],[55.118749999998755,23.218749999999837],[55.11041666666543,23.227083333333148],[55.09374999999872,23.227083333333148],[55.08958333333206,23.231249999999854],[55.06041666666536,23.231249999999854],[55.0562499999987,23.227083333333148],[55.0562499999987,23.2229166666665],[55.0479166666654,23.214583333333174]]}},{"type":"Feature","properties":{"HYRIV_ID":20872620,"NEXT_DOWN":20872619,"MAIN_RIV":20874339,"LENGTH_KM":3.05,"CATCH_SKM":26.23,"DIS_AV_CMS":0.004,"ORD_STRA":1,"ORD_FLOW":9},"geometry":{"type":"LineString","coordinates":[[55.16874999999874,23.233333333333185],[55.16874999999874,23.2229166666665],[55.15624999999878,23.210416666666525]]}},{"type":"Feature","properties":{"HYRIV_ID":20872621,"NEXT_DOWN":20872505,"MAIN_RIV":20874339,"LENGTH_KM":6.9899998,"CATCH_SKM":36.490002,"DIS_AV_CMS":0.006,"ORD_STRA":1,"ORD_FLOW":9},"geometry":{"type":"LineString","coordinates":[[55.43749999999872,23.214583333333174],[55.43124999999873,23.214583333333174],[55.427083333332064,23.210416666666525],[55.41874999999877,23.210416666666525],[55.414583333332104,23.214583333333174],[55.402083333332115,23.214583333333174],[55.39791666666537,23.218749999999837],[55.38541666666541,23.218749999999837],[55.381249999998744,23.2229166666665],[55.37708333333208,23.2229166666665]]}},{"type":"Feature","properties":{"HYRIV_ID":20872675,"NEXT_DOWN":20873086,"MAIN_RIV":20878669,"LENGTH_KM":5.4699998,"CATCH_SKM":33.529999,"DIS_AV_CMS":0.006,"ORD_STRA":1,"ORD_FLOW":9},"geometry":{"type":"LineString","coordinates":[[54.039583333332104,23.233333333333185],[54.039583333332104,23.227083333333148],[54.04374999999877,23.2229166666665],[54.06458333333205,23.2229166666665],[54.068749999998715,23.218749999999837],[54.068749999998715,23.20624999999982]]}},{"type":"Feature","properties":{"HYRIV_ID":20872728,"NEXT_DOWN":20873086,"MAIN_RIV":20878669,"LENGTH_KM":2.2,"CATCH_SKM":14.4,"DIS_AV_CMS":0.003,"ORD_STRA":1,"ORD_FLOW":9},"geometry":{"type":"LineString","coordinates":[[54.054166666665424,23.199999999999825],[54.06458333333205,23.210416666666525],[54.068749999998715,23.20624999999982]]}},{"type":"Feature","properties":{"HYRIV_ID":20872729,"NEXT_DOWN":20872541,"MAIN_RIV":20877271,"LENGTH_KM":2.25,"CATCH_SKM":23.870001,"DIS_AV_CMS":0.005,"ORD_STRA":1,"ORD_FLOW":9},"geometry":{"type":"LineString","coordinates":[[54.31041666666542,23.199999999999825],[54.31041666666542,23.214583333333174],[54.31458333333208,23.218749999999837]]}},{"type":"Feature","properties":{"HYRIV_ID":20872730,"NEXT_DOWN":20872424,"MAIN_RIV":20874339,"LENGTH_KM":7.81,"CATCH_SKM":15.98,"DIS_AV_CMS":0.067,"ORD_STRA":2,"ORD_FLOW":8},"geometry":{"type":"LineString","coordinates":[[55.65624999999869,23.202083333333157],[55.65208333333206,23.202083333333157],[55.64374999999873,23.210416666666525],[55.63958333333207,23.210416666666525],[55.63541666666541,23.214583333333174],[55.631249999998744,23.214583333333174],[55.62708333333211,23.218749999999837],[55.61874999999878,23.218749999999837],[55.60624999999871,23.231249999999854],[55.59374999999875,23.231249999999854]]}},{"type":"Feature","properties":{"HYRIV_ID":20872731,"NEXT_DOWN":20872730,"MAIN_RIV":20874339,"LENGTH_KM":2.5,"CATCH_SKM":13.61,"DIS_AV_CMS":0.002,"ORD_STRA":1,"ORD_FLOW":9},"geometry":{"type":"LineString","coordinates":[[55.666666666665435,23.220833333333168],[55.660416666665355,23.214583333333174],[55.660416666665355,23.210416666666525],[55.65624999999869,23.20624999999982],[55.65624999999869,23.202083333333157]]}},{"type":"Feature","properties":{"HYRIV_ID":20872812,"NEXT_DOWN":20872887,"MAIN_RIV":20878669,"LENGTH_KM":4.9,"CATCH_SKM":24.459999,"DIS_AV_CMS":0.005,"ORD_STRA":1,"ORD_FLOW":9},"geometry":{"type":"LineString","coordinates":[[54.09374999999875,23.216666666666505],[54.09374999999875,23.210416666666525],[54.1104166666654,23.193749999999802],[54.114583333332064,23.193749999999802],[54.1187499999987,23.197916666666508],[54.122916666665446,23.193749999999802]]}},{"type":"Feature","properties":{"HYRIV_ID":20872813,"NEXT_DOWN":20872887,"MAIN_RIV":20878669,"LENGTH_KM":17.030001,"CATCH_SKM":72.379997,"DIS_AV_CMS":0.033,"ORD_STRA":2,"ORD_FLOW":8},"geometry":{"type":"LineString","coordinates":[[54.077083333332126,23.297916666666474],[54.08124999999879,23.29374999999981],[54.08541666666545,23.297916666666474],[54.089583333332115,23.297916666666474],[54.09374999999875,23.29374999999981],[54.09374999999875,23.289583333333162],[54.09791666666541,23.2854166666665],[54.09374999999875,23.281249999999837],[54.102083333332075,23.272916666666525],[54.102083333332075,23.26874999999982],[54.10624999999874,23.264583333333157],[54.1104166666654,23.264583333333157],[54.114583333332064,23.26874999999982],[54.1187499999987,23.26874999999982],[54.1187499999987,23.264583333333157],[54.122916666665446,23.260416666666508],[54.122916666665446,23.256249999999845],[54.13124999999877,23.24791666666649],[54.13124999999877,23.227083333333148],[54.12708333333211,23.2229166666665],[54.12708333333211,23.210416666666525],[54.122916666665446,23.20624999999982],[54.122916666665446,23.193749999999802]]}},{"type":"Feature","properties":{"HYRIV_ID":20872814,"NEXT_DOWN":20872888,"MAIN_RIV":20878669,"LENGTH_KM":8.8400002,"CATCH_SKM":54.84,"DIS_AV_CMS":0.011,"ORD_STRA":1,"ORD_FLOW":8},"geometry":{"type":"LineString","coordinates":[[54.20416666666546,23.218749999999837],[54.19791666666538,23.218749999999837],[54.193749999998744,23.2229166666665],[54.16458333333213,23.2229166666665],[54.16041666666547,23.218749999999837],[54.15208333333206,23.218749999999837],[54.147916666665395,23.214583333333174],[54.147916666665395,23.20624999999982],[54.14374999999873,23.202083333333157],[54.14374999999873,23.193749999999802]]}},{"type":"Feature","properties":{"HYRIV_ID":20872815,"NEXT_DOWN":20873035,"MAIN_RIV":20874339,"LENGTH_KM":3.72,"CATCH_SKM":29.4,"DIS_AV_CMS":0.005,"ORD_STRA":1,"ORD_FLOW":9},"geometry":{"type":"LineString","coordinates":[[54.799999999998704,23.19166666666647],[54.810416666665446,23.202083333333157],[54.81458333333211,23.202083333333157],[54.81874999999877,23.20624999999982],[54.81874999999877,23.210416666666525],[54.82291666666541,23.214583333333174]]}},{"type":"Feature","properties":{"HYRIV_ID":20872816,"NEXT_DOWN":20872619,"MAIN_RIV":20874339,"LENGTH_KM":10.38,"CATCH_SKM":38.080002,"DIS_AV_CMS":0.016,"ORD_STRA":2,"ORD_FLOW":8},"geometry":{"type":"LineString","coordinates":[[55.23541666666537,23.193749999999802],[55.23124999999871,23.193749999999802],[55.22708333333205,23.197916666666508],[55.21458333333206,23.197916666666508],[55.2020833333321,23.210416666666525],[55.197916666665435,23.210416666666525],[55.19374999999877,23.214583333333174],[55.189583333332024,23.214583333333174],[55.18541666666539,23.210416666666525],[55.18541666666539,23.20624999999982],[55.18124999999873,23.202083333333157],[55.1729166666654,23.202083333333157],[55.16874999999874,23.20624999999982],[55.16041666666541,23.20624999999982],[55.15624999999878,23.210416666666525]]}},{"type":"Feature","properties":{"HYRIV_ID":20872817,"NEXT_DOWN":20872730,"MAIN_RIV":20874339,"LENGTH_KM":2.54,"CATCH_SKM":4.14,"DIS_AV_CMS":0.063,"ORD_STRA":2,"ORD_FLOW":8},"geometry":{"type":"LineString","coordinates":[[55.67708333333209,23.193749999999802],[55.67291666666543,23.197916666666508],[55.660416666665355,23.197916666666508],[55.65624999999869,23.202083333333157]]}},{"type":"Feature","properties":{"HYRIV_ID":20872818,"NEXT_DOWN":20872817,"MAIN_RIV":20874339,"LENGTH_KM":8.7399998,"CATCH_SKM":23.48,"DIS_AV_CMS":0.004,"ORD_STRA":1,"ORD_FLOW":9},"geometry":{"type":"LineString","coordinates":[[55.74166666666537,23.220833333333168],[55.73124999999874,23.210416666666525],[55.727083333332075,23.214583333333174],[55.72291666666541,23.210416666666525],[55.71874999999875,23.210416666666525],[55.71458333333209,23.20624999999982],[55.71041666666534,23.210416666666525],[55.706249999998704,23.20624999999982],[55.70208333333204,23.20624999999982],[55.693749999998715,23.197916666666508],[55.68541666666539,23.197916666666508],[55.68124999999873,23.193749999999802],[55.67708333333209,23.193749999999802]]}},{"type":"Feature","properties":{"HYRIV_ID":20872887,"NEXT_DOWN":20872927,"MAIN_RIV":20878669,"LENGTH_KM":1.26,"CATCH_SKM":1.18,"DIS_AV_CMS":0.038,"ORD_STRA":2,"ORD_FLOW":8},"geometry":{"type":"LineString","coordinates":[[54.122916666665446,23.193749999999802],[54.13124999999877,23.18541666666649]]}},{"type":"Feature","properties":{"HYRIV_ID":20872888,"NEXT_DOWN":20872927,"MAIN_RIV":20878669,"LENGTH_KM":1.6900001,"CATCH_SKM":3.1600001,"DIS_AV_CMS":0.024,"ORD_STRA":2,"ORD_FLOW":8},"geometry":{"type":"LineString","coordinates":[[54.14374999999873,23.193749999999802],[54.135416666665435,23.18541666666649],[54.13124999999877,23.18541666666649]]}},{"type":"Feature","properties":{"HYRIV_ID":20872889,"NEXT_DOWN":20872816,"MAIN_RIV":20874339,"LENGTH_KM":10.91,"CATCH_SKM":37.290001,"DIS_AV_CMS":0.006,"ORD_STRA":1,"ORD_FLOW":9},"geometry":{"type":"LineString","coordinates":[[55.304166666665395,23.18541666666649],[55.2979166666654,23.18541666666649],[55.289583333332104,23.193749999999802],[55.289583333332104,23.20624999999982],[55.28541666666544,23.210416666666525],[55.28124999999878,23.20624999999982],[55.28124999999878,23.202083333333157],[55.277083333332115,23.197916666666508],[55.27291666666545,23.197916666666508],[55.268749999998704,23.202083333333157],[55.26458333333204,23.202083333333157],[55.26041666666541,23.197916666666508],[55.256249999998744,23.202083333333157],[55.24791666666542,23.193749999999802],[55.23541666666537,23.193749999999802]]}},{"type":"Feature","properties":{"HYRIV_ID":20872890,"NEXT_DOWN":20873038,"MAIN_RIV":20874339,"LENGTH_KM":13.95,"CATCH_SKM":60.57,"DIS_AV_CMS":0.01,"ORD_STRA":1,"ORD_FLOW":8},"geometry":{"type":"LineString","coordinates":[[55.58333333333201,23.197916666666508],[55.56458333333205,23.197916666666508],[55.55624999999873,23.20624999999982],[55.53541666666544,23.20624999999982],[55.53124999999869,23.202083333333157],[55.52708333333203,23.202083333333157],[55.522916666665395,23.20624999999982],[55.51874999999873,23.20624999999982],[55.51458333333207,23.202083333333157],[55.51041666666541,23.20624999999982],[55.49374999999878,23.20624999999982],[55.48541666666537,23.197916666666508],[55.48124999999871,23.197916666666508],[55.47708333333205,23.193749999999802],[55.48124999999871,23.18958333333314],[55.47708333333205,23.18541666666649]]}},{"type":"Feature","properties":{"HYRIV_ID":20872891,"NEXT_DOWN":20872817,"MAIN_RIV":20874339,"LENGTH_KM":12.88,"CATCH_SKM":28.209999,"DIS_AV_CMS":0.059,"ORD_STRA":2,"ORD_FLOW":8},"geometry":{"type":"LineString","coordinates":[[55.78124999999872,23.197916666666508],[55.77708333333206,23.202083333333157],[55.772916666665395,23.202083333333157],[55.76874999999873,23.20624999999982],[55.76041666666541,23.197916666666508],[55.7437499999987,23.197916666666508],[55.739583333332035,23.193749999999802],[55.73124999999874,23.193749999999802],[55.727083333332075,23.18958333333314],[55.72291666666541,23.193749999999802],[55.71458333333209,23.193749999999802],[55.71041666666534,23.18958333333314],[55.70208333333204,23.18958333333314],[55.69791666666538,23.18541666666649],[55.693749999998715,23.18541666666649],[55.68958333333205,23.18958333333314],[55.68124999999873,23.18958333333314],[55.67708333333209,23.193749999999802]]}},{"type":"Feature","properties":{"HYRIV_ID":20872927,"NEXT_DOWN":20873325,"MAIN_RIV":20878669,"LENGTH_KM":0.63,"CATCH_SKM":0.79,"DIS_AV_CMS":0.063,"ORD_STRA":3,"ORD_FLOW":8},"geometry":{"type":"LineString","coordinates":[[54.13124999999877,23.18541666666649],[54.12708333333211,23.181249999999828]]}},{"type":"Feature","properties":{"HYRIV_ID":20872928,"NEXT_DOWN":20873464,"MAIN_RIV":20874339,"LENGTH_KM":30.280001,"CATCH_SKM":128.57001,"DIS_AV_CMS":0.022,"ORD_STRA":1,"ORD_FLOW":8},"geometry":{"type":"LineString","coordinates":[[54.56666666666541,23.312499999999822],[54.57708333333207,23.30208333333318],[54.63541666666546,23.30208333333318],[54.65208333333209,23.2854166666665],[54.65624999999875,23.2854166666665],[54.66041666666541,23.281249999999837],[54.66458333333205,23.281249999999837],[54.68124999999878,23.264583333333157],[54.685416666665446,23.26874999999982],[54.710416666665395,23.243749999999828],[54.722916666665355,23.243749999999828],[54.73124999999877,23.235416666666517],[54.73124999999877,23.231249999999854],[54.73541666666543,23.227083333333148],[54.73958333333209,23.227083333333148],[54.74374999999873,23.2229166666665],[54.74791666666539,23.227083333333148],[54.75208333333205,23.227083333333148],[54.756249999998715,23.2229166666665],[54.756249999998715,23.20624999999982],[54.76041666666546,23.202083333333157],[54.76041666666546,23.197916666666508],[54.74374999999873,23.181249999999828]]}},{"type":"Feature","properties":{"HYRIV_ID":20872929,"NEXT_DOWN":20873036,"MAIN_RIV":20874339,"LENGTH_KM":3.87,"CATCH_SKM":7.1,"DIS_AV_CMS":0.0,"ORD_STRA":5,"ORD_FLOW":10},"geometry":{"type":"LineString","coordinates":[[55.027083333332115,23.214583333333174],[55.027083333332115,23.18541666666649],[55.03124999999875,23.181249999999828]]}},{"type":"Feature","properties":{"HYRIV_ID":20872959,"NEXT_DOWN":20873325,"MAIN_RIV":20878669,"LENGTH_KM":2.12,"CATCH_SKM":16.18,"DIS_AV_CMS":0.003,"ORD_STRA":1,"ORD_FLOW":9},"geometry":{"type":"LineString","coordinates":[[54.145833333332064,23.177083333333165],[54.1395833333321,23.177083333333165],[54.135416666665435,23.181249999999828],[54.12708333333211,23.181249999999828]]}},{"type":"Feature","properties":{"HYRIV_ID":20872960,"NEXT_DOWN":20873464,"MAIN_RIV":20874339,"LENGTH_KM":28.02,"CATCH_SKM":156.62,"DIS_AV_CMS":0.026,"ORD_STRA":1,"ORD_FLOW":8},"geometry":{"type":"LineString","coordinates":[[54.537499999998715,23.26874999999982],[54.55208333333212,23.26874999999982],[54.55624999999878,23.264583333333157],[54.56458333333208,23.264583333333157],[54.568749999998744,23.260416666666508],[54.57708333333207,23.260416666666508],[54.58958333333203,23.24791666666649],[54.59374999999878,23.24791666666649],[54.59374999999878,23.243749999999828],[54.59791666666544,23.239583333333165],[54.602083333332104,23.239583333333165],[54.61041666666543,23.231249999999854],[54.614583333332064,23.231249999999854],[54.61874999999873,23.227083333333148],[54.62291666666539,23.227083333333148],[54.6312499999988,23.218749999999837],[54.63541666666546,23.218749999999837],[54.6395833333321,23.214583333333174],[54.64374999999876,23.214583333333174],[54.647916666665424,23.210416666666525],[54.66041666666541,23.2229166666665],[54.68124999999878,23.2229166666665],[54.68124999999878,23.218749999999837],[54.685416666665446,23.214583333333174],[54.68958333333211,23.214583333333174],[54.69791666666541,23.20624999999982],[54.70208333333207,23.20624999999982],[54.70624999999873,23.202083333333157],[54.710416666665395,23.202083333333157],[54.71458333333206,23.197916666666508],[54.71458333333206,23.18958333333314],[54.71874999999869,23.18541666666649],[54.722916666665355,23.18541666666649],[54.727083333332104,23.181249999999828],[54.73124999999877,23.181249999999828],[54.73541666666543,23.177083333333165],[54.73958333333209,23.181249999999828],[54.74374999999873,23.181249999999828]]}},{"type":"Feature","properties":{"HYRIV_ID":20872961,"NEXT_DOWN":20873036,"MAIN_RIV":20874339,"LENGTH_KM":30.65,"CATCH_SKM":126.43,"DIS_AV_CMS":0.051,"ORD_STRA":2,"ORD_FLOW":8},"geometry":{"type":"LineString","coordinates":[[54.789583333332075,23.272916666666525],[54.79374999999874,23.272916666666525],[54.79791666666537,23.26874999999982],[54.80624999999878,23.277083333333188],[54.810416666665446,23.272916666666525],[54.81458333333211,23.272916666666525],[54.82708333333207,23.260416666666508],[54.85208333333202,23.260416666666508],[54.85624999999877,23.256249999999845],[54.86458333333209,23.256249999999845],[54.868749999998755,23.25208333333314],[54.868749999998755,23.24791666666649],[54.889583333332126,23.227083333333148],[54.91041666666541,23.227083333333148],[54.914583333332075,23.2229166666665],[54.95208333333207,23.2229166666665],[54.95624999999873,23.218749999999837],[54.96458333333206,23.218749999999837],[54.96874999999872,23.214583333333174],[54.972916666665384,23.214583333333174],[54.98124999999877,23.20624999999982],[54.98541666666543,23.20624999999982],[55.01041666666538,23.181249999999828],[55.014583333332126,23.181249999999828],[55.01874999999879,23.177083333333165],[55.027083333332115,23.177083333333165],[55.03124999999875,23.181249999999828]]}},{"type":"Feature","properties":{"HYRIV_ID":20872997,"NEXT_DOWN":20872585,"MAIN_RIV":20874339,"LENGTH_KM":12.44,"CATCH_SKM":36.110001,"DIS_AV_CMS":0.015,"ORD_STRA":2,"ORD_FLOW":8},"geometry":{"type":"LineString","coordinates":[[55.14374999999879,23.177083333333165],[55.13958333333204,23.172916666666517],[55.13541666666538,23.172916666666517],[55.131249999998744,23.177083333333165],[55.12291666666542,23.177083333333165],[55.118749999998755,23.181249999999828],[55.11041666666543,23.181249999999828],[55.10208333333205,23.18958333333314],[55.097916666665384,23.18958333333314],[55.09374999999872,23.193749999999802],[55.085416666665395,23.193749999999802],[55.08124999999876,23.197916666666508],[55.0770833333321,23.197916666666508],[55.06041666666536,23.214583333333174],[55.0562499999987,23.210416666666525],[55.052083333332064,23.210416666666525],[55.0479166666654,23.214583333333174]]}},{"type":"Feature","properties":{"HYRIV_ID":20872998,"NEXT_DOWN":20871682,"MAIN_RIV":20874339,"LENGTH_KM":45.290001,"CATCH_SKM":139.44,"DIS_AV_CMS":0.044,"ORD_STRA":3,"ORD_FLOW":8},"geometry":{"type":"LineString","coordinates":[[55.43124999999873,23.172916666666517],[55.4229166666654,23.172916666666517],[55.414583333332104,23.181249999999828],[55.41041666666544,23.181249999999828],[55.40624999999878,23.18541666666649],[55.40624999999878,23.18958333333314],[55.39791666666537,23.197916666666508],[55.381249999998744,23.197916666666508],[55.37708333333208,23.193749999999802],[55.368749999998755,23.202083333333157],[55.35208333333205,23.202083333333157],[55.347916666665384,23.20624999999982],[55.34374999999872,23.20624999999982],[55.33958333333209,23.210416666666525],[55.33124999999876,23.210416666666525],[55.3270833333321,23.214583333333174],[55.31874999999869,23.214583333333174],[55.31458333333205,23.218749999999837],[55.30624999999873,23.218749999999837],[55.302083333332064,23.2229166666665],[55.28541666666544,23.2229166666665],[55.28124999999878,23.227083333333148],[55.277083333332115,23.227083333333148],[55.27291666666545,23.231249999999854],[55.268749999998704,23.231249999999854],[55.26458333333204,23.235416666666517],[55.256249999998744,23.235416666666517],[55.243749999998755,23.24791666666649],[55.222916666665384,23.24791666666649],[55.21874999999872,23.25208333333314],[55.20624999999876,23.25208333333314],[55.2020833333321,23.256249999999845],[55.197916666665435,23.256249999999845],[55.19374999999877,23.260416666666508],[55.18541666666539,23.260416666666508],[55.18124999999873,23.264583333333157],[55.1729166666654,23.264583333333157],[55.164583333332075,23.272916666666525],[55.15624999999878,23.272916666666525],[55.14791666666545,23.281249999999837],[55.14374999999879,23.281249999999837],[55.13958333333204,23.2854166666665],[55.11458333333209,23.2854166666665],[55.11041666666543,23.289583333333162],[55.08958333333206,23.289583333333162],[55.085416666665395,23.29374999999981],[55.06458333333211,23.29374999999981],[55.0562499999987,23.30208333333318]]}},{"type":"Feature","properties":{"HYRIV_ID":20872999,"NEXT_DOWN":20872998,"MAIN_RIV":20874339,"LENGTH_KM":2.25,"CATCH_SKM":15.19,"DIS_AV_CMS":0.002,"ORD_STRA":1,"ORD_FLOW":9},"geometry":{"type":"LineString","coordinates":[[55.43541666666539,23.19166666666647],[55.43541666666539,23.181249999999828],[55.43124999999873,23.177083333333165],[55.43124999999873,23.172916666666517]]}},{"type":"Feature","properties":{"HYRIV_ID":20873033,"NEXT_DOWN":20872888,"MAIN_RIV":20878669,"LENGTH_KM":6.4099998,"CATCH_SKM":13.42,"DIS_AV_CMS":0.013,"ORD_STRA":2,"ORD_FLOW":8},"geometry":{"type":"LineString","coordinates":[[54.18541666666542,23.168749999999854],[54.17708333333209,23.177083333333165],[54.17708333333209,23.18541666666649],[54.16458333333213,23.197916666666508],[54.147916666665395,23.197916666666508],[54.14374999999873,23.193749999999802]]}},{"type":"Feature","properties":{"HYRIV_ID":20873034,"NEXT_DOWN":20873365,"MAIN_RIV":20877271,"LENGTH_KM":13.96,"CATCH_SKM":58.8,"DIS_AV_CMS":0.054,"ORD_STRA":2,"ORD_FLOW":8},"geometry":{"type":"LineString","coordinates":[[54.3604166666654,23.2229166666665],[54.36458333333215,23.2229166666665],[54.37708333333211,23.210416666666525],[54.39374999999876,23.210416666666525],[54.41041666666547,23.193749999999802],[54.418749999998795,23.193749999999802],[54.42291666666546,23.18958333333314],[54.42708333333212,23.18958333333314],[54.431249999998755,23.18541666666649],[54.431249999998755,23.181249999999828],[54.43958333333208,23.172916666666517],[54.443749999998744,23.177083333333165],[54.456249999998704,23.177083333333165],[54.464583333332115,23.168749999999854]]}},{"type":"Feature","properties":{"HYRIV_ID":20873035,"NEXT_DOWN":20873169,"MAIN_RIV":20874339,"LENGTH_KM":12.88,"CATCH_SKM":57.419998,"DIS_AV_CMS":0.021,"ORD_STRA":2,"ORD_FLOW":8},"geometry":{"type":"LineString","coordinates":[[54.82291666666541,23.214583333333174],[54.82708333333207,23.214583333333174],[54.83124999999873,23.210416666666525],[54.83958333333206,23.210416666666525],[54.85208333333202,23.197916666666508],[54.85624999999877,23.197916666666508],[54.86041666666543,23.193749999999802],[54.868749999998755,23.193749999999802],[54.87291666666539,23.18958333333314],[54.87708333333205,23.18958333333314],[54.881249999998715,23.18541666666649],[54.88541666666538,23.18541666666649],[54.89374999999879,23.177083333333165],[54.89791666666545,23.177083333333165],[54.90208333333209,23.172916666666517],[54.9229166666654,23.172916666666517],[54.927083333332035,23.168749999999854]]}},{"type":"Feature","properties":{"HYRIV_ID":20873036,"NEXT_DOWN":20873170,"MAIN_RIV":20874339,"LENGTH_KM":1.56,"CATCH_SKM":9.2700005,"DIS_AV_CMS":0.0,"ORD_STRA":5,"ORD_FLOW":10},"geometry":{"type":"LineString","coordinates":[[55.03124999999875,23.181249999999828],[55.03541666666541,23.177083333333165],[55.03541666666541,23.168749999999854]]}},{"type":"Feature","properties":{"HYRIV_ID":20873037,"NEXT_DOWN":20872997,"MAIN_RIV":20874339,"LENGTH_KM":3.26,"CATCH_SKM":15.79,"DIS_AV_CMS":0.003,"ORD_STRA":1,"ORD_FLOW":9},"geometry":{"type":"LineString","coordinates":[[55.16666666666541,23.16666666666648],[55.15624999999878,23.177083333333165],[55.152083333332115,23.177083333333165],[55.14791666666545,23.181249999999828],[55.14374999999879,23.177083333333165]]}},{"type":"Feature","properties":{"HYRIV_ID":20873038,"NEXT_DOWN":20872998,"MAIN_RIV":20874339,"LENGTH_KM":5.7,"CATCH_SKM":10.26,"DIS_AV_CMS":0.05,"ORD_STRA":3,"ORD_FLOW":8},"geometry":{"type":"LineString","coordinates":[[55.47708333333205,23.18541666666649],[55.46458333333209,23.18541666666649],[55.460416666665424,23.181249999999828],[55.45624999999876,23.181249999999828],[55.44791666666535,23.172916666666517],[55.443749999998715,23.172916666666517],[55.43958333333205,23.168749999999854],[55.43541666666539,23.168749999999854],[55.43124999999873,23.172916666666517]]}},{"type":"Feature","properties":{"HYRIV_ID":20873086,"NEXT_DOWN":20873324,"MAIN_RIV":20878669,"LENGTH_KM":5.79,"CATCH_SKM":14.6,"DIS_AV_CMS":0.012,"ORD_STRA":2,"ORD_FLOW":8},"geometry":{"type":"LineString","coordinates":[[54.068749999998715,23.20624999999982],[54.068749999998715,23.202083333333157],[54.08124999999879,23.18958333333314],[54.077083333332126,23.18541666666649],[54.077083333332126,23.181249999999828],[54.07291666666546,23.177083333333165],[54.08124999999879,23.168749999999854],[54.08124999999879,23.164583333333148]]}},{"type":"Feature","properties":{"HYRIV_ID":20873087,"NEXT_DOWN":20873365,"MAIN_RIV":20877271,"LENGTH_KM":1.37,"CATCH_SKM":13.42,"DIS_AV_CMS":0.003,"ORD_STRA":1,"ORD_FLOW":9},"geometry":{"type":"LineString","coordinates":[[54.4541666666654,23.162499999999817],[54.46041666666537,23.168749999999854],[54.464583333332115,23.168749999999854]]}},{"type":"Feature","properties":{"HYRIV_ID":20873129,"NEXT_DOWN":20873169,"MAIN_RIV":20874339,"LENGTH_KM":1.83,"CATCH_SKM":13.82,"DIS_AV_CMS":0.002,"ORD_STRA":1,"ORD_FLOW":9},"geometry":{"type":"LineString","coordinates":[[54.91666666666541,23.158333333333168],[54.9229166666654,23.164583333333148],[54.9229166666654,23.168749999999854],[54.927083333332035,23.168749999999854]]}},{"type":"Feature","properties":{"HYRIV_ID":20873130,"NEXT_DOWN":20873285,"MAIN_RIV":20874339,"LENGTH_KM":4.96,"CATCH_SKM":24.07,"DIS_AV_CMS":0.004,"ORD_STRA":1,"ORD_FLOW":9},"geometry":{"type":"LineString","coordinates":[[55.72916666666541,23.158333333333168],[55.72291666666541,23.164583333333148],[55.706249999998704,23.164583333333148],[55.70208333333204,23.168749999999854],[55.69791666666538,23.168749999999854],[55.68958333333205,23.160416666666485]]}},{"type":"Feature","properties":{"HYRIV_ID":20873168,"NEXT_DOWN":20873033,"MAIN_RIV":20878669,"LENGTH_KM":5.06,"CATCH_SKM":30.389999,"DIS_AV_CMS":0.006,"ORD_STRA":1,"ORD_FLOW":9},"geometry":{"type":"LineString","coordinates":[[54.224999999998744,23.156249999999837],[54.214583333332115,23.156249999999837],[54.21041666666545,23.160416666666485],[54.20624999999879,23.156249999999837],[54.193749999998744,23.168749999999854],[54.18541666666542,23.168749999999854]]}},{"type":"Feature","properties":{"HYRIV_ID":20873169,"NEXT_DOWN":20873517,"MAIN_RIV":20874339,"LENGTH_KM":11.67,"CATCH_SKM":41.84,"DIS_AV_CMS":0.028,"ORD_STRA":2,"ORD_FLOW":8},"geometry":{"type":"LineString","coordinates":[[54.927083333332035,23.168749999999854],[54.95208333333207,23.168749999999854],[54.95624999999873,23.164583333333148],[54.97708333333205,23.164583333333148],[54.98124999999877,23.168749999999854],[54.98541666666543,23.164583333333148],[54.98958333333209,23.164583333333148],[54.993749999998755,23.160416666666485],[55.00208333333208,23.160416666666485],[55.006249999998715,23.156249999999837],[55.03124999999875,23.156249999999837]]}},{"type":"Feature","properties":{"HYRIV_ID":20873170,"NEXT_DOWN":20873517,"MAIN_RIV":20874339,"LENGTH_KM":1.56,"CATCH_SKM":2.1700001,"DIS_AV_CMS":0.0,"ORD_STRA":5,"ORD_FLOW":10},"geometry":{"type":"LineString","coordinates":[[55.03541666666541,23.168749999999854],[55.03124999999875,23.164583333333148],[55.03124999999875,23.156249999999837]]}},{"type":"Feature","properties":{"HYRIV_ID":20873171,"NEXT_DOWN":20872816,"MAIN_RIV":20874339,"LENGTH_KM":12.35,"CATCH_SKM":33.549999,"DIS_AV_CMS":0.005,"ORD_STRA":1,"ORD_FLOW":9},"geometry":{"type":"LineString","coordinates":[[55.33333333333209,23.154166666666505],[55.32291666666535,23.164583333333148],[55.31874999999869,23.164583333333148],[55.31458333333205,23.160416666666485],[55.31041666666539,23.164583333333148],[55.30624999999873,23.164583333333148],[55.302083333332064,23.168749999999854],[55.28541666666544,23.168749999999854],[55.277083333332115,23.177083333333165],[55.26458333333204,23.177083333333165],[55.26041666666541,23.181249999999828],[55.24791666666542,23.181249999999828],[55.23541666666537,23.193749999999802]]}},{"type":"Feature","properties":{"HYRIV_ID":20873237,"NEXT_DOWN":20873326,"MAIN_RIV":20877271,"LENGTH_KM":15.43,"CATCH_SKM":71.639999,"DIS_AV_CMS":0.013,"ORD_STRA":1,"ORD_FLOW":8},"geometry":{"type":"LineString","coordinates":[[54.24999999999878,23.177083333333165],[54.260416666665435,23.177083333333165],[54.2645833333321,23.181249999999828],[54.27708333333206,23.181249999999828],[54.28541666666547,23.172916666666517],[54.28541666666547,23.168749999999854],[54.306249999998755,23.14791666666651],[54.31041666666542,23.152083333333174],[54.31458333333208,23.152083333333174],[54.318749999998744,23.156249999999837],[54.32291666666541,23.152083333333174],[54.32708333333204,23.152083333333174],[54.331249999998704,23.156249999999837],[54.339583333332115,23.156249999999837],[54.34374999999878,23.160416666666485],[54.34791666666544,23.156249999999837],[54.35624999999874,23.156249999999837],[54.36458333333215,23.14791666666651]]}},{"type":"Feature","properties":{"HYRIV_ID":20873260,"NEXT_DOWN":20873324,"MAIN_RIV":20878669,"LENGTH_KM":8.0299997,"CATCH_SKM":29.41,"DIS_AV_CMS":0.005,"ORD_STRA":1,"ORD_FLOW":9},"geometry":{"type":"LineString","coordinates":[[54.02499999999873,23.143749999999862],[54.03541666666547,23.143749999999862],[54.039583333332104,23.14791666666651],[54.03541666666547,23.152083333333174],[54.04374999999877,23.160416666666485],[54.04791666666543,23.160416666666485],[54.05208333333209,23.156249999999837],[54.06041666666542,23.164583333333148],[54.08124999999879,23.164583333333148]]}},{"type":"Feature","properties":{"HYRIV_ID":20873261,"NEXT_DOWN":20872997,"MAIN_RIV":20874339,"LENGTH_KM":17.41,"CATCH_SKM":52.490002,"DIS_AV_CMS":0.008,"ORD_STRA":1,"ORD_FLOW":9},"geometry":{"type":"LineString","coordinates":[[55.26666666666537,23.143749999999862],[55.25208333333208,23.143749999999862],[55.23958333333209,23.156249999999837],[55.23958333333209,23.164583333333148],[55.22708333333205,23.177083333333165],[55.20624999999876,23.177083333333165],[55.2020833333321,23.172916666666517],[55.19374999999877,23.181249999999828],[55.189583333332024,23.181249999999828],[55.18124999999873,23.18958333333314],[55.177083333332064,23.18958333333314],[55.1729166666654,23.193749999999802],[55.16874999999874,23.18958333333314],[55.164583333332075,23.18958333333314],[55.16041666666541,23.193749999999802],[55.15624999999878,23.193749999999802],[55.14374999999879,23.181249999999828],[55.14374999999879,23.177083333333165]]}},{"type":"Feature","properties":{"HYRIV_ID":20873283,"NEXT_DOWN":20873463,"MAIN_RIV":20874571,"LENGTH_KM":1.79,"CATCH_SKM":13.42,"DIS_AV_CMS":0.002,"ORD_STRA":1,"ORD_FLOW":9},"geometry":{"type":"LineString","coordinates":[[54.70208333333207,23.154166666666505],[54.70208333333207,23.14791666666651],[54.69791666666541,23.143749999999862],[54.69791666666541,23.139583333333157]]}},{"type":"Feature","properties":{"HYRIV_ID":20873284,"NEXT_DOWN":20873038,"MAIN_RIV":20874339,"LENGTH_KM":12.29,"CATCH_SKM":43.02,"DIS_AV_CMS":0.041,"ORD_STRA":3,"ORD_FLOW":8},"geometry":{"type":"LineString","coordinates":[[55.57291666666538,23.139583333333157],[55.568749999998715,23.139583333333157],[55.56041666666539,23.14791666666651],[55.56041666666539,23.152083333333174],[55.55624999999873,23.156249999999837],[55.552083333332064,23.156249999999837],[55.54374999999877,23.164583333333148],[55.522916666665395,23.164583333333148],[55.51874999999873,23.168749999999854],[55.51041666666541,23.168749999999854],[55.50208333333208,23.177083333333165],[55.489583333332035,23.177083333333165],[55.48124999999871,23.18541666666649],[55.47708333333205,23.18541666666649]]}},{"type":"Feature","properties":{"HYRIV_ID":20873285,"NEXT_DOWN":20873284,"MAIN_RIV":20874339,"LENGTH_KM":15.9,"CATCH_SKM":52.889999,"DIS_AV_CMS":0.022,"ORD_STRA":2,"ORD_FLOW":8},"geometry":{"type":"LineString","coordinates":[[55.68958333333205,23.160416666666485],[55.68541666666539,23.164583333333148],[55.68124999999873,23.164583333333148],[55.67291666666543,23.172916666666517],[55.660416666665355,23.172916666666517],[55.65624999999869,23.177083333333165],[55.647916666665395,23.177083333333165],[55.64374999999873,23.181249999999828],[55.63541666666541,23.181249999999828],[55.62708333333211,23.172916666666517],[55.62708333333211,23.168749999999854],[55.61041666666537,23.152083333333174],[55.59791666666541,23.152083333333174],[55.59374999999875,23.14791666666651],[55.58958333333209,23.14791666666651],[55.585416666665424,23.152083333333174],[55.581249999998676,23.14791666666651],[55.57708333333204,23.14791666666651],[55.57291666666538,23.143749999999862],[55.57291666666538,23.139583333333157]]}},{"type":"Feature","properties":{"HYRIV_ID":20873324,"NEXT_DOWN":20873363,"MAIN_RIV":20878669,"LENGTH_KM":3.74,"CATCH_SKM":6.12,"DIS_AV_CMS":0.018,"ORD_STRA":2,"ORD_FLOW":8},"geometry":{"type":"LineString","coordinates":[[54.08124999999879,23.164583333333148],[54.08124999999879,23.152083333333174],[54.08541666666545,23.14791666666651],[54.08541666666545,23.143749999999862],[54.09374999999875,23.135416666666494]]}},{"type":"Feature","properties":{"HYRIV_ID":20873325,"NEXT_DOWN":20873363,"MAIN_RIV":20878669,"LENGTH_KM":7.02,"CATCH_SKM":14.6,"DIS_AV_CMS":0.068,"ORD_STRA":3,"ORD_FLOW":8},"geometry":{"type":"LineString","coordinates":[[54.12708333333211,23.181249999999828],[54.1187499999987,23.172916666666517],[54.114583333332064,23.172916666666517],[54.102083333332075,23.160416666666485],[54.102083333332075,23.152083333333174],[54.09374999999875,23.143749999999862],[54.09791666666541,23.139583333333157],[54.09374999999875,23.135416666666494]]}},{"type":"Feature","properties":{"HYRIV_ID":20873326,"NEXT_DOWN":20873603,"MAIN_RIV":20877271,"LENGTH_KM":2.31,"CATCH_SKM":3.95,"DIS_AV_CMS":0.02,"ORD_STRA":2,"ORD_FLOW":8},"geometry":{"type":"LineString","coordinates":[[54.36458333333215,23.14791666666651],[54.37708333333211,23.135416666666494],[54.38124999999877,23.135416666666494]]}},{"type":"Feature","properties":{"HYRIV_ID":20873327,"NEXT_DOWN":20873603,"MAIN_RIV":20877271,"LENGTH_KM":3.1300001,"CATCH_SKM":19.34,"DIS_AV_CMS":0.004,"ORD_STRA":1,"ORD_FLOW":9},"geometry":{"type":"LineString","coordinates":[[54.383333333332104,23.158333333333168],[54.3895833333321,23.152083333333174],[54.3895833333321,23.14791666666651],[54.385416666665435,23.143749999999862],[54.385416666665435,23.139583333333157],[54.38124999999877,23.135416666666494]]}},{"type":"Feature","properties":{"HYRIV_ID":20873328,"NEXT_DOWN":20873467,"MAIN_RIV":20874339,"LENGTH_KM":3.9200001,"CATCH_SKM":16.780001,"DIS_AV_CMS":0.003,"ORD_STRA":1,"ORD_FLOW":9},"geometry":{"type":"LineString","coordinates":[[55.44999999999868,23.162499999999817],[55.427083333332064,23.139583333333157],[55.427083333332064,23.135416666666494]]}},{"type":"Feature","properties":{"HYRIV_ID":20873329,"NEXT_DOWN":20873285,"MAIN_RIV":20874339,"LENGTH_KM":16.370001,"CATCH_SKM":58.23,"DIS_AV_CMS":0.01,"ORD_STRA":1,"ORD_FLOW":8},"geometry":{"type":"LineString","coordinates":[[55.80833333333209,23.158333333333168],[55.80208333333209,23.152083333333174],[55.78958333333202,23.152083333333174],[55.77708333333206,23.139583333333157],[55.772916666665395,23.143749999999862],[55.76874999999873,23.139583333333157],[55.76458333333207,23.139583333333157],[55.75208333333211,23.152083333333174],[55.73541666666537,23.135416666666494],[55.73124999999874,23.135416666666494],[55.727083333332075,23.139583333333157],[55.71458333333209,23.139583333333157],[55.71041666666534,23.143749999999862],[55.71041666666534,23.14791666666651],[55.706249999998704,23.152083333333174],[55.70208333333204,23.152083333333174],[55.693749999998715,23.160416666666485],[55.68958333333205,23.160416666666485]]}},{"type":"Feature","properties":{"HYRIV_ID":20873363,"NEXT_DOWN":20873913,"MAIN_RIV":20878669,"LENGTH_KM":0.46,"CATCH_SKM":0.79,"DIS_AV_CMS":0.086,"ORD_STRA":3,"ORD_FLOW":8},"geometry":{"type":"LineString","coordinates":[[54.09374999999875,23.135416666666494],[54.09374999999875,23.131249999999845]]}},{"type":"Feature","properties":{"HYRIV_ID":20873364,"NEXT_DOWN":20873913,"MAIN_RIV":20878669,"LENGTH_KM":0.64,"CATCH_SKM":11.05,"DIS_AV_CMS":0.002,"ORD_STRA":1,"ORD_FLOW":9},"geometry":{"type":"LineString","coordinates":[[54.099999999998744,23.131249999999845],[54.09374999999875,23.131249999999845]]}},{"type":"Feature","properties":{"HYRIV_ID":20873365,"NEXT_DOWN":20873744,"MAIN_RIV":20877271,"LENGTH_KM":7.2800002,"CATCH_SKM":20.129999,"DIS_AV_CMS":0.06,"ORD_STRA":2,"ORD_FLOW":8},"geometry":{"type":"LineString","coordinates":[[54.464583333332115,23.168749999999854],[54.477083333332104,23.156249999999837],[54.477083333332104,23.152083333333174],[54.48124999999877,23.14791666666651],[54.4854166666654,23.152083333333174],[54.489583333332064,23.14791666666651],[54.49791666666539,23.14791666666651],[54.50208333333205,23.143749999999862],[54.50208333333205,23.135416666666494],[54.5062499999988,23.131249999999845]]}},{"type":"Feature","properties":{"HYRIV_ID":20873418,"NEXT_DOWN":20873033,"MAIN_RIV":20878669,"LENGTH_KM":6.8600001,"CATCH_SKM":29.02,"DIS_AV_CMS":0.005,"ORD_STRA":1,"ORD_FLOW":9},"geometry":{"type":"LineString","coordinates":[[54.1624999999988,23.127083333333182],[54.16874999999877,23.127083333333182],[54.17291666666543,23.131249999999845],[54.17291666666543,23.135416666666494],[54.16458333333213,23.143749999999862],[54.16874999999877,23.14791666666651],[54.17291666666543,23.14791666666651],[54.17708333333209,23.152083333333174],[54.17708333333209,23.156249999999837],[54.18541666666542,23.164583333333148],[54.18541666666542,23.168749999999854]]}},{"type":"Feature","properties":{"HYRIV_ID":20873419,"NEXT_DOWN":20873744,"MAIN_RIV":20877271,"LENGTH_KM":0.94,"CATCH_SKM":10.46,"DIS_AV_CMS":0.002,"ORD_STRA":1,"ORD_FLOW":9},"geometry":{"type":"LineString","coordinates":[[54.49999999999872,23.124999999999808],[54.5062499999988,23.131249999999845]]}},{"type":"Feature","properties":{"HYRIV_ID":20873420,"NEXT_DOWN":20873421,"MAIN_RIV":20874571,"LENGTH_KM":19.969999,"CATCH_SKM":97.669998,"DIS_AV_CMS":0.017,"ORD_STRA":1,"ORD_FLOW":8},"geometry":{"type":"LineString","coordinates":[[54.52708333333209,23.220833333333168],[54.52708333333209,23.214583333333174],[54.53124999999875,23.210416666666525],[54.543749999998795,23.210416666666525],[54.55624999999878,23.197916666666508],[54.56041666666542,23.197916666666508],[54.568749999998744,23.18958333333314],[54.568749999998744,23.181249999999828],[54.57291666666541,23.177083333333165],[54.585416666665395,23.177083333333165],[54.58958333333203,23.172916666666517],[54.59374999999878,23.172916666666517],[54.59791666666544,23.168749999999854],[54.602083333332104,23.172916666666517],[54.614583333332064,23.172916666666517],[54.61874999999873,23.168749999999854],[54.62291666666539,23.168749999999854],[54.6312499999988,23.160416666666485],[54.6395833333321,23.160416666666485],[54.64374999999876,23.156249999999837],[54.64374999999876,23.152083333333174],[54.6395833333321,23.14791666666651],[54.6395833333321,23.139583333333157],[54.64374999999876,23.135416666666494],[54.64374999999876,23.127083333333182]]}},{"type":"Feature","properties":{"HYRIV_ID":20873421,"NEXT_DOWN":20873463,"MAIN_RIV":20874571,"LENGTH_KM":7.2199998,"CATCH_SKM":20.129999,"DIS_AV_CMS":0.024,"ORD_STRA":2,"ORD_FLOW":8},"geometry":{"type":"LineString","coordinates":[[54.64374999999876,23.127083333333182],[54.65624999999875,23.127083333333182],[54.66458333333205,23.135416666666494],[54.66458333333205,23.139583333333157],[54.668749999998795,23.143749999999862],[54.67291666666546,23.143749999999862],[54.67708333333212,23.14791666666651],[54.68124999999878,23.143749999999862],[54.693749999998744,23.143749999999862],[54.69791666666541,23.139583333333157]]}},{"type":"Feature","properties":{"HYRIV_ID":20873422,"NEXT_DOWN":20873170,"MAIN_RIV":20874339,"LENGTH_KM":14.68,"CATCH_SKM":69.470001,"DIS_AV_CMS":0.011,"ORD_STRA":1,"ORD_FLOW":8},"geometry":{"type":"LineString","coordinates":[[55.154166666665446,23.124999999999808],[55.14791666666545,23.131249999999845],[55.13541666666538,23.131249999999845],[55.131249999998744,23.135416666666494],[55.12708333333208,23.135416666666494],[55.12291666666542,23.139583333333157],[55.11458333333209,23.139583333333157],[55.11041666666543,23.143749999999862],[55.097916666665384,23.143749999999862],[55.09374999999872,23.14791666666651],[55.08958333333206,23.14791666666651],[55.08124999999876,23.156249999999837],[55.072916666665435,23.156249999999837],[55.06874999999877,23.160416666666485],[55.06458333333211,23.160416666666485],[55.06041666666536,23.164583333333148],[55.0562499999987,23.160416666666485],[55.052083333332064,23.160416666666485],[55.0479166666654,23.164583333333148],[55.04374999999874,23.164583333333148],[55.039583333332075,23.168749999999854],[55.03541666666541,23.168749999999854]]}},{"type":"Feature","properties":{"HYRIV_ID":20873423,"NEXT_DOWN":20873467,"MAIN_RIV":20874339,"LENGTH_KM":2.11,"CATCH_SKM":3.55,"DIS_AV_CMS":0.016,"ORD_STRA":2,"ORD_FLOW":8},"geometry":{"type":"LineString","coordinates":[[55.443749999998715,23.127083333333182],[55.43958333333205,23.131249999999845],[55.43124999999873,23.131249999999845],[55.427083333332064,23.135416666666494]]}},{"type":"Feature","properties":{"HYRIV_ID":20873424,"NEXT_DOWN":20873423,"MAIN_RIV":20874339,"LENGTH_KM":7.4299998,"CATCH_SKM":24.48,"DIS_AV_CMS":0.004,"ORD_STRA":1,"ORD_FLOW":9},"geometry":{"type":"LineString","coordinates":[[55.49999999999875,23.14791666666651],[55.49374999999878,23.14791666666651],[55.48541666666537,23.139583333333157],[55.47708333333205,23.139583333333157],[55.472916666665384,23.135416666666494],[55.46874999999875,23.135416666666494],[55.46458333333209,23.139583333333157],[55.460416666665424,23.135416666666494],[55.44791666666535,23.135416666666494],[55.44791666666535,23.131249999999845],[55.443749999998715,23.127083333333182]]}},{"type":"Feature","properties":{"HYRIV_ID":20873462,"NEXT_DOWN":20873601,"MAIN_RIV":20876105,"LENGTH_KM":14.68,"CATCH_SKM":39.869999,"DIS_AV_CMS":0.007,"ORD_STRA":1,"ORD_FLOW":9},"geometry":{"type":"LineString","coordinates":[[54.01874999999873,23.179166666666497],[54.01874999999873,23.172916666666517],[54.01458333333207,23.168749999999854],[53.997916666665446,23.168749999999854],[53.989583333332035,23.160416666666485],[53.98124999999874,23.160416666666485],[53.977083333332075,23.156249999999837],[53.96458333333209,23.156249999999837],[53.960416666665424,23.152083333333174],[53.95624999999879,23.152083333333174],[53.94791666666546,23.143749999999862],[53.94791666666546,23.139583333333157],[53.9437499999988,23.135416666666494],[53.93541666666539,23.135416666666494],[53.92291666666543,23.122916666666477],[53.91874999999877,23.122916666666477],[53.914583333332104,23.127083333333182],[53.91041666666544,23.127083333333182]]}},{"type":"Feature","properties":{"HYRIV_ID":20873463,"NEXT_DOWN":20873604,"MAIN_RIV":20874571,"LENGTH_KM":2.78,"CATCH_SKM":12.04,"DIS_AV_CMS":0.028,"ORD_STRA":2,"ORD_FLOW":8},"geometry":{"type":"LineString","coordinates":[[54.69791666666541,23.139583333333157],[54.70624999999873,23.131249999999845],[54.70624999999873,23.127083333333182],[54.710416666665395,23.122916666666477],[54.71458333333206,23.122916666666477]]}},{"type":"Feature","properties":{"HYRIV_ID":20873464,"NEXT_DOWN":20873914,"MAIN_RIV":20874339,"LENGTH_KM":12.48,"CATCH_SKM":61.98,"DIS_AV_CMS":0.054,"ORD_STRA":2,"ORD_FLOW":8},"geometry":{"type":"LineString","coordinates":[[54.74374999999873,23.181249999999828],[54.75208333333205,23.172916666666517],[54.756249999998715,23.172916666666517],[54.76874999999876,23.160416666666485],[54.76874999999876,23.156249999999837],[54.77708333333209,23.14791666666651],[54.78124999999875,23.14791666666651],[54.78541666666541,23.143749999999862],[54.79374999999874,23.143749999999862],[54.79791666666537,23.139583333333157],[54.80208333333212,23.139583333333157],[54.80624999999878,23.135416666666494],[54.810416666665446,23.135416666666494],[54.81458333333211,23.131249999999845],[54.81874999999877,23.131249999999845],[54.82291666666541,23.127083333333182],[54.82708333333207,23.127083333333182],[54.83124999999873,23.122916666666477],[54.83541666666548,23.122916666666477]]}},{"type":"Feature","properties":{"HYRIV_ID":20873465,"NEXT_DOWN":20873914,"MAIN_RIV":20874339,"LENGTH_KM":1.27,"CATCH_SKM":12.83,"DIS_AV_CMS":0.002,"ORD_STRA":1,"ORD_FLOW":9},"geometry":{"type":"LineString","coordinates":[[54.84583333333205,23.127083333333182],[54.83958333333206,23.127083333333182],[54.83541666666548,23.122916666666477]]}},{"type":"Feature","properties":{"HYRIV_ID":20873466,"NEXT_DOWN":20873549,"MAIN_RIV":20874339,"LENGTH_KM":6.71,"CATCH_SKM":23.68,"DIS_AV_CMS":0.004,"ORD_STRA":1,"ORD_FLOW":9},"geometry":{"type":"LineString","coordinates":[[55.36666666666545,23.156249999999837],[55.35624999999871,23.156249999999837],[55.35208333333205,23.152083333333174],[55.34374999999872,23.152083333333174],[55.33958333333209,23.14791666666651],[55.33958333333209,23.143749999999862],[55.34374999999872,23.139583333333157],[55.347916666665384,23.139583333333157],[55.35208333333205,23.135416666666494],[55.35208333333205,23.122916666666477]]}},{"type":"Feature","properties":{"HYRIV_ID":20873467,"NEXT_DOWN":20873518,"MAIN_RIV":20874339,"LENGTH_KM":4.6799998,"CATCH_SKM":12.44,"DIS_AV_CMS":0.02,"ORD_STRA":2,"ORD_FLOW":8},"geometry":{"type":"LineString","coordinates":[[55.427083333332064,23.135416666666494],[55.4229166666654,23.135416666666494],[55.41874999999877,23.139583333333157],[55.40624999999878,23.139583333333157],[55.39791666666537,23.131249999999845],[55.39791666666537,23.127083333333182],[55.39374999999873,23.122916666666477]]}},{"type":"Feature","properties":{"HYRIV_ID":20873468,"NEXT_DOWN":20873284,"MAIN_RIV":20874339,"LENGTH_KM":5.5,"CATCH_SKM":10.27,"DIS_AV_CMS":0.014,"ORD_STRA":2,"ORD_FLOW":8},"geometry":{"type":"LineString","coordinates":[[55.61874999999878,23.122916666666477],[55.60624999999871,23.122916666666477],[55.59791666666541,23.131249999999845],[55.58958333333209,23.131249999999845],[55.585416666665424,23.135416666666494],[55.581249999998676,23.135416666666494],[55.57708333333204,23.139583333333157],[55.57291666666538,23.139583333333157]]}},{"type":"Feature","properties":{"HYRIV_ID":20873469,"NEXT_DOWN":20873468,"MAIN_RIV":20874339,"LENGTH_KM":3.86,"CATCH_SKM":22.9,"DIS_AV_CMS":0.004,"ORD_STRA":1,"ORD_FLOW":9},"geometry":{"type":"LineString","coordinates":[[55.64999999999873,23.131249999999845],[55.62708333333211,23.131249999999845],[55.622916666665446,23.127083333333182],[55.622916666665446,23.122916666666477],[55.61874999999878,23.122916666666477]]}},{"type":"Feature","properties":{"HYRIV_ID":20873515,"NEXT_DOWN":20873326,"MAIN_RIV":20877271,"LENGTH_KM":6.89,"CATCH_SKM":32.970001,"DIS_AV_CMS":0.006,"ORD_STRA":1,"ORD_FLOW":9},"geometry":{"type":"LineString","coordinates":[[54.31666666666541,23.124999999999808],[54.32291666666541,23.118749999999828],[54.32708333333204,23.118749999999828],[54.331249999998704,23.122916666666477],[54.33541666666545,23.122916666666477],[54.339583333332115,23.127083333333182],[54.34791666666544,23.127083333333182],[54.36458333333215,23.143749999999862],[54.36458333333215,23.14791666666651]]}},{"type":"Feature","properties":{"HYRIV_ID":20873516,"NEXT_DOWN":20873421,"MAIN_RIV":20874571,"LENGTH_KM":5.4099998,"CATCH_SKM":27.049999,"DIS_AV_CMS":0.005,"ORD_STRA":1,"ORD_FLOW":9},"geometry":{"type":"LineString","coordinates":[[54.59583333333211,23.116666666666497],[54.602083333332104,23.122916666666477],[54.61874999999873,23.122916666666477],[54.62291666666539,23.127083333333182],[54.64374999999876,23.127083333333182]]}},{"type":"Feature","properties":{"HYRIV_ID":20873517,"NEXT_DOWN":20873648,"MAIN_RIV":20874339,"LENGTH_KM":4.3400002,"CATCH_SKM":13.82,"DIS_AV_CMS":0.0,"ORD_STRA":5,"ORD_FLOW":10},"geometry":{"type":"LineString","coordinates":[[55.03124999999875,23.156249999999837],[55.03124999999875,23.14791666666651],[55.03541666666541,23.143749999999862],[55.03541666666541,23.118749999999828]]}},{"type":"Feature","properties":{"HYRIV_ID":20873518,"NEXT_DOWN":20873549,"MAIN_RIV":20874339,"LENGTH_KM":5.0700002,"CATCH_SKM":15.2,"DIS_AV_CMS":0.023,"ORD_STRA":2,"ORD_FLOW":8},"geometry":{"type":"LineString","coordinates":[[55.39374999999873,23.122916666666477],[55.38541666666541,23.122916666666477],[55.381249999998744,23.118749999999828],[55.37708333333208,23.118749999999828],[55.37291666666542,23.122916666666477],[55.368749999998755,23.122916666666477],[55.36458333333212,23.127083333333182],[55.36041666666537,23.122916666666477],[55.35208333333205,23.122916666666477]]}},{"type":"Feature","properties":{"HYRIV_ID":20873549,"NEXT_DOWN":20873747,"MAIN_RIV":20874339,"LENGTH_KM":3.82,"CATCH_SKM":7.9,"DIS_AV_CMS":0.027,"ORD_STRA":2,"ORD_FLOW":8},"geometry":{"type":"LineString","coordinates":[[55.35208333333205,23.122916666666477],[55.33958333333209,23.122916666666477],[55.335416666665424,23.118749999999828],[55.3270833333321,23.118749999999828],[55.32291666666535,23.114583333333165],[55.31874999999869,23.114583333333165]]}},{"type":"Feature","properties":{"HYRIV_ID":20873603,"NEXT_DOWN":20873646,"MAIN_RIV":20877271,"LENGTH_KM":4.46,"CATCH_SKM":17.57,"DIS_AV_CMS":0.027,"ORD_STRA":2,"ORD_FLOW":8},"geometry":{"type":"LineString","coordinates":[[54.38124999999877,23.135416666666494],[54.385416666665435,23.131249999999845],[54.39374999999876,23.131249999999845],[54.41041666666547,23.114583333333165],[54.41041666666547,23.110416666666502]]}},{"type":"Feature","properties":{"HYRIV_ID":20873604,"NEXT_DOWN":20874521,"MAIN_RIV":20874571,"LENGTH_KM":3.59,"CATCH_SKM":9.4799995,"DIS_AV_CMS":0.035,"ORD_STRA":2,"ORD_FLOW":8},"geometry":{"type":"LineString","coordinates":[[54.71458333333206,23.122916666666477],[54.727083333332104,23.110416666666502],[54.74374999999873,23.110416666666502]]}},{"type":"Feature","properties":{"HYRIV_ID":20873605,"NEXT_DOWN":20874521,"MAIN_RIV":20874571,"LENGTH_KM":1.3200001,"CATCH_SKM":14.61,"DIS_AV_CMS":0.003,"ORD_STRA":1,"ORD_FLOW":9},"geometry":{"type":"LineString","coordinates":[[54.73958333333209,23.12083333333316],[54.73958333333209,23.114583333333165],[54.74374999999873,23.110416666666502]]}},{"type":"Feature","properties":{"HYRIV_ID":20873646,"NEXT_DOWN":20874134,"MAIN_RIV":20877271,"LENGTH_KM":2.33,"CATCH_SKM":4.1500001,"DIS_AV_CMS":0.036,"ORD_STRA":3,"ORD_FLOW":8},"geometry":{"type":"LineString","coordinates":[[54.41041666666547,23.110416666666502],[54.418749999998795,23.110416666666502],[54.42291666666546,23.106249999999854],[54.431249999998755,23.106249999999854]]}},{"type":"Feature","properties":{"HYRIV_ID":20873647,"NEXT_DOWN":20874134,"MAIN_RIV":20877271,"LENGTH_KM":1.37,"CATCH_SKM":10.86,"DIS_AV_CMS":0.002,"ORD_STRA":1,"ORD_FLOW":9},"geometry":{"type":"LineString","coordinates":[[54.44166666666541,23.112499999999834],[54.43541666666542,23.106249999999854],[54.431249999998755,23.106249999999854]]}},{"type":"Feature","properties":{"HYRIV_ID":20873648,"NEXT_DOWN":20873783,"MAIN_RIV":20874339,"LENGTH_KM":1.56,"CATCH_SKM":10.86,"DIS_AV_CMS":0.0,"ORD_STRA":5,"ORD_FLOW":10},"geometry":{"type":"LineString","coordinates":[[55.03541666666541,23.118749999999828],[55.03541666666541,23.110416666666502],[55.03124999999875,23.106249999999854]]}},{"type":"Feature","properties":{"HYRIV_ID":20873697,"NEXT_DOWN":20873646,"MAIN_RIV":20877271,"LENGTH_KM":1.35,"CATCH_SKM":2.1700001,"DIS_AV_CMS":0.009,"ORD_STRA":2,"ORD_FLOW":9},"geometry":{"type":"LineString","coordinates":[[54.40624999999872,23.102083333333148],[54.40624999999872,23.110416666666502],[54.41041666666547,23.110416666666502]]}},{"type":"Feature","properties":{"HYRIV_ID":20873698,"NEXT_DOWN":20873468,"MAIN_RIV":20874339,"LENGTH_KM":13.53,"CATCH_SKM":57.259998,"DIS_AV_CMS":0.009,"ORD_STRA":1,"ORD_FLOW":9},"geometry":{"type":"LineString","coordinates":[[55.72916666666541,23.102083333333148],[55.71041666666534,23.102083333333148],[55.706249999998704,23.106249999999854],[55.70208333333204,23.106249999999854],[55.693749999998715,23.114583333333165],[55.68541666666539,23.114583333333165],[55.68124999999873,23.110416666666502],[55.67708333333209,23.110416666666502],[55.67291666666543,23.106249999999854],[55.660416666665355,23.106249999999854],[55.65624999999869,23.102083333333148],[55.647916666665395,23.102083333333148],[55.63958333333207,23.110416666666502],[55.631249999998744,23.110416666666502],[55.61874999999878,23.122916666666477]]}},{"type":"Feature","properties":{"HYRIV_ID":20873742,"NEXT_DOWN":20873912,"MAIN_RIV":20878669,"LENGTH_KM":1.92,"CATCH_SKM":18.16,"DIS_AV_CMS":0.003,"ORD_STRA":1,"ORD_FLOW":9},"geometry":{"type":"LineString","coordinates":[[54.01249999999874,23.097916666666485],[54.031249999998806,23.097916666666485]]}},{"type":"Feature","properties":{"HYRIV_ID":20873743,"NEXT_DOWN":20873912,"MAIN_RIV":20878669,"LENGTH_KM":2.6300001,"CATCH_SKM":15.99,"DIS_AV_CMS":0.003,"ORD_STRA":1,"ORD_FLOW":9},"geometry":{"type":"LineString","coordinates":[[54.04999999999876,23.112499999999834],[54.03541666666547,23.097916666666485],[54.031249999998806,23.097916666666485]]}},{"type":"Feature","properties":{"HYRIV_ID":20873744,"NEXT_DOWN":20874224,"MAIN_RIV":20877271,"LENGTH_KM":6.4099998,"CATCH_SKM":27.84,"DIS_AV_CMS":0.063,"ORD_STRA":2,"ORD_FLOW":8},"geometry":{"type":"LineString","coordinates":[[54.5062499999988,23.131249999999845],[54.5145833333321,23.131249999999845],[54.522916666665424,23.122916666666477],[54.52708333333209,23.122916666666477],[54.53124999999875,23.118749999999828],[54.53124999999875,23.110416666666502],[54.535416666665384,23.106249999999854],[54.53958333333205,23.106249999999854],[54.54791666666546,23.097916666666485]]}},{"type":"Feature","properties":{"HYRIV_ID":20873745,"NEXT_DOWN":20874224,"MAIN_RIV":20877271,"LENGTH_KM":51.450001,"CATCH_SKM":212.21001,"DIS_AV_CMS":0.057,"ORD_STRA":2,"ORD_FLOW":8},"geometry":{"type":"LineString","coordinates":[[54.23124999999874,23.36458333333318],[54.24374999999873,23.36458333333318],[54.24791666666536,23.360416666666474],[54.25208333333211,23.360416666666474],[54.260416666665435,23.352083333333162],[54.2645833333321,23.352083333333162],[54.272916666665424,23.343749999999837],[54.27708333333206,23.343749999999837],[54.28541666666547,23.335416666666482],[54.28958333333213,23.335416666666482],[54.293749999998795,23.33124999999982],[54.30208333333209,23.33124999999982],[54.306249999998755,23.32708333333317],[54.31041666666542,23.32708333333317],[54.318749999998744,23.318749999999802],[54.32291666666541,23.318749999999802],[54.331249999998704,23.31041666666649],[54.33541666666545,23.31041666666649],[54.34374999999878,23.30208333333318],[54.352083333332075,23.30208333333318],[54.3604166666654,23.29374999999981],[54.36874999999873,23.29374999999981],[54.38124999999877,23.281249999999837],[54.38124999999877,23.277083333333188],[54.39374999999876,23.264583333333157],[54.397916666665424,23.264583333333157],[54.418749999998795,23.243749999999828],[54.42291666666546,23.243749999999828],[54.44791666666541,23.218749999999837],[54.45208333333207,23.218749999999837],[54.456249999998704,23.214583333333174],[54.46041666666537,23.214583333333174],[54.464583333332115,23.210416666666525],[54.477083333332104,23.210416666666525],[54.49374999999873,23.193749999999802],[54.49374999999873,23.18958333333314],[54.5145833333321,23.168749999999854],[54.5145833333321,23.164583333333148],[54.522916666665424,23.156249999999837],[54.53124999999875,23.156249999999837],[54.535416666665384,23.160416666666485],[54.543749999998795,23.160416666666485],[54.55208333333212,23.152083333333174],[54.55208333333212,23.122916666666477],[54.56041666666542,23.114583333333165],[54.55208333333212,23.106249999999854],[54.55208333333212,23.097916666666485],[54.54791666666546,23.097916666666485]]}},{"type":"Feature","properties":{"HYRIV_ID":20873746,"NEXT_DOWN":20873819,"MAIN_RIV":20874339,"LENGTH_KM":8.96,"CATCH_SKM":32.369999,"DIS_AV_CMS":0.005,"ORD_STRA":1,"ORD_FLOW":9},"geometry":{"type":"LineString","coordinates":[[55.23333333333204,23.127083333333182],[55.21458333333206,23.127083333333182],[55.210416666665424,23.131249999999845],[55.2020833333321,23.131249999999845],[55.197916666665435,23.127083333333182],[55.19374999999877,23.127083333333182],[55.189583333332024,23.122916666666477],[55.189583333332024,23.118749999999828],[55.2020833333321,23.106249999999854],[55.20624999999876,23.106249999999854],[55.210416666665424,23.102083333333148],[55.210416666665424,23.097916666666485]]}},{"type":"Feature","properties":{"HYRIV_ID":20873747,"NEXT_DOWN":20873785,"MAIN_RIV":20874339,"LENGTH_KM":9.8199997,"CATCH_SKM":34.349998,"DIS_AV_CMS":0.108,"ORD_STRA":4,"ORD_FLOW":7},"geometry":{"type":"LineString","coordinates":[[55.31874999999869,23.114583333333165],[55.31458333333205,23.114583333333165],[55.30624999999873,23.122916666666477],[55.28541666666544,23.122916666666477],[55.28124999999878,23.118749999999828],[55.277083333332115,23.118749999999828],[55.27291666666545,23.114583333333165],[55.256249999998744,23.114583333333165],[55.25208333333208,23.110416666666502],[55.24791666666542,23.110416666666502],[55.243749999998755,23.106249999999854],[55.243749999998755,23.097916666666485]]}},{"type":"Feature","properties":{"HYRIV_ID":20873748,"NEXT_DOWN":20873518,"MAIN_RIV":20874339,"LENGTH_KM":4.39,"CATCH_SKM":15.99,"DIS_AV_CMS":0.002,"ORD_STRA":1,"ORD_FLOW":9},"geometry":{"type":"LineString","coordinates":[[55.40833333333211,23.104166666666522],[55.402083333332115,23.097916666666485],[55.39374999999873,23.106249999999854],[55.39791666666537,23.110416666666502],[55.39791666666537,23.114583333333165],[55.39374999999873,23.118749999999828],[55.39374999999873,23.122916666666477]]}},{"type":"Feature","properties":{"HYRIV_ID":20873781,"NEXT_DOWN":20873697,"MAIN_RIV":20877271,"LENGTH_KM":3.3800001,"CATCH_SKM":28.24,"DIS_AV_CMS":0.005,"ORD_STRA":1,"ORD_FLOW":9},"geometry":{"type":"LineString","coordinates":[[54.37916666666544,23.097916666666485],[54.3895833333321,23.097916666666485],[54.39374999999876,23.093749999999837],[54.397916666665424,23.093749999999837],[54.40624999999872,23.102083333333148]]}},{"type":"Feature","properties":{"HYRIV_ID":20873782,"NEXT_DOWN":20873917,"MAIN_RIV":20874339,"LENGTH_KM":13.66,"CATCH_SKM":50.540001,"DIS_AV_CMS":0.008,"ORD_STRA":1,"ORD_FLOW":9},"geometry":{"type":"LineString","coordinates":[[54.90833333333208,23.127083333333182],[54.935416666665446,23.127083333333182],[54.94374999999877,23.118749999999828],[54.947916666665435,23.122916666666477],[54.972916666665384,23.122916666666477],[54.97708333333205,23.127083333333182],[54.98124999999877,23.122916666666477],[54.98958333333209,23.122916666666477],[54.993749999998755,23.118749999999828],[54.99791666666542,23.118749999999828],[55.00208333333208,23.114583333333165],[55.00208333333208,23.102083333333148],[55.01041666666538,23.093749999999837]]}},{"type":"Feature","properties":{"HYRIV_ID":20873783,"NEXT_DOWN":20873917,"MAIN_RIV":20874339,"LENGTH_KM":2.74,"CATCH_SKM":6.71,"DIS_AV_CMS":0.0,"ORD_STRA":5,"ORD_FLOW":10},"geometry":{"type":"LineString","coordinates":[[55.03124999999875,23.106249999999854],[55.027083333332115,23.106249999999854],[55.02291666666545,23.102083333333148],[55.01874999999879,23.102083333333148],[55.01041666666538,23.093749999999837]]}},{"type":"Feature","properties":{"HYRIV_ID":20873784,"NEXT_DOWN":20873648,"MAIN_RIV":20874339,"LENGTH_KM":13.56,"CATCH_SKM":47.189999,"DIS_AV_CMS":0.0,"ORD_STRA":4,"ORD_FLOW":10},"geometry":{"type":"LineString","coordinates":[[55.152083333332115,23.093749999999837],[55.14791666666545,23.093749999999837],[55.14374999999879,23.097916666666485],[55.13958333333204,23.097916666666485],[55.13541666666538,23.093749999999837],[55.12708333333208,23.093749999999837],[55.12291666666542,23.097916666666485],[55.10208333333205,23.097916666666485],[55.097916666665384,23.102083333333148],[55.09374999999872,23.102083333333148],[55.08958333333206,23.106249999999854],[55.085416666665395,23.106249999999854],[55.08124999999876,23.110416666666502],[55.072916666665435,23.110416666666502],[55.06874999999877,23.114583333333165],[55.052083333332064,23.114583333333165],[55.0479166666654,23.118749999999828],[55.03541666666541,23.118749999999828]]}},{"type":"Feature","properties":{"HYRIV_ID":20873785,"NEXT_DOWN":20873819,"MAIN_RIV":20874339,"LENGTH_KM":4.2199998,"CATCH_SKM":8.29,"DIS_AV_CMS":0.0,"ORD_STRA":4,"ORD_FLOW":10},"geometry":{"type":"LineString","coordinates":[[55.243749999998755,23.097916666666485],[55.23958333333209,23.093749999999837],[55.23541666666537,23.097916666666485],[55.22708333333205,23.097916666666485],[55.222916666665384,23.102083333333148],[55.21458333333206,23.102083333333148],[55.210416666665424,23.097916666666485]]}},{"type":"Feature","properties":{"HYRIV_ID":20873786,"NEXT_DOWN":20873423,"MAIN_RIV":20874339,"LENGTH_KM":8.6899996,"CATCH_SKM":25.469999,"DIS_AV_CMS":0.012,"ORD_STRA":2,"ORD_FLOW":8},"geometry":{"type":"LineString","coordinates":[[55.506249999998744,23.093749999999837],[55.50208333333208,23.093749999999837],[55.48541666666537,23.110416666666502],[55.48124999999871,23.110416666666502],[55.47708333333205,23.106249999999854],[55.46874999999875,23.106249999999854],[55.46458333333209,23.110416666666502],[55.460416666665424,23.110416666666502],[55.45208333333201,23.118749999999828],[55.44791666666535,23.118749999999828],[55.44791666666535,23.122916666666477],[55.443749999998715,23.127083333333182]]}},{"type":"Feature","properties":{"HYRIV_ID":20873787,"NEXT_DOWN":20873786,"MAIN_RIV":20874339,"LENGTH_KM":3.76,"CATCH_SKM":18.559999,"DIS_AV_CMS":0.003,"ORD_STRA":1,"ORD_FLOW":9},"geometry":{"type":"LineString","coordinates":[[55.52499999999873,23.12083333333316],[55.51874999999873,23.114583333333165],[55.51874999999873,23.110416666666502],[55.51458333333207,23.106249999999854],[55.51458333333207,23.102083333333148],[55.506249999998744,23.093749999999837]]}},{"type":"Feature","properties":{"HYRIV_ID":20873817,"NEXT_DOWN":20873604,"MAIN_RIV":20874571,"LENGTH_KM":7.2399998,"CATCH_SKM":39.689999,"DIS_AV_CMS":0.007,"ORD_STRA":1,"ORD_FLOW":9},"geometry":{"type":"LineString","coordinates":[[54.67499999999879,23.089583333333174],[54.70624999999873,23.089583333333174],[54.710416666665395,23.093749999999837],[54.710416666665395,23.114583333333165],[54.71458333333206,23.118749999999828],[54.71458333333206,23.122916666666477]]}},{"type":"Feature","properties":{"HYRIV_ID":20873818,"NEXT_DOWN":20873784,"MAIN_RIV":20874339,"LENGTH_KM":5.71,"CATCH_SKM":11.06,"DIS_AV_CMS":0.0,"ORD_STRA":4,"ORD_FLOW":10},"geometry":{"type":"LineString","coordinates":[[55.197916666665435,23.089583333333174],[55.19374999999877,23.089583333333174],[55.18541666666539,23.097916666666485],[55.18124999999873,23.093749999999837],[55.177083333332064,23.097916666666485],[55.1729166666654,23.097916666666485],[55.16874999999874,23.093749999999837],[55.152083333332115,23.093749999999837]]}},{"type":"Feature","properties":{"HYRIV_ID":20873819,"NEXT_DOWN":20873818,"MAIN_RIV":20874339,"LENGTH_KM":1.6900001,"CATCH_SKM":3.75,"DIS_AV_CMS":0.0,"ORD_STRA":4,"ORD_FLOW":10},"geometry":{"type":"LineString","coordinates":[[55.210416666665424,23.097916666666485],[55.2020833333321,23.089583333333174],[55.197916666665435,23.089583333333174]]}},{"type":"Feature","properties":{"HYRIV_ID":20873868,"NEXT_DOWN":20873786,"MAIN_RIV":20874339,"LENGTH_KM":8.25,"CATCH_SKM":37.32,"DIS_AV_CMS":0.006,"ORD_STRA":1,"ORD_FLOW":9},"geometry":{"type":"LineString","coordinates":[[55.57499999999871,23.093749999999837],[55.55624999999873,23.093749999999837],[55.552083333332064,23.097916666666485],[55.539583333332104,23.08541666666651],[55.53124999999869,23.08541666666651],[55.52708333333203,23.089583333333174],[55.51458333333207,23.089583333333174],[55.51041666666541,23.093749999999837],[55.506249999998744,23.093749999999837]]}},{"type":"Feature","properties":{"HYRIV_ID":20873912,"NEXT_DOWN":20874013,"MAIN_RIV":20878669,"LENGTH_KM":4.9099998,"CATCH_SKM":16.0,"DIS_AV_CMS":0.008,"ORD_STRA":2,"ORD_FLOW":9},"geometry":{"type":"LineString","coordinates":[[54.031249999998806,23.097916666666485],[54.03541666666547,23.093749999999837],[54.03541666666547,23.089583333333174],[54.039583333332104,23.08541666666651],[54.056249999998755,23.08541666666651],[54.06041666666542,23.081249999999862],[54.068749999998715,23.081249999999862]]}},{"type":"Feature","properties":{"HYRIV_ID":20873913,"NEXT_DOWN":20874013,"MAIN_RIV":20878669,"LENGTH_KM":7.1500001,"CATCH_SKM":19.74,"DIS_AV_CMS":0.092,"ORD_STRA":3,"ORD_FLOW":8},"geometry":{"type":"LineString","coordinates":[[54.09374999999875,23.131249999999845],[54.08124999999879,23.118749999999828],[54.08124999999879,23.114583333333165],[54.07291666666546,23.106249999999854],[54.068749999998715,23.106249999999854],[54.06458333333205,23.102083333333148],[54.06458333333205,23.08541666666651],[54.068749999998715,23.081249999999862]]}},{"type":"Feature","properties":{"HYRIV_ID":20873914,"NEXT_DOWN":20874338,"MAIN_RIV":20874339,"LENGTH_KM":10.56,"CATCH_SKM":67.919998,"DIS_AV_CMS":0.061,"ORD_STRA":2,"ORD_FLOW":8},"geometry":{"type":"LineString","coordinates":[[54.83541666666548,23.122916666666477],[54.84374999999872,23.114583333333165],[54.847916666665355,23.114583333333165],[54.85208333333202,23.110416666666502],[54.85624999999877,23.110416666666502],[54.86041666666543,23.106249999999854],[54.86458333333209,23.106249999999854],[54.87291666666539,23.097916666666485],[54.87708333333205,23.097916666666485],[54.881249999998715,23.093749999999837],[54.88541666666538,23.093749999999837],[54.889583333332126,23.089583333333174],[54.89374999999879,23.089583333333174],[54.89791666666545,23.08541666666651],[54.90624999999875,23.08541666666651],[54.91041666666541,23.081249999999862],[54.91874999999874,23.081249999999862]]}},{"type":"Feature","properties":{"HYRIV_ID":20873915,"NEXT_DOWN":20874338,"MAIN_RIV":20874339,"LENGTH_KM":0.64,"CATCH_SKM":10.27,"DIS_AV_CMS":0.002,"ORD_STRA":1,"ORD_FLOW":9},"geometry":{"type":"LineString","coordinates":[[54.92499999999873,23.081249999999862],[54.91874999999874,23.081249999999862]]}},{"type":"Feature","properties":{"HYRIV_ID":20873916,"NEXT_DOWN":20874303,"MAIN_RIV":20874339,"LENGTH_KM":1.49,"CATCH_SKM":12.44,"DIS_AV_CMS":0.002,"ORD_STRA":1,"ORD_FLOW":9},"geometry":{"type":"LineString","coordinates":[[54.99583333333209,23.081249999999862],[55.01041666666538,23.081249999999862]]}},{"type":"Feature","properties":{"HYRIV_ID":20873917,"NEXT_DOWN":20874303,"MAIN_RIV":20874339,"LENGTH_KM":1.39,"CATCH_SKM":2.37,"DIS_AV_CMS":0.0,"ORD_STRA":5,"ORD_FLOW":10},"geometry":{"type":"LineString","coordinates":[[55.01041666666538,23.093749999999837],[55.01041666666538,23.081249999999862]]}},{"type":"Feature","properties":{"HYRIV_ID":20873918,"NEXT_DOWN":20873964,"MAIN_RIV":20874339,"LENGTH_KM":5.5,"CATCH_SKM":10.07,"DIS_AV_CMS":0.006,"ORD_STRA":2,"ORD_FLOW":9},"geometry":{"type":"LineString","coordinates":[[55.4229166666654,23.081249999999862],[55.41874999999877,23.08541666666651],[55.40624999999878,23.08541666666651],[55.402083333332115,23.081249999999862],[55.39374999999873,23.081249999999862],[55.38958333333207,23.08541666666651],[55.38541666666541,23.08541666666651],[55.381249999998744,23.081249999999862],[55.37708333333208,23.081249999999862]]}},{"type":"Feature","properties":{"HYRIV_ID":20873919,"NEXT_DOWN":20873918,"MAIN_RIV":20874339,"LENGTH_KM":1.7,"CATCH_SKM":12.84,"DIS_AV_CMS":0.002,"ORD_STRA":1,"ORD_FLOW":9},"geometry":{"type":"LineString","coordinates":[[55.43749999999872,23.08541666666651],[55.43124999999873,23.08541666666651],[55.427083333332064,23.081249999999862],[55.4229166666654,23.081249999999862]]}},{"type":"Feature","properties":{"HYRIV_ID":20873960,"NEXT_DOWN":20874132,"MAIN_RIV":20878669,"LENGTH_KM":10.31,"CATCH_SKM":53.509998,"DIS_AV_CMS":0.009,"ORD_STRA":1,"ORD_FLOW":9},"geometry":{"type":"LineString","coordinates":[[54.18333333333209,23.106249999999854],[54.18958333333208,23.106249999999854],[54.193749999998744,23.110416666666502],[54.19791666666538,23.106249999999854],[54.21874999999878,23.106249999999854],[54.22291666666541,23.110416666666502],[54.23124999999874,23.110416666666502],[54.2354166666654,23.106249999999854],[54.23124999999874,23.102083333333148],[54.23124999999874,23.093749999999837],[54.227083333332075,23.089583333333174],[54.227083333332075,23.081249999999862],[54.23124999999874,23.077083333333157],[54.2354166666654,23.077083333333157]]}},{"type":"Feature","properties":{"HYRIV_ID":20873961,"NEXT_DOWN":20874132,"MAIN_RIV":20878669,"LENGTH_KM":4.58,"CATCH_SKM":21.52,"DIS_AV_CMS":0.004,"ORD_STRA":1,"ORD_FLOW":9},"geometry":{"type":"LineString","coordinates":[[54.26666666666543,23.099999999999817],[54.25208333333211,23.08541666666651],[54.24374999999873,23.08541666666651],[54.239583333332064,23.081249999999862],[54.239583333332064,23.077083333333157],[54.2354166666654,23.077083333333157]]}},{"type":"Feature","properties":{"HYRIV_ID":20873962,"NEXT_DOWN":20873785,"MAIN_RIV":20874339,"LENGTH_KM":4.7399998,"CATCH_SKM":24.09,"DIS_AV_CMS":0.004,"ORD_STRA":1,"ORD_FLOW":9},"geometry":{"type":"LineString","coordinates":[[55.279166666665446,23.074999999999825],[55.27291666666545,23.081249999999862],[55.268749999998704,23.081249999999862],[55.26041666666541,23.089583333333174],[55.25208333333208,23.089583333333174],[55.243749999998755,23.097916666666485]]}},{"type":"Feature","properties":{"HYRIV_ID":20873963,"NEXT_DOWN":20873747,"MAIN_RIV":20874339,"LENGTH_KM":6.4499998,"CATCH_SKM":22.309999,"DIS_AV_CMS":0.37900001,"ORD_STRA":4,"ORD_FLOW":7},"geometry":{"type":"LineString","coordinates":[[55.35624999999871,23.077083333333157],[55.347916666665384,23.077083333333157],[55.33958333333209,23.08541666666651],[55.33958333333209,23.093749999999837],[55.335416666665424,23.097916666666485],[55.33124999999876,23.097916666666485],[55.32291666666535,23.106249999999854],[55.32291666666535,23.110416666666502],[55.31874999999869,23.114583333333165]]}},{"type":"Feature","properties":{"HYRIV_ID":20873964,"NEXT_DOWN":20873963,"MAIN_RIV":20874339,"LENGTH_KM":2.33,"CATCH_SKM":9.4799995,"DIS_AV_CMS":0.55299997,"ORD_STRA":4,"ORD_FLOW":7},"geometry":{"type":"LineString","coordinates":[[55.37708333333208,23.081249999999862],[55.37291666666542,23.077083333333157],[55.35624999999871,23.077083333333157]]}},{"type":"Feature","properties":{"HYRIV_ID":20874013,"NEXT_DOWN":20874222,"MAIN_RIV":20878669,"LENGTH_KM":1.26,"CATCH_SKM":5.9200001,"DIS_AV_CMS":0.101,"ORD_STRA":3,"ORD_FLOW":7},"geometry":{"type":"LineString","coordinates":[[54.068749999998715,23.081249999999862],[54.077083333332126,23.072916666666494]]}},{"type":"Feature","properties":{"HYRIV_ID":20874014,"NEXT_DOWN":20874222,"MAIN_RIV":20878669,"LENGTH_KM":2.6300001,"CATCH_SKM":14.41,"DIS_AV_CMS":0.002,"ORD_STRA":1,"ORD_FLOW":9},"geometry":{"type":"LineString","coordinates":[[54.09583333333208,23.087499999999842],[54.08124999999879,23.072916666666494],[54.077083333332126,23.072916666666494]]}},{"type":"Feature","properties":{"HYRIV_ID":20874015,"NEXT_DOWN":20873697,"MAIN_RIV":20877271,"LENGTH_KM":6.7199998,"CATCH_SKM":20.93,"DIS_AV_CMS":0.004,"ORD_STRA":1,"ORD_FLOW":9},"geometry":{"type":"LineString","coordinates":[[54.38749999999877,23.07916666666653],[54.39374999999876,23.072916666666494],[54.41041666666547,23.072916666666494],[54.418749999998795,23.081249999999862],[54.418749999998795,23.08541666666651],[54.41041666666547,23.093749999999837],[54.41041666666547,23.097916666666485],[54.40624999999872,23.102083333333148]]}},{"type":"Feature","properties":{"HYRIV_ID":20874016,"NEXT_DOWN":20873784,"MAIN_RIV":20874339,"LENGTH_KM":3.71,"CATCH_SKM":20.93,"DIS_AV_CMS":0.003,"ORD_STRA":1,"ORD_FLOW":9},"geometry":{"type":"LineString","coordinates":[[55.17083333333207,23.072916666666494],[55.164583333332075,23.072916666666494],[55.16041666666541,23.077083333333157],[55.15624999999878,23.077083333333157],[55.152083333332115,23.081249999999862],[55.152083333332115,23.093749999999837]]}},{"type":"Feature","properties":{"HYRIV_ID":20874054,"NEXT_DOWN":20873963,"MAIN_RIV":20874339,"LENGTH_KM":1.73,"CATCH_SKM":15.8,"DIS_AV_CMS":0.002,"ORD_STRA":1,"ORD_FLOW":9},"geometry":{"type":"LineString","coordinates":[[55.36666666666545,23.068749999999845],[55.36041666666537,23.068749999999845],[55.35624999999871,23.072916666666494],[55.35624999999871,23.077083333333157]]}},{"type":"Feature","properties":{"HYRIV_ID":20874094,"NEXT_DOWN":20873818,"MAIN_RIV":20874339,"LENGTH_KM":6.33,"CATCH_SKM":22.91,"DIS_AV_CMS":0.003,"ORD_STRA":1,"ORD_FLOW":9},"geometry":{"type":"LineString","coordinates":[[55.22916666666538,23.077083333333157],[55.222916666665384,23.077083333333157],[55.222916666665384,23.068749999999845],[55.21874999999872,23.064583333333182],[55.21458333333206,23.064583333333182],[55.20624999999876,23.072916666666494],[55.20624999999876,23.077083333333157],[55.2020833333321,23.077083333333157],[55.197916666665435,23.081249999999862],[55.197916666665435,23.089583333333174]]}},{"type":"Feature","properties":{"HYRIV_ID":20874132,"NEXT_DOWN":20874301,"MAIN_RIV":20878669,"LENGTH_KM":8.2600002,"CATCH_SKM":25.870001,"DIS_AV_CMS":0.017,"ORD_STRA":2,"ORD_FLOW":8},"geometry":{"type":"LineString","coordinates":[[54.2354166666654,23.077083333333157],[54.24791666666536,23.064583333333182],[54.24791666666536,23.060416666666477],[54.25208333333211,23.060416666666477],[54.2645833333321,23.072916666666494],[54.27708333333206,23.072916666666494],[54.28541666666547,23.064583333333182],[54.28958333333213,23.064583333333182],[54.293749999998795,23.060416666666477]]}},{"type":"Feature","properties":{"HYRIV_ID":20874133,"NEXT_DOWN":20874301,"MAIN_RIV":20878669,"LENGTH_KM":2.95,"CATCH_SKM":16.59,"DIS_AV_CMS":0.003,"ORD_STRA":1,"ORD_FLOW":9},"geometry":{"type":"LineString","coordinates":[[54.31666666666541,23.072916666666494],[54.306249999998755,23.072916666666494],[54.293749999998795,23.060416666666477]]}},{"type":"Feature","properties":{"HYRIV_ID":20874134,"NEXT_DOWN":20874186,"MAIN_RIV":20877271,"LENGTH_KM":8.7,"CATCH_SKM":29.620001,"DIS_AV_CMS":0.044,"ORD_STRA":3,"ORD_FLOW":8},"geometry":{"type":"LineString","coordinates":[[54.431249999998755,23.106249999999854],[54.44791666666541,23.089583333333174],[54.45208333333207,23.093749999999837],[54.456249999998704,23.093749999999837],[54.46041666666537,23.089583333333174],[54.464583333332115,23.089583333333174],[54.46874999999878,23.08541666666651],[54.464583333332115,23.081249999999862],[54.464583333332115,23.077083333333157],[54.46041666666537,23.072916666666494],[54.464583333332115,23.068749999999845],[54.46041666666537,23.064583333333182],[54.46041666666537,23.060416666666477]]}},{"type":"Feature","properties":{"HYRIV_ID":20874186,"NEXT_DOWN":20874955,"MAIN_RIV":20877271,"LENGTH_KM":3.1700001,"CATCH_SKM":7.5100002,"DIS_AV_CMS":0.047,"ORD_STRA":3,"ORD_FLOW":8},"geometry":{"type":"LineString","coordinates":[[54.46041666666537,23.060416666666477],[54.464583333332115,23.056249999999814],[54.46874999999878,23.056249999999814],[54.47291666666544,23.060416666666477],[54.48124999999877,23.060416666666477],[54.4854166666654,23.056249999999814]]}},{"type":"Feature","properties":{"HYRIV_ID":20874187,"NEXT_DOWN":20874955,"MAIN_RIV":20877271,"LENGTH_KM":3.46,"CATCH_SKM":18.76,"DIS_AV_CMS":0.003,"ORD_STRA":1,"ORD_FLOW":9},"geometry":{"type":"LineString","coordinates":[[54.50416666666547,23.077083333333157],[54.49791666666539,23.077083333333157],[54.4854166666654,23.064583333333182],[54.4854166666654,23.056249999999814]]}},{"type":"Feature","properties":{"HYRIV_ID":20874188,"NEXT_DOWN":20873918,"MAIN_RIV":20874339,"LENGTH_KM":4.8400002,"CATCH_SKM":22.32,"DIS_AV_CMS":0.003,"ORD_STRA":1,"ORD_FLOW":9},"geometry":{"type":"LineString","coordinates":[[55.45833333333209,23.056249999999814],[55.45208333333201,23.056249999999814],[55.443749999998715,23.064583333333182],[55.43958333333205,23.064583333333182],[55.4229166666654,23.081249999999862]]}},{"type":"Feature","properties":{"HYRIV_ID":20874189,"NEXT_DOWN":20874340,"MAIN_RIV":20874339,"LENGTH_KM":3.4400001,"CATCH_SKM":22.120001,"DIS_AV_CMS":0.003,"ORD_STRA":1,"ORD_FLOW":9},"geometry":{"type":"LineString","coordinates":[[55.60624999999871,23.074999999999825],[55.60624999999871,23.068749999999845],[55.59791666666541,23.060416666666477],[55.58958333333209,23.060416666666477],[55.585416666665424,23.056249999999814]]}},{"type":"Feature","properties":{"HYRIV_ID":20874222,"NEXT_DOWN":20874250,"MAIN_RIV":20878669,"LENGTH_KM":2.32,"CATCH_SKM":7.1100001,"DIS_AV_CMS":0.104,"ORD_STRA":3,"ORD_FLOW":7},"geometry":{"type":"LineString","coordinates":[[54.077083333332126,23.072916666666494],[54.077083333332126,23.052083333333165]]}},{"type":"Feature","properties":{"HYRIV_ID":20874223,"NEXT_DOWN":20874520,"MAIN_RIV":20878669,"LENGTH_KM":2.46,"CATCH_SKM":14.02,"DIS_AV_CMS":0.002,"ORD_STRA":1,"ORD_FLOW":9},"geometry":{"type":"LineString","coordinates":[[54.10416666666541,23.066666666666514],[54.09791666666541,23.060416666666477],[54.09374999999875,23.060416666666477],[54.089583333332115,23.056249999999814],[54.089583333332115,23.052083333333165]]}},{"type":"Feature","properties":{"HYRIV_ID":20874224,"NEXT_DOWN":20874379,"MAIN_RIV":20877271,"LENGTH_KM":19.0,"CATCH_SKM":83.540001,"DIS_AV_CMS":0.114,"ORD_STRA":3,"ORD_FLOW":7},"geometry":{"type":"LineString","coordinates":[[54.54791666666546,23.097916666666485],[54.55208333333212,23.093749999999837],[54.55624999999878,23.093749999999837],[54.56458333333208,23.08541666666651],[54.568749999998744,23.08541666666651],[54.57291666666541,23.081249999999862],[54.57708333333207,23.081249999999862],[54.58124999999873,23.08541666666651],[54.585416666665395,23.08541666666651],[54.58958333333203,23.089583333333174],[54.59791666666544,23.089583333333174],[54.602083333332104,23.08541666666651],[54.60624999999877,23.08541666666651],[54.614583333332064,23.077083333333157],[54.62291666666539,23.077083333333157],[54.6312499999988,23.068749999999845],[54.63541666666546,23.068749999999845],[54.65208333333209,23.052083333333165],[54.65624999999875,23.056249999999814],[54.66041666666541,23.056249999999814],[54.66458333333205,23.060416666666477],[54.66458333333205,23.064583333333182],[54.668749999998795,23.068749999999845],[54.685416666665446,23.052083333333165]]}},{"type":"Feature","properties":{"HYRIV_ID":20874250,"NEXT_DOWN":20874520,"MAIN_RIV":20878669,"LENGTH_KM":1.6900001,"CATCH_SKM":2.1700001,"DIS_AV_CMS":0.123,"ORD_STRA":4,"ORD_FLOW":7},"geometry":{"type":"LineString","coordinates":[[54.077083333332126,23.052083333333165],[54.08124999999879,23.047916666666502],[54.08541666666545,23.047916666666502],[54.089583333332115,23.052083333333165]]}},{"type":"Feature","properties":{"HYRIV_ID":20874251,"NEXT_DOWN":20874186,"MAIN_RIV":20877271,"LENGTH_KM":2.04,"CATCH_SKM":13.43,"DIS_AV_CMS":0.002,"ORD_STRA":1,"ORD_FLOW":9},"geometry":{"type":"LineString","coordinates":[[54.44999999999874,23.04583333333317],[54.46041666666537,23.056249999999814],[54.46041666666537,23.060416666666477]]}},{"type":"Feature","properties":{"HYRIV_ID":20874252,"NEXT_DOWN":20874340,"MAIN_RIV":20874339,"LENGTH_KM":4.54,"CATCH_SKM":20.74,"DIS_AV_CMS":0.003,"ORD_STRA":1,"ORD_FLOW":9},"geometry":{"type":"LineString","coordinates":[[55.620833333332115,23.058333333333145],[55.614583333332035,23.052083333333165],[55.61041666666537,23.052083333333165],[55.60624999999871,23.047916666666502],[55.602083333332075,23.052083333333165],[55.58958333333209,23.052083333333165],[55.585416666665424,23.056249999999814]]}},{"type":"Feature","properties":{"HYRIV_ID":20874301,"NEXT_DOWN":20874471,"MAIN_RIV":20878669,"LENGTH_KM":2.1900001,"CATCH_SKM":7.7,"DIS_AV_CMS":0.021,"ORD_STRA":2,"ORD_FLOW":8},"geometry":{"type":"LineString","coordinates":[[54.293749999998795,23.060416666666477],[54.293749999998795,23.056249999999814],[54.29791666666546,23.052083333333165],[54.29791666666546,23.047916666666502],[54.30208333333209,23.04374999999984]]}},{"type":"Feature","properties":{"HYRIV_ID":20874302,"NEXT_DOWN":20874379,"MAIN_RIV":20877271,"LENGTH_KM":1.16,"CATCH_SKM":11.26,"DIS_AV_CMS":0.002,"ORD_STRA":1,"ORD_FLOW":9},"geometry":{"type":"LineString","coordinates":[[54.685416666665446,23.041666666666522],[54.685416666665446,23.052083333333165]]}},{"type":"Feature","properties":{"HYRIV_ID":20874303,"NEXT_DOWN":20874339,"MAIN_RIV":20874339,"LENGTH_KM":4.3400002,"CATCH_SKM":13.43,"DIS_AV_CMS":0.0,"ORD_STRA":5,"ORD_FLOW":10},"geometry":{"type":"LineString","coordinates":[[55.01041666666538,23.081249999999862],[55.01041666666538,23.052083333333165],[55.014583333332126,23.047916666666502],[55.014583333332126,23.04374999999984]]}},{"type":"Feature","properties":{"HYRIV_ID":20874338,"NEXT_DOWN":20874339,"MAIN_RIV":20874339,"LENGTH_KM":12.04,"CATCH_SKM":38.32,"DIS_AV_CMS":0.06,"ORD_STRA":2,"ORD_FLOW":8},"geometry":{"type":"LineString","coordinates":[[54.91874999999874,23.081249999999862],[54.935416666665446,23.064583333333182],[54.94374999999877,23.064583333333182],[54.947916666665435,23.060416666666477],[54.95624999999873,23.060416666666477],[54.960416666665395,23.056249999999814],[54.96458333333206,23.056249999999814],[54.96874999999872,23.052083333333165],[54.97708333333205,23.052083333333165],[54.98124999999877,23.047916666666502],[54.98541666666543,23.047916666666502],[54.98958333333209,23.04374999999984],[54.993749999998755,23.04374999999984],[54.99791666666542,23.03958333333319],[55.01041666666538,23.03958333333319],[55.014583333332126,23.04374999999984]]}},{"type":"Feature","properties":{"HYRIV_ID":20874339,"NEXT_DOWN":0,"MAIN_RIV":20874339,"LENGTH_KM":0.63,"CATCH_SKM":0.4,"DIS_AV_CMS":0.0,"ORD_STRA":5,"ORD_FLOW":10},"geometry":{"type":"LineString","coordinates":[[55.014583333332126,23.04374999999984],[55.01874999999879,23.03958333333319]]}},{"type":"Feature","properties":{"HYRIV_ID":20874340,"NEXT_DOWN":20874382,"MAIN_RIV":20874339,"LENGTH_KM":16.73,"CATCH_SKM":40.290001,"DIS_AV_CMS":0.012,"ORD_STRA":2,"ORD_FLOW":8},"geometry":{"type":"LineString","coordinates":[[55.585416666665424,23.056249999999814],[55.581249999998676,23.056249999999814],[55.57291666666538,23.064583333333182],[55.55624999999873,23.064583333333182],[55.552083333332064,23.068749999999845],[55.539583333332104,23.068749999999845],[55.53541666666544,23.064583333333182],[55.51041666666541,23.064583333333182],[55.506249999998744,23.060416666666477],[55.50208333333208,23.060416666666477],[55.497916666665446,23.056249999999814],[55.49374999999878,23.060416666666477],[55.48124999999871,23.047916666666502],[55.47708333333205,23.052083333333165],[55.46874999999875,23.04374999999984],[55.46458333333209,23.04374999999984],[55.460416666665424,23.047916666666502],[55.45624999999876,23.04374999999984],[55.45624999999876,23.03958333333319]]}},{"type":"Feature","properties":{"HYRIV_ID":20874376,"NEXT_DOWN":20874377,"MAIN_RIV":20878669,"LENGTH_KM":13.37,"CATCH_SKM":48.98,"DIS_AV_CMS":0.007,"ORD_STRA":1,"ORD_FLOW":9},"geometry":{"type":"LineString","coordinates":[[53.93749999999872,23.056249999999814],[53.931249999998755,23.056249999999814],[53.92708333333209,23.052083333333165],[53.92708333333209,23.047916666666502],[53.931249999998755,23.04374999999984],[53.977083333332075,23.04374999999984],[53.9854166666654,23.052083333333165],[53.989583333332035,23.052083333333165],[54.00208333333211,23.03958333333319],[54.00624999999877,23.03958333333319],[54.010416666665435,23.04374999999984],[54.01458333333207,23.03958333333319],[54.01874999999873,23.03958333333319],[54.022916666665395,23.035416666666485]]}},{"type":"Feature","properties":{"HYRIV_ID":20874377,"NEXT_DOWN":20874250,"MAIN_RIV":20878669,"LENGTH_KM":6.3600001,"CATCH_SKM":18.57,"DIS_AV_CMS":0.018,"ORD_STRA":3,"ORD_FLOW":8},"geometry":{"type":"LineString","coordinates":[[54.022916666665395,23.035416666666485],[54.02708333333214,23.03958333333319],[54.03541666666547,23.03958333333319],[54.039583333332104,23.04374999999984],[54.056249999998755,23.04374999999984],[54.06041666666542,23.047916666666502],[54.07291666666546,23.047916666666502],[54.077083333332126,23.052083333333165]]}},{"type":"Feature","properties":{"HYRIV_ID":20874378,"NEXT_DOWN":20874471,"MAIN_RIV":20878669,"LENGTH_KM":2.33,"CATCH_SKM":16.790001,"DIS_AV_CMS":0.003,"ORD_STRA":1,"ORD_FLOW":9},"geometry":{"type":"LineString","coordinates":[[54.28333333333214,23.035416666666485],[54.293749999998795,23.035416666666485],[54.30208333333209,23.04374999999984]]}},{"type":"Feature","properties":{"HYRIV_ID":20874379,"NEXT_DOWN":20874663,"MAIN_RIV":20877271,"LENGTH_KM":4.2199998,"CATCH_SKM":24.5,"DIS_AV_CMS":0.114,"ORD_STRA":3,"ORD_FLOW":7},"geometry":{"type":"LineString","coordinates":[[54.685416666665446,23.052083333333165],[54.693749999998744,23.052083333333165],[54.710416666665395,23.035416666666485],[54.71874999999869,23.035416666666485]]}},{"type":"Feature","properties":{"HYRIV_ID":20874380,"NEXT_DOWN":20874663,"MAIN_RIV":20877271,"LENGTH_KM":3.34,"CATCH_SKM":19.950001,"DIS_AV_CMS":0.003,"ORD_STRA":1,"ORD_FLOW":9},"geometry":{"type":"LineString","coordinates":[[54.727083333332104,23.06249999999985],[54.727083333332104,23.056249999999814],[54.722916666665355,23.052083333333165],[54.722916666665355,23.04374999999984],[54.71874999999869,23.03958333333319],[54.71874999999869,23.035416666666485]]}},{"type":"Feature","properties":{"HYRIV_ID":20874381,"NEXT_DOWN":0,"MAIN_RIV":20874381,"LENGTH_KM":5.37,"CATCH_SKM":31.209999,"DIS_AV_CMS":0.005,"ORD_STRA":1,"ORD_FLOW":9},"geometry":{"type":"LineString","coordinates":[[55.05833333333203,23.049999999999834],[55.052083333332064,23.04374999999984],[55.04374999999874,23.04374999999984],[55.039583333332075,23.047916666666502],[55.03541666666541,23.047916666666502],[55.02291666666545,23.035416666666485],[55.01874999999879,23.03958333333319]]}},{"type":"Feature","properties":{"HYRIV_ID":20874382,"NEXT_DOWN":20873964,"MAIN_RIV":20874339,"LENGTH_KM":10.54,"CATCH_SKM":19.950001,"DIS_AV_CMS":0.62,"ORD_STRA":4,"ORD_FLOW":7},"geometry":{"type":"LineString","coordinates":[[55.45624999999876,23.03958333333319],[55.45208333333201,23.03958333333319],[55.44791666666535,23.035416666666485],[55.43541666666539,23.047916666666502],[55.427083333332064,23.047916666666502],[55.4229166666654,23.052083333333165],[55.41874999999877,23.052083333333165],[55.414583333332104,23.056249999999814],[55.40624999999878,23.056249999999814],[55.38958333333207,23.072916666666494],[55.38541666666541,23.072916666666494],[55.37708333333208,23.081249999999862]]}},{"type":"Feature","properties":{"HYRIV_ID":20874471,"NEXT_DOWN":20875109,"MAIN_RIV":20878669,"LENGTH_KM":4.46,"CATCH_SKM":18.370001,"DIS_AV_CMS":0.027,"ORD_STRA":2,"ORD_FLOW":8},"geometry":{"type":"LineString","coordinates":[[54.30208333333209,23.04374999999984],[54.306249999998755,23.04374999999984],[54.31041666666542,23.03958333333319],[54.31458333333208,23.03958333333319],[54.318749999998744,23.04374999999984],[54.32708333333204,23.035416666666485],[54.32708333333204,23.031249999999822],[54.331249999998704,23.027083333333174]]}},{"type":"Feature","properties":{"HYRIV_ID":20874520,"NEXT_DOWN":20874568,"MAIN_RIV":20878669,"LENGTH_KM":4.4299998,"CATCH_SKM":20.74,"DIS_AV_CMS":0.129,"ORD_STRA":4,"ORD_FLOW":7},"geometry":{"type":"LineString","coordinates":[[54.089583333332115,23.052083333333165],[54.09791666666541,23.052083333333165],[54.10624999999874,23.04374999999984],[54.10624999999874,23.02291666666651]]}},{"type":"Feature","properties":{"HYRIV_ID":20874521,"NEXT_DOWN":20874618,"MAIN_RIV":20874571,"LENGTH_KM":24.379999,"CATCH_SKM":131.94,"DIS_AV_CMS":0.049,"ORD_STRA":2,"ORD_FLOW":8},"geometry":{"type":"LineString","coordinates":[[54.74374999999873,23.110416666666502],[54.74791666666539,23.110416666666502],[54.75208333333205,23.106249999999854],[54.75208333333205,23.097916666666485],[54.756249999998715,23.093749999999837],[54.76041666666546,23.093749999999837],[54.772916666665424,23.081249999999862],[54.77708333333209,23.081249999999862],[54.78541666666541,23.072916666666494],[54.789583333332075,23.072916666666494],[54.80208333333212,23.060416666666477],[54.80624999999878,23.060416666666477],[54.81458333333211,23.052083333333165],[54.81874999999877,23.052083333333165],[54.82708333333207,23.04374999999984],[54.83124999999873,23.04374999999984],[54.83958333333206,23.035416666666485],[54.847916666665355,23.035416666666485],[54.85208333333202,23.031249999999822],[54.85624999999877,23.031249999999822],[54.86041666666543,23.027083333333174],[54.88541666666538,23.027083333333174],[54.889583333332126,23.02291666666651],[54.91874999999874,23.02291666666651],[54.9229166666654,23.027083333333174],[54.927083333332035,23.027083333333174],[54.9312499999987,23.02291666666651]]}},{"type":"Feature","properties":{"HYRIV_ID":20874566,"NEXT_DOWN":20874377,"MAIN_RIV":20878669,"LENGTH_KM":3.37,"CATCH_SKM":7.31,"DIS_AV_CMS":0.008,"ORD_STRA":3,"ORD_FLOW":9},"geometry":{"type":"LineString","coordinates":[[53.997916666665446,23.018749999999848],[54.00208333333211,23.02291666666651],[54.010416666665435,23.02291666666651],[54.022916666665395,23.035416666666485]]}},{"type":"Feature","properties":{"HYRIV_ID":20874567,"NEXT_DOWN":20874568,"MAIN_RIV":20878669,"LENGTH_KM":2.12,"CATCH_SKM":13.24,"DIS_AV_CMS":0.002,"ORD_STRA":1,"ORD_FLOW":9},"geometry":{"type":"LineString","coordinates":[[54.08749999999878,23.018749999999848],[54.09791666666541,23.018749999999848],[54.102083333332075,23.02291666666651],[54.10624999999874,23.02291666666651]]}},{"type":"Feature","properties":{"HYRIV_ID":20874568,"NEXT_DOWN":20874697,"MAIN_RIV":20878669,"LENGTH_KM":0.63,"CATCH_SKM":0.99,"DIS_AV_CMS":0.131,"ORD_STRA":4,"ORD_FLOW":7},"geometry":{"type":"LineString","coordinates":[[54.10624999999874,23.02291666666651],[54.1104166666654,23.018749999999848]]}},{"type":"Feature","properties":{"HYRIV_ID":20874569,"NEXT_DOWN":20874697,"MAIN_RIV":20878669,"LENGTH_KM":2.2,"CATCH_SKM":13.43,"DIS_AV_CMS":0.002,"ORD_STRA":1,"ORD_FLOW":9},"geometry":{"type":"LineString","coordinates":[[54.12499999999878,23.033333333333154],[54.1104166666654,23.018749999999848]]}},{"type":"Feature","properties":{"HYRIV_ID":20874570,"NEXT_DOWN":20875109,"MAIN_RIV":20878669,"LENGTH_KM":1.41,"CATCH_SKM":12.25,"DIS_AV_CMS":0.002,"ORD_STRA":1,"ORD_FLOW":9},"geometry":{"type":"LineString","coordinates":[[54.32499999999874,23.016666666666517],[54.331249999998704,23.02291666666651],[54.331249999998704,23.027083333333174]]}},{"type":"Feature","properties":{"HYRIV_ID":20874571,"NEXT_DOWN":0,"MAIN_RIV":20874571,"LENGTH_KM":2.6500001,"CATCH_SKM":4.7399998,"DIS_AV_CMS":0.0,"ORD_STRA":4,"ORD_FLOW":10},"geometry":{"type":"LineString","coordinates":[[55.01874999999879,23.018749999999848],[55.01874999999879,23.02291666666651],[55.02291666666545,23.027083333333174],[55.01874999999879,23.031249999999822],[55.01874999999879,23.03958333333319]]}},{"type":"Feature","properties":{"HYRIV_ID":20874572,"NEXT_DOWN":20874382,"MAIN_RIV":20874339,"LENGTH_KM":4.0,"CATCH_SKM":9.0900002,"DIS_AV_CMS":0.88800001,"ORD_STRA":4,"ORD_FLOW":7},"geometry":{"type":"LineString","coordinates":[[55.48541666666537,23.018749999999848],[55.472916666665384,23.031249999999822],[55.46874999999875,23.031249999999822],[55.46458333333209,23.035416666666485],[55.460416666665424,23.035416666666485],[55.45624999999876,23.03958333333319]]}},{"type":"Feature","properties":{"HYRIV_ID":20874573,"NEXT_DOWN":20874572,"MAIN_RIV":20874339,"LENGTH_KM":4.1500001,"CATCH_SKM":15.21,"DIS_AV_CMS":0.002,"ORD_STRA":1,"ORD_FLOW":9},"geometry":{"type":"LineString","coordinates":[[55.51249999999874,23.041666666666522],[55.506249999998744,23.035416666666485],[55.506249999998744,23.031249999999822],[55.497916666665446,23.02291666666651],[55.489583333332035,23.02291666666651],[55.48541666666537,23.018749999999848]]}},{"type":"Feature","properties":{"HYRIV_ID":20874574,"NEXT_DOWN":20874778,"MAIN_RIV":20874339,"LENGTH_KM":13.12,"CATCH_SKM":43.259998,"DIS_AV_CMS":1.138,"ORD_STRA":4,"ORD_FLOW":6},"geometry":{"type":"LineString","coordinates":[[55.71458333333209,23.072916666666494],[55.71041666666534,23.072916666666494],[55.706249999998704,23.068749999999845],[55.70208333333204,23.068749999999845],[55.68541666666539,23.052083333333165],[55.68124999999873,23.052083333333165],[55.67708333333209,23.047916666666502],[55.67291666666543,23.047916666666502],[55.66874999999877,23.052083333333165],[55.664583333332104,23.052083333333165],[55.660416666665355,23.047916666666502],[55.65624999999869,23.047916666666502],[55.647916666665395,23.03958333333319],[55.64374999999873,23.03958333333319],[55.631249999998744,23.027083333333174],[55.622916666665446,23.027083333333174],[55.61874999999878,23.02291666666651],[55.61874999999878,23.018749999999848]]}},{"type":"Feature","properties":{"HYRIV_ID":20874617,"NEXT_DOWN":20874701,"MAIN_RIV":20878669,"LENGTH_KM":2.99,"CATCH_SKM":16.99,"DIS_AV_CMS":0.003,"ORD_STRA":1,"ORD_FLOW":9},"geometry":{"type":"LineString","coordinates":[[54.17499999999876,23.031249999999822],[54.16874999999877,23.031249999999822],[54.16458333333213,23.027083333333174],[54.16458333333213,23.02291666666651],[54.156249999998806,23.014583333333157]]}},{"type":"Feature","properties":{"HYRIV_ID":20874618,"NEXT_DOWN":20874619,"MAIN_RIV":20874571,"LENGTH_KM":9.75,"CATCH_SKM":30.82,"DIS_AV_CMS":0.051,"ORD_STRA":2,"ORD_FLOW":8},"geometry":{"type":"LineString","coordinates":[[54.9312499999987,23.02291666666651],[54.935416666665446,23.027083333333174],[54.94374999999877,23.027083333333174],[54.947916666665435,23.031249999999822],[54.95624999999873,23.031249999999822],[54.960416666665395,23.027083333333174],[54.96874999999872,23.027083333333174],[54.972916666665384,23.02291666666651],[54.98958333333209,23.02291666666651],[54.993749999998755,23.018749999999848],[55.006249999998715,23.018749999999848],[55.01041666666538,23.014583333333157],[55.014583333332126,23.014583333333157]]}},{"type":"Feature","properties":{"HYRIV_ID":20874619,"NEXT_DOWN":20874571,"MAIN_RIV":20874571,"LENGTH_KM":0.63,"CATCH_SKM":0.59,"DIS_AV_CMS":0.022,"ORD_STRA":3,"ORD_FLOW":8},"geometry":{"type":"LineString","coordinates":[[55.014583333332126,23.014583333333157],[55.01874999999879,23.018749999999848]]}},{"type":"Feature","properties":{"HYRIV_ID":20874620,"NEXT_DOWN":20874572,"MAIN_RIV":20874339,"LENGTH_KM":1.06,"CATCH_SKM":0.99,"DIS_AV_CMS":0.98900002,"ORD_STRA":4,"ORD_FLOW":7},"geometry":{"type":"LineString","coordinates":[[55.49374999999878,23.014583333333157],[55.489583333332035,23.014583333333157],[55.48541666666537,23.018749999999848]]}},{"type":"Feature","properties":{"HYRIV_ID":20874621,"NEXT_DOWN":20874704,"MAIN_RIV":20874339,"LENGTH_KM":4.1500001,"CATCH_SKM":18.17,"DIS_AV_CMS":0.003,"ORD_STRA":1,"ORD_FLOW":9},"geometry":{"type":"LineString","coordinates":[[55.70833333333201,23.037499999999817],[55.70208333333204,23.031249999999822],[55.70208333333204,23.027083333333174],[55.69791666666538,23.02291666666651],[55.68958333333205,23.02291666666651],[55.68124999999873,23.014583333333157]]}},{"type":"Feature","properties":{"HYRIV_ID":20874662,"NEXT_DOWN":20874701,"MAIN_RIV":20878669,"LENGTH_KM":6.2199998,"CATCH_SKM":19.360001,"DIS_AV_CMS":0.003,"ORD_STRA":1,"ORD_FLOW":9},"geometry":{"type":"LineString","coordinates":[[54.20416666666546,23.033333333333154],[54.19791666666538,23.027083333333174],[54.193749999998744,23.027083333333174],[54.18958333333208,23.02291666666651],[54.18541666666542,23.02291666666651],[54.181249999998755,23.018749999999848],[54.17708333333209,23.018749999999848],[54.16874999999877,23.010416666666494],[54.16041666666547,23.010416666666494],[54.156249999998806,23.014583333333157]]}},{"type":"Feature","properties":{"HYRIV_ID":20874663,"NEXT_DOWN":20874818,"MAIN_RIV":20877271,"LENGTH_KM":3.61,"CATCH_SKM":19.16,"DIS_AV_CMS":0.117,"ORD_STRA":3,"ORD_FLOW":7},"geometry":{"type":"LineString","coordinates":[[54.71874999999869,23.035416666666485],[54.727083333332104,23.027083333333174],[54.727083333332104,23.02291666666651],[54.73958333333209,23.010416666666494]]}},{"type":"Feature","properties":{"HYRIV_ID":20874664,"NEXT_DOWN":20873783,"MAIN_RIV":20874339,"LENGTH_KM":27.030001,"CATCH_SKM":80.389999,"DIS_AV_CMS":0.005,"ORD_STRA":2,"ORD_FLOW":9},"geometry":{"type":"LineString","coordinates":[[55.21458333333206,23.010416666666494],[55.210416666665424,23.014583333333157],[55.20624999999876,23.014583333333157],[55.20624999999876,23.018749999999848],[55.197916666665435,23.027083333333174],[55.197916666665435,23.031249999999822],[55.19374999999877,23.035416666666485],[55.189583333332024,23.035416666666485],[55.18541666666539,23.03958333333319],[55.18124999999873,23.035416666666485],[55.18124999999873,23.031249999999822],[55.177083333332064,23.027083333333174],[55.16874999999874,23.027083333333174],[55.15624999999878,23.03958333333319],[55.15624999999878,23.052083333333165],[55.14791666666545,23.060416666666477],[55.13541666666538,23.060416666666477],[55.131249999998744,23.056249999999814],[55.12708333333208,23.056249999999814],[55.12291666666542,23.052083333333165],[55.118749999998755,23.052083333333165],[55.11041666666543,23.060416666666477],[55.10624999999871,23.060416666666477],[55.097916666665384,23.068749999999845],[55.09374999999872,23.068749999999845],[55.085416666665395,23.077083333333157],[55.0770833333321,23.077083333333157],[55.06458333333211,23.089583333333174],[55.0479166666654,23.089583333333174],[55.03124999999875,23.106249999999854]]}},{"type":"Feature","properties":{"HYRIV_ID":20874665,"NEXT_DOWN":20874664,"MAIN_RIV":20874339,"LENGTH_KM":16.91,"CATCH_SKM":64.790001,"DIS_AV_CMS":0.009,"ORD_STRA":1,"ORD_FLOW":9},"geometry":{"type":"LineString","coordinates":[[55.337499999998755,23.037499999999817],[55.32291666666535,23.052083333333165],[55.31458333333205,23.052083333333165],[55.31041666666539,23.047916666666502],[55.30624999999873,23.047916666666502],[55.2979166666654,23.03958333333319],[55.289583333332104,23.03958333333319],[55.28541666666544,23.035416666666485],[55.28124999999878,23.035416666666485],[55.277083333332115,23.03958333333319],[55.27291666666545,23.03958333333319],[55.268749999998704,23.04374999999984],[55.26458333333204,23.04374999999984],[55.26041666666541,23.03958333333319],[55.243749999998755,23.03958333333319],[55.23958333333209,23.035416666666485],[55.23958333333209,23.031249999999822],[55.23541666666537,23.027083333333174],[55.22708333333205,23.027083333333174],[55.222916666665384,23.02291666666651],[55.222916666665384,23.014583333333157],[55.21874999999872,23.010416666666494],[55.21458333333206,23.010416666666494]]}},{"type":"Feature","properties":{"HYRIV_ID":20874666,"NEXT_DOWN":20874620,"MAIN_RIV":20874339,"LENGTH_KM":5.29,"CATCH_SKM":21.34,"DIS_AV_CMS":0.003,"ORD_STRA":1,"ORD_FLOW":9},"geometry":{"type":"LineString","coordinates":[[55.53749999999877,23.014583333333157],[55.53124999999869,23.014583333333157],[55.52708333333203,23.010416666666494],[55.51874999999873,23.018749999999848],[55.506249999998744,23.018749999999848],[55.50208333333208,23.014583333333157],[55.49374999999878,23.014583333333157]]}},{"type":"Feature","properties":{"HYRIV_ID":20874697,"NEXT_DOWN":20874698,"MAIN_RIV":20878669,"LENGTH_KM":1.56,"CATCH_SKM":2.1700001,"DIS_AV_CMS":0.133,"ORD_STRA":4,"ORD_FLOW":7},"geometry":{"type":"LineString","coordinates":[[54.1104166666654,23.018749999999848],[54.1104166666654,23.010416666666494],[54.114583333332064,23.00624999999983]]}},{"type":"Feature","properties":{"HYRIV_ID":20874698,"NEXT_DOWN":20874700,"MAIN_RIV":20878669,"LENGTH_KM":1.71,"CATCH_SKM":4.9400001,"DIS_AV_CMS":0.13500001,"ORD_STRA":4,"ORD_FLOW":7},"geometry":{"type":"LineString","coordinates":[[54.114583333332064,23.00624999999983],[54.13124999999877,23.00624999999983]]}},{"type":"Feature","properties":{"HYRIV_ID":20874699,"NEXT_DOWN":20874700,"MAIN_RIV":20878669,"LENGTH_KM":8.4200001,"CATCH_SKM":29.030001,"DIS_AV_CMS":0.005,"ORD_STRA":1,"ORD_FLOW":9},"geometry":{"type":"LineString","coordinates":[[54.17499999999876,23.060416666666477],[54.16458333333213,23.060416666666477],[54.15208333333206,23.047916666666502],[54.15208333333206,23.031249999999822],[54.13124999999877,23.010416666666494],[54.13124999999877,23.00624999999983]]}},{"type":"Feature","properties":{"HYRIV_ID":20874700,"NEXT_DOWN":20874817,"MAIN_RIV":20878669,"LENGTH_KM":1.71,"CATCH_SKM":2.37,"DIS_AV_CMS":0.14,"ORD_STRA":4,"ORD_FLOW":7},"geometry":{"type":"LineString","coordinates":[[54.13124999999877,23.00624999999983],[54.147916666665395,23.00624999999983]]}},{"type":"Feature","properties":{"HYRIV_ID":20874701,"NEXT_DOWN":20874817,"MAIN_RIV":20878669,"LENGTH_KM":1.26,"CATCH_SKM":1.78,"DIS_AV_CMS":0.006,"ORD_STRA":2,"ORD_FLOW":9},"geometry":{"type":"LineString","coordinates":[[54.156249999998806,23.014583333333157],[54.147916666665395,23.00624999999983]]}},{"type":"Feature","properties":{"HYRIV_ID":20874702,"NEXT_DOWN":20874741,"MAIN_RIV":20874339,"LENGTH_KM":1.3200001,"CATCH_SKM":19.559999,"DIS_AV_CMS":0.003,"ORD_STRA":1,"ORD_FLOW":9},"geometry":{"type":"LineString","coordinates":[[55.40624999999878,23.016666666666517],[55.40624999999878,23.010416666666494],[55.402083333332115,23.00624999999983]]}},{"type":"Feature","properties":{"HYRIV_ID":20874703,"NEXT_DOWN":20874873,"MAIN_RIV":20874339,"LENGTH_KM":1.9,"CATCH_SKM":12.25,"DIS_AV_CMS":0.002,"ORD_STRA":1,"ORD_FLOW":9},"geometry":{"type":"LineString","coordinates":[[55.566666666665384,23.014583333333157],[55.56041666666539,23.014583333333157],[55.552083333332064,23.00624999999983]]}},{"type":"Feature","properties":{"HYRIV_ID":20874704,"NEXT_DOWN":20874778,"MAIN_RIV":20874339,"LENGTH_KM":7.4099998,"CATCH_SKM":18.370001,"DIS_AV_CMS":0.007,"ORD_STRA":2,"ORD_FLOW":9},"geometry":{"type":"LineString","coordinates":[[55.68124999999873,23.014583333333157],[55.67708333333209,23.014583333333157],[55.67291666666543,23.010416666666494],[55.660416666665355,23.010416666666494],[55.65624999999869,23.00624999999983],[55.647916666665395,23.00624999999983],[55.63958333333207,23.014583333333157],[55.62708333333211,23.014583333333157],[55.622916666665446,23.018749999999848],[55.61874999999878,23.018749999999848]]}},{"type":"Feature","properties":{"HYRIV_ID":20874705,"NEXT_DOWN":20874704,"MAIN_RIV":20874339,"LENGTH_KM":1.41,"CATCH_SKM":12.64,"DIS_AV_CMS":0.002,"ORD_STRA":1,"ORD_FLOW":9},"geometry":{"type":"LineString","coordinates":[[55.68749999999872,23.0041666666665],[55.68124999999873,23.010416666666494],[55.68124999999873,23.014583333333157]]}},{"type":"Feature","properties":{"HYRIV_ID":20874739,"NEXT_DOWN":20874618,"MAIN_RIV":20874571,"LENGTH_KM":3.56,"CATCH_SKM":26.48,"DIS_AV_CMS":0.003,"ORD_STRA":1,"ORD_FLOW":9},"geometry":{"type":"LineString","coordinates":[[54.92083333333207,22.99999999999985],[54.927083333332035,23.00624999999983],[54.9312499999987,23.00624999999983],[54.935416666665446,23.010416666666494],[54.9312499999987,23.014583333333157],[54.9312499999987,23.02291666666651]]}},{"type":"Feature","properties":{"HYRIV_ID":20874740,"NEXT_DOWN":20874821,"MAIN_RIV":20874339,"LENGTH_KM":2.11,"CATCH_SKM":2.57,"DIS_AV_CMS":0.001,"ORD_STRA":2,"ORD_FLOW":9},"geometry":{"type":"LineString","coordinates":[[55.3270833333321,23.002083333333182],[55.32291666666535,23.002083333333182],[55.31874999999869,23.00624999999983],[55.31458333333205,23.00624999999983],[55.31041666666539,23.002083333333182]]}},{"type":"Feature","properties":{"HYRIV_ID":20874741,"NEXT_DOWN":20874740,"MAIN_RIV":20874339,"LENGTH_KM":9.9099998,"CATCH_SKM":19.559999,"DIS_AV_CMS":0.008,"ORD_STRA":2,"ORD_FLOW":9},"geometry":{"type":"LineString","coordinates":[[55.402083333332115,23.00624999999983],[55.39791666666537,23.002083333333182],[55.38958333333207,23.002083333333182],[55.38541666666541,23.00624999999983],[55.37708333333208,23.00624999999983],[55.37291666666542,23.010416666666494],[55.368749999998755,23.00624999999983],[55.36458333333212,23.00624999999983],[55.36041666666537,23.010416666666494],[55.35624999999871,23.010416666666494],[55.347916666665384,23.018749999999848],[55.33958333333209,23.010416666666494],[55.335416666665424,23.010416666666494],[55.3270833333321,23.002083333333182]]}},{"type":"Feature","properties":{"HYRIV_ID":20874774,"NEXT_DOWN":20874616,"MAIN_RIV":20878669,"LENGTH_KM":5.33,"CATCH_SKM":28.450001,"DIS_AV_CMS":0.002,"ORD_STRA":1,"ORD_FLOW":9},"geometry":{"type":"LineString","coordinates":[[54.020833333332064,23.002083333333182],[53.997916666665446,23.002083333333182],[53.99374999999878,22.997916666666477],[53.9854166666654,23.00624999999983],[53.989583333332035,23.010416666666494],[53.989583333332035,23.014583333333157]]}},{"type":"Feature","properties":{"HYRIV_ID":20874775,"NEXT_DOWN":20875075,"MAIN_RIV":20878669,"LENGTH_KM":1.41,"CATCH_SKM":11.85,"DIS_AV_CMS":0.002,"ORD_STRA":1,"ORD_FLOW":9},"geometry":{"type":"LineString","coordinates":[[54.19583333333205,23.008333333333162],[54.18958333333208,23.002083333333182],[54.18958333333208,22.997916666666477]]}},{"type":"Feature","properties":{"HYRIV_ID":20874776,"NEXT_DOWN":20875037,"MAIN_RIV":20878669,"LENGTH_KM":5.83,"CATCH_SKM":34.970001,"DIS_AV_CMS":0.006,"ORD_STRA":1,"ORD_FLOW":9},"geometry":{"type":"LineString","coordinates":[[54.41458333333213,23.037499999999817],[54.41458333333213,23.031249999999822],[54.418749999998795,23.027083333333174],[54.42291666666546,23.027083333333174],[54.42708333333212,23.02291666666651],[54.42291666666546,23.018749999999848],[54.42291666666546,23.014583333333157],[54.431249999998755,23.00624999999983],[54.42708333333212,23.002083333333182],[54.42708333333212,22.997916666666477]]}},{"type":"Feature","properties":{"HYRIV_ID":20874777,"NEXT_DOWN":20874619,"MAIN_RIV":20874571,"LENGTH_KM":1.85,"CATCH_SKM":4.1500001,"DIS_AV_CMS":0.0,"ORD_STRA":2,"ORD_FLOW":10},"geometry":{"type":"LineString","coordinates":[[55.014583333332126,22.997916666666477],[55.014583333332126,23.014583333333157]]}},{"type":"Feature","properties":{"HYRIV_ID":20874778,"NEXT_DOWN":20874873,"MAIN_RIV":20874339,"LENGTH_KM":8.6499996,"CATCH_SKM":16.4,"DIS_AV_CMS":1.102,"ORD_STRA":4,"ORD_FLOW":6},"geometry":{"type":"LineString","coordinates":[[55.61874999999878,23.018749999999848],[55.61041666666537,23.010416666666494],[55.60624999999871,23.010416666666494],[55.602083333332075,23.00624999999983],[55.59791666666541,23.010416666666494],[55.581249999998676,23.010416666666494],[55.57708333333204,23.00624999999983],[55.57291666666538,23.00624999999983],[55.568749999998715,23.002083333333182],[55.56458333333205,23.002083333333182],[55.56041666666539,22.997916666666477],[55.552083333332064,23.00624999999983]]}},{"type":"Feature","properties":{"HYRIV_ID":20874817,"NEXT_DOWN":20875075,"MAIN_RIV":20878669,"LENGTH_KM":5.08,"CATCH_SKM":8.5,"DIS_AV_CMS":0.045,"ORD_STRA":4,"ORD_FLOW":8},"geometry":{"type":"LineString","coordinates":[[54.147916666665395,23.00624999999983],[54.156249999998806,22.997916666666477],[54.16041666666547,22.997916666666477],[54.16458333333213,22.993749999999814],[54.16874999999877,22.997916666666477],[54.18958333333208,22.997916666666477]]}},{"type":"Feature","properties":{"HYRIV_ID":20874818,"NEXT_DOWN":20875077,"MAIN_RIV":20877271,"LENGTH_KM":3.37,"CATCH_SKM":18.57,"DIS_AV_CMS":0.111,"ORD_STRA":3,"ORD_FLOW":7},"geometry":{"type":"LineString","coordinates":[[54.73958333333209,23.010416666666494],[54.74374999999873,23.010416666666494],[54.74791666666539,23.00624999999983],[54.75208333333205,23.00624999999983],[54.764583333332126,22.993749999999814]]}},{"type":"Feature","properties":{"HYRIV_ID":20874819,"NEXT_DOWN":20874571,"MAIN_RIV":20874571,"LENGTH_KM":20.16,"CATCH_SKM":65.989998,"DIS_AV_CMS":0.0,"ORD_STRA":3,"ORD_FLOW":10},"geometry":{"type":"LineString","coordinates":[[55.18541666666539,22.993749999999814],[55.18124999999873,22.993749999999814],[55.177083333332064,22.997916666666477],[55.1729166666654,22.997916666666477],[55.16874999999874,23.002083333333182],[55.16874999999874,23.00624999999983],[55.16041666666541,23.014583333333157],[55.152083333332115,23.014583333333157],[55.14791666666545,23.010416666666494],[55.14374999999879,23.014583333333157],[55.131249999998744,23.014583333333157],[55.12708333333208,23.010416666666494],[55.118749999998755,23.010416666666494],[55.11458333333209,23.014583333333157],[55.097916666665384,23.014583333333157],[55.09374999999872,23.018749999999848],[55.08124999999876,23.018749999999848],[55.0770833333321,23.014583333333157],[55.072916666665435,23.014583333333157],[55.06874999999877,23.018749999999848],[55.06041666666536,23.018749999999848],[55.0562499999987,23.014583333333157],[55.027083333332115,23.014583333333157],[55.02291666666545,23.018749999999848],[55.01874999999879,23.018749999999848]]}},{"type":"Feature","properties":{"HYRIV_ID":20874820,"NEXT_DOWN":20874664,"MAIN_RIV":20874339,"LENGTH_KM":3.21,"CATCH_SKM":4.7399998,"DIS_AV_CMS":0.0,"ORD_STRA":2,"ORD_FLOW":10},"geometry":{"type":"LineString","coordinates":[[55.23541666666537,22.993749999999814],[55.23124999999871,22.993749999999814],[55.22708333333205,22.997916666666477],[55.22708333333205,23.002083333333182],[55.222916666665384,23.00624999999983],[55.21874999999872,23.00624999999983],[55.21458333333206,23.010416666666494]]}},{"type":"Feature","properties":{"HYRIV_ID":20874821,"NEXT_DOWN":20874820,"MAIN_RIV":20874339,"LENGTH_KM":9.5600004,"CATCH_SKM":18.379999,"DIS_AV_CMS":0.0,"ORD_STRA":2,"ORD_FLOW":10},"geometry":{"type":"LineString","coordinates":[[55.31041666666539,23.002083333333182],[55.30624999999873,23.002083333333182],[55.2979166666654,23.010416666666494],[55.26041666666541,23.010416666666494],[55.256249999998744,23.014583333333157],[55.243749999998755,23.002083333333182],[55.23958333333209,23.002083333333182],[55.23541666666537,22.997916666666477],[55.23541666666537,22.993749999999814]]}},{"type":"Feature","properties":{"HYRIV_ID":20874822,"NEXT_DOWN":20874821,"MAIN_RIV":20874339,"LENGTH_KM":1.73,"CATCH_SKM":13.83,"DIS_AV_CMS":0.001,"ORD_STRA":1,"ORD_FLOW":9},"geometry":{"type":"LineString","coordinates":[[55.32083333333202,22.993749999999814],[55.31458333333205,22.993749999999814],[55.31041666666539,22.997916666666477],[55.31041666666539,23.002083333333182]]}},{"type":"Feature","properties":{"HYRIV_ID":20874823,"NEXT_DOWN":20874741,"MAIN_RIV":20874339,"LENGTH_KM":3.1700001,"CATCH_SKM":8.1,"DIS_AV_CMS":0.003,"ORD_STRA":2,"ORD_FLOW":9},"geometry":{"type":"LineString","coordinates":[[55.427083333332064,22.993749999999814],[55.41874999999877,23.002083333333182],[55.414583333332104,23.002083333333182],[55.41041666666544,23.00624999999983],[55.402083333332115,23.00624999999983]]}},{"type":"Feature","properties":{"HYRIV_ID":20874824,"NEXT_DOWN":20874823,"MAIN_RIV":20874339,"LENGTH_KM":1.5700001,"CATCH_SKM":11.86,"DIS_AV_CMS":0.002,"ORD_STRA":1,"ORD_FLOW":9},"geometry":{"type":"LineString","coordinates":[[55.43749999999872,23.0041666666665],[55.427083333332064,22.993749999999814]]}},{"type":"Feature","properties":{"HYRIV_ID":20874870,"NEXT_DOWN":20874698,"MAIN_RIV":20878669,"LENGTH_KM":4.1100001,"CATCH_SKM":20.950001,"DIS_AV_CMS":0.001,"ORD_STRA":1,"ORD_FLOW":9},"geometry":{"type":"LineString","coordinates":[[54.08333333333212,22.987499999999834],[54.09791666666541,23.002083333333182],[54.1104166666654,23.002083333333182],[54.114583333332064,23.00624999999983]]}},{"type":"Feature","properties":{"HYRIV_ID":20874871,"NEXT_DOWN":20874818,"MAIN_RIV":20877271,"LENGTH_KM":4.64,"CATCH_SKM":18.57,"DIS_AV_CMS":0.002,"ORD_STRA":1,"ORD_FLOW":9},"geometry":{"type":"LineString","coordinates":[[54.7041666666654,22.989583333333165],[54.71458333333206,22.989583333333165],[54.722916666665355,22.997916666666477],[54.727083333332104,22.997916666666477],[54.73958333333209,23.010416666666494]]}},{"type":"Feature","properties":{"HYRIV_ID":20874872,"NEXT_DOWN":20874823,"MAIN_RIV":20874339,"LENGTH_KM":1.5700001,"CATCH_SKM":11.86,"DIS_AV_CMS":0.001,"ORD_STRA":1,"ORD_FLOW":9},"geometry":{"type":"LineString","coordinates":[[55.43749999999872,22.995833333333145],[55.43124999999873,22.989583333333165],[55.427083333332064,22.993749999999814]]}},{"type":"Feature","properties":{"HYRIV_ID":20874873,"NEXT_DOWN":20874620,"MAIN_RIV":20874339,"LENGTH_KM":8.5200005,"CATCH_SKM":25.49,"DIS_AV_CMS":1.015,"ORD_STRA":4,"ORD_FLOW":6},"geometry":{"type":"LineString","coordinates":[[55.552083333332064,23.00624999999983],[55.54791666666543,23.00624999999983],[55.54374999999877,23.002083333333182],[55.539583333332104,23.002083333333182],[55.53541666666544,22.997916666666477],[55.53541666666544,22.993749999999814],[55.53124999999869,22.989583333333165],[55.51874999999873,22.989583333333165],[55.506249999998744,23.002083333333182],[55.50208333333208,23.002083333333182],[55.497916666665446,23.00624999999983],[55.497916666665446,23.010416666666494],[55.49374999999878,23.014583333333157]]}},{"type":"Feature","properties":{"HYRIV_ID":20874955,"NEXT_DOWN":20875240,"MAIN_RIV":20877271,"LENGTH_KM":14.93,"CATCH_SKM":81.989998,"DIS_AV_CMS":0.045,"ORD_STRA":3,"ORD_FLOW":8},"geometry":{"type":"LineString","coordinates":[[54.4854166666654,23.056249999999814],[54.4854166666654,23.047916666666502],[54.489583333332064,23.04374999999984],[54.489583333332064,23.03958333333319],[54.49374999999873,23.035416666666485],[54.49374999999873,23.031249999999822],[54.5062499999988,23.018749999999848],[54.510416666665435,23.02291666666651],[54.53124999999875,23.02291666666651],[54.535416666665384,23.018749999999848],[54.54791666666546,23.018749999999848],[54.55208333333212,23.014583333333157],[54.55208333333212,23.010416666666494],[54.55624999999878,23.00624999999983],[54.55624999999878,23.002083333333182],[54.56041666666542,22.997916666666477],[54.56041666666542,22.993749999999814],[54.56458333333208,22.989583333333165],[54.568749999998744,22.989583333333165],[54.568749999998744,22.98124999999984]]}},{"type":"Feature","properties":{"HYRIV_ID":20874956,"NEXT_DOWN":20874820,"MAIN_RIV":20874339,"LENGTH_KM":6.4299998,"CATCH_SKM":26.280001,"DIS_AV_CMS":0.001,"ORD_STRA":1,"ORD_FLOW":9},"geometry":{"type":"LineString","coordinates":[[55.28333333333211,22.99999999999985],[55.268749999998704,22.985416666666502],[55.26041666666541,22.985416666666502],[55.256249999998744,22.98124999999984],[55.25208333333208,22.985416666666502],[55.24791666666542,22.985416666666502],[55.23958333333209,22.993749999999814],[55.23541666666537,22.993749999999814]]}},{"type":"Feature","properties":{"HYRIV_ID":20874999,"NEXT_DOWN":20875240,"MAIN_RIV":20877271,"LENGTH_KM":4.0700002,"CATCH_SKM":19.370001,"DIS_AV_CMS":0.002,"ORD_STRA":1,"ORD_FLOW":9},"geometry":{"type":"LineString","coordinates":[[54.537499999998715,22.97708333333319],[54.543749999998795,22.97708333333319],[54.54791666666546,22.98124999999984],[54.55208333333212,22.98124999999984],[54.55624999999878,22.97708333333319],[54.568749999998744,22.97708333333319],[54.568749999998744,22.98124999999984]]}},{"type":"Feature","properties":{"HYRIV_ID":20875000,"NEXT_DOWN":20874819,"MAIN_RIV":20874571,"LENGTH_KM":2.99,"CATCH_SKM":17.0,"DIS_AV_CMS":0.001,"ORD_STRA":1,"ORD_FLOW":9},"geometry":{"type":"LineString","coordinates":[[55.18749999999869,22.97708333333319],[55.18124999999873,22.97708333333319],[55.177083333332064,22.98124999999984],[55.18541666666539,22.989583333333165],[55.18541666666539,22.993749999999814]]}},{"type":"Feature","properties":{"HYRIV_ID":20875037,"NEXT_DOWN":20875616,"MAIN_RIV":20878669,"LENGTH_KM":6.1,"CATCH_SKM":20.75,"DIS_AV_CMS":0.0,"ORD_STRA":2,"ORD_FLOW":10},"geometry":{"type":"LineString","coordinates":[[54.42708333333212,22.997916666666477],[54.43958333333208,22.997916666666477],[54.443749999998744,22.993749999999814],[54.443749999998744,22.985416666666502],[54.46041666666537,22.985416666666502],[54.464583333332115,22.98124999999984],[54.464583333332115,22.972916666666485]]}},{"type":"Feature","properties":{"HYRIV_ID":20875038,"NEXT_DOWN":20875153,"MAIN_RIV":20877271,"LENGTH_KM":1.3200001,"CATCH_SKM":11.66,"DIS_AV_CMS":0.001,"ORD_STRA":1,"ORD_FLOW":9},"geometry":{"type":"LineString","coordinates":[[54.61041666666543,22.98333333333317],[54.61041666666543,22.97708333333319],[54.614583333332064,22.972916666666485]]}},{"type":"Feature","properties":{"HYRIV_ID":20875039,"NEXT_DOWN":20875153,"MAIN_RIV":20877271,"LENGTH_KM":10.24,"CATCH_SKM":38.720001,"DIS_AV_CMS":0.004,"ORD_STRA":1,"ORD_FLOW":9},"geometry":{"type":"LineString","coordinates":[[54.616666666665395,23.03958333333319],[54.62291666666539,23.03958333333319],[54.62708333333205,23.035416666666485],[54.62708333333205,23.031249999999822],[54.6312499999988,23.027083333333174],[54.6312499999988,23.02291666666651],[54.63541666666546,23.018749999999848],[54.63541666666546,23.010416666666494],[54.6312499999988,23.00624999999983],[54.6312499999988,22.997916666666477],[54.63541666666546,22.993749999999814],[54.62708333333205,22.985416666666502],[54.62291666666539,22.985416666666502],[54.61874999999873,22.98124999999984],[54.61874999999873,22.972916666666485],[54.614583333332064,22.972916666666485]]}},{"type":"Feature","properties":{"HYRIV_ID":20875040,"NEXT_DOWN":20875077,"MAIN_RIV":20877271,"LENGTH_KM":4.3200002,"CATCH_SKM":27.67,"DIS_AV_CMS":0.002,"ORD_STRA":1,"ORD_FLOW":9},"geometry":{"type":"LineString","coordinates":[[54.7333333333321,22.970833333333154],[54.74374999999873,22.98124999999984],[54.74791666666539,22.98124999999984],[54.75208333333205,22.985416666666502],[54.756249999998715,22.985416666666502],[54.764583333332126,22.993749999999814]]}},{"type":"Feature","properties":{"HYRIV_ID":20875075,"NEXT_DOWN":20875108,"MAIN_RIV":20878669,"LENGTH_KM":4.2399998,"CATCH_SKM":8.7,"DIS_AV_CMS":0.0,"ORD_STRA":4,"ORD_FLOW":10},"geometry":{"type":"LineString","coordinates":[[54.18958333333208,22.997916666666477],[54.193749999998744,22.993749999999814],[54.193749999998744,22.989583333333165],[54.17291666666543,22.968749999999822]]}},{"type":"Feature","properties":{"HYRIV_ID":20875076,"NEXT_DOWN":20875616,"MAIN_RIV":20878669,"LENGTH_KM":3.3800001,"CATCH_SKM":26.290001,"DIS_AV_CMS":0.001,"ORD_STRA":1,"ORD_FLOW":9},"geometry":{"type":"LineString","coordinates":[[54.43749999999875,22.968749999999822],[54.443749999998744,22.968749999999822],[54.44791666666541,22.972916666666485],[54.45208333333207,22.968749999999822],[54.456249999998704,22.968749999999822],[54.46041666666537,22.972916666666485],[54.464583333332115,22.972916666666485]]}},{"type":"Feature","properties":{"HYRIV_ID":20875077,"NEXT_DOWN":20875188,"MAIN_RIV":20877271,"LENGTH_KM":8.04,"CATCH_SKM":61.650002,"DIS_AV_CMS":0.0,"ORD_STRA":3,"ORD_FLOW":10},"geometry":{"type":"LineString","coordinates":[[54.764583333332126,22.993749999999814],[54.76874999999876,22.989583333333165],[54.772916666665424,22.989583333333165],[54.77708333333209,22.985416666666502],[54.78124999999875,22.985416666666502],[54.78541666666541,22.98124999999984],[54.81874999999877,22.98124999999984],[54.83124999999873,22.968749999999822]]}},{"type":"Feature","properties":{"HYRIV_ID":20875108,"NEXT_DOWN":20875186,"MAIN_RIV":20878669,"LENGTH_KM":0.63,"CATCH_SKM":0.59,"DIS_AV_CMS":0.0,"ORD_STRA":4,"ORD_FLOW":10},"geometry":{"type":"LineString","coordinates":[[54.17291666666543,22.968749999999822],[54.17708333333209,22.96458333333316]]}},{"type":"Feature","properties":{"HYRIV_ID":20875109,"NEXT_DOWN":20875037,"MAIN_RIV":20878669,"LENGTH_KM":18.49,"CATCH_SKM":65.400002,"DIS_AV_CMS":0.0,"ORD_STRA":2,"ORD_FLOW":10},"geometry":{"type":"LineString","coordinates":[[54.331249999998704,23.027083333333174],[54.34374999999878,23.027083333333174],[54.34791666666544,23.02291666666651],[54.34791666666544,23.018749999999848],[54.35624999999874,23.010416666666494],[54.36458333333215,23.010416666666494],[54.36874999999873,23.014583333333157],[54.385416666665435,22.997916666666477],[54.37708333333211,22.989583333333165],[54.37708333333211,22.985416666666502],[54.37291666666539,22.98124999999984],[54.38124999999877,22.972916666666485],[54.38124999999877,22.968749999999822],[54.385416666665435,22.96458333333316],[54.3895833333321,22.968749999999822],[54.3895833333321,22.972916666666485],[54.41041666666547,22.993749999999814],[54.42291666666546,22.993749999999814],[54.42708333333212,22.997916666666477]]}},{"type":"Feature","properties":{"HYRIV_ID":20875110,"NEXT_DOWN":20874777,"MAIN_RIV":20874571,"LENGTH_KM":7.64,"CATCH_SKM":34.189999,"DIS_AV_CMS":0.001,"ORD_STRA":1,"ORD_FLOW":9},"geometry":{"type":"LineString","coordinates":[[55.037499999998744,22.96458333333316],[55.03124999999875,22.96458333333316],[55.027083333332115,22.968749999999822],[55.02291666666545,22.968749999999822],[55.01874999999879,22.972916666666485],[55.014583333332126,22.972916666666485],[55.01041666666538,22.97708333333319],[55.006249999998715,22.97708333333319],[54.99791666666542,22.985416666666502],[54.99791666666542,22.989583333333165],[55.00208333333208,22.993749999999814],[55.006249999998715,22.993749999999814],[55.01041666666538,22.997916666666477],[55.014583333332126,22.997916666666477]]}},{"type":"Feature","properties":{"HYRIV_ID":20875150,"NEXT_DOWN":20875108,"MAIN_RIV":20878669,"LENGTH_KM":21.700001,"CATCH_SKM":58.700001,"DIS_AV_CMS":0.0,"ORD_STRA":1,"ORD_FLOW":10},"geometry":{"type":"LineString","coordinates":[[53.98333333333207,22.96041666666651],[54.03541666666547,22.96041666666651],[54.04374999999877,22.968749999999822],[54.08541666666545,22.968749999999822],[54.089583333332115,22.972916666666485],[54.09791666666541,22.972916666666485],[54.102083333332075,22.97708333333319],[54.12708333333211,22.97708333333319],[54.135416666665435,22.985416666666502],[54.147916666665395,22.985416666666502],[54.15208333333206,22.98124999999984],[54.16458333333213,22.98124999999984],[54.17291666666543,22.972916666666485],[54.17291666666543,22.968749999999822]]}},{"type":"Feature","properties":{"HYRIV_ID":20875151,"NEXT_DOWN":20875329,"MAIN_RIV":20878669,"LENGTH_KM":3.76,"CATCH_SKM":22.33,"DIS_AV_CMS":0.001,"ORD_STRA":1,"ORD_FLOW":9},"geometry":{"type":"LineString","coordinates":[[54.25416666666544,22.987499999999834],[54.24791666666536,22.98124999999984],[54.24791666666536,22.97708333333319],[54.239583333332064,22.968749999999822],[54.24374999999873,22.96458333333316],[54.24374999999873,22.96041666666651]]}},{"type":"Feature","properties":{"HYRIV_ID":20875152,"NEXT_DOWN":20875329,"MAIN_RIV":20878669,"LENGTH_KM":1.5700001,"CATCH_SKM":12.25,"DIS_AV_CMS":0.001,"ORD_STRA":1,"ORD_FLOW":9},"geometry":{"type":"LineString","coordinates":[[54.25416666666544,22.970833333333154],[54.24374999999873,22.96041666666651]]}},{"type":"Feature","properties":{"HYRIV_ID":20875153,"NEXT_DOWN":20875452,"MAIN_RIV":20877271,"LENGTH_KM":1.72,"CATCH_SKM":2.37,"DIS_AV_CMS":0.005,"ORD_STRA":2,"ORD_FLOW":9},"geometry":{"type":"LineString","coordinates":[[54.614583333332064,22.972916666666485],[54.61041666666543,22.968749999999822],[54.61041666666543,22.96458333333316],[54.60624999999877,22.96041666666651]]}},{"type":"Feature","properties":{"HYRIV_ID":20875154,"NEXT_DOWN":20874740,"MAIN_RIV":20874339,"LENGTH_KM":20.52,"CATCH_SKM":73.919998,"DIS_AV_CMS":0.0,"ORD_STRA":1,"ORD_FLOW":10},"geometry":{"type":"LineString","coordinates":[[55.47916666666538,22.970833333333154],[55.472916666665384,22.96458333333316],[55.46874999999875,22.96458333333316],[55.46458333333209,22.968749999999822],[55.460416666665424,22.968749999999822],[55.45624999999876,22.96458333333316],[55.45208333333201,22.968749999999822],[55.43124999999873,22.968749999999822],[55.427083333332064,22.96458333333316],[55.4229166666654,22.96458333333316],[55.41874999999877,22.96041666666651],[55.414583333332104,22.96041666666651],[55.41041666666544,22.96458333333316],[55.39791666666537,22.96458333333316],[55.39374999999873,22.968749999999822],[55.38958333333207,22.96458333333316],[55.38541666666541,22.968749999999822],[55.38541666666541,22.98124999999984],[55.381249999998744,22.985416666666502],[55.37708333333208,22.985416666666502],[55.37291666666542,22.989583333333165],[55.368749999998755,22.989583333333165],[55.36458333333212,22.985416666666502],[55.36041666666537,22.985416666666502],[55.35624999999871,22.989583333333165],[55.34374999999872,22.989583333333165],[55.33124999999876,23.002083333333182],[55.3270833333321,23.002083333333182]]}},{"type":"Feature","properties":{"HYRIV_ID":20875155,"NEXT_DOWN":20875411,"MAIN_RIV":20874571,"LENGTH_KM":26.24,"CATCH_SKM":70.93,"DIS_AV_CMS":0.097,"ORD_STRA":2,"ORD_FLOW":8},"geometry":{"type":"LineString","coordinates":[[55.8604166666654,23.03958333333319],[55.852083333332075,23.03958333333319],[55.84374999999875,23.031249999999822],[55.839583333332,23.031249999999822],[55.83541666666537,23.027083333333174],[55.831249999998704,23.027083333333174],[55.82708333333204,23.02291666666651],[55.81041666666542,23.02291666666651],[55.80208333333209,23.031249999999822],[55.79374999999877,23.031249999999822],[55.78958333333202,23.027083333333174],[55.78958333333202,23.02291666666651],[55.785416666665384,23.018749999999848],[55.78124999999872,23.018749999999848],[55.76874999999873,23.00624999999983],[55.76458333333207,23.00624999999983],[55.75208333333211,22.993749999999814],[55.727083333332075,22.993749999999814],[55.72291666666541,22.989583333333165],[55.71874999999875,22.989583333333165],[55.706249999998704,22.97708333333319],[55.70208333333204,22.97708333333319],[55.69791666666538,22.98124999999984],[55.693749999998715,22.97708333333319],[55.68124999999873,22.97708333333319],[55.67291666666543,22.968749999999822],[55.664583333332104,22.968749999999822],[55.65624999999869,22.96041666666651]]}},{"type":"Feature","properties":{"HYRIV_ID":20875186,"NEXT_DOWN":20875293,"MAIN_RIV":20878669,"LENGTH_KM":1.6900001,"CATCH_SKM":2.1700001,"DIS_AV_CMS":0.0,"ORD_STRA":4,"ORD_FLOW":10},"geometry":{"type":"LineString","coordinates":[[54.17708333333209,22.96458333333316],[54.181249999998755,22.96458333333316],[54.18958333333208,22.956249999999848]]}},{"type":"Feature","properties":{"HYRIV_ID":20875187,"NEXT_DOWN":20875293,"MAIN_RIV":20878669,"LENGTH_KM":4.9499998,"CATCH_SKM":21.139999,"DIS_AV_CMS":0.001,"ORD_STRA":1,"ORD_FLOW":9},"geometry":{"type":"LineString","coordinates":[[54.224999999998744,22.98333333333317],[54.21874999999878,22.97708333333319],[54.214583333332115,22.97708333333319],[54.19791666666538,22.96041666666651],[54.193749999998744,22.96041666666651],[54.18958333333208,22.956249999999848]]}},{"type":"Feature","properties":{"HYRIV_ID":20875188,"NEXT_DOWN":20875364,"MAIN_RIV":20877271,"LENGTH_KM":2.74,"CATCH_SKM":9.8800001,"DIS_AV_CMS":0.0,"ORD_STRA":3,"ORD_FLOW":10},"geometry":{"type":"LineString","coordinates":[[54.83124999999873,22.968749999999822],[54.83958333333206,22.96041666666651],[54.84374999999872,22.96041666666651],[54.847916666665355,22.956249999999848],[54.85208333333202,22.956249999999848]]}},{"type":"Feature","properties":{"HYRIV_ID":20875189,"NEXT_DOWN":20875364,"MAIN_RIV":20877271,"LENGTH_KM":3.26,"CATCH_SKM":17.0,"DIS_AV_CMS":0.002,"ORD_STRA":1,"ORD_FLOW":9},"geometry":{"type":"LineString","coordinates":[[54.87499999999872,22.962499999999842],[54.868749999998755,22.968749999999822],[54.85624999999877,22.956249999999848],[54.85208333333202,22.956249999999848]]}},{"type":"Feature","properties":{"HYRIV_ID":20875190,"NEXT_DOWN":20875411,"MAIN_RIV":20874571,"LENGTH_KM":16.5,"CATCH_SKM":40.119999,"DIS_AV_CMS":0.007,"ORD_STRA":1,"ORD_FLOW":9},"geometry":{"type":"LineString","coordinates":[[55.79166666666535,22.997916666666477],[55.77708333333206,22.997916666666477],[55.76458333333207,22.985416666666502],[55.76041666666541,22.985416666666502],[55.75624999999877,22.98124999999984],[55.73541666666537,22.98124999999984],[55.73124999999874,22.97708333333319],[55.727083333332075,22.97708333333319],[55.71874999999875,22.968749999999822],[55.71458333333209,22.968749999999822],[55.71041666666534,22.96458333333316],[55.69791666666538,22.96458333333316],[55.693749999998715,22.96041666666651],[55.68958333333205,22.96458333333316],[55.68541666666539,22.96041666666651],[55.67291666666543,22.96041666666651],[55.66874999999877,22.956249999999848],[55.660416666665355,22.956249999999848],[55.65624999999869,22.96041666666651]]}},{"type":"Feature","properties":{"HYRIV_ID":20875239,"NEXT_DOWN":20875186,"MAIN_RIV":20878669,"LENGTH_KM":5.73,"CATCH_SKM":12.45,"DIS_AV_CMS":0.0,"ORD_STRA":2,"ORD_FLOW":10},"geometry":{"type":"LineString","coordinates":[[54.12708333333211,22.952083333333185],[54.135416666665435,22.952083333333185],[54.14374999999873,22.96041666666651],[54.16874999999877,22.96041666666651],[54.17291666666543,22.96458333333316],[54.17708333333209,22.96458333333316]]}},{"type":"Feature","properties":{"HYRIV_ID":20875240,"NEXT_DOWN":20875452,"MAIN_RIV":20877271,"LENGTH_KM":7.12,"CATCH_SKM":23.32,"DIS_AV_CMS":0.01,"ORD_STRA":3,"ORD_FLOW":8},"geometry":{"type":"LineString","coordinates":[[54.568749999998744,22.98124999999984],[54.57708333333207,22.972916666666485],[54.57708333333207,22.956249999999848],[54.58124999999873,22.952083333333185],[54.585416666665395,22.956249999999848],[54.59374999999878,22.956249999999848],[54.59791666666544,22.952083333333185],[54.60624999999877,22.96041666666651]]}},{"type":"Feature","properties":{"HYRIV_ID":20875241,"NEXT_DOWN":20875188,"MAIN_RIV":20877271,"LENGTH_KM":3.25,"CATCH_SKM":18.780001,"DIS_AV_CMS":0.002,"ORD_STRA":1,"ORD_FLOW":9},"geometry":{"type":"LineString","coordinates":[[54.81249999999878,22.952083333333185],[54.82291666666541,22.952083333333185],[54.82708333333207,22.956249999999848],[54.82708333333207,22.96458333333316],[54.83124999999873,22.968749999999822]]}},{"type":"Feature","properties":{"HYRIV_ID":20875242,"NEXT_DOWN":20874819,"MAIN_RIV":20874571,"LENGTH_KM":11.82,"CATCH_SKM":31.030001,"DIS_AV_CMS":0.0,"ORD_STRA":3,"ORD_FLOW":10},"geometry":{"type":"LineString","coordinates":[[55.277083333332115,22.952083333333185],[55.27291666666545,22.956249999999848],[55.26041666666541,22.956249999999848],[55.256249999998744,22.952083333333185],[55.25208333333208,22.952083333333185],[55.24791666666542,22.956249999999848],[55.243749999998755,22.956249999999848],[55.23124999999871,22.968749999999822],[55.22708333333205,22.968749999999822],[55.2020833333321,22.993749999999814],[55.18541666666539,22.993749999999814]]}},{"type":"Feature","properties":{"HYRIV_ID":20875243,"NEXT_DOWN":20875242,"MAIN_RIV":20874571,"LENGTH_KM":2.96,"CATCH_SKM":15.42,"DIS_AV_CMS":0.001,"ORD_STRA":1,"ORD_FLOW":9},"geometry":{"type":"LineString","coordinates":[[55.29999999999873,22.956249999999848],[55.29374999999874,22.956249999999848],[55.289583333332104,22.96041666666651],[55.28124999999878,22.952083333333185],[55.277083333332115,22.952083333333185]]}},{"type":"Feature","properties":{"HYRIV_ID":20875293,"NEXT_DOWN":20875542,"MAIN_RIV":20878669,"LENGTH_KM":0.93,"CATCH_SKM":1.78,"DIS_AV_CMS":0.0,"ORD_STRA":4,"ORD_FLOW":10},"geometry":{"type":"LineString","coordinates":[[54.18958333333208,22.956249999999848],[54.18958333333208,22.947916666666494]]}},{"type":"Feature","properties":{"HYRIV_ID":20875329,"NEXT_DOWN":20875542,"MAIN_RIV":20878669,"LENGTH_KM":6.56,"CATCH_SKM":13.44,"DIS_AV_CMS":0.0,"ORD_STRA":2,"ORD_FLOW":10},"geometry":{"type":"LineString","coordinates":[[54.24374999999873,22.96041666666651],[54.2354166666654,22.96041666666651],[54.22291666666541,22.947916666666494],[54.20624999999879,22.947916666666494],[54.202083333332126,22.94374999999983],[54.193749999998744,22.94374999999983],[54.18958333333208,22.947916666666494]]}},{"type":"Feature","properties":{"HYRIV_ID":20875363,"NEXT_DOWN":20875239,"MAIN_RIV":20878669,"LENGTH_KM":8.29,"CATCH_SKM":18.98,"DIS_AV_CMS":0.0,"ORD_STRA":2,"ORD_FLOW":10},"geometry":{"type":"LineString","coordinates":[[54.05208333333209,22.939583333333168],[54.06041666666542,22.939583333333168],[54.06458333333205,22.94374999999983],[54.08124999999879,22.94374999999983],[54.089583333332115,22.952083333333185],[54.12708333333211,22.952083333333185]]}},{"type":"Feature","properties":{"HYRIV_ID":20875364,"NEXT_DOWN":20875502,"MAIN_RIV":20877271,"LENGTH_KM":2.35,"CATCH_SKM":7.5100002,"DIS_AV_CMS":0.0,"ORD_STRA":3,"ORD_FLOW":10},"geometry":{"type":"LineString","coordinates":[[54.85208333333202,22.956249999999848],[54.86458333333209,22.94374999999983],[54.86458333333209,22.939583333333168]]}},{"type":"Feature","properties":{"HYRIV_ID":20875365,"NEXT_DOWN":20875502,"MAIN_RIV":20877271,"LENGTH_KM":3.81,"CATCH_SKM":16.41,"DIS_AV_CMS":0.001,"ORD_STRA":1,"ORD_FLOW":9},"geometry":{"type":"LineString","coordinates":[[54.89583333333212,22.952083333333185],[54.88541666666538,22.952083333333185],[54.881249999998715,22.947916666666494],[54.87708333333205,22.947916666666494],[54.868749999998755,22.939583333333168],[54.86458333333209,22.939583333333168]]}},{"type":"Feature","properties":{"HYRIV_ID":20875366,"NEXT_DOWN":20875808,"MAIN_RIV":20874571,"LENGTH_KM":8.75,"CATCH_SKM":29.049999,"DIS_AV_CMS":0.004,"ORD_STRA":1,"ORD_FLOW":9},"geometry":{"type":"LineString","coordinates":[[55.6416666666654,22.98333333333317],[55.63541666666541,22.97708333333319],[55.631249999998744,22.97708333333319],[55.62708333333211,22.972916666666485],[55.622916666665446,22.972916666666485],[55.61874999999878,22.968749999999822],[55.614583333332035,22.968749999999822],[55.60624999999871,22.96041666666651],[55.602083333332075,22.96041666666651],[55.58958333333209,22.947916666666494],[55.585416666665424,22.947916666666494],[55.57708333333204,22.939583333333168]]}},{"type":"Feature","properties":{"HYRIV_ID":20875411,"NEXT_DOWN":20875808,"MAIN_RIV":20874571,"LENGTH_KM":10.79,"CATCH_SKM":20.360001,"DIS_AV_CMS":0.102,"ORD_STRA":2,"ORD_FLOW":7},"geometry":{"type":"LineString","coordinates":[[55.65624999999869,22.96041666666651],[55.63958333333207,22.96041666666651],[55.63541666666541,22.956249999999848],[55.63958333333207,22.952083333333185],[55.63541666666541,22.947916666666494],[55.631249999998744,22.947916666666494],[55.62708333333211,22.94374999999983],[55.622916666665446,22.94374999999983],[55.61874999999878,22.947916666666494],[55.614583333332035,22.94374999999983],[55.61041666666537,22.94374999999983],[55.60624999999871,22.939583333333168],[55.59374999999875,22.939583333333168],[55.58958333333209,22.93541666666652],[55.581249999998676,22.93541666666652],[55.57708333333204,22.939583333333168]]}},{"type":"Feature","properties":{"HYRIV_ID":20875451,"NEXT_DOWN":20875239,"MAIN_RIV":20878669,"LENGTH_KM":3.3,"CATCH_SKM":18.58,"DIS_AV_CMS":0.0,"ORD_STRA":1,"ORD_FLOW":10},"geometry":{"type":"LineString","coordinates":[[54.10833333333207,22.929166666666482],[54.12708333333211,22.947916666666494],[54.12708333333211,22.952083333333185]]}},{"type":"Feature","properties":{"HYRIV_ID":20875452,"NEXT_DOWN":20875453,"MAIN_RIV":20877271,"LENGTH_KM":10.18,"CATCH_SKM":29.450001,"DIS_AV_CMS":0.0,"ORD_STRA":3,"ORD_FLOW":10},"geometry":{"type":"LineString","coordinates":[[54.60624999999877,22.96041666666651],[54.61041666666543,22.956249999999848],[54.61041666666543,22.952083333333185],[54.62708333333205,22.93541666666652],[54.6312499999988,22.939583333333168],[54.64374999999876,22.939583333333168],[54.647916666665424,22.94374999999983],[54.66458333333205,22.94374999999983],[54.668749999998795,22.939583333333168],[54.67291666666546,22.939583333333168],[54.68124999999878,22.931249999999814]]}},{"type":"Feature","properties":{"HYRIV_ID":20875453,"NEXT_DOWN":20875653,"MAIN_RIV":20877271,"LENGTH_KM":0.43,"CATCH_SKM":0.79,"DIS_AV_CMS":0.0,"ORD_STRA":3,"ORD_FLOW":10},"geometry":{"type":"LineString","coordinates":[[54.68124999999878,22.931249999999814],[54.685416666665446,22.931249999999814]]}},{"type":"Feature","properties":{"HYRIV_ID":20875454,"NEXT_DOWN":20875653,"MAIN_RIV":20877271,"LENGTH_KM":5.6300001,"CATCH_SKM":22.73,"DIS_AV_CMS":0.002,"ORD_STRA":1,"ORD_FLOW":9},"geometry":{"type":"LineString","coordinates":[[54.662499999998744,22.96666666666649],[54.668749999998795,22.96041666666651],[54.68124999999878,22.96041666666651],[54.685416666665446,22.956249999999848],[54.685416666665446,22.931249999999814]]}},{"type":"Feature","properties":{"HYRIV_ID":20875455,"NEXT_DOWN":20875768,"MAIN_RIV":20877271,"LENGTH_KM":4.98,"CATCH_SKM":25.5,"DIS_AV_CMS":0.002,"ORD_STRA":1,"ORD_FLOW":9},"geometry":{"type":"LineString","coordinates":[[54.97083333333205,22.96041666666651],[54.98124999999877,22.96041666666651],[54.98958333333209,22.952083333333185],[54.98958333333209,22.94374999999983],[54.99791666666542,22.93541666666652],[54.99791666666542,22.931249999999814]]}},{"type":"Feature","properties":{"HYRIV_ID":20875456,"NEXT_DOWN":20875768,"MAIN_RIV":20877271,"LENGTH_KM":0.85,"CATCH_SKM":2.96,"DIS_AV_CMS":0.0,"ORD_STRA":2,"ORD_FLOW":10},"geometry":{"type":"LineString","coordinates":[[55.006249999998715,22.931249999999814],[54.99791666666542,22.931249999999814]]}},{"type":"Feature","properties":{"HYRIV_ID":20875457,"NEXT_DOWN":20875456,"MAIN_RIV":20877271,"LENGTH_KM":0.64,"CATCH_SKM":10.87,"DIS_AV_CMS":0.001,"ORD_STRA":1,"ORD_FLOW":9},"geometry":{"type":"LineString","coordinates":[[55.01249999999871,22.931249999999814],[55.006249999998715,22.931249999999814]]}},{"type":"Feature","properties":{"HYRIV_ID":20875501,"NEXT_DOWN":20875363,"MAIN_RIV":20878669,"LENGTH_KM":2.21,"CATCH_SKM":13.44,"DIS_AV_CMS":0.001,"ORD_STRA":1,"ORD_FLOW":9},"geometry":{"type":"LineString","coordinates":[[54.0374999999988,22.924999999999834],[54.05208333333209,22.939583333333168]]}},{"type":"Feature","properties":{"HYRIV_ID":20875502,"NEXT_DOWN":20875806,"MAIN_RIV":20877271,"LENGTH_KM":5.3,"CATCH_SKM":27.09,"DIS_AV_CMS":0.0,"ORD_STRA":3,"ORD_FLOW":10},"geometry":{"type":"LineString","coordinates":[[54.86458333333209,22.939583333333168],[54.868749999998755,22.93541666666652],[54.87291666666539,22.93541666666652],[54.87708333333205,22.931249999999814],[54.89791666666545,22.931249999999814],[54.90208333333209,22.92708333333315],[54.91041666666541,22.92708333333315]]}},{"type":"Feature","properties":{"HYRIV_ID":20875503,"NEXT_DOWN":20875806,"MAIN_RIV":20877271,"LENGTH_KM":1.3200001,"CATCH_SKM":11.66,"DIS_AV_CMS":0.001,"ORD_STRA":1,"ORD_FLOW":9},"geometry":{"type":"LineString","coordinates":[[54.914583333332075,22.93749999999985],[54.914583333332075,22.931249999999814],[54.91041666666541,22.92708333333315]]}},{"type":"Feature","properties":{"HYRIV_ID":20875541,"NEXT_DOWN":20875363,"MAIN_RIV":20878669,"LENGTH_KM":16.48,"CATCH_SKM":43.290001,"DIS_AV_CMS":0.0,"ORD_STRA":1,"ORD_FLOW":10},"geometry":{"type":"LineString","coordinates":[[53.91249999999877,22.929166666666482],[53.91874999999877,22.922916666666502],[53.931249999998755,22.922916666666502],[53.9437499999988,22.93541666666652],[53.9437499999988,22.939583333333168],[53.97291666666541,22.939583333333168],[53.977083333332075,22.94374999999983],[53.989583333332035,22.94374999999983],[53.99374999999878,22.939583333333168],[54.01458333333207,22.939583333333168],[54.01874999999873,22.94374999999983],[54.04791666666543,22.94374999999983],[54.05208333333209,22.939583333333168]]}},{"type":"Feature","properties":{"HYRIV_ID":20875542,"NEXT_DOWN":20875651,"MAIN_RIV":20878669,"LENGTH_KM":5.4899998,"CATCH_SKM":14.43,"DIS_AV_CMS":0.0,"ORD_STRA":4,"ORD_FLOW":10},"geometry":{"type":"LineString","coordinates":[[54.18958333333208,22.947916666666494],[54.17708333333209,22.93541666666652],[54.181249999998755,22.931249999999814],[54.18541666666542,22.931249999999814],[54.18958333333208,22.92708333333315],[54.202083333332126,22.92708333333315],[54.20624999999879,22.922916666666502]]}},{"type":"Feature","properties":{"HYRIV_ID":20875543,"NEXT_DOWN":20875651,"MAIN_RIV":20878669,"LENGTH_KM":13.09,"CATCH_SKM":43.48,"DIS_AV_CMS":0.0,"ORD_STRA":1,"ORD_FLOW":10},"geometry":{"type":"LineString","coordinates":[[54.30833333333209,22.968749999999822],[54.30208333333209,22.968749999999822],[54.29791666666546,22.96458333333316],[54.293749999998795,22.968749999999822],[54.28541666666547,22.968749999999822],[54.26874999999876,22.952083333333185],[54.2645833333321,22.952083333333185],[54.25624999999877,22.94374999999983],[54.25208333333211,22.94374999999983],[54.24791666666536,22.939583333333168],[54.239583333332064,22.939583333333168],[54.23124999999874,22.931249999999814],[54.21874999999878,22.931249999999814],[54.21041666666545,22.922916666666502],[54.20624999999879,22.922916666666502]]}},{"type":"Feature","properties":{"HYRIV_ID":20875544,"NEXT_DOWN":20875619,"MAIN_RIV":20874571,"LENGTH_KM":2.04,"CATCH_SKM":14.03,"DIS_AV_CMS":0.001,"ORD_STRA":1,"ORD_FLOW":9},"geometry":{"type":"LineString","coordinates":[[55.49999999999875,22.93749999999985],[55.49374999999878,22.931249999999814],[55.497916666665446,22.92708333333315],[55.497916666665446,22.922916666666502]]}},{"type":"Feature","properties":{"HYRIV_ID":20875545,"NEXT_DOWN":20875619,"MAIN_RIV":20874571,"LENGTH_KM":11.97,"CATCH_SKM":37.549999,"DIS_AV_CMS":0.005,"ORD_STRA":1,"ORD_FLOW":9},"geometry":{"type":"LineString","coordinates":[[55.587499999998755,22.97499999999986],[55.581249999998676,22.968749999999822],[55.57708333333204,22.968749999999822],[55.57291666666538,22.96458333333316],[55.56458333333205,22.96458333333316],[55.55624999999873,22.956249999999848],[55.55624999999873,22.952083333333185],[55.552083333332064,22.947916666666494],[55.54791666666543,22.947916666666494],[55.53541666666544,22.93541666666652],[55.51874999999873,22.93541666666652],[55.51041666666541,22.92708333333315],[55.506249999998744,22.92708333333315],[55.50208333333208,22.922916666666502],[55.497916666665446,22.922916666666502]]}},{"type":"Feature","properties":{"HYRIV_ID":20875616,"NEXT_DOWN":20875856,"MAIN_RIV":20878669,"LENGTH_KM":14.42,"CATCH_SKM":60.880001,"DIS_AV_CMS":0.0,"ORD_STRA":2,"ORD_FLOW":10},"geometry":{"type":"LineString","coordinates":[[54.464583333332115,22.972916666666485],[54.46874999999878,22.968749999999822],[54.47291666666544,22.968749999999822],[54.477083333332104,22.96458333333316],[54.477083333332104,22.96041666666651],[54.4854166666654,22.952083333333185],[54.4854166666654,22.94374999999983],[54.489583333332064,22.939583333333168],[54.50208333333205,22.939583333333168],[54.5062499999988,22.93541666666652],[54.51874999999876,22.947916666666494],[54.53124999999875,22.947916666666494],[54.535416666665384,22.94374999999983],[54.535416666665384,22.939583333333168],[54.52708333333209,22.931249999999814],[54.52708333333209,22.922916666666502],[54.522916666665424,22.91874999999984],[54.522916666665424,22.914583333333177]]}},{"type":"Feature","properties":{"HYRIV_ID":20875617,"NEXT_DOWN":20875453,"MAIN_RIV":20877271,"LENGTH_KM":3.87,"CATCH_SKM":22.540001,"DIS_AV_CMS":0.002,"ORD_STRA":1,"ORD_FLOW":9},"geometry":{"type":"LineString","coordinates":[[54.65624999999875,22.912499999999845],[54.65624999999875,22.91874999999984],[54.66041666666541,22.91874999999984],[54.668749999998795,22.92708333333315],[54.67291666666546,22.92708333333315],[54.67708333333212,22.931249999999814],[54.68124999999878,22.931249999999814]]}},{"type":"Feature","properties":{"HYRIV_ID":20875618,"NEXT_DOWN":20875766,"MAIN_RIV":20877271,"LENGTH_KM":0.94,"CATCH_SKM":13.24,"DIS_AV_CMS":0.002,"ORD_STRA":1,"ORD_FLOW":9},"geometry":{"type":"LineString","coordinates":[[54.74583333333206,22.92083333333317],[54.73958333333209,22.914583333333177]]}},{"type":"Feature","properties":{"HYRIV_ID":20875619,"NEXT_DOWN":20875904,"MAIN_RIV":20874571,"LENGTH_KM":12.27,"CATCH_SKM":34.400002,"DIS_AV_CMS":0.0,"ORD_STRA":2,"ORD_FLOW":10},"geometry":{"type":"LineString","coordinates":[[55.497916666665446,22.922916666666502],[55.49374999999878,22.91874999999984],[55.47708333333205,22.91874999999984],[55.46458333333209,22.931249999999814],[55.460416666665424,22.931249999999814],[55.45624999999876,22.93541666666652],[55.44791666666535,22.93541666666652],[55.443749999998715,22.931249999999814],[55.43958333333205,22.931249999999814],[55.43124999999873,22.922916666666502],[55.40624999999878,22.922916666666502],[55.39791666666537,22.914583333333177]]}},{"type":"Feature","properties":{"HYRIV_ID":20875650,"NEXT_DOWN":20875724,"MAIN_RIV":20878669,"LENGTH_KM":2.04,"CATCH_SKM":12.65,"DIS_AV_CMS":0.001,"ORD_STRA":1,"ORD_FLOW":9},"geometry":{"type":"LineString","coordinates":[[54.14166666666543,22.924999999999834],[54.13124999999877,22.914583333333177],[54.13124999999877,22.910416666666528]]}},{"type":"Feature","properties":{"HYRIV_ID":20875651,"NEXT_DOWN":20875725,"MAIN_RIV":20878669,"LENGTH_KM":1.56,"CATCH_SKM":1.1900001,"DIS_AV_CMS":0.0,"ORD_STRA":4,"ORD_FLOW":10},"geometry":{"type":"LineString","coordinates":[[54.20624999999879,22.922916666666502],[54.20624999999879,22.914583333333177],[54.202083333332126,22.910416666666528]]}},{"type":"Feature","properties":{"HYRIV_ID":20875652,"NEXT_DOWN":20875725,"MAIN_RIV":20878669,"LENGTH_KM":10.84,"CATCH_SKM":30.049999,"DIS_AV_CMS":0.0,"ORD_STRA":1,"ORD_FLOW":10},"geometry":{"type":"LineString","coordinates":[[54.29999999999876,22.92708333333315],[54.26874999999876,22.92708333333315],[54.2645833333321,22.922916666666502],[54.24374999999873,22.922916666666502],[54.239583333332064,22.91874999999984],[54.22291666666541,22.91874999999984],[54.214583333332115,22.910416666666528],[54.202083333332126,22.910416666666528]]}},{"type":"Feature","properties":{"HYRIV_ID":20875653,"NEXT_DOWN":20875766,"MAIN_RIV":20877271,"LENGTH_KM":7.4299998,"CATCH_SKM":34.8,"DIS_AV_CMS":0.0,"ORD_STRA":3,"ORD_FLOW":10},"geometry":{"type":"LineString","coordinates":[[54.685416666665446,22.931249999999814],[54.68958333333211,22.931249999999814],[54.70208333333207,22.91874999999984],[54.70208333333207,22.914583333333177],[54.70624999999873,22.910416666666528],[54.710416666665395,22.914583333333177],[54.71874999999869,22.914583333333177],[54.722916666665355,22.91874999999984],[54.73541666666543,22.91874999999984],[54.73958333333209,22.914583333333177]]}},{"type":"Feature","properties":{"HYRIV_ID":20875654,"NEXT_DOWN":20874777,"MAIN_RIV":20874571,"LENGTH_KM":34.060001,"CATCH_SKM":129.67,"DIS_AV_CMS":0.0,"ORD_STRA":1,"ORD_FLOW":10},"geometry":{"type":"LineString","coordinates":[[55.279166666665446,22.910416666666528],[55.25208333333208,22.910416666666528],[55.23124999999871,22.931249999999814],[55.222916666665384,22.931249999999814],[55.21874999999872,22.93541666666652],[55.21458333333206,22.93541666666652],[55.20624999999876,22.94374999999983],[55.197916666665435,22.93541666666652],[55.19374999999877,22.93541666666652],[55.189583333332024,22.931249999999814],[55.177083333332064,22.94374999999983],[55.164583333332075,22.94374999999983],[55.16041666666541,22.939583333333168],[55.15624999999878,22.939583333333168],[55.152083333332115,22.94374999999983],[55.152083333332115,22.947916666666494],[55.14791666666545,22.952083333333185],[55.13541666666538,22.952083333333185],[55.12708333333208,22.96041666666651],[55.118749999998755,22.96041666666651],[55.097916666665384,22.98124999999984],[55.08958333333206,22.972916666666485],[55.0770833333321,22.972916666666485],[55.072916666665435,22.97708333333319],[55.06458333333211,22.97708333333319],[55.06041666666536,22.98124999999984],[55.0562499999987,22.98124999999984],[55.052083333332064,22.985416666666502],[55.04374999999874,22.985416666666502],[55.039583333332075,22.989583333333165],[55.02291666666545,22.989583333333165],[55.014583333332126,22.997916666666477]]}},{"type":"Feature","properties":{"HYRIV_ID":20875681,"NEXT_DOWN":20875805,"MAIN_RIV":20878669,"LENGTH_KM":5.7800002,"CATCH_SKM":20.76,"DIS_AV_CMS":0.0,"ORD_STRA":1,"ORD_FLOW":10},"geometry":{"type":"LineString","coordinates":[[54.34583333333211,22.949999999999825],[54.339583333332115,22.94374999999983],[54.339583333332115,22.939583333333168],[54.33541666666545,22.93541666666652],[54.33541666666545,22.931249999999814],[54.331249999998704,22.92708333333315],[54.331249999998704,22.922916666666502],[54.32291666666541,22.914583333333177],[54.32291666666541,22.906249999999822]]}},{"type":"Feature","properties":{"HYRIV_ID":20875682,"NEXT_DOWN":20875805,"MAIN_RIV":20878669,"LENGTH_KM":2.75,"CATCH_SKM":13.84,"DIS_AV_CMS":0.0,"ORD_STRA":1,"ORD_FLOW":10},"geometry":{"type":"LineString","coordinates":[[54.34583333333211,22.914583333333177],[54.339583333332115,22.914583333333177],[54.33541666666545,22.910416666666528],[54.32708333333204,22.910416666666528],[54.32291666666541,22.906249999999822]]}},{"type":"Feature","properties":{"HYRIV_ID":20875683,"NEXT_DOWN":20875856,"MAIN_RIV":20878669,"LENGTH_KM":2.0,"CATCH_SKM":14.24,"DIS_AV_CMS":0.001,"ORD_STRA":1,"ORD_FLOW":9},"geometry":{"type":"LineString","coordinates":[[54.508333333332104,22.90416666666649],[54.5145833333321,22.910416666666528],[54.51874999999876,22.910416666666528],[54.522916666665424,22.914583333333177]]}},{"type":"Feature","properties":{"HYRIV_ID":20875723,"NEXT_DOWN":20875724,"MAIN_RIV":20878669,"LENGTH_KM":2.85,"CATCH_SKM":18.389999,"DIS_AV_CMS":0.001,"ORD_STRA":1,"ORD_FLOW":9},"geometry":{"type":"LineString","coordinates":[[54.10833333333207,22.899999999999828],[54.114583333332064,22.906249999999822],[54.122916666665446,22.906249999999822],[54.12708333333211,22.910416666666528],[54.13124999999877,22.910416666666528]]}},{"type":"Feature","properties":{"HYRIV_ID":20875724,"NEXT_DOWN":20875804,"MAIN_RIV":20878669,"LENGTH_KM":7.4699998,"CATCH_SKM":18.59,"DIS_AV_CMS":0.0,"ORD_STRA":2,"ORD_FLOW":10},"geometry":{"type":"LineString","coordinates":[[54.13124999999877,22.910416666666528],[54.1395833333321,22.910416666666528],[54.14374999999873,22.906249999999822],[54.16458333333213,22.906249999999822],[54.16874999999877,22.910416666666528],[54.18958333333208,22.910416666666528],[54.193749999998744,22.906249999999822],[54.193749999998744,22.90208333333316]]}},{"type":"Feature","properties":{"HYRIV_ID":20875725,"NEXT_DOWN":20875804,"MAIN_RIV":20878669,"LENGTH_KM":1.26,"CATCH_SKM":1.78,"DIS_AV_CMS":0.0,"ORD_STRA":4,"ORD_FLOW":10},"geometry":{"type":"LineString","coordinates":[[54.202083333332126,22.910416666666528],[54.193749999998744,22.90208333333316]]}},{"type":"Feature","properties":{"HYRIV_ID":20875726,"NEXT_DOWN":20875242,"MAIN_RIV":20874571,"LENGTH_KM":9.3599997,"CATCH_SKM":30.639999,"DIS_AV_CMS":0.0,"ORD_STRA":3,"ORD_FLOW":10},"geometry":{"type":"LineString","coordinates":[[55.33124999999876,22.90208333333316],[55.32291666666535,22.90208333333316],[55.31458333333205,22.910416666666528],[55.31041666666539,22.910416666666528],[55.30624999999873,22.914583333333177],[55.30624999999873,22.91874999999984],[55.2979166666654,22.92708333333315],[55.2979166666654,22.931249999999814],[55.302083333332064,22.93541666666652],[55.289583333332104,22.947916666666494],[55.28124999999878,22.947916666666494],[55.277083333332115,22.952083333333185]]}},{"type":"Feature","properties":{"HYRIV_ID":20875727,"NEXT_DOWN":20875726,"MAIN_RIV":20874571,"LENGTH_KM":2.21,"CATCH_SKM":18.780001,"DIS_AV_CMS":0.001,"ORD_STRA":1,"ORD_FLOW":9},"geometry":{"type":"LineString","coordinates":[[55.34583333333205,22.916666666666508],[55.33124999999876,22.90208333333316]]}},{"type":"Feature","properties":{"HYRIV_ID":20875728,"NEXT_DOWN":20876202,"MAIN_RIV":20878626,"LENGTH_KM":3.51,"CATCH_SKM":15.02,"DIS_AV_CMS":0.002,"ORD_STRA":1,"ORD_FLOW":9},"geometry":{"type":"LineString","coordinates":[[55.65208333333206,22.929166666666482],[55.65208333333206,22.922916666666502],[55.63958333333207,22.910416666666528],[55.63958333333207,22.90208333333316]]}},{"type":"Feature","properties":{"HYRIV_ID":20875729,"NEXT_DOWN":20876202,"MAIN_RIV":20878626,"LENGTH_KM":25.360001,"CATCH_SKM":64.639999,"DIS_AV_CMS":0.063,"ORD_STRA":2,"ORD_FLOW":8},"geometry":{"type":"LineString","coordinates":[[55.839583333332,22.985416666666502],[55.831249999998704,22.985416666666502],[55.82708333333204,22.98124999999984],[55.818749999998715,22.98124999999984],[55.81458333333205,22.97708333333319],[55.80208333333209,22.97708333333319],[55.79791666666543,22.972916666666485],[55.79374999999877,22.972916666666485],[55.78958333333202,22.968749999999822],[55.785416666665384,22.968749999999822],[55.78124999999872,22.96458333333316],[55.76458333333207,22.96458333333316],[55.75624999999877,22.956249999999848],[55.75208333333211,22.956249999999848],[55.747916666665446,22.952083333333185],[55.73541666666537,22.952083333333185],[55.72291666666541,22.939583333333168],[55.71874999999875,22.939583333333168],[55.71458333333209,22.94374999999983],[55.693749999998715,22.922916666666502],[55.68124999999873,22.922916666666502],[55.67708333333209,22.91874999999984],[55.67291666666543,22.91874999999984],[55.664583333332104,22.910416666666528],[55.660416666665355,22.914583333333177],[55.647916666665395,22.90208333333316],[55.63958333333207,22.90208333333316]]}},{"type":"Feature","properties":{"HYRIV_ID":20875766,"NEXT_DOWN":20875902,"MAIN_RIV":20877271,"LENGTH_KM":4.6500001,"CATCH_SKM":9.8900003,"DIS_AV_CMS":0.0,"ORD_STRA":3,"ORD_FLOW":10},"geometry":{"type":"LineString","coordinates":[[54.73958333333209,22.914583333333177],[54.74791666666539,22.906249999999822],[54.76874999999876,22.906249999999822],[54.77708333333209,22.89791666666651]]}},{"type":"Feature","properties":{"HYRIV_ID":20875767,"NEXT_DOWN":20875902,"MAIN_RIV":20877271,"LENGTH_KM":1.37,"CATCH_SKM":17.4,"DIS_AV_CMS":0.002,"ORD_STRA":1,"ORD_FLOW":9},"geometry":{"type":"LineString","coordinates":[[54.787499999998744,22.90416666666649],[54.78124999999875,22.89791666666651],[54.77708333333209,22.89791666666651]]}},{"type":"Feature","properties":{"HYRIV_ID":20875768,"NEXT_DOWN":20875807,"MAIN_RIV":20877271,"LENGTH_KM":5.06,"CATCH_SKM":18.190001,"DIS_AV_CMS":0.0,"ORD_STRA":2,"ORD_FLOW":10},"geometry":{"type":"LineString","coordinates":[[54.99791666666542,22.931249999999814],[54.993749999998755,22.92708333333315],[54.98541666666543,22.92708333333315],[54.98124999999877,22.922916666666502],[54.98124999999877,22.91874999999984],[54.97708333333205,22.914583333333177],[54.97708333333205,22.89791666666651]]}},{"type":"Feature","properties":{"HYRIV_ID":20875769,"NEXT_DOWN":20875456,"MAIN_RIV":20877271,"LENGTH_KM":22.67,"CATCH_SKM":64.059998,"DIS_AV_CMS":0.0,"ORD_STRA":2,"ORD_FLOW":10},"geometry":{"type":"LineString","coordinates":[[55.16874999999874,22.89791666666651],[55.164583333332075,22.90208333333316],[55.164583333332075,22.914583333333177],[55.16041666666541,22.91874999999984],[55.14791666666545,22.91874999999984],[55.14374999999879,22.922916666666502],[55.14374999999879,22.92708333333315],[55.13541666666538,22.93541666666652],[55.118749999998755,22.93541666666652],[55.11041666666543,22.94374999999983],[55.10208333333205,22.94374999999983],[55.097916666665384,22.939583333333168],[55.08958333333206,22.939583333333168],[55.085416666665395,22.93541666666652],[55.085416666665395,22.92708333333315],[55.08124999999876,22.922916666666502],[55.0562499999987,22.922916666666502],[55.052083333332064,22.92708333333315],[55.03541666666541,22.92708333333315],[55.027083333332115,22.91874999999984],[55.01874999999879,22.91874999999984],[55.006249999998715,22.931249999999814]]}},{"type":"Feature","properties":{"HYRIV_ID":20875804,"NEXT_DOWN":20875854,"MAIN_RIV":20878669,"LENGTH_KM":1.09,"CATCH_SKM":1.58,"DIS_AV_CMS":0.0,"ORD_STRA":4,"ORD_FLOW":10},"geometry":{"type":"LineString","coordinates":[[54.193749999998744,22.90208333333316],[54.193749999998744,22.89791666666651],[54.19791666666538,22.893749999999848]]}},{"type":"Feature","properties":{"HYRIV_ID":20875805,"NEXT_DOWN":20876110,"MAIN_RIV":20878669,"LENGTH_KM":5.08,"CATCH_SKM":12.26,"DIS_AV_CMS":0.0,"ORD_STRA":2,"ORD_FLOW":10},"geometry":{"type":"LineString","coordinates":[[54.32291666666541,22.906249999999822],[54.318749999998744,22.90208333333316],[54.31458333333208,22.90208333333316],[54.31041666666542,22.89791666666651],[54.30208333333209,22.89791666666651],[54.29791666666546,22.893749999999848],[54.28541666666547,22.893749999999848],[54.28124999999872,22.89791666666651]]}},{"type":"Feature","properties":{"HYRIV_ID":20875806,"NEXT_DOWN":20875903,"MAIN_RIV":20877271,"LENGTH_KM":6.4099998,"CATCH_SKM":28.27,"DIS_AV_CMS":0.0,"ORD_STRA":3,"ORD_FLOW":10},"geometry":{"type":"LineString","coordinates":[[54.91041666666541,22.92708333333315],[54.914583333332075,22.922916666666502],[54.914583333332075,22.91874999999984],[54.9229166666654,22.910416666666528],[54.927083333332035,22.910416666666528],[54.9312499999987,22.906249999999822],[54.94374999999877,22.906249999999822],[54.95208333333207,22.89791666666651],[54.95208333333207,22.893749999999848]]}},{"type":"Feature","properties":{"HYRIV_ID":20875807,"NEXT_DOWN":20875903,"MAIN_RIV":20877271,"LENGTH_KM":2.76,"CATCH_SKM":6.33,"DIS_AV_CMS":0.0,"ORD_STRA":2,"ORD_FLOW":10},"geometry":{"type":"LineString","coordinates":[[54.97708333333205,22.89791666666651],[54.972916666665384,22.893749999999848],[54.95208333333207,22.893749999999848]]}},{"type":"Feature","properties":{"HYRIV_ID":20875808,"NEXT_DOWN":20875904,"MAIN_RIV":20874571,"LENGTH_KM":23.6,"CATCH_SKM":60.700001,"DIS_AV_CMS":0.0,"ORD_STRA":2,"ORD_FLOW":10},"geometry":{"type":"LineString","coordinates":[[55.57708333333204,22.939583333333168],[55.568749999998715,22.939583333333168],[55.56458333333205,22.93541666666652],[55.56458333333205,22.922916666666502],[55.56041666666539,22.91874999999984],[55.55624999999873,22.91874999999984],[55.552083333332064,22.922916666666502],[55.539583333332104,22.922916666666502],[55.53541666666544,22.92708333333315],[55.52708333333203,22.92708333333315],[55.51041666666541,22.910416666666528],[55.50208333333208,22.910416666666528],[55.489583333332035,22.89791666666651],[55.48541666666537,22.89791666666651],[55.48124999999871,22.893749999999848],[55.47708333333205,22.89791666666651],[55.44791666666535,22.89791666666651],[55.443749999998715,22.893749999999848],[55.43541666666539,22.893749999999848],[55.41874999999877,22.910416666666528],[55.402083333332115,22.910416666666528],[55.39791666666537,22.914583333333177]]}},{"type":"Feature","properties":{"HYRIV_ID":20875854,"NEXT_DOWN":20876110,"MAIN_RIV":20878669,"LENGTH_KM":10.88,"CATCH_SKM":25.9,"DIS_AV_CMS":0.0,"ORD_STRA":4,"ORD_FLOW":10},"geometry":{"type":"LineString","coordinates":[[54.19791666666538,22.893749999999848],[54.21041666666545,22.893749999999848],[54.214583333332115,22.889583333333142],[54.21874999999878,22.893749999999848],[54.24791666666536,22.893749999999848],[54.260416666665435,22.906249999999822],[54.272916666665424,22.906249999999822],[54.27708333333206,22.910416666666528],[54.28124999999872,22.906249999999822],[54.28124999999872,22.89791666666651]]}},{"type":"Feature","properties":{"HYRIV_ID":20875855,"NEXT_DOWN":20876312,"MAIN_RIV":20878669,"LENGTH_KM":4.14,"CATCH_SKM":18.58,"DIS_AV_CMS":0.0,"ORD_STRA":1,"ORD_FLOW":10},"geometry":{"type":"LineString","coordinates":[[54.385416666665435,22.92083333333317],[54.385416666665435,22.914583333333177],[54.38124999999877,22.910416666666528],[54.38124999999877,22.906249999999822],[54.36874999999873,22.893749999999848],[54.36874999999873,22.889583333333142]]}},{"type":"Feature","properties":{"HYRIV_ID":20875856,"NEXT_DOWN":20876720,"MAIN_RIV":20878669,"LENGTH_KM":5.9099998,"CATCH_SKM":32.630001,"DIS_AV_CMS":0.0,"ORD_STRA":2,"ORD_FLOW":10},"geometry":{"type":"LineString","coordinates":[[54.522916666665424,22.914583333333177],[54.53124999999875,22.914583333333177],[54.535416666665384,22.910416666666528],[54.53958333333205,22.910416666666528],[54.54791666666546,22.90208333333316],[54.55624999999878,22.90208333333316],[54.568749999998744,22.889583333333142]]}},{"type":"Feature","properties":{"HYRIV_ID":20875857,"NEXT_DOWN":20876720,"MAIN_RIV":20878669,"LENGTH_KM":0.94,"CATCH_SKM":11.27,"DIS_AV_CMS":0.001,"ORD_STRA":1,"ORD_FLOW":9},"geometry":{"type":"LineString","coordinates":[[54.57499999999874,22.89583333333318],[54.568749999998744,22.889583333333142]]}},{"type":"Feature","properties":{"HYRIV_ID":20875858,"NEXT_DOWN":20875769,"MAIN_RIV":20877271,"LENGTH_KM":12.01,"CATCH_SKM":36.98,"DIS_AV_CMS":0.0,"ORD_STRA":1,"ORD_FLOW":10},"geometry":{"type":"LineString","coordinates":[[55.25416666666541,22.891666666666517],[55.24791666666542,22.89791666666651],[55.23958333333209,22.89791666666651],[55.23541666666537,22.90208333333316],[55.23124999999871,22.89791666666651],[55.23124999999871,22.893749999999848],[55.22708333333205,22.889583333333142],[55.2020833333321,22.889583333333142],[55.189583333332024,22.90208333333316],[55.18541666666539,22.90208333333316],[55.177083333332064,22.910416666666528],[55.1729166666654,22.906249999999822],[55.1729166666654,22.90208333333316],[55.16874999999874,22.89791666666651]]}},{"type":"Feature","properties":{"HYRIV_ID":20875902,"NEXT_DOWN":20876111,"MAIN_RIV":20877271,"LENGTH_KM":1.56,"CATCH_SKM":2.1700001,"DIS_AV_CMS":0.0,"ORD_STRA":3,"ORD_FLOW":10},"geometry":{"type":"LineString","coordinates":[[54.77708333333209,22.89791666666651],[54.77708333333209,22.893749999999848],[54.78124999999875,22.889583333333142],[54.78124999999875,22.885416666666536]]}},{"type":"Feature","properties":{"HYRIV_ID":20875903,"NEXT_DOWN":20876112,"MAIN_RIV":20877271,"LENGTH_KM":1.09,"CATCH_SKM":1.38,"DIS_AV_CMS":0.0,"ORD_STRA":3,"ORD_FLOW":10},"geometry":{"type":"LineString","coordinates":[[54.95208333333207,22.893749999999848],[54.947916666665435,22.889583333333142],[54.947916666665435,22.885416666666536]]}},{"type":"Feature","properties":{"HYRIV_ID":20875904,"NEXT_DOWN":20875726,"MAIN_RIV":20874571,"LENGTH_KM":10.77,"CATCH_SKM":34.41,"DIS_AV_CMS":0.0,"ORD_STRA":3,"ORD_FLOW":10},"geometry":{"type":"LineString","coordinates":[[55.39791666666537,22.914583333333177],[55.39374999999873,22.914583333333177],[55.38958333333207,22.910416666666528],[55.368749999998755,22.910416666666528],[55.36458333333212,22.906249999999822],[55.36458333333212,22.889583333333142],[55.36041666666537,22.885416666666536],[55.35624999999871,22.889583333333142],[55.347916666665384,22.889583333333142],[55.34374999999872,22.885416666666536],[55.33958333333209,22.889583333333142],[55.33958333333209,22.893749999999848],[55.33124999999876,22.90208333333316]]}},{"type":"Feature","properties":{"HYRIV_ID":20875936,"NEXT_DOWN":20875854,"MAIN_RIV":20878669,"LENGTH_KM":2.8900001,"CATCH_SKM":16.02,"DIS_AV_CMS":0.0,"ORD_STRA":1,"ORD_FLOW":10},"geometry":{"type":"LineString","coordinates":[[54.179166666665424,22.8791666666665],[54.18541666666542,22.885416666666536],[54.18958333333208,22.885416666666536],[54.193749999998744,22.889583333333142],[54.193749999998744,22.893749999999848],[54.19791666666538,22.893749999999848]]}},{"type":"Feature","properties":{"HYRIV_ID":20875937,"NEXT_DOWN":20875938,"MAIN_RIV":20877271,"LENGTH_KM":6.7600002,"CATCH_SKM":24.129999,"DIS_AV_CMS":0.002,"ORD_STRA":1,"ORD_FLOW":9},"geometry":{"type":"LineString","coordinates":[[54.71666666666539,22.885416666666536],[54.722916666665355,22.885416666666536],[54.73124999999877,22.893749999999848],[54.73958333333209,22.893749999999848],[54.75208333333205,22.88124999999983],[54.756249999998715,22.88124999999983],[54.76041666666546,22.885416666666536],[54.764583333332126,22.885416666666536],[54.76874999999876,22.88124999999983]]}},{"type":"Feature","properties":{"HYRIV_ID":20875938,"NEXT_DOWN":20876111,"MAIN_RIV":20877271,"LENGTH_KM":1.48,"CATCH_SKM":2.57,"DIS_AV_CMS":0.002,"ORD_STRA":2,"ORD_FLOW":9},"geometry":{"type":"LineString","coordinates":[[54.76874999999876,22.88124999999983],[54.77708333333209,22.88124999999983],[54.78124999999875,22.885416666666536]]}},{"type":"Feature","properties":{"HYRIV_ID":20875939,"NEXT_DOWN":20876112,"MAIN_RIV":20877271,"LENGTH_KM":2.33,"CATCH_SKM":15.03,"DIS_AV_CMS":0.001,"ORD_STRA":1,"ORD_FLOW":9},"geometry":{"type":"LineString","coordinates":[[54.92916666666537,22.885416666666536],[54.935416666665446,22.885416666666536],[54.93958333333211,22.88124999999983],[54.94374999999877,22.88124999999983],[54.947916666665435,22.885416666666536]]}},{"type":"Feature","properties":{"HYRIV_ID":20875984,"NEXT_DOWN":20876312,"MAIN_RIV":20878669,"LENGTH_KM":5.62,"CATCH_SKM":23.540001,"DIS_AV_CMS":0.0,"ORD_STRA":1,"ORD_FLOW":10},"geometry":{"type":"LineString","coordinates":[[54.320833333332075,22.874999999999837],[54.32708333333204,22.88124999999983],[54.33541666666545,22.88124999999983],[54.339583333332115,22.885416666666536],[54.36458333333215,22.885416666666536],[54.36874999999873,22.889583333333142]]}},{"type":"Feature","properties":{"HYRIV_ID":20876029,"NEXT_DOWN":20876108,"MAIN_RIV":20878669,"LENGTH_KM":7.39,"CATCH_SKM":24.91,"DIS_AV_CMS":0.0,"ORD_STRA":1,"ORD_FLOW":10},"geometry":{"type":"LineString","coordinates":[[54.0458333333321,22.906249999999822],[54.039583333332104,22.906249999999822],[54.022916666665395,22.889583333333142],[54.010416666665435,22.889583333333142],[54.00624999999877,22.885416666666536],[54.00208333333211,22.885416666666536],[53.989583333332035,22.87291666666652]]}},{"type":"Feature","properties":{"HYRIV_ID":20876067,"NEXT_DOWN":20875938,"MAIN_RIV":20877271,"LENGTH_KM":2.6400001,"CATCH_SKM":13.65,"DIS_AV_CMS":0.001,"ORD_STRA":1,"ORD_FLOW":9},"geometry":{"type":"LineString","coordinates":[[54.756249999998715,22.866666666666482],[54.756249999998715,22.87291666666652],[54.76041666666546,22.87291666666652],[54.764583333332126,22.877083333333168],[54.764583333332126,22.88124999999983],[54.76874999999876,22.88124999999983]]}},{"type":"Feature","properties":{"HYRIV_ID":20876109,"NEXT_DOWN":20876580,"MAIN_RIV":20878669,"LENGTH_KM":5.62,"CATCH_SKM":23.73,"DIS_AV_CMS":0.0,"ORD_STRA":1,"ORD_FLOW":10},"geometry":{"type":"LineString","coordinates":[[54.041666666665435,22.8791666666665],[54.031249999998806,22.868749999999856],[54.00208333333211,22.868749999999856],[53.997916666665446,22.86458333333315],[53.99374999999878,22.86458333333315]]}},{"type":"Feature","properties":{"HYRIV_ID":20876110,"NEXT_DOWN":20876236,"MAIN_RIV":20878669,"LENGTH_KM":5.1300001,"CATCH_SKM":9.1,"DIS_AV_CMS":0.0,"ORD_STRA":4,"ORD_FLOW":10},"geometry":{"type":"LineString","coordinates":[[54.28124999999872,22.89791666666651],[54.272916666665424,22.889583333333142],[54.26874999999876,22.889583333333142],[54.25624999999877,22.877083333333168],[54.25624999999877,22.868749999999856],[54.25208333333211,22.86458333333315]]}},{"type":"Feature","properties":{"HYRIV_ID":20876111,"NEXT_DOWN":20876154,"MAIN_RIV":20877271,"LENGTH_KM":3.4100001,"CATCH_SKM":6.33,"DIS_AV_CMS":0.0,"ORD_STRA":3,"ORD_FLOW":10},"geometry":{"type":"LineString","coordinates":[[54.78124999999875,22.885416666666536],[54.789583333332075,22.877083333333168],[54.79374999999874,22.877083333333168],[54.80208333333212,22.868749999999856],[54.80208333333212,22.86458333333315]]}},{"type":"Feature","properties":{"HYRIV_ID":20876112,"NEXT_DOWN":20876448,"MAIN_RIV":20877271,"LENGTH_KM":2.6500001,"CATCH_SKM":5.3400002,"DIS_AV_CMS":0.0,"ORD_STRA":3,"ORD_FLOW":10},"geometry":{"type":"LineString","coordinates":[[54.947916666665435,22.885416666666536],[54.95208333333207,22.88124999999983],[54.95208333333207,22.87291666666652],[54.947916666665435,22.868749999999856],[54.947916666665435,22.86458333333315]]}},{"type":"Feature","properties":{"HYRIV_ID":20876113,"NEXT_DOWN":20875807,"MAIN_RIV":20877271,"LENGTH_KM":23.27,"CATCH_SKM":82.860001,"DIS_AV_CMS":0.0,"ORD_STRA":1,"ORD_FLOW":10},"geometry":{"type":"LineString","coordinates":[[55.162499999998744,22.86249999999982],[55.15624999999878,22.868749999999856],[55.13541666666538,22.868749999999856],[55.12708333333208,22.877083333333168],[55.118749999998755,22.877083333333168],[55.10208333333205,22.893749999999848],[55.097916666665384,22.893749999999848],[55.09374999999872,22.889583333333142],[55.085416666665395,22.889583333333142],[55.08124999999876,22.893749999999848],[55.08124999999876,22.89791666666651],[55.0770833333321,22.90208333333316],[55.039583333332075,22.90208333333316],[55.03541666666541,22.906249999999822],[55.02291666666545,22.906249999999822],[55.01041666666538,22.893749999999848],[55.01041666666538,22.889583333333142],[54.98541666666543,22.889583333333142],[54.97708333333205,22.89791666666651]]}},{"type":"Feature","properties":{"HYRIV_ID":20876154,"NEXT_DOWN":20876156,"MAIN_RIV":20877271,"LENGTH_KM":1.91,"CATCH_SKM":2.97,"DIS_AV_CMS":0.0,"ORD_STRA":3,"ORD_FLOW":10},"geometry":{"type":"LineString","coordinates":[[54.80208333333212,22.86458333333315],[54.80624999999878,22.860416666666488],[54.81874999999877,22.860416666666488]]}},{"type":"Feature","properties":{"HYRIV_ID":20876155,"NEXT_DOWN":20876156,"MAIN_RIV":20877271,"LENGTH_KM":4.52,"CATCH_SKM":18.59,"DIS_AV_CMS":0.001,"ORD_STRA":1,"ORD_FLOW":9},"geometry":{"type":"LineString","coordinates":[[54.81666666666544,22.89583333333318],[54.810416666665446,22.889583333333142],[54.810416666665446,22.885416666666536],[54.81458333333211,22.88124999999983],[54.81458333333211,22.868749999999856],[54.81874999999877,22.86458333333315],[54.81874999999877,22.860416666666488]]}},{"type":"Feature","properties":{"HYRIV_ID":20876156,"NEXT_DOWN":20876157,"MAIN_RIV":20877271,"LENGTH_KM":1.28,"CATCH_SKM":4.75,"DIS_AV_CMS":0.0,"ORD_STRA":3,"ORD_FLOW":10},"geometry":{"type":"LineString","coordinates":[[54.81874999999877,22.860416666666488],[54.83124999999873,22.860416666666488]]}},{"type":"Feature","properties":{"HYRIV_ID":20876157,"NEXT_DOWN":20876625,"MAIN_RIV":20877271,"LENGTH_KM":0.85,"CATCH_SKM":1.1900001,"DIS_AV_CMS":0.0,"ORD_STRA":3,"ORD_FLOW":10},"geometry":{"type":"LineString","coordinates":[[54.83124999999873,22.860416666666488],[54.83958333333206,22.860416666666488]]}},{"type":"Feature","properties":{"HYRIV_ID":20876158,"NEXT_DOWN":20876625,"MAIN_RIV":20877271,"LENGTH_KM":4.1900001,"CATCH_SKM":18.0,"DIS_AV_CMS":0.001,"ORD_STRA":1,"ORD_FLOW":9},"geometry":{"type":"LineString","coordinates":[[54.854166666665435,22.874999999999837],[54.847916666665355,22.88124999999983],[54.84374999999872,22.88124999999983],[54.83958333333206,22.877083333333168],[54.83958333333206,22.87291666666652],[54.83541666666548,22.868749999999856],[54.83958333333206,22.86458333333315],[54.83958333333206,22.860416666666488]]}},{"type":"Feature","properties":{"HYRIV_ID":20876159,"NEXT_DOWN":20876448,"MAIN_RIV":20877271,"LENGTH_KM":2.34,"CATCH_SKM":2.97,"DIS_AV_CMS":0.0,"ORD_STRA":2,"ORD_FLOW":10},"geometry":{"type":"LineString","coordinates":[[54.96874999999872,22.860416666666488],[54.95624999999873,22.860416666666488],[54.95208333333207,22.86458333333315],[54.947916666665435,22.86458333333315]]}},{"type":"Feature","properties":{"HYRIV_ID":20876199,"NEXT_DOWN":20876236,"MAIN_RIV":20878669,"LENGTH_KM":11.3,"CATCH_SKM":23.73,"DIS_AV_CMS":0.0,"ORD_STRA":4,"ORD_FLOW":10},"geometry":{"type":"LineString","coordinates":[[54.156249999998806,22.85624999999984],[54.16874999999877,22.85624999999984],[54.17291666666543,22.860416666666488],[54.18541666666542,22.860416666666488],[54.18958333333208,22.86458333333315],[54.2354166666654,22.86458333333315],[54.24374999999873,22.87291666666652],[54.24791666666536,22.868749999999856],[54.25208333333211,22.868749999999856],[54.25208333333211,22.86458333333315]]}},{"type":"Feature","properties":{"HYRIV_ID":20876200,"NEXT_DOWN":20876154,"MAIN_RIV":20877271,"LENGTH_KM":2.75,"CATCH_SKM":16.620001,"DIS_AV_CMS":0.001,"ORD_STRA":1,"ORD_FLOW":9},"geometry":{"type":"LineString","coordinates":[[54.77916666666542,22.85624999999984],[54.78541666666541,22.85624999999984],[54.789583333332075,22.860416666666488],[54.79791666666537,22.860416666666488],[54.80208333333212,22.86458333333315]]}},{"type":"Feature","properties":{"HYRIV_ID":20876201,"NEXT_DOWN":20876806,"MAIN_RIV":20878626,"LENGTH_KM":16.23,"CATCH_SKM":50.619999,"DIS_AV_CMS":0.006,"ORD_STRA":1,"ORD_FLOW":9},"geometry":{"type":"LineString","coordinates":[[55.599999999998744,22.908333333333196],[55.59374999999875,22.90208333333316],[55.58958333333209,22.90208333333316],[55.585416666665424,22.89791666666651],[55.581249999998676,22.89791666666651],[55.57291666666538,22.906249999999822],[55.56458333333205,22.89791666666651],[55.56041666666539,22.90208333333316],[55.55624999999873,22.89791666666651],[55.55624999999873,22.893749999999848],[55.53541666666544,22.87291666666652],[55.53124999999869,22.87291666666652],[55.52708333333203,22.877083333333168],[55.522916666665395,22.87291666666652],[55.51874999999873,22.87291666666652],[55.51458333333207,22.877083333333168],[55.51041666666541,22.87291666666652],[55.50208333333208,22.87291666666652],[55.497916666665446,22.868749999999856],[55.497916666665446,22.86458333333315],[55.50208333333208,22.860416666666488],[55.50208333333208,22.85624999999984]]}},{"type":"Feature","properties":{"HYRIV_ID":20876202,"NEXT_DOWN":20876319,"MAIN_RIV":20878626,"LENGTH_KM":8.5600004,"CATCH_SKM":19.379999,"DIS_AV_CMS":0.066,"ORD_STRA":2,"ORD_FLOW":8},"geometry":{"type":"LineString","coordinates":[[55.63958333333207,22.90208333333316],[55.63541666666541,22.90208333333316],[55.631249999998744,22.89791666666651],[55.622916666665446,22.89791666666651],[55.61874999999878,22.893749999999848],[55.61874999999878,22.889583333333142],[55.614583333332035,22.885416666666536],[55.614583333332035,22.88124999999983],[55.60624999999871,22.88124999999983],[55.58958333333209,22.86458333333315],[55.58958333333209,22.860416666666488],[55.585416666665424,22.85624999999984]]}},{"type":"Feature","properties":{"HYRIV_ID":20876236,"NEXT_DOWN":20876311,"MAIN_RIV":20878669,"LENGTH_KM":2.32,"CATCH_SKM":5.14,"DIS_AV_CMS":0.0,"ORD_STRA":5,"ORD_FLOW":10},"geometry":{"type":"LineString","coordinates":[[54.25208333333211,22.86458333333315],[54.25624999999877,22.860416666666488],[54.25208333333211,22.85624999999984],[54.24791666666536,22.85624999999984],[54.25208333333211,22.852083333333177]]}},{"type":"Feature","properties":{"HYRIV_ID":20876237,"NEXT_DOWN":20876319,"MAIN_RIV":20878626,"LENGTH_KM":37.639999,"CATCH_SKM":108.15,"DIS_AV_CMS":0.03,"ORD_STRA":1,"ORD_FLOW":8},"geometry":{"type":"LineString","coordinates":[[55.87083333333203,22.968749999999822],[55.864583333332035,22.968749999999822],[55.864583333332035,22.96458333333316],[55.84791666666541,22.96458333333316],[55.839583333332,22.956249999999848],[55.83541666666537,22.956249999999848],[55.831249999998704,22.952083333333185],[55.818749999998715,22.952083333333185],[55.81458333333205,22.947916666666494],[55.806249999998755,22.947916666666494],[55.80208333333209,22.952083333333185],[55.79791666666543,22.952083333333185],[55.79374999999877,22.947916666666494],[55.785416666665384,22.947916666666494],[55.78124999999872,22.94374999999983],[55.77708333333206,22.94374999999983],[55.772916666665395,22.939583333333168],[55.76458333333207,22.939583333333168],[55.76041666666541,22.93541666666652],[55.76041666666541,22.931249999999814],[55.75624999999877,22.92708333333315],[55.75208333333211,22.92708333333315],[55.739583333332035,22.914583333333177],[55.73124999999874,22.914583333333177],[55.72291666666541,22.906249999999822],[55.71874999999875,22.906249999999822],[55.71458333333209,22.90208333333316],[55.71041666666534,22.90208333333316],[55.706249999998704,22.89791666666651],[55.706249999998704,22.893749999999848],[55.69791666666538,22.885416666666536],[55.68958333333205,22.885416666666536],[55.68124999999873,22.877083333333168],[55.68124999999873,22.87291666666652],[55.67708333333209,22.868749999999856],[55.67291666666543,22.868749999999856],[55.66874999999877,22.86458333333315],[55.65208333333206,22.86458333333315],[55.647916666665395,22.860416666666488],[55.63541666666541,22.860416666666488],[55.62708333333211,22.868749999999856],[55.61874999999878,22.868749999999856],[55.614583333332035,22.86458333333315],[55.602083333332075,22.86458333333315],[55.59791666666541,22.860416666666488],[55.59791666666541,22.85624999999984],[55.59374999999875,22.852083333333177],[55.58958333333209,22.85624999999984],[55.585416666665424,22.85624999999984]]}},{"type":"Feature","properties":{"HYRIV_ID":20876278,"NEXT_DOWN":20876402,"MAIN_RIV":20878589,"LENGTH_KM":3.4300001,"CATCH_SKM":19.58,"DIS_AV_CMS":0.002,"ORD_STRA":1,"ORD_FLOW":9},"geometry":{"type":"LineString","coordinates":[[54.63749999999877,22.874999999999837],[54.64374999999876,22.868749999999856],[54.64374999999876,22.85624999999984],[54.647916666665424,22.852083333333177],[54.647916666665424,22.847916666666514]]}},{"type":"Feature","properties":{"HYRIV_ID":20876311,"NEXT_DOWN":20876398,"MAIN_RIV":20878669,"LENGTH_KM":14.03,"CATCH_SKM":29.870001,"DIS_AV_CMS":0.0,"ORD_STRA":5,"ORD_FLOW":10},"geometry":{"type":"LineString","coordinates":[[54.25208333333211,22.852083333333177],[54.25624999999877,22.847916666666514],[54.28541666666547,22.847916666666514],[54.28958333333213,22.852083333333177],[54.331249999998704,22.852083333333177],[54.339583333332115,22.843749999999822],[54.34374999999878,22.847916666666514],[54.36458333333215,22.847916666666514],[54.36874999999873,22.843749999999822],[54.37708333333211,22.843749999999822]]}},{"type":"Feature","properties":{"HYRIV_ID":20876312,"NEXT_DOWN":20876398,"MAIN_RIV":20878669,"LENGTH_KM":9.1400003,"CATCH_SKM":37.77,"DIS_AV_CMS":0.0,"ORD_STRA":2,"ORD_FLOW":10},"geometry":{"type":"LineString","coordinates":[[54.36874999999873,22.889583333333142],[54.37291666666539,22.885416666666536],[54.37708333333211,22.885416666666536],[54.38124999999877,22.889583333333142],[54.3895833333321,22.889583333333142],[54.39374999999876,22.885416666666536],[54.3895833333321,22.88124999999983],[54.397916666665424,22.87291666666652],[54.3895833333321,22.86458333333315],[54.3895833333321,22.860416666666488],[54.37708333333211,22.847916666666514],[54.37708333333211,22.843749999999822]]}},{"type":"Feature","properties":{"HYRIV_ID":20876313,"NEXT_DOWN":20876400,"MAIN_RIV":20878669,"LENGTH_KM":4.9099998,"CATCH_SKM":24.52,"DIS_AV_CMS":0.0,"ORD_STRA":1,"ORD_FLOW":10},"geometry":{"type":"LineString","coordinates":[[54.466666666665446,22.86458333333315],[54.456249999998704,22.86458333333315],[54.456249999998704,22.860416666666488],[54.44791666666541,22.852083333333177],[54.443749999998744,22.852083333333177],[54.43541666666542,22.843749999999822],[54.431249999998755,22.843749999999822]]}},{"type":"Feature","properties":{"HYRIV_ID":20876314,"NEXT_DOWN":20876351,"MAIN_RIV":20878669,"LENGTH_KM":3.85,"CATCH_SKM":18.389999,"DIS_AV_CMS":0.001,"ORD_STRA":1,"ORD_FLOW":9},"geometry":{"type":"LineString","coordinates":[[54.50416666666547,22.860416666666488],[54.49791666666539,22.860416666666488],[54.489583333332064,22.852083333333177],[54.489583333332064,22.847916666666514],[54.4854166666654,22.847916666666514],[54.48124999999877,22.843749999999822],[54.477083333332104,22.843749999999822]]}},{"type":"Feature","properties":{"HYRIV_ID":20876315,"NEXT_DOWN":20876402,"MAIN_RIV":20878589,"LENGTH_KM":1.7,"CATCH_SKM":14.24,"DIS_AV_CMS":0.001,"ORD_STRA":1,"ORD_FLOW":9},"geometry":{"type":"LineString","coordinates":[[54.63333333333213,22.843749999999822],[54.64374999999876,22.843749999999822],[54.647916666665424,22.847916666666514]]}},{"type":"Feature","properties":{"HYRIV_ID":20876316,"NEXT_DOWN":20876540,"MAIN_RIV":20878589,"LENGTH_KM":3.21,"CATCH_SKM":15.43,"DIS_AV_CMS":0.001,"ORD_STRA":1,"ORD_FLOW":9},"geometry":{"type":"LineString","coordinates":[[54.66458333333205,22.866666666666482],[54.66458333333205,22.860416666666488],[54.68124999999878,22.843749999999822]]}},{"type":"Feature","properties":{"HYRIV_ID":20876317,"NEXT_DOWN":20875769,"MAIN_RIV":20877271,"LENGTH_KM":13.22,"CATCH_SKM":33.029999,"DIS_AV_CMS":0.0,"ORD_STRA":2,"ORD_FLOW":10},"geometry":{"type":"LineString","coordinates":[[55.26041666666541,22.843749999999822],[55.256249999998744,22.847916666666514],[55.25208333333208,22.843749999999822],[55.24791666666542,22.843749999999822],[55.243749999998755,22.847916666666514],[55.243749999998755,22.852083333333177],[55.22708333333205,22.868749999999856],[55.21874999999872,22.868749999999856],[55.21458333333206,22.87291666666652],[55.20624999999876,22.87291666666652],[55.197916666665435,22.88124999999983],[55.18541666666539,22.88124999999983],[55.18124999999873,22.885416666666536],[55.1729166666654,22.885416666666536],[55.16874999999874,22.889583333333142],[55.16874999999874,22.89791666666651]]}},{"type":"Feature","properties":{"HYRIV_ID":20876318,"NEXT_DOWN":20876317,"MAIN_RIV":20877271,"LENGTH_KM":2.1600001,"CATCH_SKM":20.77,"DIS_AV_CMS":0.001,"ORD_STRA":1,"ORD_FLOW":9},"geometry":{"type":"LineString","coordinates":[[55.27499999999878,22.852083333333177],[55.268749999998704,22.852083333333177],[55.26458333333204,22.847916666666514],[55.26458333333204,22.843749999999822],[55.26041666666541,22.843749999999822]]}},{"type":"Feature","properties":{"HYRIV_ID":20876319,"NEXT_DOWN":20876806,"MAIN_RIV":20878626,"LENGTH_KM":10.57,"CATCH_SKM":34.02,"DIS_AV_CMS":0.095,"ORD_STRA":2,"ORD_FLOW":8},"geometry":{"type":"LineString","coordinates":[[55.585416666665424,22.85624999999984],[55.581249999998676,22.852083333333177],[55.57708333333204,22.85624999999984],[55.56458333333205,22.85624999999984],[55.55624999999873,22.847916666666514],[55.552083333332064,22.847916666666514],[55.54791666666543,22.843749999999822],[55.53541666666544,22.85624999999984],[55.51458333333207,22.85624999999984],[55.51041666666541,22.860416666666488],[55.506249999998744,22.860416666666488],[55.50208333333208,22.85624999999984]]}},{"type":"Feature","properties":{"HYRIV_ID":20876351,"NEXT_DOWN":20876400,"MAIN_RIV":20878669,"LENGTH_KM":5.1,"CATCH_SKM":8.7,"DIS_AV_CMS":0.0,"ORD_STRA":2,"ORD_FLOW":10},"geometry":{"type":"LineString","coordinates":[[54.477083333332104,22.843749999999822],[54.46874999999878,22.843749999999822],[54.464583333332115,22.83958333333316],[54.43541666666542,22.83958333333316],[54.431249999998755,22.843749999999822]]}},{"type":"Feature","properties":{"HYRIV_ID":20876352,"NEXT_DOWN":20876157,"MAIN_RIV":20877271,"LENGTH_KM":4.1500001,"CATCH_SKM":18.200001,"DIS_AV_CMS":0.001,"ORD_STRA":1,"ORD_FLOW":9},"geometry":{"type":"LineString","coordinates":[[54.80416666666545,22.837499999999828],[54.810416666665446,22.843749999999822],[54.81458333333211,22.843749999999822],[54.81874999999877,22.847916666666514],[54.82291666666541,22.847916666666514],[54.83124999999873,22.85624999999984],[54.83124999999873,22.860416666666488]]}},{"type":"Feature","properties":{"HYRIV_ID":20876398,"NEXT_DOWN":20876539,"MAIN_RIV":20878669,"LENGTH_KM":2.11,"CATCH_SKM":2.57,"DIS_AV_CMS":0.0,"ORD_STRA":5,"ORD_FLOW":10},"geometry":{"type":"LineString","coordinates":[[54.37708333333211,22.843749999999822],[54.38124999999877,22.843749999999822],[54.385416666665435,22.83958333333316],[54.3895833333321,22.83958333333316],[54.39374999999876,22.835416666666497]]}},{"type":"Feature","properties":{"HYRIV_ID":20876399,"NEXT_DOWN":20876539,"MAIN_RIV":20878669,"LENGTH_KM":12.67,"CATCH_SKM":42.52,"DIS_AV_CMS":0.0,"ORD_STRA":1,"ORD_FLOW":10},"geometry":{"type":"LineString","coordinates":[[54.45208333333207,22.916666666666508],[54.45208333333207,22.90208333333316],[54.43958333333208,22.889583333333142],[54.43958333333208,22.885416666666536],[54.43541666666542,22.88124999999983],[54.42291666666546,22.88124999999983],[54.42291666666546,22.877083333333168],[54.418749999998795,22.87291666666652],[54.418749999998795,22.85624999999984],[54.41458333333213,22.852083333333177],[54.40624999999872,22.852083333333177],[54.39374999999876,22.83958333333316],[54.39374999999876,22.835416666666497]]}},{"type":"Feature","properties":{"HYRIV_ID":20876400,"NEXT_DOWN":20876539,"MAIN_RIV":20878669,"LENGTH_KM":4.25,"CATCH_SKM":6.73,"DIS_AV_CMS":0.0,"ORD_STRA":2,"ORD_FLOW":10},"geometry":{"type":"LineString","coordinates":[[54.431249999998755,22.843749999999822],[54.42708333333212,22.83958333333316],[54.42291666666546,22.83958333333316],[54.418749999998795,22.835416666666497],[54.39374999999876,22.835416666666497]]}},{"type":"Feature","properties":{"HYRIV_ID":20876401,"NEXT_DOWN":20876351,"MAIN_RIV":20878669,"LENGTH_KM":3.81,"CATCH_SKM":16.42,"DIS_AV_CMS":0.001,"ORD_STRA":1,"ORD_FLOW":9},"geometry":{"type":"LineString","coordinates":[[54.508333333332104,22.83958333333316],[54.49791666666539,22.83958333333316],[54.49374999999873,22.835416666666497],[54.489583333332064,22.83958333333316],[54.48124999999877,22.83958333333316],[54.477083333332104,22.843749999999822]]}},{"type":"Feature","properties":{"HYRIV_ID":20876402,"NEXT_DOWN":20876540,"MAIN_RIV":20878589,"LENGTH_KM":4.4299998,"CATCH_SKM":12.46,"DIS_AV_CMS":0.002,"ORD_STRA":2,"ORD_FLOW":9},"geometry":{"type":"LineString","coordinates":[[54.647916666665424,22.847916666666514],[54.65624999999875,22.83958333333316],[54.66041666666541,22.83958333333316],[54.66458333333205,22.835416666666497],[54.668749999998795,22.835416666666497],[54.67708333333212,22.843749999999822],[54.68124999999878,22.843749999999822]]}},{"type":"Feature","properties":{"HYRIV_ID":20876448,"NEXT_DOWN":20876626,"MAIN_RIV":20877271,"LENGTH_KM":4.21,"CATCH_SKM":9.8900003,"DIS_AV_CMS":0.0,"ORD_STRA":3,"ORD_FLOW":10},"geometry":{"type":"LineString","coordinates":[[54.947916666665435,22.86458333333315],[54.94374999999877,22.860416666666488],[54.94374999999877,22.85624999999984],[54.93958333333211,22.852083333333177],[54.93958333333211,22.847916666666514],[54.935416666665446,22.843749999999822],[54.935416666665446,22.831249999999848]]}},{"type":"Feature","properties":{"HYRIV_ID":20876449,"NEXT_DOWN":20876626,"MAIN_RIV":20877271,"LENGTH_KM":0.64,"CATCH_SKM":10.29,"DIS_AV_CMS":0.001,"ORD_STRA":1,"ORD_FLOW":9},"geometry":{"type":"LineString","coordinates":[[54.94166666666544,22.831249999999848],[54.935416666665446,22.831249999999848]]}},{"type":"Feature","properties":{"HYRIV_ID":20876450,"NEXT_DOWN":20876317,"MAIN_RIV":20877271,"LENGTH_KM":3.4300001,"CATCH_SKM":9.8900003,"DIS_AV_CMS":0.0,"ORD_STRA":2,"ORD_FLOW":10},"geometry":{"type":"LineString","coordinates":[[55.28541666666544,22.831249999999848],[55.268749999998704,22.831249999999848],[55.26458333333204,22.835416666666497],[55.26458333333204,22.83958333333316],[55.26041666666541,22.843749999999822]]}},{"type":"Feature","properties":{"HYRIV_ID":20876451,"NEXT_DOWN":20876450,"MAIN_RIV":20877271,"LENGTH_KM":5.6,"CATCH_SKM":20.77,"DIS_AV_CMS":0.001,"ORD_STRA":1,"ORD_FLOW":9},"geometry":{"type":"LineString","coordinates":[[55.32916666666543,22.845833333333154],[55.32291666666535,22.83958333333316],[55.31458333333205,22.83958333333316],[55.31041666666539,22.843749999999822],[55.302083333332064,22.843749999999822],[55.2979166666654,22.83958333333316],[55.29374999999874,22.83958333333316],[55.28541666666544,22.831249999999848]]}},{"type":"Feature","properties":{"HYRIV_ID":20876490,"NEXT_DOWN":20876542,"MAIN_RIV":20877271,"LENGTH_KM":1.5700001,"CATCH_SKM":13.25,"DIS_AV_CMS":0.001,"ORD_STRA":1,"ORD_FLOW":9},"geometry":{"type":"LineString","coordinates":[[55.349999999998715,22.837499999999828],[55.35624999999871,22.831249999999848],[55.35208333333205,22.827083333333185]]}},{"type":"Feature","properties":{"HYRIV_ID":20876491,"NEXT_DOWN":20876542,"MAIN_RIV":20877271,"LENGTH_KM":7.71,"CATCH_SKM":39.360001,"DIS_AV_CMS":0.001,"ORD_STRA":1,"ORD_FLOW":9},"geometry":{"type":"LineString","coordinates":[[55.41249999999877,22.85833333333317],[55.40624999999878,22.852083333333177],[55.402083333332115,22.852083333333177],[55.39791666666537,22.847916666666514],[55.39374999999873,22.847916666666514],[55.38541666666541,22.83958333333316],[55.368749999998755,22.83958333333316],[55.35624999999871,22.827083333333185],[55.35208333333205,22.827083333333185]]}},{"type":"Feature","properties":{"HYRIV_ID":20876539,"NEXT_DOWN":20876718,"MAIN_RIV":20878669,"LENGTH_KM":1.89,"CATCH_SKM":4.35,"DIS_AV_CMS":0.0,"ORD_STRA":5,"ORD_FLOW":10},"geometry":{"type":"LineString","coordinates":[[54.39374999999876,22.835416666666497],[54.40624999999872,22.82291666666648]]}},{"type":"Feature","properties":{"HYRIV_ID":20876540,"NEXT_DOWN":20877133,"MAIN_RIV":20878589,"LENGTH_KM":2.6500001,"CATCH_SKM":12.66,"DIS_AV_CMS":0.003,"ORD_STRA":2,"ORD_FLOW":9},"geometry":{"type":"LineString","coordinates":[[54.68124999999878,22.843749999999822],[54.685416666665446,22.83958333333316],[54.685416666665446,22.835416666666497],[54.68958333333211,22.831249999999848],[54.68958333333211,22.82291666666648]]}},{"type":"Feature","properties":{"HYRIV_ID":20876541,"NEXT_DOWN":20877133,"MAIN_RIV":20878589,"LENGTH_KM":0.64,"CATCH_SKM":11.67,"DIS_AV_CMS":0.001,"ORD_STRA":1,"ORD_FLOW":9},"geometry":{"type":"LineString","coordinates":[[54.695833333332075,22.82291666666648],[54.68958333333211,22.82291666666648]]}},{"type":"Feature","properties":{"HYRIV_ID":20876542,"NEXT_DOWN":20876450,"MAIN_RIV":20877271,"LENGTH_KM":7.85,"CATCH_SKM":32.049999,"DIS_AV_CMS":0.0,"ORD_STRA":2,"ORD_FLOW":10},"geometry":{"type":"LineString","coordinates":[[55.35208333333205,22.827083333333185],[55.31874999999869,22.827083333333185],[55.31458333333205,22.831249999999848],[55.30624999999873,22.831249999999848],[55.302083333332064,22.827083333333185],[55.2979166666654,22.827083333333185],[55.29374999999874,22.82291666666648],[55.28541666666544,22.831249999999848]]}},{"type":"Feature","properties":{"HYRIV_ID":20876624,"NEXT_DOWN":20876199,"MAIN_RIV":20878669,"LENGTH_KM":15.82,"CATCH_SKM":55.990002,"DIS_AV_CMS":0.0,"ORD_STRA":1,"ORD_FLOW":10},"geometry":{"type":"LineString","coordinates":[[54.029166666665475,22.812499999999837],[54.039583333332104,22.82291666666648],[54.04374999999877,22.82291666666648],[54.04791666666543,22.827083333333185],[54.06458333333205,22.827083333333185],[54.068749999998715,22.82291666666648],[54.1104166666654,22.82291666666648],[54.114583333332064,22.827083333333185],[54.1187499999987,22.827083333333185],[54.13124999999877,22.83958333333316],[54.14374999999873,22.83958333333316],[54.156249999998806,22.852083333333177],[54.156249999998806,22.85624999999984]]}},{"type":"Feature","properties":{"HYRIV_ID":20876625,"NEXT_DOWN":20876721,"MAIN_RIV":20877271,"LENGTH_KM":16.3,"CATCH_SKM":50.25,"DIS_AV_CMS":0.0,"ORD_STRA":3,"ORD_FLOW":10},"geometry":{"type":"LineString","coordinates":[[54.83958333333206,22.860416666666488],[54.84374999999872,22.85624999999984],[54.85624999999877,22.85624999999984],[54.86041666666543,22.860416666666488],[54.90208333333209,22.860416666666488],[54.914583333332075,22.847916666666514],[54.91041666666541,22.843749999999822],[54.89374999999879,22.843749999999822],[54.889583333332126,22.83958333333316],[54.90624999999875,22.82291666666648],[54.91041666666541,22.82291666666648],[54.91874999999874,22.814583333333168],[54.9229166666654,22.814583333333168]]}},{"type":"Feature","properties":{"HYRIV_ID":20876626,"NEXT_DOWN":20876721,"MAIN_RIV":20877271,"LENGTH_KM":2.61,"CATCH_SKM":4.35,"DIS_AV_CMS":0.0,"ORD_STRA":3,"ORD_FLOW":10},"geometry":{"type":"LineString","coordinates":[[54.935416666665446,22.831249999999848],[54.935416666665446,22.827083333333185],[54.9312499999987,22.82291666666648],[54.927083333332035,22.82291666666648],[54.9229166666654,22.81874999999983],[54.9229166666654,22.814583333333168]]}},{"type":"Feature","properties":{"HYRIV_ID":20876627,"NEXT_DOWN":20876722,"MAIN_RIV":20878626,"LENGTH_KM":3.81,"CATCH_SKM":18.200001,"DIS_AV_CMS":0.008,"ORD_STRA":1,"ORD_FLOW":9},"geometry":{"type":"LineString","coordinates":[[55.68541666666539,22.845833333333154],[55.68541666666539,22.831249999999848],[55.68124999999873,22.827083333333185],[55.68124999999873,22.82291666666648],[55.68541666666539,22.81874999999983],[55.68541666666539,22.814583333333168]]}},{"type":"Feature","properties":{"HYRIV_ID":20876628,"NEXT_DOWN":20876722,"MAIN_RIV":20878626,"LENGTH_KM":19.07,"CATCH_SKM":56.560001,"DIS_AV_CMS":0.028,"ORD_STRA":1,"ORD_FLOW":8},"geometry":{"type":"LineString","coordinates":[[55.804166666665424,22.91874999999984],[55.79791666666543,22.91874999999984],[55.79374999999877,22.914583333333177],[55.78958333333202,22.914583333333177],[55.785416666665384,22.910416666666528],[55.78124999999872,22.910416666666528],[55.772916666665395,22.90208333333316],[55.76041666666541,22.90208333333316],[55.75624999999877,22.89791666666651],[55.75208333333211,22.89791666666651],[55.747916666665446,22.893749999999848],[55.747916666665446,22.885416666666536],[55.739583333332035,22.877083333333168],[55.739583333332035,22.87291666666652],[55.73541666666537,22.868749999999856],[55.73541666666537,22.86458333333315],[55.727083333332075,22.85624999999984],[55.72291666666541,22.85624999999984],[55.706249999998704,22.83958333333316],[55.706249999998704,22.835416666666497],[55.70208333333204,22.831249999999848],[55.70208333333204,22.827083333333185],[55.69791666666538,22.82291666666648],[55.69791666666538,22.81874999999983],[55.693749999998715,22.814583333333168],[55.68541666666539,22.814583333333168]]}},{"type":"Feature","properties":{"HYRIV_ID":20876674,"NEXT_DOWN":20876717,"MAIN_RIV":20878669,"LENGTH_KM":2.1300001,"CATCH_SKM":3.96,"DIS_AV_CMS":0.0,"ORD_STRA":3,"ORD_FLOW":10},"geometry":{"type":"LineString","coordinates":[[54.331249999998704,22.810416666666505],[54.352083333332075,22.810416666666505]]}},{"type":"Feature","properties":{"HYRIV_ID":20876675,"NEXT_DOWN":20876717,"MAIN_RIV":20878669,"LENGTH_KM":4.3600001,"CATCH_SKM":18.99,"DIS_AV_CMS":0.0,"ORD_STRA":1,"ORD_FLOW":10},"geometry":{"type":"LineString","coordinates":[[54.33333333333212,22.824999999999854],[54.339583333332115,22.831249999999848],[54.34374999999878,22.831249999999848],[54.35624999999874,22.81874999999983],[54.352083333332075,22.814583333333168],[54.352083333332075,22.810416666666505]]}},{"type":"Feature","properties":{"HYRIV_ID":20876715,"NEXT_DOWN":20876311,"MAIN_RIV":20878669,"LENGTH_KM":16.639999,"CATCH_SKM":43.73,"DIS_AV_CMS":0.0,"ORD_STRA":1,"ORD_FLOW":10},"geometry":{"type":"LineString","coordinates":[[54.11249999999873,22.804166666666525],[54.1187499999987,22.810416666666505],[54.147916666665395,22.810416666666505],[54.156249999998806,22.81874999999983],[54.16041666666547,22.81874999999983],[54.16458333333213,22.82291666666648],[54.17291666666543,22.82291666666648],[54.193749999998744,22.843749999999822],[54.21041666666545,22.843749999999822],[54.21874999999878,22.852083333333177],[54.25208333333211,22.852083333333177]]}},{"type":"Feature","properties":{"HYRIV_ID":20876716,"NEXT_DOWN":20876674,"MAIN_RIV":20878669,"LENGTH_KM":0.94,"CATCH_SKM":12.07,"DIS_AV_CMS":0.0,"ORD_STRA":1,"ORD_FLOW":10},"geometry":{"type":"LineString","coordinates":[[54.32499999999874,22.804166666666525],[54.331249999998704,22.810416666666505]]}},{"type":"Feature","properties":{"HYRIV_ID":20876717,"NEXT_DOWN":20876718,"MAIN_RIV":20878669,"LENGTH_KM":6.83,"CATCH_SKM":13.46,"DIS_AV_CMS":0.0,"ORD_STRA":3,"ORD_FLOW":10},"geometry":{"type":"LineString","coordinates":[[54.352083333332075,22.810416666666505],[54.37291666666539,22.810416666666505],[54.37708333333211,22.806249999999856],[54.38124999999877,22.806249999999856],[54.385416666665435,22.810416666666505],[54.397916666665424,22.810416666666505],[54.40624999999872,22.81874999999983],[54.40624999999872,22.82291666666648]]}},{"type":"Feature","properties":{"HYRIV_ID":20876718,"NEXT_DOWN":20877057,"MAIN_RIV":20878669,"LENGTH_KM":3.3800001,"CATCH_SKM":9.5,"DIS_AV_CMS":0.0,"ORD_STRA":5,"ORD_FLOW":10},"geometry":{"type":"LineString","coordinates":[[54.40624999999872,22.82291666666648],[54.41458333333213,22.814583333333168],[54.42291666666546,22.814583333333168],[54.431249999998755,22.806249999999856]]}},{"type":"Feature","properties":{"HYRIV_ID":20876719,"NEXT_DOWN":20876853,"MAIN_RIV":20878669,"LENGTH_KM":2.04,"CATCH_SKM":11.87,"DIS_AV_CMS":0.0,"ORD_STRA":1,"ORD_FLOW":10},"geometry":{"type":"LineString","coordinates":[[54.48333333333207,22.820833333333162],[54.49374999999873,22.810416666666505],[54.49374999999873,22.806249999999856]]}},{"type":"Feature","properties":{"HYRIV_ID":20876720,"NEXT_DOWN":20876853,"MAIN_RIV":20878669,"LENGTH_KM":15.02,"CATCH_SKM":41.150002,"DIS_AV_CMS":0.0,"ORD_STRA":2,"ORD_FLOW":10},"geometry":{"type":"LineString","coordinates":[[54.568749999998744,22.889583333333142],[54.57291666666541,22.885416666666536],[54.57291666666541,22.88124999999983],[54.57708333333207,22.877083333333168],[54.57708333333207,22.860416666666488],[54.57291666666541,22.85624999999984],[54.568749999998744,22.85624999999984],[54.56041666666542,22.847916666666514],[54.56041666666542,22.843749999999822],[54.55624999999878,22.83958333333316],[54.54791666666546,22.83958333333316],[54.53958333333205,22.831249999999848],[54.535416666665384,22.831249999999848],[54.53124999999875,22.827083333333185],[54.52708333333209,22.827083333333185],[54.51874999999876,22.81874999999983],[54.510416666665435,22.81874999999983],[54.5062499999988,22.814583333333168],[54.50208333333205,22.814583333333168],[54.49374999999873,22.806249999999856]]}},{"type":"Feature","properties":{"HYRIV_ID":20876721,"NEXT_DOWN":20876856,"MAIN_RIV":20877271,"LENGTH_KM":1.09,"CATCH_SKM":0.79,"DIS_AV_CMS":0.0,"ORD_STRA":4,"ORD_FLOW":10},"geometry":{"type":"LineString","coordinates":[[54.9229166666654,22.814583333333168],[54.9229166666654,22.810416666666505],[54.91874999999874,22.806249999999856]]}},{"type":"Feature","properties":{"HYRIV_ID":20876722,"NEXT_DOWN":20876908,"MAIN_RIV":20878626,"LENGTH_KM":0.93,"CATCH_SKM":1.58,"DIS_AV_CMS":0.037,"ORD_STRA":2,"ORD_FLOW":8},"geometry":{"type":"LineString","coordinates":[[55.68541666666539,22.814583333333168],[55.68541666666539,22.806249999999856]]}},{"type":"Feature","properties":{"HYRIV_ID":20876723,"NEXT_DOWN":20876908,"MAIN_RIV":20878626,"LENGTH_KM":12.05,"CATCH_SKM":33.029999,"DIS_AV_CMS":0.023,"ORD_STRA":1,"ORD_FLOW":8},"geometry":{"type":"LineString","coordinates":[[55.7666666666654,22.866666666666482],[55.76041666666541,22.860416666666488],[55.76041666666541,22.847916666666514],[55.7437499999987,22.831249999999848],[55.73541666666537,22.831249999999848],[55.73124999999874,22.827083333333185],[55.727083333332075,22.827083333333185],[55.72291666666541,22.82291666666648],[55.71874999999875,22.82291666666648],[55.706249999998704,22.810416666666505],[55.70208333333204,22.810416666666505],[55.69791666666538,22.806249999999856],[55.68541666666539,22.806249999999856]]}},{"type":"Feature","properties":{"HYRIV_ID":20876761,"NEXT_DOWN":20876199,"MAIN_RIV":20878669,"LENGTH_KM":35.740002,"CATCH_SKM":96.739998,"DIS_AV_CMS":0.0,"ORD_STRA":4,"ORD_FLOW":10},"geometry":{"type":"LineString","coordinates":[[53.84374999999875,22.80208333333315],[53.852083333332075,22.810416666666505],[53.852083333332075,22.814583333333168],[53.85624999999871,22.81874999999983],[53.86874999999878,22.81874999999983],[53.87708333333211,22.827083333333185],[53.906249999998806,22.827083333333185],[53.91041666666544,22.831249999999848],[53.92708333333209,22.831249999999848],[53.93541666666539,22.83958333333316],[54.00208333333211,22.83958333333316],[54.010416666665435,22.847916666666514],[54.077083333332126,22.847916666666514],[54.08124999999879,22.843749999999822],[54.08541666666545,22.847916666666514],[54.1104166666654,22.847916666666514],[54.1187499999987,22.85624999999984],[54.135416666665435,22.85624999999984],[54.1395833333321,22.860416666666488],[54.14374999999873,22.860416666666488],[54.147916666665395,22.85624999999984],[54.156249999998806,22.85624999999984]]}},{"type":"Feature","properties":{"HYRIV_ID":20876802,"NEXT_DOWN":20876982,"MAIN_RIV":20878669,"LENGTH_KM":2.25,"CATCH_SKM":14.24,"DIS_AV_CMS":0.001,"ORD_STRA":1,"ORD_FLOW":9},"geometry":{"type":"LineString","coordinates":[[54.58958333333203,22.816666666666542],[54.58958333333203,22.810416666666505],[54.585416666665395,22.806249999999856],[54.585416666665395,22.797916666666488]]}},{"type":"Feature","properties":{"HYRIV_ID":20876803,"NEXT_DOWN":20877316,"MAIN_RIV":20878589,"LENGTH_KM":1.62,"CATCH_SKM":11.48,"DIS_AV_CMS":0.001,"ORD_STRA":1,"ORD_FLOW":9},"geometry":{"type":"LineString","coordinates":[[54.74791666666539,22.812499999999837],[54.74791666666539,22.797916666666488]]}},{"type":"Feature","properties":{"HYRIV_ID":20876804,"NEXT_DOWN":20877316,"MAIN_RIV":20878589,"LENGTH_KM":0.64,"CATCH_SKM":11.88,"DIS_AV_CMS":0.001,"ORD_STRA":1,"ORD_FLOW":9},"geometry":{"type":"LineString","coordinates":[[54.754166666665384,22.797916666666488],[54.74791666666539,22.797916666666488]]}},{"type":"Feature","properties":{"HYRIV_ID":20876805,"NEXT_DOWN":20877099,"MAIN_RIV":20878626,"LENGTH_KM":10.13,"CATCH_SKM":34.810001,"DIS_AV_CMS":0.0,"ORD_STRA":1,"ORD_FLOW":10},"geometry":{"type":"LineString","coordinates":[[55.45624999999876,22.86249999999982],[55.45624999999876,22.852083333333177],[55.44791666666535,22.843749999999822],[55.43958333333205,22.843749999999822],[55.427083333332064,22.831249999999848],[55.43541666666539,22.82291666666648],[55.43541666666539,22.81874999999983],[55.43124999999873,22.814583333333168],[55.43124999999873,22.810416666666505],[55.427083333332064,22.806249999999856],[55.43124999999873,22.80208333333315],[55.43541666666539,22.80208333333315],[55.43541666666539,22.797916666666488]]}},{"type":"Feature","properties":{"HYRIV_ID":20876806,"NEXT_DOWN":20877099,"MAIN_RIV":20878626,"LENGTH_KM":10.46,"CATCH_SKM":22.75,"DIS_AV_CMS":0.0,"ORD_STRA":2,"ORD_FLOW":10},"geometry":{"type":"LineString","coordinates":[[55.50208333333208,22.85624999999984],[55.497916666665446,22.852083333333177],[55.49374999999878,22.852083333333177],[55.489583333332035,22.847916666666514],[55.489583333332035,22.843749999999822],[55.48541666666537,22.83958333333316],[55.472916666665384,22.83958333333316],[55.46874999999875,22.835416666666497],[55.46458333333209,22.835416666666497],[55.44791666666535,22.81874999999983],[55.44791666666535,22.810416666666505],[55.43541666666539,22.797916666666488]]}},{"type":"Feature","properties":{"HYRIV_ID":20876850,"NEXT_DOWN":20876851,"MAIN_RIV":20878669,"LENGTH_KM":7.0900002,"CATCH_SKM":31.85,"DIS_AV_CMS":0.0,"ORD_STRA":1,"ORD_FLOW":10},"geometry":{"type":"LineString","coordinates":[[54.21249999999878,22.831249999999848],[54.23124999999874,22.831249999999848],[54.239583333332064,22.82291666666648],[54.23124999999874,22.814583333333168],[54.23124999999874,22.806249999999856],[54.227083333332075,22.80208333333315],[54.23124999999874,22.797916666666488],[54.23124999999874,22.79374999999984]]}},{"type":"Feature","properties":{"HYRIV_ID":20876851,"NEXT_DOWN":20876852,"MAIN_RIV":20878669,"LENGTH_KM":1.28,"CATCH_SKM":1.98,"DIS_AV_CMS":0.0,"ORD_STRA":3,"ORD_FLOW":10},"geometry":{"type":"LineString","coordinates":[[54.23124999999874,22.79374999999984],[54.24374999999873,22.79374999999984]]}},{"type":"Feature","properties":{"HYRIV_ID":20876852,"NEXT_DOWN":20876674,"MAIN_RIV":20878669,"LENGTH_KM":10.19,"CATCH_SKM":23.549999,"DIS_AV_CMS":0.0,"ORD_STRA":3,"ORD_FLOW":10},"geometry":{"type":"LineString","coordinates":[[54.24374999999873,22.79374999999984],[54.25208333333211,22.80208333333315],[54.30208333333209,22.80208333333315],[54.31041666666542,22.810416666666505],[54.318749999998744,22.810416666666505],[54.32291666666541,22.814583333333168],[54.32708333333204,22.814583333333168],[54.331249999998704,22.810416666666505]]}},{"type":"Feature","properties":{"HYRIV_ID":20876853,"NEXT_DOWN":20877057,"MAIN_RIV":20878669,"LENGTH_KM":7.8800001,"CATCH_SKM":18.01,"DIS_AV_CMS":0.0,"ORD_STRA":2,"ORD_FLOW":10},"geometry":{"type":"LineString","coordinates":[[54.49374999999873,22.806249999999856],[54.489583333332064,22.80208333333315],[54.47291666666544,22.80208333333315],[54.464583333332115,22.79374999999984],[54.456249999998704,22.79374999999984],[54.45208333333207,22.797916666666488],[54.45208333333207,22.80208333333315],[54.44791666666541,22.806249999999856],[54.431249999998755,22.806249999999856]]}},{"type":"Feature","properties":{"HYRIV_ID":20876854,"NEXT_DOWN":20876982,"MAIN_RIV":20878669,"LENGTH_KM":4.04,"CATCH_SKM":25.92,"DIS_AV_CMS":0.002,"ORD_STRA":1,"ORD_FLOW":9},"geometry":{"type":"LineString","coordinates":[[54.62083333333206,22.797916666666488],[54.614583333332064,22.797916666666488],[54.61041666666543,22.79374999999984],[54.59791666666544,22.79374999999984],[54.59374999999878,22.797916666666488],[54.585416666665395,22.797916666666488]]}},{"type":"Feature","properties":{"HYRIV_ID":20876855,"NEXT_DOWN":20877271,"MAIN_RIV":20877271,"LENGTH_KM":11.75,"CATCH_SKM":39.18,"DIS_AV_CMS":0.001,"ORD_STRA":1,"ORD_FLOW":9},"geometry":{"type":"LineString","coordinates":[[54.799999999998704,22.810416666666505],[54.83958333333206,22.810416666666505],[54.84374999999872,22.814583333333168],[54.847916666665355,22.814583333333168],[54.85208333333202,22.81874999999983],[54.86041666666543,22.81874999999983],[54.86458333333209,22.814583333333168],[54.87291666666539,22.814583333333168],[54.87708333333205,22.810416666666505],[54.881249999998715,22.810416666666505],[54.88541666666538,22.806249999999856],[54.889583333332126,22.806249999999856],[54.89374999999879,22.80208333333315],[54.89374999999879,22.79374999999984]]}},{"type":"Feature","properties":{"HYRIV_ID":20876856,"NEXT_DOWN":20877271,"MAIN_RIV":20877271,"LENGTH_KM":3.1700001,"CATCH_SKM":6.9299998,"DIS_AV_CMS":0.0,"ORD_STRA":4,"ORD_FLOW":10},"geometry":{"type":"LineString","coordinates":[[54.91874999999874,22.806249999999856],[54.914583333332075,22.80208333333315],[54.91041666666541,22.80208333333315],[54.90624999999875,22.797916666666488],[54.90208333333209,22.797916666666488],[54.89791666666545,22.79374999999984],[54.89374999999879,22.79374999999984]]}},{"type":"Feature","properties":{"HYRIV_ID":20876857,"NEXT_DOWN":20876159,"MAIN_RIV":20877271,"LENGTH_KM":35.59,"CATCH_SKM":133.92999,"DIS_AV_CMS":0.0,"ORD_STRA":1,"ORD_FLOW":10},"geometry":{"type":"LineString","coordinates":[[55.26458333333204,22.79999999999982],[55.26458333333204,22.79374999999984],[55.26041666666541,22.79374999999984],[55.25208333333208,22.80208333333315],[55.21458333333206,22.80208333333315],[55.20624999999876,22.810416666666505],[55.2020833333321,22.810416666666505],[55.197916666665435,22.814583333333168],[55.19374999999877,22.814583333333168],[55.189583333332024,22.81874999999983],[55.189583333332024,22.82291666666648],[55.18541666666539,22.827083333333185],[55.16874999999874,22.827083333333185],[55.16041666666541,22.835416666666497],[55.16041666666541,22.83958333333316],[55.14791666666545,22.852083333333177],[55.13541666666538,22.852083333333177],[55.12708333333208,22.860416666666488],[55.12291666666542,22.85624999999984],[55.03124999999875,22.85624999999984],[55.027083333332115,22.860416666666488],[55.01874999999879,22.860416666666488],[55.014583333332126,22.86458333333315],[55.00208333333208,22.86458333333315],[54.99791666666542,22.860416666666488],[54.96874999999872,22.860416666666488]]}},{"type":"Feature","properties":{"HYRIV_ID":20876908,"NEXT_DOWN":20877494,"MAIN_RIV":20878626,"LENGTH_KM":2.6500001,"CATCH_SKM":3.1700001,"DIS_AV_CMS":0.061,"ORD_STRA":2,"ORD_FLOW":8},"geometry":{"type":"LineString","coordinates":[[55.68541666666539,22.806249999999856],[55.68958333333205,22.80208333333315],[55.68958333333205,22.797916666666488],[55.68541666666539,22.79374999999984],[55.68541666666539,22.785416666666514]]}},{"type":"Feature","properties":{"HYRIV_ID":20876945,"NEXT_DOWN":20877493,"MAIN_RIV":20878626,"LENGTH_KM":4.06,"CATCH_SKM":19.190001,"DIS_AV_CMS":0.005,"ORD_STRA":1,"ORD_FLOW":9},"geometry":{"type":"LineString","coordinates":[[55.60416666666538,22.812499999999837],[55.59791666666541,22.806249999999856],[55.59791666666541,22.80208333333315],[55.59374999999875,22.797916666666488],[55.59374999999875,22.79374999999984],[55.58958333333209,22.789583333333177],[55.58958333333209,22.781249999999865]]}},{"type":"Feature","properties":{"HYRIV_ID":20876946,"NEXT_DOWN":20877493,"MAIN_RIV":20878626,"LENGTH_KM":7.3400002,"CATCH_SKM":24.139999,"DIS_AV_CMS":0.009,"ORD_STRA":1,"ORD_FLOW":9},"geometry":{"type":"LineString","coordinates":[[55.62499999999878,22.820833333333162],[55.614583333332035,22.810416666666505],[55.61874999999878,22.806249999999856],[55.614583333332035,22.80208333333315],[55.614583333332035,22.79374999999984],[55.60624999999871,22.785416666666514],[55.602083333332075,22.789583333333177],[55.59791666666541,22.785416666666514],[55.59374999999875,22.785416666666514],[55.58958333333209,22.781249999999865]]}},{"type":"Feature","properties":{"HYRIV_ID":20876947,"NEXT_DOWN":20877494,"MAIN_RIV":20878626,"LENGTH_KM":27.8,"CATCH_SKM":75.75,"DIS_AV_CMS":0.373,"ORD_STRA":3,"ORD_FLOW":7},"geometry":{"type":"LineString","coordinates":[[55.8687499999987,22.93541666666652],[55.85624999999874,22.922916666666502],[55.85624999999874,22.91874999999984],[55.84374999999875,22.906249999999822],[55.84374999999875,22.90208333333316],[55.839583333332,22.90208333333316],[55.831249999998704,22.893749999999848],[55.82708333333204,22.893749999999848],[55.81458333333205,22.88124999999983],[55.81041666666542,22.88124999999983],[55.806249999998755,22.877083333333168],[55.806249999998755,22.87291666666652],[55.79374999999877,22.860416666666488],[55.78958333333202,22.860416666666488],[55.76874999999873,22.83958333333316],[55.76874999999873,22.835416666666497],[55.7437499999987,22.810416666666505],[55.739583333332035,22.810416666666505],[55.73541666666537,22.806249999999856],[55.73541666666537,22.80208333333315],[55.72291666666541,22.789583333333177],[55.71458333333209,22.789583333333177],[55.71041666666534,22.785416666666514],[55.69791666666538,22.785416666666514],[55.693749999998715,22.781249999999865],[55.68958333333205,22.781249999999865],[55.68541666666539,22.785416666666514]]}},{"type":"Feature","properties":{"HYRIV_ID":20876981,"NEXT_DOWN":20877020,"MAIN_RIV":20878669,"LENGTH_KM":5.2800002,"CATCH_SKM":27.5,"DIS_AV_CMS":0.002,"ORD_STRA":1,"ORD_FLOW":9},"geometry":{"type":"LineString","coordinates":[[54.54999999999879,22.812499999999837],[54.535416666665384,22.797916666666488],[54.53124999999875,22.797916666666488],[54.52708333333209,22.79374999999984],[54.52708333333209,22.785416666666514],[54.522916666665424,22.781249999999865],[54.522916666665424,22.77708333333316]]}},{"type":"Feature","properties":{"HYRIV_ID":20876982,"NEXT_DOWN":20877020,"MAIN_RIV":20878669,"LENGTH_KM":7.83,"CATCH_SKM":22.17,"DIS_AV_CMS":0.001,"ORD_STRA":2,"ORD_FLOW":9},"geometry":{"type":"LineString","coordinates":[[54.585416666665395,22.797916666666488],[54.58124999999873,22.797916666666488],[54.568749999998744,22.785416666666514],[54.55624999999878,22.785416666666514],[54.54791666666546,22.77708333333316],[54.543749999998795,22.77708333333316],[54.53958333333205,22.781249999999865],[54.535416666665384,22.77708333333316],[54.522916666665424,22.77708333333316]]}},{"type":"Feature","properties":{"HYRIV_ID":20876983,"NEXT_DOWN":20877058,"MAIN_RIV":20877271,"LENGTH_KM":4.5,"CATCH_SKM":23.35,"DIS_AV_CMS":0.001,"ORD_STRA":1,"ORD_FLOW":9},"geometry":{"type":"LineString","coordinates":[[55.06666666666544,22.789583333333177],[55.0562499999987,22.789583333333177],[55.052083333332064,22.785416666666514],[55.03541666666541,22.785416666666514],[55.03124999999875,22.781249999999865],[55.03124999999875,22.77708333333316]]}},{"type":"Feature","properties":{"HYRIV_ID":20877019,"NEXT_DOWN":20877215,"MAIN_RIV":20878669,"LENGTH_KM":3.1800001,"CATCH_SKM":19.200001,"DIS_AV_CMS":0.001,"ORD_STRA":1,"ORD_FLOW":9},"geometry":{"type":"LineString","coordinates":[[54.491666666665395,22.772916666666497],[54.50208333333205,22.772916666666497],[54.5062499999988,22.77708333333316],[54.5145833333321,22.77708333333316],[54.51874999999876,22.772916666666497]]}},{"type":"Feature","properties":{"HYRIV_ID":20877020,"NEXT_DOWN":20877215,"MAIN_RIV":20878669,"LENGTH_KM":0.63,"CATCH_SKM":0.2,"DIS_AV_CMS":0.002,"ORD_STRA":2,"ORD_FLOW":9},"geometry":{"type":"LineString","coordinates":[[54.522916666665424,22.77708333333316],[54.51874999999876,22.772916666666497]]}},{"type":"Feature","properties":{"HYRIV_ID":20877021,"NEXT_DOWN":20877568,"MAIN_RIV":20878626,"LENGTH_KM":4.6500001,"CATCH_SKM":33.439999,"DIS_AV_CMS":0.001,"ORD_STRA":1,"ORD_FLOW":9},"geometry":{"type":"LineString","coordinates":[[55.383333333332075,22.804166666666525],[55.37708333333208,22.797916666666488],[55.381249999998744,22.79374999999984],[55.37708333333208,22.789583333333177],[55.37708333333208,22.77708333333316],[55.37291666666542,22.772916666666497],[55.368749999998755,22.772916666666497]]}},{"type":"Feature","properties":{"HYRIV_ID":20877057,"NEXT_DOWN":20877175,"MAIN_RIV":20878669,"LENGTH_KM":4.5,"CATCH_SKM":14.84,"DIS_AV_CMS":0.0,"ORD_STRA":5,"ORD_FLOW":10},"geometry":{"type":"LineString","coordinates":[[54.431249999998755,22.806249999999856],[54.43541666666542,22.80208333333315],[54.43541666666542,22.789583333333177],[54.431249999998755,22.785416666666514],[54.431249999998755,22.768749999999848]]}},{"type":"Feature","properties":{"HYRIV_ID":20877058,"NEXT_DOWN":20876856,"MAIN_RIV":20877271,"LENGTH_KM":14.03,"CATCH_SKM":45.52,"DIS_AV_CMS":0.0,"ORD_STRA":2,"ORD_FLOW":10},"geometry":{"type":"LineString","coordinates":[[55.03124999999875,22.77708333333316],[55.027083333332115,22.77708333333316],[55.02291666666545,22.772916666666497],[55.01874999999879,22.772916666666497],[55.014583333332126,22.768749999999848],[55.006249999998715,22.768749999999848],[55.00208333333208,22.772916666666497],[54.98541666666543,22.772916666666497],[54.96458333333206,22.79374999999984],[54.960416666665395,22.79374999999984],[54.960416666665395,22.797916666666488],[54.95624999999873,22.80208333333315],[54.93958333333211,22.80208333333315],[54.935416666665446,22.806249999999856],[54.91874999999874,22.806249999999856]]}},{"type":"Feature","properties":{"HYRIV_ID":20877095,"NEXT_DOWN":20876851,"MAIN_RIV":20878669,"LENGTH_KM":27.84,"CATCH_SKM":78.169998,"DIS_AV_CMS":0.0,"ORD_STRA":3,"ORD_FLOW":10},"geometry":{"type":"LineString","coordinates":[[53.9854166666654,22.764583333333185],[53.99374999999878,22.772916666666497],[53.997916666665446,22.772916666666497],[54.00208333333211,22.77708333333316],[54.00624999999877,22.77708333333316],[54.010416666665435,22.781249999999865],[54.031249999998806,22.781249999999865],[54.03541666666547,22.785416666666514],[54.09374999999875,22.785416666666514],[54.09791666666541,22.781249999999865],[54.1187499999987,22.781249999999865],[54.122916666665446,22.77708333333316],[54.1395833333321,22.77708333333316],[54.156249999998806,22.79374999999984],[54.181249999998755,22.79374999999984],[54.18541666666542,22.797916666666488],[54.21041666666545,22.797916666666488],[54.214583333332115,22.79374999999984],[54.23124999999874,22.79374999999984]]}},{"type":"Feature","properties":{"HYRIV_ID":20877096,"NEXT_DOWN":20877175,"MAIN_RIV":20878669,"LENGTH_KM":9.7,"CATCH_SKM":37.41,"DIS_AV_CMS":0.0,"ORD_STRA":1,"ORD_FLOW":10},"geometry":{"type":"LineString","coordinates":[[54.39583333333209,22.791666666666508],[54.40208333333209,22.797916666666488],[54.41041666666547,22.789583333333177],[54.41041666666547,22.785416666666514],[54.40624999999872,22.781249999999865],[54.40208333333209,22.781249999999865],[54.39374999999876,22.772916666666497],[54.39374999999876,22.768749999999848],[54.397916666665424,22.764583333333185],[54.418749999998795,22.764583333333185],[54.42291666666546,22.768749999999848],[54.431249999998755,22.768749999999848]]}},{"type":"Feature","properties":{"HYRIV_ID":20877097,"NEXT_DOWN":20877058,"MAIN_RIV":20877271,"LENGTH_KM":3.6,"CATCH_SKM":7.9200001,"DIS_AV_CMS":0.0,"ORD_STRA":2,"ORD_FLOW":10},"geometry":{"type":"LineString","coordinates":[[55.06041666666536,22.764583333333185],[55.0562499999987,22.764583333333185],[55.052083333332064,22.768749999999848],[55.04374999999874,22.768749999999848],[55.03541666666541,22.77708333333316],[55.03124999999875,22.77708333333316]]}},{"type":"Feature","properties":{"HYRIV_ID":20877098,"NEXT_DOWN":20876159,"MAIN_RIV":20877271,"LENGTH_KM":40.959999,"CATCH_SKM":141.28999,"DIS_AV_CMS":0.0,"ORD_STRA":1,"ORD_FLOW":10},"geometry":{"type":"LineString","coordinates":[[55.27499999999878,22.766666666666517],[55.268749999998704,22.772916666666497],[55.26458333333204,22.772916666666497],[55.256249999998744,22.764583333333185],[55.25208333333208,22.768749999999848],[55.24791666666542,22.768749999999848],[55.243749999998755,22.772916666666497],[55.23541666666537,22.772916666666497],[55.23124999999871,22.768749999999848],[55.222916666665384,22.77708333333316],[55.21874999999872,22.77708333333316],[55.21458333333206,22.781249999999865],[55.20624999999876,22.781249999999865],[55.2020833333321,22.785416666666514],[55.197916666665435,22.785416666666514],[55.197916666665435,22.79374999999984],[55.19374999999877,22.797916666666488],[55.18541666666539,22.797916666666488],[55.18124999999873,22.80208333333315],[55.177083333332064,22.80208333333315],[55.16041666666541,22.81874999999983],[55.15624999999878,22.81874999999983],[55.152083333332115,22.82291666666648],[55.13541666666538,22.82291666666648],[55.131249999998744,22.81874999999983],[55.12708333333208,22.82291666666648],[55.118749999998755,22.82291666666648],[55.11458333333209,22.81874999999983],[55.11041666666543,22.81874999999983],[55.10624999999871,22.814583333333168],[55.085416666665395,22.814583333333168],[55.08124999999876,22.81874999999983],[55.072916666665435,22.81874999999983],[55.06874999999877,22.82291666666648],[55.06458333333211,22.82291666666648],[55.06041666666536,22.827083333333185],[55.0562499999987,22.82291666666648],[55.04374999999874,22.82291666666648],[55.039583333332075,22.827083333333185],[55.03541666666541,22.827083333333185],[55.03124999999875,22.831249999999848],[54.97708333333205,22.831249999999848],[54.96874999999872,22.83958333333316],[54.972916666665384,22.843749999999822],[54.972916666665384,22.852083333333177],[54.96874999999872,22.85624999999984],[54.96874999999872,22.860416666666488]]}},{"type":"Feature","properties":{"HYRIV_ID":20877099,"NEXT_DOWN":20877176,"MAIN_RIV":20878626,"LENGTH_KM":4.8,"CATCH_SKM":13.46,"DIS_AV_CMS":0.0,"ORD_STRA":2,"ORD_FLOW":10},"geometry":{"type":"LineString","coordinates":[[55.43541666666539,22.797916666666488],[55.43541666666539,22.789583333333177],[55.4229166666654,22.77708333333316],[55.41874999999877,22.77708333333316],[55.41874999999877,22.772916666666497],[55.4229166666654,22.768749999999848],[55.4229166666654,22.764583333333185]]}},{"type":"Feature","properties":{"HYRIV_ID":20877133,"NEXT_DOWN":20877315,"MAIN_RIV":20878589,"LENGTH_KM":8.2799997,"CATCH_SKM":20.58,"DIS_AV_CMS":0.0,"ORD_STRA":2,"ORD_FLOW":10},"geometry":{"type":"LineString","coordinates":[[54.68958333333211,22.82291666666648],[54.68958333333211,22.81874999999983],[54.68124999999878,22.810416666666505],[54.68124999999878,22.806249999999856],[54.66458333333205,22.789583333333177],[54.66458333333205,22.781249999999865],[54.65624999999875,22.772916666666497],[54.65624999999875,22.760416666666522]]}},{"type":"Feature","properties":{"HYRIV_ID":20877134,"NEXT_DOWN":20877097,"MAIN_RIV":20877271,"LENGTH_KM":15.12,"CATCH_SKM":59.77,"DIS_AV_CMS":0.0,"ORD_STRA":1,"ORD_FLOW":10},"geometry":{"type":"LineString","coordinates":[[55.179166666665395,22.766666666666517],[55.1729166666654,22.760416666666522],[55.16041666666541,22.760416666666522],[55.152083333332115,22.768749999999848],[55.14374999999879,22.768749999999848],[55.13541666666538,22.77708333333316],[55.12291666666542,22.764583333333185],[55.118749999998755,22.764583333333185],[55.11458333333209,22.768749999999848],[55.09374999999872,22.768749999999848],[55.08958333333206,22.764583333333185],[55.08124999999876,22.764583333333185],[55.0770833333321,22.760416666666522],[55.072916666665435,22.764583333333185],[55.06874999999877,22.760416666666522],[55.06458333333211,22.764583333333185],[55.06041666666536,22.764583333333185]]}},{"type":"Feature","properties":{"HYRIV_ID":20877135,"NEXT_DOWN":20877176,"MAIN_RIV":20878626,"LENGTH_KM":1.06,"CATCH_SKM":1.1900001,"DIS_AV_CMS":0.0,"ORD_STRA":2,"ORD_FLOW":10},"geometry":{"type":"LineString","coordinates":[[55.43124999999873,22.760416666666522],[55.427083333332064,22.764583333333185],[55.4229166666654,22.764583333333185]]}},{"type":"Feature","properties":{"HYRIV_ID":20877136,"NEXT_DOWN":20877135,"MAIN_RIV":20878626,"LENGTH_KM":12.6,"CATCH_SKM":49.470001,"DIS_AV_CMS":0.0,"ORD_STRA":1,"ORD_FLOW":10},"geometry":{"type":"LineString","coordinates":[[55.520833333332064,22.806249999999856],[55.497916666665446,22.806249999999856],[55.49374999999878,22.80208333333315],[55.48541666666537,22.80208333333315],[55.48124999999871,22.797916666666488],[55.47708333333205,22.797916666666488],[55.472916666665384,22.80208333333315],[55.46874999999875,22.80208333333315],[55.46458333333209,22.797916666666488],[55.46458333333209,22.79374999999984],[55.460416666665424,22.789583333333177],[55.460416666665424,22.785416666666514],[55.45624999999876,22.781249999999865],[55.45208333333201,22.781249999999865],[55.443749999998715,22.772916666666497],[55.443749999998715,22.768749999999848],[55.43958333333205,22.764583333333185],[55.43541666666539,22.764583333333185],[55.43124999999873,22.760416666666522]]}},{"type":"Feature","properties":{"HYRIV_ID":20877137,"NEXT_DOWN":20877135,"MAIN_RIV":20878626,"LENGTH_KM":0.43,"CATCH_SKM":0.4,"DIS_AV_CMS":0.001,"ORD_STRA":2,"ORD_FLOW":9},"geometry":{"type":"LineString","coordinates":[[55.43541666666539,22.760416666666522],[55.43124999999873,22.760416666666522]]}},{"type":"Feature","properties":{"HYRIV_ID":20877175,"NEXT_DOWN":20877270,"MAIN_RIV":20878669,"LENGTH_KM":1.56,"CATCH_SKM":1.98,"DIS_AV_CMS":0.0,"ORD_STRA":5,"ORD_FLOW":10},"geometry":{"type":"LineString","coordinates":[[54.431249999998755,22.768749999999848],[54.431249999998755,22.760416666666522],[54.43541666666542,22.756249999999817]]}},{"type":"Feature","properties":{"HYRIV_ID":20877176,"NEXT_DOWN":20877568,"MAIN_RIV":20878626,"LENGTH_KM":7.0300002,"CATCH_SKM":28.110001,"DIS_AV_CMS":0.0,"ORD_STRA":3,"ORD_FLOW":10},"geometry":{"type":"LineString","coordinates":[[55.4229166666654,22.764583333333185],[55.41874999999877,22.760416666666522],[55.38958333333207,22.760416666666522],[55.38541666666541,22.756249999999817],[55.381249999998744,22.760416666666522],[55.37708333333208,22.760416666666522],[55.37291666666542,22.764583333333185],[55.37291666666542,22.768749999999848],[55.368749999998755,22.772916666666497]]}},{"type":"Feature","properties":{"HYRIV_ID":20877212,"NEXT_DOWN":20877095,"MAIN_RIV":20878669,"LENGTH_KM":4.0300002,"CATCH_SKM":9.5,"DIS_AV_CMS":0.0,"ORD_STRA":2,"ORD_FLOW":10},"geometry":{"type":"LineString","coordinates":[[54.01874999999873,22.752083333333168],[54.01458333333207,22.756249999999817],[54.00624999999877,22.756249999999817],[54.00208333333211,22.760416666666522],[53.989583333332035,22.760416666666522],[53.9854166666654,22.764583333333185]]}},{"type":"Feature","properties":{"HYRIV_ID":20877213,"NEXT_DOWN":20877214,"MAIN_RIV":20878669,"LENGTH_KM":7.6599998,"CATCH_SKM":26.719999,"DIS_AV_CMS":0.0,"ORD_STRA":1,"ORD_FLOW":10},"geometry":{"type":"LineString","coordinates":[[54.09166666666542,22.756249999999817],[54.114583333332064,22.756249999999817],[54.1187499999987,22.760416666666522],[54.1395833333321,22.760416666666522],[54.14374999999873,22.756249999999817],[54.156249999998806,22.756249999999817],[54.16041666666547,22.752083333333168]]}},{"type":"Feature","properties":{"HYRIV_ID":20877214,"NEXT_DOWN":20876852,"MAIN_RIV":20878669,"LENGTH_KM":11.62,"CATCH_SKM":43.549999,"DIS_AV_CMS":0.0,"ORD_STRA":2,"ORD_FLOW":10},"geometry":{"type":"LineString","coordinates":[[54.16041666666547,22.752083333333168],[54.16458333333213,22.756249999999817],[54.18958333333208,22.756249999999817],[54.193749999998744,22.760416666666522],[54.202083333332126,22.760416666666522],[54.21041666666545,22.768749999999848],[54.214583333332115,22.768749999999848],[54.21874999999878,22.772916666666497],[54.239583333332064,22.772916666666497],[54.24374999999873,22.77708333333316],[54.24374999999873,22.79374999999984]]}},{"type":"Feature","properties":{"HYRIV_ID":20877215,"NEXT_DOWN":20877455,"MAIN_RIV":20878669,"LENGTH_KM":2.32,"CATCH_SKM":4.9499998,"DIS_AV_CMS":0.0,"ORD_STRA":2,"ORD_FLOW":10},"geometry":{"type":"LineString","coordinates":[[54.51874999999876,22.772916666666497],[54.51874999999876,22.752083333333168]]}},{"type":"Feature","properties":{"HYRIV_ID":20877216,"NEXT_DOWN":20877455,"MAIN_RIV":20878669,"LENGTH_KM":12.19,"CATCH_SKM":46.91,"DIS_AV_CMS":0.001,"ORD_STRA":1,"ORD_FLOW":9},"geometry":{"type":"LineString","coordinates":[[54.62083333333206,22.770833333333165],[54.61041666666543,22.760416666666522],[54.59791666666544,22.760416666666522],[54.59374999999878,22.756249999999817],[54.57708333333207,22.756249999999817],[54.568749999998744,22.764583333333185],[54.56458333333208,22.764583333333185],[54.56041666666542,22.760416666666522],[54.53958333333205,22.760416666666522],[54.535416666665384,22.756249999999817],[54.52708333333209,22.756249999999817],[54.522916666665424,22.752083333333168],[54.51874999999876,22.752083333333168]]}},{"type":"Feature","properties":{"HYRIV_ID":20877217,"NEXT_DOWN":20877315,"MAIN_RIV":20878589,"LENGTH_KM":4.9499998,"CATCH_SKM":20.98,"DIS_AV_CMS":0.001,"ORD_STRA":1,"ORD_FLOW":9},"geometry":{"type":"LineString","coordinates":[[54.69166666666541,22.770833333333165],[54.68124999999878,22.760416666666522],[54.67291666666546,22.760416666666522],[54.66458333333205,22.752083333333168],[54.65624999999875,22.760416666666522]]}},{"type":"Feature","properties":{"HYRIV_ID":20877218,"NEXT_DOWN":20877137,"MAIN_RIV":20878626,"LENGTH_KM":3.4,"CATCH_SKM":10.1,"DIS_AV_CMS":0.001,"ORD_STRA":2,"ORD_FLOW":9},"geometry":{"type":"LineString","coordinates":[[55.46458333333209,22.752083333333168],[55.443749999998715,22.752083333333168],[55.43541666666539,22.760416666666522]]}},{"type":"Feature","properties":{"HYRIV_ID":20877219,"NEXT_DOWN":20877218,"MAIN_RIV":20878626,"LENGTH_KM":1.75,"CATCH_SKM":18.01,"DIS_AV_CMS":0.001,"ORD_STRA":1,"ORD_FLOW":9},"geometry":{"type":"LineString","coordinates":[[55.472916666665384,22.76249999999981],[55.472916666665384,22.756249999999817],[55.46874999999875,22.752083333333168],[55.46458333333209,22.752083333333168]]}},{"type":"Feature","properties":{"HYRIV_ID":20877269,"NEXT_DOWN":20877212,"MAIN_RIV":20878669,"LENGTH_KM":1.8,"CATCH_SKM":12.87,"DIS_AV_CMS":0.0,"ORD_STRA":1,"ORD_FLOW":10},"geometry":{"type":"LineString","coordinates":[[54.03333333333214,22.745833333333174],[54.02708333333214,22.752083333333168],[54.01874999999873,22.752083333333168]]}},{"type":"Feature","properties":{"HYRIV_ID":20877270,"NEXT_DOWN":20877454,"MAIN_RIV":20878669,"LENGTH_KM":1.6900001,"CATCH_SKM":3.76,"DIS_AV_CMS":0.0,"ORD_STRA":5,"ORD_FLOW":10},"geometry":{"type":"LineString","coordinates":[[54.43541666666542,22.756249999999817],[54.43958333333208,22.756249999999817],[54.44791666666541,22.747916666666505]]}},{"type":"Feature","properties":{"HYRIV_ID":20877271,"NEXT_DOWN":0,"MAIN_RIV":20877271,"LENGTH_KM":16.0,"CATCH_SKM":66.900002,"DIS_AV_CMS":0.0,"ORD_STRA":4,"ORD_FLOW":10},"geometry":{"type":"LineString","coordinates":[[54.89374999999879,22.79374999999984],[54.889583333332126,22.79374999999984],[54.881249999998715,22.785416666666514],[54.881249999998715,22.77708333333316],[54.88541666666538,22.772916666666497],[54.89374999999879,22.772916666666497],[54.89791666666545,22.768749999999848],[54.91041666666541,22.768749999999848],[54.914583333332075,22.764583333333185],[54.927083333332035,22.764583333333185],[54.9312499999987,22.760416666666522],[54.93958333333211,22.760416666666522],[54.94374999999877,22.756249999999817],[54.972916666665384,22.756249999999817],[54.97708333333205,22.752083333333168],[54.98958333333209,22.752083333333168],[54.993749999998755,22.747916666666505],[54.99791666666542,22.747916666666505]]}},{"type":"Feature","properties":{"HYRIV_ID":20877272,"NEXT_DOWN":20877137,"MAIN_RIV":20878626,"LENGTH_KM":2.04,"CATCH_SKM":15.24,"DIS_AV_CMS":0.001,"ORD_STRA":1,"ORD_FLOW":9},"geometry":{"type":"LineString","coordinates":[[55.43749999999872,22.745833333333174],[55.43124999999873,22.752083333333168],[55.43541666666539,22.756249999999817],[55.43541666666539,22.760416666666522]]}},{"type":"Feature","properties":{"HYRIV_ID":20877273,"NEXT_DOWN":20877218,"MAIN_RIV":20878626,"LENGTH_KM":2.98,"CATCH_SKM":25.540001,"DIS_AV_CMS":0.002,"ORD_STRA":1,"ORD_FLOW":9},"geometry":{"type":"LineString","coordinates":[[55.49166666666545,22.747916666666505],[55.46874999999875,22.747916666666505],[55.46458333333209,22.752083333333168]]}},{"type":"Feature","properties":{"HYRIV_ID":20877313,"NEXT_DOWN":20877314,"MAIN_RIV":20878669,"LENGTH_KM":6.5900002,"CATCH_SKM":35.43,"DIS_AV_CMS":0.0,"ORD_STRA":1,"ORD_FLOW":10},"geometry":{"type":"LineString","coordinates":[[54.27916666666539,22.770833333333165],[54.26874999999876,22.760416666666522],[54.26874999999876,22.747916666666505],[54.272916666665424,22.743749999999842],[54.30208333333209,22.743749999999842]]}},{"type":"Feature","properties":{"HYRIV_ID":20877314,"NEXT_DOWN":20877270,"MAIN_RIV":20878669,"LENGTH_KM":16.17,"CATCH_SKM":46.32,"DIS_AV_CMS":0.0,"ORD_STRA":2,"ORD_FLOW":10},"geometry":{"type":"LineString","coordinates":[[54.30208333333209,22.743749999999842],[54.30208333333209,22.747916666666505],[54.31041666666542,22.756249999999817],[54.318749999998744,22.756249999999817],[54.32708333333204,22.747916666666505],[54.36874999999873,22.747916666666505],[54.37291666666539,22.743749999999842],[54.39374999999876,22.743749999999842],[54.397916666665424,22.747916666666505],[54.40208333333209,22.747916666666505],[54.40624999999872,22.752083333333168],[54.418749999998795,22.752083333333168],[54.42291666666546,22.747916666666505],[54.42708333333212,22.752083333333168],[54.431249999998755,22.752083333333168],[54.43541666666542,22.756249999999817]]}},{"type":"Feature","properties":{"HYRIV_ID":20877315,"NEXT_DOWN":20877414,"MAIN_RIV":20878589,"LENGTH_KM":5.5100002,"CATCH_SKM":10.29,"DIS_AV_CMS":0.0,"ORD_STRA":2,"ORD_FLOW":10},"geometry":{"type":"LineString","coordinates":[[54.65624999999875,22.760416666666522],[54.647916666665424,22.752083333333168],[54.65208333333209,22.747916666666505],[54.65624999999875,22.747916666666505],[54.66041666666541,22.743749999999842],[54.685416666665446,22.743749999999842]]}},{"type":"Feature","properties":{"HYRIV_ID":20877316,"NEXT_DOWN":20877414,"MAIN_RIV":20878589,"LENGTH_KM":11.02,"CATCH_SKM":29.09,"DIS_AV_CMS":0.001,"ORD_STRA":2,"ORD_FLOW":9},"geometry":{"type":"LineString","coordinates":[[54.74791666666539,22.797916666666488],[54.74374999999873,22.79374999999984],[54.73124999999877,22.79374999999984],[54.71874999999869,22.781249999999865],[54.71874999999869,22.764583333333185],[54.71458333333206,22.760416666666522],[54.71458333333206,22.756249999999817],[54.710416666665395,22.752083333333168],[54.710416666665395,22.747916666666505],[54.70624999999873,22.747916666666505],[54.70208333333207,22.752083333333168],[54.69791666666541,22.752083333333168],[54.68958333333211,22.743749999999842],[54.685416666665446,22.743749999999842]]}},{"type":"Feature","properties":{"HYRIV_ID":20877360,"NEXT_DOWN":20877212,"MAIN_RIV":20878669,"LENGTH_KM":8.0600004,"CATCH_SKM":25.93,"DIS_AV_CMS":0.0,"ORD_STRA":1,"ORD_FLOW":10},"geometry":{"type":"LineString","coordinates":[[53.949999999998795,22.739583333333194],[53.95624999999879,22.739583333333194],[53.96458333333209,22.747916666666505],[53.9854166666654,22.747916666666505],[53.989583333332035,22.743749999999842],[54.010416666665435,22.743749999999842],[54.01874999999873,22.752083333333168]]}},{"type":"Feature","properties":{"HYRIV_ID":20877361,"NEXT_DOWN":20877214,"MAIN_RIV":20878669,"LENGTH_KM":1.72,"CATCH_SKM":1.98,"DIS_AV_CMS":0.0,"ORD_STRA":2,"ORD_FLOW":10},"geometry":{"type":"LineString","coordinates":[[54.15208333333206,22.739583333333194],[54.15208333333206,22.743749999999842],[54.16041666666547,22.752083333333168]]}},{"type":"Feature","properties":{"HYRIV_ID":20877362,"NEXT_DOWN":20877097,"MAIN_RIV":20877271,"LENGTH_KM":6.9299998,"CATCH_SKM":25.34,"DIS_AV_CMS":0.0,"ORD_STRA":1,"ORD_FLOW":10},"geometry":{"type":"LineString","coordinates":[[55.10416666666538,22.745833333333174],[55.097916666665384,22.739583333333194],[55.09374999999872,22.743749999999842],[55.08958333333206,22.743749999999842],[55.085416666665395,22.747916666666505],[55.08124999999876,22.747916666666505],[55.0770833333321,22.743749999999842],[55.072916666665435,22.743749999999842],[55.06041666666536,22.756249999999817],[55.06041666666536,22.764583333333185]]}},{"type":"Feature","properties":{"HYRIV_ID":20877413,"NEXT_DOWN":20877361,"MAIN_RIV":20878669,"LENGTH_KM":4.2600002,"CATCH_SKM":19.4,"DIS_AV_CMS":0.0,"ORD_STRA":1,"ORD_FLOW":10},"geometry":{"type":"LineString","coordinates":[[54.11249999999873,22.735416666666488],[54.14374999999873,22.735416666666488],[54.147916666665395,22.739583333333194],[54.15208333333206,22.739583333333194]]}},{"type":"Feature","properties":{"HYRIV_ID":20877414,"NEXT_DOWN":20877740,"MAIN_RIV":20878589,"LENGTH_KM":2.12,"CATCH_SKM":2.1800001,"DIS_AV_CMS":0.0,"ORD_STRA":3,"ORD_FLOW":10},"geometry":{"type":"LineString","coordinates":[[54.685416666665446,22.743749999999842],[54.68958333333211,22.739583333333194],[54.69791666666541,22.739583333333194],[54.70208333333207,22.735416666666488]]}},{"type":"Feature","properties":{"HYRIV_ID":20877454,"NEXT_DOWN":20877719,"MAIN_RIV":20878669,"LENGTH_KM":2.1900001,"CATCH_SKM":3.56,"DIS_AV_CMS":0.0,"ORD_STRA":5,"ORD_FLOW":10},"geometry":{"type":"LineString","coordinates":[[54.44791666666541,22.747916666666505],[54.456249999998704,22.739583333333194],[54.456249999998704,22.731249999999825]]}},{"type":"Feature","properties":{"HYRIV_ID":20877455,"NEXT_DOWN":20877719,"MAIN_RIV":20878669,"LENGTH_KM":7.6799998,"CATCH_SKM":21.98,"DIS_AV_CMS":0.0,"ORD_STRA":2,"ORD_FLOW":10},"geometry":{"type":"LineString","coordinates":[[54.51874999999876,22.752083333333168],[54.51874999999876,22.747916666666505],[54.510416666665435,22.739583333333194],[54.49791666666539,22.739583333333194],[54.49374999999873,22.735416666666488],[54.489583333332064,22.735416666666488],[54.4854166666654,22.731249999999825],[54.456249999998704,22.731249999999825]]}},{"type":"Feature","properties":{"HYRIV_ID":20877492,"NEXT_DOWN":20877569,"MAIN_RIV":20878626,"LENGTH_KM":8.6499996,"CATCH_SKM":25.530001,"DIS_AV_CMS":0.005,"ORD_STRA":1,"ORD_FLOW":9},"geometry":{"type":"LineString","coordinates":[[55.56458333333205,22.795833333333157],[55.56458333333205,22.789583333333177],[55.56041666666539,22.785416666666514],[55.56041666666539,22.781249999999865],[55.55624999999873,22.77708333333316],[55.55624999999873,22.768749999999848],[55.54791666666543,22.760416666666522],[55.54791666666543,22.743749999999842],[55.54374999999877,22.739583333333194],[55.54374999999877,22.735416666666488],[55.54791666666543,22.731249999999825],[55.54791666666543,22.727083333333177]]}},{"type":"Feature","properties":{"HYRIV_ID":20877493,"NEXT_DOWN":20877569,"MAIN_RIV":20878626,"LENGTH_KM":8.4700003,"CATCH_SKM":18.41,"DIS_AV_CMS":0.018,"ORD_STRA":2,"ORD_FLOW":8},"geometry":{"type":"LineString","coordinates":[[55.58958333333209,22.781249999999865],[55.585416666665424,22.781249999999865],[55.568749999998715,22.764583333333185],[55.568749999998715,22.739583333333194],[55.56458333333205,22.735416666666488],[55.56041666666539,22.735416666666488],[55.55624999999873,22.731249999999825],[55.552083333332064,22.731249999999825],[55.54791666666543,22.727083333333177]]}},{"type":"Feature","properties":{"HYRIV_ID":20877494,"NEXT_DOWN":20878028,"MAIN_RIV":20878626,"LENGTH_KM":8.6800003,"CATCH_SKM":43.740002,"DIS_AV_CMS":0.443,"ORD_STRA":3,"ORD_FLOW":7},"geometry":{"type":"LineString","coordinates":[[55.68541666666539,22.785416666666514],[55.68124999999873,22.781249999999865],[55.67291666666543,22.781249999999865],[55.664583333332104,22.772916666666497],[55.66874999999877,22.768749999999848],[55.66874999999877,22.764583333333185],[55.65208333333206,22.747916666666505],[55.65208333333206,22.727083333333177]]}},{"type":"Feature","properties":{"HYRIV_ID":20877542,"NEXT_DOWN":20877361,"MAIN_RIV":20878669,"LENGTH_KM":2.83,"CATCH_SKM":16.43,"DIS_AV_CMS":0.0,"ORD_STRA":1,"ORD_FLOW":10},"geometry":{"type":"LineString","coordinates":[[54.16666666666546,22.722916666666514],[54.16041666666547,22.722916666666514],[54.15208333333206,22.731249999999825],[54.15208333333206,22.739583333333194]]}},{"type":"Feature","properties":{"HYRIV_ID":20877564,"NEXT_DOWN":20877565,"MAIN_RIV":20878669,"LENGTH_KM":6.25,"CATCH_SKM":20.389999,"DIS_AV_CMS":0.0,"ORD_STRA":1,"ORD_FLOW":10},"geometry":{"type":"LineString","coordinates":[[54.258333333332104,22.729166666666508],[54.26874999999876,22.718749999999808],[54.272916666665424,22.722916666666514],[54.30208333333209,22.722916666666514],[54.306249999998755,22.718749999999808],[54.31041666666542,22.718749999999808]]}},{"type":"Feature","properties":{"HYRIV_ID":20877565,"NEXT_DOWN":20877314,"MAIN_RIV":20878669,"LENGTH_KM":6.0100002,"CATCH_SKM":11.09,"DIS_AV_CMS":0.0,"ORD_STRA":2,"ORD_FLOW":10},"geometry":{"type":"LineString","coordinates":[[54.31041666666542,22.718749999999808],[54.32291666666541,22.718749999999808],[54.32708333333204,22.722916666666514],[54.32708333333204,22.727083333333177],[54.32291666666541,22.731249999999825],[54.318749999998744,22.731249999999825],[54.31458333333208,22.735416666666488],[54.306249999998755,22.735416666666488],[54.30208333333209,22.739583333333194],[54.30208333333209,22.743749999999842]]}},{"type":"Feature","properties":{"HYRIV_ID":20877566,"NEXT_DOWN":20877740,"MAIN_RIV":20878589,"LENGTH_KM":5.08,"CATCH_SKM":7.7199998,"DIS_AV_CMS":0.0,"ORD_STRA":2,"ORD_FLOW":10},"geometry":{"type":"LineString","coordinates":[[54.66041666666541,22.718749999999808],[54.66458333333205,22.722916666666514],[54.668749999998795,22.722916666666514],[54.67708333333212,22.731249999999825],[54.693749999998744,22.731249999999825],[54.69791666666541,22.735416666666488],[54.70208333333207,22.735416666666488]]}},{"type":"Feature","properties":{"HYRIV_ID":20877567,"NEXT_DOWN":20877774,"MAIN_RIV":20878589,"LENGTH_KM":16.5,"CATCH_SKM":70.470001,"DIS_AV_CMS":0.0,"ORD_STRA":1,"ORD_FLOW":10},"geometry":{"type":"LineString","coordinates":[[54.80416666666545,22.77708333333316],[54.810416666665446,22.77708333333316],[54.81458333333211,22.772916666666497],[54.81458333333211,22.760416666666522],[54.81874999999877,22.756249999999817],[54.83124999999873,22.756249999999817],[54.83541666666548,22.760416666666522],[54.84374999999872,22.760416666666522],[54.847916666665355,22.756249999999817],[54.847916666665355,22.731249999999825],[54.83958333333206,22.722916666666514],[54.84374999999872,22.718749999999808],[54.868749999998755,22.718749999999808],[54.87291666666539,22.722916666666514],[54.881249999998715,22.722916666666514],[54.88541666666538,22.727083333333177],[54.88541666666538,22.731249999999825]]}},{"type":"Feature","properties":{"HYRIV_ID":20877568,"NEXT_DOWN":20877825,"MAIN_RIV":20878626,"LENGTH_KM":12.65,"CATCH_SKM":52.259998,"DIS_AV_CMS":0.0,"ORD_STRA":3,"ORD_FLOW":10},"geometry":{"type":"LineString","coordinates":[[55.368749999998755,22.772916666666497],[55.36458333333212,22.772916666666497],[55.36041666666537,22.768749999999848],[55.33958333333209,22.768749999999848],[55.335416666665424,22.764583333333185],[55.31874999999869,22.764583333333185],[55.30624999999873,22.752083333333168],[55.30624999999873,22.747916666666505],[55.302083333332064,22.743749999999842],[55.302083333332064,22.739583333333194],[55.2979166666654,22.735416666666488],[55.289583333332104,22.735416666666488],[55.28124999999878,22.727083333333177],[55.28124999999878,22.718749999999808]]}},{"type":"Feature","properties":{"HYRIV_ID":20877569,"NEXT_DOWN":20877603,"MAIN_RIV":20878626,"LENGTH_KM":1.09,"CATCH_SKM":0.79,"DIS_AV_CMS":0.023,"ORD_STRA":2,"ORD_FLOW":8},"geometry":{"type":"LineString","coordinates":[[55.54791666666543,22.727083333333177],[55.54791666666543,22.722916666666514],[55.54374999999877,22.718749999999808]]}},{"type":"Feature","properties":{"HYRIV_ID":20877570,"NEXT_DOWN":20878028,"MAIN_RIV":20878626,"LENGTH_KM":43.439999,"CATCH_SKM":122.26,"DIS_AV_CMS":0.173,"ORD_STRA":2,"ORD_FLOW":7},"geometry":{"type":"LineString","coordinates":[[55.93958333333208,22.92708333333315],[55.93958333333208,22.91874999999984],[55.93541666666542,22.914583333333177],[55.931249999998755,22.914583333333177],[55.92291666666543,22.906249999999822],[55.91874999999868,22.906249999999822],[55.91458333333205,22.90208333333316],[55.910416666665384,22.906249999999822],[55.90624999999872,22.90208333333316],[55.90208333333206,22.90208333333316],[55.897916666665395,22.89791666666651],[55.89374999999873,22.89791666666651],[55.885416666665435,22.889583333333142],[55.88124999999877,22.889583333333142],[55.88124999999877,22.885416666666536],[55.872916666665446,22.877083333333168],[55.8687499999987,22.877083333333168],[55.8604166666654,22.868749999999856],[55.852083333332075,22.868749999999856],[55.83541666666537,22.852083333333177],[55.831249999998704,22.852083333333177],[55.82708333333204,22.847916666666514],[55.82708333333204,22.843749999999822],[55.818749999998715,22.835416666666497],[55.806249999998755,22.835416666666497],[55.80208333333209,22.831249999999848],[55.79374999999877,22.831249999999848],[55.78124999999872,22.81874999999983],[55.77708333333206,22.81874999999983],[55.772916666665395,22.814583333333168],[55.772916666665395,22.806249999999856],[55.76874999999873,22.80208333333315],[55.76874999999873,22.797916666666488],[55.76458333333207,22.79374999999984],[55.76041666666541,22.79374999999984],[55.75624999999877,22.797916666666488],[55.739583333332035,22.781249999999865],[55.739583333332035,22.77708333333316],[55.73124999999874,22.768749999999848],[55.73124999999874,22.764583333333185],[55.72291666666541,22.756249999999817],[55.72291666666541,22.752083333333168],[55.693749999998715,22.722916666666514],[55.68541666666539,22.722916666666514],[55.68124999999873,22.718749999999808],[55.660416666665355,22.718749999999808],[55.65208333333206,22.727083333333177]]}},{"type":"Feature","properties":{"HYRIV_ID":20877602,"NEXT_DOWN":20877895,"MAIN_RIV":20878626,"LENGTH_KM":8.5600004,"CATCH_SKM":27.120001,"DIS_AV_CMS":0.004,"ORD_STRA":1,"ORD_FLOW":9},"geometry":{"type":"LineString","coordinates":[[55.53749999999877,22.783333333333182],[55.53124999999869,22.77708333333316],[55.53124999999869,22.764583333333185],[55.52708333333203,22.760416666666522],[55.52708333333203,22.752083333333168],[55.53124999999869,22.747916666666505],[55.53124999999869,22.722916666666514],[55.539583333332104,22.714583333333202]]}},{"type":"Feature","properties":{"HYRIV_ID":20877603,"NEXT_DOWN":20877895,"MAIN_RIV":20878626,"LENGTH_KM":0.63,"CATCH_SKM":0.59,"DIS_AV_CMS":0.048,"ORD_STRA":2,"ORD_FLOW":8},"geometry":{"type":"LineString","coordinates":[[55.54374999999877,22.718749999999808],[55.539583333332104,22.714583333333202]]}},{"type":"Feature","properties":{"HYRIV_ID":20877604,"NEXT_DOWN":20877603,"MAIN_RIV":20878626,"LENGTH_KM":18.83,"CATCH_SKM":65.519997,"DIS_AV_CMS":0.026,"ORD_STRA":1,"ORD_FLOW":8},"geometry":{"type":"LineString","coordinates":[[55.64999999999873,22.797916666666488],[55.64374999999873,22.797916666666488],[55.63958333333207,22.79374999999984],[55.63958333333207,22.789583333333177],[55.63541666666541,22.785416666666514],[55.631249999998744,22.785416666666514],[55.62708333333211,22.781249999999865],[55.62708333333211,22.77708333333316],[55.61874999999878,22.768749999999848],[55.61874999999878,22.764583333333185],[55.614583333332035,22.760416666666522],[55.614583333332035,22.747916666666505],[55.61041666666537,22.743749999999842],[55.61041666666537,22.727083333333177],[55.60624999999871,22.722916666666514],[55.59374999999875,22.722916666666514],[55.58958333333209,22.727083333333177],[55.585416666665424,22.727083333333177],[55.581249999998676,22.731249999999825],[55.57708333333204,22.731249999999825],[55.57291666666538,22.727083333333177],[55.57291666666538,22.722916666666514],[55.56458333333205,22.714583333333202],[55.55624999999873,22.714583333333202],[55.552083333332064,22.718749999999808],[55.54374999999877,22.718749999999808]]}},{"type":"Feature","properties":{"HYRIV_ID":20877638,"NEXT_DOWN":20877566,"MAIN_RIV":20878589,"LENGTH_KM":10.14,"CATCH_SKM":40.200001,"DIS_AV_CMS":0.001,"ORD_STRA":1,"ORD_FLOW":9},"geometry":{"type":"LineString","coordinates":[[54.59374999999878,22.708333333333165],[54.59374999999878,22.722916666666514],[54.59791666666544,22.727083333333177],[54.614583333332064,22.727083333333177],[54.62291666666539,22.735416666666488],[54.6312499999988,22.727083333333177],[54.6312499999988,22.722916666666514],[54.63541666666546,22.718749999999808],[54.66041666666541,22.718749999999808]]}},{"type":"Feature","properties":{"HYRIV_ID":20877639,"NEXT_DOWN":20877774,"MAIN_RIV":20878589,"LENGTH_KM":24.200001,"CATCH_SKM":84.540001,"DIS_AV_CMS":0.0,"ORD_STRA":1,"ORD_FLOW":10},"geometry":{"type":"LineString","coordinates":[[55.07916666666543,22.720833333333182],[55.06874999999877,22.710416666666497],[55.0479166666654,22.710416666666497],[55.04374999999874,22.714583333333202],[55.04374999999874,22.718749999999808],[55.039583333332075,22.722916666666514],[55.027083333332115,22.722916666666514],[55.02291666666545,22.727083333333177],[55.006249999998715,22.727083333333177],[55.00208333333208,22.731249999999825],[54.99791666666542,22.731249999999825],[54.993749999998755,22.727083333333177],[54.98124999999877,22.727083333333177],[54.97708333333205,22.731249999999825],[54.972916666665384,22.731249999999825],[54.96874999999872,22.735416666666488],[54.94374999999877,22.735416666666488],[54.93958333333211,22.739583333333194],[54.91874999999874,22.739583333333194],[54.914583333332075,22.743749999999842],[54.90624999999875,22.743749999999842],[54.90208333333209,22.747916666666505],[54.89374999999879,22.747916666666505],[54.88541666666538,22.739583333333194],[54.88541666666538,22.731249999999825]]}},{"type":"Feature","properties":{"HYRIV_ID":20877640,"NEXT_DOWN":20877854,"MAIN_RIV":20878626,"LENGTH_KM":8.46,"CATCH_SKM":46.919998,"DIS_AV_CMS":0.0,"ORD_STRA":1,"ORD_FLOW":10},"geometry":{"type":"LineString","coordinates":[[55.17083333333207,22.729166666666508],[55.177083333332064,22.722916666666514],[55.177083333332064,22.718749999999808],[55.18124999999873,22.714583333333202],[55.22708333333205,22.714583333333202],[55.23124999999871,22.718749999999808],[55.23541666666537,22.714583333333202],[55.23541666666537,22.710416666666497]]}},{"type":"Feature","properties":{"HYRIV_ID":20877674,"NEXT_DOWN":20877565,"MAIN_RIV":20878669,"LENGTH_KM":3.6500001,"CATCH_SKM":16.629999,"DIS_AV_CMS":0.0,"ORD_STRA":1,"ORD_FLOW":10},"geometry":{"type":"LineString","coordinates":[[54.28333333333214,22.706249999999834],[54.28958333333213,22.706249999999834],[54.293749999998795,22.710416666666497],[54.306249999998755,22.710416666666497],[54.31041666666542,22.714583333333202],[54.31041666666542,22.718749999999808]]}},{"type":"Feature","properties":{"HYRIV_ID":20877675,"NEXT_DOWN":20877676,"MAIN_RIV":20878669,"LENGTH_KM":2.59,"CATCH_SKM":15.45,"DIS_AV_CMS":0.0,"ORD_STRA":1,"ORD_FLOW":10},"geometry":{"type":"LineString","coordinates":[[54.366666666665395,22.714583333333202],[54.38124999999877,22.714583333333202],[54.385416666665435,22.710416666666497],[54.385416666665435,22.706249999999834]]}},{"type":"Feature","properties":{"HYRIV_ID":20877676,"NEXT_DOWN":20877454,"MAIN_RIV":20878669,"LENGTH_KM":8.7,"CATCH_SKM":23.17,"DIS_AV_CMS":0.0,"ORD_STRA":3,"ORD_FLOW":10},"geometry":{"type":"LineString","coordinates":[[54.385416666665435,22.706249999999834],[54.39374999999876,22.714583333333202],[54.40208333333209,22.714583333333202],[54.40624999999872,22.718749999999808],[54.41041666666547,22.718749999999808],[54.42291666666546,22.731249999999825],[54.43541666666542,22.731249999999825],[54.44791666666541,22.743749999999842],[54.44791666666541,22.747916666666505]]}},{"type":"Feature","properties":{"HYRIV_ID":20877677,"NEXT_DOWN":20877825,"MAIN_RIV":20878626,"LENGTH_KM":10.83,"CATCH_SKM":50.099998,"DIS_AV_CMS":0.0,"ORD_STRA":1,"ORD_FLOW":10},"geometry":{"type":"LineString","coordinates":[[55.37499999999875,22.710416666666497],[55.36458333333212,22.710416666666497],[55.36041666666537,22.706249999999834],[55.335416666665424,22.706249999999834],[55.33124999999876,22.710416666666497],[55.3270833333321,22.706249999999834],[55.31041666666539,22.706249999999834],[55.302083333332064,22.714583333333202],[55.28541666666544,22.714583333333202],[55.28124999999878,22.718749999999808]]}},{"type":"Feature","properties":{"HYRIV_ID":20877719,"NEXT_DOWN":20877819,"MAIN_RIV":20878669,"LENGTH_KM":3.4100001,"CATCH_SKM":6.5300002,"DIS_AV_CMS":0.0,"ORD_STRA":5,"ORD_FLOW":10},"geometry":{"type":"LineString","coordinates":[[54.456249999998704,22.731249999999825],[54.456249999998704,22.718749999999808],[54.46041666666537,22.714583333333202],[54.46041666666537,22.702083333333185]]}},{"type":"Feature","properties":{"HYRIV_ID":20877736,"NEXT_DOWN":20877816,"MAIN_RIV":20878669,"LENGTH_KM":8.8100004,"CATCH_SKM":33.860001,"DIS_AV_CMS":0.0,"ORD_STRA":1,"ORD_FLOW":10},"geometry":{"type":"LineString","coordinates":[[54.10416666666541,22.714583333333202],[54.039583333332104,22.714583333333202],[54.031249999998806,22.706249999999834],[54.031249999998806,22.697916666666522]]}},{"type":"Feature","properties":{"HYRIV_ID":20877737,"NEXT_DOWN":20877819,"MAIN_RIV":20878669,"LENGTH_KM":1.49,"CATCH_SKM":1.98,"DIS_AV_CMS":0.0,"ORD_STRA":2,"ORD_FLOW":10},"geometry":{"type":"LineString","coordinates":[[54.47291666666544,22.697916666666522],[54.46874999999878,22.702083333333185],[54.46041666666537,22.702083333333185]]}},{"type":"Feature","properties":{"HYRIV_ID":20877738,"NEXT_DOWN":20877737,"MAIN_RIV":20878669,"LENGTH_KM":8.1599998,"CATCH_SKM":28.120001,"DIS_AV_CMS":0.0,"ORD_STRA":1,"ORD_FLOW":10},"geometry":{"type":"LineString","coordinates":[[54.537499999998715,22.718749999999808],[54.4854166666654,22.718749999999808],[54.477083333332104,22.710416666666497],[54.477083333332104,22.702083333333185],[54.47291666666544,22.697916666666522]]}},{"type":"Feature","properties":{"HYRIV_ID":20877739,"NEXT_DOWN":20877737,"MAIN_RIV":20878669,"LENGTH_KM":3.6300001,"CATCH_SKM":17.43,"DIS_AV_CMS":0.0,"ORD_STRA":1,"ORD_FLOW":10},"geometry":{"type":"LineString","coordinates":[[54.508333333332104,22.697916666666522],[54.47291666666544,22.697916666666522]]}},{"type":"Feature","properties":{"HYRIV_ID":20877740,"NEXT_DOWN":20877772,"MAIN_RIV":20878589,"LENGTH_KM":9.9499998,"CATCH_SKM":31.879999,"DIS_AV_CMS":0.0,"ORD_STRA":3,"ORD_FLOW":10},"geometry":{"type":"LineString","coordinates":[[54.70208333333207,22.735416666666488],[54.70624999999873,22.735416666666488],[54.710416666665395,22.731249999999825],[54.71458333333206,22.731249999999825],[54.71874999999869,22.727083333333177],[54.722916666665355,22.727083333333177],[54.73124999999877,22.718749999999808],[54.73541666666543,22.718749999999808],[54.73958333333209,22.714583333333202],[54.74791666666539,22.714583333333202],[54.75208333333205,22.710416666666497],[54.756249999998715,22.710416666666497],[54.76041666666546,22.706249999999834],[54.764583333332126,22.706249999999834],[54.76874999999876,22.702083333333185],[54.77708333333209,22.702083333333185],[54.78124999999875,22.697916666666522]]}},{"type":"Feature","properties":{"HYRIV_ID":20877772,"NEXT_DOWN":20877822,"MAIN_RIV":20878589,"LENGTH_KM":5.33,"CATCH_SKM":15.45,"DIS_AV_CMS":0.0,"ORD_STRA":3,"ORD_FLOW":10},"geometry":{"type":"LineString","coordinates":[[54.78124999999875,22.697916666666522],[54.80208333333212,22.697916666666522],[54.80624999999878,22.693749999999817],[54.83124999999873,22.693749999999817]]}},{"type":"Feature","properties":{"HYRIV_ID":20877773,"NEXT_DOWN":20877822,"MAIN_RIV":20878589,"LENGTH_KM":11.4,"CATCH_SKM":41.580002,"DIS_AV_CMS":0.001,"ORD_STRA":1,"ORD_FLOW":9},"geometry":{"type":"LineString","coordinates":[[54.756249999998715,22.745833333333174],[54.756249999998715,22.739583333333194],[54.764583333332126,22.739583333333194],[54.76874999999876,22.735416666666488],[54.772916666665424,22.735416666666488],[54.77708333333209,22.731249999999825],[54.78541666666541,22.731249999999825],[54.79374999999874,22.722916666666514],[54.79791666666537,22.722916666666514],[54.80624999999878,22.714583333333202],[54.81874999999877,22.714583333333202],[54.82291666666541,22.710416666666497],[54.82708333333207,22.710416666666497],[54.83124999999873,22.706249999999834],[54.83124999999873,22.693749999999817]]}},{"type":"Feature","properties":{"HYRIV_ID":20877774,"NEXT_DOWN":20877823,"MAIN_RIV":20878589,"LENGTH_KM":5.6700001,"CATCH_SKM":13.86,"DIS_AV_CMS":0.0,"ORD_STRA":2,"ORD_FLOW":10},"geometry":{"type":"LineString","coordinates":[[54.88541666666538,22.731249999999825],[54.91874999999874,22.697916666666522],[54.914583333332075,22.693749999999817]]}},{"type":"Feature","properties":{"HYRIV_ID":20877815,"NEXT_DOWN":20877816,"MAIN_RIV":20878669,"LENGTH_KM":10.21,"CATCH_SKM":52.279999,"DIS_AV_CMS":0.0,"ORD_STRA":1,"ORD_FLOW":10},"geometry":{"type":"LineString","coordinates":[[53.95624999999879,22.687499999999837],[53.95624999999879,22.693749999999817],[53.96874999999875,22.706249999999834],[53.98124999999874,22.706249999999834],[53.989583333332035,22.714583333333202],[54.00624999999877,22.714583333333202],[54.010416666665435,22.710416666666497],[54.01874999999873,22.710416666666497],[54.031249999998806,22.697916666666522]]}},{"type":"Feature","properties":{"HYRIV_ID":20877816,"NEXT_DOWN":20877893,"MAIN_RIV":20878669,"LENGTH_KM":1.26,"CATCH_SKM":3.37,"DIS_AV_CMS":0.0,"ORD_STRA":2,"ORD_FLOW":10},"geometry":{"type":"LineString","coordinates":[[54.031249999998806,22.697916666666522],[54.039583333332104,22.68958333333321]]}},{"type":"Feature","properties":{"HYRIV_ID":20877817,"NEXT_DOWN":20877893,"MAIN_RIV":20878669,"LENGTH_KM":0.95,"CATCH_SKM":11.29,"DIS_AV_CMS":0.0,"ORD_STRA":1,"ORD_FLOW":10},"geometry":{"type":"LineString","coordinates":[[54.0458333333321,22.695833333333148],[54.039583333332104,22.68958333333321]]}},{"type":"Feature","properties":{"HYRIV_ID":20877818,"NEXT_DOWN":20877940,"MAIN_RIV":20878669,"LENGTH_KM":5.5,"CATCH_SKM":20.0,"DIS_AV_CMS":0.0,"ORD_STRA":1,"ORD_FLOW":10},"geometry":{"type":"LineString","coordinates":[[54.41666666666546,22.693749999999817],[54.42291666666546,22.693749999999817],[54.42708333333212,22.697916666666522],[54.43541666666542,22.697916666666522],[54.443749999998744,22.68958333333321],[54.44791666666541,22.693749999999817],[54.45208333333207,22.693749999999817],[54.456249999998704,22.68958333333321],[54.46041666666537,22.68958333333321]]}},{"type":"Feature","properties":{"HYRIV_ID":20877819,"NEXT_DOWN":20877940,"MAIN_RIV":20878669,"LENGTH_KM":1.39,"CATCH_SKM":1.98,"DIS_AV_CMS":0.0,"ORD_STRA":5,"ORD_FLOW":10},"geometry":{"type":"LineString","coordinates":[[54.46041666666537,22.702083333333185],[54.46041666666537,22.68958333333321]]}},{"type":"Feature","properties":{"HYRIV_ID":20877820,"NEXT_DOWN":20877821,"MAIN_RIV":20878589,"LENGTH_KM":5.7600002,"CATCH_SKM":20.790001,"DIS_AV_CMS":0.001,"ORD_STRA":1,"ORD_FLOW":9},"geometry":{"type":"LineString","coordinates":[[54.71666666666539,22.693749999999817],[54.73541666666543,22.693749999999817],[54.73958333333209,22.68958333333321],[54.74374999999873,22.68958333333321],[54.75208333333205,22.697916666666522],[54.756249999998715,22.697916666666522],[54.76041666666546,22.693749999999817],[54.76041666666546,22.68958333333321]]}},{"type":"Feature","properties":{"HYRIV_ID":20877821,"NEXT_DOWN":20877772,"MAIN_RIV":20878589,"LENGTH_KM":2.54,"CATCH_SKM":3.76,"DIS_AV_CMS":0.0,"ORD_STRA":2,"ORD_FLOW":10},"geometry":{"type":"LineString","coordinates":[[54.76041666666546,22.68958333333321],[54.76874999999876,22.68958333333321],[54.77708333333209,22.697916666666522],[54.78124999999875,22.697916666666522]]}},{"type":"Feature","properties":{"HYRIV_ID":20877822,"NEXT_DOWN":20878460,"MAIN_RIV":20878589,"LENGTH_KM":3.62,"CATCH_SKM":12.87,"DIS_AV_CMS":0.0,"ORD_STRA":3,"ORD_FLOW":10},"geometry":{"type":"LineString","coordinates":[[54.83124999999873,22.693749999999817],[54.83541666666548,22.68958333333321],[54.86458333333209,22.68958333333321]]}},{"type":"Feature","properties":{"HYRIV_ID":20877823,"NEXT_DOWN":20878460,"MAIN_RIV":20878589,"LENGTH_KM":6.14,"CATCH_SKM":12.28,"DIS_AV_CMS":0.0,"ORD_STRA":2,"ORD_FLOW":10},"geometry":{"type":"LineString","coordinates":[[54.914583333332075,22.693749999999817],[54.90624999999875,22.693749999999817],[54.90208333333209,22.697916666666522],[54.89374999999879,22.697916666666522],[54.889583333332126,22.702083333333185],[54.87708333333205,22.702083333333185],[54.86458333333209,22.68958333333321]]}},{"type":"Feature","properties":{"HYRIV_ID":20877824,"NEXT_DOWN":20877854,"MAIN_RIV":20878626,"LENGTH_KM":4.4299998,"CATCH_SKM":14.26,"DIS_AV_CMS":0.0,"ORD_STRA":3,"ORD_FLOW":10},"geometry":{"type":"LineString","coordinates":[[55.268749999998704,22.68958333333321],[55.256249999998744,22.702083333333185],[55.25208333333208,22.702083333333185],[55.24791666666542,22.706249999999834],[55.23958333333209,22.706249999999834],[55.23541666666537,22.710416666666497]]}},{"type":"Feature","properties":{"HYRIV_ID":20877825,"NEXT_DOWN":20877824,"MAIN_RIV":20878626,"LENGTH_KM":3.74,"CATCH_SKM":5.7399998,"DIS_AV_CMS":0.0,"ORD_STRA":3,"ORD_FLOW":10},"geometry":{"type":"LineString","coordinates":[[55.28124999999878,22.718749999999808],[55.277083333332115,22.714583333333202],[55.277083333332115,22.697916666666522],[55.268749999998704,22.68958333333321]]}},{"type":"Feature","properties":{"HYRIV_ID":20877852,"NEXT_DOWN":20877566,"MAIN_RIV":20878589,"LENGTH_KM":7.4200001,"CATCH_SKM":37.830002,"DIS_AV_CMS":0.002,"ORD_STRA":1,"ORD_FLOW":9},"geometry":{"type":"LineString","coordinates":[[54.61249999999873,22.683333333333174],[54.62291666666539,22.693749999999817],[54.62291666666539,22.702083333333185],[54.647916666665424,22.702083333333185],[54.66041666666541,22.714583333333202],[54.66041666666541,22.718749999999808]]}},{"type":"Feature","properties":{"HYRIV_ID":20877853,"NEXT_DOWN":20878122,"MAIN_RIV":20878626,"LENGTH_KM":12.83,"CATCH_SKM":51.09,"DIS_AV_CMS":0.0,"ORD_STRA":1,"ORD_FLOW":10},"geometry":{"type":"LineString","coordinates":[[55.12499999999875,22.708333333333165],[55.14374999999879,22.68958333333321],[55.14791666666545,22.693749999999817],[55.152083333332115,22.693749999999817],[55.15624999999878,22.697916666666522],[55.18124999999873,22.697916666666522],[55.18541666666539,22.693749999999817],[55.189583333332024,22.693749999999817],[55.19374999999877,22.68958333333321],[55.21458333333206,22.68958333333321],[55.21874999999872,22.685416666666505],[55.23124999999871,22.685416666666505]]}},{"type":"Feature","properties":{"HYRIV_ID":20877854,"NEXT_DOWN":20878122,"MAIN_RIV":20878626,"LENGTH_KM":3.28,"CATCH_SKM":7.5300002,"DIS_AV_CMS":0.0,"ORD_STRA":3,"ORD_FLOW":10},"geometry":{"type":"LineString","coordinates":[[55.23541666666537,22.710416666666497],[55.23124999999871,22.706249999999834],[55.23124999999871,22.702083333333185],[55.23541666666537,22.697916666666522],[55.23541666666537,22.693749999999817],[55.23124999999871,22.68958333333321],[55.23124999999871,22.685416666666505]]}},{"type":"Feature","properties":{"HYRIV_ID":20877855,"NEXT_DOWN":20878208,"MAIN_RIV":20878626,"LENGTH_KM":11.92,"CATCH_SKM":21.190001,"DIS_AV_CMS":0.198,"ORD_STRA":2,"ORD_FLOW":7},"geometry":{"type":"LineString","coordinates":[[55.739583333332035,22.739583333333194],[55.73541666666537,22.735416666666488],[55.73541666666537,22.731249999999825],[55.73124999999874,22.727083333333177],[55.727083333332075,22.727083333333177],[55.72291666666541,22.722916666666514],[55.72291666666541,22.718749999999808],[55.71458333333209,22.710416666666497],[55.71041666666534,22.714583333333202],[55.70208333333204,22.706249999999834],[55.68958333333205,22.706249999999834],[55.68124999999873,22.697916666666522],[55.67708333333209,22.702083333333185],[55.67291666666543,22.697916666666522],[55.67291666666543,22.693749999999817],[55.664583333332104,22.685416666666505]]}},{"type":"Feature","properties":{"HYRIV_ID":20877856,"NEXT_DOWN":20878208,"MAIN_RIV":20878626,"LENGTH_KM":9.0200005,"CATCH_SKM":25.940001,"DIS_AV_CMS":0.021,"ORD_STRA":1,"ORD_FLOW":8},"geometry":{"type":"LineString","coordinates":[[55.74166666666537,22.699999999999854],[55.73541666666537,22.693749999999817],[55.73124999999874,22.693749999999817],[55.727083333332075,22.697916666666522],[55.71458333333209,22.697916666666522],[55.706249999998704,22.68958333333321],[55.70208333333204,22.68958333333321],[55.69791666666538,22.685416666666505],[55.664583333332104,22.685416666666505]]}},{"type":"Feature","properties":{"HYRIV_ID":20877893,"NEXT_DOWN":20878022,"MAIN_RIV":20878669,"LENGTH_KM":1.09,"CATCH_SKM":1.1900001,"DIS_AV_CMS":0.0,"ORD_STRA":2,"ORD_FLOW":10},"geometry":{"type":"LineString","coordinates":[[54.039583333332104,22.68958333333321],[54.04374999999877,22.685416666666505],[54.04374999999877,22.681249999999842]]}},{"type":"Feature","properties":{"HYRIV_ID":20877894,"NEXT_DOWN":20877823,"MAIN_RIV":20878589,"LENGTH_KM":7.9699998,"CATCH_SKM":36.439999,"DIS_AV_CMS":0.002,"ORD_STRA":1,"ORD_FLOW":9},"geometry":{"type":"LineString","coordinates":[[54.9833333333321,22.687499999999837],[54.97708333333205,22.681249999999842],[54.96458333333206,22.681249999999842],[54.960416666665395,22.685416666666505],[54.95624999999873,22.685416666666505],[54.95208333333207,22.68958333333321],[54.9312499999987,22.68958333333321],[54.927083333332035,22.693749999999817],[54.914583333332075,22.693749999999817]]}},{"type":"Feature","properties":{"HYRIV_ID":20877895,"NEXT_DOWN":20877942,"MAIN_RIV":20878626,"LENGTH_KM":7.31,"CATCH_SKM":22.77,"DIS_AV_CMS":0.05,"ORD_STRA":2,"ORD_FLOW":8},"geometry":{"type":"LineString","coordinates":[[55.539583333332104,22.714583333333202],[55.53541666666544,22.710416666666497],[55.53541666666544,22.697916666666522],[55.52708333333203,22.68958333333321],[55.51458333333207,22.68958333333321],[55.506249999998744,22.681249999999842],[55.497916666665446,22.681249999999842],[55.49374999999878,22.685416666666505]]}},{"type":"Feature","properties":{"HYRIV_ID":20877939,"NEXT_DOWN":20878022,"MAIN_RIV":20878669,"LENGTH_KM":0.95,"CATCH_SKM":12.68,"DIS_AV_CMS":0.0,"ORD_STRA":1,"ORD_FLOW":10},"geometry":{"type":"LineString","coordinates":[[54.0374999999988,22.674999999999862],[54.04374999999877,22.681249999999842]]}},{"type":"Feature","properties":{"HYRIV_ID":20877940,"NEXT_DOWN":20878205,"MAIN_RIV":20878669,"LENGTH_KM":1.56,"CATCH_SKM":2.58,"DIS_AV_CMS":0.0,"ORD_STRA":5,"ORD_FLOW":10},"geometry":{"type":"LineString","coordinates":[[54.46041666666537,22.68958333333321],[54.46041666666537,22.681249999999842],[54.456249999998704,22.677083333333194]]}},{"type":"Feature","properties":{"HYRIV_ID":20877941,"NEXT_DOWN":20877824,"MAIN_RIV":20878626,"LENGTH_KM":2.37,"CATCH_SKM":13.47,"DIS_AV_CMS":0.001,"ORD_STRA":1,"ORD_FLOW":9},"geometry":{"type":"LineString","coordinates":[[55.28333333333211,22.677083333333194],[55.277083333332115,22.677083333333194],[55.268749999998704,22.685416666666505],[55.268749999998704,22.68958333333321]]}},{"type":"Feature","properties":{"HYRIV_ID":20877942,"NEXT_DOWN":20878026,"MAIN_RIV":20878626,"LENGTH_KM":7.25,"CATCH_SKM":30.5,"DIS_AV_CMS":0.002,"ORD_STRA":2,"ORD_FLOW":9},"geometry":{"type":"LineString","coordinates":[[55.49374999999878,22.685416666666505],[55.489583333332035,22.68958333333321],[55.489583333332035,22.693749999999817],[55.48541666666537,22.693749999999817],[55.47708333333205,22.702083333333185],[55.472916666665384,22.697916666666522],[55.46874999999875,22.697916666666522],[55.46458333333209,22.693749999999817],[55.460416666665424,22.693749999999817],[55.44791666666535,22.681249999999842],[55.44791666666535,22.677083333333194]]}},{"type":"Feature","properties":{"HYRIV_ID":20877986,"NEXT_DOWN":20877987,"MAIN_RIV":20878669,"LENGTH_KM":9.6099997,"CATCH_SKM":38.23,"DIS_AV_CMS":0.0,"ORD_STRA":1,"ORD_FLOW":10},"geometry":{"type":"LineString","coordinates":[[54.22083333333208,22.677083333333194],[54.24374999999873,22.677083333333194],[54.24791666666536,22.67291666666653],[54.25208333333211,22.67291666666653],[54.260416666665435,22.681249999999842],[54.29791666666546,22.681249999999842],[54.30208333333209,22.677083333333194],[54.30208333333209,22.67291666666653]]}},{"type":"Feature","properties":{"HYRIV_ID":20877987,"NEXT_DOWN":20877676,"MAIN_RIV":20878669,"LENGTH_KM":10.98,"CATCH_SKM":35.049999,"DIS_AV_CMS":0.0,"ORD_STRA":3,"ORD_FLOW":10},"geometry":{"type":"LineString","coordinates":[[54.30208333333209,22.67291666666653],[54.31041666666542,22.681249999999842],[54.31458333333208,22.681249999999842],[54.318749999998744,22.685416666666505],[54.32291666666541,22.685416666666505],[54.32708333333204,22.68958333333321],[54.34374999999878,22.68958333333321],[54.352083333332075,22.681249999999842],[54.36458333333215,22.693749999999817],[54.37291666666539,22.693749999999817],[54.385416666665435,22.706249999999834]]}},{"type":"Feature","properties":{"HYRIV_ID":20877988,"NEXT_DOWN":20877942,"MAIN_RIV":20878626,"LENGTH_KM":1.87,"CATCH_SKM":15.25,"DIS_AV_CMS":0.002,"ORD_STRA":1,"ORD_FLOW":9},"geometry":{"type":"LineString","coordinates":[[55.49999999999875,22.670833333333157],[55.49374999999878,22.677083333333194],[55.49374999999878,22.685416666666505]]}},{"type":"Feature","properties":{"HYRIV_ID":20878022,"NEXT_DOWN":20878203,"MAIN_RIV":20878669,"LENGTH_KM":11.23,"CATCH_SKM":26.940001,"DIS_AV_CMS":0.0,"ORD_STRA":2,"ORD_FLOW":10},"geometry":{"type":"LineString","coordinates":[[54.04374999999877,22.681249999999842],[54.04791666666543,22.677083333333194],[54.06458333333205,22.677083333333194],[54.068749999998715,22.67291666666653],[54.077083333332126,22.67291666666653],[54.08124999999879,22.677083333333194],[54.09374999999875,22.677083333333194],[54.09791666666541,22.681249999999842],[54.10624999999874,22.681249999999842],[54.1104166666654,22.685416666666505],[54.114583333332064,22.685416666666505],[54.13124999999877,22.668749999999825],[54.135416666665435,22.668749999999825]]}},{"type":"Feature","properties":{"HYRIV_ID":20878023,"NEXT_DOWN":20878203,"MAIN_RIV":20878669,"LENGTH_KM":8.3100004,"CATCH_SKM":42.380001,"DIS_AV_CMS":0.0,"ORD_STRA":1,"ORD_FLOW":10},"geometry":{"type":"LineString","coordinates":[[54.19999999999871,22.697916666666522],[54.193749999998744,22.697916666666522],[54.17708333333209,22.681249999999842],[54.14374999999873,22.681249999999842],[54.135416666665435,22.67291666666653],[54.135416666665435,22.668749999999825]]}},{"type":"Feature","properties":{"HYRIV_ID":20878024,"NEXT_DOWN":20878205,"MAIN_RIV":20878669,"LENGTH_KM":7.4200001,"CATCH_SKM":27.33,"DIS_AV_CMS":0.0,"ORD_STRA":1,"ORD_FLOW":10},"geometry":{"type":"LineString","coordinates":[[54.51666666666543,22.677083333333194],[54.510416666665435,22.677083333333194],[54.5062499999988,22.681249999999842],[54.50208333333205,22.677083333333194],[54.49374999999873,22.677083333333194],[54.489583333332064,22.67291666666653],[54.477083333332104,22.67291666666653],[54.47291666666544,22.668749999999825],[54.46874999999878,22.668749999999825],[54.46041666666537,22.677083333333194],[54.456249999998704,22.677083333333194]]}},{"type":"Feature","properties":{"HYRIV_ID":20878025,"NEXT_DOWN":20878207,"MAIN_RIV":20878626,"LENGTH_KM":2.6800001,"CATCH_SKM":14.46,"DIS_AV_CMS":0.001,"ORD_STRA":1,"ORD_FLOW":9},"geometry":{"type":"LineString","coordinates":[[55.43541666666539,22.687499999999837],[55.43541666666539,22.67291666666653],[55.43958333333205,22.668749999999825],[55.443749999998715,22.668749999999825]]}},{"type":"Feature","properties":{"HYRIV_ID":20878026,"NEXT_DOWN":20878207,"MAIN_RIV":20878626,"LENGTH_KM":1.09,"CATCH_SKM":1.39,"DIS_AV_CMS":0.0,"ORD_STRA":2,"ORD_FLOW":10},"geometry":{"type":"LineString","coordinates":[[55.44791666666535,22.677083333333194],[55.443749999998715,22.67291666666653],[55.443749999998715,22.668749999999825]]}},{"type":"Feature","properties":{"HYRIV_ID":20878027,"NEXT_DOWN":20878162,"MAIN_RIV":20878626,"LENGTH_KM":2.04,"CATCH_SKM":11.88,"DIS_AV_CMS":0.003,"ORD_STRA":1,"ORD_FLOW":9},"geometry":{"type":"LineString","coordinates":[[55.566666666665384,22.683333333333174],[55.56041666666539,22.677083333333194],[55.56458333333205,22.67291666666653],[55.56458333333205,22.668749999999825]]}},{"type":"Feature","properties":{"HYRIV_ID":20878028,"NEXT_DOWN":20878162,"MAIN_RIV":20878626,"LENGTH_KM":13.0,"CATCH_SKM":35.650002,"DIS_AV_CMS":0.58499998,"ORD_STRA":3,"ORD_FLOW":7},"geometry":{"type":"LineString","coordinates":[[55.65208333333206,22.727083333333177],[55.64374999999873,22.718749999999808],[55.64374999999873,22.710416666666497],[55.63958333333207,22.706249999999834],[55.63541666666541,22.710416666666497],[55.631249999998744,22.710416666666497],[55.631249999998744,22.706249999999834],[55.62708333333211,22.702083333333185],[55.622916666665446,22.702083333333185],[55.61874999999878,22.697916666666522],[55.614583333332035,22.697916666666522],[55.602083333332075,22.685416666666505],[55.59791666666541,22.685416666666505],[55.58958333333209,22.677083333333194],[55.585416666665424,22.677083333333194],[55.581249999998676,22.67291666666653],[55.568749999998715,22.67291666666653],[55.56458333333205,22.668749999999825]]}},{"type":"Feature","properties":{"HYRIV_ID":20878076,"NEXT_DOWN":20878026,"MAIN_RIV":20878626,"LENGTH_KM":1.96,"CATCH_SKM":18.82,"DIS_AV_CMS":0.001,"ORD_STRA":1,"ORD_FLOW":9},"geometry":{"type":"LineString","coordinates":[[55.45624999999876,22.662499999999845],[55.45624999999876,22.668749999999825],[55.44791666666535,22.677083333333194]]}},{"type":"Feature","properties":{"HYRIV_ID":20878122,"NEXT_DOWN":20878397,"MAIN_RIV":20878626,"LENGTH_KM":5.1599998,"CATCH_SKM":11.88,"DIS_AV_CMS":0.0,"ORD_STRA":3,"ORD_FLOW":10},"geometry":{"type":"LineString","coordinates":[[55.23124999999871,22.685416666666505],[55.23124999999871,22.681249999999842],[55.23541666666537,22.677083333333194],[55.24791666666542,22.677083333333194],[55.26041666666541,22.664583333333177],[55.26458333333204,22.664583333333177],[55.26458333333204,22.660416666666514]]}},{"type":"Feature","properties":{"HYRIV_ID":20878162,"NEXT_DOWN":20878463,"MAIN_RIV":20878626,"LENGTH_KM":1.39,"CATCH_SKM":1.78,"DIS_AV_CMS":0.583,"ORD_STRA":3,"ORD_FLOW":7},"geometry":{"type":"LineString","coordinates":[[55.56458333333205,22.668749999999825],[55.56458333333205,22.65624999999985]]}},{"type":"Feature","properties":{"HYRIV_ID":20878202,"NEXT_DOWN":20878306,"MAIN_RIV":20878669,"LENGTH_KM":6.8,"CATCH_SKM":15.05,"DIS_AV_CMS":0.0,"ORD_STRA":2,"ORD_FLOW":10},"geometry":{"type":"LineString","coordinates":[[54.07291666666546,22.652083333333145],[54.077083333332126,22.652083333333145],[54.08124999999879,22.65624999999985],[54.09791666666541,22.65624999999985],[54.102083333332075,22.660416666666514],[54.1104166666654,22.652083333333145],[54.13124999999877,22.652083333333145]]}},{"type":"Feature","properties":{"HYRIV_ID":20878203,"NEXT_DOWN":20878306,"MAIN_RIV":20878669,"LENGTH_KM":2.02,"CATCH_SKM":2.97,"DIS_AV_CMS":0.0,"ORD_STRA":2,"ORD_FLOW":10},"geometry":{"type":"LineString","coordinates":[[54.135416666665435,22.668749999999825],[54.135416666665435,22.664583333333177],[54.13124999999877,22.660416666666514],[54.13124999999877,22.652083333333145]]}},{"type":"Feature","properties":{"HYRIV_ID":20878204,"NEXT_DOWN":20878423,"MAIN_RIV":20878669,"LENGTH_KM":7.9499998,"CATCH_SKM":40.610001,"DIS_AV_CMS":0.0,"ORD_STRA":1,"ORD_FLOW":10},"geometry":{"type":"LineString","coordinates":[[54.37083333333206,22.649999999999828],[54.38124999999877,22.660416666666514],[54.385416666665435,22.660416666666514],[54.3895833333321,22.664583333333177],[54.40208333333209,22.664583333333177],[54.41041666666547,22.65624999999985],[54.41458333333213,22.65624999999985],[54.418749999998795,22.652083333333145],[54.43541666666542,22.652083333333145]]}},{"type":"Feature","properties":{"HYRIV_ID":20878205,"NEXT_DOWN":20878423,"MAIN_RIV":20878669,"LENGTH_KM":4.4,"CATCH_SKM":15.05,"DIS_AV_CMS":0.0,"ORD_STRA":5,"ORD_FLOW":10},"geometry":{"type":"LineString","coordinates":[[54.456249999998704,22.677083333333194],[54.44791666666541,22.677083333333194],[54.443749999998744,22.67291666666653],[54.43958333333208,22.67291666666653],[54.43541666666542,22.668749999999825],[54.43541666666542,22.652083333333145]]}},{"type":"Feature","properties":{"HYRIV_ID":20878206,"NEXT_DOWN":20877821,"MAIN_RIV":20878589,"LENGTH_KM":13.42,"CATCH_SKM":55.66,"DIS_AV_CMS":0.0,"ORD_STRA":1,"ORD_FLOW":10},"geometry":{"type":"LineString","coordinates":[[54.649999999998755,22.652083333333145],[54.66041666666541,22.652083333333145],[54.67708333333212,22.668749999999825],[54.71874999999869,22.668749999999825],[54.722916666665355,22.67291666666653],[54.73124999999877,22.67291666666653],[54.73541666666543,22.677083333333194],[54.75208333333205,22.677083333333194],[54.756249999998715,22.681249999999842],[54.756249999998715,22.685416666666505],[54.76041666666546,22.68958333333321]]}},{"type":"Feature","properties":{"HYRIV_ID":20878207,"NEXT_DOWN":20878255,"MAIN_RIV":20878626,"LENGTH_KM":7.0100002,"CATCH_SKM":21.59,"DIS_AV_CMS":0.0,"ORD_STRA":2,"ORD_FLOW":10},"geometry":{"type":"LineString","coordinates":[[55.443749999998715,22.668749999999825],[55.443749999998715,22.664583333333177],[55.43958333333205,22.660416666666514],[55.43124999999873,22.660416666666514],[55.427083333332064,22.65624999999985],[55.4229166666654,22.65624999999985],[55.41874999999877,22.652083333333145],[55.414583333332104,22.65624999999985],[55.41041666666544,22.652083333333145],[55.40624999999878,22.652083333333145],[55.402083333332115,22.65624999999985],[55.39791666666537,22.652083333333145],[55.39374999999873,22.652083333333145]]}},{"type":"Feature","properties":{"HYRIV_ID":20878208,"NEXT_DOWN":20878463,"MAIN_RIV":20878626,"LENGTH_KM":13.01,"CATCH_SKM":36.049999,"DIS_AV_CMS":0.226,"ORD_STRA":2,"ORD_FLOW":7},"geometry":{"type":"LineString","coordinates":[[55.664583333332104,22.685416666666505],[55.65624999999869,22.685416666666505],[55.65208333333206,22.681249999999842],[55.63541666666541,22.681249999999842],[55.631249999998744,22.677083333333194],[55.631249999998744,22.67291666666653],[55.62708333333211,22.668749999999825],[55.62708333333211,22.664583333333177],[55.622916666665446,22.660416666666514],[55.60624999999871,22.660416666666514],[55.602083333332075,22.65624999999985],[55.59791666666541,22.65624999999985],[55.59374999999875,22.652083333333145],[55.585416666665424,22.652083333333145],[55.57708333333204,22.660416666666514],[55.57291666666538,22.660416666666514],[55.568749999998715,22.65624999999985],[55.56458333333205,22.65624999999985]]}},{"type":"Feature","properties":{"HYRIV_ID":20878253,"NEXT_DOWN":20878308,"MAIN_RIV":20878626,"LENGTH_KM":7.62,"CATCH_SKM":30.700001,"DIS_AV_CMS":0.0,"ORD_STRA":1,"ORD_FLOW":10},"geometry":{"type":"LineString","coordinates":[[55.12916666666541,22.668749999999825],[55.14374999999879,22.668749999999825],[55.14791666666545,22.664583333333177],[55.14374999999879,22.660416666666514],[55.152083333332115,22.652083333333145],[55.16041666666541,22.652083333333145],[55.164583333332075,22.65624999999985],[55.1729166666654,22.65624999999985],[55.18124999999873,22.647916666666497]]}},{"type":"Feature","properties":{"HYRIV_ID":20878254,"NEXT_DOWN":20878397,"MAIN_RIV":20878626,"LENGTH_KM":11.64,"CATCH_SKM":40.41,"DIS_AV_CMS":0.0,"ORD_STRA":3,"ORD_FLOW":10},"geometry":{"type":"LineString","coordinates":[[55.35624999999871,22.647916666666497],[55.35208333333205,22.647916666666497],[55.33958333333209,22.660416666666514],[55.33124999999876,22.652083333333145],[55.31874999999869,22.652083333333145],[55.31458333333205,22.647916666666497],[55.302083333332064,22.647916666666497],[55.289583333332104,22.660416666666514],[55.28541666666544,22.660416666666514],[55.28124999999878,22.664583333333177],[55.268749999998704,22.664583333333177],[55.26458333333204,22.660416666666514]]}},{"type":"Feature","properties":{"HYRIV_ID":20878255,"NEXT_DOWN":20878254,"MAIN_RIV":20878626,"LENGTH_KM":4.46,"CATCH_SKM":21.389999,"DIS_AV_CMS":0.0,"ORD_STRA":3,"ORD_FLOW":10},"geometry":{"type":"LineString","coordinates":[[55.39374999999873,22.652083333333145],[55.38958333333207,22.65624999999985],[55.381249999998744,22.65624999999985],[55.37708333333208,22.652083333333145],[55.36041666666537,22.652083333333145],[55.35624999999871,22.647916666666497]]}},{"type":"Feature","properties":{"HYRIV_ID":20878305,"NEXT_DOWN":20878202,"MAIN_RIV":20878669,"LENGTH_KM":1.74,"CATCH_SKM":13.67,"DIS_AV_CMS":0.0,"ORD_STRA":1,"ORD_FLOW":10},"geometry":{"type":"LineString","coordinates":[[54.08333333333212,22.643749999999834],[54.077083333332126,22.643749999999834],[54.07291666666546,22.647916666666497],[54.07291666666546,22.652083333333145]]}},{"type":"Feature","properties":{"HYRIV_ID":20878306,"NEXT_DOWN":20878307,"MAIN_RIV":20878669,"LENGTH_KM":10.02,"CATCH_SKM":27.139999,"DIS_AV_CMS":0.0,"ORD_STRA":3,"ORD_FLOW":10},"geometry":{"type":"LineString","coordinates":[[54.13124999999877,22.652083333333145],[54.135416666665435,22.647916666666497],[54.156249999998806,22.647916666666497],[54.16041666666547,22.643749999999834],[54.202083333332126,22.643749999999834],[54.20624999999879,22.647916666666497],[54.22291666666541,22.647916666666497]]}},{"type":"Feature","properties":{"HYRIV_ID":20878307,"NEXT_DOWN":20877987,"MAIN_RIV":20878669,"LENGTH_KM":10.01,"CATCH_SKM":26.35,"DIS_AV_CMS":0.0,"ORD_STRA":3,"ORD_FLOW":10},"geometry":{"type":"LineString","coordinates":[[54.22291666666541,22.647916666666497],[54.25624999999877,22.647916666666497],[54.260416666665435,22.643749999999834],[54.272916666665424,22.643749999999834],[54.28958333333213,22.660416666666514],[54.293749999998795,22.660416666666514],[54.30208333333209,22.668749999999825],[54.30208333333209,22.67291666666653]]}},{"type":"Feature","properties":{"HYRIV_ID":20878308,"NEXT_DOWN":20878352,"MAIN_RIV":20878626,"LENGTH_KM":0.63,"CATCH_SKM":0.99,"DIS_AV_CMS":0.0,"ORD_STRA":4,"ORD_FLOW":10},"geometry":{"type":"LineString","coordinates":[[55.18124999999873,22.647916666666497],[55.177083333332064,22.643749999999834]]}},{"type":"Feature","properties":{"HYRIV_ID":20878350,"NEXT_DOWN":20878202,"MAIN_RIV":20878669,"LENGTH_KM":10.94,"CATCH_SKM":32.689999,"DIS_AV_CMS":0.0,"ORD_STRA":2,"ORD_FLOW":10},"geometry":{"type":"LineString","coordinates":[[53.98124999999874,22.63958333333317],[53.98124999999874,22.647916666666497],[53.9854166666654,22.652083333333145],[53.99374999999878,22.652083333333145],[53.997916666665446,22.65624999999985],[54.05208333333209,22.65624999999985],[54.056249999998755,22.652083333333145],[54.07291666666546,22.652083333333145]]}},{"type":"Feature","properties":{"HYRIV_ID":20878351,"NEXT_DOWN":20878671,"MAIN_RIV":20878626,"LENGTH_KM":9.9300003,"CATCH_SKM":44.57,"DIS_AV_CMS":0.0,"ORD_STRA":1,"ORD_FLOW":10},"geometry":{"type":"LineString","coordinates":[[55.04166666666541,22.670833333333157],[55.052083333332064,22.660416666666514],[55.06041666666536,22.660416666666514],[55.06458333333211,22.65624999999985],[55.06874999999877,22.660416666666514],[55.072916666665435,22.660416666666514],[55.0770833333321,22.65624999999985],[55.10624999999871,22.65624999999985],[55.11458333333209,22.647916666666497],[55.11458333333209,22.63958333333317]]}},{"type":"Feature","properties":{"HYRIV_ID":20878352,"NEXT_DOWN":20878671,"MAIN_RIV":20878626,"LENGTH_KM":6.62,"CATCH_SKM":13.87,"DIS_AV_CMS":0.0,"ORD_STRA":4,"ORD_FLOW":10},"geometry":{"type":"LineString","coordinates":[[55.177083333332064,22.643749999999834],[55.131249999998744,22.643749999999834],[55.12708333333208,22.63958333333317],[55.11458333333209,22.63958333333317]]}},{"type":"Feature","properties":{"HYRIV_ID":20878395,"NEXT_DOWN":20878424,"MAIN_RIV":20878669,"LENGTH_KM":0.69,"CATCH_SKM":11.29,"DIS_AV_CMS":0.001,"ORD_STRA":1,"ORD_FLOW":9},"geometry":{"type":"LineString","coordinates":[[54.50208333333205,22.641666666666502],[54.50208333333205,22.635416666666522]]}},{"type":"Feature","properties":{"HYRIV_ID":20878396,"NEXT_DOWN":20878669,"MAIN_RIV":20878669,"LENGTH_KM":6.1900001,"CATCH_SKM":31.889999,"DIS_AV_CMS":0.001,"ORD_STRA":1,"ORD_FLOW":9},"geometry":{"type":"LineString","coordinates":[[54.79166666666541,22.65624999999985],[54.81874999999877,22.65624999999985],[54.82708333333207,22.647916666666497],[54.83124999999873,22.647916666666497],[54.83958333333206,22.63958333333317],[54.83958333333206,22.635416666666522]]}},{"type":"Feature","properties":{"HYRIV_ID":20878397,"NEXT_DOWN":20878308,"MAIN_RIV":20878626,"LENGTH_KM":12.75,"CATCH_SKM":33.279999,"DIS_AV_CMS":0.0,"ORD_STRA":4,"ORD_FLOW":10},"geometry":{"type":"LineString","coordinates":[[55.26458333333204,22.660416666666514],[55.27291666666545,22.652083333333145],[55.27291666666545,22.647916666666497],[55.26458333333204,22.63958333333317],[55.26041666666541,22.63958333333317],[55.256249999998744,22.635416666666522],[55.23541666666537,22.635416666666522],[55.23124999999871,22.63958333333317],[55.21874999999872,22.63958333333317],[55.21458333333206,22.643749999999834],[55.210416666665424,22.643749999999834],[55.20624999999876,22.647916666666497],[55.19374999999877,22.647916666666497],[55.189583333332024,22.652083333333145],[55.18541666666539,22.652083333333145],[55.18124999999873,22.647916666666497]]}},{"type":"Feature","properties":{"HYRIV_ID":20878422,"NEXT_DOWN":20878307,"MAIN_RIV":20878669,"LENGTH_KM":2.1900001,"CATCH_SKM":2.58,"DIS_AV_CMS":0.0,"ORD_STRA":2,"ORD_FLOW":10},"geometry":{"type":"LineString","coordinates":[[54.214583333332115,22.631249999999817],[54.214583333332115,22.635416666666522],[54.22291666666541,22.643749999999834],[54.22291666666541,22.647916666666497]]}},{"type":"Feature","properties":{"HYRIV_ID":20878423,"NEXT_DOWN":20878424,"MAIN_RIV":20878669,"LENGTH_KM":8.0600004,"CATCH_SKM":34.470001,"DIS_AV_CMS":0.0,"ORD_STRA":5,"ORD_FLOW":10},"geometry":{"type":"LineString","coordinates":[[54.43541666666542,22.652083333333145],[54.44791666666541,22.63958333333317],[54.456249999998704,22.63958333333317],[54.46041666666537,22.635416666666522],[54.48124999999877,22.635416666666522],[54.4854166666654,22.631249999999817],[54.49791666666539,22.631249999999817],[54.50208333333205,22.635416666666522]]}},{"type":"Feature","properties":{"HYRIV_ID":20878424,"NEXT_DOWN":20878426,"MAIN_RIV":20878669,"LENGTH_KM":5.33,"CATCH_SKM":18.23,"DIS_AV_CMS":0.0,"ORD_STRA":5,"ORD_FLOW":10},"geometry":{"type":"LineString","coordinates":[[54.50208333333205,22.635416666666522],[54.510416666665435,22.635416666666522],[54.5145833333321,22.631249999999817],[54.55208333333212,22.631249999999817]]}},{"type":"Feature","properties":{"HYRIV_ID":20878425,"NEXT_DOWN":20878426,"MAIN_RIV":20878669,"LENGTH_KM":3.9200001,"CATCH_SKM":17.83,"DIS_AV_CMS":0.001,"ORD_STRA":1,"ORD_FLOW":9},"geometry":{"type":"LineString","coordinates":[[54.570833333332075,22.65624999999985],[54.56458333333208,22.65624999999985],[54.55624999999878,22.647916666666497],[54.55624999999878,22.643749999999834],[54.55208333333212,22.63958333333317],[54.55208333333212,22.631249999999817]]}},{"type":"Feature","properties":{"HYRIV_ID":20878426,"NEXT_DOWN":20878669,"MAIN_RIV":20878669,"LENGTH_KM":31.74,"CATCH_SKM":79.449997,"DIS_AV_CMS":0.0,"ORD_STRA":5,"ORD_FLOW":10},"geometry":{"type":"LineString","coordinates":[[54.55208333333212,22.631249999999817],[54.56041666666542,22.631249999999817],[54.56458333333208,22.635416666666522],[54.6312499999988,22.635416666666522],[54.63541666666546,22.63958333333317],[54.6395833333321,22.635416666666522],[54.67708333333212,22.635416666666522],[54.68124999999878,22.63958333333317],[54.685416666665446,22.63958333333317],[54.68958333333211,22.643749999999834],[54.727083333332104,22.643749999999834],[54.73124999999877,22.63958333333317],[54.73541666666543,22.63958333333317],[54.73958333333209,22.635416666666522],[54.76041666666546,22.635416666666522],[54.764583333332126,22.631249999999817],[54.79374999999874,22.631249999999817],[54.79791666666537,22.635416666666522],[54.80624999999878,22.635416666666522],[54.810416666665446,22.63958333333317],[54.82708333333207,22.63958333333317],[54.83124999999873,22.635416666666522],[54.83958333333206,22.635416666666522]]}},{"type":"Feature","properties":{"HYRIV_ID":20878460,"NEXT_DOWN":20878589,"MAIN_RIV":20878589,"LENGTH_KM":17.15,"CATCH_SKM":66.760002,"DIS_AV_CMS":0.0,"ORD_STRA":3,"ORD_FLOW":10},"geometry":{"type":"LineString","coordinates":[[54.86458333333209,22.68958333333321],[54.87708333333205,22.677083333333194],[54.88541666666538,22.677083333333194],[54.889583333332126,22.67291666666653],[54.914583333332075,22.67291666666653],[54.9229166666654,22.664583333333177],[54.927083333332035,22.664583333333177],[54.9312499999987,22.660416666666514],[54.935416666665446,22.660416666666514],[54.94374999999877,22.652083333333145],[54.947916666665435,22.652083333333145],[54.95624999999873,22.643749999999834],[54.960416666665395,22.643749999999834],[54.96874999999872,22.635416666666522],[54.972916666665384,22.635416666666522],[54.97708333333205,22.631249999999817],[54.98958333333209,22.631249999999817],[54.993749999998755,22.627083333333154],[55.00208333333208,22.627083333333154]]}},{"type":"Feature","properties":{"HYRIV_ID":20878461,"NEXT_DOWN":20878589,"MAIN_RIV":20878589,"LENGTH_KM":0.69,"CATCH_SKM":11.69,"DIS_AV_CMS":0.001,"ORD_STRA":1,"ORD_FLOW":9},"geometry":{"type":"LineString","coordinates":[[55.00208333333208,22.63333333333319],[55.00208333333208,22.627083333333154]]}},{"type":"Feature","properties":{"HYRIV_ID":20878462,"NEXT_DOWN":20878255,"MAIN_RIV":20878626,"LENGTH_KM":4.73,"CATCH_SKM":12.09,"DIS_AV_CMS":0.0,"ORD_STRA":3,"ORD_FLOW":10},"geometry":{"type":"LineString","coordinates":[[55.4229166666654,22.627083333333154],[55.41874999999877,22.631249999999817],[55.41041666666544,22.631249999999817],[55.402083333332115,22.63958333333317],[55.39791666666537,22.63958333333317],[55.39374999999873,22.643749999999834],[55.39374999999873,22.652083333333145]]}},{"type":"Feature","properties":{"HYRIV_ID":20878463,"NEXT_DOWN":20878490,"MAIN_RIV":20878626,"LENGTH_KM":5.3600001,"CATCH_SKM":16.84,"DIS_AV_CMS":0.788,"ORD_STRA":3,"ORD_FLOW":7},"geometry":{"type":"LineString","coordinates":[[55.56458333333205,22.65624999999985],[55.56041666666539,22.652083333333145],[55.55624999999873,22.652083333333145],[55.552083333332064,22.647916666666497],[55.54791666666543,22.647916666666497],[55.54374999999877,22.643749999999834],[55.54374999999877,22.635416666666522],[55.539583333332104,22.631249999999817],[55.53541666666544,22.631249999999817],[55.53124999999869,22.627083333333154]]}},{"type":"Feature","properties":{"HYRIV_ID":20878464,"NEXT_DOWN":20878490,"MAIN_RIV":20878626,"LENGTH_KM":1.0700001,"CATCH_SKM":11.1,"DIS_AV_CMS":0.004,"ORD_STRA":1,"ORD_FLOW":9},"geometry":{"type":"LineString","coordinates":[[55.541666666665435,22.627083333333154],[55.53124999999869,22.627083333333154]]}},{"type":"Feature","properties":{"HYRIV_ID":20878488,"NEXT_DOWN":20878422,"MAIN_RIV":20878669,"LENGTH_KM":1.41,"CATCH_SKM":13.47,"DIS_AV_CMS":0.0,"ORD_STRA":1,"ORD_FLOW":10},"geometry":{"type":"LineString","coordinates":[[54.20833333333212,22.620833333333174],[54.214583333332115,22.627083333333154],[54.214583333332115,22.631249999999817]]}},{"type":"Feature","properties":{"HYRIV_ID":20878489,"NEXT_DOWN":20878352,"MAIN_RIV":20878626,"LENGTH_KM":4.8600001,"CATCH_SKM":8.12,"DIS_AV_CMS":0.0,"ORD_STRA":2,"ORD_FLOW":10},"geometry":{"type":"LineString","coordinates":[[55.21458333333206,22.622916666666505],[55.2020833333321,22.635416666666522],[55.189583333332024,22.635416666666522],[55.18124999999873,22.643749999999834],[55.177083333332064,22.643749999999834]]}},{"type":"Feature","properties":{"HYRIV_ID":20878490,"NEXT_DOWN":20878462,"MAIN_RIV":20878626,"LENGTH_KM":13.81,"CATCH_SKM":41.209999,"DIS_AV_CMS":0.0,"ORD_STRA":3,"ORD_FLOW":10},"geometry":{"type":"LineString","coordinates":[[55.53124999999869,22.627083333333154],[55.52708333333203,22.622916666666505],[55.522916666665395,22.622916666666505],[55.51874999999873,22.627083333333154],[55.51458333333207,22.627083333333154],[55.506249999998744,22.635416666666522],[55.48541666666537,22.635416666666522],[55.48124999999871,22.631249999999817],[55.48124999999871,22.627083333333154],[55.46874999999875,22.627083333333154],[55.46458333333209,22.631249999999817],[55.460416666665424,22.631249999999817],[55.45624999999876,22.627083333333154],[55.44791666666535,22.627083333333154],[55.443749999998715,22.631249999999817],[55.43958333333205,22.627083333333154],[55.43541666666539,22.631249999999817],[55.43124999999873,22.631249999999817],[55.427083333332064,22.627083333333154],[55.4229166666654,22.627083333333154]]}},{"type":"Feature","properties":{"HYRIV_ID":20878541,"NEXT_DOWN":20878489,"MAIN_RIV":20878626,"LENGTH_KM":2.3900001,"CATCH_SKM":13.67,"DIS_AV_CMS":0.0,"ORD_STRA":1,"ORD_FLOW":10},"geometry":{"type":"LineString","coordinates":[[55.195833333332104,22.618749999999842],[55.21458333333206,22.618749999999842],[55.21458333333206,22.622916666666505]]}},{"type":"Feature","properties":{"HYRIV_ID":20878587,"NEXT_DOWN":20878350,"MAIN_RIV":20878669,"LENGTH_KM":8.4499998,"CATCH_SKM":41.810001,"DIS_AV_CMS":0.0,"ORD_STRA":1,"ORD_FLOW":10},"geometry":{"type":"LineString","coordinates":[[54.041666666665435,22.612499999999848],[54.03541666666547,22.618749999999842],[54.02708333333214,22.618749999999842],[54.022916666665395,22.622916666666505],[54.01874999999873,22.622916666666505],[54.01458333333207,22.618749999999842],[53.99374999999878,22.618749999999842],[53.98124999999874,22.631249999999817],[53.98124999999874,22.63958333333317]]}},{"type":"Feature","properties":{"HYRIV_ID":20878588,"NEXT_DOWN":20878761,"MAIN_RIV":20880157,"LENGTH_KM":2.76,"CATCH_SKM":15.46,"DIS_AV_CMS":0.001,"ORD_STRA":1,"ORD_FLOW":9},"geometry":{"type":"LineString","coordinates":[[54.7333333333321,22.618749999999842],[54.727083333332104,22.618749999999842],[54.722916666665355,22.61458333333318],[54.71874999999869,22.61458333333318],[54.71458333333206,22.618749999999842],[54.710416666665395,22.618749999999842]]}},{"type":"Feature","properties":{"HYRIV_ID":20878589,"NEXT_DOWN":0,"MAIN_RIV":20878589,"LENGTH_KM":2.75,"CATCH_SKM":7.1300001,"DIS_AV_CMS":0.0,"ORD_STRA":3,"ORD_FLOW":10},"geometry":{"type":"LineString","coordinates":[[55.00208333333208,22.627083333333154],[55.006249999998715,22.622916666666505],[55.01041666666538,22.622916666666505],[55.014583333332126,22.618749999999842],[55.01874999999879,22.618749999999842],[55.02291666666545,22.61458333333318]]}},{"type":"Feature","properties":{"HYRIV_ID":20878625,"NEXT_DOWN":20878881,"MAIN_RIV":20880157,"LENGTH_KM":3.73,"CATCH_SKM":17.83,"DIS_AV_CMS":0.0,"ORD_STRA":1,"ORD_FLOW":10},"geometry":{"type":"LineString","coordinates":[[54.30833333333209,22.63333333333319],[54.30208333333209,22.627083333333154],[54.30208333333209,22.622916666666505],[54.293749999998795,22.61458333333318],[54.29791666666546,22.61041666666653],[54.30208333333209,22.61041666666653]]}},{"type":"Feature","properties":{"HYRIV_ID":20878626,"NEXT_DOWN":0,"MAIN_RIV":20878626,"LENGTH_KM":1.49,"CATCH_SKM":1.78,"DIS_AV_CMS":0.0,"ORD_STRA":4,"ORD_FLOW":10},"geometry":{"type":"LineString","coordinates":[[55.03541666666541,22.61041666666653],[55.03124999999875,22.61041666666653],[55.027083333332115,22.61458333333318],[55.02291666666545,22.61458333333318]]}},{"type":"Feature","properties":{"HYRIV_ID":20878627,"NEXT_DOWN":20878626,"MAIN_RIV":20878626,"LENGTH_KM":1.41,"CATCH_SKM":12.28,"DIS_AV_CMS":0.001,"ORD_STRA":1,"ORD_FLOW":9},"geometry":{"type":"LineString","coordinates":[[55.04166666666541,22.620833333333174],[55.03541666666541,22.61458333333318],[55.03541666666541,22.61041666666653]]}},{"type":"Feature","properties":{"HYRIV_ID":20878668,"NEXT_DOWN":20878881,"MAIN_RIV":20880157,"LENGTH_KM":2.86,"CATCH_SKM":15.06,"DIS_AV_CMS":0.0,"ORD_STRA":1,"ORD_FLOW":10},"geometry":{"type":"LineString","coordinates":[[54.27916666666539,22.612499999999848],[54.28541666666547,22.606249999999825],[54.29791666666546,22.606249999999825],[54.30208333333209,22.61041666666653]]}},{"type":"Feature","properties":{"HYRIV_ID":20878669,"NEXT_DOWN":0,"MAIN_RIV":20878669,"LENGTH_KM":20.639999,"CATCH_SKM":82.029999,"DIS_AV_CMS":0.0,"ORD_STRA":5,"ORD_FLOW":10},"geometry":{"type":"LineString","coordinates":[[54.83958333333206,22.635416666666522],[54.89791666666545,22.635416666666522],[54.90208333333209,22.631249999999817],[54.91874999999874,22.631249999999817],[54.9229166666654,22.627083333333154],[54.935416666665446,22.627083333333154],[54.93958333333211,22.622916666666505],[54.95208333333207,22.622916666666505],[54.95624999999873,22.618749999999842],[54.96458333333206,22.618749999999842],[54.96874999999872,22.61458333333318],[54.97708333333205,22.61458333333318],[54.98124999999877,22.61041666666653],[55.00208333333208,22.61041666666653],[55.006249999998715,22.606249999999825],[55.01041666666538,22.61041666666653],[55.01874999999879,22.61041666666653],[55.02291666666545,22.61458333333318]]}},{"type":"Feature","properties":{"HYRIV_ID":20878670,"NEXT_DOWN":20878626,"MAIN_RIV":20878626,"LENGTH_KM":2.34,"CATCH_SKM":4.7600002,"DIS_AV_CMS":0.0,"ORD_STRA":4,"ORD_FLOW":10},"geometry":{"type":"LineString","coordinates":[[55.0562499999987,22.606249999999825],[55.0479166666654,22.606249999999825],[55.04374999999874,22.61041666666653],[55.03541666666541,22.61041666666653]]}},{"type":"Feature","properties":{"HYRIV_ID":20878671,"NEXT_DOWN":20878670,"MAIN_RIV":20878626,"LENGTH_KM":9.0600004,"CATCH_SKM":28.93,"DIS_AV_CMS":0.0,"ORD_STRA":4,"ORD_FLOW":10},"geometry":{"type":"LineString","coordinates":[[55.11458333333209,22.63958333333317],[55.10208333333205,22.63958333333317],[55.097916666665384,22.643749999999834],[55.09374999999872,22.643749999999834],[55.08958333333206,22.63958333333317],[55.08958333333206,22.635416666666522],[55.085416666665395,22.631249999999817],[55.085416666665395,22.622916666666505],[55.08124999999876,22.618749999999842],[55.08124999999876,22.61458333333318],[55.0770833333321,22.61041666666653],[55.06458333333211,22.61041666666653],[55.06041666666536,22.606249999999825],[55.0562499999987,22.606249999999825]]}},{"type":"Feature","properties":{"HYRIV_ID":20878712,"NEXT_DOWN":20878489,"MAIN_RIV":20878626,"LENGTH_KM":16.77,"CATCH_SKM":60.040001,"DIS_AV_CMS":0.0,"ORD_STRA":1,"ORD_FLOW":10},"geometry":{"type":"LineString","coordinates":[[55.34583333333205,22.602083333333162],[55.33124999999876,22.602083333333162],[55.3270833333321,22.606249999999825],[55.31874999999869,22.606249999999825],[55.302083333332064,22.622916666666505],[55.289583333332104,22.622916666666505],[55.28541666666544,22.627083333333154],[55.28124999999878,22.627083333333154],[55.27291666666545,22.618749999999842],[55.26041666666541,22.618749999999842],[55.256249999998744,22.61458333333318],[55.256249999998744,22.61041666666653],[55.25208333333208,22.606249999999825],[55.23541666666537,22.606249999999825],[55.23124999999871,22.61041666666653],[55.22708333333205,22.61041666666653],[55.21458333333206,22.622916666666505]]}},{"type":"Feature","properties":{"HYRIV_ID":20878713,"NEXT_DOWN":20878462,"MAIN_RIV":20878626,"LENGTH_KM":5.58,"CATCH_SKM":27.74,"DIS_AV_CMS":0.001,"ORD_STRA":1,"ORD_FLOW":9},"geometry":{"type":"LineString","coordinates":[[55.45833333333209,22.606249999999825],[55.45208333333201,22.606249999999825],[55.44791666666535,22.602083333333162],[55.443749999998715,22.602083333333162],[55.43958333333205,22.606249999999825],[55.43541666666539,22.606249999999825],[55.427083333332064,22.61458333333318],[55.427083333332064,22.618749999999842],[55.4229166666654,22.622916666666505],[55.4229166666654,22.627083333333154]]}},{"type":"Feature","properties":{"HYRIV_ID":20878760,"NEXT_DOWN":20878761,"MAIN_RIV":20880157,"LENGTH_KM":22.98,"CATCH_SKM":70.150002,"DIS_AV_CMS":0.0,"ORD_STRA":1,"ORD_FLOW":10},"geometry":{"type":"LineString","coordinates":[[54.508333333332104,22.597916666666514],[54.522916666665424,22.597916666666514],[54.53124999999875,22.606249999999825],[54.55624999999878,22.606249999999825],[54.56041666666542,22.61041666666653],[54.58124999999873,22.61041666666653],[54.585416666665395,22.61458333333318],[54.60624999999877,22.61458333333318],[54.614583333332064,22.606249999999825],[54.66458333333205,22.606249999999825],[54.67708333333212,22.618749999999842],[54.68124999999878,22.618749999999842],[54.685416666665446,22.622916666666505],[54.70624999999873,22.622916666666505],[54.710416666665395,22.618749999999842]]}},{"type":"Feature","properties":{"HYRIV_ID":20878761,"NEXT_DOWN":20878943,"MAIN_RIV":20880157,"LENGTH_KM":2.6500001,"CATCH_SKM":3.96,"DIS_AV_CMS":0.0,"ORD_STRA":2,"ORD_FLOW":10},"geometry":{"type":"LineString","coordinates":[[54.710416666665395,22.618749999999842],[54.710416666665395,22.606249999999825],[54.70624999999873,22.602083333333162],[54.710416666665395,22.597916666666514]]}},{"type":"Feature","properties":{"HYRIV_ID":20878762,"NEXT_DOWN":20879040,"MAIN_RIV":20878626,"LENGTH_KM":6.4400001,"CATCH_SKM":22.59,"DIS_AV_CMS":0.013,"ORD_STRA":1,"ORD_FLOW":8},"geometry":{"type":"LineString","coordinates":[[55.60833333333204,22.629166666666485],[55.602083333332075,22.622916666666505],[55.59791666666541,22.622916666666505],[55.59374999999875,22.618749999999842],[55.58958333333209,22.618749999999842],[55.581249999998676,22.61041666666653],[55.57291666666538,22.61041666666653],[55.56041666666539,22.597916666666514]]}},{"type":"Feature","properties":{"HYRIV_ID":20878797,"NEXT_DOWN":20878422,"MAIN_RIV":20878669,"LENGTH_KM":25.26,"CATCH_SKM":80.059998,"DIS_AV_CMS":0.0,"ORD_STRA":1,"ORD_FLOW":10},"geometry":{"type":"LineString","coordinates":[[54.12916666666544,22.620833333333174],[54.1187499999987,22.631249999999817],[54.1104166666654,22.622916666666505],[54.1104166666654,22.61458333333318],[54.1187499999987,22.606249999999825],[54.122916666665446,22.606249999999825],[54.12708333333211,22.602083333333162],[54.13124999999877,22.602083333333162],[54.135416666665435,22.597916666666514],[54.15208333333206,22.597916666666514],[54.156249999998806,22.59374999999985],[54.17708333333209,22.59374999999985],[54.181249999998755,22.597916666666514],[54.214583333332115,22.597916666666514],[54.21874999999878,22.602083333333162],[54.23124999999874,22.602083333333162],[54.239583333332064,22.61041666666653],[54.24374999999873,22.61041666666653],[54.25208333333211,22.618749999999842],[54.25208333333211,22.622916666666505],[54.24791666666536,22.627083333333154],[54.21874999999878,22.627083333333154],[54.214583333332115,22.631249999999817]]}},{"type":"Feature","properties":{"HYRIV_ID":20878798,"NEXT_DOWN":20879037,"MAIN_RIV":20880157,"LENGTH_KM":9.4300003,"CATCH_SKM":32.900002,"DIS_AV_CMS":0.001,"ORD_STRA":1,"ORD_FLOW":9},"geometry":{"type":"LineString","coordinates":[[54.89583333333212,22.597916666666514],[54.87708333333205,22.597916666666514],[54.87291666666539,22.602083333333162],[54.84374999999872,22.602083333333162],[54.83958333333206,22.606249999999825],[54.83541666666548,22.606249999999825],[54.83124999999873,22.61041666666653],[54.82291666666541,22.602083333333162],[54.82291666666541,22.59374999999985]]}},{"type":"Feature","properties":{"HYRIV_ID":20878799,"NEXT_DOWN":20878626,"MAIN_RIV":20878626,"LENGTH_KM":2.34,"CATCH_SKM":16.049999,"DIS_AV_CMS":0.001,"ORD_STRA":1,"ORD_FLOW":9},"geometry":{"type":"LineString","coordinates":[[55.04166666666541,22.59166666666652],[55.03541666666541,22.597916666666514],[55.03541666666541,22.61041666666653]]}},{"type":"Feature","properties":{"HYRIV_ID":20878800,"NEXT_DOWN":20878254,"MAIN_RIV":20878626,"LENGTH_KM":11.43,"CATCH_SKM":38.84,"DIS_AV_CMS":0.0,"ORD_STRA":1,"ORD_FLOW":10},"geometry":{"type":"LineString","coordinates":[[55.416666666665435,22.59166666666652],[55.41041666666544,22.597916666666514],[55.40624999999878,22.59374999999985],[55.39791666666537,22.59374999999985],[55.38541666666541,22.606249999999825],[55.38541666666541,22.635416666666522],[55.381249999998744,22.63958333333317],[55.36458333333212,22.63958333333317],[55.36041666666537,22.643749999999834],[55.36041666666537,22.647916666666497],[55.35624999999871,22.647916666666497]]}},{"type":"Feature","properties":{"HYRIV_ID":20878832,"NEXT_DOWN":20879072,"MAIN_RIV":20880157,"LENGTH_KM":3.26,"CATCH_SKM":21.6,"DIS_AV_CMS":0.0,"ORD_STRA":1,"ORD_FLOW":10},"geometry":{"type":"LineString","coordinates":[[54.37083333333206,22.61666666666651],[54.37708333333211,22.61041666666653],[54.37708333333211,22.589583333333188]]}},{"type":"Feature","properties":{"HYRIV_ID":20878833,"NEXT_DOWN":20879040,"MAIN_RIV":20878626,"LENGTH_KM":10.11,"CATCH_SKM":30.709999,"DIS_AV_CMS":0.02,"ORD_STRA":1,"ORD_FLOW":8},"geometry":{"type":"LineString","coordinates":[[55.62916666666541,22.63333333333319],[55.61874999999878,22.622916666666505],[55.61874999999878,22.61458333333318],[55.60624999999871,22.602083333333162],[55.59791666666541,22.602083333333162],[55.59374999999875,22.597916666666514],[55.58958333333209,22.597916666666514],[55.585416666665424,22.59374999999985],[55.581249999998676,22.59374999999985],[55.57708333333204,22.589583333333188],[55.57291666666538,22.589583333333188],[55.568749999998715,22.59374999999985],[55.56458333333205,22.59374999999985],[55.56041666666539,22.597916666666514]]}},{"type":"Feature","properties":{"HYRIV_ID":20878880,"NEXT_DOWN":20878882,"MAIN_RIV":20880157,"LENGTH_KM":5.12,"CATCH_SKM":23.98,"DIS_AV_CMS":0.0,"ORD_STRA":1,"ORD_FLOW":10},"geometry":{"type":"LineString","coordinates":[[54.28333333333214,22.589583333333188],[54.29791666666546,22.589583333333188],[54.30208333333209,22.58541666666654],[54.331249999998704,22.58541666666654]]}},{"type":"Feature","properties":{"HYRIV_ID":20878881,"NEXT_DOWN":20878882,"MAIN_RIV":20880157,"LENGTH_KM":5.14,"CATCH_SKM":12.09,"DIS_AV_CMS":0.0,"ORD_STRA":2,"ORD_FLOW":10},"geometry":{"type":"LineString","coordinates":[[54.30208333333209,22.61041666666653],[54.306249999998755,22.606249999999825],[54.31041666666542,22.61041666666653],[54.31458333333208,22.61041666666653],[54.318749999998744,22.606249999999825],[54.318749999998744,22.602083333333162],[54.32291666666541,22.597916666666514],[54.32291666666541,22.59374999999985],[54.331249999998704,22.58541666666654]]}},{"type":"Feature","properties":{"HYRIV_ID":20878882,"NEXT_DOWN":20879072,"MAIN_RIV":20880157,"LENGTH_KM":4.9099998,"CATCH_SKM":13.68,"DIS_AV_CMS":0.0,"ORD_STRA":2,"ORD_FLOW":10},"geometry":{"type":"LineString","coordinates":[[54.331249999998704,22.58541666666654],[54.352083333332075,22.58541666666654],[54.35624999999874,22.589583333333188],[54.37708333333211,22.589583333333188]]}},{"type":"Feature","properties":{"HYRIV_ID":20878942,"NEXT_DOWN":20878943,"MAIN_RIV":20880157,"LENGTH_KM":12.35,"CATCH_SKM":41.619999,"DIS_AV_CMS":0.001,"ORD_STRA":1,"ORD_FLOW":9},"geometry":{"type":"LineString","coordinates":[[54.59999999999877,22.58541666666654],[54.66458333333205,22.58541666666654],[54.668749999998795,22.581249999999834],[54.67291666666546,22.581249999999834],[54.68124999999878,22.589583333333188],[54.685416666665446,22.589583333333188],[54.693749999998744,22.597916666666514],[54.710416666665395,22.597916666666514]]}},{"type":"Feature","properties":{"HYRIV_ID":20878943,"NEXT_DOWN":20878944,"MAIN_RIV":20880157,"LENGTH_KM":9.37,"CATCH_SKM":32.5,"DIS_AV_CMS":0.0,"ORD_STRA":2,"ORD_FLOW":10},"geometry":{"type":"LineString","coordinates":[[54.710416666665395,22.597916666666514],[54.73541666666543,22.597916666666514],[54.73958333333209,22.59374999999985],[54.77708333333209,22.59374999999985],[54.78124999999875,22.589583333333188],[54.78541666666541,22.589583333333188],[54.79374999999874,22.581249999999834]]}},{"type":"Feature","properties":{"HYRIV_ID":20878944,"NEXT_DOWN":20879037,"MAIN_RIV":20880157,"LENGTH_KM":3.6,"CATCH_SKM":7.73,"DIS_AV_CMS":0.0,"ORD_STRA":2,"ORD_FLOW":10},"geometry":{"type":"LineString","coordinates":[[54.79374999999874,22.581249999999834],[54.80624999999878,22.59374999999985],[54.82291666666541,22.59374999999985]]}},{"type":"Feature","properties":{"HYRIV_ID":20878945,"NEXT_DOWN":20878670,"MAIN_RIV":20878626,"LENGTH_KM":9.1300001,"CATCH_SKM":16.049999,"DIS_AV_CMS":0.0,"ORD_STRA":3,"ORD_FLOW":10},"geometry":{"type":"LineString","coordinates":[[55.12291666666542,22.581249999999834],[55.11458333333209,22.581249999999834],[55.10624999999871,22.589583333333188],[55.10208333333205,22.58541666666654],[55.09374999999872,22.58541666666654],[55.08958333333206,22.581249999999834],[55.085416666665395,22.581249999999834],[55.0770833333321,22.589583333333188],[55.072916666665435,22.589583333333188],[55.06458333333211,22.597916666666514],[55.06041666666536,22.597916666666514],[55.0562499999987,22.602083333333162],[55.0562499999987,22.606249999999825]]}},{"type":"Feature","properties":{"HYRIV_ID":20878946,"NEXT_DOWN":20878945,"MAIN_RIV":20878626,"LENGTH_KM":2.04,"CATCH_SKM":25.76,"DIS_AV_CMS":0.001,"ORD_STRA":1,"ORD_FLOW":9},"geometry":{"type":"LineString","coordinates":[[55.133333333332075,22.595833333333182],[55.12291666666542,22.58541666666654],[55.12291666666542,22.581249999999834]]}},{"type":"Feature","properties":{"HYRIV_ID":20878981,"NEXT_DOWN":20879235,"MAIN_RIV":20880157,"LENGTH_KM":20.4,"CATCH_SKM":44.790001,"DIS_AV_CMS":0.0,"ORD_STRA":2,"ORD_FLOW":10},"geometry":{"type":"LineString","coordinates":[[53.827083333332126,22.57708333333317],[53.835416666665424,22.58541666666654],[53.84791666666541,22.58541666666654],[53.852083333332075,22.589583333333188],[53.86041666666537,22.589583333333188],[53.86874999999878,22.597916666666514],[53.87708333333211,22.597916666666514],[53.88124999999877,22.602083333333162],[53.89374999999873,22.602083333333162],[53.897916666665395,22.597916666666514],[53.91041666666544,22.597916666666514],[53.914583333332104,22.602083333333162],[53.91874999999877,22.597916666666514],[53.9437499999988,22.597916666666514],[53.94791666666546,22.602083333333162],[53.97291666666541,22.602083333333162],[53.977083333332075,22.597916666666514],[53.997916666665446,22.597916666666514],[54.00208333333211,22.59374999999985]]}},{"type":"Feature","properties":{"HYRIV_ID":20878982,"NEXT_DOWN":20879039,"MAIN_RIV":20878626,"LENGTH_KM":6.9499998,"CATCH_SKM":34.09,"DIS_AV_CMS":0.0,"ORD_STRA":1,"ORD_FLOW":10},"geometry":{"type":"LineString","coordinates":[[55.30833333333206,22.57499999999984],[55.302083333332064,22.581249999999834],[55.268749999998704,22.581249999999834],[55.26458333333204,22.58541666666654],[55.256249999998744,22.58541666666654],[55.25208333333208,22.581249999999834],[55.25208333333208,22.57708333333317]]}},{"type":"Feature","properties":{"HYRIV_ID":20879035,"NEXT_DOWN":20879073,"MAIN_RIV":20880157,"LENGTH_KM":3.6800001,"CATCH_SKM":23.58,"DIS_AV_CMS":0.0,"ORD_STRA":1,"ORD_FLOW":10},"geometry":{"type":"LineString","coordinates":[[54.42708333333212,22.59999999999983],[54.42708333333212,22.589583333333188],[54.41041666666547,22.572916666666522]]}},{"type":"Feature","properties":{"HYRIV_ID":20879036,"NEXT_DOWN":20879073,"MAIN_RIV":20880157,"LENGTH_KM":12.93,"CATCH_SKM":47.970001,"DIS_AV_CMS":0.0,"ORD_STRA":1,"ORD_FLOW":10},"geometry":{"type":"LineString","coordinates":[[54.53333333333208,22.579166666666502],[54.52708333333209,22.572916666666522],[54.41041666666547,22.572916666666522]]}},{"type":"Feature","properties":{"HYRIV_ID":20879037,"NEXT_DOWN":20879341,"MAIN_RIV":20880157,"LENGTH_KM":8.71,"CATCH_SKM":18.43,"DIS_AV_CMS":0.0,"ORD_STRA":2,"ORD_FLOW":10},"geometry":{"type":"LineString","coordinates":[[54.82291666666541,22.59374999999985],[54.847916666665355,22.59374999999985],[54.85208333333202,22.589583333333188],[54.86041666666543,22.589583333333188],[54.86458333333209,22.58541666666654],[54.881249999998715,22.58541666666654],[54.89374999999879,22.572916666666522],[54.89791666666545,22.572916666666522]]}},{"type":"Feature","properties":{"HYRIV_ID":20879038,"NEXT_DOWN":20878945,"MAIN_RIV":20878626,"LENGTH_KM":6.8200002,"CATCH_SKM":22.59,"DIS_AV_CMS":0.0,"ORD_STRA":3,"ORD_FLOW":10},"geometry":{"type":"LineString","coordinates":[[55.18541666666539,22.572916666666522],[55.152083333332115,22.572916666666522],[55.14791666666545,22.57708333333317],[55.12708333333208,22.57708333333317],[55.12291666666542,22.581249999999834]]}},{"type":"Feature","properties":{"HYRIV_ID":20879039,"NEXT_DOWN":20879038,"MAIN_RIV":20878626,"LENGTH_KM":7.0500002,"CATCH_SKM":22.4,"DIS_AV_CMS":0.0,"ORD_STRA":3,"ORD_FLOW":10},"geometry":{"type":"LineString","coordinates":[[55.25208333333208,22.57708333333317],[55.189583333332024,22.57708333333317],[55.18541666666539,22.572916666666522]]}},{"type":"Feature","properties":{"HYRIV_ID":20879040,"NEXT_DOWN":20879299,"MAIN_RIV":20878626,"LENGTH_KM":6.35,"CATCH_SKM":16.25,"DIS_AV_CMS":0.035,"ORD_STRA":2,"ORD_FLOW":8},"geometry":{"type":"LineString","coordinates":[[55.56041666666539,22.597916666666514],[55.552083333332064,22.589583333333188],[55.53124999999869,22.589583333333188],[55.522916666665395,22.581249999999834],[55.51874999999873,22.581249999999834],[55.51041666666541,22.572916666666522]]}},{"type":"Feature","properties":{"HYRIV_ID":20879072,"NEXT_DOWN":20879185,"MAIN_RIV":20880157,"LENGTH_KM":4.27,"CATCH_SKM":15.06,"DIS_AV_CMS":0.0,"ORD_STRA":2,"ORD_FLOW":10},"geometry":{"type":"LineString","coordinates":[[54.37708333333211,22.589583333333188],[54.385416666665435,22.581249999999834],[54.39374999999876,22.581249999999834],[54.397916666665424,22.57708333333317],[54.397916666665424,22.572916666666522],[54.40208333333209,22.572916666666522],[54.40624999999872,22.56874999999986]]}},{"type":"Feature","properties":{"HYRIV_ID":20879073,"NEXT_DOWN":20879185,"MAIN_RIV":20880157,"LENGTH_KM":0.63,"CATCH_SKM":1.1900001,"DIS_AV_CMS":0.0,"ORD_STRA":2,"ORD_FLOW":10},"geometry":{"type":"LineString","coordinates":[[54.41041666666547,22.572916666666522],[54.40624999999872,22.56874999999986]]}},{"type":"Feature","properties":{"HYRIV_ID":20879074,"NEXT_DOWN":20879299,"MAIN_RIV":20878626,"LENGTH_KM":1.8,"CATCH_SKM":12.69,"DIS_AV_CMS":0.003,"ORD_STRA":1,"ORD_FLOW":9},"geometry":{"type":"LineString","coordinates":[[55.52499999999873,22.566666666666528],[55.51874999999873,22.572916666666522],[55.51041666666541,22.572916666666522]]}},{"type":"Feature","properties":{"HYRIV_ID":20879107,"NEXT_DOWN":20879235,"MAIN_RIV":20880157,"LENGTH_KM":16.77,"CATCH_SKM":49.349998,"DIS_AV_CMS":0.0,"ORD_STRA":2,"ORD_FLOW":10},"geometry":{"type":"LineString","coordinates":[[54.14374999999873,22.564583333333154],[54.12708333333211,22.581249999999834],[54.114583333332064,22.581249999999834],[54.1104166666654,22.58541666666654],[54.04791666666543,22.58541666666654],[54.03541666666547,22.597916666666514],[54.02708333333214,22.597916666666514],[54.022916666665395,22.602083333333162],[54.01458333333207,22.602083333333162],[54.00624999999877,22.59374999999985],[54.00208333333211,22.59374999999985]]}},{"type":"Feature","properties":{"HYRIV_ID":20879108,"NEXT_DOWN":20879107,"MAIN_RIV":20880157,"LENGTH_KM":0.95,"CATCH_SKM":11.3,"DIS_AV_CMS":0.0,"ORD_STRA":1,"ORD_FLOW":10},"geometry":{"type":"LineString","coordinates":[[54.14999999999873,22.57083333333319],[54.14374999999873,22.564583333333154]]}},{"type":"Feature","properties":{"HYRIV_ID":20879185,"NEXT_DOWN":20879571,"MAIN_RIV":20880157,"LENGTH_KM":1.89,"CATCH_SKM":1.98,"DIS_AV_CMS":0.0,"ORD_STRA":3,"ORD_FLOW":10},"geometry":{"type":"LineString","coordinates":[[54.40624999999872,22.56874999999986],[54.41041666666547,22.564583333333154],[54.40208333333209,22.556249999999842]]}},{"type":"Feature","properties":{"HYRIV_ID":20879186,"NEXT_DOWN":20879297,"MAIN_RIV":20878626,"LENGTH_KM":1.8,"CATCH_SKM":12.29,"DIS_AV_CMS":0.0,"ORD_STRA":1,"ORD_FLOW":10},"geometry":{"type":"LineString","coordinates":[[55.36666666666545,22.562499999999822],[55.36041666666537,22.556249999999842],[55.35208333333205,22.556249999999842]]}},{"type":"Feature","properties":{"HYRIV_ID":20879187,"NEXT_DOWN":20880866,"MAIN_RIV":20887902,"LENGTH_KM":14.02,"CATCH_SKM":31.51,"DIS_AV_CMS":0.338,"ORD_STRA":3,"ORD_FLOW":7},"geometry":{"type":"LineString","coordinates":[[55.72291666666541,22.652083333333145],[55.71874999999875,22.647916666666497],[55.71458333333209,22.647916666666497],[55.69791666666538,22.631249999999817],[55.693749999998715,22.631249999999817],[55.68958333333205,22.627083333333154],[55.68958333333205,22.618749999999842],[55.67291666666543,22.602083333333162],[55.67291666666543,22.58541666666654],[55.664583333332104,22.57708333333317],[55.664583333332104,22.572916666666522],[55.660416666665355,22.56874999999986],[55.660416666665355,22.564583333333154],[55.65208333333206,22.556249999999842]]}},{"type":"Feature","properties":{"HYRIV_ID":20879235,"NEXT_DOWN":20879389,"MAIN_RIV":20880157,"LENGTH_KM":5.73,"CATCH_SKM":22.6,"DIS_AV_CMS":0.0,"ORD_STRA":3,"ORD_FLOW":10},"geometry":{"type":"LineString","coordinates":[[54.00208333333211,22.59374999999985],[54.00208333333211,22.57708333333317],[54.00624999999877,22.572916666666522],[54.00624999999877,22.56874999999986],[54.01458333333207,22.56041666666649],[54.01874999999873,22.56041666666649],[54.022916666665395,22.556249999999842],[54.022916666665395,22.55208333333318]]}},{"type":"Feature","properties":{"HYRIV_ID":20879236,"NEXT_DOWN":20879389,"MAIN_RIV":20880157,"LENGTH_KM":1.5,"CATCH_SKM":12.89,"DIS_AV_CMS":0.0,"ORD_STRA":1,"ORD_FLOW":10},"geometry":{"type":"LineString","coordinates":[[54.0374999999988,22.55208333333318],[54.022916666665395,22.55208333333318]]}},{"type":"Feature","properties":{"HYRIV_ID":20879237,"NEXT_DOWN":20879341,"MAIN_RIV":20880157,"LENGTH_KM":9.25,"CATCH_SKM":32.91,"DIS_AV_CMS":0.001,"ORD_STRA":1,"ORD_FLOW":9},"geometry":{"type":"LineString","coordinates":[[54.83749999999873,22.57083333333319],[54.84374999999872,22.564583333333154],[54.847916666665355,22.564583333333154],[54.86041666666543,22.55208333333318],[54.86458333333209,22.55208333333318],[54.868749999998755,22.556249999999842],[54.889583333332126,22.556249999999842],[54.89374999999879,22.56041666666649],[54.89791666666545,22.56041666666649],[54.90208333333209,22.564583333333154],[54.89791666666545,22.56874999999986],[54.89791666666545,22.572916666666522]]}},{"type":"Feature","properties":{"HYRIV_ID":20879238,"NEXT_DOWN":20879038,"MAIN_RIV":20878626,"LENGTH_KM":11.05,"CATCH_SKM":32.709999,"DIS_AV_CMS":0.0,"ORD_STRA":1,"ORD_FLOW":10},"geometry":{"type":"LineString","coordinates":[[55.279166666665446,22.55208333333318],[55.26041666666541,22.55208333333318],[55.256249999998744,22.556249999999842],[55.23541666666537,22.556249999999842],[55.23124999999871,22.55208333333318],[55.22708333333205,22.556249999999842],[55.21458333333206,22.556249999999842],[55.2020833333321,22.56874999999986],[55.189583333332024,22.56874999999986],[55.18541666666539,22.572916666666522]]}},{"type":"Feature","properties":{"HYRIV_ID":20879239,"NEXT_DOWN":20880866,"MAIN_RIV":20887902,"LENGTH_KM":11.37,"CATCH_SKM":46.970001,"DIS_AV_CMS":0.035,"ORD_STRA":1,"ORD_FLOW":8},"geometry":{"type":"LineString","coordinates":[[55.724999999998744,22.606249999999825],[55.71874999999875,22.606249999999825],[55.70208333333204,22.589583333333188],[55.693749999998715,22.589583333333188],[55.68958333333205,22.58541666666654],[55.68958333333205,22.581249999999834],[55.68124999999873,22.572916666666522],[55.68124999999873,22.564583333333154],[55.67708333333209,22.56041666666649],[55.67708333333209,22.556249999999842],[55.67291666666543,22.55208333333318],[55.65624999999869,22.55208333333318],[55.65208333333206,22.556249999999842]]}},{"type":"Feature","properties":{"HYRIV_ID":20879294,"NEXT_DOWN":20878944,"MAIN_RIV":20880157,"LENGTH_KM":29.01,"CATCH_SKM":90.790001,"DIS_AV_CMS":0.0,"ORD_STRA":1,"ORD_FLOW":10},"geometry":{"type":"LineString","coordinates":[[54.537499999998715,22.547916666666517],[54.56041666666542,22.547916666666517],[54.568749999998744,22.556249999999842],[54.58124999999873,22.556249999999842],[54.585416666665395,22.56041666666649],[54.61041666666543,22.56041666666649],[54.614583333332064,22.564583333333154],[54.647916666665424,22.564583333333154],[54.65208333333209,22.56041666666649],[54.668749999998795,22.56041666666649],[54.67291666666546,22.556249999999842],[54.73124999999877,22.556249999999842],[54.74374999999873,22.56874999999986],[54.78541666666541,22.56874999999986],[54.79374999999874,22.57708333333317],[54.79374999999874,22.581249999999834]]}},{"type":"Feature","properties":{"HYRIV_ID":20879295,"NEXT_DOWN":20879643,"MAIN_RIV":20880157,"LENGTH_KM":3.4100001,"CATCH_SKM":19.23,"DIS_AV_CMS":0.001,"ORD_STRA":1,"ORD_FLOW":9},"geometry":{"type":"LineString","coordinates":[[55.07916666666543,22.55208333333318],[55.09374999999872,22.55208333333318],[55.097916666665384,22.547916666666517],[55.11041666666543,22.547916666666517]]}},{"type":"Feature","properties":{"HYRIV_ID":20879296,"NEXT_DOWN":20879643,"MAIN_RIV":20880157,"LENGTH_KM":5.3600001,"CATCH_SKM":23.99,"DIS_AV_CMS":0.0,"ORD_STRA":1,"ORD_FLOW":10},"geometry":{"type":"LineString","coordinates":[[55.154166666665446,22.56041666666649],[55.131249999998744,22.56041666666649],[55.12708333333208,22.556249999999842],[55.11458333333209,22.556249999999842],[55.11041666666543,22.55208333333318],[55.11041666666543,22.547916666666517]]}},{"type":"Feature","properties":{"HYRIV_ID":20879297,"NEXT_DOWN":20879039,"MAIN_RIV":20878626,"LENGTH_KM":12.76,"CATCH_SKM":25.77,"DIS_AV_CMS":0.0,"ORD_STRA":3,"ORD_FLOW":10},"geometry":{"type":"LineString","coordinates":[[55.35208333333205,22.556249999999842],[55.34374999999872,22.547916666666517],[55.335416666665424,22.547916666666517],[55.33124999999876,22.55208333333318],[55.31041666666539,22.55208333333318],[55.31041666666539,22.556249999999842],[55.30624999999873,22.56041666666649],[55.2979166666654,22.56041666666649],[55.29374999999874,22.564583333333154],[55.28124999999878,22.564583333333154],[55.277083333332115,22.56874999999986],[55.27291666666545,22.564583333333154],[55.268749999998704,22.56874999999986],[55.26458333333204,22.56874999999986],[55.256249999998744,22.57708333333317],[55.25208333333208,22.57708333333317]]}},{"type":"Feature","properties":{"HYRIV_ID":20879298,"NEXT_DOWN":20879297,"MAIN_RIV":20878626,"LENGTH_KM":1.6900001,"CATCH_SKM":1.98,"DIS_AV_CMS":0.0,"ORD_STRA":3,"ORD_FLOW":10},"geometry":{"type":"LineString","coordinates":[[55.36458333333212,22.547916666666517],[55.36041666666537,22.55208333333318],[55.35624999999871,22.55208333333318],[55.35208333333205,22.556249999999842]]}},{"type":"Feature","properties":{"HYRIV_ID":20879299,"NEXT_DOWN":20879298,"MAIN_RIV":20878626,"LENGTH_KM":18.48,"CATCH_SKM":49.560001,"DIS_AV_CMS":0.0,"ORD_STRA":2,"ORD_FLOW":10},"geometry":{"type":"LineString","coordinates":[[55.51041666666541,22.572916666666522],[55.506249999998744,22.56874999999986],[55.497916666665446,22.56874999999986],[55.489583333332035,22.56041666666649],[55.47708333333205,22.56041666666649],[55.472916666665384,22.564583333333154],[55.46874999999875,22.56041666666649],[55.460416666665424,22.56041666666649],[55.45208333333201,22.56874999999986],[55.443749999998715,22.56041666666649],[55.443749999998715,22.556249999999842],[55.43958333333205,22.55208333333318],[55.41874999999877,22.55208333333318],[55.414583333332104,22.556249999999842],[55.39374999999873,22.556249999999842],[55.38958333333207,22.56041666666649],[55.38541666666541,22.556249999999842],[55.37708333333208,22.556249999999842],[55.368749999998755,22.547916666666517],[55.36458333333212,22.547916666666517]]}},{"type":"Feature","properties":{"HYRIV_ID":20879341,"NEXT_DOWN":20879608,"MAIN_RIV":20880157,"LENGTH_KM":10.31,"CATCH_SKM":22.6,"DIS_AV_CMS":0.0,"ORD_STRA":2,"ORD_FLOW":10},"geometry":{"type":"LineString","coordinates":[[54.89791666666545,22.572916666666522],[54.90624999999875,22.572916666666522],[54.91041666666541,22.57708333333317],[54.91874999999874,22.57708333333317],[54.9229166666654,22.572916666666522],[54.9229166666654,22.564583333333154],[54.927083333332035,22.56041666666649],[54.927083333332035,22.556249999999842],[54.93958333333211,22.556249999999842],[54.94374999999877,22.55208333333318],[54.947916666665435,22.55208333333318],[54.95208333333207,22.547916666666517],[54.960416666665395,22.547916666666517],[54.96458333333206,22.543749999999825],[54.972916666665384,22.543749999999825]]}},{"type":"Feature","properties":{"HYRIV_ID":20879342,"NEXT_DOWN":20879608,"MAIN_RIV":20880157,"LENGTH_KM":0.69,"CATCH_SKM":12.69,"DIS_AV_CMS":0.001,"ORD_STRA":1,"ORD_FLOW":9},"geometry":{"type":"LineString","coordinates":[[54.972916666665384,22.549999999999848],[54.972916666665384,22.543749999999825]]}},{"type":"Feature","properties":{"HYRIV_ID":20879388,"NEXT_DOWN":20879606,"MAIN_RIV":20880157,"LENGTH_KM":6.5900002,"CATCH_SKM":29.93,"DIS_AV_CMS":0.0,"ORD_STRA":1,"ORD_FLOW":10},"geometry":{"type":"LineString","coordinates":[[53.962499999998755,22.556249999999842],[53.96874999999875,22.556249999999842],[53.97291666666541,22.55208333333318],[53.977083333332075,22.55208333333318],[53.98124999999874,22.547916666666517],[53.99374999999878,22.547916666666517],[54.00208333333211,22.539583333333162],[54.01874999999873,22.539583333333162]]}},{"type":"Feature","properties":{"HYRIV_ID":20879389,"NEXT_DOWN":20879606,"MAIN_RIV":20880157,"LENGTH_KM":1.56,"CATCH_SKM":2.1800001,"DIS_AV_CMS":0.0,"ORD_STRA":3,"ORD_FLOW":10},"geometry":{"type":"LineString","coordinates":[[54.022916666665395,22.55208333333318],[54.022916666665395,22.547916666666517],[54.01874999999873,22.543749999999825],[54.01874999999873,22.539583333333162]]}},{"type":"Feature","properties":{"HYRIV_ID":20879390,"NEXT_DOWN":20879678,"MAIN_RIV":20880157,"LENGTH_KM":0.69,"CATCH_SKM":11.7,"DIS_AV_CMS":0.001,"ORD_STRA":1,"ORD_FLOW":9},"geometry":{"type":"LineString","coordinates":[[54.83541666666548,22.53749999999983],[54.83541666666548,22.543749999999825]]}},{"type":"Feature","properties":{"HYRIV_ID":20879418,"NEXT_DOWN":20879572,"MAIN_RIV":20878626,"LENGTH_KM":17.93,"CATCH_SKM":48.75,"DIS_AV_CMS":0.032,"ORD_STRA":1,"ORD_FLOW":8},"geometry":{"type":"LineString","coordinates":[[55.68333333333206,22.635416666666522],[55.67708333333209,22.635416666666522],[55.67291666666543,22.631249999999817],[55.66874999999877,22.631249999999817],[55.660416666665355,22.622916666666505],[55.65624999999869,22.622916666666505],[55.631249999998744,22.597916666666514],[55.62708333333211,22.597916666666514],[55.61041666666537,22.581249999999834],[55.602083333332075,22.581249999999834],[55.59791666666541,22.57708333333317],[55.59791666666541,22.572916666666522],[55.59374999999875,22.56874999999986],[55.58958333333209,22.56874999999986],[55.585416666665424,22.564583333333154],[55.58958333333209,22.56041666666649],[55.58958333333209,22.556249999999842],[55.585416666665424,22.556249999999842],[55.581249999998676,22.55208333333318],[55.581249999998676,22.539583333333162],[55.57708333333204,22.5354166666665]]}},{"type":"Feature","properties":{"HYRIV_ID":20879419,"NEXT_DOWN":20879449,"MAIN_RIV":20878626,"LENGTH_KM":3.51,"CATCH_SKM":14.27,"DIS_AV_CMS":0.01,"ORD_STRA":1,"ORD_FLOW":8},"geometry":{"type":"LineString","coordinates":[[55.60624999999871,22.562499999999822],[55.60624999999871,22.55208333333318],[55.59791666666541,22.543749999999825],[55.602083333332075,22.539583333333162],[55.602083333332075,22.5354166666665]]}},{"type":"Feature","properties":{"HYRIV_ID":20879420,"NEXT_DOWN":20879449,"MAIN_RIV":20878626,"LENGTH_KM":0.95,"CATCH_SKM":10.51,"DIS_AV_CMS":0.007,"ORD_STRA":1,"ORD_FLOW":9},"geometry":{"type":"LineString","coordinates":[[55.60833333333204,22.541666666666494],[55.602083333332075,22.5354166666665]]}},{"type":"Feature","properties":{"HYRIV_ID":20879448,"NEXT_DOWN":20879570,"MAIN_RIV":20880157,"LENGTH_KM":13.43,"CATCH_SKM":49.360001,"DIS_AV_CMS":0.0,"ORD_STRA":1,"ORD_FLOW":10},"geometry":{"type":"LineString","coordinates":[[54.22083333333208,22.562499999999822],[54.227083333332075,22.556249999999842],[54.24791666666536,22.556249999999842],[54.25624999999877,22.547916666666517],[54.28124999999872,22.547916666666517],[54.28958333333213,22.556249999999842],[54.31041666666542,22.556249999999842],[54.31458333333208,22.55208333333318],[54.31458333333208,22.543749999999825],[54.31041666666542,22.539583333333162],[54.31041666666542,22.53124999999985]]}},{"type":"Feature","properties":{"HYRIV_ID":20879449,"NEXT_DOWN":20879572,"MAIN_RIV":20878626,"LENGTH_KM":2.97,"CATCH_SKM":4.96,"DIS_AV_CMS":0.02,"ORD_STRA":2,"ORD_FLOW":8},"geometry":{"type":"LineString","coordinates":[[55.602083333332075,22.5354166666665],[55.59791666666541,22.5354166666665],[55.59374999999875,22.53124999999985],[55.585416666665424,22.53124999999985],[55.581249999998676,22.5354166666665],[55.57708333333204,22.5354166666665]]}},{"type":"Feature","properties":{"HYRIV_ID":20879500,"NEXT_DOWN":20879107,"MAIN_RIV":20880157,"LENGTH_KM":8.8599997,"CATCH_SKM":50.75,"DIS_AV_CMS":0.0,"ORD_STRA":1,"ORD_FLOW":10},"geometry":{"type":"LineString","coordinates":[[54.08333333333212,22.533333333333182],[54.089583333332115,22.527083333333145],[54.09374999999875,22.53124999999985],[54.09791666666541,22.53124999999985],[54.1104166666654,22.543749999999825],[54.114583333332064,22.543749999999825],[54.122916666665446,22.55208333333318],[54.1395833333321,22.55208333333318],[54.14374999999873,22.556249999999842],[54.14374999999873,22.564583333333154]]}},{"type":"Feature","properties":{"HYRIV_ID":20879501,"NEXT_DOWN":20879570,"MAIN_RIV":20880157,"LENGTH_KM":12.08,"CATCH_SKM":36.080002,"DIS_AV_CMS":0.0,"ORD_STRA":1,"ORD_FLOW":10},"geometry":{"type":"LineString","coordinates":[[54.21249999999878,22.539583333333162],[54.227083333332075,22.539583333333162],[54.23124999999874,22.5354166666665],[54.239583333332064,22.5354166666665],[54.24374999999873,22.539583333333162],[54.24791666666536,22.5354166666665],[54.25624999999877,22.5354166666665],[54.2645833333321,22.527083333333145],[54.272916666665424,22.527083333333145],[54.27708333333206,22.53124999999985],[54.28124999999872,22.53124999999985],[54.28541666666547,22.5354166666665],[54.28958333333213,22.5354166666665],[54.293749999998795,22.539583333333162],[54.30208333333209,22.53124999999985],[54.31041666666542,22.53124999999985]]}},{"type":"Feature","properties":{"HYRIV_ID":20879536,"NEXT_DOWN":20879571,"MAIN_RIV":20880157,"LENGTH_KM":12.21,"CATCH_SKM":42.830002,"DIS_AV_CMS":0.0,"ORD_STRA":1,"ORD_FLOW":10},"geometry":{"type":"LineString","coordinates":[[54.40833333333205,22.520833333333165],[54.41458333333213,22.527083333333145],[54.418749999998795,22.527083333333145],[54.42291666666546,22.53124999999985],[54.43541666666542,22.53124999999985],[54.443749999998744,22.539583333333162],[54.45208333333207,22.539583333333162],[54.456249999998704,22.543749999999825],[54.45208333333207,22.547916666666517],[54.431249999998755,22.547916666666517],[54.42708333333212,22.55208333333318],[54.40624999999872,22.55208333333318],[54.40208333333209,22.556249999999842]]}},{"type":"Feature","properties":{"HYRIV_ID":20879537,"NEXT_DOWN":20879678,"MAIN_RIV":20880157,"LENGTH_KM":41.169998,"CATCH_SKM":105.08,"DIS_AV_CMS":0.0,"ORD_STRA":1,"ORD_FLOW":10},"geometry":{"type":"LineString","coordinates":[[54.466666666665446,22.522916666666482],[54.51874999999876,22.522916666666482],[54.522916666665424,22.527083333333145],[54.55208333333212,22.527083333333145],[54.55624999999878,22.53124999999985],[54.59374999999878,22.53124999999985],[54.602083333332104,22.539583333333162],[54.66041666666541,22.539583333333162],[54.66458333333205,22.5354166666665],[54.74791666666539,22.5354166666665],[54.75208333333205,22.53124999999985],[54.756249999998715,22.53124999999985],[54.76041666666546,22.527083333333145],[54.764583333332126,22.53124999999985],[54.76874999999876,22.53124999999985],[54.772916666665424,22.5354166666665],[54.772916666665424,22.539583333333162],[54.77708333333209,22.543749999999825],[54.789583333332075,22.543749999999825],[54.79374999999874,22.547916666666517],[54.81874999999877,22.547916666666517],[54.82291666666541,22.543749999999825],[54.82708333333207,22.547916666666517],[54.83124999999873,22.547916666666517],[54.83541666666548,22.543749999999825]]}},{"type":"Feature","properties":{"HYRIV_ID":20879538,"NEXT_DOWN":20879857,"MAIN_RIV":20878626,"LENGTH_KM":2.34,"CATCH_SKM":14.47,"DIS_AV_CMS":0.005,"ORD_STRA":1,"ORD_FLOW":9},"geometry":{"type":"LineString","coordinates":[[55.5458333333321,22.541666666666494],[55.539583333332104,22.5354166666665],[55.539583333332104,22.522916666666482]]}},{"type":"Feature","properties":{"HYRIV_ID":20879570,"NEXT_DOWN":20879677,"MAIN_RIV":20880157,"LENGTH_KM":4.29,"CATCH_SKM":8.33,"DIS_AV_CMS":0.0,"ORD_STRA":2,"ORD_FLOW":10},"geometry":{"type":"LineString","coordinates":[[54.31041666666542,22.53124999999985],[54.31458333333208,22.527083333333145],[54.339583333332115,22.527083333333145],[54.34374999999878,22.522916666666482],[54.34374999999878,22.518749999999834]]}},{"type":"Feature","properties":{"HYRIV_ID":20879571,"NEXT_DOWN":20879677,"MAIN_RIV":20880157,"LENGTH_KM":8.8599997,"CATCH_SKM":27.16,"DIS_AV_CMS":0.0,"ORD_STRA":3,"ORD_FLOW":10},"geometry":{"type":"LineString","coordinates":[[54.40208333333209,22.556249999999842],[54.39374999999876,22.556249999999842],[54.3895833333321,22.55208333333318],[54.3604166666654,22.55208333333318],[54.35624999999874,22.547916666666517],[54.35624999999874,22.5354166666665],[54.352083333332075,22.53124999999985],[54.352083333332075,22.527083333333145],[54.34374999999878,22.518749999999834]]}},{"type":"Feature","properties":{"HYRIV_ID":20879572,"NEXT_DOWN":20879857,"MAIN_RIV":20878626,"LENGTH_KM":4.87,"CATCH_SKM":8.5299997,"DIS_AV_CMS":0.054,"ORD_STRA":2,"ORD_FLOW":8},"geometry":{"type":"LineString","coordinates":[[55.57708333333204,22.5354166666665],[55.56458333333205,22.522916666666482],[55.54791666666543,22.522916666666482],[55.54374999999877,22.518749999999834],[55.539583333332104,22.522916666666482]]}},{"type":"Feature","properties":{"HYRIV_ID":20879606,"NEXT_DOWN":20880199,"MAIN_RIV":20880157,"LENGTH_KM":15.38,"CATCH_SKM":49.369999,"DIS_AV_CMS":0.0,"ORD_STRA":3,"ORD_FLOW":10},"geometry":{"type":"LineString","coordinates":[[54.01874999999873,22.539583333333162],[54.02708333333214,22.53124999999985],[54.02708333333214,22.527083333333145],[54.022916666665395,22.522916666666482],[54.010416666665435,22.522916666666482],[54.00624999999877,22.518749999999834],[53.914583333332104,22.518749999999834],[53.91041666666544,22.51458333333317],[53.906249999998806,22.518749999999834],[53.90208333333214,22.518749999999834]]}},{"type":"Feature","properties":{"HYRIV_ID":20879607,"NEXT_DOWN":20879642,"MAIN_RIV":20880157,"LENGTH_KM":1.41,"CATCH_SKM":13.28,"DIS_AV_CMS":0.001,"ORD_STRA":1,"ORD_FLOW":9},"geometry":{"type":"LineString","coordinates":[[54.96249999999873,22.524999999999814],[54.96874999999872,22.518749999999834],[54.96874999999872,22.51458333333317]]}},{"type":"Feature","properties":{"HYRIV_ID":20879608,"NEXT_DOWN":20879642,"MAIN_RIV":20880157,"LENGTH_KM":4.4200001,"CATCH_SKM":7.73,"DIS_AV_CMS":0.0,"ORD_STRA":2,"ORD_FLOW":10},"geometry":{"type":"LineString","coordinates":[[54.972916666665384,22.543749999999825],[54.97708333333205,22.539583333333162],[54.972916666665384,22.5354166666665],[54.98124999999877,22.527083333333145],[54.96874999999872,22.51458333333317]]}},{"type":"Feature","properties":{"HYRIV_ID":20879642,"NEXT_DOWN":20879942,"MAIN_RIV":20880157,"LENGTH_KM":0.46,"CATCH_SKM":0.4,"DIS_AV_CMS":0.0,"ORD_STRA":2,"ORD_FLOW":10},"geometry":{"type":"LineString","coordinates":[[54.96874999999872,22.51458333333317],[54.96874999999872,22.510416666666508]]}},{"type":"Feature","properties":{"HYRIV_ID":20879643,"NEXT_DOWN":20879982,"MAIN_RIV":20880157,"LENGTH_KM":6.79,"CATCH_SKM":16.26,"DIS_AV_CMS":0.0,"ORD_STRA":2,"ORD_FLOW":10},"geometry":{"type":"LineString","coordinates":[[55.11041666666543,22.547916666666517],[55.11458333333209,22.543749999999825],[55.118749999998755,22.543749999999825],[55.12291666666542,22.539583333333162],[55.131249999998744,22.539583333333162],[55.14791666666545,22.522916666666482],[55.14791666666545,22.518749999999834],[55.13958333333204,22.510416666666508]]}},{"type":"Feature","properties":{"HYRIV_ID":20879644,"NEXT_DOWN":20879298,"MAIN_RIV":20878626,"LENGTH_KM":8.2600002,"CATCH_SKM":32.720001,"DIS_AV_CMS":0.0,"ORD_STRA":2,"ORD_FLOW":10},"geometry":{"type":"LineString","coordinates":[[55.414583333332104,22.510416666666508],[55.414583333332104,22.527083333333145],[55.41041666666544,22.53124999999985],[55.39374999999873,22.53124999999985],[55.38958333333207,22.5354166666665],[55.37291666666542,22.5354166666665],[55.36458333333212,22.543749999999825],[55.36458333333212,22.547916666666517]]}},{"type":"Feature","properties":{"HYRIV_ID":20879645,"NEXT_DOWN":20879644,"MAIN_RIV":20878626,"LENGTH_KM":8.58,"CATCH_SKM":35.689999,"DIS_AV_CMS":0.0,"ORD_STRA":1,"ORD_FLOW":10},"geometry":{"type":"LineString","coordinates":[[55.48333333333204,22.524999999999814],[55.47708333333205,22.518749999999834],[55.46874999999875,22.518749999999834],[55.460416666665424,22.510416666666508],[55.45208333333201,22.518749999999834],[55.44791666666535,22.51458333333317],[55.43124999999873,22.51458333333317],[55.427083333332064,22.510416666666508],[55.414583333332104,22.510416666666508]]}},{"type":"Feature","properties":{"HYRIV_ID":20879677,"NEXT_DOWN":20879755,"MAIN_RIV":20880157,"LENGTH_KM":1.56,"CATCH_SKM":1.78,"DIS_AV_CMS":0.0,"ORD_STRA":3,"ORD_FLOW":10},"geometry":{"type":"LineString","coordinates":[[54.34374999999878,22.518749999999834],[54.34374999999878,22.51458333333317],[54.339583333332115,22.510416666666508],[54.339583333332115,22.50624999999986]]}},{"type":"Feature","properties":{"HYRIV_ID":20879678,"NEXT_DOWN":20879758,"MAIN_RIV":20880157,"LENGTH_KM":12.52,"CATCH_SKM":32.91,"DIS_AV_CMS":0.0,"ORD_STRA":2,"ORD_FLOW":10},"geometry":{"type":"LineString","coordinates":[[54.83541666666548,22.543749999999825],[54.83958333333206,22.543749999999825],[54.84374999999872,22.539583333333162],[54.87708333333205,22.539583333333162],[54.88541666666538,22.53124999999985],[54.89791666666545,22.53124999999985],[54.91041666666541,22.518749999999834],[54.927083333332035,22.518749999999834],[54.93958333333211,22.50624999999986]]}},{"type":"Feature","properties":{"HYRIV_ID":20879679,"NEXT_DOWN":20879982,"MAIN_RIV":20880157,"LENGTH_KM":9.1700001,"CATCH_SKM":33.310001,"DIS_AV_CMS":0.0,"ORD_STRA":2,"ORD_FLOW":10},"geometry":{"type":"LineString","coordinates":[[55.222916666665384,22.50624999999986],[55.210416666665424,22.50624999999986],[55.20624999999876,22.510416666666508],[55.189583333332024,22.510416666666508],[55.18541666666539,22.50624999999986],[55.177083333332064,22.50624999999986],[55.1729166666654,22.510416666666508],[55.13958333333204,22.510416666666508]]}},{"type":"Feature","properties":{"HYRIV_ID":20879680,"NEXT_DOWN":20879679,"MAIN_RIV":20880157,"LENGTH_KM":6.7600002,"CATCH_SKM":31.33,"DIS_AV_CMS":0.0,"ORD_STRA":1,"ORD_FLOW":10},"geometry":{"type":"LineString","coordinates":[[55.27083333333212,22.51249999999984],[55.26458333333204,22.518749999999834],[55.26041666666541,22.518749999999834],[55.256249999998744,22.522916666666482],[55.23124999999871,22.522916666666482],[55.222916666665384,22.51458333333317],[55.222916666665384,22.50624999999986]]}},{"type":"Feature","properties":{"HYRIV_ID":20879713,"NEXT_DOWN":20879714,"MAIN_RIV":20880157,"LENGTH_KM":1.41,"CATCH_SKM":13.29,"DIS_AV_CMS":0.0,"ORD_STRA":1,"ORD_FLOW":10},"geometry":{"type":"LineString","coordinates":[[54.22083333333208,22.51249999999984],[54.227083333332075,22.50624999999986],[54.227083333332075,22.502083333333154]]}},{"type":"Feature","properties":{"HYRIV_ID":20879714,"NEXT_DOWN":20879755,"MAIN_RIV":20880157,"LENGTH_KM":12.16,"CATCH_SKM":33.91,"DIS_AV_CMS":0.0,"ORD_STRA":3,"ORD_FLOW":10},"geometry":{"type":"LineString","coordinates":[[54.227083333332075,22.502083333333154],[54.23124999999874,22.502083333333154],[54.2354166666654,22.50624999999986],[54.2645833333321,22.50624999999986],[54.26874999999876,22.502083333333154],[54.272916666665424,22.502083333333154],[54.27708333333206,22.50624999999986],[54.339583333332115,22.50624999999986]]}},{"type":"Feature","properties":{"HYRIV_ID":20879715,"NEXT_DOWN":20879757,"MAIN_RIV":20880157,"LENGTH_KM":8.3100004,"CATCH_SKM":19.629999,"DIS_AV_CMS":0.0,"ORD_STRA":4,"ORD_FLOW":10},"geometry":{"type":"LineString","coordinates":[[54.722916666665355,22.51458333333317],[54.74791666666539,22.51458333333317],[54.75208333333205,22.510416666666508],[54.78541666666541,22.510416666666508],[54.79374999999874,22.502083333333154],[54.79791666666537,22.502083333333154]]}},{"type":"Feature","properties":{"HYRIV_ID":20879754,"NEXT_DOWN":20879714,"MAIN_RIV":20880157,"LENGTH_KM":0.63,"CATCH_SKM":0.79,"DIS_AV_CMS":0.0,"ORD_STRA":3,"ORD_FLOW":10},"geometry":{"type":"LineString","coordinates":[[54.22291666666541,22.497916666666534],[54.227083333332075,22.502083333333154]]}},{"type":"Feature","properties":{"HYRIV_ID":20879755,"NEXT_DOWN":20879715,"MAIN_RIV":20880157,"LENGTH_KM":41.810001,"CATCH_SKM":101.93,"DIS_AV_CMS":0.0,"ORD_STRA":4,"ORD_FLOW":10},"geometry":{"type":"LineString","coordinates":[[54.339583333332115,22.50624999999986],[54.39374999999876,22.50624999999986],[54.397916666665424,22.502083333333154],[54.443749999998744,22.502083333333154],[54.44791666666541,22.497916666666534],[54.48124999999877,22.497916666666534],[54.4854166666654,22.502083333333154],[54.49374999999873,22.502083333333154],[54.50208333333205,22.510416666666508],[54.510416666665435,22.502083333333154],[54.51874999999876,22.502083333333154],[54.522916666665424,22.50624999999986],[54.52708333333209,22.50624999999986],[54.53124999999875,22.502083333333154],[54.55624999999878,22.502083333333154],[54.56041666666542,22.50624999999986],[54.602083333332104,22.50624999999986],[54.61041666666543,22.51458333333317],[54.722916666665355,22.51458333333317]]}},{"type":"Feature","properties":{"HYRIV_ID":20879756,"NEXT_DOWN":20879757,"MAIN_RIV":20880157,"LENGTH_KM":0.69,"CATCH_SKM":11.3,"DIS_AV_CMS":0.0,"ORD_STRA":1,"ORD_FLOW":10},"geometry":{"type":"LineString","coordinates":[[54.79791666666537,22.49583333333316],[54.79791666666537,22.502083333333154]]}},{"type":"Feature","properties":{"HYRIV_ID":20879757,"NEXT_DOWN":20879758,"MAIN_RIV":20880157,"LENGTH_KM":15.57,"CATCH_SKM":43.830002,"DIS_AV_CMS":0.0,"ORD_STRA":4,"ORD_FLOW":10},"geometry":{"type":"LineString","coordinates":[[54.79791666666537,22.502083333333154],[54.80624999999878,22.502083333333154],[54.810416666665446,22.497916666666534],[54.83541666666548,22.497916666666534],[54.83958333333206,22.502083333333154],[54.86458333333209,22.502083333333154],[54.868749999998755,22.497916666666534],[54.927083333332035,22.497916666666534],[54.9312499999987,22.502083333333154],[54.935416666665446,22.502083333333154],[54.93958333333211,22.50624999999986]]}},{"type":"Feature","properties":{"HYRIV_ID":20879758,"NEXT_DOWN":20879942,"MAIN_RIV":20880157,"LENGTH_KM":4.0100002,"CATCH_SKM":9.12,"DIS_AV_CMS":0.0,"ORD_STRA":4,"ORD_FLOW":10},"geometry":{"type":"LineString","coordinates":[[54.93958333333211,22.50624999999986],[54.947916666665435,22.497916666666534],[54.95208333333207,22.497916666666534],[54.95624999999873,22.502083333333154],[54.960416666665395,22.502083333333154],[54.96874999999872,22.510416666666508]]}},{"type":"Feature","properties":{"HYRIV_ID":20879854,"NEXT_DOWN":20879855,"MAIN_RIV":20880157,"LENGTH_KM":3.0,"CATCH_SKM":21.809999,"DIS_AV_CMS":0.0,"ORD_STRA":1,"ORD_FLOW":10},"geometry":{"type":"LineString","coordinates":[[54.154166666665475,22.50624999999986],[54.16041666666547,22.50624999999986],[54.17291666666543,22.493749999999842],[54.17291666666543,22.48958333333318]]}},{"type":"Feature","properties":{"HYRIV_ID":20879855,"NEXT_DOWN":20879754,"MAIN_RIV":20880157,"LENGTH_KM":5.54,"CATCH_SKM":16.26,"DIS_AV_CMS":0.0,"ORD_STRA":3,"ORD_FLOW":10},"geometry":{"type":"LineString","coordinates":[[54.17291666666543,22.48958333333318],[54.214583333332115,22.48958333333318],[54.22291666666541,22.497916666666534]]}},{"type":"Feature","properties":{"HYRIV_ID":20879856,"NEXT_DOWN":20879644,"MAIN_RIV":20878626,"LENGTH_KM":6.89,"CATCH_SKM":15.27,"DIS_AV_CMS":0.013,"ORD_STRA":2,"ORD_FLOW":8},"geometry":{"type":"LineString","coordinates":[[55.45624999999876,22.48958333333318],[55.45208333333201,22.48958333333318],[55.443749999998715,22.497916666666534],[55.43958333333205,22.493749999999842],[55.43124999999873,22.493749999999842],[55.427083333332064,22.48958333333318],[55.4229166666654,22.48958333333318],[55.414583333332104,22.497916666666534],[55.414583333332104,22.510416666666508]]}},{"type":"Feature","properties":{"HYRIV_ID":20879857,"NEXT_DOWN":20879856,"MAIN_RIV":20878626,"LENGTH_KM":10.59,"CATCH_SKM":29.549999,"DIS_AV_CMS":0.036,"ORD_STRA":2,"ORD_FLOW":8},"geometry":{"type":"LineString","coordinates":[[55.539583333332104,22.522916666666482],[55.53541666666544,22.518749999999834],[55.53124999999869,22.518749999999834],[55.52708333333203,22.51458333333317],[55.522916666665395,22.518749999999834],[55.51874999999873,22.518749999999834],[55.51458333333207,22.51458333333317],[55.51041666666541,22.51458333333317],[55.506249999998744,22.510416666666508],[55.497916666665446,22.510416666666508],[55.489583333332035,22.502083333333154],[55.48541666666537,22.502083333333154],[55.472916666665384,22.48958333333318],[55.45624999999876,22.48958333333318]]}},{"type":"Feature","properties":{"HYRIV_ID":20879858,"NEXT_DOWN":20880069,"MAIN_RIV":20887902,"LENGTH_KM":6.96,"CATCH_SKM":14.47,"DIS_AV_CMS":0.218,"ORD_STRA":2,"ORD_FLOW":7},"geometry":{"type":"LineString","coordinates":[[55.71458333333209,22.5354166666665],[55.71458333333209,22.53124999999985],[55.71041666666534,22.527083333333145],[55.706249999998704,22.527083333333145],[55.70208333333204,22.522916666666482],[55.69791666666538,22.522916666666482],[55.69791666666538,22.51458333333317],[55.693749999998715,22.510416666666508],[55.69791666666538,22.50624999999986],[55.69791666666538,22.502083333333154],[55.70208333333204,22.497916666666534],[55.70208333333204,22.493749999999842],[55.69791666666538,22.48958333333318]]}},{"type":"Feature","properties":{"HYRIV_ID":20879859,"NEXT_DOWN":20880069,"MAIN_RIV":20887902,"LENGTH_KM":18.42,"CATCH_SKM":45.790001,"DIS_AV_CMS":0.034,"ORD_STRA":1,"ORD_FLOW":8},"geometry":{"type":"LineString","coordinates":[[55.79999999999876,22.59374999999985],[55.79374999999877,22.59374999999985],[55.785416666665384,22.58541666666654],[55.785416666665384,22.581249999999834],[55.78124999999872,22.57708333333317],[55.78124999999872,22.572916666666522],[55.772916666665395,22.564583333333154],[55.772916666665395,22.547916666666517],[55.76458333333207,22.539583333333162],[55.76041666666541,22.539583333333162],[55.75624999999877,22.5354166666665],[55.75624999999877,22.53124999999985],[55.747916666665446,22.53124999999985],[55.7437499999987,22.527083333333145],[55.7437499999987,22.518749999999834],[55.739583333332035,22.51458333333317],[55.73124999999874,22.51458333333317],[55.727083333332075,22.510416666666508],[55.727083333332075,22.50624999999986],[55.72291666666541,22.502083333333154],[55.71874999999875,22.502083333333154],[55.71458333333209,22.497916666666534],[55.71458333333209,22.493749999999842],[55.71041666666534,22.48958333333318],[55.69791666666538,22.48958333333318]]}},{"type":"Feature","properties":{"HYRIV_ID":20879904,"NEXT_DOWN":20879980,"MAIN_RIV":20880157,"LENGTH_KM":13.91,"CATCH_SKM":50.18,"DIS_AV_CMS":0.0,"ORD_STRA":1,"ORD_FLOW":10},"geometry":{"type":"LineString","coordinates":[[53.94166666666547,22.493749999999842],[53.952083333332126,22.493749999999842],[53.95624999999879,22.48958333333318],[54.022916666665395,22.48958333333318],[54.031249999998806,22.497916666666534],[54.04374999999877,22.497916666666534],[54.04791666666543,22.502083333333154],[54.05208333333209,22.497916666666534],[54.05208333333209,22.48958333333318],[54.056249999998755,22.485416666666517]]}},{"type":"Feature","properties":{"HYRIV_ID":20879941,"NEXT_DOWN":20879754,"MAIN_RIV":20880157,"LENGTH_KM":2.1900001,"CATCH_SKM":3.37,"DIS_AV_CMS":0.0,"ORD_STRA":2,"ORD_FLOW":10},"geometry":{"type":"LineString","coordinates":[[54.23124999999874,22.481249999999868],[54.23124999999874,22.48958333333318],[54.22291666666541,22.497916666666534]]}},{"type":"Feature","properties":{"HYRIV_ID":20879942,"NEXT_DOWN":20880121,"MAIN_RIV":20880157,"LENGTH_KM":10.84,"CATCH_SKM":45.220001,"DIS_AV_CMS":0.0,"ORD_STRA":4,"ORD_FLOW":10},"geometry":{"type":"LineString","coordinates":[[54.96874999999872,22.510416666666508],[54.972916666665384,22.510416666666508],[54.98958333333209,22.493749999999842],[55.01041666666538,22.493749999999842],[55.014583333332126,22.48958333333318],[55.02291666666545,22.48958333333318],[55.027083333332115,22.485416666666517],[55.03124999999875,22.485416666666517],[55.03541666666541,22.481249999999868],[55.06041666666536,22.481249999999868]]}},{"type":"Feature","properties":{"HYRIV_ID":20879943,"NEXT_DOWN":20880121,"MAIN_RIV":20880157,"LENGTH_KM":16.43,"CATCH_SKM":57.889999,"DIS_AV_CMS":0.0,"ORD_STRA":1,"ORD_FLOW":10},"geometry":{"type":"LineString","coordinates":[[54.98958333333209,22.558333333333174],[54.98958333333209,22.55208333333318],[54.993749999998755,22.547916666666517],[54.993749999998755,22.543749999999825],[55.00208333333208,22.5354166666665],[55.006249999998715,22.5354166666665],[55.01041666666538,22.539583333333162],[55.014583333332126,22.539583333333162],[55.02291666666545,22.547916666666517],[55.039583333332075,22.547916666666517],[55.0479166666654,22.539583333333162],[55.0479166666654,22.53124999999985],[55.04374999999874,22.527083333333145],[55.04374999999874,22.50624999999986],[55.06458333333211,22.485416666666517],[55.06041666666536,22.481249999999868]]}},{"type":"Feature","properties":{"HYRIV_ID":20879980,"NEXT_DOWN":20879855,"MAIN_RIV":20880157,"LENGTH_KM":13.81,"CATCH_SKM":46.209999,"DIS_AV_CMS":0.0,"ORD_STRA":3,"ORD_FLOW":10},"geometry":{"type":"LineString","coordinates":[[54.056249999998755,22.485416666666517],[54.08541666666545,22.485416666666517],[54.089583333332115,22.481249999999868],[54.102083333332075,22.481249999999868],[54.10624999999874,22.477083333333205],[54.122916666665446,22.477083333333205],[54.1395833333321,22.493749999999842],[54.14374999999873,22.48958333333318],[54.156249999998806,22.48958333333318],[54.16041666666547,22.485416666666517],[54.16458333333213,22.485416666666517],[54.16874999999877,22.48958333333318],[54.17291666666543,22.48958333333318]]}},{"type":"Feature","properties":{"HYRIV_ID":20879981,"NEXT_DOWN":20879715,"MAIN_RIV":20880157,"LENGTH_KM":21.540001,"CATCH_SKM":77.949997,"DIS_AV_CMS":0.0,"ORD_STRA":1,"ORD_FLOW":10},"geometry":{"type":"LineString","coordinates":[[54.537499999998715,22.477083333333205],[54.56041666666542,22.477083333333205],[54.56458333333208,22.481249999999868],[54.568749999998744,22.481249999999868],[54.57291666666541,22.485416666666517],[54.614583333332064,22.485416666666517],[54.62708333333205,22.497916666666534],[54.66041666666541,22.497916666666534],[54.66458333333205,22.493749999999842],[54.70624999999873,22.493749999999842],[54.722916666665355,22.510416666666508],[54.722916666665355,22.51458333333317]]}},{"type":"Feature","properties":{"HYRIV_ID":20879982,"NEXT_DOWN":20880122,"MAIN_RIV":20880157,"LENGTH_KM":7.7800002,"CATCH_SKM":38.869999,"DIS_AV_CMS":0.0,"ORD_STRA":3,"ORD_FLOW":10},"geometry":{"type":"LineString","coordinates":[[55.13958333333204,22.510416666666508],[55.13541666666538,22.50624999999986],[55.131249999998744,22.510416666666508],[55.11041666666543,22.510416666666508],[55.10624999999871,22.50624999999986],[55.10624999999871,22.502083333333154],[55.11041666666543,22.497916666666534],[55.11041666666543,22.493749999999842],[55.11458333333209,22.48958333333318],[55.11458333333209,22.481249999999868],[55.118749999998755,22.477083333333205]]}},{"type":"Feature","properties":{"HYRIV_ID":20879983,"NEXT_DOWN":20880122,"MAIN_RIV":20880157,"LENGTH_KM":7.6700001,"CATCH_SKM":29.950001,"DIS_AV_CMS":0.002,"ORD_STRA":1,"ORD_FLOW":9},"geometry":{"type":"LineString","coordinates":[[55.18749999999869,22.481249999999868],[55.164583333332075,22.481249999999868],[55.16041666666541,22.485416666666517],[55.13541666666538,22.485416666666517],[55.131249999998744,22.481249999999868],[55.12291666666542,22.481249999999868],[55.118749999998755,22.477083333333205]]}},{"type":"Feature","properties":{"HYRIV_ID":20879984,"NEXT_DOWN":20879679,"MAIN_RIV":20880157,"LENGTH_KM":10.39,"CATCH_SKM":23.8,"DIS_AV_CMS":0.001,"ORD_STRA":2,"ORD_FLOW":9},"geometry":{"type":"LineString","coordinates":[[55.30624999999873,22.477083333333205],[55.2979166666654,22.477083333333205],[55.29374999999874,22.481249999999868],[55.289583333332104,22.481249999999868],[55.28541666666544,22.485416666666517],[55.28124999999878,22.481249999999868],[55.277083333332115,22.481249999999868],[55.27291666666545,22.485416666666517],[55.268749999998704,22.485416666666517],[55.26458333333204,22.48958333333318],[55.26041666666541,22.48958333333318],[55.256249999998744,22.493749999999842],[55.25208333333208,22.493749999999842],[55.24791666666542,22.497916666666534],[55.23541666666537,22.497916666666534],[55.23124999999871,22.502083333333154],[55.22708333333205,22.502083333333154],[55.222916666665384,22.50624999999986]]}},{"type":"Feature","properties":{"HYRIV_ID":20879985,"NEXT_DOWN":20879984,"MAIN_RIV":20880157,"LENGTH_KM":6.4200001,"CATCH_SKM":26.969999,"DIS_AV_CMS":0.001,"ORD_STRA":1,"ORD_FLOW":9},"geometry":{"type":"LineString","coordinates":[[55.33333333333209,22.516666666666502],[55.32291666666535,22.50624999999986],[55.31874999999869,22.510416666666508],[55.31458333333205,22.50624999999986],[55.31458333333205,22.493749999999842],[55.31041666666539,22.48958333333318],[55.31041666666539,22.485416666666517],[55.30624999999873,22.481249999999868],[55.30624999999873,22.477083333333205]]}},{"type":"Feature","properties":{"HYRIV_ID":20879986,"NEXT_DOWN":20879984,"MAIN_RIV":20880157,"LENGTH_KM":9.37,"CATCH_SKM":32.330002,"DIS_AV_CMS":0.002,"ORD_STRA":1,"ORD_FLOW":9},"geometry":{"type":"LineString","coordinates":[[55.37916666666541,22.493749999999842],[55.37291666666542,22.493749999999842],[55.368749999998755,22.48958333333318],[55.36041666666537,22.48958333333318],[55.35624999999871,22.493749999999842],[55.35208333333205,22.493749999999842],[55.347916666665384,22.48958333333318],[55.347916666665384,22.485416666666517],[55.34374999999872,22.481249999999868],[55.33958333333209,22.481249999999868],[55.335416666665424,22.485416666666517],[55.3270833333321,22.485416666666517],[55.32291666666535,22.481249999999868],[55.31874999999869,22.481249999999868],[55.31458333333205,22.477083333333205],[55.30624999999873,22.477083333333205]]}},{"type":"Feature","properties":{"HYRIV_ID":20879987,"NEXT_DOWN":20880606,"MAIN_RIV":20887902,"LENGTH_KM":8.4300003,"CATCH_SKM":27.360001,"DIS_AV_CMS":0.02,"ORD_STRA":1,"ORD_FLOW":8},"geometry":{"type":"LineString","coordinates":[[55.67499999999876,22.520833333333165],[55.660416666665355,22.50624999999986],[55.63958333333207,22.50624999999986],[55.631249999998744,22.497916666666534],[55.631249999998744,22.493749999999842],[55.622916666665446,22.485416666666517],[55.622916666665446,22.481249999999868],[55.61874999999878,22.477083333333205]]}},{"type":"Feature","properties":{"HYRIV_ID":20880015,"NEXT_DOWN":20879980,"MAIN_RIV":20880157,"LENGTH_KM":2.75,"CATCH_SKM":5.9499998,"DIS_AV_CMS":0.0,"ORD_STRA":3,"ORD_FLOW":10},"geometry":{"type":"LineString","coordinates":[[54.03541666666547,22.4729166666665],[54.04374999999877,22.481249999999868],[54.05208333333209,22.481249999999868],[54.056249999998755,22.485416666666517]]}},{"type":"Feature","properties":{"HYRIV_ID":20880016,"NEXT_DOWN":20880202,"MAIN_RIV":20892193,"LENGTH_KM":2.6300001,"CATCH_SKM":14.68,"DIS_AV_CMS":0.0,"ORD_STRA":1,"ORD_FLOW":10},"geometry":{"type":"LineString","coordinates":[[54.32916666666537,22.485416666666517],[54.339583333332115,22.485416666666517],[54.34374999999878,22.481249999999868],[54.34374999999878,22.4729166666665]]}},{"type":"Feature","properties":{"HYRIV_ID":20880017,"NEXT_DOWN":20880202,"MAIN_RIV":20892193,"LENGTH_KM":5.1300001,"CATCH_SKM":24.6,"DIS_AV_CMS":0.0,"ORD_STRA":1,"ORD_FLOW":10},"geometry":{"type":"LineString","coordinates":[[54.39166666666543,22.477083333333205],[54.352083333332075,22.477083333333205],[54.34791666666544,22.4729166666665],[54.34374999999878,22.4729166666665]]}},{"type":"Feature","properties":{"HYRIV_ID":20880067,"NEXT_DOWN":20879941,"MAIN_RIV":20880157,"LENGTH_KM":3.06,"CATCH_SKM":14.88,"DIS_AV_CMS":0.0,"ORD_STRA":1,"ORD_FLOW":10},"geometry":{"type":"LineString","coordinates":[[54.20833333333212,22.46666666666652],[54.214583333332115,22.4729166666665],[54.22291666666541,22.4729166666665],[54.23124999999874,22.481249999999868]]}},{"type":"Feature","properties":{"HYRIV_ID":20880068,"NEXT_DOWN":20879941,"MAIN_RIV":20880157,"LENGTH_KM":2.04,"CATCH_SKM":14.28,"DIS_AV_CMS":0.0,"ORD_STRA":1,"ORD_FLOW":10},"geometry":{"type":"LineString","coordinates":[[54.241666666665395,22.46666666666652],[54.23124999999874,22.477083333333205],[54.23124999999874,22.481249999999868]]}},{"type":"Feature","properties":{"HYRIV_ID":20880069,"NEXT_DOWN":20880606,"MAIN_RIV":20887902,"LENGTH_KM":10.22,"CATCH_SKM":34.119999,"DIS_AV_CMS":0.266,"ORD_STRA":2,"ORD_FLOW":7},"geometry":{"type":"LineString","coordinates":[[55.69791666666538,22.48958333333318],[55.693749999998715,22.485416666666517],[55.68958333333205,22.485416666666517],[55.68541666666539,22.481249999999868],[55.68541666666539,22.477083333333205],[55.68124999999873,22.4729166666665],[55.67291666666543,22.4729166666665],[55.66874999999877,22.46874999999985],[55.660416666665355,22.46874999999985],[55.65208333333206,22.477083333333205],[55.647916666665395,22.477083333333205],[55.64374999999873,22.4729166666665],[55.622916666665446,22.4729166666665],[55.61874999999878,22.477083333333205]]}},{"type":"Feature","properties":{"HYRIV_ID":20880121,"NEXT_DOWN":20880157,"MAIN_RIV":20880157,"LENGTH_KM":6.8,"CATCH_SKM":19.24,"DIS_AV_CMS":0.0,"ORD_STRA":4,"ORD_FLOW":10},"geometry":{"type":"LineString","coordinates":[[55.06041666666536,22.481249999999868],[55.06458333333211,22.477083333333205],[55.08958333333206,22.477083333333205],[55.09374999999872,22.4729166666665],[55.10208333333205,22.4729166666665],[55.10624999999871,22.46874999999985],[55.11041666666543,22.46874999999985],[55.11458333333209,22.464583333333188],[55.118749999998755,22.464583333333188]]}},{"type":"Feature","properties":{"HYRIV_ID":20880122,"NEXT_DOWN":20880157,"MAIN_RIV":20880157,"LENGTH_KM":1.73,"CATCH_SKM":1.39,"DIS_AV_CMS":0.0,"ORD_STRA":3,"ORD_FLOW":10},"geometry":{"type":"LineString","coordinates":[[55.118749999998755,22.477083333333205],[55.118749999998755,22.4729166666665],[55.12291666666542,22.46874999999985],[55.118749999998755,22.464583333333188]]}},{"type":"Feature","properties":{"HYRIV_ID":20880123,"NEXT_DOWN":20879856,"MAIN_RIV":20878626,"LENGTH_KM":4.35,"CATCH_SKM":21.620001,"DIS_AV_CMS":0.003,"ORD_STRA":1,"ORD_FLOW":9},"geometry":{"type":"LineString","coordinates":[[55.47916666666538,22.464583333333188],[55.46874999999875,22.464583333333188],[55.45624999999876,22.477083333333205],[55.45624999999876,22.48958333333318]]}},{"type":"Feature","properties":{"HYRIV_ID":20880157,"NEXT_DOWN":0,"MAIN_RIV":20880157,"LENGTH_KM":1.49,"CATCH_SKM":3.1700001,"DIS_AV_CMS":0.0,"ORD_STRA":4,"ORD_FLOW":10},"geometry":{"type":"LineString","coordinates":[[55.118749999998755,22.464583333333188],[55.12291666666542,22.460416666666482],[55.131249999998744,22.460416666666482]]}},{"type":"Feature","properties":{"HYRIV_ID":20880201,"NEXT_DOWN":20880015,"MAIN_RIV":20880157,"LENGTH_KM":8.0900002,"CATCH_SKM":21.620001,"DIS_AV_CMS":0.0,"ORD_STRA":3,"ORD_FLOW":10},"geometry":{"type":"LineString","coordinates":[[53.96458333333209,22.45624999999982],[53.97291666666541,22.464583333333188],[54.00208333333211,22.464583333333188],[54.00624999999877,22.46874999999985],[54.031249999998806,22.46874999999985],[54.03541666666547,22.4729166666665]]}},{"type":"Feature","properties":{"HYRIV_ID":20880202,"NEXT_DOWN":20880560,"MAIN_RIV":20892193,"LENGTH_KM":4.2399998,"CATCH_SKM":8.5299997,"DIS_AV_CMS":0.0,"ORD_STRA":2,"ORD_FLOW":10},"geometry":{"type":"LineString","coordinates":[[54.34374999999878,22.4729166666665],[54.33541666666545,22.4729166666665],[54.32291666666541,22.460416666666482],[54.31458333333208,22.460416666666482],[54.31041666666542,22.45624999999982]]}},{"type":"Feature","properties":{"HYRIV_ID":20880203,"NEXT_DOWN":20880820,"MAIN_RIV":20887902,"LENGTH_KM":3.6,"CATCH_SKM":6.75,"DIS_AV_CMS":0.0,"ORD_STRA":3,"ORD_FLOW":10},"geometry":{"type":"LineString","coordinates":[[54.95624999999873,22.460416666666482],[54.960416666665395,22.460416666666482],[54.96458333333206,22.45624999999982],[54.97708333333205,22.45624999999982],[54.98124999999877,22.460416666666482],[54.98541666666543,22.45624999999982]]}},{"type":"Feature","properties":{"HYRIV_ID":20880257,"NEXT_DOWN":20880473,"MAIN_RIV":20892193,"LENGTH_KM":10.65,"CATCH_SKM":32.93,"DIS_AV_CMS":0.0,"ORD_STRA":1,"ORD_FLOW":10},"geometry":{"type":"LineString","coordinates":[[54.47083333333211,22.4729166666665],[54.46041666666537,22.4729166666665],[54.456249999998704,22.46874999999985],[54.443749999998744,22.46874999999985],[54.43958333333208,22.464583333333188],[54.418749999998795,22.464583333333188],[54.41041666666547,22.45624999999982],[54.38124999999877,22.45624999999982],[54.37708333333211,22.45208333333317]]}},{"type":"Feature","properties":{"HYRIV_ID":20880298,"NEXT_DOWN":20880299,"MAIN_RIV":20887902,"LENGTH_KM":4.2600002,"CATCH_SKM":20.040001,"DIS_AV_CMS":0.0,"ORD_STRA":1,"ORD_FLOW":10},"geometry":{"type":"LineString","coordinates":[[54.71249999999873,22.4729166666665],[54.71874999999869,22.4729166666665],[54.73541666666543,22.45624999999982],[54.73124999999877,22.45208333333317],[54.73124999999877,22.447916666666508]]}},{"type":"Feature","properties":{"HYRIV_ID":20880299,"NEXT_DOWN":20880203,"MAIN_RIV":20887902,"LENGTH_KM":25.75,"CATCH_SKM":72.209999,"DIS_AV_CMS":0.0,"ORD_STRA":2,"ORD_FLOW":10},"geometry":{"type":"LineString","coordinates":[[54.73124999999877,22.447916666666508],[54.756249999998715,22.447916666666508],[54.76041666666546,22.45208333333317],[54.764583333332126,22.45208333333317],[54.772916666665424,22.460416666666482],[54.77708333333209,22.460416666666482],[54.789583333332075,22.4729166666665],[54.82291666666541,22.4729166666665],[54.82708333333207,22.477083333333205],[54.83958333333206,22.477083333333205],[54.84374999999872,22.481249999999868],[54.881249999998715,22.481249999999868],[54.89374999999879,22.46874999999985],[54.947916666665435,22.46874999999985],[54.95624999999873,22.460416666666482]]}},{"type":"Feature","properties":{"HYRIV_ID":20880300,"NEXT_DOWN":20880346,"MAIN_RIV":20880346,"LENGTH_KM":1.41,"CATCH_SKM":19.040001,"DIS_AV_CMS":0.001,"ORD_STRA":1,"ORD_FLOW":9},"geometry":{"type":"LineString","coordinates":[[55.24999999999875,22.45833333333315],[55.256249999998744,22.45208333333317],[55.256249999998744,22.447916666666508]]}},{"type":"Feature","properties":{"HYRIV_ID":20880346,"NEXT_DOWN":0,"MAIN_RIV":20880346,"LENGTH_KM":13.86,"CATCH_SKM":39.279999,"DIS_AV_CMS":0.002,"ORD_STRA":2,"ORD_FLOW":9},"geometry":{"type":"LineString","coordinates":[[55.256249999998744,22.447916666666508],[55.23124999999871,22.447916666666508],[55.22708333333205,22.443749999999845],[55.19374999999877,22.443749999999845],[55.189583333332024,22.447916666666508],[55.1729166666654,22.447916666666508],[55.16874999999874,22.45208333333317],[55.15624999999878,22.45208333333317],[55.14791666666545,22.460416666666482],[55.131249999998744,22.460416666666482]]}},{"type":"Feature","properties":{"HYRIV_ID":20880347,"NEXT_DOWN":20880346,"MAIN_RIV":20880346,"LENGTH_KM":8.3199997,"CATCH_SKM":41.459999,"DIS_AV_CMS":0.002,"ORD_STRA":1,"ORD_FLOW":9},"geometry":{"type":"LineString","coordinates":[[55.32083333333202,22.460416666666482],[55.31458333333205,22.460416666666482],[55.31041666666539,22.464583333333188],[55.302083333332064,22.464583333333188],[55.289583333332104,22.45208333333317],[55.289583333332104,22.447916666666508],[55.28541666666544,22.447916666666508],[55.28124999999878,22.443749999999845],[55.27291666666545,22.443749999999845],[55.268749999998704,22.447916666666508],[55.256249999998744,22.447916666666508]]}},{"type":"Feature","properties":{"HYRIV_ID":20880389,"NEXT_DOWN":20880015,"MAIN_RIV":20880157,"LENGTH_KM":11.33,"CATCH_SKM":46.619999,"DIS_AV_CMS":0.0,"ORD_STRA":1,"ORD_FLOW":10},"geometry":{"type":"LineString","coordinates":[[54.020833333332064,22.437499999999822],[54.02708333333214,22.443749999999845],[54.04791666666543,22.443749999999845],[54.05208333333209,22.439583333333196],[54.06041666666542,22.439583333333196],[54.07291666666546,22.45208333333317],[54.068749999998715,22.45624999999982],[54.05208333333209,22.45624999999982],[54.03541666666547,22.4729166666665]]}},{"type":"Feature","properties":{"HYRIV_ID":20880390,"NEXT_DOWN":20880475,"MAIN_RIV":20887902,"LENGTH_KM":3.4300001,"CATCH_SKM":25.389999,"DIS_AV_CMS":0.0,"ORD_STRA":1,"ORD_FLOW":10},"geometry":{"type":"LineString","coordinates":[[54.629166666665384,22.46666666666652],[54.62291666666539,22.460416666666482],[54.62291666666539,22.45624999999982],[54.61874999999873,22.45208333333317],[54.61874999999873,22.439583333333196]]}},{"type":"Feature","properties":{"HYRIV_ID":20880473,"NEXT_DOWN":20880560,"MAIN_RIV":20892193,"LENGTH_KM":11.05,"CATCH_SKM":34.720001,"DIS_AV_CMS":0.0,"ORD_STRA":2,"ORD_FLOW":10},"geometry":{"type":"LineString","coordinates":[[54.37708333333211,22.45208333333317],[54.35624999999874,22.45208333333317],[54.34791666666544,22.443749999999845],[54.339583333332115,22.443749999999845],[54.32708333333204,22.431249999999828],[54.31458333333208,22.431249999999828],[54.31041666666542,22.43541666666649],[54.31041666666542,22.439583333333196],[54.318749999998744,22.447916666666508],[54.31041666666542,22.45624999999982]]}},{"type":"Feature","properties":{"HYRIV_ID":20880474,"NEXT_DOWN":20880524,"MAIN_RIV":20892193,"LENGTH_KM":3.82,"CATCH_SKM":18.25,"DIS_AV_CMS":0.0,"ORD_STRA":1,"ORD_FLOW":10},"geometry":{"type":"LineString","coordinates":[[54.44166666666541,22.443749999999845],[54.42708333333212,22.443749999999845],[54.42291666666546,22.439583333333196],[54.418749999998795,22.439583333333196],[54.41041666666547,22.431249999999828]]}},{"type":"Feature","properties":{"HYRIV_ID":20880475,"NEXT_DOWN":20880299,"MAIN_RIV":20887902,"LENGTH_KM":13.85,"CATCH_SKM":44.84,"DIS_AV_CMS":0.0,"ORD_STRA":2,"ORD_FLOW":10},"geometry":{"type":"LineString","coordinates":[[54.61874999999873,22.439583333333196],[54.6395833333321,22.439583333333196],[54.64374999999876,22.443749999999845],[54.647916666665424,22.443749999999845],[54.65208333333209,22.447916666666508],[54.66041666666541,22.447916666666508],[54.66458333333205,22.443749999999845],[54.66458333333205,22.439583333333196],[54.668749999998795,22.43541666666649],[54.685416666665446,22.43541666666649],[54.68958333333211,22.431249999999828],[54.70208333333207,22.431249999999828],[54.71458333333206,22.443749999999845],[54.727083333332104,22.443749999999845],[54.73124999999877,22.447916666666508]]}},{"type":"Feature","properties":{"HYRIV_ID":20880476,"NEXT_DOWN":20880561,"MAIN_RIV":20887902,"LENGTH_KM":2.5,"CATCH_SKM":16.469999,"DIS_AV_CMS":0.0,"ORD_STRA":1,"ORD_FLOW":10},"geometry":{"type":"LineString","coordinates":[[54.79583333333204,22.44999999999984],[54.78541666666541,22.439583333333196],[54.78541666666541,22.431249999999828]]}},{"type":"Feature","properties":{"HYRIV_ID":20880524,"NEXT_DOWN":20880473,"MAIN_RIV":20892193,"LENGTH_KM":6.56,"CATCH_SKM":23.610001,"DIS_AV_CMS":0.0,"ORD_STRA":2,"ORD_FLOW":10},"geometry":{"type":"LineString","coordinates":[[54.41041666666547,22.431249999999828],[54.40624999999872,22.431249999999828],[54.40208333333209,22.42708333333318],[54.39374999999876,22.42708333333318],[54.3895833333321,22.431249999999828],[54.397916666665424,22.439583333333196],[54.3895833333321,22.447916666666508],[54.385416666665435,22.447916666666508],[54.38124999999877,22.45208333333317],[54.37708333333211,22.45208333333317]]}},{"type":"Feature","properties":{"HYRIV_ID":20880525,"NEXT_DOWN":20880561,"MAIN_RIV":20887902,"LENGTH_KM":2.1300001,"CATCH_SKM":15.28,"DIS_AV_CMS":0.0,"ORD_STRA":1,"ORD_FLOW":10},"geometry":{"type":"LineString","coordinates":[[54.76666666666546,22.42708333333318],[54.78124999999875,22.42708333333318],[54.78541666666541,22.431249999999828]]}},{"type":"Feature","properties":{"HYRIV_ID":20880560,"NEXT_DOWN":20881242,"MAIN_RIV":20892193,"LENGTH_KM":23.41,"CATCH_SKM":64.080002,"DIS_AV_CMS":0.0,"ORD_STRA":3,"ORD_FLOW":10},"geometry":{"type":"LineString","coordinates":[[54.31041666666542,22.45624999999982],[54.25208333333211,22.45624999999982],[54.24374999999873,22.447916666666508],[54.20624999999879,22.447916666666508],[54.19791666666538,22.439583333333196],[54.17291666666543,22.439583333333196],[54.16874999999877,22.443749999999845],[54.15208333333206,22.443749999999845],[54.147916666665395,22.447916666666508],[54.135416666665435,22.447916666666508],[54.114583333332064,22.42708333333318],[54.1104166666654,22.42708333333318],[54.10624999999874,22.422916666666517]]}},{"type":"Feature","properties":{"HYRIV_ID":20880561,"NEXT_DOWN":20880562,"MAIN_RIV":20887902,"LENGTH_KM":4.2600002,"CATCH_SKM":8.33,"DIS_AV_CMS":0.0,"ORD_STRA":2,"ORD_FLOW":10},"geometry":{"type":"LineString","coordinates":[[54.78541666666541,22.431249999999828],[54.789583333332075,22.431249999999828],[54.79374999999874,22.42708333333318],[54.81874999999877,22.42708333333318],[54.82291666666541,22.422916666666517]]}},{"type":"Feature","properties":{"HYRIV_ID":20880562,"NEXT_DOWN":20880203,"MAIN_RIV":20887902,"LENGTH_KM":17.27,"CATCH_SKM":44.439999,"DIS_AV_CMS":0.0,"ORD_STRA":2,"ORD_FLOW":10},"geometry":{"type":"LineString","coordinates":[[54.82291666666541,22.422916666666517],[54.83124999999873,22.422916666666517],[54.83958333333206,22.431249999999828],[54.83958333333206,22.43541666666649],[54.84374999999872,22.439583333333196],[54.86458333333209,22.439583333333196],[54.868749999998755,22.443749999999845],[54.881249999998715,22.443749999999845],[54.88541666666538,22.439583333333196],[54.889583333332126,22.439583333333196],[54.89374999999879,22.43541666666649],[54.91041666666541,22.43541666666649],[54.914583333332075,22.439583333333196],[54.91874999999874,22.43541666666649],[54.927083333332035,22.43541666666649],[54.935416666665446,22.443749999999845],[54.94374999999877,22.443749999999845],[54.95624999999873,22.45624999999982],[54.95624999999873,22.460416666666482]]}},{"type":"Feature","properties":{"HYRIV_ID":20880563,"NEXT_DOWN":20881245,"MAIN_RIV":20887902,"LENGTH_KM":3.35,"CATCH_SKM":20.43,"DIS_AV_CMS":0.001,"ORD_STRA":1,"ORD_FLOW":9},"geometry":{"type":"LineString","coordinates":[[55.368749999998755,22.44999999999984],[55.368749999998755,22.443749999999845],[55.36458333333212,22.439583333333196],[55.36458333333212,22.42708333333318],[55.368749999998755,22.422916666666517]]}},{"type":"Feature","properties":{"HYRIV_ID":20880606,"NEXT_DOWN":20880867,"MAIN_RIV":20887902,"LENGTH_KM":8.3500004,"CATCH_SKM":16.66,"DIS_AV_CMS":0.288,"ORD_STRA":2,"ORD_FLOW":7},"geometry":{"type":"LineString","coordinates":[[55.61874999999878,22.477083333333205],[55.61041666666537,22.477083333333205],[55.60624999999871,22.4729166666665],[55.60624999999871,22.464583333333188],[55.61041666666537,22.460416666666482],[55.60624999999871,22.45624999999982],[55.60624999999871,22.447916666666508],[55.602083333332075,22.443749999999845],[55.602083333332075,22.431249999999828],[55.59791666666541,22.42708333333318],[55.59791666666541,22.422916666666517],[55.602083333332075,22.418749999999854]]}},{"type":"Feature","properties":{"HYRIV_ID":20880607,"NEXT_DOWN":20880867,"MAIN_RIV":20887902,"LENGTH_KM":0.95,"CATCH_SKM":12.1,"DIS_AV_CMS":0.008,"ORD_STRA":1,"ORD_FLOW":9},"geometry":{"type":"LineString","coordinates":[[55.60833333333204,22.424999999999848],[55.602083333332075,22.418749999999854]]}},{"type":"Feature","properties":{"HYRIV_ID":20880645,"NEXT_DOWN":20881242,"MAIN_RIV":20892193,"LENGTH_KM":2.01,"CATCH_SKM":13.89,"DIS_AV_CMS":0.0,"ORD_STRA":1,"ORD_FLOW":10},"geometry":{"type":"LineString","coordinates":[[54.12083333333203,22.412499999999874],[54.1104166666654,22.422916666666517],[54.10624999999874,22.422916666666517]]}},{"type":"Feature","properties":{"HYRIV_ID":20880646,"NEXT_DOWN":20880983,"MAIN_RIV":20892193,"LENGTH_KM":1.8,"CATCH_SKM":12.9,"DIS_AV_CMS":0.0,"ORD_STRA":1,"ORD_FLOW":10},"geometry":{"type":"LineString","coordinates":[[54.24583333333206,22.420833333333185],[54.239583333332064,22.414583333333205],[54.23124999999874,22.414583333333205]]}},{"type":"Feature","properties":{"HYRIV_ID":20880647,"NEXT_DOWN":20880820,"MAIN_RIV":20887902,"LENGTH_KM":7.35,"CATCH_SKM":21.43,"DIS_AV_CMS":0.0,"ORD_STRA":2,"ORD_FLOW":10},"geometry":{"type":"LineString","coordinates":[[54.94374999999877,22.414583333333205],[54.94374999999877,22.418749999999854],[54.947916666665435,22.422916666666517],[54.95208333333207,22.422916666666517],[54.96458333333206,22.43541666666649],[54.96458333333206,22.443749999999845],[54.96874999999872,22.447916666666508],[54.98124999999877,22.447916666666508],[54.98541666666543,22.45208333333317],[54.98541666666543,22.45624999999982]]}},{"type":"Feature","properties":{"HYRIV_ID":20880648,"NEXT_DOWN":20880707,"MAIN_RIV":20887902,"LENGTH_KM":0.69,"CATCH_SKM":11.11,"DIS_AV_CMS":0.001,"ORD_STRA":1,"ORD_FLOW":9},"geometry":{"type":"LineString","coordinates":[[55.38958333333207,22.420833333333185],[55.38958333333207,22.414583333333205]]}},{"type":"Feature","properties":{"HYRIV_ID":20880649,"NEXT_DOWN":20880768,"MAIN_RIV":20887902,"LENGTH_KM":3.26,"CATCH_SKM":19.25,"DIS_AV_CMS":0.013,"ORD_STRA":1,"ORD_FLOW":8},"geometry":{"type":"LineString","coordinates":[[55.658333333332024,22.431249999999828],[55.647916666665395,22.431249999999828],[55.63958333333207,22.422916666666517],[55.63958333333207,22.414583333333205]]}},{"type":"Feature","properties":{"HYRIV_ID":20880650,"NEXT_DOWN":20880768,"MAIN_RIV":20887902,"LENGTH_KM":5.6300001,"CATCH_SKM":18.450001,"DIS_AV_CMS":0.013,"ORD_STRA":1,"ORD_FLOW":8},"geometry":{"type":"LineString","coordinates":[[55.68749999999872,22.42916666666651],[55.67291666666543,22.414583333333205],[55.63958333333207,22.414583333333205]]}},{"type":"Feature","properties":{"HYRIV_ID":20880704,"NEXT_DOWN":20880705,"MAIN_RIV":20887902,"LENGTH_KM":5.4899998,"CATCH_SKM":25.200001,"DIS_AV_CMS":0.0,"ORD_STRA":1,"ORD_FLOW":10},"geometry":{"type":"LineString","coordinates":[[54.56666666666541,22.44999999999984],[54.543749999998795,22.42708333333318],[54.543749999998795,22.422916666666517],[54.53958333333205,22.418749999999854],[54.53958333333205,22.4104166666665]]}},{"type":"Feature","properties":{"HYRIV_ID":20880705,"NEXT_DOWN":20880475,"MAIN_RIV":20887902,"LENGTH_KM":9.5600004,"CATCH_SKM":30.360001,"DIS_AV_CMS":0.0,"ORD_STRA":2,"ORD_FLOW":10},"geometry":{"type":"LineString","coordinates":[[54.53958333333205,22.4104166666665],[54.55208333333212,22.4104166666665],[54.55624999999878,22.414583333333205],[54.56458333333208,22.414583333333205],[54.58124999999873,22.431249999999828],[54.60624999999877,22.431249999999828],[54.61041666666543,22.43541666666649],[54.614583333332064,22.43541666666649],[54.61874999999873,22.439583333333196]]}},{"type":"Feature","properties":{"HYRIV_ID":20880706,"NEXT_DOWN":20880647,"MAIN_RIV":20887902,"LENGTH_KM":7.25,"CATCH_SKM":25.0,"DIS_AV_CMS":0.0,"ORD_STRA":1,"ORD_FLOW":10},"geometry":{"type":"LineString","coordinates":[[54.879166666665384,22.418749999999854],[54.89374999999879,22.418749999999854],[54.89791666666545,22.414583333333205],[54.9229166666654,22.414583333333205],[54.927083333332035,22.4104166666665],[54.935416666665446,22.4104166666665],[54.93958333333211,22.414583333333205],[54.94374999999877,22.414583333333205]]}},{"type":"Feature","properties":{"HYRIV_ID":20880707,"NEXT_DOWN":20881245,"MAIN_RIV":20887902,"LENGTH_KM":3.21,"CATCH_SKM":13.89,"DIS_AV_CMS":0.003,"ORD_STRA":2,"ORD_FLOW":9},"geometry":{"type":"LineString","coordinates":[[55.38958333333207,22.414583333333205],[55.38541666666541,22.4104166666665],[55.37708333333208,22.418749999999854],[55.37708333333208,22.422916666666517],[55.368749999998755,22.422916666666517]]}},{"type":"Feature","properties":{"HYRIV_ID":20880708,"NEXT_DOWN":20880707,"MAIN_RIV":20887902,"LENGTH_KM":4.6500001,"CATCH_SKM":26.59,"DIS_AV_CMS":0.002,"ORD_STRA":1,"ORD_FLOW":9},"geometry":{"type":"LineString","coordinates":[[55.42499999999873,22.42708333333318],[55.41874999999877,22.42708333333318],[55.41041666666544,22.418749999999854],[55.40624999999878,22.418749999999854],[55.39791666666537,22.4104166666665],[55.39374999999873,22.4104166666665],[55.38958333333207,22.414583333333205]]}},{"type":"Feature","properties":{"HYRIV_ID":20880765,"NEXT_DOWN":20880562,"MAIN_RIV":20887902,"LENGTH_KM":3.0,"CATCH_SKM":17.07,"DIS_AV_CMS":0.0,"ORD_STRA":1,"ORD_FLOW":10},"geometry":{"type":"LineString","coordinates":[[54.80416666666545,22.406249999999837],[54.810416666665446,22.406249999999837],[54.82291666666541,22.418749999999854],[54.82291666666541,22.422916666666517]]}},{"type":"Feature","properties":{"HYRIV_ID":20880766,"NEXT_DOWN":20880647,"MAIN_RIV":20887902,"LENGTH_KM":2.1700001,"CATCH_SKM":17.07,"DIS_AV_CMS":0.0,"ORD_STRA":1,"ORD_FLOW":10},"geometry":{"type":"LineString","coordinates":[[54.958333333332064,22.406249999999837],[54.947916666665435,22.406249999999837],[54.94374999999877,22.4104166666665],[54.94374999999877,22.414583333333205]]}},{"type":"Feature","properties":{"HYRIV_ID":20880767,"NEXT_DOWN":20880867,"MAIN_RIV":20887902,"LENGTH_KM":2.75,"CATCH_SKM":4.37,"DIS_AV_CMS":0.04,"ORD_STRA":2,"ORD_FLOW":8},"geometry":{"type":"LineString","coordinates":[[55.622916666665446,22.406249999999837],[55.61874999999878,22.406249999999837],[55.614583333332035,22.4104166666665],[55.61041666666537,22.4104166666665],[55.602083333332075,22.418749999999854]]}},{"type":"Feature","properties":{"HYRIV_ID":20880768,"NEXT_DOWN":20880767,"MAIN_RIV":20887902,"LENGTH_KM":2.12,"CATCH_SKM":3.57,"DIS_AV_CMS":0.028,"ORD_STRA":2,"ORD_FLOW":8},"geometry":{"type":"LineString","coordinates":[[55.63958333333207,22.414583333333205],[55.631249999998744,22.406249999999837],[55.622916666665446,22.406249999999837]]}},{"type":"Feature","properties":{"HYRIV_ID":20880817,"NEXT_DOWN":20880524,"MAIN_RIV":20892193,"LENGTH_KM":6.2800002,"CATCH_SKM":24.41,"DIS_AV_CMS":0.0,"ORD_STRA":1,"ORD_FLOW":10},"geometry":{"type":"LineString","coordinates":[[54.43333333333209,22.399999999999856],[54.443749999998744,22.4104166666665],[54.43541666666542,22.418749999999854],[54.42708333333212,22.418749999999854],[54.42291666666546,22.422916666666517],[54.418749999998795,22.422916666666517],[54.418749999998795,22.42708333333318],[54.41458333333213,22.431249999999828],[54.41041666666547,22.431249999999828]]}},{"type":"Feature","properties":{"HYRIV_ID":20880818,"NEXT_DOWN":20880819,"MAIN_RIV":20887902,"LENGTH_KM":4.6599998,"CATCH_SKM":26.790001,"DIS_AV_CMS":0.0,"ORD_STRA":1,"ORD_FLOW":10},"geometry":{"type":"LineString","coordinates":[[54.49583333333206,22.43333333333316],[54.50208333333205,22.42708333333318],[54.50208333333205,22.422916666666517],[54.49791666666539,22.418749999999854],[54.49791666666539,22.414583333333205],[54.50208333333205,22.4104166666665],[54.5062499999988,22.4104166666665],[54.510416666665435,22.406249999999837],[54.510416666665435,22.402083333333188]]}},{"type":"Feature","properties":{"HYRIV_ID":20880819,"NEXT_DOWN":20880705,"MAIN_RIV":20887902,"LENGTH_KM":3.4,"CATCH_SKM":8.7299995,"DIS_AV_CMS":0.0,"ORD_STRA":2,"ORD_FLOW":10},"geometry":{"type":"LineString","coordinates":[[54.510416666665435,22.402083333333188],[54.51874999999876,22.4104166666665],[54.53958333333205,22.4104166666665]]}},{"type":"Feature","properties":{"HYRIV_ID":20880820,"NEXT_DOWN":20880907,"MAIN_RIV":20887902,"LENGTH_KM":27.280001,"CATCH_SKM":74.800003,"DIS_AV_CMS":0.0,"ORD_STRA":3,"ORD_FLOW":10},"geometry":{"type":"LineString","coordinates":[[54.98541666666543,22.45624999999982],[55.006249999998715,22.45624999999982],[55.01041666666538,22.460416666666482],[55.04374999999874,22.460416666666482],[55.0479166666654,22.45624999999982],[55.06041666666536,22.45624999999982],[55.06458333333211,22.45208333333317],[55.072916666665435,22.45208333333317],[55.0770833333321,22.447916666666508],[55.085416666665395,22.447916666666508],[55.08958333333206,22.443749999999845],[55.10208333333205,22.443749999999845],[55.10624999999871,22.439583333333196],[55.11458333333209,22.439583333333196],[55.118749999998755,22.43541666666649],[55.12708333333208,22.43541666666649],[55.131249999998744,22.431249999999828],[55.14374999999879,22.431249999999828],[55.14791666666545,22.42708333333318],[55.164583333332075,22.42708333333318],[55.16874999999874,22.422916666666517],[55.177083333332064,22.422916666666517],[55.18124999999873,22.418749999999854],[55.19374999999877,22.418749999999854],[55.197916666665435,22.414583333333205],[55.2020833333321,22.414583333333205],[55.20624999999876,22.4104166666665],[55.21458333333206,22.4104166666665],[55.21874999999872,22.406249999999837],[55.21874999999872,22.402083333333188]]}},{"type":"Feature","properties":{"HYRIV_ID":20880821,"NEXT_DOWN":20880907,"MAIN_RIV":20887902,"LENGTH_KM":8.9399996,"CATCH_SKM":44.25,"DIS_AV_CMS":0.002,"ORD_STRA":1,"ORD_FLOW":9},"geometry":{"type":"LineString","coordinates":[[55.29583333333207,22.406249999999837],[55.28541666666544,22.406249999999837],[55.28124999999878,22.402083333333188],[55.26041666666541,22.402083333333188],[55.256249999998744,22.406249999999837],[55.25208333333208,22.406249999999837],[55.24791666666542,22.4104166666665],[55.243749999998755,22.4104166666665],[55.23958333333209,22.406249999999837],[55.22708333333205,22.406249999999837],[55.222916666665384,22.402083333333188],[55.21874999999872,22.402083333333188]]}},{"type":"Feature","properties":{"HYRIV_ID":20880865,"NEXT_DOWN":20881246,"MAIN_RIV":20887902,"LENGTH_KM":4.3200002,"CATCH_SKM":23.610001,"DIS_AV_CMS":0.011,"ORD_STRA":1,"ORD_FLOW":8},"geometry":{"type":"LineString","coordinates":[[55.52916666666536,22.416666666666494],[55.522916666665395,22.422916666666517],[55.51874999999873,22.422916666666517],[55.51874999999873,22.418749999999854],[55.51458333333207,22.414583333333205],[55.51458333333207,22.397916666666525]]}},{"type":"Feature","properties":{"HYRIV_ID":20880866,"NEXT_DOWN":20881288,"MAIN_RIV":20887902,"LENGTH_KM":23.190001,"CATCH_SKM":56.52,"DIS_AV_CMS":0.37200001,"ORD_STRA":3,"ORD_FLOW":7},"geometry":{"type":"LineString","coordinates":[[55.65208333333206,22.556249999999842],[55.647916666665395,22.55208333333318],[55.647916666665395,22.547916666666517],[55.64374999999873,22.543749999999825],[55.64374999999873,22.539583333333162],[55.63541666666541,22.53124999999985],[55.63541666666541,22.527083333333145],[55.631249999998744,22.522916666666482],[55.61874999999878,22.522916666666482],[55.614583333332035,22.518749999999834],[55.60624999999871,22.518749999999834],[55.602083333332075,22.51458333333317],[55.602083333332075,22.510416666666508],[55.59791666666541,22.50624999999986],[55.59374999999875,22.50624999999986],[55.585416666665424,22.497916666666534],[55.585416666665424,22.477083333333205],[55.581249999998676,22.4729166666665],[55.581249999998676,22.46874999999985],[55.57708333333204,22.464583333333188],[55.581249999998676,22.460416666666482],[55.57708333333204,22.45624999999982],[55.57708333333204,22.439583333333196],[55.57291666666538,22.43541666666649],[55.57291666666538,22.422916666666517],[55.568749999998715,22.418749999999854],[55.568749999998715,22.4104166666665],[55.56458333333205,22.406249999999837],[55.568749999998715,22.402083333333188],[55.568749999998715,22.397916666666525]]}},{"type":"Feature","properties":{"HYRIV_ID":20880867,"NEXT_DOWN":20881288,"MAIN_RIV":20887902,"LENGTH_KM":4.8400002,"CATCH_SKM":17.66,"DIS_AV_CMS":0.34,"ORD_STRA":3,"ORD_FLOW":7},"geometry":{"type":"LineString","coordinates":[[55.602083333332075,22.418749999999854],[55.59374999999875,22.4104166666665],[55.58958333333209,22.414583333333205],[55.585416666665424,22.414583333333205],[55.568749999998715,22.397916666666525]]}},{"type":"Feature","properties":{"HYRIV_ID":20880905,"NEXT_DOWN":20880906,"MAIN_RIV":20887902,"LENGTH_KM":0.64,"CATCH_SKM":11.11,"DIS_AV_CMS":0.0,"ORD_STRA":1,"ORD_FLOW":10},"geometry":{"type":"LineString","coordinates":[[54.50416666666547,22.39374999999982],[54.510416666665435,22.39374999999982]]}},{"type":"Feature","properties":{"HYRIV_ID":20880906,"NEXT_DOWN":20880819,"MAIN_RIV":20887902,"LENGTH_KM":0.93,"CATCH_SKM":1.99,"DIS_AV_CMS":0.0,"ORD_STRA":2,"ORD_FLOW":10},"geometry":{"type":"LineString","coordinates":[[54.510416666665435,22.39374999999982],[54.510416666665435,22.402083333333188]]}},{"type":"Feature","properties":{"HYRIV_ID":20880907,"NEXT_DOWN":20881244,"MAIN_RIV":20887902,"LENGTH_KM":0.93,"CATCH_SKM":1.1900001,"DIS_AV_CMS":0.0,"ORD_STRA":3,"ORD_FLOW":10},"geometry":{"type":"LineString","coordinates":[[55.21874999999872,22.402083333333188],[55.21874999999872,22.39374999999982]]}},{"type":"Feature","properties":{"HYRIV_ID":20880908,"NEXT_DOWN":20881246,"MAIN_RIV":20887902,"LENGTH_KM":2.1300001,"CATCH_SKM":12.9,"DIS_AV_CMS":0.007,"ORD_STRA":1,"ORD_FLOW":9},"geometry":{"type":"LineString","coordinates":[[55.53333333333211,22.39374999999982],[55.522916666665395,22.39374999999982],[55.51874999999873,22.397916666666525],[55.51458333333207,22.397916666666525]]}},{"type":"Feature","properties":{"HYRIV_ID":20880909,"NEXT_DOWN":20880767,"MAIN_RIV":20887902,"LENGTH_KM":3.6900001,"CATCH_SKM":15.88,"DIS_AV_CMS":0.01,"ORD_STRA":1,"ORD_FLOW":8},"geometry":{"type":"LineString","coordinates":[[55.645833333332064,22.397916666666525],[55.63958333333207,22.397916666666525],[55.63541666666541,22.39374999999982],[55.62708333333211,22.39374999999982],[55.622916666665446,22.397916666666525],[55.622916666665446,22.406249999999837]]}},{"type":"Feature","properties":{"HYRIV_ID":20880944,"NEXT_DOWN":20880982,"MAIN_RIV":20892193,"LENGTH_KM":3.62,"CATCH_SKM":16.870001,"DIS_AV_CMS":0.0,"ORD_STRA":1,"ORD_FLOW":10},"geometry":{"type":"LineString","coordinates":[[54.066666666665384,22.397916666666525],[54.04791666666543,22.397916666666525],[54.039583333332104,22.38958333333317],[54.03541666666547,22.38958333333317]]}},{"type":"Feature","properties":{"HYRIV_ID":20880945,"NEXT_DOWN":20880983,"MAIN_RIV":20892193,"LENGTH_KM":11.16,"CATCH_SKM":44.849998,"DIS_AV_CMS":0.0,"ORD_STRA":1,"ORD_FLOW":10},"geometry":{"type":"LineString","coordinates":[[54.1708333333321,22.38958333333317],[54.16458333333213,22.38958333333317],[54.16041666666547,22.39374999999982],[54.16041666666547,22.402083333333188],[54.16458333333213,22.406249999999837],[54.202083333332126,22.406249999999837],[54.21874999999878,22.422916666666517],[54.227083333332075,22.422916666666517],[54.23124999999874,22.418749999999854],[54.23124999999874,22.414583333333205]]}},{"type":"Feature","properties":{"HYRIV_ID":20880946,"NEXT_DOWN":20881031,"MAIN_RIV":20887902,"LENGTH_KM":0.95,"CATCH_SKM":11.31,"DIS_AV_CMS":0.0,"ORD_STRA":1,"ORD_FLOW":10},"geometry":{"type":"LineString","coordinates":[[54.62083333333206,22.395833333333194],[54.62708333333205,22.38958333333317]]}},{"type":"Feature","properties":{"HYRIV_ID":20880947,"NEXT_DOWN":20881031,"MAIN_RIV":20887902,"LENGTH_KM":2.54,"CATCH_SKM":16.469999,"DIS_AV_CMS":0.0,"ORD_STRA":1,"ORD_FLOW":10},"geometry":{"type":"LineString","coordinates":[[54.64583333333209,22.402083333333188],[54.6395833333321,22.402083333333188],[54.62708333333205,22.38958333333317]]}},{"type":"Feature","properties":{"HYRIV_ID":20880948,"NEXT_DOWN":20881244,"MAIN_RIV":20887902,"LENGTH_KM":24.49,"CATCH_SKM":83.349998,"DIS_AV_CMS":0.001,"ORD_STRA":1,"ORD_FLOW":9},"geometry":{"type":"LineString","coordinates":[[55.02499999999878,22.418749999999854],[55.04374999999874,22.418749999999854],[55.04374999999874,22.422916666666517],[55.0479166666654,22.42708333333318],[55.06458333333211,22.42708333333318],[55.072916666665435,22.418749999999854],[55.08124999999876,22.418749999999854],[55.085416666665395,22.414583333333205],[55.08958333333206,22.414583333333205],[55.09374999999872,22.4104166666665],[55.097916666665384,22.4104166666665],[55.10208333333205,22.406249999999837],[55.11041666666543,22.406249999999837],[55.11458333333209,22.402083333333188],[55.12291666666542,22.402083333333188],[55.12708333333208,22.406249999999837],[55.131249999998744,22.406249999999837],[55.13541666666538,22.4104166666665],[55.13958333333204,22.4104166666665],[55.14791666666545,22.402083333333188],[55.14791666666545,22.397916666666525],[55.152083333332115,22.39374999999982],[55.16041666666541,22.39374999999982],[55.164583333332075,22.38958333333317],[55.16874999999874,22.38958333333317],[55.1729166666654,22.39374999999982],[55.177083333332064,22.39374999999982],[55.18541666666539,22.402083333333188],[55.19374999999877,22.402083333333188],[55.197916666665435,22.397916666666525],[55.2020833333321,22.397916666666525],[55.20624999999876,22.39374999999982],[55.21874999999872,22.39374999999982]]}},{"type":"Feature","properties":{"HYRIV_ID":20880981,"NEXT_DOWN":20881631,"MAIN_RIV":20892193,"LENGTH_KM":1.93,"CATCH_SKM":13.3,"DIS_AV_CMS":0.0,"ORD_STRA":1,"ORD_FLOW":10},"geometry":{"type":"LineString","coordinates":[[54.020833333332064,22.385416666666508],[54.039583333332104,22.385416666666508]]}},{"type":"Feature","properties":{"HYRIV_ID":20880982,"NEXT_DOWN":20881631,"MAIN_RIV":20892193,"LENGTH_KM":0.63,"CATCH_SKM":0.4,"DIS_AV_CMS":0.0,"ORD_STRA":2,"ORD_FLOW":10},"geometry":{"type":"LineString","coordinates":[[54.03541666666547,22.38958333333317],[54.039583333332104,22.385416666666508]]}},{"type":"Feature","properties":{"HYRIV_ID":20880983,"NEXT_DOWN":20881187,"MAIN_RIV":20892193,"LENGTH_KM":5.2,"CATCH_SKM":12.3,"DIS_AV_CMS":0.0,"ORD_STRA":2,"ORD_FLOW":10},"geometry":{"type":"LineString","coordinates":[[54.23124999999874,22.414583333333205],[54.23124999999874,22.402083333333188],[54.227083333332075,22.397916666666525],[54.23124999999874,22.39374999999982],[54.24374999999873,22.39374999999982],[54.25208333333211,22.385416666666508]]}},{"type":"Feature","properties":{"HYRIV_ID":20880984,"NEXT_DOWN":20881187,"MAIN_RIV":20892193,"LENGTH_KM":12.17,"CATCH_SKM":42.669998,"DIS_AV_CMS":0.0,"ORD_STRA":1,"ORD_FLOW":10},"geometry":{"type":"LineString","coordinates":[[54.35416666666541,22.406249999999837],[54.34374999999878,22.406249999999837],[54.339583333332115,22.402083333333188],[54.318749999998744,22.402083333333188],[54.31458333333208,22.406249999999837],[54.26874999999876,22.406249999999837],[54.25624999999877,22.39374999999982],[54.25624999999877,22.38958333333317],[54.25208333333211,22.385416666666508]]}},{"type":"Feature","properties":{"HYRIV_ID":20881030,"NEXT_DOWN":20880982,"MAIN_RIV":20892193,"LENGTH_KM":10.42,"CATCH_SKM":32.939999,"DIS_AV_CMS":0.0,"ORD_STRA":2,"ORD_FLOW":10},"geometry":{"type":"LineString","coordinates":[[53.97291666666541,22.381249999999845],[53.97291666666541,22.402083333333188],[53.977083333332075,22.406249999999837],[53.997916666665446,22.406249999999837],[54.00208333333211,22.4104166666665],[54.01874999999873,22.4104166666665],[54.03541666666547,22.39374999999982],[54.03541666666547,22.38958333333317]]}},{"type":"Feature","properties":{"HYRIV_ID":20881031,"NEXT_DOWN":20881138,"MAIN_RIV":20887902,"LENGTH_KM":1.6900001,"CATCH_SKM":1.99,"DIS_AV_CMS":0.0,"ORD_STRA":2,"ORD_FLOW":10},"geometry":{"type":"LineString","coordinates":[[54.62708333333205,22.38958333333317],[54.61874999999873,22.381249999999845],[54.614583333332064,22.381249999999845]]}},{"type":"Feature","properties":{"HYRIV_ID":20881076,"NEXT_DOWN":20881138,"MAIN_RIV":20887902,"LENGTH_KM":3.29,"CATCH_SKM":18.860001,"DIS_AV_CMS":0.0,"ORD_STRA":1,"ORD_FLOW":10},"geometry":{"type":"LineString","coordinates":[[54.64166666666543,22.383333333333177],[54.63541666666546,22.377083333333196],[54.61874999999873,22.377083333333196],[54.614583333332064,22.381249999999845]]}},{"type":"Feature","properties":{"HYRIV_ID":20881137,"NEXT_DOWN":20880906,"MAIN_RIV":20887902,"LENGTH_KM":9.4300003,"CATCH_SKM":30.77,"DIS_AV_CMS":0.0,"ORD_STRA":2,"ORD_FLOW":10},"geometry":{"type":"LineString","coordinates":[[54.58124999999873,22.368749999999828],[54.57291666666541,22.368749999999828],[54.568749999998744,22.372916666666534],[54.568749999998744,22.381249999999845],[54.56041666666542,22.38958333333317],[54.55624999999878,22.38958333333317],[54.55208333333212,22.39374999999982],[54.522916666665424,22.39374999999982],[54.51874999999876,22.38958333333317],[54.5145833333321,22.38958333333317],[54.510416666665435,22.39374999999982]]}},{"type":"Feature","properties":{"HYRIV_ID":20881138,"NEXT_DOWN":20881137,"MAIN_RIV":20887902,"LENGTH_KM":4.04,"CATCH_SKM":8.7299995,"DIS_AV_CMS":0.0,"ORD_STRA":2,"ORD_FLOW":10},"geometry":{"type":"LineString","coordinates":[[54.614583333332064,22.381249999999845],[54.60624999999877,22.381249999999845],[54.59791666666544,22.372916666666534],[54.585416666665395,22.372916666666534],[54.58124999999873,22.368749999999828]]}},{"type":"Feature","properties":{"HYRIV_ID":20881139,"NEXT_DOWN":20881285,"MAIN_RIV":20887902,"LENGTH_KM":5.1500001,"CATCH_SKM":22.23,"DIS_AV_CMS":0.0,"ORD_STRA":1,"ORD_FLOW":10},"geometry":{"type":"LineString","coordinates":[[54.90833333333208,22.38958333333317],[54.914583333332075,22.38958333333317],[54.91874999999874,22.39374999999982],[54.9229166666654,22.39374999999982],[54.927083333332035,22.38958333333317],[54.927083333332035,22.381249999999845],[54.914583333332075,22.368749999999828]]}},{"type":"Feature","properties":{"HYRIV_ID":20881187,"NEXT_DOWN":20881363,"MAIN_RIV":20892193,"LENGTH_KM":3.58,"CATCH_SKM":5.96,"DIS_AV_CMS":0.0,"ORD_STRA":2,"ORD_FLOW":10},"geometry":{"type":"LineString","coordinates":[[54.25208333333211,22.385416666666508],[54.260416666665435,22.377083333333196],[54.2645833333321,22.377083333333196],[54.27708333333206,22.36458333333318]]}},{"type":"Feature","properties":{"HYRIV_ID":20881188,"NEXT_DOWN":20881363,"MAIN_RIV":20892193,"LENGTH_KM":4.9400001,"CATCH_SKM":23.42,"DIS_AV_CMS":0.0,"ORD_STRA":1,"ORD_FLOW":10},"geometry":{"type":"LineString","coordinates":[[54.31666666666541,22.377083333333196],[54.28541666666547,22.377083333333196],[54.27708333333206,22.368749999999828],[54.27708333333206,22.36458333333318]]}},{"type":"Feature","properties":{"HYRIV_ID":20881189,"NEXT_DOWN":20881190,"MAIN_RIV":20887902,"LENGTH_KM":12.84,"CATCH_SKM":55.380001,"DIS_AV_CMS":0.0,"ORD_STRA":1,"ORD_FLOW":10},"geometry":{"type":"LineString","coordinates":[[54.75833333333205,22.377083333333196],[54.77708333333209,22.377083333333196],[54.78124999999875,22.372916666666534],[54.78541666666541,22.377083333333196],[54.79791666666537,22.377083333333196],[54.80624999999878,22.385416666666508],[54.82708333333207,22.385416666666508],[54.83124999999873,22.381249999999845],[54.83124999999873,22.377083333333196],[54.83541666666548,22.372916666666534],[54.83541666666548,22.368749999999828],[54.83958333333206,22.36458333333318],[54.86041666666543,22.36458333333318]]}},{"type":"Feature","properties":{"HYRIV_ID":20881190,"NEXT_DOWN":20881285,"MAIN_RIV":20887902,"LENGTH_KM":6.1799998,"CATCH_SKM":14.09,"DIS_AV_CMS":0.0,"ORD_STRA":2,"ORD_FLOW":10},"geometry":{"type":"LineString","coordinates":[[54.86041666666543,22.36458333333318],[54.86458333333209,22.368749999999828],[54.89374999999879,22.368749999999828],[54.89791666666545,22.372916666666534],[54.90208333333209,22.368749999999828],[54.914583333332075,22.368749999999828]]}},{"type":"Feature","properties":{"HYRIV_ID":20881242,"NEXT_DOWN":20881525,"MAIN_RIV":20892193,"LENGTH_KM":9.0500002,"CATCH_SKM":35.52,"DIS_AV_CMS":0.0,"ORD_STRA":3,"ORD_FLOW":10},"geometry":{"type":"LineString","coordinates":[[54.10624999999874,22.422916666666517],[54.102083333332075,22.422916666666517],[54.09374999999875,22.414583333333205],[54.09374999999875,22.406249999999837],[54.102083333332075,22.397916666666525],[54.102083333332075,22.38958333333317],[54.08124999999879,22.368749999999828],[54.08124999999879,22.36458333333318],[54.08541666666545,22.360416666666517]]}},{"type":"Feature","properties":{"HYRIV_ID":20881243,"NEXT_DOWN":20881525,"MAIN_RIV":20892193,"LENGTH_KM":3.4200001,"CATCH_SKM":17.27,"DIS_AV_CMS":0.0,"ORD_STRA":1,"ORD_FLOW":10},"geometry":{"type":"LineString","coordinates":[[54.116666666665395,22.36458333333318],[54.09374999999875,22.36458333333318],[54.089583333332115,22.360416666666517],[54.08541666666545,22.360416666666517]]}},{"type":"Feature","properties":{"HYRIV_ID":20881244,"NEXT_DOWN":20881449,"MAIN_RIV":20887902,"LENGTH_KM":4.71,"CATCH_SKM":25.01,"DIS_AV_CMS":0.0,"ORD_STRA":3,"ORD_FLOW":10},"geometry":{"type":"LineString","coordinates":[[55.21874999999872,22.39374999999982],[55.23958333333209,22.372916666666534],[55.23958333333209,22.368749999999828],[55.243749999998755,22.36458333333318],[55.243749999998755,22.360416666666517]]}},{"type":"Feature","properties":{"HYRIV_ID":20881245,"NEXT_DOWN":20881286,"MAIN_RIV":20887902,"LENGTH_KM":10.41,"CATCH_SKM":32.349998,"DIS_AV_CMS":0.004,"ORD_STRA":2,"ORD_FLOW":9},"geometry":{"type":"LineString","coordinates":[[55.368749999998755,22.422916666666517],[55.36458333333212,22.418749999999854],[55.36041666666537,22.418749999999854],[55.347916666665384,22.406249999999837],[55.34374999999872,22.406249999999837],[55.335416666665424,22.397916666666525],[55.335416666665424,22.38958333333317],[55.33124999999876,22.385416666666508],[55.335416666665424,22.381249999999845],[55.31874999999869,22.36458333333318],[55.31458333333205,22.36458333333318],[55.31041666666539,22.360416666666517]]}},{"type":"Feature","properties":{"HYRIV_ID":20881246,"NEXT_DOWN":20881495,"MAIN_RIV":20887902,"LENGTH_KM":4.8400002,"CATCH_SKM":10.12,"DIS_AV_CMS":0.021,"ORD_STRA":2,"ORD_FLOW":8},"geometry":{"type":"LineString","coordinates":[[55.51458333333207,22.397916666666525],[55.51041666666541,22.39374999999982],[55.51041666666541,22.381249999999845],[55.497916666665446,22.368749999999828],[55.497916666665446,22.360416666666517]]}},{"type":"Feature","properties":{"HYRIV_ID":20881285,"NEXT_DOWN":20881527,"MAIN_RIV":20887902,"LENGTH_KM":22.8,"CATCH_SKM":71.660004,"DIS_AV_CMS":0.0,"ORD_STRA":2,"ORD_FLOW":10},"geometry":{"type":"LineString","coordinates":[[54.914583333332075,22.368749999999828],[54.9229166666654,22.360416666666517],[54.95208333333207,22.360416666666517],[54.95624999999873,22.356249999999854],[54.960416666665395,22.356249999999854],[54.96458333333206,22.360416666666517],[54.972916666665384,22.360416666666517],[54.98541666666543,22.372916666666534],[55.014583333332126,22.372916666666534],[55.02291666666545,22.381249999999845],[55.052083333332064,22.381249999999845],[55.0562499999987,22.385416666666508],[55.072916666665435,22.385416666666508],[55.0770833333321,22.381249999999845],[55.097916666665384,22.381249999999845],[55.10624999999871,22.372916666666534],[55.10624999999871,22.368749999999828]]}},{"type":"Feature","properties":{"HYRIV_ID":20881286,"NEXT_DOWN":20881449,"MAIN_RIV":20887902,"LENGTH_KM":7.6700001,"CATCH_SKM":23.42,"DIS_AV_CMS":0.002,"ORD_STRA":2,"ORD_FLOW":9},"geometry":{"type":"LineString","coordinates":[[55.31041666666539,22.360416666666517],[55.30624999999873,22.356249999999854],[55.302083333332064,22.356249999999854],[55.2979166666654,22.360416666666517],[55.27291666666545,22.360416666666517],[55.268749999998704,22.36458333333318],[55.26458333333204,22.36458333333318],[55.26041666666541,22.360416666666517],[55.243749999998755,22.360416666666517]]}},{"type":"Feature","properties":{"HYRIV_ID":20881287,"NEXT_DOWN":20881634,"MAIN_RIV":20887902,"LENGTH_KM":26.309999,"CATCH_SKM":90.080002,"DIS_AV_CMS":0.01,"ORD_STRA":1,"ORD_FLOW":8},"geometry":{"type":"LineString","coordinates":[[55.56249999999872,22.477083333333205],[55.55624999999873,22.477083333333205],[55.552083333332064,22.4729166666665],[55.54374999999877,22.4729166666665],[55.539583333332104,22.46874999999985],[55.53541666666544,22.46874999999985],[55.53124999999869,22.464583333333188],[55.52708333333203,22.464583333333188],[55.522916666665395,22.460416666666482],[55.51874999999873,22.464583333333188],[55.51458333333207,22.460416666666482],[55.51041666666541,22.460416666666482],[55.497916666665446,22.447916666666508],[55.48541666666537,22.447916666666508],[55.48124999999871,22.443749999999845],[55.47708333333205,22.443749999999845],[55.472916666665384,22.439583333333196],[55.472916666665384,22.43541666666649],[55.47708333333205,22.431249999999828],[55.47708333333205,22.42708333333318],[55.48124999999871,22.422916666666517],[55.48124999999871,22.4104166666665],[55.47708333333205,22.406249999999837],[55.472916666665384,22.406249999999837],[55.46874999999875,22.402083333333188],[55.46458333333209,22.402083333333188],[55.460416666665424,22.397916666666525],[55.46874999999875,22.38958333333317],[55.46458333333209,22.385416666666508],[55.46458333333209,22.377083333333196],[55.460416666665424,22.372916666666534],[55.43541666666539,22.372916666666534],[55.41874999999877,22.356249999999854]]}},{"type":"Feature","properties":{"HYRIV_ID":20881288,"NEXT_DOWN":20881495,"MAIN_RIV":20887902,"LENGTH_KM":10.03,"CATCH_SKM":16.870001,"DIS_AV_CMS":0.69099998,"ORD_STRA":4,"ORD_FLOW":7},"geometry":{"type":"LineString","coordinates":[[55.568749999998715,22.397916666666525],[55.552083333332064,22.397916666666525],[55.539583333332104,22.385416666666508],[55.53541666666544,22.385416666666508],[55.52708333333203,22.377083333333196],[55.522916666665395,22.377083333333196],[55.51874999999873,22.372916666666534],[55.51874999999873,22.36458333333318],[55.51458333333207,22.360416666666517],[55.51041666666541,22.360416666666517],[55.506249999998744,22.356249999999854],[55.50208333333208,22.356249999999854],[55.497916666665446,22.360416666666517]]}},{"type":"Feature","properties":{"HYRIV_ID":20881315,"NEXT_DOWN":20881364,"MAIN_RIV":20892193,"LENGTH_KM":2.1400001,"CATCH_SKM":2.58,"DIS_AV_CMS":0.0,"ORD_STRA":2,"ORD_FLOW":10},"geometry":{"type":"LineString","coordinates":[[54.3895833333321,22.35208333333319],[54.36874999999873,22.35208333333319]]}},{"type":"Feature","properties":{"HYRIV_ID":20881316,"NEXT_DOWN":20881315,"MAIN_RIV":20892193,"LENGTH_KM":8.58,"CATCH_SKM":33.740002,"DIS_AV_CMS":0.0,"ORD_STRA":1,"ORD_FLOW":10},"geometry":{"type":"LineString","coordinates":[[54.4541666666654,22.381249999999845],[54.42291666666546,22.381249999999845],[54.418749999998795,22.377083333333196],[54.40624999999872,22.377083333333196],[54.397916666665424,22.368749999999828],[54.397916666665424,22.360416666666517],[54.3895833333321,22.35208333333319]]}},{"type":"Feature","properties":{"HYRIV_ID":20881317,"NEXT_DOWN":20881493,"MAIN_RIV":20887902,"LENGTH_KM":5.96,"CATCH_SKM":21.639999,"DIS_AV_CMS":0.0,"ORD_STRA":1,"ORD_FLOW":10},"geometry":{"type":"LineString","coordinates":[[54.64583333333209,22.356249999999854],[54.65624999999875,22.356249999999854],[54.66041666666541,22.360416666666517],[54.67291666666546,22.360416666666517],[54.67708333333212,22.356249999999854],[54.685416666665446,22.356249999999854],[54.68958333333211,22.35208333333319],[54.69791666666541,22.35208333333319]]}},{"type":"Feature","properties":{"HYRIV_ID":20881318,"NEXT_DOWN":20881493,"MAIN_RIV":20887902,"LENGTH_KM":7.64,"CATCH_SKM":37.119999,"DIS_AV_CMS":0.0,"ORD_STRA":1,"ORD_FLOW":10},"geometry":{"type":"LineString","coordinates":[[54.741666666665424,22.39374999999982],[54.727083333332104,22.39374999999982],[54.69791666666541,22.36458333333318],[54.70208333333207,22.360416666666517],[54.70208333333207,22.356249999999854],[54.69791666666541,22.35208333333319]]}},{"type":"Feature","properties":{"HYRIV_ID":20881319,"NEXT_DOWN":20881190,"MAIN_RIV":20887902,"LENGTH_KM":1.56,"CATCH_SKM":2.1800001,"DIS_AV_CMS":0.0,"ORD_STRA":2,"ORD_FLOW":10},"geometry":{"type":"LineString","coordinates":[[54.86458333333209,22.35208333333319],[54.86041666666543,22.356249999999854],[54.86041666666543,22.36458333333318]]}},{"type":"Feature","properties":{"HYRIV_ID":20881320,"NEXT_DOWN":20881527,"MAIN_RIV":20887902,"LENGTH_KM":13.86,"CATCH_SKM":39.900002,"DIS_AV_CMS":0.0,"ORD_STRA":1,"ORD_FLOW":10},"geometry":{"type":"LineString","coordinates":[[54.9833333333321,22.35208333333319],[55.027083333332115,22.35208333333319],[55.03541666666541,22.360416666666517],[55.0770833333321,22.360416666666517],[55.085416666665395,22.368749999999828],[55.097916666665384,22.368749999999828],[55.10208333333205,22.372916666666534],[55.10624999999871,22.368749999999828]]}},{"type":"Feature","properties":{"HYRIV_ID":20881321,"NEXT_DOWN":20881286,"MAIN_RIV":20887902,"LENGTH_KM":4.0500002,"CATCH_SKM":21.24,"DIS_AV_CMS":0.001,"ORD_STRA":1,"ORD_FLOW":9},"geometry":{"type":"LineString","coordinates":[[55.34583333333205,22.35208333333319],[55.33124999999876,22.35208333333319],[55.3270833333321,22.356249999999854],[55.31874999999869,22.356249999999854],[55.31458333333205,22.360416666666517],[55.31041666666539,22.360416666666517]]}},{"type":"Feature","properties":{"HYRIV_ID":20881363,"NEXT_DOWN":20881447,"MAIN_RIV":20892193,"LENGTH_KM":2.36,"CATCH_SKM":4.37,"DIS_AV_CMS":0.0,"ORD_STRA":2,"ORD_FLOW":10},"geometry":{"type":"LineString","coordinates":[[54.27708333333206,22.36458333333318],[54.28124999999872,22.360416666666517],[54.272916666665424,22.35208333333319],[54.272916666665424,22.3479166666665]]}},{"type":"Feature","properties":{"HYRIV_ID":20881364,"NEXT_DOWN":20881447,"MAIN_RIV":20892193,"LENGTH_KM":10.46,"CATCH_SKM":26.8,"DIS_AV_CMS":0.0,"ORD_STRA":3,"ORD_FLOW":10},"geometry":{"type":"LineString","coordinates":[[54.36874999999873,22.35208333333319],[54.36458333333215,22.35208333333319],[54.3604166666654,22.356249999999854],[54.29791666666546,22.356249999999854],[54.28958333333213,22.3479166666665],[54.272916666665424,22.3479166666665]]}},{"type":"Feature","properties":{"HYRIV_ID":20881365,"NEXT_DOWN":20881315,"MAIN_RIV":20892193,"LENGTH_KM":4.8800001,"CATCH_SKM":19.450001,"DIS_AV_CMS":0.0,"ORD_STRA":1,"ORD_FLOW":10},"geometry":{"type":"LineString","coordinates":[[54.429166666665424,22.360416666666517],[54.41458333333213,22.360416666666517],[54.40208333333209,22.3479166666665],[54.39374999999876,22.3479166666665],[54.3895833333321,22.35208333333319]]}},{"type":"Feature","properties":{"HYRIV_ID":20881366,"NEXT_DOWN":20881137,"MAIN_RIV":20887902,"LENGTH_KM":3.05,"CATCH_SKM":16.879999,"DIS_AV_CMS":0.0,"ORD_STRA":1,"ORD_FLOW":10},"geometry":{"type":"LineString","coordinates":[[54.59374999999878,22.345833333333168],[54.59374999999878,22.35208333333319],[54.58124999999873,22.36458333333318],[54.58124999999873,22.368749999999828]]}},{"type":"Feature","properties":{"HYRIV_ID":20881367,"NEXT_DOWN":20881319,"MAIN_RIV":20887902,"LENGTH_KM":0.95,"CATCH_SKM":10.92,"DIS_AV_CMS":0.0,"ORD_STRA":1,"ORD_FLOW":10},"geometry":{"type":"LineString","coordinates":[[54.8583333333321,22.345833333333168],[54.86458333333209,22.35208333333319]]}},{"type":"Feature","properties":{"HYRIV_ID":20881368,"NEXT_DOWN":20881319,"MAIN_RIV":20887902,"LENGTH_KM":1.7,"CATCH_SKM":15.09,"DIS_AV_CMS":0.0,"ORD_STRA":1,"ORD_FLOW":10},"geometry":{"type":"LineString","coordinates":[[54.879166666665384,22.3479166666665],[54.868749999998755,22.3479166666665],[54.86458333333209,22.35208333333319]]}},{"type":"Feature","properties":{"HYRIV_ID":20881369,"NEXT_DOWN":20881634,"MAIN_RIV":20887902,"LENGTH_KM":2.59,"CATCH_SKM":16.48,"DIS_AV_CMS":0.001,"ORD_STRA":1,"ORD_FLOW":9},"geometry":{"type":"LineString","coordinates":[[55.43749999999872,22.3479166666665],[55.4229166666654,22.3479166666665],[55.41874999999877,22.35208333333319],[55.41874999999877,22.356249999999854]]}},{"type":"Feature","properties":{"HYRIV_ID":20881370,"NEXT_DOWN":20881594,"MAIN_RIV":20887902,"LENGTH_KM":1.33,"CATCH_SKM":11.91,"DIS_AV_CMS":0.005,"ORD_STRA":1,"ORD_FLOW":9},"geometry":{"type":"LineString","coordinates":[[55.53124999999869,22.358333333333185],[55.53124999999869,22.35208333333319],[55.52708333333203,22.3479166666665]]}},{"type":"Feature","properties":{"HYRIV_ID":20881371,"NEXT_DOWN":20881594,"MAIN_RIV":20887902,"LENGTH_KM":1.0700001,"CATCH_SKM":11.32,"DIS_AV_CMS":0.004,"ORD_STRA":1,"ORD_FLOW":9},"geometry":{"type":"LineString","coordinates":[[55.53749999999877,22.3479166666665],[55.52708333333203,22.3479166666665]]}},{"type":"Feature","properties":{"HYRIV_ID":20881447,"NEXT_DOWN":20881526,"MAIN_RIV":20892193,"LENGTH_KM":18.139999,"CATCH_SKM":44.869999,"DIS_AV_CMS":0.0,"ORD_STRA":3,"ORD_FLOW":10},"geometry":{"type":"LineString","coordinates":[[54.272916666665424,22.3479166666665],[54.25208333333211,22.3479166666665],[54.239583333332064,22.360416666666517],[54.21041666666545,22.360416666666517],[54.20624999999879,22.36458333333318],[54.16458333333213,22.36458333333318],[54.16041666666547,22.360416666666517],[54.1395833333321,22.360416666666517],[54.13124999999877,22.35208333333319],[54.13124999999877,22.3479166666665],[54.12708333333211,22.343749999999837],[54.122916666665446,22.343749999999837],[54.1187499999987,22.339583333333174]]}},{"type":"Feature","properties":{"HYRIV_ID":20881448,"NEXT_DOWN":20881364,"MAIN_RIV":20892193,"LENGTH_KM":2.75,"CATCH_SKM":3.3800001,"DIS_AV_CMS":0.0,"ORD_STRA":2,"ORD_FLOW":10},"geometry":{"type":"LineString","coordinates":[[54.3895833333321,22.339583333333174],[54.385416666665435,22.343749999999837],[54.38124999999877,22.343749999999837],[54.37708333333211,22.3479166666665],[54.37291666666539,22.3479166666665],[54.36874999999873,22.35208333333319]]}},{"type":"Feature","properties":{"HYRIV_ID":20881449,"NEXT_DOWN":20881528,"MAIN_RIV":20887902,"LENGTH_KM":2.48,"CATCH_SKM":6.5500002,"DIS_AV_CMS":0.0,"ORD_STRA":3,"ORD_FLOW":10},"geometry":{"type":"LineString","coordinates":[[55.243749999998755,22.360416666666517],[55.243749999998755,22.343749999999837],[55.24791666666542,22.339583333333174]]}},{"type":"Feature","properties":{"HYRIV_ID":20881492,"NEXT_DOWN":20881526,"MAIN_RIV":20892193,"LENGTH_KM":6.4899998,"CATCH_SKM":26.209999,"DIS_AV_CMS":0.0,"ORD_STRA":1,"ORD_FLOW":10},"geometry":{"type":"LineString","coordinates":[[54.17499999999876,22.33333333333315],[54.16874999999877,22.339583333333174],[54.147916666665395,22.339583333333174],[54.14374999999873,22.335416666666525],[54.122916666665446,22.335416666666525],[54.1187499999987,22.339583333333174]]}},{"type":"Feature","properties":{"HYRIV_ID":20881493,"NEXT_DOWN":20881565,"MAIN_RIV":20887902,"LENGTH_KM":13.24,"CATCH_SKM":32.759998,"DIS_AV_CMS":0.0,"ORD_STRA":2,"ORD_FLOW":10},"geometry":{"type":"LineString","coordinates":[[54.69791666666541,22.35208333333319],[54.69791666666541,22.3479166666665],[54.70208333333207,22.343749999999837],[54.710416666665395,22.343749999999837],[54.71458333333206,22.339583333333174],[54.74374999999873,22.339583333333174],[54.756249999998715,22.35208333333319],[54.772916666665424,22.35208333333319],[54.77708333333209,22.356249999999854],[54.78124999999875,22.356249999999854],[54.789583333332075,22.3479166666665],[54.78541666666541,22.343749999999837],[54.78541666666541,22.339583333333174],[54.789583333332075,22.335416666666525]]}},{"type":"Feature","properties":{"HYRIV_ID":20881494,"NEXT_DOWN":20881680,"MAIN_RIV":20887902,"LENGTH_KM":5.7399998,"CATCH_SKM":20.450001,"DIS_AV_CMS":0.0,"ORD_STRA":1,"ORD_FLOW":10},"geometry":{"type":"LineString","coordinates":[[55.01666666666546,22.335416666666525],[55.027083333332115,22.335416666666525],[55.03124999999875,22.339583333333174],[55.039583333332075,22.339583333333174],[55.04374999999874,22.343749999999837],[55.0562499999987,22.343749999999837],[55.06458333333211,22.335416666666525]]}},{"type":"Feature","properties":{"HYRIV_ID":20881495,"NEXT_DOWN":20882569,"MAIN_RIV":20887902,"LENGTH_KM":3.62,"CATCH_SKM":8.1400003,"DIS_AV_CMS":0.59,"ORD_STRA":4,"ORD_FLOW":7},"geometry":{"type":"LineString","coordinates":[[55.497916666665446,22.360416666666517],[55.48124999999871,22.343749999999837],[55.48124999999871,22.339583333333174],[55.47708333333205,22.335416666666525]]}},{"type":"Feature","properties":{"HYRIV_ID":20881496,"NEXT_DOWN":20883382,"MAIN_RIV":20887902,"LENGTH_KM":0.69,"CATCH_SKM":10.72,"DIS_AV_CMS":0.005,"ORD_STRA":1,"ORD_FLOW":9},"geometry":{"type":"LineString","coordinates":[[55.61874999999878,22.341666666666505],[55.61874999999878,22.335416666666525]]}},{"type":"Feature","properties":{"HYRIV_ID":20881497,"NEXT_DOWN":20883382,"MAIN_RIV":20887902,"LENGTH_KM":3.08,"CATCH_SKM":15.29,"DIS_AV_CMS":0.007,"ORD_STRA":1,"ORD_FLOW":9},"geometry":{"type":"LineString","coordinates":[[55.63541666666541,22.349999999999874],[55.63541666666541,22.339583333333174],[55.631249999998744,22.335416666666525],[55.61874999999878,22.335416666666525]]}},{"type":"Feature","properties":{"HYRIV_ID":20881525,"NEXT_DOWN":20881633,"MAIN_RIV":20892193,"LENGTH_KM":4.3400002,"CATCH_SKM":9.9300003,"DIS_AV_CMS":0.0,"ORD_STRA":3,"ORD_FLOW":10},"geometry":{"type":"LineString","coordinates":[[54.08541666666545,22.360416666666517],[54.08541666666545,22.35208333333319],[54.089583333332115,22.3479166666665],[54.09374999999875,22.3479166666665],[54.10624999999874,22.335416666666525],[54.10624999999874,22.33124999999982]]}},{"type":"Feature","properties":{"HYRIV_ID":20881526,"NEXT_DOWN":20881633,"MAIN_RIV":20892193,"LENGTH_KM":1.6900001,"CATCH_SKM":3.57,"DIS_AV_CMS":0.0,"ORD_STRA":3,"ORD_FLOW":10},"geometry":{"type":"LineString","coordinates":[[54.1187499999987,22.339583333333174],[54.1104166666654,22.33124999999982],[54.10624999999874,22.33124999999982]]}},{"type":"Feature","properties":{"HYRIV_ID":20881527,"NEXT_DOWN":20881731,"MAIN_RIV":20887902,"LENGTH_KM":16.389999,"CATCH_SKM":43.279999,"DIS_AV_CMS":0.0,"ORD_STRA":2,"ORD_FLOW":10},"geometry":{"type":"LineString","coordinates":[[55.10624999999871,22.368749999999828],[55.118749999998755,22.368749999999828],[55.12708333333208,22.360416666666517],[55.13541666666538,22.360416666666517],[55.13958333333204,22.356249999999854],[55.14374999999879,22.356249999999854],[55.14791666666545,22.35208333333319],[55.15624999999878,22.35208333333319],[55.16041666666541,22.3479166666665],[55.18541666666539,22.3479166666665],[55.189583333332024,22.343749999999837],[55.20624999999876,22.343749999999837],[55.210416666665424,22.339583333333174],[55.222916666665384,22.339583333333174],[55.23124999999871,22.33124999999982],[55.24791666666542,22.33124999999982]]}},{"type":"Feature","properties":{"HYRIV_ID":20881528,"NEXT_DOWN":20881731,"MAIN_RIV":20887902,"LENGTH_KM":0.93,"CATCH_SKM":0.99,"DIS_AV_CMS":0.0,"ORD_STRA":3,"ORD_FLOW":10},"geometry":{"type":"LineString","coordinates":[[55.24791666666542,22.339583333333174],[55.24791666666542,22.33124999999982]]}},{"type":"Feature","properties":{"HYRIV_ID":20881529,"NEXT_DOWN":20881528,"MAIN_RIV":20887902,"LENGTH_KM":7.96,"CATCH_SKM":26.8,"DIS_AV_CMS":0.001,"ORD_STRA":1,"ORD_FLOW":9},"geometry":{"type":"LineString","coordinates":[[55.31249999999872,22.329166666666488],[55.30624999999873,22.335416666666525],[55.29374999999874,22.335416666666525],[55.289583333332104,22.339583333333174],[55.28124999999878,22.339583333333174],[55.277083333332115,22.343749999999837],[55.27291666666545,22.343749999999837],[55.268749999998704,22.3479166666665],[55.26458333333204,22.3479166666665],[55.26041666666541,22.343749999999837],[55.25208333333208,22.343749999999837],[55.24791666666542,22.339583333333174]]}},{"type":"Feature","properties":{"HYRIV_ID":20881561,"NEXT_DOWN":20881448,"MAIN_RIV":20892193,"LENGTH_KM":3.23,"CATCH_SKM":15.09,"DIS_AV_CMS":0.0,"ORD_STRA":1,"ORD_FLOW":10},"geometry":{"type":"LineString","coordinates":[[54.366666666665395,22.327083333333157],[54.37708333333211,22.327083333333157],[54.38124999999877,22.33124999999982],[54.385416666665435,22.33124999999982],[54.3895833333321,22.335416666666525],[54.3895833333321,22.339583333333174]]}},{"type":"Feature","properties":{"HYRIV_ID":20881562,"NEXT_DOWN":20881448,"MAIN_RIV":20892193,"LENGTH_KM":2.1500001,"CATCH_SKM":4.77,"DIS_AV_CMS":0.0,"ORD_STRA":2,"ORD_FLOW":10},"geometry":{"type":"LineString","coordinates":[[54.40208333333209,22.327083333333157],[54.397916666665424,22.327083333333157],[54.39374999999876,22.33124999999982],[54.39374999999876,22.335416666666525],[54.3895833333321,22.339583333333174]]}},{"type":"Feature","properties":{"HYRIV_ID":20881563,"NEXT_DOWN":20881562,"MAIN_RIV":20892193,"LENGTH_KM":14.89,"CATCH_SKM":46.849998,"DIS_AV_CMS":0.0,"ORD_STRA":1,"ORD_FLOW":10},"geometry":{"type":"LineString","coordinates":[[54.52916666666542,22.36458333333318],[54.5062499999988,22.36458333333318],[54.49374999999873,22.35208333333319],[54.48124999999877,22.35208333333319],[54.477083333332104,22.3479166666665],[54.46874999999878,22.3479166666665],[54.464583333332115,22.343749999999837],[54.44791666666541,22.343749999999837],[54.443749999998744,22.339583333333174],[54.42291666666546,22.339583333333174],[54.418749999998795,22.335416666666525],[54.41041666666547,22.335416666666525],[54.40208333333209,22.327083333333157]]}},{"type":"Feature","properties":{"HYRIV_ID":20881564,"NEXT_DOWN":20881565,"MAIN_RIV":20887902,"LENGTH_KM":2.59,"CATCH_SKM":15.09,"DIS_AV_CMS":0.0,"ORD_STRA":1,"ORD_FLOW":10},"geometry":{"type":"LineString","coordinates":[[54.77083333333209,22.327083333333157],[54.78124999999875,22.327083333333157],[54.78541666666541,22.33124999999982],[54.78541666666541,22.335416666666525],[54.789583333332075,22.335416666666525]]}},{"type":"Feature","properties":{"HYRIV_ID":20881565,"NEXT_DOWN":20881729,"MAIN_RIV":20887902,"LENGTH_KM":2.98,"CATCH_SKM":5.7600002,"DIS_AV_CMS":0.0,"ORD_STRA":2,"ORD_FLOW":10},"geometry":{"type":"LineString","coordinates":[[54.789583333332075,22.335416666666525],[54.79374999999874,22.335416666666525],[54.79791666666537,22.33124999999982],[54.810416666665446,22.33124999999982],[54.81458333333211,22.327083333333157]]}},{"type":"Feature","properties":{"HYRIV_ID":20881594,"NEXT_DOWN":20882569,"MAIN_RIV":20887902,"LENGTH_KM":7.89,"CATCH_SKM":14.3,"DIS_AV_CMS":0.012,"ORD_STRA":2,"ORD_FLOW":8},"geometry":{"type":"LineString","coordinates":[[55.52708333333203,22.3479166666665],[55.522916666665395,22.35208333333319],[55.51874999999873,22.3479166666665],[55.51458333333207,22.3479166666665],[55.506249999998744,22.339583333333174],[55.506249999998744,22.33124999999982],[55.497916666665446,22.322916666666508],[55.49374999999878,22.327083333333157],[55.489583333332035,22.327083333333157],[55.48541666666537,22.33124999999982],[55.48124999999871,22.33124999999982],[55.47708333333205,22.335416666666525]]}},{"type":"Feature","properties":{"HYRIV_ID":20881630,"NEXT_DOWN":20881763,"MAIN_RIV":20892193,"LENGTH_KM":3.4300001,"CATCH_SKM":17.08,"DIS_AV_CMS":0.0,"ORD_STRA":1,"ORD_FLOW":10},"geometry":{"type":"LineString","coordinates":[[53.99999999999878,22.335416666666525],[54.010416666665435,22.335416666666525],[54.022916666665395,22.322916666666508],[54.022916666665395,22.318749999999845]]}},{"type":"Feature","properties":{"HYRIV_ID":20881631,"NEXT_DOWN":20881763,"MAIN_RIV":20892193,"LENGTH_KM":9.0200005,"CATCH_SKM":25.209999,"DIS_AV_CMS":0.0,"ORD_STRA":2,"ORD_FLOW":10},"geometry":{"type":"LineString","coordinates":[[54.039583333332104,22.385416666666508],[54.04791666666543,22.377083333333196],[54.04791666666543,22.343749999999837],[54.039583333332104,22.335416666666525],[54.03541666666547,22.335416666666525],[54.031249999998806,22.33124999999982],[54.031249999998806,22.327083333333157],[54.022916666665395,22.318749999999845]]}},{"type":"Feature","properties":{"HYRIV_ID":20881632,"NEXT_DOWN":20881764,"MAIN_RIV":20892193,"LENGTH_KM":3.4200001,"CATCH_SKM":20.65,"DIS_AV_CMS":0.0,"ORD_STRA":1,"ORD_FLOW":10},"geometry":{"type":"LineString","coordinates":[[54.074999999998795,22.322916666666508],[54.089583333332115,22.322916666666508],[54.09374999999875,22.318749999999845],[54.10624999999874,22.318749999999845]]}},{"type":"Feature","properties":{"HYRIV_ID":20881633,"NEXT_DOWN":20881764,"MAIN_RIV":20892193,"LENGTH_KM":1.39,"CATCH_SKM":2.1800001,"DIS_AV_CMS":0.0,"ORD_STRA":4,"ORD_FLOW":10},"geometry":{"type":"LineString","coordinates":[[54.10624999999874,22.33124999999982],[54.10624999999874,22.318749999999845]]}},{"type":"Feature","properties":{"HYRIV_ID":20881634,"NEXT_DOWN":20881839,"MAIN_RIV":20887902,"LENGTH_KM":6.0300002,"CATCH_SKM":17.27,"DIS_AV_CMS":0.005,"ORD_STRA":2,"ORD_FLOW":9},"geometry":{"type":"LineString","coordinates":[[55.41874999999877,22.356249999999854],[55.414583333332104,22.356249999999854],[55.41041666666544,22.35208333333319],[55.41041666666544,22.343749999999837],[55.40624999999878,22.339583333333174],[55.402083333332115,22.339583333333174],[55.38958333333207,22.327083333333157],[55.38958333333207,22.322916666666508],[55.38541666666541,22.318749999999845]]}},{"type":"Feature","properties":{"HYRIV_ID":20881677,"NEXT_DOWN":20881727,"MAIN_RIV":20892193,"LENGTH_KM":1.87,"CATCH_SKM":15.29,"DIS_AV_CMS":0.0,"ORD_STRA":1,"ORD_FLOW":10},"geometry":{"type":"LineString","coordinates":[[54.26666666666543,22.329166666666488],[54.272916666665424,22.322916666666508],[54.272916666665424,22.314583333333182]]}},{"type":"Feature","properties":{"HYRIV_ID":20881678,"NEXT_DOWN":20881727,"MAIN_RIV":20892193,"LENGTH_KM":3.21,"CATCH_SKM":20.25,"DIS_AV_CMS":0.0,"ORD_STRA":1,"ORD_FLOW":10},"geometry":{"type":"LineString","coordinates":[[54.304166666665424,22.314583333333182],[54.272916666665424,22.314583333333182]]}},{"type":"Feature","properties":{"HYRIV_ID":20881679,"NEXT_DOWN":20881562,"MAIN_RIV":20892193,"LENGTH_KM":11.57,"CATCH_SKM":38.720001,"DIS_AV_CMS":0.0,"ORD_STRA":1,"ORD_FLOW":10},"geometry":{"type":"LineString","coordinates":[[54.49583333333206,22.32499999999984],[54.489583333332064,22.318749999999845],[54.4854166666654,22.318749999999845],[54.48124999999877,22.322916666666508],[54.477083333332104,22.318749999999845],[54.47291666666544,22.322916666666508],[54.464583333332115,22.322916666666508],[54.46041666666537,22.318749999999845],[54.43958333333208,22.318749999999845],[54.43541666666542,22.314583333333182],[54.42291666666546,22.314583333333182],[54.41458333333213,22.322916666666508],[54.41041666666547,22.322916666666508],[54.40624999999872,22.327083333333157],[54.40208333333209,22.327083333333157]]}},{"type":"Feature","properties":{"HYRIV_ID":20881680,"NEXT_DOWN":20881802,"MAIN_RIV":20887902,"LENGTH_KM":8.9899998,"CATCH_SKM":22.040001,"DIS_AV_CMS":0.0,"ORD_STRA":3,"ORD_FLOW":10},"geometry":{"type":"LineString","coordinates":[[55.06458333333211,22.335416666666525],[55.0770833333321,22.335416666666525],[55.08124999999876,22.33124999999982],[55.10624999999871,22.33124999999982],[55.11041666666543,22.327083333333157],[55.11041666666543,22.322916666666508],[55.11458333333209,22.318749999999845],[55.12291666666542,22.318749999999845],[55.12708333333208,22.314583333333182],[55.13958333333204,22.314583333333182]]}},{"type":"Feature","properties":{"HYRIV_ID":20881681,"NEXT_DOWN":20881802,"MAIN_RIV":20887902,"LENGTH_KM":1.79,"CATCH_SKM":15.69,"DIS_AV_CMS":0.001,"ORD_STRA":1,"ORD_FLOW":9},"geometry":{"type":"LineString","coordinates":[[55.13541666666538,22.329166666666488],[55.13541666666538,22.322916666666508],[55.13958333333204,22.318749999999845],[55.13958333333204,22.314583333333182]]}},{"type":"Feature","properties":{"HYRIV_ID":20881727,"NEXT_DOWN":20881765,"MAIN_RIV":20892193,"LENGTH_KM":2.35,"CATCH_SKM":2.98,"DIS_AV_CMS":0.0,"ORD_STRA":2,"ORD_FLOW":10},"geometry":{"type":"LineString","coordinates":[[54.272916666665424,22.314583333333182],[54.260416666665435,22.314583333333182],[54.25624999999877,22.310416666666534],[54.25208333333211,22.310416666666534]]}},{"type":"Feature","properties":{"HYRIV_ID":20881728,"NEXT_DOWN":20881729,"MAIN_RIV":20887902,"LENGTH_KM":2.36,"CATCH_SKM":3.57,"DIS_AV_CMS":0.0,"ORD_STRA":2,"ORD_FLOW":10},"geometry":{"type":"LineString","coordinates":[[54.80208333333212,22.310416666666534],[54.810416666665446,22.318749999999845],[54.810416666665446,22.322916666666508],[54.81458333333211,22.327083333333157]]}},{"type":"Feature","properties":{"HYRIV_ID":20881729,"NEXT_DOWN":20881730,"MAIN_RIV":20887902,"LENGTH_KM":20.07,"CATCH_SKM":49.84,"DIS_AV_CMS":0.0,"ORD_STRA":3,"ORD_FLOW":10},"geometry":{"type":"LineString","coordinates":[[54.81458333333211,22.327083333333157],[54.81874999999877,22.322916666666508],[54.87708333333205,22.322916666666508],[54.881249999998715,22.327083333333157],[54.927083333332035,22.327083333333157],[54.9312499999987,22.322916666666508],[54.95208333333207,22.322916666666508],[54.95624999999873,22.318749999999845],[54.98958333333209,22.318749999999845],[54.99791666666542,22.310416666666534]]}},{"type":"Feature","properties":{"HYRIV_ID":20881730,"NEXT_DOWN":20881680,"MAIN_RIV":20887902,"LENGTH_KM":8.0699997,"CATCH_SKM":16.280001,"DIS_AV_CMS":0.0,"ORD_STRA":3,"ORD_FLOW":10},"geometry":{"type":"LineString","coordinates":[[54.99791666666542,22.310416666666534],[55.014583333332126,22.310416666666534],[55.027083333332115,22.322916666666508],[55.052083333332064,22.322916666666508],[55.06458333333211,22.335416666666525]]}},{"type":"Feature","properties":{"HYRIV_ID":20881731,"NEXT_DOWN":20881975,"MAIN_RIV":20887902,"LENGTH_KM":2.32,"CATCH_SKM":11.91,"DIS_AV_CMS":0.0,"ORD_STRA":3,"ORD_FLOW":10},"geometry":{"type":"LineString","coordinates":[[55.24791666666542,22.33124999999982],[55.24791666666542,22.310416666666534]]}},{"type":"Feature","properties":{"HYRIV_ID":20881732,"NEXT_DOWN":20881839,"MAIN_RIV":20887902,"LENGTH_KM":1.91,"CATCH_SKM":19.860001,"DIS_AV_CMS":0.001,"ORD_STRA":1,"ORD_FLOW":9},"geometry":{"type":"LineString","coordinates":[[55.3999999999987,22.310416666666534],[55.39374999999873,22.310416666666534],[55.38541666666541,22.318749999999845]]}},{"type":"Feature","properties":{"HYRIV_ID":20881763,"NEXT_DOWN":20881890,"MAIN_RIV":20892193,"LENGTH_KM":2.32,"CATCH_SKM":5.1599998,"DIS_AV_CMS":0.0,"ORD_STRA":2,"ORD_FLOW":10},"geometry":{"type":"LineString","coordinates":[[54.022916666665395,22.318749999999845],[54.01458333333207,22.310416666666534],[54.010416666665435,22.310416666666534],[54.00624999999877,22.306249999999828]]}},{"type":"Feature","properties":{"HYRIV_ID":20881764,"NEXT_DOWN":20882066,"MAIN_RIV":20892193,"LENGTH_KM":11.73,"CATCH_SKM":36.34,"DIS_AV_CMS":0.0,"ORD_STRA":4,"ORD_FLOW":10},"geometry":{"type":"LineString","coordinates":[[54.10624999999874,22.318749999999845],[54.1104166666654,22.314583333333182],[54.1187499999987,22.314583333333182],[54.12708333333211,22.306249999999828],[54.147916666665395,22.306249999999828],[54.15208333333206,22.310416666666534],[54.20624999999879,22.310416666666534],[54.21041666666545,22.306249999999828]]}},{"type":"Feature","properties":{"HYRIV_ID":20881765,"NEXT_DOWN":20882066,"MAIN_RIV":20892193,"LENGTH_KM":4.89,"CATCH_SKM":10.92,"DIS_AV_CMS":0.0,"ORD_STRA":2,"ORD_FLOW":10},"geometry":{"type":"LineString","coordinates":[[54.25208333333211,22.310416666666534],[54.24791666666536,22.314583333333182],[54.21874999999878,22.314583333333182],[54.21041666666545,22.306249999999828]]}},{"type":"Feature","properties":{"HYRIV_ID":20881766,"NEXT_DOWN":20881765,"MAIN_RIV":20892193,"LENGTH_KM":0.95,"CATCH_SKM":17.08,"DIS_AV_CMS":0.0,"ORD_STRA":1,"ORD_FLOW":10},"geometry":{"type":"LineString","coordinates":[[54.258333333332104,22.304166666666497],[54.25208333333211,22.310416666666534]]}},{"type":"Feature","properties":{"HYRIV_ID":20881799,"NEXT_DOWN":20882135,"MAIN_RIV":20892193,"LENGTH_KM":12.6,"CATCH_SKM":53.220001,"DIS_AV_CMS":0.0,"ORD_STRA":1,"ORD_FLOW":10},"geometry":{"type":"LineString","coordinates":[[54.583333333332064,22.318749999999845],[54.58958333333203,22.318749999999845],[54.59374999999878,22.314583333333182],[54.61041666666543,22.314583333333182],[54.614583333332064,22.318749999999845],[54.62291666666539,22.318749999999845],[54.6312499999988,22.327083333333157],[54.64374999999876,22.327083333333157],[54.647916666665424,22.33124999999982],[54.65208333333209,22.33124999999982],[54.65624999999875,22.327083333333157],[54.66041666666541,22.327083333333157],[54.66458333333205,22.322916666666508],[54.66458333333205,22.318749999999845],[54.66041666666541,22.314583333333182],[54.66041666666541,22.310416666666534],[54.668749999998795,22.302083333333165]]}},{"type":"Feature","properties":{"HYRIV_ID":20881800,"NEXT_DOWN":20882135,"MAIN_RIV":20892193,"LENGTH_KM":0.64,"CATCH_SKM":11.72,"DIS_AV_CMS":0.0,"ORD_STRA":1,"ORD_FLOW":10},"geometry":{"type":"LineString","coordinates":[[54.67499999999879,22.302083333333165],[54.668749999998795,22.302083333333165]]}},{"type":"Feature","properties":{"HYRIV_ID":20881801,"NEXT_DOWN":20881728,"MAIN_RIV":20887902,"LENGTH_KM":2.6,"CATCH_SKM":15.49,"DIS_AV_CMS":0.0,"ORD_STRA":1,"ORD_FLOW":10},"geometry":{"type":"LineString","coordinates":[[54.78333333333208,22.302083333333165],[54.79791666666537,22.302083333333165],[54.80208333333212,22.306249999999828],[54.80208333333212,22.310416666666534]]}},{"type":"Feature","properties":{"HYRIV_ID":20881802,"NEXT_DOWN":20881975,"MAIN_RIV":20887902,"LENGTH_KM":13.23,"CATCH_SKM":31.57,"DIS_AV_CMS":0.0,"ORD_STRA":3,"ORD_FLOW":10},"geometry":{"type":"LineString","coordinates":[[55.13958333333204,22.314583333333182],[55.197916666665435,22.314583333333182],[55.2020833333321,22.318749999999845],[55.21458333333206,22.318749999999845],[55.23124999999871,22.302083333333165],[55.23541666666537,22.306249999999828],[55.23958333333209,22.302083333333165],[55.243749999998755,22.302083333333165],[55.24791666666542,22.306249999999828],[55.24791666666542,22.310416666666534]]}},{"type":"Feature","properties":{"HYRIV_ID":20881838,"NEXT_DOWN":20882207,"MAIN_RIV":20887902,"LENGTH_KM":15.94,"CATCH_SKM":56.169998,"DIS_AV_CMS":0.002,"ORD_STRA":1,"ORD_FLOW":9},"geometry":{"type":"LineString","coordinates":[[55.43333333333206,22.404166666666505],[55.4229166666654,22.39374999999982],[55.4229166666654,22.385416666666508],[55.41874999999877,22.381249999999845],[55.414583333332104,22.381249999999845],[55.41041666666544,22.377083333333196],[55.40624999999878,22.377083333333196],[55.402083333332115,22.372916666666534],[55.402083333332115,22.368749999999828],[55.35624999999871,22.322916666666508],[55.36041666666537,22.318749999999845],[55.36041666666537,22.314583333333182],[55.35208333333205,22.306249999999828],[55.35208333333205,22.297916666666517]]}},{"type":"Feature","properties":{"HYRIV_ID":20881839,"NEXT_DOWN":20882207,"MAIN_RIV":20887902,"LENGTH_KM":4.96,"CATCH_SKM":11.32,"DIS_AV_CMS":0.0,"ORD_STRA":2,"ORD_FLOW":10},"geometry":{"type":"LineString","coordinates":[[55.38541666666541,22.318749999999845],[55.381249999998744,22.318749999999845],[55.37708333333208,22.314583333333182],[55.37708333333208,22.306249999999828],[55.368749999998755,22.297916666666517],[55.35208333333205,22.297916666666517]]}},{"type":"Feature","properties":{"HYRIV_ID":20881890,"NEXT_DOWN":20881798,"MAIN_RIV":20892193,"LENGTH_KM":6.85,"CATCH_SKM":17.68,"DIS_AV_CMS":0.0,"ORD_STRA":2,"ORD_FLOW":10},"geometry":{"type":"LineString","coordinates":[[54.00624999999877,22.306249999999828],[54.00208333333211,22.306249999999828],[53.997916666665446,22.302083333333165],[53.97291666666541,22.302083333333165],[53.96458333333209,22.293749999999854],[53.95624999999879,22.293749999999854],[53.952083333332126,22.297916666666517],[53.952083333332126,22.302083333333165]]}},{"type":"Feature","properties":{"HYRIV_ID":20881891,"NEXT_DOWN":20881890,"MAIN_RIV":20892193,"LENGTH_KM":2.6400001,"CATCH_SKM":19.860001,"DIS_AV_CMS":0.0,"ORD_STRA":1,"ORD_FLOW":10},"geometry":{"type":"LineString","coordinates":[[54.02499999999873,22.291666666666522],[54.01874999999873,22.297916666666517],[54.01458333333207,22.297916666666517],[54.00624999999877,22.306249999999828]]}},{"type":"Feature","properties":{"HYRIV_ID":20881892,"NEXT_DOWN":20882313,"MAIN_RIV":20892193,"LENGTH_KM":8.0600004,"CATCH_SKM":24.82,"DIS_AV_CMS":0.0,"ORD_STRA":1,"ORD_FLOW":10},"geometry":{"type":"LineString","coordinates":[[54.43749999999875,22.297916666666517],[54.431249999998755,22.297916666666517],[54.42708333333212,22.302083333333165],[54.41458333333213,22.302083333333165],[54.41041666666547,22.306249999999828],[54.40624999999872,22.306249999999828],[54.40208333333209,22.302083333333165],[54.397916666665424,22.306249999999828],[54.39374999999876,22.302083333333165],[54.38124999999877,22.302083333333165],[54.37291666666539,22.293749999999854]]}},{"type":"Feature","properties":{"HYRIV_ID":20881975,"NEXT_DOWN":20882165,"MAIN_RIV":20887902,"LENGTH_KM":4.0500002,"CATCH_SKM":13.9,"DIS_AV_CMS":0.0,"ORD_STRA":4,"ORD_FLOW":10},"geometry":{"type":"LineString","coordinates":[[55.24791666666542,22.310416666666534],[55.268749999998704,22.28958333333319],[55.27291666666545,22.28958333333319],[55.27291666666545,22.285416666666542]]}},{"type":"Feature","properties":{"HYRIV_ID":20882019,"NEXT_DOWN":20881730,"MAIN_RIV":20887902,"LENGTH_KM":10.44,"CATCH_SKM":38.529999,"DIS_AV_CMS":0.0,"ORD_STRA":1,"ORD_FLOW":10},"geometry":{"type":"LineString","coordinates":[[54.91666666666541,22.28958333333319],[54.9229166666654,22.28958333333319],[54.927083333332035,22.285416666666542],[54.947916666665435,22.285416666666542],[54.95208333333207,22.281249999999837],[54.96458333333206,22.281249999999837],[54.96874999999872,22.285416666666542],[54.972916666665384,22.285416666666542],[54.97708333333205,22.28958333333319],[54.97708333333205,22.293749999999854],[54.98541666666543,22.302083333333165],[54.98958333333209,22.302083333333165],[54.99791666666542,22.310416666666534]]}},{"type":"Feature","properties":{"HYRIV_ID":20882020,"NEXT_DOWN":20882164,"MAIN_RIV":20887902,"LENGTH_KM":4.9499998,"CATCH_SKM":21.25,"DIS_AV_CMS":0.001,"ORD_STRA":1,"ORD_FLOW":9},"geometry":{"type":"LineString","coordinates":[[55.04999999999873,22.297916666666517],[55.039583333332075,22.297916666666517],[55.03541666666541,22.302083333333165],[55.03124999999875,22.297916666666517],[55.027083333332115,22.297916666666517],[55.02291666666545,22.293749999999854],[55.02291666666545,22.28958333333319],[55.01874999999879,22.285416666666542],[55.01874999999879,22.281249999999837]]}},{"type":"Feature","properties":{"HYRIV_ID":20882021,"NEXT_DOWN":20882165,"MAIN_RIV":20887902,"LENGTH_KM":3.9200001,"CATCH_SKM":17.48,"DIS_AV_CMS":0.001,"ORD_STRA":1,"ORD_FLOW":9},"geometry":{"type":"LineString","coordinates":[[55.304166666665395,22.279166666666505],[55.29374999999874,22.28958333333319],[55.28541666666544,22.28958333333319],[55.28124999999878,22.285416666666542],[55.27291666666545,22.285416666666542]]}},{"type":"Feature","properties":{"HYRIV_ID":20882065,"NEXT_DOWN":20882516,"MAIN_RIV":20892193,"LENGTH_KM":6.23,"CATCH_SKM":23.84,"DIS_AV_CMS":0.0,"ORD_STRA":1,"ORD_FLOW":10},"geometry":{"type":"LineString","coordinates":[[54.09583333333208,22.281249999999837],[54.102083333332075,22.281249999999837],[54.10624999999874,22.285416666666542],[54.1395833333321,22.285416666666542],[54.14374999999873,22.281249999999837],[54.147916666665395,22.281249999999837],[54.147916666665395,22.277083333333174]]}},{"type":"Feature","properties":{"HYRIV_ID":20882066,"NEXT_DOWN":20882516,"MAIN_RIV":20892193,"LENGTH_KM":9.4899998,"CATCH_SKM":20.860001,"DIS_AV_CMS":0.0,"ORD_STRA":4,"ORD_FLOW":10},"geometry":{"type":"LineString","coordinates":[[54.21041666666545,22.306249999999828],[54.214583333332115,22.302083333333165],[54.214583333332115,22.297916666666517],[54.21041666666545,22.293749999999854],[54.156249999998806,22.293749999999854],[54.15208333333206,22.28958333333319],[54.15208333333206,22.281249999999837],[54.147916666665395,22.277083333333174]]}},{"type":"Feature","properties":{"HYRIV_ID":20882067,"NEXT_DOWN":20882313,"MAIN_RIV":20892193,"LENGTH_KM":11.09,"CATCH_SKM":36.150002,"DIS_AV_CMS":0.0,"ORD_STRA":1,"ORD_FLOW":10},"geometry":{"type":"LineString","coordinates":[[54.47083333333211,22.281249999999837],[54.464583333332115,22.281249999999837],[54.46041666666537,22.277083333333174],[54.40208333333209,22.277083333333174],[54.397916666665424,22.281249999999837],[54.385416666665435,22.281249999999837],[54.37291666666539,22.293749999999854]]}},{"type":"Feature","properties":{"HYRIV_ID":20882068,"NEXT_DOWN":20881728,"MAIN_RIV":20887902,"LENGTH_KM":9.8900003,"CATCH_SKM":46.080002,"DIS_AV_CMS":0.0,"ORD_STRA":1,"ORD_FLOW":10},"geometry":{"type":"LineString","coordinates":[[54.87499999999872,22.28749999999986],[54.86458333333209,22.277083333333174],[54.85624999999877,22.285416666666542],[54.85624999999877,22.28958333333319],[54.85208333333202,22.293749999999854],[54.83541666666548,22.293749999999854],[54.83124999999873,22.297916666666517],[54.82291666666541,22.297916666666517],[54.81874999999877,22.302083333333165],[54.810416666665446,22.302083333333165],[54.80208333333212,22.310416666666534]]}},{"type":"Feature","properties":{"HYRIV_ID":20882135,"NEXT_DOWN":20882136,"MAIN_RIV":20892193,"LENGTH_KM":4.5500002,"CATCH_SKM":11.12,"DIS_AV_CMS":0.0,"ORD_STRA":2,"ORD_FLOW":10},"geometry":{"type":"LineString","coordinates":[[54.668749999998795,22.302083333333165],[54.65624999999875,22.28958333333319],[54.65624999999875,22.285416666666542],[54.647916666665424,22.277083333333174],[54.647916666665424,22.268749999999862]]}},{"type":"Feature","properties":{"HYRIV_ID":20882136,"NEXT_DOWN":20882362,"MAIN_RIV":20892193,"LENGTH_KM":2.1400001,"CATCH_SKM":4.1700001,"DIS_AV_CMS":0.0,"ORD_STRA":3,"ORD_FLOW":10},"geometry":{"type":"LineString","coordinates":[[54.647916666665424,22.268749999999862],[54.668749999998795,22.268749999999862]]}},{"type":"Feature","properties":{"HYRIV_ID":20882137,"NEXT_DOWN":20882362,"MAIN_RIV":20892193,"LENGTH_KM":4.73,"CATCH_SKM":18.27,"DIS_AV_CMS":0.0,"ORD_STRA":1,"ORD_FLOW":10},"geometry":{"type":"LineString","coordinates":[[54.695833333332075,22.297916666666517],[54.68958333333211,22.297916666666517],[54.68124999999878,22.28958333333319],[54.68124999999878,22.285416666666542],[54.668749999998795,22.272916666666525],[54.668749999998795,22.268749999999862]]}},{"type":"Feature","properties":{"HYRIV_ID":20882164,"NEXT_DOWN":20882262,"MAIN_RIV":20887902,"LENGTH_KM":27.68,"CATCH_SKM":64.949997,"DIS_AV_CMS":0.0,"ORD_STRA":2,"ORD_FLOW":10},"geometry":{"type":"LineString","coordinates":[[55.01874999999879,22.281249999999837],[55.072916666665435,22.281249999999837],[55.0770833333321,22.277083333333174],[55.08124999999876,22.277083333333174],[55.08958333333206,22.285416666666542],[55.09374999999872,22.285416666666542],[55.097916666665384,22.28958333333319],[55.10208333333205,22.28958333333319],[55.11041666666543,22.297916666666517],[55.11458333333209,22.297916666666517],[55.118749999998755,22.293749999999854],[55.15624999999878,22.293749999999854],[55.16041666666541,22.297916666666517],[55.16874999999874,22.297916666666517],[55.1729166666654,22.293749999999854],[55.189583333332024,22.293749999999854],[55.19374999999877,22.28958333333319],[55.197916666665435,22.28958333333319],[55.2020833333321,22.285416666666542],[55.20624999999876,22.285416666666542],[55.210416666665424,22.281249999999837],[55.21458333333206,22.281249999999837],[55.222916666665384,22.272916666666525],[55.23541666666537,22.272916666666525],[55.23958333333209,22.268749999999862],[55.25208333333208,22.268749999999862],[55.256249999998744,22.264583333333157]]}},{"type":"Feature","properties":{"HYRIV_ID":20882165,"NEXT_DOWN":20882262,"MAIN_RIV":20887902,"LENGTH_KM":2.99,"CATCH_SKM":17.879999,"DIS_AV_CMS":0.0,"ORD_STRA":4,"ORD_FLOW":10},"geometry":{"type":"LineString","coordinates":[[55.27291666666545,22.285416666666542],[55.27291666666545,22.281249999999837],[55.256249999998744,22.264583333333157]]}},{"type":"Feature","properties":{"HYRIV_ID":20882206,"NEXT_DOWN":20882320,"MAIN_RIV":20887902,"LENGTH_KM":5.14,"CATCH_SKM":21.65,"DIS_AV_CMS":0.001,"ORD_STRA":1,"ORD_FLOW":9},"geometry":{"type":"LineString","coordinates":[[55.13749999999871,22.277083333333174],[55.11458333333209,22.277083333333174],[55.11041666666543,22.272916666666525],[55.10624999999871,22.272916666666525],[55.10624999999871,22.268749999999862],[55.11458333333209,22.260416666666508]]}},{"type":"Feature","properties":{"HYRIV_ID":20882207,"NEXT_DOWN":20882781,"MAIN_RIV":20887902,"LENGTH_KM":4.8400002,"CATCH_SKM":12.31,"DIS_AV_CMS":0.0,"ORD_STRA":2,"ORD_FLOW":10},"geometry":{"type":"LineString","coordinates":[[55.35208333333205,22.297916666666517],[55.347916666665384,22.293749999999854],[55.347916666665384,22.28958333333319],[55.34374999999872,22.285416666666542],[55.34374999999872,22.272916666666525],[55.33958333333209,22.268749999999862],[55.33958333333209,22.264583333333157],[55.335416666665424,22.260416666666508]]}},{"type":"Feature","properties":{"HYRIV_ID":20882257,"NEXT_DOWN":20882258,"MAIN_RIV":20892193,"LENGTH_KM":3.48,"CATCH_SKM":24.23,"DIS_AV_CMS":0.0,"ORD_STRA":1,"ORD_FLOW":10},"geometry":{"type":"LineString","coordinates":[[54.52708333333209,22.28749999999986],[54.52708333333209,22.256249999999845]]}},{"type":"Feature","properties":{"HYRIV_ID":20882258,"NEXT_DOWN":20882260,"MAIN_RIV":20892193,"LENGTH_KM":0.86,"CATCH_SKM":1.1900001,"DIS_AV_CMS":0.0,"ORD_STRA":2,"ORD_FLOW":10},"geometry":{"type":"LineString","coordinates":[[54.52708333333209,22.256249999999845],[54.535416666665384,22.256249999999845]]}},{"type":"Feature","properties":{"HYRIV_ID":20882259,"NEXT_DOWN":20882260,"MAIN_RIV":20892193,"LENGTH_KM":10.09,"CATCH_SKM":39.130001,"DIS_AV_CMS":0.0,"ORD_STRA":1,"ORD_FLOW":10},"geometry":{"type":"LineString","coordinates":[[54.6083333333321,22.291666666666522],[54.602083333332104,22.297916666666517],[54.57708333333207,22.297916666666517],[54.56041666666542,22.281249999999837],[54.55624999999878,22.281249999999837],[54.535416666665384,22.260416666666508],[54.535416666665384,22.256249999999845]]}},{"type":"Feature","properties":{"HYRIV_ID":20882260,"NEXT_DOWN":20882136,"MAIN_RIV":20892193,"LENGTH_KM":12.59,"CATCH_SKM":34.57,"DIS_AV_CMS":0.0,"ORD_STRA":2,"ORD_FLOW":10},"geometry":{"type":"LineString","coordinates":[[54.535416666665384,22.256249999999845],[54.56458333333208,22.256249999999845],[54.568749999998744,22.260416666666508],[54.57291666666541,22.260416666666508],[54.57708333333207,22.256249999999845],[54.6312499999988,22.256249999999845],[54.64374999999876,22.268749999999862],[54.647916666665424,22.268749999999862]]}},{"type":"Feature","properties":{"HYRIV_ID":20882261,"NEXT_DOWN":20882406,"MAIN_RIV":20887902,"LENGTH_KM":0.64,"CATCH_SKM":10.93,"DIS_AV_CMS":0.0,"ORD_STRA":1,"ORD_FLOW":10},"geometry":{"type":"LineString","coordinates":[[55.04999999999873,22.256249999999845],[55.0562499999987,22.256249999999845]]}},{"type":"Feature","properties":{"HYRIV_ID":20882262,"NEXT_DOWN":20882568,"MAIN_RIV":20887902,"LENGTH_KM":1.09,"CATCH_SKM":3.1800001,"DIS_AV_CMS":0.0,"ORD_STRA":4,"ORD_FLOW":10},"geometry":{"type":"LineString","coordinates":[[55.256249999998744,22.264583333333157],[55.256249999998744,22.260416666666508],[55.25208333333208,22.256249999999845]]}},{"type":"Feature","properties":{"HYRIV_ID":20882263,"NEXT_DOWN":20882781,"MAIN_RIV":20887902,"LENGTH_KM":4.48,"CATCH_SKM":25.43,"DIS_AV_CMS":0.001,"ORD_STRA":1,"ORD_FLOW":9},"geometry":{"type":"LineString","coordinates":[[55.37499999999875,22.260416666666508],[55.368749999998755,22.260416666666508],[55.36458333333212,22.256249999999845],[55.34374999999872,22.256249999999845],[55.33958333333209,22.260416666666508],[55.335416666665424,22.260416666666508]]}},{"type":"Feature","properties":{"HYRIV_ID":20882313,"NEXT_DOWN":20882314,"MAIN_RIV":20892193,"LENGTH_KM":12.41,"CATCH_SKM":34.759998,"DIS_AV_CMS":0.0,"ORD_STRA":2,"ORD_FLOW":10},"geometry":{"type":"LineString","coordinates":[[54.37291666666539,22.293749999999854],[54.3604166666654,22.293749999999854],[54.35624999999874,22.28958333333319],[54.35624999999874,22.281249999999837],[54.352083333332075,22.277083333333174],[54.35624999999874,22.272916666666525],[54.385416666665435,22.272916666666525],[54.3895833333321,22.268749999999862],[54.397916666665424,22.268749999999862],[54.41458333333213,22.252083333333182],[54.42708333333212,22.252083333333182]]}},{"type":"Feature","properties":{"HYRIV_ID":20882314,"NEXT_DOWN":20882258,"MAIN_RIV":20892193,"LENGTH_KM":10.49,"CATCH_SKM":28.209999,"DIS_AV_CMS":0.0,"ORD_STRA":2,"ORD_FLOW":10},"geometry":{"type":"LineString","coordinates":[[54.42708333333212,22.252083333333182],[54.51874999999876,22.252083333333182],[54.522916666665424,22.256249999999845],[54.52708333333209,22.256249999999845]]}},{"type":"Feature","properties":{"HYRIV_ID":20882315,"NEXT_DOWN":20882316,"MAIN_RIV":20892193,"LENGTH_KM":4.9899998,"CATCH_SKM":23.24,"DIS_AV_CMS":0.0,"ORD_STRA":1,"ORD_FLOW":10},"geometry":{"type":"LineString","coordinates":[[54.76666666666546,22.281249999999837],[54.77708333333209,22.281249999999837],[54.78124999999875,22.277083333333174],[54.76874999999876,22.264583333333157],[54.76874999999876,22.252083333333182]]}},{"type":"Feature","properties":{"HYRIV_ID":20882316,"NEXT_DOWN":20882818,"MAIN_RIV":20892193,"LENGTH_KM":0.43,"CATCH_SKM":0.4,"DIS_AV_CMS":0.0,"ORD_STRA":3,"ORD_FLOW":10},"geometry":{"type":"LineString","coordinates":[[54.76874999999876,22.252083333333182],[54.772916666665424,22.252083333333182]]}},{"type":"Feature","properties":{"HYRIV_ID":20882317,"NEXT_DOWN":20882818,"MAIN_RIV":20892193,"LENGTH_KM":3.1900001,"CATCH_SKM":16.49,"DIS_AV_CMS":0.0,"ORD_STRA":1,"ORD_FLOW":10},"geometry":{"type":"LineString","coordinates":[[54.799999999998704,22.260416666666508],[54.79374999999874,22.260416666666508],[54.789583333332075,22.256249999999845],[54.78124999999875,22.256249999999845],[54.77708333333209,22.252083333333182],[54.772916666665424,22.252083333333182]]}},{"type":"Feature","properties":{"HYRIV_ID":20882318,"NEXT_DOWN":20882164,"MAIN_RIV":20887902,"LENGTH_KM":11.47,"CATCH_SKM":36.16,"DIS_AV_CMS":0.0,"ORD_STRA":1,"ORD_FLOW":10},"geometry":{"type":"LineString","coordinates":[[54.92499999999873,22.252083333333182],[54.9312499999987,22.252083333333182],[54.935416666665446,22.256249999999845],[54.93958333333211,22.256249999999845],[54.94374999999877,22.260416666666508],[54.947916666665435,22.256249999999845],[54.96458333333206,22.256249999999845],[54.98124999999877,22.272916666666525],[54.993749999998755,22.272916666666525],[55.00208333333208,22.281249999999837],[55.01874999999879,22.281249999999837]]}},{"type":"Feature","properties":{"HYRIV_ID":20882319,"NEXT_DOWN":20882320,"MAIN_RIV":20887902,"LENGTH_KM":3.83,"CATCH_SKM":5.96,"DIS_AV_CMS":0.0,"ORD_STRA":3,"ORD_FLOW":10},"geometry":{"type":"LineString","coordinates":[[55.08124999999876,22.252083333333182],[55.085416666665395,22.256249999999845],[55.11041666666543,22.256249999999845],[55.11458333333209,22.260416666666508]]}},{"type":"Feature","properties":{"HYRIV_ID":20882320,"NEXT_DOWN":20882568,"MAIN_RIV":20887902,"LENGTH_KM":17.190001,"CATCH_SKM":36.16,"DIS_AV_CMS":0.0,"ORD_STRA":3,"ORD_FLOW":10},"geometry":{"type":"LineString","coordinates":[[55.11458333333209,22.260416666666508],[55.13958333333204,22.260416666666508],[55.14374999999879,22.256249999999845],[55.14791666666545,22.260416666666508],[55.15624999999878,22.260416666666508],[55.16041666666541,22.256249999999845],[55.189583333332024,22.256249999999845],[55.197916666665435,22.264583333333157],[55.2020833333321,22.260416666666508],[55.210416666665424,22.268749999999862],[55.21458333333206,22.268749999999862],[55.23124999999871,22.252083333333182],[55.23541666666537,22.256249999999845],[55.243749999998755,22.256249999999845],[55.24791666666542,22.260416666666508],[55.25208333333208,22.256249999999845]]}},{"type":"Feature","properties":{"HYRIV_ID":20882321,"NEXT_DOWN":20882609,"MAIN_RIV":20887902,"LENGTH_KM":2.9300001,"CATCH_SKM":23.040001,"DIS_AV_CMS":0.006,"ORD_STRA":1,"ORD_FLOW":9},"geometry":{"type":"LineString","coordinates":[[55.587499999998755,22.270833333333194],[55.581249999998676,22.264583333333157],[55.581249999998676,22.260416666666508],[55.585416666665424,22.256249999999845],[55.58958333333209,22.256249999999845],[55.58958333333209,22.252083333333182]]}},{"type":"Feature","properties":{"HYRIV_ID":20882322,"NEXT_DOWN":20882609,"MAIN_RIV":20887902,"LENGTH_KM":23.8,"CATCH_SKM":93.720001,"DIS_AV_CMS":0.048,"ORD_STRA":1,"ORD_FLOW":8},"geometry":{"type":"LineString","coordinates":[[55.69999999999871,22.391666666666488],[55.68124999999873,22.372916666666534],[55.68541666666539,22.368749999999828],[55.68124999999873,22.36458333333318],[55.68124999999873,22.356249999999854],[55.68541666666539,22.35208333333319],[55.68541666666539,22.3479166666665],[55.68124999999873,22.343749999999837],[55.68958333333205,22.335416666666525],[55.68958333333205,22.33124999999982],[55.67708333333209,22.318749999999845],[55.67708333333209,22.314583333333182],[55.67291666666543,22.310416666666534],[55.67291666666543,22.306249999999828],[55.664583333332104,22.297916666666517],[55.660416666665355,22.297916666666517],[55.65208333333206,22.28958333333319],[55.647916666665395,22.28958333333319],[55.631249999998744,22.272916666666525],[55.62708333333211,22.272916666666525],[55.622916666665446,22.277083333333174],[55.61874999999878,22.272916666666525],[55.614583333332035,22.272916666666525],[55.60624999999871,22.264583333333157],[55.59791666666541,22.264583333333157],[55.59374999999875,22.260416666666508],[55.59374999999875,22.256249999999845],[55.58958333333209,22.252083333333182]]}},{"type":"Feature","properties":{"HYRIV_ID":20882362,"NEXT_DOWN":20882441,"MAIN_RIV":20892193,"LENGTH_KM":6.75,"CATCH_SKM":22.049999,"DIS_AV_CMS":0.0,"ORD_STRA":3,"ORD_FLOW":10},"geometry":{"type":"LineString","coordinates":[[54.668749999998795,22.268749999999862],[54.68958333333211,22.268749999999862],[54.693749999998744,22.272916666666525],[54.70208333333207,22.272916666666525],[54.710416666665395,22.264583333333157],[54.710416666665395,22.24791666666652]]}},{"type":"Feature","properties":{"HYRIV_ID":20882405,"NEXT_DOWN":20882314,"MAIN_RIV":20892193,"LENGTH_KM":2.6,"CATCH_SKM":20.459999,"DIS_AV_CMS":0.0,"ORD_STRA":1,"ORD_FLOW":10},"geometry":{"type":"LineString","coordinates":[[54.40833333333205,22.24374999999987],[54.42291666666546,22.24374999999987],[54.42708333333212,22.24791666666652],[54.42708333333212,22.252083333333182]]}},{"type":"Feature","properties":{"HYRIV_ID":20882406,"NEXT_DOWN":20882319,"MAIN_RIV":20887902,"LENGTH_KM":4.5100002,"CATCH_SKM":12.52,"DIS_AV_CMS":0.0,"ORD_STRA":2,"ORD_FLOW":10},"geometry":{"type":"LineString","coordinates":[[55.0562499999987,22.256249999999845],[55.06041666666536,22.260416666666508],[55.06458333333211,22.260416666666508],[55.06874999999877,22.256249999999845],[55.06874999999877,22.252083333333182],[55.0770833333321,22.24374999999987],[55.08124999999876,22.24791666666652],[55.08124999999876,22.252083333333182]]}},{"type":"Feature","properties":{"HYRIV_ID":20882438,"NEXT_DOWN":20882721,"MAIN_RIV":20892193,"LENGTH_KM":8.0699997,"CATCH_SKM":42.119999,"DIS_AV_CMS":0.0,"ORD_STRA":1,"ORD_FLOW":10},"geometry":{"type":"LineString","coordinates":[[54.03333333333214,22.241666666666497],[54.05208333333209,22.260416666666508],[54.077083333332126,22.260416666666508],[54.08541666666545,22.252083333333182],[54.08541666666545,22.239583333333165]]}},{"type":"Feature","properties":{"HYRIV_ID":20882439,"NEXT_DOWN":20882721,"MAIN_RIV":20892193,"LENGTH_KM":2.33,"CATCH_SKM":18.08,"DIS_AV_CMS":0.0,"ORD_STRA":1,"ORD_FLOW":10},"geometry":{"type":"LineString","coordinates":[[54.10416666666541,22.24791666666652],[54.09791666666541,22.24791666666652],[54.089583333332115,22.239583333333165],[54.08541666666545,22.239583333333165]]}},{"type":"Feature","properties":{"HYRIV_ID":20882440,"NEXT_DOWN":20882441,"MAIN_RIV":20892193,"LENGTH_KM":8.3100004,"CATCH_SKM":29.01,"DIS_AV_CMS":0.0,"ORD_STRA":1,"ORD_FLOW":10},"geometry":{"type":"LineString","coordinates":[[54.63749999999877,22.239583333333165],[54.64374999999876,22.239583333333165],[54.647916666665424,22.24374999999987],[54.67291666666546,22.24374999999987],[54.68124999999878,22.252083333333182],[54.70208333333207,22.252083333333182],[54.70624999999873,22.24791666666652],[54.710416666665395,22.24791666666652]]}},{"type":"Feature","properties":{"HYRIV_ID":20882441,"NEXT_DOWN":20882316,"MAIN_RIV":20892193,"LENGTH_KM":7.2800002,"CATCH_SKM":26.43,"DIS_AV_CMS":0.0,"ORD_STRA":3,"ORD_FLOW":10},"geometry":{"type":"LineString","coordinates":[[54.710416666665395,22.24791666666652],[54.710416666665395,22.24374999999987],[54.71458333333206,22.239583333333165],[54.73958333333209,22.239583333333165],[54.74374999999873,22.24374999999987],[54.75208333333205,22.24374999999987],[54.756249999998715,22.24791666666652],[54.76041666666546,22.24791666666652],[54.764583333332126,22.252083333333182],[54.76874999999876,22.252083333333182]]}},{"type":"Feature","properties":{"HYRIV_ID":20882515,"NEXT_DOWN":20882604,"MAIN_RIV":20892193,"LENGTH_KM":10.03,"CATCH_SKM":34.77,"DIS_AV_CMS":0.0,"ORD_STRA":1,"ORD_FLOW":10},"geometry":{"type":"LineString","coordinates":[[54.21249999999878,22.239583333333165],[54.22291666666541,22.239583333333165],[54.227083333332075,22.235416666666502],[54.260416666665435,22.235416666666502],[54.2645833333321,22.239583333333165],[54.293749999998795,22.239583333333165],[54.30208333333209,22.231249999999854]]}},{"type":"Feature","properties":{"HYRIV_ID":20882516,"NEXT_DOWN":20882604,"MAIN_RIV":20892193,"LENGTH_KM":29.049999,"CATCH_SKM":93.959999,"DIS_AV_CMS":0.0,"ORD_STRA":4,"ORD_FLOW":10},"geometry":{"type":"LineString","coordinates":[[54.147916666665395,22.277083333333174],[54.15208333333206,22.272916666666525],[54.19791666666538,22.272916666666525],[54.20624999999879,22.264583333333157],[54.28124999999872,22.264583333333157],[54.28541666666547,22.268749999999862],[54.29791666666546,22.268749999999862],[54.30208333333209,22.264583333333157],[54.32708333333204,22.264583333333157],[54.33541666666545,22.256249999999845],[54.34374999999878,22.256249999999845],[54.352083333332075,22.24791666666652],[54.352083333332075,22.24374999999987],[54.34791666666544,22.239583333333165],[54.34374999999878,22.239583333333165],[54.339583333332115,22.235416666666502],[54.306249999998755,22.235416666666502],[54.30208333333209,22.231249999999854]]}},{"type":"Feature","properties":{"HYRIV_ID":20882568,"NEXT_DOWN":20882607,"MAIN_RIV":20887902,"LENGTH_KM":3.4100001,"CATCH_SKM":7.1500001,"DIS_AV_CMS":0.0,"ORD_STRA":4,"ORD_FLOW":10},"geometry":{"type":"LineString","coordinates":[[55.25208333333208,22.256249999999845],[55.25208333333208,22.231249999999854],[55.256249999998744,22.22708333333319]]}},{"type":"Feature","properties":{"HYRIV_ID":20882569,"NEXT_DOWN":20882684,"MAIN_RIV":20887902,"LENGTH_KM":15.94,"CATCH_SKM":55.810001,"DIS_AV_CMS":0.0,"ORD_STRA":4,"ORD_FLOW":10},"geometry":{"type":"LineString","coordinates":[[55.47708333333205,22.335416666666525],[55.472916666665384,22.335416666666525],[55.46874999999875,22.33124999999982],[55.46874999999875,22.327083333333157],[55.46458333333209,22.322916666666508],[55.45208333333201,22.322916666666508],[55.443749999998715,22.314583333333182],[55.45208333333201,22.306249999999828],[55.45208333333201,22.302083333333165],[55.44791666666535,22.297916666666517],[55.44791666666535,22.285416666666542],[55.443749999998715,22.281249999999837],[55.443749999998715,22.277083333333174],[55.43124999999873,22.264583333333157],[55.43124999999873,22.256249999999845],[55.43541666666539,22.252083333333182],[55.43541666666539,22.24791666666652],[55.43958333333205,22.24374999999987],[55.43958333333205,22.22708333333319]]}},{"type":"Feature","properties":{"HYRIV_ID":20882604,"NEXT_DOWN":20882855,"MAIN_RIV":20892193,"LENGTH_KM":1.95,"CATCH_SKM":3.77,"DIS_AV_CMS":0.0,"ORD_STRA":4,"ORD_FLOW":10},"geometry":{"type":"LineString","coordinates":[[54.30208333333209,22.231249999999854],[54.29791666666546,22.22708333333319],[54.29791666666546,22.222916666666485],[54.28958333333213,22.222916666666485]]}},{"type":"Feature","properties":{"HYRIV_ID":20882605,"NEXT_DOWN":20882406,"MAIN_RIV":20887902,"LENGTH_KM":18.110001,"CATCH_SKM":59.41,"DIS_AV_CMS":0.0,"ORD_STRA":1,"ORD_FLOW":10},"geometry":{"type":"LineString","coordinates":[[54.899999999998755,22.222916666666485],[54.914583333332075,22.222916666666485],[54.91874999999874,22.22708333333319],[54.9229166666654,22.22708333333319],[54.927083333332035,22.231249999999854],[54.9312499999987,22.231249999999854],[54.93958333333211,22.239583333333165],[54.98541666666543,22.239583333333165],[54.98958333333209,22.235416666666502],[54.99791666666542,22.235416666666502],[55.00208333333208,22.239583333333165],[55.03541666666541,22.239583333333165],[55.04374999999874,22.24791666666652],[55.0479166666654,22.24791666666652],[55.0562499999987,22.256249999999845]]}},{"type":"Feature","properties":{"HYRIV_ID":20882606,"NEXT_DOWN":20882607,"MAIN_RIV":20887902,"LENGTH_KM":4.33,"CATCH_SKM":15.9,"DIS_AV_CMS":0.001,"ORD_STRA":1,"ORD_FLOW":9},"geometry":{"type":"LineString","coordinates":[[55.224999999998715,22.233333333333185],[55.23541666666537,22.222916666666485],[55.23958333333209,22.22708333333319],[55.243749999998755,22.22708333333319],[55.24791666666542,22.222916666666485],[55.25208333333208,22.22708333333319],[55.256249999998744,22.22708333333319]]}},{"type":"Feature","properties":{"HYRIV_ID":20882607,"NEXT_DOWN":20882780,"MAIN_RIV":20887902,"LENGTH_KM":1.06,"CATCH_SKM":2.1900001,"DIS_AV_CMS":0.0,"ORD_STRA":4,"ORD_FLOW":10},"geometry":{"type":"LineString","coordinates":[[55.256249999998744,22.22708333333319],[55.26041666666541,22.22708333333319],[55.26458333333204,22.222916666666485]]}},{"type":"Feature","properties":{"HYRIV_ID":20882608,"NEXT_DOWN":20882684,"MAIN_RIV":20887902,"LENGTH_KM":16.99,"CATCH_SKM":72.699997,"DIS_AV_CMS":0.005,"ORD_STRA":1,"ORD_FLOW":9},"geometry":{"type":"LineString","coordinates":[[55.52916666666536,22.32499999999984],[55.51458333333207,22.310416666666534],[55.51041666666541,22.310416666666534],[55.506249999998744,22.306249999999828],[55.497916666665446,22.306249999999828],[55.49374999999878,22.302083333333165],[55.49374999999878,22.293749999999854],[55.489583333332035,22.28958333333319],[55.489583333332035,22.285416666666542],[55.48541666666537,22.281249999999837],[55.48541666666537,22.272916666666525],[55.472916666665384,22.260416666666508],[55.46874999999875,22.260416666666508],[55.46458333333209,22.256249999999845],[55.46458333333209,22.252083333333182],[55.460416666665424,22.24791666666652],[55.460416666665424,22.239583333333165],[55.45624999999876,22.235416666666502],[55.45624999999876,22.22708333333319],[55.45208333333201,22.222916666666485],[55.443749999998715,22.222916666666485],[55.43958333333205,22.22708333333319]]}},{"type":"Feature","properties":{"HYRIV_ID":20882609,"NEXT_DOWN":20883383,"MAIN_RIV":20887902,"LENGTH_KM":5.2800002,"CATCH_SKM":25.23,"DIS_AV_CMS":0.06,"ORD_STRA":2,"ORD_FLOW":8},"geometry":{"type":"LineString","coordinates":[[55.58958333333209,22.252083333333182],[55.585416666665424,22.24791666666652],[55.581249999998676,22.24791666666652],[55.56458333333205,22.231249999999854],[55.56041666666539,22.231249999999854],[55.568749999998715,22.222916666666485]]}},{"type":"Feature","properties":{"HYRIV_ID":20882610,"NEXT_DOWN":20883383,"MAIN_RIV":20887902,"LENGTH_KM":3.07,"CATCH_SKM":17.68,"DIS_AV_CMS":0.008,"ORD_STRA":1,"ORD_FLOW":9},"geometry":{"type":"LineString","coordinates":[[55.59166666666542,22.237499999999834],[55.585416666665424,22.231249999999854],[55.581249999998676,22.231249999999854],[55.57291666666538,22.222916666666485],[55.568749999998715,22.222916666666485]]}},{"type":"Feature","properties":{"HYRIV_ID":20882649,"NEXT_DOWN":20883083,"MAIN_RIV":20887902,"LENGTH_KM":2.6800001,"CATCH_SKM":14.11,"DIS_AV_CMS":0.008,"ORD_STRA":1,"ORD_FLOW":9},"geometry":{"type":"LineString","coordinates":[[55.693749999998715,22.237499999999834],[55.693749999998715,22.22708333333319],[55.69791666666538,22.222916666666485],[55.70208333333204,22.222916666666485],[55.70208333333204,22.21874999999988]]}},{"type":"Feature","properties":{"HYRIV_ID":20882681,"NEXT_DOWN":20882816,"MAIN_RIV":20892193,"LENGTH_KM":7.96,"CATCH_SKM":31.4,"DIS_AV_CMS":0.0,"ORD_STRA":1,"ORD_FLOW":10},"geometry":{"type":"LineString","coordinates":[[54.458333333332035,22.220833333333196],[54.464583333332115,22.22708333333319],[54.49374999999873,22.22708333333319],[54.49791666666539,22.222916666666485],[54.50208333333205,22.22708333333319],[54.510416666665435,22.22708333333319],[54.522916666665424,22.214583333333174]]}},{"type":"Feature","properties":{"HYRIV_ID":20882682,"NEXT_DOWN":20882724,"MAIN_RIV":20887902,"LENGTH_KM":2.1300001,"CATCH_SKM":12.72,"DIS_AV_CMS":0.0,"ORD_STRA":1,"ORD_FLOW":10},"geometry":{"type":"LineString","coordinates":[[54.96249999999873,22.21874999999988],[54.972916666665384,22.21874999999988],[54.97708333333205,22.214583333333174],[54.98124999999877,22.214583333333174]]}},{"type":"Feature","properties":{"HYRIV_ID":20882683,"NEXT_DOWN":20882982,"MAIN_RIV":20887902,"LENGTH_KM":0.95,"CATCH_SKM":10.93,"DIS_AV_CMS":0.001,"ORD_STRA":1,"ORD_FLOW":9},"geometry":{"type":"LineString","coordinates":[[55.404166666665446,22.220833333333196],[55.41041666666544,22.214583333333174]]}},{"type":"Feature","properties":{"HYRIV_ID":20882684,"NEXT_DOWN":20882982,"MAIN_RIV":20887902,"LENGTH_KM":3.61,"CATCH_SKM":10.13,"DIS_AV_CMS":0.0,"ORD_STRA":4,"ORD_FLOW":10},"geometry":{"type":"LineString","coordinates":[[55.43958333333205,22.22708333333319],[55.43541666666539,22.222916666666485],[55.4229166666654,22.222916666666485],[55.414583333332104,22.214583333333174],[55.41041666666544,22.214583333333174]]}},{"type":"Feature","properties":{"HYRIV_ID":20882720,"NEXT_DOWN":20882777,"MAIN_RIV":20892193,"LENGTH_KM":2.1300001,"CATCH_SKM":13.91,"DIS_AV_CMS":0.0,"ORD_STRA":1,"ORD_FLOW":10},"geometry":{"type":"LineString","coordinates":[[54.06249999999875,22.214583333333174],[54.07291666666546,22.214583333333174],[54.077083333332126,22.21041666666651],[54.08124999999879,22.21041666666651]]}},{"type":"Feature","properties":{"HYRIV_ID":20882721,"NEXT_DOWN":20882777,"MAIN_RIV":20892193,"LENGTH_KM":3.4100001,"CATCH_SKM":10.53,"DIS_AV_CMS":0.0,"ORD_STRA":2,"ORD_FLOW":10},"geometry":{"type":"LineString","coordinates":[[54.08541666666545,22.239583333333165],[54.08541666666545,22.21874999999988],[54.08124999999879,22.214583333333174],[54.08124999999879,22.21041666666651]]}},{"type":"Feature","properties":{"HYRIV_ID":20882722,"NEXT_DOWN":20882855,"MAIN_RIV":20892193,"LENGTH_KM":6.87,"CATCH_SKM":17.690001,"DIS_AV_CMS":0.0,"ORD_STRA":2,"ORD_FLOW":10},"geometry":{"type":"LineString","coordinates":[[54.34791666666544,22.21041666666651],[54.29791666666546,22.21041666666651],[54.28958333333213,22.21874999999988],[54.28958333333213,22.222916666666485]]}},{"type":"Feature","properties":{"HYRIV_ID":20882723,"NEXT_DOWN":20882722,"MAIN_RIV":20892193,"LENGTH_KM":6.87,"CATCH_SKM":24.639999,"DIS_AV_CMS":0.0,"ORD_STRA":1,"ORD_FLOW":10},"geometry":{"type":"LineString","coordinates":[[54.39583333333209,22.222916666666485],[54.37708333333211,22.222916666666485],[54.37291666666539,22.22708333333319],[54.36874999999873,22.22708333333319],[54.36458333333215,22.231249999999854],[54.3604166666654,22.22708333333319],[54.3604166666654,22.222916666666485],[54.35624999999874,22.21874999999988],[54.352083333332075,22.21874999999988],[54.34791666666544,22.214583333333174],[54.34791666666544,22.21041666666651]]}},{"type":"Feature","properties":{"HYRIV_ID":20882724,"NEXT_DOWN":20882319,"MAIN_RIV":20887902,"LENGTH_KM":19.190001,"CATCH_SKM":46.099998,"DIS_AV_CMS":0.0,"ORD_STRA":2,"ORD_FLOW":10},"geometry":{"type":"LineString","coordinates":[[54.98124999999877,22.214583333333174],[54.98958333333209,22.214583333333174],[54.993749999998755,22.21874999999988],[55.006249999998715,22.21874999999988],[55.014583333332126,22.21041666666651],[55.01874999999879,22.21041666666651],[55.027083333332115,22.21874999999988],[55.10208333333205,22.21874999999988],[55.11041666666543,22.22708333333319],[55.11041666666543,22.231249999999854],[55.10208333333205,22.239583333333165],[55.09374999999872,22.239583333333165],[55.08124999999876,22.252083333333182]]}},{"type":"Feature","properties":{"HYRIV_ID":20882777,"NEXT_DOWN":20882979,"MAIN_RIV":20892193,"LENGTH_KM":0.63,"CATCH_SKM":1.1900001,"DIS_AV_CMS":0.0,"ORD_STRA":2,"ORD_FLOW":10},"geometry":{"type":"LineString","coordinates":[[54.08124999999879,22.21041666666651],[54.08541666666545,22.206249999999862]]}},{"type":"Feature","properties":{"HYRIV_ID":20882778,"NEXT_DOWN":20882980,"MAIN_RIV":20892193,"LENGTH_KM":4.4,"CATCH_SKM":21.059999,"DIS_AV_CMS":0.0,"ORD_STRA":1,"ORD_FLOW":10},"geometry":{"type":"LineString","coordinates":[[54.13749999999877,22.237499999999834],[54.13124999999877,22.231249999999854],[54.13124999999877,22.22708333333319],[54.114583333332064,22.21041666666651],[54.114583333332064,22.206249999999862]]}},{"type":"Feature","properties":{"HYRIV_ID":20882779,"NEXT_DOWN":20882816,"MAIN_RIV":20892193,"LENGTH_KM":2.33,"CATCH_SKM":14.91,"DIS_AV_CMS":0.0,"ORD_STRA":1,"ORD_FLOW":10},"geometry":{"type":"LineString","coordinates":[[54.50416666666547,22.206249999999862],[54.510416666665435,22.206249999999862],[54.51874999999876,22.214583333333174],[54.522916666665424,22.214583333333174]]}},{"type":"Feature","properties":{"HYRIV_ID":20882780,"NEXT_DOWN":20882981,"MAIN_RIV":20887902,"LENGTH_KM":8.5299997,"CATCH_SKM":27.219999,"DIS_AV_CMS":0.0,"ORD_STRA":4,"ORD_FLOW":10},"geometry":{"type":"LineString","coordinates":[[55.26458333333204,22.222916666666485],[55.302083333332064,22.222916666666485],[55.30624999999873,22.21874999999988],[55.31874999999869,22.21874999999988],[55.32291666666535,22.214583333333174],[55.33124999999876,22.214583333333174],[55.33958333333209,22.206249999999862]]}},{"type":"Feature","properties":{"HYRIV_ID":20882781,"NEXT_DOWN":20882981,"MAIN_RIV":20887902,"LENGTH_KM":7.54,"CATCH_SKM":36.950001,"DIS_AV_CMS":0.0,"ORD_STRA":2,"ORD_FLOW":10},"geometry":{"type":"LineString","coordinates":[[55.335416666665424,22.260416666666508],[55.3270833333321,22.252083333333182],[55.347916666665384,22.231249999999854],[55.347916666665384,22.222916666666485],[55.34374999999872,22.21874999999988],[55.34374999999872,22.214583333333174],[55.33958333333209,22.21041666666651],[55.33958333333209,22.206249999999862]]}},{"type":"Feature","properties":{"HYRIV_ID":20882815,"NEXT_DOWN":20882980,"MAIN_RIV":20892193,"LENGTH_KM":4.6799998,"CATCH_SKM":22.059999,"DIS_AV_CMS":0.0,"ORD_STRA":1,"ORD_FLOW":10},"geometry":{"type":"LineString","coordinates":[[54.154166666665475,22.202083333333157],[54.135416666665435,22.202083333333157],[54.13124999999877,22.206249999999862],[54.12708333333211,22.202083333333157],[54.122916666665446,22.202083333333157],[54.1187499999987,22.206249999999862],[54.114583333332064,22.206249999999862]]}},{"type":"Feature","properties":{"HYRIV_ID":20882816,"NEXT_DOWN":20883018,"MAIN_RIV":20892193,"LENGTH_KM":3.61,"CATCH_SKM":17.49,"DIS_AV_CMS":0.0,"ORD_STRA":2,"ORD_FLOW":10},"geometry":{"type":"LineString","coordinates":[[54.522916666665424,22.214583333333174],[54.52708333333209,22.214583333333174],[54.53958333333205,22.202083333333157],[54.55208333333212,22.202083333333157]]}},{"type":"Feature","properties":{"HYRIV_ID":20882817,"NEXT_DOWN":20883018,"MAIN_RIV":20892193,"LENGTH_KM":5.3200002,"CATCH_SKM":21.66,"DIS_AV_CMS":0.0,"ORD_STRA":1,"ORD_FLOW":10},"geometry":{"type":"LineString","coordinates":[[54.5874999999987,22.214583333333174],[54.58124999999873,22.214583333333174],[54.57291666666541,22.222916666666485],[54.55624999999878,22.206249999999862],[54.55624999999878,22.202083333333157],[54.55208333333212,22.202083333333157]]}},{"type":"Feature","properties":{"HYRIV_ID":20882818,"NEXT_DOWN":20883045,"MAIN_RIV":20892193,"LENGTH_KM":6.7399998,"CATCH_SKM":15.3,"DIS_AV_CMS":0.0,"ORD_STRA":3,"ORD_FLOW":10},"geometry":{"type":"LineString","coordinates":[[54.772916666665424,22.252083333333182],[54.77708333333209,22.24791666666652],[54.77708333333209,22.239583333333165],[54.764583333332126,22.22708333333319],[54.764583333332126,22.222916666666485],[54.75208333333205,22.21041666666651],[54.75208333333205,22.202083333333157]]}},{"type":"Feature","properties":{"HYRIV_ID":20882819,"NEXT_DOWN":20883045,"MAIN_RIV":20892193,"LENGTH_KM":17.459999,"CATCH_SKM":57.630001,"DIS_AV_CMS":0.0,"ORD_STRA":1,"ORD_FLOW":10},"geometry":{"type":"LineString","coordinates":[[54.8291666666654,22.235416666666502],[54.83541666666548,22.235416666666502],[54.84374999999872,22.24374999999987],[54.85624999999877,22.24374999999987],[54.86041666666543,22.239583333333165],[54.86041666666543,22.235416666666502],[54.85208333333202,22.22708333333319],[54.847916666665355,22.22708333333319],[54.83958333333206,22.21874999999988],[54.82708333333207,22.21874999999988],[54.82291666666541,22.214583333333174],[54.81874999999877,22.214583333333174],[54.81458333333211,22.21041666666651],[54.810416666665446,22.214583333333174],[54.77708333333209,22.214583333333174],[54.76874999999876,22.206249999999862],[54.76041666666546,22.206249999999862],[54.756249999998715,22.202083333333157],[54.75208333333205,22.202083333333157]]}},{"type":"Feature","properties":{"HYRIV_ID":20882820,"NEXT_DOWN":20882780,"MAIN_RIV":20887902,"LENGTH_KM":9.9899998,"CATCH_SKM":36.169998,"DIS_AV_CMS":0.001,"ORD_STRA":1,"ORD_FLOW":9},"geometry":{"type":"LineString","coordinates":[[55.191666666665355,22.22708333333319],[55.197916666665435,22.22708333333319],[55.2020833333321,22.222916666666485],[55.2020833333321,22.21874999999988],[55.21874999999872,22.202083333333157],[55.23124999999871,22.202083333333157],[55.23541666666537,22.206249999999862],[55.243749999998755,22.206249999999862],[55.26041666666541,22.222916666666485],[55.26458333333204,22.222916666666485]]}},{"type":"Feature","properties":{"HYRIV_ID":20882855,"NEXT_DOWN":20883267,"MAIN_RIV":20892193,"LENGTH_KM":13.22,"CATCH_SKM":36.759998,"DIS_AV_CMS":0.0,"ORD_STRA":4,"ORD_FLOW":10},"geometry":{"type":"LineString","coordinates":[[54.28958333333213,22.222916666666485],[54.28541666666547,22.222916666666485],[54.28124999999872,22.21874999999988],[54.20624999999879,22.21874999999988],[54.193749999998744,22.206249999999862],[54.19791666666538,22.202083333333157],[54.21041666666545,22.202083333333157],[54.214583333332115,22.197916666666494]]}},{"type":"Feature","properties":{"HYRIV_ID":20882934,"NEXT_DOWN":20882979,"MAIN_RIV":20892193,"LENGTH_KM":6.8400002,"CATCH_SKM":23.65,"DIS_AV_CMS":0.0,"ORD_STRA":1,"ORD_FLOW":10},"geometry":{"type":"LineString","coordinates":[[54.03333333333214,22.197916666666494],[54.056249999998755,22.197916666666494],[54.06041666666542,22.193749999999845],[54.06458333333205,22.193749999999845],[54.068749999998715,22.189583333333182],[54.07291666666546,22.189583333333182],[54.08541666666545,22.202083333333157],[54.08541666666545,22.206249999999862]]}},{"type":"Feature","properties":{"HYRIV_ID":20882935,"NEXT_DOWN":20882722,"MAIN_RIV":20892193,"LENGTH_KM":7.02,"CATCH_SKM":25.440001,"DIS_AV_CMS":0.0,"ORD_STRA":2,"ORD_FLOW":10},"geometry":{"type":"LineString","coordinates":[[54.40624999999872,22.189583333333182],[54.39374999999876,22.189583333333182],[54.385416666665435,22.197916666666494],[54.37708333333211,22.197916666666494],[54.37291666666539,22.202083333333157],[54.3604166666654,22.202083333333157],[54.352083333332075,22.21041666666651],[54.34791666666544,22.21041666666651]]}},{"type":"Feature","properties":{"HYRIV_ID":20882936,"NEXT_DOWN":20882935,"MAIN_RIV":20892193,"LENGTH_KM":1.93,"CATCH_SKM":14.31,"DIS_AV_CMS":0.0,"ORD_STRA":1,"ORD_FLOW":10},"geometry":{"type":"LineString","coordinates":[[54.42499999999879,22.189583333333182],[54.40624999999872,22.189583333333182]]}},{"type":"Feature","properties":{"HYRIV_ID":20882937,"NEXT_DOWN":20883044,"MAIN_RIV":20892193,"LENGTH_KM":1.16,"CATCH_SKM":19.68,"DIS_AV_CMS":0.0,"ORD_STRA":1,"ORD_FLOW":10},"geometry":{"type":"LineString","coordinates":[[54.70624999999873,22.199999999999825],[54.70624999999873,22.189583333333182]]}},{"type":"Feature","properties":{"HYRIV_ID":20882979,"NEXT_DOWN":20883303,"MAIN_RIV":20892193,"LENGTH_KM":3.1600001,"CATCH_SKM":5.37,"DIS_AV_CMS":0.0,"ORD_STRA":2,"ORD_FLOW":10},"geometry":{"type":"LineString","coordinates":[[54.08541666666545,22.206249999999862],[54.10624999999874,22.18541666666652]]}},{"type":"Feature","properties":{"HYRIV_ID":20882980,"NEXT_DOWN":20883303,"MAIN_RIV":20892193,"LENGTH_KM":2.9100001,"CATCH_SKM":8.3500004,"DIS_AV_CMS":0.0,"ORD_STRA":2,"ORD_FLOW":10},"geometry":{"type":"LineString","coordinates":[[54.114583333332064,22.206249999999862],[54.1104166666654,22.206249999999862],[54.10624999999874,22.202083333333157],[54.10624999999874,22.18541666666652]]}},{"type":"Feature","properties":{"HYRIV_ID":20882981,"NEXT_DOWN":20883082,"MAIN_RIV":20887902,"LENGTH_KM":3.1600001,"CATCH_SKM":11.93,"DIS_AV_CMS":0.0,"ORD_STRA":4,"ORD_FLOW":10},"geometry":{"type":"LineString","coordinates":[[55.33958333333209,22.206249999999862],[55.36041666666537,22.18541666666652]]}},{"type":"Feature","properties":{"HYRIV_ID":20882982,"NEXT_DOWN":20883082,"MAIN_RIV":20887902,"LENGTH_KM":7.4899998,"CATCH_SKM":23.450001,"DIS_AV_CMS":0.0,"ORD_STRA":4,"ORD_FLOW":10},"geometry":{"type":"LineString","coordinates":[[55.41041666666544,22.214583333333174],[55.40624999999878,22.21041666666651],[55.40624999999878,22.206249999999862],[55.402083333332115,22.202083333333157],[55.402083333332115,22.197916666666494],[55.39791666666537,22.193749999999845],[55.38541666666541,22.193749999999845],[55.381249999998744,22.197916666666494],[55.37708333333208,22.193749999999845],[55.37291666666542,22.193749999999845],[55.368749999998755,22.189583333333182],[55.36458333333212,22.189583333333182],[55.36041666666537,22.18541666666652]]}},{"type":"Feature","properties":{"HYRIV_ID":20883016,"NEXT_DOWN":20883267,"MAIN_RIV":20892193,"LENGTH_KM":3.6900001,"CATCH_SKM":19.68,"DIS_AV_CMS":0.0,"ORD_STRA":1,"ORD_FLOW":10},"geometry":{"type":"LineString","coordinates":[[54.19166666666541,22.18124999999987],[54.202083333332126,22.18124999999987],[54.21041666666545,22.189583333333182],[54.214583333332115,22.189583333333182],[54.214583333332115,22.197916666666494]]}},{"type":"Feature","properties":{"HYRIV_ID":20883017,"NEXT_DOWN":20882935,"MAIN_RIV":20892193,"LENGTH_KM":1.41,"CATCH_SKM":11.53,"DIS_AV_CMS":0.0,"ORD_STRA":1,"ORD_FLOW":10},"geometry":{"type":"LineString","coordinates":[[54.4124999999988,22.17916666666654],[54.40624999999872,22.18541666666652],[54.40624999999872,22.189583333333182]]}},{"type":"Feature","properties":{"HYRIV_ID":20883018,"NEXT_DOWN":20883043,"MAIN_RIV":20892193,"LENGTH_KM":4.71,"CATCH_SKM":9.9399996,"DIS_AV_CMS":0.0,"ORD_STRA":2,"ORD_FLOW":10},"geometry":{"type":"LineString","coordinates":[[54.55208333333212,22.202083333333157],[54.55624999999878,22.197916666666494],[54.568749999998744,22.197916666666494],[54.58124999999873,22.18541666666652],[54.585416666665395,22.18541666666652],[54.585416666665395,22.18124999999987]]}},{"type":"Feature","properties":{"HYRIV_ID":20883019,"NEXT_DOWN":20883043,"MAIN_RIV":20892193,"LENGTH_KM":7.9200001,"CATCH_SKM":31.6,"DIS_AV_CMS":0.0,"ORD_STRA":1,"ORD_FLOW":10},"geometry":{"type":"LineString","coordinates":[[54.64374999999876,22.212499999999842],[54.64374999999876,22.206249999999862],[54.62708333333205,22.189583333333182],[54.62291666666539,22.189583333333182],[54.61874999999873,22.18541666666652],[54.59374999999878,22.18541666666652],[54.58958333333203,22.18124999999987],[54.585416666665395,22.18124999999987]]}},{"type":"Feature","properties":{"HYRIV_ID":20883020,"NEXT_DOWN":20883044,"MAIN_RIV":20892193,"LENGTH_KM":2.33,"CATCH_SKM":14.51,"DIS_AV_CMS":0.0,"ORD_STRA":1,"ORD_FLOW":10},"geometry":{"type":"LineString","coordinates":[[54.68749999999878,22.18124999999987],[54.693749999998744,22.18124999999987],[54.69791666666541,22.18541666666652],[54.70208333333207,22.18541666666652],[54.70624999999873,22.189583333333182]]}},{"type":"Feature","properties":{"HYRIV_ID":20883043,"NEXT_DOWN":20883269,"MAIN_RIV":20892193,"LENGTH_KM":0.63,"CATCH_SKM":0.2,"DIS_AV_CMS":0.0,"ORD_STRA":2,"ORD_FLOW":10},"geometry":{"type":"LineString","coordinates":[[54.585416666665395,22.18124999999987],[54.58124999999873,22.177083333333165]]}},{"type":"Feature","properties":{"HYRIV_ID":20883044,"NEXT_DOWN":20883116,"MAIN_RIV":20892193,"LENGTH_KM":2.75,"CATCH_SKM":4.77,"DIS_AV_CMS":0.0,"ORD_STRA":2,"ORD_FLOW":10},"geometry":{"type":"LineString","coordinates":[[54.70624999999873,22.189583333333182],[54.710416666665395,22.189583333333182],[54.71458333333206,22.18541666666652],[54.71874999999869,22.18541666666652],[54.727083333332104,22.177083333333165]]}},{"type":"Feature","properties":{"HYRIV_ID":20883045,"NEXT_DOWN":20883116,"MAIN_RIV":20892193,"LENGTH_KM":4.0500002,"CATCH_SKM":13.91,"DIS_AV_CMS":0.0,"ORD_STRA":3,"ORD_FLOW":10},"geometry":{"type":"LineString","coordinates":[[54.75208333333205,22.202083333333157],[54.75208333333205,22.197916666666494],[54.73958333333209,22.18541666666652],[54.73541666666543,22.18541666666652],[54.727083333332104,22.177083333333165]]}},{"type":"Feature","properties":{"HYRIV_ID":20883046,"NEXT_DOWN":20882724,"MAIN_RIV":20887902,"LENGTH_KM":10.29,"CATCH_SKM":35.380001,"DIS_AV_CMS":0.0,"ORD_STRA":1,"ORD_FLOW":10},"geometry":{"type":"LineString","coordinates":[[54.899999999998755,22.174999999999834],[54.90624999999875,22.18124999999987],[54.9229166666654,22.18124999999987],[54.927083333332035,22.18541666666652],[54.935416666665446,22.18541666666652],[54.93958333333211,22.189583333333182],[54.95624999999873,22.189583333333182],[54.98124999999877,22.214583333333174]]}},{"type":"Feature","properties":{"HYRIV_ID":20883082,"NEXT_DOWN":20883203,"MAIN_RIV":20887902,"LENGTH_KM":1.39,"CATCH_SKM":2.98,"DIS_AV_CMS":0.0,"ORD_STRA":5,"ORD_FLOW":10},"geometry":{"type":"LineString","coordinates":[[55.36041666666537,22.18541666666652],[55.36041666666537,22.172916666666502]]}},{"type":"Feature","properties":{"HYRIV_ID":20883083,"NEXT_DOWN":20883931,"MAIN_RIV":20887902,"LENGTH_KM":5.9400001,"CATCH_SKM":12.32,"DIS_AV_CMS":0.034,"ORD_STRA":2,"ORD_FLOW":8},"geometry":{"type":"LineString","coordinates":[[55.70208333333204,22.21874999999988],[55.69791666666538,22.214583333333174],[55.69791666666538,22.202083333333157],[55.693749999998715,22.197916666666494],[55.693749999998715,22.189583333333182],[55.68958333333205,22.18541666666652],[55.68958333333205,22.18124999999987],[55.68124999999873,22.172916666666502]]}},{"type":"Feature","properties":{"HYRIV_ID":20883116,"NEXT_DOWN":20883517,"MAIN_RIV":20892193,"LENGTH_KM":1.26,"CATCH_SKM":1.59,"DIS_AV_CMS":0.0,"ORD_STRA":3,"ORD_FLOW":10},"geometry":{"type":"LineString","coordinates":[[54.727083333332104,22.177083333333165],[54.71874999999869,22.168749999999854]]}},{"type":"Feature","properties":{"HYRIV_ID":20883117,"NEXT_DOWN":20883305,"MAIN_RIV":20887902,"LENGTH_KM":8.29,"CATCH_SKM":27.23,"DIS_AV_CMS":0.0,"ORD_STRA":1,"ORD_FLOW":10},"geometry":{"type":"LineString","coordinates":[[55.01249999999871,22.172916666666502],[55.027083333332115,22.172916666666502],[55.03124999999875,22.177083333333165],[55.03541666666541,22.172916666666502],[55.039583333332075,22.172916666666502],[55.04374999999874,22.168749999999854],[55.0479166666654,22.168749999999854],[55.0562499999987,22.177083333333165],[55.0770833333321,22.177083333333165],[55.08124999999876,22.172916666666502]]}},{"type":"Feature","properties":{"HYRIV_ID":20883118,"NEXT_DOWN":20883931,"MAIN_RIV":20887902,"LENGTH_KM":3.29,"CATCH_SKM":20.27,"DIS_AV_CMS":0.009,"ORD_STRA":1,"ORD_FLOW":9},"geometry":{"type":"LineString","coordinates":[[55.70833333333201,22.174999999999834],[55.70208333333204,22.168749999999854],[55.68541666666539,22.168749999999854],[55.68124999999873,22.172916666666502]]}},{"type":"Feature","properties":{"HYRIV_ID":20883156,"NEXT_DOWN":20883475,"MAIN_RIV":20892193,"LENGTH_KM":12.85,"CATCH_SKM":43.529999,"DIS_AV_CMS":0.0,"ORD_STRA":1,"ORD_FLOW":10},"geometry":{"type":"LineString","coordinates":[[54.879166666665384,22.193749999999845],[54.87291666666539,22.193749999999845],[54.868749999998755,22.197916666666494],[54.86458333333209,22.197916666666494],[54.86041666666543,22.193749999999845],[54.79791666666537,22.193749999999845],[54.78124999999875,22.177083333333165],[54.78124999999875,22.168749999999854],[54.78541666666541,22.16458333333319]]}},{"type":"Feature","properties":{"HYRIV_ID":20883157,"NEXT_DOWN":20883475,"MAIN_RIV":20892193,"LENGTH_KM":1.7,"CATCH_SKM":13.12,"DIS_AV_CMS":0.0,"ORD_STRA":1,"ORD_FLOW":10},"geometry":{"type":"LineString","coordinates":[[54.799999999998704,22.168749999999854],[54.789583333332075,22.168749999999854],[54.78541666666541,22.16458333333319]]}},{"type":"Feature","properties":{"HYRIV_ID":20883203,"NEXT_DOWN":20883414,"MAIN_RIV":20887902,"LENGTH_KM":1.73,"CATCH_SKM":4.9699998,"DIS_AV_CMS":0.0,"ORD_STRA":5,"ORD_FLOW":10},"geometry":{"type":"LineString","coordinates":[[55.36041666666537,22.172916666666502],[55.36041666666537,22.168749999999854],[55.368749999998755,22.160416666666528]]}},{"type":"Feature","properties":{"HYRIV_ID":20883204,"NEXT_DOWN":20883414,"MAIN_RIV":20887902,"LENGTH_KM":3.07,"CATCH_SKM":15.9,"DIS_AV_CMS":0.001,"ORD_STRA":1,"ORD_FLOW":9},"geometry":{"type":"LineString","coordinates":[[55.3916666666654,22.16249999999986],[55.38541666666541,22.168749999999854],[55.381249999998744,22.168749999999854],[55.37708333333208,22.16458333333319],[55.37291666666542,22.16458333333319],[55.368749999998755,22.160416666666528]]}},{"type":"Feature","properties":{"HYRIV_ID":20883235,"NEXT_DOWN":20883269,"MAIN_RIV":20892193,"LENGTH_KM":8.3900003,"CATCH_SKM":30.219999,"DIS_AV_CMS":0.0,"ORD_STRA":1,"ORD_FLOW":10},"geometry":{"type":"LineString","coordinates":[[54.64583333333209,22.160416666666528],[54.614583333332064,22.160416666666528],[54.61041666666543,22.156249999999865],[54.60624999999877,22.156249999999865],[54.59791666666544,22.16458333333319],[54.585416666665395,22.16458333333319],[54.58124999999873,22.168749999999854],[54.58124999999873,22.177083333333165]]}},{"type":"Feature","properties":{"HYRIV_ID":20883267,"NEXT_DOWN":20883380,"MAIN_RIV":20892193,"LENGTH_KM":18.1,"CATCH_SKM":53.470001,"DIS_AV_CMS":0.0,"ORD_STRA":4,"ORD_FLOW":10},"geometry":{"type":"LineString","coordinates":[[54.214583333332115,22.197916666666494],[54.24374999999873,22.197916666666494],[54.24791666666536,22.193749999999845],[54.272916666665424,22.193749999999845],[54.28124999999872,22.18541666666652],[54.32291666666541,22.18541666666652],[54.33541666666545,22.172916666666502],[54.34374999999878,22.172916666666502],[54.3604166666654,22.156249999999865],[54.36458333333215,22.156249999999865],[54.36874999999873,22.152083333333174]]}},{"type":"Feature","properties":{"HYRIV_ID":20883268,"NEXT_DOWN":20883516,"MAIN_RIV":20892193,"LENGTH_KM":1.74,"CATCH_SKM":12.92,"DIS_AV_CMS":0.0,"ORD_STRA":1,"ORD_FLOW":10},"geometry":{"type":"LineString","coordinates":[[54.48333333333207,22.160416666666528],[54.489583333332064,22.160416666666528],[54.49374999999873,22.156249999999865],[54.49374999999873,22.152083333333174]]}},{"type":"Feature","properties":{"HYRIV_ID":20883269,"NEXT_DOWN":20883516,"MAIN_RIV":20892193,"LENGTH_KM":11.29,"CATCH_SKM":35.580002,"DIS_AV_CMS":0.0,"ORD_STRA":2,"ORD_FLOW":10},"geometry":{"type":"LineString","coordinates":[[54.58124999999873,22.177083333333165],[54.57291666666541,22.177083333333165],[54.568749999998744,22.172916666666502],[54.56041666666542,22.172916666666502],[54.55624999999878,22.177083333333165],[54.55208333333212,22.177083333333165],[54.54791666666546,22.18124999999987],[54.51874999999876,22.18124999999987],[54.5145833333321,22.177083333333165],[54.5145833333321,22.172916666666502],[54.49374999999873,22.152083333333174]]}},{"type":"Feature","properties":{"HYRIV_ID":20883303,"NEXT_DOWN":20883473,"MAIN_RIV":20892193,"LENGTH_KM":5.6799998,"CATCH_SKM":21.67,"DIS_AV_CMS":0.0,"ORD_STRA":3,"ORD_FLOW":10},"geometry":{"type":"LineString","coordinates":[[54.10624999999874,22.18541666666652],[54.14374999999873,22.14791666666651]]}},{"type":"Feature","properties":{"HYRIV_ID":20883304,"NEXT_DOWN":20883473,"MAIN_RIV":20892193,"LENGTH_KM":10.46,"CATCH_SKM":39.16,"DIS_AV_CMS":0.0,"ORD_STRA":1,"ORD_FLOW":10},"geometry":{"type":"LineString","coordinates":[[54.23749999999873,22.16458333333319],[54.21041666666545,22.16458333333319],[54.20624999999879,22.160416666666528],[54.18541666666542,22.160416666666528],[54.17708333333209,22.152083333333174],[54.15208333333206,22.152083333333174],[54.147916666665395,22.14791666666651],[54.14374999999873,22.14791666666651]]}},{"type":"Feature","properties":{"HYRIV_ID":20883305,"NEXT_DOWN":20883552,"MAIN_RIV":20887902,"LENGTH_KM":18.59,"CATCH_SKM":38.959999,"DIS_AV_CMS":0.0,"ORD_STRA":2,"ORD_FLOW":10},"geometry":{"type":"LineString","coordinates":[[55.08124999999876,22.172916666666502],[55.085416666665395,22.177083333333165],[55.131249999998744,22.177083333333165],[55.13541666666538,22.18124999999987],[55.177083333332064,22.18124999999987],[55.197916666665435,22.160416666666528],[55.23124999999871,22.160416666666528],[55.23541666666537,22.156249999999865],[55.23541666666537,22.152083333333174],[55.23958333333209,22.14791666666651]]}},{"type":"Feature","properties":{"HYRIV_ID":20883336,"NEXT_DOWN":20883380,"MAIN_RIV":20892193,"LENGTH_KM":6.3800001,"CATCH_SKM":24.25,"DIS_AV_CMS":0.0,"ORD_STRA":1,"ORD_FLOW":10},"geometry":{"type":"LineString","coordinates":[[54.31666666666541,22.156249999999865],[54.331249999998704,22.156249999999865],[54.34374999999878,22.143749999999848],[54.3604166666654,22.143749999999848],[54.36874999999873,22.152083333333174]]}},{"type":"Feature","properties":{"HYRIV_ID":20883379,"NEXT_DOWN":20883472,"MAIN_RIV":20892193,"LENGTH_KM":21.51,"CATCH_SKM":67.389999,"DIS_AV_CMS":0.0,"ORD_STRA":1,"ORD_FLOW":10},"geometry":{"type":"LineString","coordinates":[[53.962499999998755,22.206249999999862],[53.98124999999874,22.206249999999862],[53.989583333332035,22.197916666666494],[53.989583333332035,22.172916666666502],[53.997916666665446,22.16458333333319],[54.00208333333211,22.16458333333319],[54.00624999999877,22.168749999999854],[54.01874999999873,22.168749999999854],[54.022916666665395,22.16458333333319],[54.039583333332104,22.16458333333319],[54.04791666666543,22.172916666666502],[54.07291666666546,22.172916666666502],[54.077083333332126,22.168749999999854],[54.08541666666545,22.168749999999854],[54.1104166666654,22.143749999999848],[54.1104166666654,22.1395833333332]]}},{"type":"Feature","properties":{"HYRIV_ID":20883380,"NEXT_DOWN":20883586,"MAIN_RIV":20892193,"LENGTH_KM":3.1800001,"CATCH_SKM":5.37,"DIS_AV_CMS":0.0,"ORD_STRA":4,"ORD_FLOW":10},"geometry":{"type":"LineString","coordinates":[[54.36874999999873,22.152083333333174],[54.37291666666539,22.14791666666651],[54.385416666665435,22.14791666666651],[54.39374999999876,22.1395833333332]]}},{"type":"Feature","properties":{"HYRIV_ID":20883381,"NEXT_DOWN":20883586,"MAIN_RIV":20892193,"LENGTH_KM":1.11,"CATCH_SKM":11.33,"DIS_AV_CMS":0.0,"ORD_STRA":1,"ORD_FLOW":10},"geometry":{"type":"LineString","coordinates":[[54.399999999998755,22.143749999999848],[54.39374999999876,22.143749999999848],[54.39374999999876,22.1395833333332]]}},{"type":"Feature","properties":{"HYRIV_ID":20883382,"NEXT_DOWN":20883593,"MAIN_RIV":20887902,"LENGTH_KM":36.200001,"CATCH_SKM":109.26,"DIS_AV_CMS":0.013,"ORD_STRA":2,"ORD_FLOW":8},"geometry":{"type":"LineString","coordinates":[[55.61874999999878,22.335416666666525],[55.61874999999878,22.33124999999982],[55.614583333332035,22.327083333333157],[55.61041666666537,22.327083333333157],[55.60624999999871,22.33124999999982],[55.59374999999875,22.33124999999982],[55.58958333333209,22.327083333333157],[55.585416666665424,22.33124999999982],[55.581249999998676,22.327083333333157],[55.581249999998676,22.322916666666508],[55.585416666665424,22.318749999999845],[55.585416666665424,22.314583333333182],[55.57708333333204,22.306249999999828],[55.56041666666539,22.306249999999828],[55.55624999999873,22.302083333333165],[55.55624999999873,22.293749999999854],[55.54791666666543,22.285416666666542],[55.54374999999877,22.285416666666542],[55.539583333332104,22.281249999999837],[55.539583333332104,22.277083333333174],[55.51041666666541,22.24791666666652],[55.51041666666541,22.231249999999854],[55.51458333333207,22.22708333333319],[55.506249999998744,22.21874999999988],[55.50208333333208,22.21874999999988],[55.48541666666537,22.202083333333157],[55.48124999999871,22.202083333333157],[55.47708333333205,22.197916666666494],[55.46874999999875,22.197916666666494],[55.460416666665424,22.189583333333182],[55.45624999999876,22.189583333333182],[55.44791666666535,22.18124999999987],[55.43958333333205,22.18124999999987],[55.43958333333205,22.177083333333165],[55.43541666666539,22.172916666666502],[55.43541666666539,22.16458333333319],[55.43124999999873,22.160416666666528],[55.43124999999873,22.143749999999848],[55.43541666666539,22.1395833333332]]}},{"type":"Feature","properties":{"HYRIV_ID":20883383,"NEXT_DOWN":20883593,"MAIN_RIV":20887902,"LENGTH_KM":19.889999,"CATCH_SKM":83.489998,"DIS_AV_CMS":0.052,"ORD_STRA":2,"ORD_FLOW":8},"geometry":{"type":"LineString","coordinates":[[55.568749999998715,22.222916666666485],[55.568749999998715,22.21874999999988],[55.56458333333205,22.214583333333174],[55.56458333333205,22.21041666666651],[55.56041666666539,22.206249999999862],[55.56041666666539,22.202083333333157],[55.552083333332064,22.193749999999845],[55.54791666666543,22.193749999999845],[55.54374999999877,22.189583333333182],[55.53541666666544,22.189583333333182],[55.52708333333203,22.18124999999987],[55.522916666665395,22.18124999999987],[55.51874999999873,22.177083333333165],[55.51874999999873,22.172916666666502],[55.51041666666541,22.172916666666502],[55.506249999998744,22.168749999999854],[55.506249999998744,22.16458333333319],[55.50208333333208,22.160416666666528],[55.48541666666537,22.160416666666528],[55.48124999999871,22.156249999999865],[55.47708333333205,22.156249999999865],[55.472916666665384,22.152083333333174],[55.46874999999875,22.152083333333174],[55.460416666665424,22.143749999999848],[55.45624999999876,22.14791666666651],[55.45208333333201,22.143749999999848],[55.44791666666535,22.14791666666651],[55.43958333333205,22.1395833333332],[55.43541666666539,22.1395833333332]]}},{"type":"Feature","properties":{"HYRIV_ID":20883413,"NEXT_DOWN":20883552,"MAIN_RIV":20887902,"LENGTH_KM":19.719999,"CATCH_SKM":38.369999,"DIS_AV_CMS":0.0,"ORD_STRA":2,"ORD_FLOW":10},"geometry":{"type":"LineString","coordinates":[[55.08124999999876,22.135416666666494],[55.08124999999876,22.14791666666651],[55.08958333333206,22.156249999999865],[55.13541666666538,22.156249999999865],[55.13958333333204,22.152083333333174],[55.14374999999879,22.152083333333174],[55.152083333332115,22.160416666666528],[55.1729166666654,22.160416666666528],[55.177083333332064,22.156249999999865],[55.18541666666539,22.156249999999865],[55.189583333332024,22.152083333333174],[55.197916666665435,22.152083333333174],[55.2020833333321,22.14791666666651],[55.21458333333206,22.14791666666651],[55.21874999999872,22.143749999999848],[55.23124999999871,22.143749999999848],[55.23541666666537,22.14791666666651],[55.23958333333209,22.14791666666651]]}},{"type":"Feature","properties":{"HYRIV_ID":20883414,"NEXT_DOWN":20883592,"MAIN_RIV":20887902,"LENGTH_KM":3.62,"CATCH_SKM":11.53,"DIS_AV_CMS":0.0,"ORD_STRA":5,"ORD_FLOW":10},"geometry":{"type":"LineString","coordinates":[[55.368749999998755,22.160416666666528],[55.368749999998755,22.156249999999865],[55.38958333333207,22.135416666666494]]}},{"type":"Feature","properties":{"HYRIV_ID":20883437,"NEXT_DOWN":20883413,"MAIN_RIV":20887902,"LENGTH_KM":1.06,"CATCH_SKM":1.79,"DIS_AV_CMS":0.0,"ORD_STRA":2,"ORD_FLOW":10},"geometry":{"type":"LineString","coordinates":[[55.072916666665435,22.13124999999983],[55.0770833333321,22.13124999999983],[55.08124999999876,22.135416666666494]]}},{"type":"Feature","properties":{"HYRIV_ID":20883438,"NEXT_DOWN":20883413,"MAIN_RIV":20887902,"LENGTH_KM":2.77,"CATCH_SKM":17.700001,"DIS_AV_CMS":0.001,"ORD_STRA":1,"ORD_FLOW":9},"geometry":{"type":"LineString","coordinates":[[55.10416666666538,22.135416666666494],[55.097916666665384,22.135416666666494],[55.09374999999872,22.13124999999983],[55.085416666665395,22.13124999999983],[55.08124999999876,22.135416666666494]]}},{"type":"Feature","properties":{"HYRIV_ID":20883472,"NEXT_DOWN":20883515,"MAIN_RIV":20892193,"LENGTH_KM":4.4699998,"CATCH_SKM":8.75,"DIS_AV_CMS":0.0,"ORD_STRA":4,"ORD_FLOW":10},"geometry":{"type":"LineString","coordinates":[[54.1104166666654,22.1395833333332],[54.114583333332064,22.1395833333332],[54.12708333333211,22.127083333333182],[54.147916666665395,22.127083333333182]]}},{"type":"Feature","properties":{"HYRIV_ID":20883473,"NEXT_DOWN":20883515,"MAIN_RIV":20892193,"LENGTH_KM":2.82,"CATCH_SKM":4.1700001,"DIS_AV_CMS":0.0,"ORD_STRA":3,"ORD_FLOW":10},"geometry":{"type":"LineString","coordinates":[[54.14374999999873,22.14791666666651],[54.15208333333206,22.1395833333332],[54.147916666665395,22.135416666666494],[54.147916666665395,22.127083333333182]]}},{"type":"Feature","properties":{"HYRIV_ID":20883474,"NEXT_DOWN":20883588,"MAIN_RIV":20892193,"LENGTH_KM":1.0700001,"CATCH_SKM":12.53,"DIS_AV_CMS":0.0,"ORD_STRA":1,"ORD_FLOW":10},"geometry":{"type":"LineString","coordinates":[[54.74583333333206,22.127083333333182],[54.756249999998715,22.127083333333182]]}},{"type":"Feature","properties":{"HYRIV_ID":20883475,"NEXT_DOWN":20883588,"MAIN_RIV":20892193,"LENGTH_KM":5.6100001,"CATCH_SKM":19.290001,"DIS_AV_CMS":0.0,"ORD_STRA":2,"ORD_FLOW":10},"geometry":{"type":"LineString","coordinates":[[54.78541666666541,22.16458333333319],[54.78541666666541,22.156249999999865],[54.78124999999875,22.152083333333174],[54.77708333333209,22.152083333333174],[54.756249999998715,22.13124999999983],[54.756249999998715,22.127083333333182]]}},{"type":"Feature","properties":{"HYRIV_ID":20883476,"NEXT_DOWN":20883203,"MAIN_RIV":20887902,"LENGTH_KM":54.75,"CATCH_SKM":147.69,"DIS_AV_CMS":0.0,"ORD_STRA":1,"ORD_FLOW":10},"geometry":{"type":"LineString","coordinates":[[54.899999999998755,22.127083333333182],[54.90624999999875,22.127083333333182],[54.91041666666541,22.13124999999983],[54.91874999999874,22.13124999999983],[54.927083333332035,22.1395833333332],[54.9312499999987,22.1395833333332],[54.935416666665446,22.143749999999848],[54.947916666665435,22.143749999999848],[54.972916666665384,22.168749999999854],[54.98541666666543,22.168749999999854],[54.993749999998755,22.177083333333165],[54.99791666666542,22.177083333333165],[55.00208333333208,22.18124999999987],[55.00208333333208,22.18541666666652],[55.01041666666538,22.193749999999845],[55.01874999999879,22.193749999999845],[55.02291666666545,22.197916666666494],[55.12708333333208,22.197916666666494],[55.13541666666538,22.206249999999862],[55.15624999999878,22.206249999999862],[55.164583333332075,22.197916666666494],[55.1729166666654,22.197916666666494],[55.177083333332064,22.193749999999845],[55.197916666665435,22.193749999999845],[55.2020833333321,22.197916666666494],[55.20624999999876,22.197916666666494],[55.210416666665424,22.193749999999845],[55.21874999999872,22.193749999999845],[55.222916666665384,22.189583333333182],[55.22708333333205,22.189583333333182],[55.23124999999871,22.18541666666652],[55.26041666666541,22.18541666666652],[55.26458333333204,22.189583333333182],[55.277083333332115,22.189583333333182],[55.28124999999878,22.18541666666652],[55.289583333332104,22.18541666666652],[55.29374999999874,22.18124999999987],[55.30624999999873,22.18124999999987],[55.31458333333205,22.172916666666502],[55.32291666666535,22.172916666666502],[55.3270833333321,22.177083333333165],[55.33124999999876,22.177083333333165],[55.335416666665424,22.172916666666502],[55.34374999999872,22.172916666666502],[55.347916666665384,22.177083333333165],[55.35208333333205,22.172916666666502],[55.36041666666537,22.172916666666502]]}},{"type":"Feature","properties":{"HYRIV_ID":20883512,"NEXT_DOWN":20883513,"MAIN_RIV":20892193,"LENGTH_KM":14.27,"CATCH_SKM":36.380001,"DIS_AV_CMS":0.0,"ORD_STRA":4,"ORD_FLOW":10},"geometry":{"type":"LineString","coordinates":[[53.960416666665424,22.143749999999848],[54.00208333333211,22.143749999999848],[54.00624999999877,22.14791666666651],[54.010416666665435,22.14791666666651],[54.01458333333207,22.143749999999848],[54.01874999999873,22.14791666666651],[54.039583333332104,22.14791666666651],[54.04374999999877,22.143749999999848],[54.056249999998755,22.143749999999848],[54.06041666666542,22.1395833333332],[54.06458333333205,22.1395833333332],[54.08124999999879,22.12291666666652]]}},{"type":"Feature","properties":{"HYRIV_ID":20883513,"NEXT_DOWN":20883514,"MAIN_RIV":20892193,"LENGTH_KM":1.29,"CATCH_SKM":1.39,"DIS_AV_CMS":0.0,"ORD_STRA":4,"ORD_FLOW":10},"geometry":{"type":"LineString","coordinates":[[54.08124999999879,22.12291666666652],[54.09374999999875,22.12291666666652]]}},{"type":"Feature","properties":{"HYRIV_ID":20883514,"NEXT_DOWN":20883472,"MAIN_RIV":20892193,"LENGTH_KM":2.53,"CATCH_SKM":7.3600001,"DIS_AV_CMS":0.0,"ORD_STRA":4,"ORD_FLOW":10},"geometry":{"type":"LineString","coordinates":[[54.09374999999875,22.12291666666652],[54.1104166666654,22.1395833333332]]}},{"type":"Feature","properties":{"HYRIV_ID":20883515,"NEXT_DOWN":20883585,"MAIN_RIV":20892193,"LENGTH_KM":11.79,"CATCH_SKM":32.810001,"DIS_AV_CMS":0.0,"ORD_STRA":4,"ORD_FLOW":10},"geometry":{"type":"LineString","coordinates":[[54.147916666665395,22.127083333333182],[54.15208333333206,22.12291666666652],[54.260416666665435,22.12291666666652]]}},{"type":"Feature","properties":{"HYRIV_ID":20883516,"NEXT_DOWN":20883587,"MAIN_RIV":20892193,"LENGTH_KM":16.0,"CATCH_SKM":48.91,"DIS_AV_CMS":0.0,"ORD_STRA":2,"ORD_FLOW":10},"geometry":{"type":"LineString","coordinates":[[54.49374999999873,22.152083333333174],[54.49374999999873,22.14791666666651],[54.49791666666539,22.143749999999848],[54.49791666666539,22.13124999999983],[54.50208333333205,22.127083333333182],[54.510416666665435,22.127083333333182],[54.5145833333321,22.13124999999983],[54.53124999999875,22.13124999999983],[54.535416666665384,22.135416666666494],[54.543749999998795,22.135416666666494],[54.55208333333212,22.143749999999848],[54.55624999999878,22.143749999999848],[54.56041666666542,22.14791666666651],[54.585416666665395,22.14791666666651],[54.58958333333203,22.143749999999848],[54.58958333333203,22.1395833333332],[54.59374999999878,22.135416666666494],[54.59374999999878,22.127083333333182],[54.59791666666544,22.12291666666652]]}},{"type":"Feature","properties":{"HYRIV_ID":20883517,"NEXT_DOWN":20883587,"MAIN_RIV":20892193,"LENGTH_KM":14.67,"CATCH_SKM":39.57,"DIS_AV_CMS":0.0,"ORD_STRA":3,"ORD_FLOW":10},"geometry":{"type":"LineString","coordinates":[[54.71874999999869,22.168749999999854],[54.710416666665395,22.168749999999854],[54.693749999998744,22.152083333333174],[54.685416666665446,22.152083333333174],[54.668749999998795,22.135416666666494],[54.61874999999873,22.135416666666494],[54.60624999999877,22.12291666666652],[54.59791666666544,22.12291666666652]]}},{"type":"Feature","properties":{"HYRIV_ID":20883550,"NEXT_DOWN":20883514,"MAIN_RIV":20892193,"LENGTH_KM":1.38,"CATCH_SKM":12.73,"DIS_AV_CMS":0.0,"ORD_STRA":1,"ORD_FLOW":10},"geometry":{"type":"LineString","coordinates":[[54.10416666666541,22.116666666666525],[54.09791666666541,22.12291666666652],[54.09374999999875,22.12291666666652]]}},{"type":"Feature","properties":{"HYRIV_ID":20883551,"NEXT_DOWN":20883517,"MAIN_RIV":20892193,"LENGTH_KM":13.89,"CATCH_SKM":44.540001,"DIS_AV_CMS":0.0,"ORD_STRA":1,"ORD_FLOW":10},"geometry":{"type":"LineString","coordinates":[[54.662499999998744,22.118749999999856],[54.67708333333212,22.118749999999856],[54.685416666665446,22.127083333333182],[54.68958333333211,22.127083333333182],[54.70208333333207,22.1395833333332],[54.70624999999873,22.1395833333332],[54.710416666665395,22.143749999999848],[54.71874999999869,22.143749999999848],[54.722916666665355,22.14791666666651],[54.73541666666543,22.14791666666651],[54.74374999999873,22.156249999999865],[54.74374999999873,22.16458333333319],[54.722916666665355,22.16458333333319],[54.71874999999869,22.168749999999854]]}},{"type":"Feature","properties":{"HYRIV_ID":20883552,"NEXT_DOWN":20883592,"MAIN_RIV":20887902,"LENGTH_KM":18.75,"CATCH_SKM":73.959999,"DIS_AV_CMS":0.0,"ORD_STRA":3,"ORD_FLOW":10},"geometry":{"type":"LineString","coordinates":[[55.23958333333209,22.14791666666651],[55.24791666666542,22.156249999999865],[55.256249999998744,22.156249999999865],[55.26041666666541,22.152083333333174],[55.277083333332115,22.152083333333174],[55.28124999999878,22.14791666666651],[55.28541666666544,22.14791666666651],[55.289583333332104,22.143749999999848],[55.31458333333205,22.143749999999848],[55.31874999999869,22.1395833333332],[55.33958333333209,22.1395833333332],[55.347916666665384,22.13124999999983],[55.35208333333205,22.13124999999983],[55.35624999999871,22.127083333333182],[55.36458333333212,22.127083333333182],[55.37291666666542,22.118749999999856],[55.381249999998744,22.127083333333182],[55.38541666666541,22.127083333333182],[55.38958333333207,22.13124999999983],[55.38958333333207,22.135416666666494]]}},{"type":"Feature","properties":{"HYRIV_ID":20883585,"NEXT_DOWN":20883882,"MAIN_RIV":20892193,"LENGTH_KM":15.78,"CATCH_SKM":50.310001,"DIS_AV_CMS":0.0,"ORD_STRA":4,"ORD_FLOW":10},"geometry":{"type":"LineString","coordinates":[[54.260416666665435,22.12291666666652],[54.28958333333213,22.12291666666652],[54.293749999998795,22.127083333333182],[54.29791666666546,22.127083333333182],[54.30208333333209,22.13124999999983],[54.306249999998755,22.13124999999983],[54.31041666666542,22.135416666666494],[54.318749999998744,22.135416666666494],[54.331249999998704,22.12291666666652],[54.36874999999873,22.12291666666652],[54.37291666666539,22.118749999999856],[54.39374999999876,22.118749999999856],[54.397916666665424,22.114583333333208]]}},{"type":"Feature","properties":{"HYRIV_ID":20883586,"NEXT_DOWN":20883882,"MAIN_RIV":20892193,"LENGTH_KM":3.29,"CATCH_SKM":4.77,"DIS_AV_CMS":0.0,"ORD_STRA":4,"ORD_FLOW":10},"geometry":{"type":"LineString","coordinates":[[54.39374999999876,22.1395833333332],[54.40208333333209,22.13124999999983],[54.397916666665424,22.127083333333182],[54.397916666665424,22.114583333333208]]}},{"type":"Feature","properties":{"HYRIV_ID":20883587,"NEXT_DOWN":20884203,"MAIN_RIV":20892193,"LENGTH_KM":2.12,"CATCH_SKM":2.98,"DIS_AV_CMS":0.0,"ORD_STRA":3,"ORD_FLOW":10},"geometry":{"type":"LineString","coordinates":[[54.59791666666544,22.12291666666652],[54.59374999999878,22.118749999999856],[54.585416666665395,22.118749999999856],[54.58124999999873,22.114583333333208]]}},{"type":"Feature","properties":{"HYRIV_ID":20883588,"NEXT_DOWN":20883661,"MAIN_RIV":20892193,"LENGTH_KM":3.61,"CATCH_SKM":6.1599998,"DIS_AV_CMS":0.0,"ORD_STRA":2,"ORD_FLOW":10},"geometry":{"type":"LineString","coordinates":[[54.756249999998715,22.127083333333182],[54.76041666666546,22.12291666666652],[54.77708333333209,22.12291666666652],[54.78541666666541,22.114583333333208]]}},{"type":"Feature","properties":{"HYRIV_ID":20883589,"NEXT_DOWN":20883661,"MAIN_RIV":20892193,"LENGTH_KM":15.35,"CATCH_SKM":55.669998,"DIS_AV_CMS":0.0,"ORD_STRA":1,"ORD_FLOW":10},"geometry":{"type":"LineString","coordinates":[[54.90833333333208,22.16458333333319],[54.90208333333209,22.16458333333319],[54.89791666666545,22.160416666666528],[54.881249999998715,22.160416666666528],[54.87708333333205,22.156249999999865],[54.85624999999877,22.156249999999865],[54.84374999999872,22.143749999999848],[54.83124999999873,22.143749999999848],[54.82708333333207,22.1395833333332],[54.82291666666541,22.1395833333332],[54.81874999999877,22.135416666666494],[54.81458333333211,22.135416666666494],[54.80624999999878,22.127083333333182],[54.79374999999874,22.127083333333182],[54.78541666666541,22.118749999999856],[54.78541666666541,22.114583333333208]]}},{"type":"Feature","properties":{"HYRIV_ID":20883590,"NEXT_DOWN":20883437,"MAIN_RIV":20887902,"LENGTH_KM":2.34,"CATCH_SKM":13.72,"DIS_AV_CMS":0.0,"ORD_STRA":1,"ORD_FLOW":10},"geometry":{"type":"LineString","coordinates":[[55.06666666666544,22.112499999999834],[55.072916666665435,22.118749999999856],[55.072916666665435,22.13124999999983]]}},{"type":"Feature","properties":{"HYRIV_ID":20883591,"NEXT_DOWN":20884485,"MAIN_RIV":20887902,"LENGTH_KM":11.93,"CATCH_SKM":41.959999,"DIS_AV_CMS":0.001,"ORD_STRA":1,"ORD_FLOW":9},"geometry":{"type":"LineString","coordinates":[[55.17083333333207,22.135416666666494],[55.18541666666539,22.135416666666494],[55.189583333332024,22.13124999999983],[55.21458333333206,22.13124999999983],[55.21874999999872,22.127083333333182],[55.222916666665384,22.127083333333182],[55.22708333333205,22.12291666666652],[55.23124999999871,22.12291666666652],[55.23958333333209,22.114583333333208],[55.24791666666542,22.114583333333208],[55.25208333333208,22.118749999999856],[55.268749999998704,22.118749999999856],[55.27291666666545,22.114583333333208]]}},{"type":"Feature","properties":{"HYRIV_ID":20883592,"NEXT_DOWN":20884452,"MAIN_RIV":20887902,"LENGTH_KM":3.59,"CATCH_SKM":14.12,"DIS_AV_CMS":0.0,"ORD_STRA":5,"ORD_FLOW":10},"geometry":{"type":"LineString","coordinates":[[55.38958333333207,22.135416666666494],[55.41041666666544,22.114583333333208],[55.414583333332104,22.114583333333208]]}},{"type":"Feature","properties":{"HYRIV_ID":20883593,"NEXT_DOWN":20884452,"MAIN_RIV":20887902,"LENGTH_KM":3.62,"CATCH_SKM":14.51,"DIS_AV_CMS":0.049,"ORD_STRA":3,"ORD_FLOW":8},"geometry":{"type":"LineString","coordinates":[[55.43541666666539,22.1395833333332],[55.41874999999877,22.12291666666652],[55.41874999999877,22.118749999999856],[55.414583333332104,22.114583333333208]]}},{"type":"Feature","properties":{"HYRIV_ID":20883660,"NEXT_DOWN":20883513,"MAIN_RIV":20892193,"LENGTH_KM":5.58,"CATCH_SKM":23.07,"DIS_AV_CMS":0.0,"ORD_STRA":1,"ORD_FLOW":10},"geometry":{"type":"LineString","coordinates":[[54.0374999999988,22.10624999999984],[54.068749999998715,22.10624999999984],[54.08124999999879,22.118749999999856],[54.08124999999879,22.12291666666652]]}},{"type":"Feature","properties":{"HYRIV_ID":20883661,"NEXT_DOWN":20883884,"MAIN_RIV":20892193,"LENGTH_KM":1.26,"CATCH_SKM":1.1900001,"DIS_AV_CMS":0.0,"ORD_STRA":2,"ORD_FLOW":10},"geometry":{"type":"LineString","coordinates":[[54.78541666666541,22.114583333333208],[54.77708333333209,22.10624999999984]]}},{"type":"Feature","properties":{"HYRIV_ID":20883662,"NEXT_DOWN":20883884,"MAIN_RIV":20892193,"LENGTH_KM":3.4200001,"CATCH_SKM":17.1,"DIS_AV_CMS":0.0,"ORD_STRA":1,"ORD_FLOW":10},"geometry":{"type":"LineString","coordinates":[[54.808333333332115,22.110416666666502],[54.79374999999874,22.110416666666502],[54.789583333332075,22.10624999999984],[54.77708333333209,22.10624999999984]]}},{"type":"Feature","properties":{"HYRIV_ID":20883708,"NEXT_DOWN":20883709,"MAIN_RIV":20887902,"LENGTH_KM":3.0,"CATCH_SKM":21.280001,"DIS_AV_CMS":0.0,"ORD_STRA":1,"ORD_FLOW":10},"geometry":{"type":"LineString","coordinates":[[54.912499999998744,22.10208333333319],[54.91874999999874,22.10208333333319],[54.927083333332035,22.110416666666502],[54.9312499999987,22.10624999999984],[54.9312499999987,22.10208333333319]]}},{"type":"Feature","properties":{"HYRIV_ID":20883709,"NEXT_DOWN":20883305,"MAIN_RIV":20887902,"LENGTH_KM":19.3,"CATCH_SKM":41.360001,"DIS_AV_CMS":0.0,"ORD_STRA":2,"ORD_FLOW":10},"geometry":{"type":"LineString","coordinates":[[54.9312499999987,22.10208333333319],[54.94374999999877,22.10208333333319],[54.95208333333207,22.110416666666502],[54.96458333333206,22.110416666666502],[54.98541666666543,22.13124999999983],[54.993749999998755,22.13124999999983],[55.00208333333208,22.1395833333332],[55.006249999998715,22.1395833333332],[55.01041666666538,22.143749999999848],[55.014583333332126,22.143749999999848],[55.02291666666545,22.152083333333174],[55.03124999999875,22.152083333333174],[55.03541666666541,22.14791666666651],[55.0562499999987,22.14791666666651],[55.08124999999876,22.172916666666502]]}},{"type":"Feature","properties":{"HYRIV_ID":20883748,"NEXT_DOWN":20883585,"MAIN_RIV":20892193,"LENGTH_KM":4.9099998,"CATCH_SKM":7.56,"DIS_AV_CMS":0.0,"ORD_STRA":3,"ORD_FLOW":10},"geometry":{"type":"LineString","coordinates":[[54.227083333332075,22.097916666666485],[54.24374999999873,22.114583333333208],[54.25624999999877,22.114583333333208],[54.260416666665435,22.118749999999856],[54.260416666665435,22.12291666666652]]}},{"type":"Feature","properties":{"HYRIV_ID":20883795,"NEXT_DOWN":20883437,"MAIN_RIV":20887902,"LENGTH_KM":12.6,"CATCH_SKM":38.18,"DIS_AV_CMS":0.0,"ORD_STRA":1,"ORD_FLOW":10},"geometry":{"type":"LineString","coordinates":[[54.97083333333205,22.093749999999865],[54.97708333333205,22.093749999999865],[54.98541666666543,22.10208333333319],[54.98958333333209,22.10208333333319],[54.98958333333209,22.10624999999984],[55.006249999998715,22.12291666666652],[55.027083333332115,22.12291666666652],[55.03541666666541,22.13124999999983],[55.072916666665435,22.13124999999983]]}},{"type":"Feature","properties":{"HYRIV_ID":20883839,"NEXT_DOWN":20884203,"MAIN_RIV":20892193,"LENGTH_KM":9.2799997,"CATCH_SKM":37.990002,"DIS_AV_CMS":0.0,"ORD_STRA":1,"ORD_FLOW":10},"geometry":{"type":"LineString","coordinates":[[54.52708333333209,22.087499999999842],[54.52708333333209,22.097916666666485],[54.543749999998795,22.114583333333208],[54.543749999998795,22.118749999999856],[54.55208333333212,22.127083333333182],[54.568749999998744,22.127083333333182],[54.57291666666541,22.12291666666652],[54.57708333333207,22.12291666666652],[54.58124999999873,22.118749999999856],[54.58124999999873,22.114583333333208]]}},{"type":"Feature","properties":{"HYRIV_ID":20883882,"NEXT_DOWN":20883922,"MAIN_RIV":20892193,"LENGTH_KM":5.9699998,"CATCH_SKM":21.48,"DIS_AV_CMS":0.0,"ORD_STRA":5,"ORD_FLOW":10},"geometry":{"type":"LineString","coordinates":[[54.397916666665424,22.114583333333208],[54.40208333333209,22.110416666666502],[54.41041666666547,22.110416666666502],[54.42291666666546,22.097916666666485],[54.42291666666546,22.093749999999865],[54.431249999998755,22.08541666666651],[54.43958333333208,22.08541666666651]]}},{"type":"Feature","properties":{"HYRIV_ID":20883883,"NEXT_DOWN":20883922,"MAIN_RIV":20892193,"LENGTH_KM":4.54,"CATCH_SKM":20.48,"DIS_AV_CMS":0.0,"ORD_STRA":1,"ORD_FLOW":10},"geometry":{"type":"LineString","coordinates":[[54.44791666666541,22.120833333333188],[54.44791666666541,22.097916666666485],[54.443749999998744,22.093749999999865],[54.43958333333208,22.093749999999865],[54.43958333333208,22.08541666666651]]}},{"type":"Feature","properties":{"HYRIV_ID":20883884,"NEXT_DOWN":20884207,"MAIN_RIV":20892193,"LENGTH_KM":2.99,"CATCH_SKM":12.13,"DIS_AV_CMS":0.0,"ORD_STRA":2,"ORD_FLOW":10},"geometry":{"type":"LineString","coordinates":[[54.77708333333209,22.10624999999984],[54.764583333332126,22.093749999999865],[54.764583333332126,22.089583333333174],[54.76041666666546,22.08541666666651]]}},{"type":"Feature","properties":{"HYRIV_ID":20883885,"NEXT_DOWN":20883925,"MAIN_RIV":20887902,"LENGTH_KM":0.69,"CATCH_SKM":12.53,"DIS_AV_CMS":0.0,"ORD_STRA":1,"ORD_FLOW":10},"geometry":{"type":"LineString","coordinates":[[55.118749999998755,22.091666666666534],[55.118749999998755,22.08541666666651]]}},{"type":"Feature","properties":{"HYRIV_ID":20883886,"NEXT_DOWN":20884904,"MAIN_RIV":20887902,"LENGTH_KM":3.1800001,"CATCH_SKM":16.5,"DIS_AV_CMS":0.005,"ORD_STRA":1,"ORD_FLOW":9},"geometry":{"type":"LineString","coordinates":[[55.67291666666543,22.112499999999834],[55.67291666666543,22.097916666666485],[55.66874999999877,22.093749999999865],[55.66874999999877,22.08541666666651]]}},{"type":"Feature","properties":{"HYRIV_ID":20883920,"NEXT_DOWN":20883921,"MAIN_RIV":20892193,"LENGTH_KM":4.6700001,"CATCH_SKM":8.5500002,"DIS_AV_CMS":0.0,"ORD_STRA":2,"ORD_FLOW":10},"geometry":{"type":"LineString","coordinates":[[53.9854166666654,22.097916666666485],[53.989583333332035,22.093749999999865],[53.99374999999878,22.093749999999865],[53.997916666665446,22.089583333333174],[54.01458333333207,22.089583333333174],[54.022916666665395,22.081249999999848]]}},{"type":"Feature","properties":{"HYRIV_ID":20883921,"NEXT_DOWN":20883748,"MAIN_RIV":20892193,"LENGTH_KM":22.66,"CATCH_SKM":61.060001,"DIS_AV_CMS":0.0,"ORD_STRA":3,"ORD_FLOW":10},"geometry":{"type":"LineString","coordinates":[[54.022916666665395,22.081249999999848],[54.04791666666543,22.081249999999848],[54.05208333333209,22.08541666666651],[54.056249999998755,22.08541666666651],[54.06458333333205,22.093749999999865],[54.068749999998715,22.093749999999865],[54.077083333332126,22.08541666666651],[54.17291666666543,22.08541666666651],[54.17708333333209,22.089583333333174],[54.18541666666542,22.089583333333174],[54.193749999998744,22.097916666666485],[54.227083333332075,22.097916666666485]]}},{"type":"Feature","properties":{"HYRIV_ID":20883922,"NEXT_DOWN":20884375,"MAIN_RIV":20892193,"LENGTH_KM":3.6400001,"CATCH_SKM":10.54,"DIS_AV_CMS":0.0,"ORD_STRA":5,"ORD_FLOW":10},"geometry":{"type":"LineString","coordinates":[[54.43958333333208,22.08541666666651],[54.46874999999878,22.08541666666651],[54.47291666666544,22.081249999999848]]}},{"type":"Feature","properties":{"HYRIV_ID":20883923,"NEXT_DOWN":20884375,"MAIN_RIV":20892193,"LENGTH_KM":1.87,"CATCH_SKM":14.12,"DIS_AV_CMS":0.0,"ORD_STRA":1,"ORD_FLOW":10},"geometry":{"type":"LineString","coordinates":[[54.479166666665435,22.095833333333196],[54.47291666666544,22.089583333333174],[54.47291666666544,22.081249999999848]]}},{"type":"Feature","properties":{"HYRIV_ID":20883924,"NEXT_DOWN":20884207,"MAIN_RIV":20892193,"LENGTH_KM":10.75,"CATCH_SKM":32.220001,"DIS_AV_CMS":0.0,"ORD_STRA":1,"ORD_FLOW":10},"geometry":{"type":"LineString","coordinates":[[54.84999999999869,22.09999999999986],[54.84374999999872,22.093749999999865],[54.83958333333206,22.093749999999865],[54.83541666666548,22.089583333333174],[54.83124999999873,22.093749999999865],[54.81874999999877,22.093749999999865],[54.81458333333211,22.089583333333174],[54.80624999999878,22.089583333333174],[54.80208333333212,22.08541666666651],[54.772916666665424,22.08541666666651],[54.76874999999876,22.081249999999848],[54.764583333332126,22.081249999999848],[54.76041666666546,22.08541666666651]]}},{"type":"Feature","properties":{"HYRIV_ID":20883925,"NEXT_DOWN":20884485,"MAIN_RIV":20887902,"LENGTH_KM":19.18,"CATCH_SKM":44.950001,"DIS_AV_CMS":0.0,"ORD_STRA":2,"ORD_FLOW":10},"geometry":{"type":"LineString","coordinates":[[55.118749999998755,22.08541666666651],[55.12291666666542,22.081249999999848],[55.14374999999879,22.081249999999848],[55.14791666666545,22.08541666666651],[55.16041666666541,22.08541666666651],[55.164583333332075,22.089583333333174],[55.177083333332064,22.089583333333174],[55.19374999999877,22.10624999999984],[55.197916666665435,22.10624999999984],[55.2020833333321,22.110416666666502],[55.20624999999876,22.110416666666502],[55.210416666665424,22.114583333333208],[55.21458333333206,22.114583333333208],[55.21874999999872,22.110416666666502],[55.22708333333205,22.110416666666502],[55.23124999999871,22.10624999999984],[55.243749999998755,22.10624999999984],[55.24791666666542,22.10208333333319],[55.256249999998744,22.10208333333319],[55.26458333333204,22.110416666666502],[55.26458333333204,22.114583333333208],[55.27291666666545,22.114583333333208]]}},{"type":"Feature","properties":{"HYRIV_ID":20883926,"NEXT_DOWN":20884033,"MAIN_RIV":20887902,"LENGTH_KM":0.95,"CATCH_SKM":10.74,"DIS_AV_CMS":0.003,"ORD_STRA":1,"ORD_FLOW":9},"geometry":{"type":"LineString","coordinates":[[55.495833333332115,22.087499999999842],[55.50208333333208,22.081249999999848]]}},{"type":"Feature","properties":{"HYRIV_ID":20883927,"NEXT_DOWN":20884033,"MAIN_RIV":20887902,"LENGTH_KM":0.86,"CATCH_SKM":0.99,"DIS_AV_CMS":0.139,"ORD_STRA":5,"ORD_FLOW":7},"geometry":{"type":"LineString","coordinates":[[55.51041666666541,22.081249999999848],[55.50208333333208,22.081249999999848]]}},{"type":"Feature","properties":{"HYRIV_ID":20883928,"NEXT_DOWN":20883927,"MAIN_RIV":20887902,"LENGTH_KM":2.8800001,"CATCH_SKM":14.72,"DIS_AV_CMS":0.005,"ORD_STRA":1,"ORD_FLOW":9},"geometry":{"type":"LineString","coordinates":[[55.51874999999873,22.104166666666508],[55.51874999999873,22.093749999999865],[55.51041666666541,22.08541666666651],[55.51041666666541,22.081249999999848]]}},{"type":"Feature","properties":{"HYRIV_ID":20883929,"NEXT_DOWN":20883927,"MAIN_RIV":20887902,"LENGTH_KM":43.560001,"CATCH_SKM":194.34,"DIS_AV_CMS":0.156,"ORD_STRA":5,"ORD_FLOW":7},"geometry":{"type":"LineString","coordinates":[[55.739583333332035,22.360416666666517],[55.73541666666537,22.356249999999854],[55.73124999999874,22.356249999999854],[55.727083333332075,22.360416666666517],[55.72291666666541,22.356249999999854],[55.71874999999875,22.356249999999854],[55.71458333333209,22.35208333333319],[55.71458333333209,22.343749999999837],[55.71041666666534,22.339583333333174],[55.71041666666534,22.335416666666525],[55.706249999998704,22.33124999999982],[55.706249999998704,22.322916666666508],[55.70208333333204,22.318749999999845],[55.70208333333204,22.314583333333182],[55.693749999998715,22.306249999999828],[55.693749999998715,22.302083333333165],[55.68124999999873,22.28958333333319],[55.68124999999873,22.285416666666542],[55.67708333333209,22.281249999999837],[55.67708333333209,22.277083333333174],[55.64374999999873,22.24374999999987],[55.64374999999873,22.239583333333165],[55.631249999998744,22.22708333333319],[55.62708333333211,22.22708333333319],[55.61041666666537,22.21041666666651],[55.60624999999871,22.21041666666651],[55.57291666666538,22.177083333333165],[55.57291666666538,22.172916666666502],[55.568749999998715,22.168749999999854],[55.568749999998715,22.160416666666528],[55.56458333333205,22.156249999999865],[55.56458333333205,22.135416666666494],[55.56041666666539,22.13124999999983],[55.56041666666539,22.114583333333208],[55.55624999999873,22.110416666666502],[55.55624999999873,22.10624999999984],[55.552083333332064,22.10208333333319],[55.54791666666543,22.10208333333319],[55.53541666666544,22.089583333333174],[55.53124999999869,22.089583333333174],[55.52708333333203,22.08541666666651],[55.522916666665395,22.08541666666651],[55.51874999999873,22.081249999999848],[55.51041666666541,22.081249999999848]]}},{"type":"Feature","properties":{"HYRIV_ID":20883930,"NEXT_DOWN":20884780,"MAIN_RIV":20887902,"LENGTH_KM":18.35,"CATCH_SKM":52.080002,"DIS_AV_CMS":0.018,"ORD_STRA":1,"ORD_FLOW":8},"geometry":{"type":"LineString","coordinates":[[55.66249999999877,22.206249999999862],[55.65624999999869,22.206249999999862],[55.65208333333206,22.202083333333157],[55.647916666665395,22.202083333333157],[55.64374999999873,22.197916666666494],[55.63958333333207,22.197916666666494],[55.63541666666541,22.193749999999845],[55.63541666666541,22.189583333333182],[55.62708333333211,22.18124999999987],[55.622916666665446,22.18124999999987],[55.614583333332035,22.172916666666502],[55.614583333332035,22.160416666666528],[55.61041666666537,22.156249999999865],[55.61041666666537,22.152083333333174],[55.60624999999871,22.14791666666651],[55.60624999999871,22.143749999999848],[55.59791666666541,22.135416666666494],[55.59791666666541,22.127083333333182],[55.602083333332075,22.12291666666652],[55.59791666666541,22.118749999999856],[55.59791666666541,22.114583333333208],[55.59374999999875,22.110416666666502],[55.59374999999875,22.097916666666485],[55.58958333333209,22.093749999999865],[55.58958333333209,22.081249999999848]]}},{"type":"Feature","properties":{"HYRIV_ID":20883931,"NEXT_DOWN":20884780,"MAIN_RIV":20887902,"LENGTH_KM":15.8,"CATCH_SKM":68.0,"DIS_AV_CMS":0.055,"ORD_STRA":2,"ORD_FLOW":8},"geometry":{"type":"LineString","coordinates":[[55.68124999999873,22.172916666666502],[55.63541666666541,22.127083333333182],[55.63541666666541,22.110416666666502],[55.63958333333207,22.10624999999984],[55.63541666666541,22.10208333333319],[55.631249999998744,22.10208333333319],[55.62708333333211,22.097916666666485],[55.61041666666537,22.097916666666485],[55.59374999999875,22.081249999999848],[55.58958333333209,22.081249999999848]]}},{"type":"Feature","properties":{"HYRIV_ID":20883932,"NEXT_DOWN":20884904,"MAIN_RIV":20887902,"LENGTH_KM":3.73,"CATCH_SKM":16.110001,"DIS_AV_CMS":0.006,"ORD_STRA":1,"ORD_FLOW":9},"geometry":{"type":"LineString","coordinates":[[55.691666666665384,22.09999999999986],[55.68541666666539,22.093749999999865],[55.68541666666539,22.089583333333174],[55.67708333333209,22.081249999999848],[55.67291666666543,22.08541666666651],[55.66874999999877,22.08541666666651]]}},{"type":"Feature","properties":{"HYRIV_ID":20884033,"NEXT_DOWN":20884086,"MAIN_RIV":20887902,"LENGTH_KM":1.6900001,"CATCH_SKM":2.59,"DIS_AV_CMS":0.0,"ORD_STRA":5,"ORD_FLOW":10},"geometry":{"type":"LineString","coordinates":[[55.50208333333208,22.081249999999848],[55.497916666665446,22.0770833333332],[55.49374999999878,22.0770833333332],[55.489583333332035,22.072916666666536]]}},{"type":"Feature","properties":{"HYRIV_ID":20884084,"NEXT_DOWN":20883921,"MAIN_RIV":20892193,"LENGTH_KM":6.79,"CATCH_SKM":13.33,"DIS_AV_CMS":0.0,"ORD_STRA":2,"ORD_FLOW":10},"geometry":{"type":"LineString","coordinates":[[53.96874999999875,22.072916666666536],[53.97291666666541,22.072916666666536],[53.977083333332075,22.06874999999983],[53.98124999999874,22.072916666666536],[53.9854166666654,22.072916666666536],[53.99374999999878,22.081249999999848],[53.997916666665446,22.081249999999848],[54.00208333333211,22.0770833333332],[54.00624999999877,22.081249999999848],[54.022916666665395,22.081249999999848]]}},{"type":"Feature","properties":{"HYRIV_ID":20884085,"NEXT_DOWN":20884652,"MAIN_RIV":20887902,"LENGTH_KM":3.22,"CATCH_SKM":12.33,"DIS_AV_CMS":0.002,"ORD_STRA":1,"ORD_FLOW":9},"geometry":{"type":"LineString","coordinates":[[55.46458333333209,22.091666666666534],[55.46458333333209,22.08541666666651],[55.460416666665424,22.081249999999848],[55.472916666665384,22.06874999999983]]}},{"type":"Feature","properties":{"HYRIV_ID":20884086,"NEXT_DOWN":20884652,"MAIN_RIV":20887902,"LENGTH_KM":1.92,"CATCH_SKM":7.3600001,"DIS_AV_CMS":0.0,"ORD_STRA":5,"ORD_FLOW":10},"geometry":{"type":"LineString","coordinates":[[55.489583333332035,22.072916666666536],[55.48541666666537,22.06874999999983],[55.472916666665384,22.06874999999983]]}},{"type":"Feature","properties":{"HYRIV_ID":20884087,"NEXT_DOWN":20884086,"MAIN_RIV":20887902,"LENGTH_KM":1.38,"CATCH_SKM":11.94,"DIS_AV_CMS":0.003,"ORD_STRA":1,"ORD_FLOW":9},"geometry":{"type":"LineString","coordinates":[[55.49999999999875,22.0666666666665],[55.49374999999878,22.072916666666536],[55.489583333332035,22.072916666666536]]}},{"type":"Feature","properties":{"HYRIV_ID":20884125,"NEXT_DOWN":20884374,"MAIN_RIV":20892193,"LENGTH_KM":10.45,"CATCH_SKM":36.599998,"DIS_AV_CMS":0.0,"ORD_STRA":1,"ORD_FLOW":10},"geometry":{"type":"LineString","coordinates":[[54.26249999999877,22.081249999999848],[54.272916666665424,22.081249999999848],[54.27708333333206,22.08541666666651],[54.293749999998795,22.08541666666651],[54.306249999998755,22.072916666666536],[54.331249999998704,22.072916666666536],[54.33541666666545,22.06874999999983],[54.34791666666544,22.06874999999983],[54.352083333332075,22.064583333333182]]}},{"type":"Feature","properties":{"HYRIV_ID":20884126,"NEXT_DOWN":20884374,"MAIN_RIV":20892193,"LENGTH_KM":8.7,"CATCH_SKM":40.380001,"DIS_AV_CMS":0.0,"ORD_STRA":1,"ORD_FLOW":10},"geometry":{"type":"LineString","coordinates":[[54.31249999999875,22.095833333333196],[54.318749999998744,22.10208333333319],[54.32291666666541,22.10208333333319],[54.32708333333204,22.097916666666485],[54.34791666666544,22.097916666666485],[54.3604166666654,22.08541666666651],[54.3604166666654,22.081249999999848],[54.352083333332075,22.072916666666536],[54.352083333332075,22.064583333333182]]}},{"type":"Feature","properties":{"HYRIV_ID":20884163,"NEXT_DOWN":20883709,"MAIN_RIV":20887902,"LENGTH_KM":5.98,"CATCH_SKM":12.73,"DIS_AV_CMS":0.0,"ORD_STRA":2,"ORD_FLOW":10},"geometry":{"type":"LineString","coordinates":[[54.89791666666545,22.06041666666652],[54.89791666666545,22.06874999999983],[54.9312499999987,22.10208333333319]]}},{"type":"Feature","properties":{"HYRIV_ID":20884203,"NEXT_DOWN":20884376,"MAIN_RIV":20892193,"LENGTH_KM":8.2600002,"CATCH_SKM":34.810001,"DIS_AV_CMS":0.0,"ORD_STRA":3,"ORD_FLOW":10},"geometry":{"type":"LineString","coordinates":[[54.58124999999873,22.114583333333208],[54.57708333333207,22.110416666666502],[54.57708333333207,22.10624999999984],[54.58124999999873,22.10208333333319],[54.585416666665395,22.10208333333319],[54.59791666666544,22.089583333333174],[54.59791666666544,22.081249999999848],[54.59374999999878,22.0770833333332],[54.59374999999878,22.064583333333182],[54.602083333332104,22.056249999999856]]}},{"type":"Feature","properties":{"HYRIV_ID":20884204,"NEXT_DOWN":20884376,"MAIN_RIV":20892193,"LENGTH_KM":2.01,"CATCH_SKM":14.72,"DIS_AV_CMS":0.0,"ORD_STRA":1,"ORD_FLOW":10},"geometry":{"type":"LineString","coordinates":[[54.616666666665395,22.0666666666665],[54.60624999999877,22.056249999999856],[54.602083333332104,22.056249999999856]]}},{"type":"Feature","properties":{"HYRIV_ID":20884205,"NEXT_DOWN":20884326,"MAIN_RIV":20892193,"LENGTH_KM":5.8200002,"CATCH_SKM":24.27,"DIS_AV_CMS":0.0,"ORD_STRA":1,"ORD_FLOW":10},"geometry":{"type":"LineString","coordinates":[[54.683333333332115,22.091666666666534],[54.67708333333212,22.08541666666651],[54.67708333333212,22.064583333333182],[54.67291666666546,22.06041666666652],[54.66458333333205,22.06041666666652],[54.66041666666541,22.056249999999856],[54.65624999999875,22.056249999999856]]}},{"type":"Feature","properties":{"HYRIV_ID":20884206,"NEXT_DOWN":20884244,"MAIN_RIV":20892193,"LENGTH_KM":2.8,"CATCH_SKM":15.52,"DIS_AV_CMS":0.0,"ORD_STRA":1,"ORD_FLOW":10},"geometry":{"type":"LineString","coordinates":[[54.720833333332024,22.06874999999983],[54.73124999999877,22.06874999999983],[54.73958333333209,22.06041666666652],[54.73958333333209,22.056249999999856]]}},{"type":"Feature","properties":{"HYRIV_ID":20884207,"NEXT_DOWN":20884244,"MAIN_RIV":20892193,"LENGTH_KM":4.08,"CATCH_SKM":11.34,"DIS_AV_CMS":0.0,"ORD_STRA":2,"ORD_FLOW":10},"geometry":{"type":"LineString","coordinates":[[54.76041666666546,22.08541666666651],[54.75208333333205,22.0770833333332],[54.75208333333205,22.072916666666536],[54.74374999999873,22.064583333333182],[54.74374999999873,22.06041666666652],[54.73958333333209,22.056249999999856]]}},{"type":"Feature","properties":{"HYRIV_ID":20884208,"NEXT_DOWN":20884163,"MAIN_RIV":20887902,"LENGTH_KM":2.1300001,"CATCH_SKM":12.93,"DIS_AV_CMS":0.0,"ORD_STRA":1,"ORD_FLOW":10},"geometry":{"type":"LineString","coordinates":[[54.879166666665384,22.056249999999856],[54.889583333332126,22.056249999999856],[54.89374999999879,22.06041666666652],[54.89791666666545,22.06041666666652]]}},{"type":"Feature","properties":{"HYRIV_ID":20884242,"NEXT_DOWN":20884243,"MAIN_RIV":20892193,"LENGTH_KM":10.42,"CATCH_SKM":34.82,"DIS_AV_CMS":0.0,"ORD_STRA":1,"ORD_FLOW":10},"geometry":{"type":"LineString","coordinates":[[53.995833333332115,22.052083333333194],[54.01874999999873,22.052083333333194],[54.022916666665395,22.056249999999856],[54.02708333333214,22.056249999999856],[54.031249999998806,22.06041666666652],[54.039583333332104,22.06041666666652],[54.04374999999877,22.064583333333182],[54.04791666666543,22.064583333333182],[54.05208333333209,22.06874999999983],[54.06041666666542,22.06041666666652],[54.068749999998715,22.06041666666652],[54.077083333332126,22.052083333333194],[54.08124999999879,22.052083333333194]]}},{"type":"Feature","properties":{"HYRIV_ID":20884243,"NEXT_DOWN":20883748,"MAIN_RIV":20892193,"LENGTH_KM":19.23,"CATCH_SKM":67.440002,"DIS_AV_CMS":0.0,"ORD_STRA":2,"ORD_FLOW":10},"geometry":{"type":"LineString","coordinates":[[54.08124999999879,22.052083333333194],[54.089583333332115,22.052083333333194],[54.09374999999875,22.056249999999856],[54.1104166666654,22.056249999999856],[54.114583333332064,22.06041666666652],[54.1187499999987,22.06041666666652],[54.122916666665446,22.064583333333182],[54.135416666665435,22.064583333333182],[54.1395833333321,22.06041666666652],[54.20624999999879,22.06041666666652],[54.21041666666545,22.064583333333182],[54.21874999999878,22.064583333333182],[54.227083333332075,22.072916666666536],[54.227083333332075,22.097916666666485]]}},{"type":"Feature","properties":{"HYRIV_ID":20884244,"NEXT_DOWN":20884326,"MAIN_RIV":20892193,"LENGTH_KM":8.9899998,"CATCH_SKM":20.09,"DIS_AV_CMS":0.0,"ORD_STRA":2,"ORD_FLOW":10},"geometry":{"type":"LineString","coordinates":[[54.73958333333209,22.056249999999856],[54.727083333332104,22.056249999999856],[54.722916666665355,22.052083333333194],[54.66041666666541,22.052083333333194],[54.65624999999875,22.056249999999856]]}},{"type":"Feature","properties":{"HYRIV_ID":20884245,"NEXT_DOWN":20884163,"MAIN_RIV":20887902,"LENGTH_KM":13.03,"CATCH_SKM":47.34,"DIS_AV_CMS":0.0,"ORD_STRA":1,"ORD_FLOW":10},"geometry":{"type":"LineString","coordinates":[[55.004166666665384,22.081249999999848],[54.98541666666543,22.081249999999848],[54.98124999999877,22.0770833333332],[54.96458333333206,22.0770833333332],[54.95208333333207,22.064583333333182],[54.93958333333211,22.064583333333182],[54.927083333332035,22.052083333333194],[54.90208333333209,22.052083333333194],[54.89791666666545,22.056249999999856],[54.89791666666545,22.06041666666652]]}},{"type":"Feature","properties":{"HYRIV_ID":20884282,"NEXT_DOWN":20884283,"MAIN_RIV":20887902,"LENGTH_KM":9.5500002,"CATCH_SKM":17.9,"DIS_AV_CMS":0.0,"ORD_STRA":3,"ORD_FLOW":10},"geometry":{"type":"LineString","coordinates":[[55.222916666665384,22.052083333333194],[55.23541666666537,22.064583333333182],[55.23958333333209,22.064583333333182],[55.243749999998755,22.06874999999983],[55.256249999998744,22.06874999999983],[55.26041666666541,22.064583333333182],[55.268749999998704,22.064583333333182],[55.27291666666545,22.06041666666652],[55.28124999999878,22.06041666666652],[55.28541666666544,22.056249999999856],[55.289583333332104,22.056249999999856],[55.2979166666654,22.047916666666545]]}},{"type":"Feature","properties":{"HYRIV_ID":20884283,"NEXT_DOWN":20884649,"MAIN_RIV":20887902,"LENGTH_KM":1.72,"CATCH_SKM":5.77,"DIS_AV_CMS":0.0,"ORD_STRA":3,"ORD_FLOW":10},"geometry":{"type":"LineString","coordinates":[[55.2979166666654,22.047916666666545],[55.31458333333205,22.047916666666545]]}},{"type":"Feature","properties":{"HYRIV_ID":20884284,"NEXT_DOWN":20884649,"MAIN_RIV":20887902,"LENGTH_KM":11.06,"CATCH_SKM":31.23,"DIS_AV_CMS":0.001,"ORD_STRA":1,"ORD_FLOW":9},"geometry":{"type":"LineString","coordinates":[[55.23333333333204,22.089583333333174],[55.24791666666542,22.089583333333174],[55.25208333333208,22.08541666666651],[55.256249999998744,22.08541666666651],[55.26458333333204,22.0770833333332],[55.268749999998704,22.0770833333332],[55.27291666666545,22.081249999999848],[55.28124999999878,22.072916666666536],[55.28541666666544,22.072916666666536],[55.289583333332104,22.06874999999983],[55.2979166666654,22.06874999999983],[55.31458333333205,22.052083333333194],[55.31458333333205,22.047916666666545]]}},{"type":"Feature","properties":{"HYRIV_ID":20884325,"NEXT_DOWN":20884243,"MAIN_RIV":20892193,"LENGTH_KM":1.6900001,"CATCH_SKM":1.79,"DIS_AV_CMS":0.0,"ORD_STRA":2,"ORD_FLOW":10},"geometry":{"type":"LineString","coordinates":[[54.068749999998715,22.04374999999984],[54.07291666666546,22.047916666666545],[54.077083333332126,22.047916666666545],[54.08124999999879,22.052083333333194]]}},{"type":"Feature","properties":{"HYRIV_ID":20884326,"NEXT_DOWN":20884377,"MAIN_RIV":20892193,"LENGTH_KM":4.04,"CATCH_SKM":7.7600002,"DIS_AV_CMS":0.0,"ORD_STRA":2,"ORD_FLOW":10},"geometry":{"type":"LineString","coordinates":[[54.65624999999875,22.056249999999856],[54.65208333333209,22.056249999999856],[54.64374999999876,22.047916666666545],[54.62708333333205,22.047916666666545],[54.62291666666539,22.04374999999984]]}},{"type":"Feature","properties":{"HYRIV_ID":20884327,"NEXT_DOWN":20884282,"MAIN_RIV":20887902,"LENGTH_KM":15.64,"CATCH_SKM":40.380001,"DIS_AV_CMS":0.001,"ORD_STRA":2,"ORD_FLOW":9},"geometry":{"type":"LineString","coordinates":[[55.10624999999871,22.04374999999984],[55.11041666666543,22.047916666666545],[55.118749999998755,22.047916666666545],[55.131249999998744,22.06041666666652],[55.14374999999879,22.06041666666652],[55.15624999999878,22.072916666666536],[55.197916666665435,22.072916666666536],[55.2020833333321,22.0770833333332],[55.210416666665424,22.0770833333332],[55.21458333333206,22.072916666666536],[55.21458333333206,22.06041666666652],[55.222916666665384,22.052083333333194]]}},{"type":"Feature","properties":{"HYRIV_ID":20884328,"NEXT_DOWN":20884283,"MAIN_RIV":20887902,"LENGTH_KM":2.1300001,"CATCH_SKM":14.32,"DIS_AV_CMS":0.0,"ORD_STRA":1,"ORD_FLOW":10},"geometry":{"type":"LineString","coordinates":[[55.279166666665446,22.04374999999984],[55.289583333332104,22.04374999999984],[55.29374999999874,22.047916666666545],[55.2979166666654,22.047916666666545]]}},{"type":"Feature","properties":{"HYRIV_ID":20884374,"NEXT_DOWN":20884484,"MAIN_RIV":20892193,"LENGTH_KM":7.6599998,"CATCH_SKM":20.690001,"DIS_AV_CMS":0.0,"ORD_STRA":2,"ORD_FLOW":10},"geometry":{"type":"LineString","coordinates":[[54.352083333332075,22.064583333333182],[54.35624999999874,22.06041666666652],[54.39374999999876,22.06041666666652],[54.41458333333213,22.039583333333177]]}},{"type":"Feature","properties":{"HYRIV_ID":20884375,"NEXT_DOWN":20884484,"MAIN_RIV":20892193,"LENGTH_KM":11.54,"CATCH_SKM":40.189999,"DIS_AV_CMS":0.0,"ORD_STRA":5,"ORD_FLOW":10},"geometry":{"type":"LineString","coordinates":[[54.47291666666544,22.081249999999848],[54.477083333332104,22.0770833333332],[54.48124999999877,22.0770833333332],[54.4854166666654,22.072916666666536],[54.4854166666654,22.064583333333182],[54.46874999999878,22.047916666666545],[54.43541666666542,22.047916666666545],[54.431249999998755,22.052083333333194],[54.42708333333212,22.052083333333194],[54.41458333333213,22.039583333333177]]}},{"type":"Feature","properties":{"HYRIV_ID":20884376,"NEXT_DOWN":20884555,"MAIN_RIV":20892193,"LENGTH_KM":2.1900001,"CATCH_SKM":2.1900001,"DIS_AV_CMS":0.0,"ORD_STRA":3,"ORD_FLOW":10},"geometry":{"type":"LineString","coordinates":[[54.602083333332104,22.056249999999856],[54.60624999999877,22.052083333333194],[54.60624999999877,22.04374999999984],[54.602083333332104,22.039583333333177]]}},{"type":"Feature","properties":{"HYRIV_ID":20884377,"NEXT_DOWN":20884555,"MAIN_RIV":20892193,"LENGTH_KM":2.35,"CATCH_SKM":3.78,"DIS_AV_CMS":0.0,"ORD_STRA":2,"ORD_FLOW":10},"geometry":{"type":"LineString","coordinates":[[54.62291666666539,22.04374999999984],[54.61874999999873,22.04374999999984],[54.614583333332064,22.039583333333177],[54.602083333332104,22.039583333333177]]}},{"type":"Feature","properties":{"HYRIV_ID":20884378,"NEXT_DOWN":20884327,"MAIN_RIV":20887902,"LENGTH_KM":6.4,"CATCH_SKM":26.66,"DIS_AV_CMS":0.001,"ORD_STRA":1,"ORD_FLOW":9},"geometry":{"type":"LineString","coordinates":[[55.04999999999873,22.039583333333177],[55.06458333333211,22.039583333333177],[55.06874999999877,22.04374999999984],[55.072916666665435,22.039583333333177],[55.0770833333321,22.039583333333177],[55.08124999999876,22.04374999999984],[55.10624999999871,22.04374999999984]]}},{"type":"Feature","properties":{"HYRIV_ID":20884450,"NEXT_DOWN":20884325,"MAIN_RIV":20892193,"LENGTH_KM":3.71,"CATCH_SKM":8.1599998,"DIS_AV_CMS":0.0,"ORD_STRA":2,"ORD_FLOW":10},"geometry":{"type":"LineString","coordinates":[[54.09374999999875,22.031249999999865],[54.07291666666546,22.031249999999865],[54.068749999998715,22.035416666666528],[54.068749999998715,22.04374999999984]]}},{"type":"Feature","properties":{"HYRIV_ID":20884451,"NEXT_DOWN":20884450,"MAIN_RIV":20892193,"LENGTH_KM":5.5500002,"CATCH_SKM":22.48,"DIS_AV_CMS":0.0,"ORD_STRA":1,"ORD_FLOW":10},"geometry":{"type":"LineString","coordinates":[[54.14166666666543,22.035416666666528],[54.135416666665435,22.035416666666528],[54.13124999999877,22.039583333333177],[54.1104166666654,22.039583333333177],[54.10624999999874,22.035416666666528],[54.09791666666541,22.035416666666528],[54.09374999999875,22.031249999999865]]}},{"type":"Feature","properties":{"HYRIV_ID":20884452,"NEXT_DOWN":20884556,"MAIN_RIV":20887902,"LENGTH_KM":10.71,"CATCH_SKM":38.189999,"DIS_AV_CMS":0.0,"ORD_STRA":5,"ORD_FLOW":10},"geometry":{"type":"LineString","coordinates":[[55.414583333332104,22.114583333333208],[55.4229166666654,22.10624999999984],[55.427083333332064,22.10624999999984],[55.43958333333205,22.093749999999865],[55.43958333333205,22.052083333333194],[55.43541666666539,22.047916666666545],[55.43541666666539,22.031249999999865]]}},{"type":"Feature","properties":{"HYRIV_ID":20884483,"NEXT_DOWN":20884647,"MAIN_RIV":20892193,"LENGTH_KM":14.94,"CATCH_SKM":50.939999,"DIS_AV_CMS":0.0,"ORD_STRA":1,"ORD_FLOW":10},"geometry":{"type":"LineString","coordinates":[[54.27916666666539,22.047916666666545],[54.28541666666547,22.047916666666545],[54.28958333333213,22.052083333333194],[54.293749999998795,22.047916666666545],[54.318749999998744,22.047916666666545],[54.32291666666541,22.04374999999984],[54.339583333332115,22.04374999999984],[54.34791666666544,22.035416666666528],[54.397916666665424,22.035416666666528],[54.40624999999872,22.027083333333202],[54.41041666666547,22.027083333333202]]}},{"type":"Feature","properties":{"HYRIV_ID":20884484,"NEXT_DOWN":20884647,"MAIN_RIV":20892193,"LENGTH_KM":1.56,"CATCH_SKM":2.98,"DIS_AV_CMS":0.0,"ORD_STRA":5,"ORD_FLOW":10},"geometry":{"type":"LineString","coordinates":[[54.41458333333213,22.039583333333177],[54.41041666666547,22.035416666666528],[54.41041666666547,22.027083333333202]]}},{"type":"Feature","properties":{"HYRIV_ID":20884485,"NEXT_DOWN":20884556,"MAIN_RIV":20887902,"LENGTH_KM":24.76,"CATCH_SKM":79.970001,"DIS_AV_CMS":0.0,"ORD_STRA":2,"ORD_FLOW":10},"geometry":{"type":"LineString","coordinates":[[55.27291666666545,22.114583333333208],[55.277083333332115,22.114583333333208],[55.289583333332104,22.10208333333319],[55.29374999999874,22.10208333333319],[55.2979166666654,22.097916666666485],[55.2979166666654,22.093749999999865],[55.302083333332064,22.089583333333174],[55.32291666666535,22.089583333333174],[55.33124999999876,22.081249999999848],[55.33124999999876,22.0770833333332],[55.33958333333209,22.06874999999983],[55.35624999999871,22.06874999999983],[55.36041666666537,22.072916666666536],[55.37291666666542,22.072916666666536],[55.37708333333208,22.0770833333332],[55.37708333333208,22.081249999999848],[55.38958333333207,22.081249999999848],[55.39791666666537,22.072916666666536],[55.39791666666537,22.047916666666545],[55.40624999999878,22.039583333333177],[55.41041666666544,22.039583333333177],[55.41874999999877,22.031249999999865],[55.4229166666654,22.031249999999865],[55.427083333332064,22.027083333333202],[55.43124999999873,22.031249999999865],[55.43541666666539,22.031249999999865]]}},{"type":"Feature","properties":{"HYRIV_ID":20884513,"NEXT_DOWN":20884377,"MAIN_RIV":20892193,"LENGTH_KM":4.7,"CATCH_SKM":20.1,"DIS_AV_CMS":0.0,"ORD_STRA":1,"ORD_FLOW":10},"geometry":{"type":"LineString","coordinates":[[54.65416666666542,22.027083333333202],[54.64374999999876,22.027083333333202],[54.6395833333321,22.02291666666651],[54.6312499999988,22.031249999999865],[54.6312499999988,22.035416666666528],[54.62291666666539,22.04374999999984]]}},{"type":"Feature","properties":{"HYRIV_ID":20884514,"NEXT_DOWN":20884327,"MAIN_RIV":20887902,"LENGTH_KM":6.25,"CATCH_SKM":24.08,"DIS_AV_CMS":0.001,"ORD_STRA":1,"ORD_FLOW":9},"geometry":{"type":"LineString","coordinates":[[55.06666666666544,22.02916666666649],[55.072916666665435,22.02291666666651],[55.09374999999872,22.02291666666651],[55.11041666666543,22.039583333333177],[55.10624999999871,22.04374999999984]]}},{"type":"Feature","properties":{"HYRIV_ID":20884555,"NEXT_DOWN":20884778,"MAIN_RIV":20892193,"LENGTH_KM":4.02,"CATCH_SKM":14.33,"DIS_AV_CMS":0.0,"ORD_STRA":3,"ORD_FLOW":10},"geometry":{"type":"LineString","coordinates":[[54.602083333332104,22.039583333333177],[54.58958333333203,22.027083333333202],[54.58124999999873,22.027083333333202],[54.57291666666541,22.018749999999848]]}},{"type":"Feature","properties":{"HYRIV_ID":20884556,"NEXT_DOWN":20884604,"MAIN_RIV":20887902,"LENGTH_KM":1.56,"CATCH_SKM":2.79,"DIS_AV_CMS":0.0,"ORD_STRA":5,"ORD_FLOW":10},"geometry":{"type":"LineString","coordinates":[[55.43541666666539,22.031249999999865],[55.43541666666539,22.02291666666651],[55.43958333333205,22.018749999999848]]}},{"type":"Feature","properties":{"HYRIV_ID":20884601,"NEXT_DOWN":20884325,"MAIN_RIV":20892193,"LENGTH_KM":8.3800001,"CATCH_SKM":33.23,"DIS_AV_CMS":0.0,"ORD_STRA":1,"ORD_FLOW":10},"geometry":{"type":"LineString","coordinates":[[54.00416666666544,22.02083333333318],[54.010416666665435,22.014583333333185],[54.01874999999873,22.02291666666651],[54.022916666665395,22.02291666666651],[54.03541666666547,22.035416666666528],[54.056249999998755,22.035416666666528],[54.06458333333205,22.04374999999984],[54.068749999998715,22.04374999999984]]}},{"type":"Feature","properties":{"HYRIV_ID":20884602,"NEXT_DOWN":20884778,"MAIN_RIV":20892193,"LENGTH_KM":2.1300001,"CATCH_SKM":13.53,"DIS_AV_CMS":0.0,"ORD_STRA":1,"ORD_FLOW":10},"geometry":{"type":"LineString","coordinates":[[54.59166666666536,22.014583333333185],[54.58124999999873,22.014583333333185],[54.57708333333207,22.018749999999848],[54.57291666666541,22.018749999999848]]}},{"type":"Feature","properties":{"HYRIV_ID":20884603,"NEXT_DOWN":20883925,"MAIN_RIV":20887902,"LENGTH_KM":25.049999,"CATCH_SKM":95.699997,"DIS_AV_CMS":0.0,"ORD_STRA":1,"ORD_FLOW":10},"geometry":{"type":"LineString","coordinates":[[54.98749999999876,22.033333333333196],[54.97708333333205,22.02291666666651],[54.972916666665384,22.02291666666651],[54.96458333333206,22.014583333333185],[54.960416666665395,22.018749999999848],[54.960416666665395,22.031249999999865],[54.972916666665384,22.04374999999984],[54.98124999999877,22.04374999999984],[54.98958333333209,22.052083333333194],[54.99791666666542,22.052083333333194],[55.00208333333208,22.056249999999856],[55.006249999998715,22.056249999999856],[55.01874999999879,22.06874999999983],[55.03124999999875,22.06874999999983],[55.04374999999874,22.081249999999848],[55.052083333332064,22.081249999999848],[55.06041666666536,22.089583333333174],[55.072916666665435,22.089583333333174],[55.0770833333321,22.08541666666651],[55.08958333333206,22.08541666666651],[55.09374999999872,22.089583333333174],[55.097916666665384,22.089583333333174],[55.10208333333205,22.08541666666651],[55.118749999998755,22.08541666666651]]}},{"type":"Feature","properties":{"HYRIV_ID":20884604,"NEXT_DOWN":20884651,"MAIN_RIV":20887902,"LENGTH_KM":2.35,"CATCH_SKM":6.9699998,"DIS_AV_CMS":0.0,"ORD_STRA":5,"ORD_FLOW":10},"geometry":{"type":"LineString","coordinates":[[55.43958333333205,22.018749999999848],[55.443749999998715,22.014583333333185],[55.460416666665424,22.014583333333185]]}},{"type":"Feature","properties":{"HYRIV_ID":20884645,"NEXT_DOWN":20884450,"MAIN_RIV":20892193,"LENGTH_KM":4.1700001,"CATCH_SKM":24.08,"DIS_AV_CMS":0.0,"ORD_STRA":1,"ORD_FLOW":10},"geometry":{"type":"LineString","coordinates":[[54.099999999998744,22.008333333333205],[54.10624999999874,22.014583333333185],[54.1104166666654,22.014583333333185],[54.1104166666654,22.018749999999848],[54.102083333332075,22.027083333333202],[54.09791666666541,22.027083333333202],[54.09374999999875,22.031249999999865]]}},{"type":"Feature","properties":{"HYRIV_ID":20884646,"NEXT_DOWN":20885087,"MAIN_RIV":20892193,"LENGTH_KM":7.21,"CATCH_SKM":22.49,"DIS_AV_CMS":0.0,"ORD_STRA":1,"ORD_FLOW":10},"geometry":{"type":"LineString","coordinates":[[54.23749999999873,22.02291666666651],[54.24791666666536,22.02291666666651],[54.25624999999877,22.014583333333185],[54.2645833333321,22.02291666666651],[54.272916666665424,22.014583333333185],[54.28541666666547,22.014583333333185],[54.28958333333213,22.010416666666536],[54.293749999998795,22.010416666666536]]}},{"type":"Feature","properties":{"HYRIV_ID":20884647,"NEXT_DOWN":20884696,"MAIN_RIV":20892193,"LENGTH_KM":4.25,"CATCH_SKM":13.13,"DIS_AV_CMS":0.0,"ORD_STRA":5,"ORD_FLOW":10},"geometry":{"type":"LineString","coordinates":[[54.41041666666547,22.027083333333202],[54.41458333333213,22.02291666666651],[54.42291666666546,22.02291666666651],[54.42708333333212,22.018749999999848],[54.43541666666542,22.018749999999848],[54.443749999998744,22.010416666666536]]}},{"type":"Feature","properties":{"HYRIV_ID":20884648,"NEXT_DOWN":20884861,"MAIN_RIV":20887902,"LENGTH_KM":5.81,"CATCH_SKM":23.68,"DIS_AV_CMS":0.001,"ORD_STRA":1,"ORD_FLOW":9},"geometry":{"type":"LineString","coordinates":[[55.28333333333211,22.02291666666651],[55.289583333332104,22.02291666666651],[55.29374999999874,22.018749999999848],[55.3270833333321,22.018749999999848],[55.33124999999876,22.014583333333185],[55.33124999999876,22.010416666666536]]}},{"type":"Feature","properties":{"HYRIV_ID":20884649,"NEXT_DOWN":20884701,"MAIN_RIV":20887902,"LENGTH_KM":13.43,"CATCH_SKM":33.43,"DIS_AV_CMS":0.0,"ORD_STRA":3,"ORD_FLOW":10},"geometry":{"type":"LineString","coordinates":[[55.31458333333205,22.047916666666545],[55.33958333333209,22.047916666666545],[55.37291666666542,22.014583333333185],[55.37708333333208,22.014583333333185],[55.38541666666541,22.02291666666651],[55.39374999999873,22.02291666666651],[55.39791666666537,22.027083333333202],[55.402083333332115,22.02291666666651],[55.402083333332115,22.014583333333185],[55.40624999999878,22.010416666666536],[55.41041666666544,22.010416666666536]]}},{"type":"Feature","properties":{"HYRIV_ID":20884650,"NEXT_DOWN":20884651,"MAIN_RIV":20887902,"LENGTH_KM":0.69,"CATCH_SKM":10.55,"DIS_AV_CMS":0.0,"ORD_STRA":1,"ORD_FLOW":10},"geometry":{"type":"LineString","coordinates":[[55.460416666665424,22.008333333333205],[55.460416666665424,22.014583333333185]]}},{"type":"Feature","properties":{"HYRIV_ID":20884651,"NEXT_DOWN":20884653,"MAIN_RIV":20887902,"LENGTH_KM":1.49,"CATCH_SKM":3.3800001,"DIS_AV_CMS":0.0,"ORD_STRA":5,"ORD_FLOW":10},"geometry":{"type":"LineString","coordinates":[[55.460416666665424,22.014583333333185],[55.46458333333209,22.010416666666536],[55.472916666665384,22.010416666666536]]}},{"type":"Feature","properties":{"HYRIV_ID":20884652,"NEXT_DOWN":20884653,"MAIN_RIV":20887902,"LENGTH_KM":7.5,"CATCH_SKM":21.09,"DIS_AV_CMS":0.0,"ORD_STRA":5,"ORD_FLOW":10},"geometry":{"type":"LineString","coordinates":[[55.472916666665384,22.06874999999983],[55.46874999999875,22.064583333333182],[55.46874999999875,22.06041666666652],[55.460416666665424,22.052083333333194],[55.460416666665424,22.031249999999865],[55.46458333333209,22.027083333333202],[55.46458333333209,22.02291666666651],[55.46874999999875,22.018749999999848],[55.46874999999875,22.014583333333185],[55.472916666665384,22.010416666666536]]}},{"type":"Feature","properties":{"HYRIV_ID":20884653,"NEXT_DOWN":20884779,"MAIN_RIV":20887902,"LENGTH_KM":0.86,"CATCH_SKM":2.3900001,"DIS_AV_CMS":0.0,"ORD_STRA":6,"ORD_FLOW":10},"geometry":{"type":"LineString","coordinates":[[55.472916666665384,22.010416666666536],[55.48124999999871,22.010416666666536]]}},{"type":"Feature","properties":{"HYRIV_ID":20884654,"NEXT_DOWN":20884779,"MAIN_RIV":20887902,"LENGTH_KM":2.6800001,"CATCH_SKM":15.12,"DIS_AV_CMS":0.003,"ORD_STRA":1,"ORD_FLOW":9},"geometry":{"type":"LineString","coordinates":[[55.489583333332035,22.02916666666649],[55.489583333332035,22.014583333333185],[55.48541666666537,22.010416666666536],[55.48124999999871,22.010416666666536]]}},{"type":"Feature","properties":{"HYRIV_ID":20884696,"NEXT_DOWN":20885088,"MAIN_RIV":20892193,"LENGTH_KM":3.21,"CATCH_SKM":7.3600001,"DIS_AV_CMS":0.0,"ORD_STRA":5,"ORD_FLOW":10},"geometry":{"type":"LineString","coordinates":[[54.443749999998744,22.010416666666536],[54.44791666666541,22.00624999999983],[54.47291666666544,22.00624999999983]]}},{"type":"Feature","properties":{"HYRIV_ID":20884697,"NEXT_DOWN":20885088,"MAIN_RIV":20892193,"LENGTH_KM":11.03,"CATCH_SKM":49.150002,"DIS_AV_CMS":0.0,"ORD_STRA":1,"ORD_FLOW":10},"geometry":{"type":"LineString","coordinates":[[54.545833333332126,22.06249999999985],[54.535416666665384,22.052083333333194],[54.53124999999875,22.052083333333194],[54.52708333333209,22.047916666666545],[54.5145833333321,22.047916666666545],[54.510416666665435,22.04374999999984],[54.510416666665435,22.035416666666528],[54.49374999999873,22.018749999999848],[54.4854166666654,22.018749999999848],[54.48124999999877,22.014583333333185],[54.48124999999877,22.010416666666536],[54.477083333332104,22.00624999999983],[54.47291666666544,22.00624999999983]]}},{"type":"Feature","properties":{"HYRIV_ID":20884698,"NEXT_DOWN":20884699,"MAIN_RIV":20887902,"LENGTH_KM":1.79,"CATCH_SKM":14.72,"DIS_AV_CMS":0.0,"ORD_STRA":1,"ORD_FLOW":10},"geometry":{"type":"LineString","coordinates":[[55.12708333333208,22.02083333333318],[55.12708333333208,22.010416666666536],[55.131249999998744,22.00624999999983]]}},{"type":"Feature","properties":{"HYRIV_ID":20884699,"NEXT_DOWN":20884282,"MAIN_RIV":20887902,"LENGTH_KM":12.86,"CATCH_SKM":56.32,"DIS_AV_CMS":0.0,"ORD_STRA":3,"ORD_FLOW":10},"geometry":{"type":"LineString","coordinates":[[55.131249999998744,22.00624999999983],[55.14374999999879,22.00624999999983],[55.15624999999878,22.018749999999848],[55.164583333332075,22.018749999999848],[55.16874999999874,22.014583333333185],[55.197916666665435,22.014583333333185],[55.21874999999872,22.035416666666528],[55.21874999999872,22.047916666666545],[55.222916666665384,22.052083333333194]]}},{"type":"Feature","properties":{"HYRIV_ID":20884700,"NEXT_DOWN":20884861,"MAIN_RIV":20887902,"LENGTH_KM":1.06,"CATCH_SKM":1.59,"DIS_AV_CMS":0.0,"ORD_STRA":2,"ORD_FLOW":10},"geometry":{"type":"LineString","coordinates":[[55.32291666666535,22.00624999999983],[55.3270833333321,22.010416666666536],[55.33124999999876,22.010416666666536]]}},{"type":"Feature","properties":{"HYRIV_ID":20884701,"NEXT_DOWN":20884604,"MAIN_RIV":20887902,"LENGTH_KM":3.82,"CATCH_SKM":11.94,"DIS_AV_CMS":0.0,"ORD_STRA":3,"ORD_FLOW":10},"geometry":{"type":"LineString","coordinates":[[55.41041666666544,22.010416666666536],[55.414583333332104,22.00624999999983],[55.41874999999877,22.00624999999983],[55.4229166666654,22.010416666666536],[55.427083333332064,22.010416666666536],[55.43541666666539,22.018749999999848],[55.43958333333205,22.018749999999848]]}},{"type":"Feature","properties":{"HYRIV_ID":20884738,"NEXT_DOWN":20884696,"MAIN_RIV":20892193,"LENGTH_KM":1.74,"CATCH_SKM":14.33,"DIS_AV_CMS":0.0,"ORD_STRA":1,"ORD_FLOW":10},"geometry":{"type":"LineString","coordinates":[[54.43333333333209,22.002083333333168],[54.43958333333208,22.002083333333168],[54.443749999998744,22.00624999999983],[54.443749999998744,22.010416666666536]]}},{"type":"Feature","properties":{"HYRIV_ID":20884739,"NEXT_DOWN":20885343,"MAIN_RIV":20892193,"LENGTH_KM":4.8,"CATCH_SKM":26.66,"DIS_AV_CMS":0.0,"ORD_STRA":1,"ORD_FLOW":10},"geometry":{"type":"LineString","coordinates":[[54.833333333332064,22.02916666666649],[54.82291666666541,22.018749999999848],[54.82291666666541,22.014583333333185],[54.82708333333207,22.010416666666536],[54.83541666666548,22.010416666666536],[54.84374999999872,22.002083333333168]]}},{"type":"Feature","properties":{"HYRIV_ID":20884740,"NEXT_DOWN":20885343,"MAIN_RIV":20892193,"LENGTH_KM":4.0300002,"CATCH_SKM":24.280001,"DIS_AV_CMS":0.0,"ORD_STRA":1,"ORD_FLOW":10},"geometry":{"type":"LineString","coordinates":[[54.87499999999872,22.018749999999848],[54.86041666666543,22.018749999999848],[54.84374999999872,22.002083333333168]]}},{"type":"Feature","properties":{"HYRIV_ID":20884778,"NEXT_DOWN":20885089,"MAIN_RIV":20892193,"LENGTH_KM":4.02,"CATCH_SKM":7.7600002,"DIS_AV_CMS":0.0,"ORD_STRA":3,"ORD_FLOW":10},"geometry":{"type":"LineString","coordinates":[[54.57291666666541,22.018749999999848],[54.55624999999878,22.002083333333168],[54.55208333333212,22.002083333333168],[54.54791666666546,21.99791666666652],[54.543749999998795,21.99791666666652]]}},{"type":"Feature","properties":{"HYRIV_ID":20884779,"NEXT_DOWN":20884832,"MAIN_RIV":20887902,"LENGTH_KM":10.06,"CATCH_SKM":44.98,"DIS_AV_CMS":0.0,"ORD_STRA":6,"ORD_FLOW":10},"geometry":{"type":"LineString","coordinates":[[55.48124999999871,22.010416666666536],[55.48541666666537,22.00624999999983],[55.50208333333208,22.00624999999983],[55.506249999998744,22.002083333333168],[55.52708333333203,22.002083333333168],[55.53124999999869,21.99791666666652],[55.57291666666538,21.99791666666652]]}},{"type":"Feature","properties":{"HYRIV_ID":20884780,"NEXT_DOWN":20884832,"MAIN_RIV":20887902,"LENGTH_KM":10.88,"CATCH_SKM":34.419998,"DIS_AV_CMS":0.075,"ORD_STRA":2,"ORD_FLOW":8},"geometry":{"type":"LineString","coordinates":[[55.58958333333209,22.081249999999848],[55.585416666665424,22.081249999999848],[55.57708333333204,22.072916666666536],[55.57708333333204,22.04374999999984],[55.581249999998676,22.039583333333177],[55.581249999998676,22.031249999999865],[55.57291666666538,22.02291666666651],[55.57291666666538,22.010416666666536],[55.568749999998715,22.00624999999983],[55.57291666666538,22.002083333333168],[55.57291666666538,21.99791666666652]]}},{"type":"Feature","properties":{"HYRIV_ID":20884830,"NEXT_DOWN":20885087,"MAIN_RIV":20892193,"LENGTH_KM":5.35,"CATCH_SKM":21.690001,"DIS_AV_CMS":0.0,"ORD_STRA":1,"ORD_FLOW":10},"geometry":{"type":"LineString","coordinates":[[54.25416666666544,21.99791666666652],[54.26874999999876,21.99791666666652],[54.272916666665424,21.993749999999856],[54.28124999999872,21.993749999999856],[54.293749999998795,22.00624999999983],[54.293749999998795,22.010416666666536]]}},{"type":"Feature","properties":{"HYRIV_ID":20884831,"NEXT_DOWN":20884700,"MAIN_RIV":20887902,"LENGTH_KM":11.13,"CATCH_SKM":37.220001,"DIS_AV_CMS":0.0,"ORD_STRA":1,"ORD_FLOW":10},"geometry":{"type":"LineString","coordinates":[[55.22083333333205,21.993749999999856],[55.28541666666544,21.993749999999856],[55.29374999999874,22.002083333333168],[55.31041666666539,22.002083333333168],[55.31458333333205,22.00624999999983],[55.32291666666535,22.00624999999983]]}},{"type":"Feature","properties":{"HYRIV_ID":20884861,"NEXT_DOWN":20884701,"MAIN_RIV":20887902,"LENGTH_KM":12.3,"CATCH_SKM":30.65,"DIS_AV_CMS":0.0,"ORD_STRA":2,"ORD_FLOW":10},"geometry":{"type":"LineString","coordinates":[[55.33124999999876,22.010416666666536],[55.335416666665424,22.00624999999983],[55.335416666665424,22.002083333333168],[55.33958333333209,21.99791666666652],[55.34374999999872,22.002083333333168],[55.347916666665384,22.002083333333168],[55.35208333333205,22.00624999999983],[55.35624999999871,22.00624999999983],[55.36041666666537,22.002083333333168],[55.36041666666537,21.993749999999856],[55.36458333333212,21.989583333333194],[55.39791666666537,21.989583333333194],[55.402083333332115,21.993749999999856],[55.402083333332115,21.99791666666652],[55.41041666666544,22.00624999999983],[55.41041666666544,22.010416666666536]]}},{"type":"Feature","properties":{"HYRIV_ID":20884863,"NEXT_DOWN":20884902,"MAIN_RIV":20887902,"LENGTH_KM":7.64,"CATCH_SKM":25.27,"DIS_AV_CMS":0.002,"ORD_STRA":1,"ORD_FLOW":9},"geometry":{"type":"LineString","coordinates":[[55.612499999998704,22.049999999999876],[55.60624999999871,22.04374999999984],[55.60624999999871,22.035416666666528],[55.602083333332075,22.031249999999865],[55.602083333332075,22.027083333333202],[55.59791666666541,22.02291666666651],[55.59791666666541,22.018749999999848],[55.602083333332075,22.014583333333185],[55.602083333332075,21.993749999999856],[55.59791666666541,21.989583333333194]]}},{"type":"Feature","properties":{"HYRIV_ID":20884904,"NEXT_DOWN":20885042,"MAIN_RIV":20887902,"LENGTH_KM":13.91,"CATCH_SKM":44.77,"DIS_AV_CMS":0.017,"ORD_STRA":2,"ORD_FLOW":8},"geometry":{"type":"LineString","coordinates":[[55.66874999999877,22.08541666666651],[55.664583333332104,22.081249999999848],[55.664583333332104,22.072916666666536],[55.65624999999869,22.064583333333182],[55.65624999999869,22.06041666666652],[55.664583333332104,22.052083333333194],[55.660416666665355,22.047916666666545],[55.65624999999869,22.047916666666545],[55.65624999999869,22.04374999999984],[55.65208333333206,22.039583333333177],[55.65208333333206,22.035416666666528],[55.64374999999873,22.027083333333202],[55.64374999999873,22.02291666666651],[55.63541666666541,22.014583333333185],[55.63541666666541,22.002083333333168],[55.64374999999873,21.993749999999856],[55.64374999999873,21.989583333333194],[55.647916666665395,21.985416666666502]]}},{"type":"Feature","properties":{"HYRIV_ID":20884905,"NEXT_DOWN":20885042,"MAIN_RIV":20887902,"LENGTH_KM":3.48,"CATCH_SKM":23.48,"DIS_AV_CMS":0.005,"ORD_STRA":1,"ORD_FLOW":9},"geometry":{"type":"LineString","coordinates":[[55.6708333333321,22.008333333333205],[55.647916666665395,21.985416666666502]]}},{"type":"Feature","properties":{"HYRIV_ID":20884985,"NEXT_DOWN":20885979,"MAIN_RIV":20892193,"LENGTH_KM":23.43,"CATCH_SKM":69.860001,"DIS_AV_CMS":0.0,"ORD_STRA":2,"ORD_FLOW":10},"geometry":{"type":"LineString","coordinates":[[54.02708333333214,21.99791666666652],[54.031249999998806,22.002083333333168],[54.04791666666543,22.002083333333168],[54.056249999998755,21.993749999999856],[54.07291666666546,21.993749999999856],[54.077083333332126,21.989583333333194],[54.1104166666654,21.989583333333194],[54.114583333332064,21.985416666666502],[54.12708333333211,21.985416666666502],[54.135416666665435,21.993749999999856],[54.147916666665395,21.993749999999856],[54.16041666666547,22.00624999999983],[54.17291666666543,22.00624999999983],[54.17708333333209,22.010416666666536],[54.181249999998755,22.00624999999983],[54.18958333333208,22.00624999999983],[54.20624999999879,21.989583333333194],[54.20624999999879,21.985416666666502],[54.202083333332126,21.98124999999984],[54.20624999999879,21.977083333333177]]}},{"type":"Feature","properties":{"HYRIV_ID":20884988,"NEXT_DOWN":20884699,"MAIN_RIV":20887902,"LENGTH_KM":7.8600001,"CATCH_SKM":19.9,"DIS_AV_CMS":0.0,"ORD_STRA":3,"ORD_FLOW":10},"geometry":{"type":"LineString","coordinates":[[55.06874999999877,21.977083333333177],[55.072916666665435,21.98124999999984],[55.08124999999876,21.98124999999984],[55.085416666665395,21.985416666666502],[55.097916666665384,21.985416666666502],[55.11458333333209,22.002083333333168],[55.12708333333208,22.002083333333168],[55.131249999998744,22.00624999999983]]}},{"type":"Feature","properties":{"HYRIV_ID":20885087,"NEXT_DOWN":20885622,"MAIN_RIV":20892193,"LENGTH_KM":16.200001,"CATCH_SKM":55.330002,"DIS_AV_CMS":0.0,"ORD_STRA":2,"ORD_FLOW":10},"geometry":{"type":"LineString","coordinates":[[54.293749999998795,22.010416666666536],[54.32291666666541,22.010416666666536],[54.32708333333204,22.00624999999983],[54.34791666666544,22.00624999999983],[54.352083333332075,22.002083333333168],[54.35624999999874,22.002083333333168],[54.3604166666654,21.99791666666652],[54.37291666666539,21.99791666666652],[54.38124999999877,21.989583333333194],[54.3895833333321,21.989583333333194],[54.39374999999876,21.985416666666502],[54.40624999999872,21.985416666666502],[54.418749999998795,21.972916666666528],[54.42708333333212,21.972916666666528],[54.431249999998755,21.968749999999865]]}},{"type":"Feature","properties":{"HYRIV_ID":20885088,"NEXT_DOWN":20885172,"MAIN_RIV":20892193,"LENGTH_KM":6.5500002,"CATCH_SKM":16.120001,"DIS_AV_CMS":0.0,"ORD_STRA":5,"ORD_FLOW":10},"geometry":{"type":"LineString","coordinates":[[54.47291666666544,22.00624999999983],[54.48124999999877,21.99791666666652],[54.489583333332064,21.99791666666652],[54.51874999999876,21.968749999999865]]}},{"type":"Feature","properties":{"HYRIV_ID":20885174,"NEXT_DOWN":20885303,"MAIN_RIV":20892193,"LENGTH_KM":25.66,"CATCH_SKM":94.519997,"DIS_AV_CMS":0.0,"ORD_STRA":1,"ORD_FLOW":10},"geometry":{"type":"LineString","coordinates":[[54.8291666666654,22.070833333333162],[54.81458333333211,22.056249999999856],[54.810416666665446,22.056249999999856],[54.79791666666537,22.04374999999984],[54.77708333333209,22.04374999999984],[54.772916666665424,22.039583333333177],[54.756249999998715,22.039583333333177],[54.73541666666543,22.018749999999848],[54.73124999999877,22.018749999999848],[54.727083333332104,22.014583333333185],[54.71874999999869,22.014583333333185],[54.71458333333206,22.018749999999848],[54.710416666665395,22.018749999999848],[54.685416666665446,21.993749999999856],[54.67708333333212,21.993749999999856],[54.668749999998795,21.985416666666502],[54.65624999999875,21.985416666666502],[54.65208333333209,21.98124999999984],[54.65208333333209,21.972916666666528],[54.647916666665424,21.968749999999865],[54.647916666665424,21.964583333333202],[54.64374999999876,21.96041666666651]]}},{"type":"Feature","properties":{"HYRIV_ID":20885228,"NEXT_DOWN":20885342,"MAIN_RIV":20892193,"LENGTH_KM":10.99,"CATCH_SKM":48.369999,"DIS_AV_CMS":0.0,"ORD_STRA":1,"ORD_FLOW":10},"geometry":{"type":"LineString","coordinates":[[54.774999999998755,22.00624999999983],[54.73541666666543,22.00624999999983],[54.71458333333206,21.985416666666502],[54.71458333333206,21.977083333333177],[54.71874999999869,21.972916666666528],[54.71874999999869,21.964583333333202],[54.710416666665395,21.956249999999848]]}},{"type":"Feature","properties":{"HYRIV_ID":20885229,"NEXT_DOWN":20884700,"MAIN_RIV":20887902,"LENGTH_KM":24.190001,"CATCH_SKM":71.860001,"DIS_AV_CMS":0.0,"ORD_STRA":1,"ORD_FLOW":10},"geometry":{"type":"LineString","coordinates":[[55.14583333333212,21.966666666666534],[55.152083333332115,21.96041666666651],[55.164583333332075,21.96041666666651],[55.16874999999874,21.956249999999848],[55.177083333332064,21.956249999999848],[55.18124999999873,21.96041666666651],[55.197916666665435,21.96041666666651],[55.21874999999872,21.98124999999984],[55.222916666665384,21.98124999999984],[55.22708333333205,21.977083333333177],[55.24791666666542,21.977083333333177],[55.25208333333208,21.972916666666528],[55.256249999998744,21.977083333333177],[55.26041666666541,21.977083333333177],[55.26458333333204,21.972916666666528],[55.27291666666545,21.972916666666528],[55.277083333332115,21.968749999999865],[55.2979166666654,21.968749999999865],[55.302083333332064,21.972916666666528],[55.30624999999873,21.972916666666528],[55.31458333333205,21.98124999999984],[55.31458333333205,21.985416666666502],[55.3270833333321,21.99791666666652],[55.3270833333321,22.002083333333168],[55.32291666666535,22.00624999999983]]}},{"type":"Feature","properties":{"HYRIV_ID":20885343,"NEXT_DOWN":20885463,"MAIN_RIV":20892193,"LENGTH_KM":13.83,"CATCH_SKM":49.57,"DIS_AV_CMS":0.0,"ORD_STRA":2,"ORD_FLOW":10},"geometry":{"type":"LineString","coordinates":[[54.84374999999872,22.002083333333168],[54.84374999999872,21.99791666666652],[54.83124999999873,21.985416666666502],[54.82708333333207,21.985416666666502],[54.80624999999878,21.964583333333202],[54.79791666666537,21.964583333333202],[54.78541666666541,21.952083333333185],[54.75208333333205,21.952083333333185],[54.74791666666539,21.947916666666522],[54.74374999999873,21.947916666666522],[54.73958333333209,21.943749999999874]]}},{"type":"Feature","properties":{"HYRIV_ID":20885545,"NEXT_DOWN":20885583,"MAIN_RIV":20887902,"LENGTH_KM":13.63,"CATCH_SKM":41.8,"DIS_AV_CMS":0.0,"ORD_STRA":1,"ORD_FLOW":10},"geometry":{"type":"LineString","coordinates":[[55.70416666666537,22.016666666666517],[55.71041666666534,22.010416666666536],[55.71041666666534,21.99791666666652],[55.706249999998704,21.993749999999856],[55.70208333333204,21.99791666666652],[55.69791666666538,21.993749999999856],[55.69791666666538,21.989583333333194],[55.693749999998715,21.985416666666502],[55.693749999998715,21.977083333333177],[55.68124999999873,21.964583333333202],[55.68958333333205,21.956249999999848],[55.68958333333205,21.952083333333185],[55.68124999999873,21.943749999999874],[55.68124999999873,21.931249999999856],[55.67708333333209,21.927083333333194],[55.67708333333209,21.92291666666653]]}}]}