{"type":"FeatureCollection","features":[{"type":"Feature","properties":{"HYRIV_ID":20820835,"NEXT_DOWN":20819757,"MAIN_RIV":20812963,"LENGTH_KM":11.68,"CATCH_SKM":48.700001,"DIS_AV_CMS":0.009,"ORD_STRA":1,"ORD_FLOW":9},"geometry":{"type":"LineString","coordinates":[[36.46249999999904,27.999999999999737],[36.468749999999034,28.00624999999973],[36.468749999999034,28.010416666666437],[36.4729166666657,28.014583333333086],[36.4729166666657,28.031249999999723],[36.47708333333236,28.03541666666643],[36.48124999999902,28.03541666666643],[36.48541666666566,28.039583333333077],[36.48541666666566,28.04374999999974],[36.48124999999902,28.047916666666403],[36.48541666666566,28.052083333333094],[36.48541666666566,28.056249999999757],[36.48958333333232,28.06041666666642],[36.48958333333232,28.06874999999973],[36.49791666666573,28.077083333333086],[36.51041666666569,28.077083333333086]]}},{"type":"Feature","properties":{"HYRIV_ID":20820882,"NEXT_DOWN":20820063,"MAIN_RIV":20812963,"LENGTH_KM":9.2600002,"CATCH_SKM":42.450001,"DIS_AV_CMS":0.008,"ORD_STRA":1,"ORD_FLOW":9},"geometry":{"type":"LineString","coordinates":[[36.20833333333238,27.99583333333309],[36.18541666666576,28.01874999999975],[36.181249999999096,28.01874999999975],[36.181249999999096,28.031249999999723],[36.17708333333235,28.03541666666643],[36.17708333333235,28.047916666666403],[36.16874999999905,28.056249999999757],[36.160416666665725,28.056249999999757]]}},{"type":"Feature","properties":{"HYRIV_ID":20820883,"NEXT_DOWN":20820884,"MAIN_RIV":20812963,"LENGTH_KM":1.23,"CATCH_SKM":11.75,"DIS_AV_CMS":0.002,"ORD_STRA":1,"ORD_FLOW":9},"geometry":{"type":"LineString","coordinates":[[36.61249999999902,28.00208333333311],[36.61874999999898,28.00208333333311],[36.62291666666573,27.99791666666642]]}},{"type":"Feature","properties":{"HYRIV_ID":20820884,"NEXT_DOWN":20820705,"MAIN_RIV":20812963,"LENGTH_KM":2.6700001,"CATCH_SKM":3.98,"DIS_AV_CMS":0.008,"ORD_STRA":2,"ORD_FLOW":9},"geometry":{"type":"LineString","coordinates":[[36.62291666666573,27.99791666666642],[36.62708333333239,28.00208333333311],[36.631249999999056,28.00208333333311],[36.63541666666572,28.00624999999973],[36.63958333333238,28.00624999999973],[36.64374999999902,28.010416666666437]]}},{"type":"Feature","properties":{"HYRIV_ID":20820885,"NEXT_DOWN":20820641,"MAIN_RIV":20812963,"LENGTH_KM":2.47,"CATCH_SKM":13.46,"DIS_AV_CMS":0.002,"ORD_STRA":1,"ORD_FLOW":9},"geometry":{"type":"LineString","coordinates":[[36.71666666666573,27.99583333333309],[36.72708333333236,28.00624999999973],[36.72708333333236,28.014583333333086]]}},{"type":"Feature","properties":{"HYRIV_ID":20820886,"NEXT_DOWN":20820340,"MAIN_RIV":20812963,"LENGTH_KM":6.5900002,"CATCH_SKM":12.32,"DIS_AV_CMS":0.01,"ORD_STRA":2,"ORD_FLOW":8},"geometry":{"type":"LineString","coordinates":[[36.87708333333231,27.99791666666642],[36.87708333333231,28.00624999999973],[36.88124999999897,28.010416666666437],[36.88124999999897,28.01874999999975],[36.860416666665685,28.039583333333077],[36.85624999999902,28.03541666666643],[36.85208333333236,28.03541666666643]]}},{"type":"Feature","properties":{"HYRIV_ID":20820887,"NEXT_DOWN":20820764,"MAIN_RIV":20806384,"LENGTH_KM":4.2199998,"CATCH_SKM":19.33,"DIS_AV_CMS":0.007,"ORD_STRA":1,"ORD_FLOW":9},"geometry":{"type":"LineString","coordinates":[[37.82499999999905,27.99583333333309],[37.831249999999045,28.00208333333311],[37.83541666666571,28.00208333333311],[37.83958333333237,27.99791666666642],[37.843749999999005,28.00208333333311],[37.84791666666567,28.00208333333311],[37.856249999998994,28.010416666666437]]}},{"type":"Feature","properties":{"HYRIV_ID":20820888,"NEXT_DOWN":20820889,"MAIN_RIV":20806384,"LENGTH_KM":11.76,"CATCH_SKM":44.91,"DIS_AV_CMS":0.016,"ORD_STRA":1,"ORD_FLOW":8},"geometry":{"type":"LineString","coordinates":[[37.94166666666567,28.027083333333103],[37.95208333333238,28.027083333333103],[37.956249999999045,28.02291666666641],[37.96041666666571,28.02291666666641],[37.968749999999034,28.014583333333086],[37.97291666666567,28.01874999999975],[37.97708333333233,28.014583333333086],[37.98958333333232,28.014583333333086],[37.99374999999898,28.01874999999975],[38.014583333332354,28.01874999999975],[38.01874999999902,28.014583333333086],[38.01874999999902,28.010416666666437],[38.027083333332314,28.00208333333311],[38.03124999999906,28.00208333333311],[38.035416666665725,27.99791666666642]]}},{"type":"Feature","properties":{"HYRIV_ID":20820950,"NEXT_DOWN":20820338,"MAIN_RIV":20812963,"LENGTH_KM":5.48,"CATCH_SKM":46.82,"DIS_AV_CMS":0.007,"ORD_STRA":1,"ORD_FLOW":9},"geometry":{"type":"LineString","coordinates":[[36.14374999999902,27.991666666666426],[36.14374999999902,28.00208333333311],[36.13541666666569,28.010416666666437],[36.13541666666569,28.02291666666641],[36.13124999999903,28.027083333333103],[36.13541666666569,28.031249999999723],[36.13541666666569,28.03541666666643]]}},{"type":"Feature","properties":{"HYRIV_ID":20820951,"NEXT_DOWN":20819062,"MAIN_RIV":20812963,"LENGTH_KM":17.219999,"CATCH_SKM":61.389999,"DIS_AV_CMS":0.012,"ORD_STRA":1,"ORD_FLOW":8},"geometry":{"type":"LineString","coordinates":[[36.33958333333237,27.991666666666426],[36.33958333333237,27.99791666666642],[36.343749999999034,28.00208333333311],[36.343749999999034,28.00624999999973],[36.3479166666657,28.010416666666437],[36.3479166666657,28.01874999999975],[36.343749999999034,28.02291666666641],[36.35208333333236,28.031249999999723],[36.3479166666657,28.03541666666643],[36.3479166666657,28.04374999999974],[36.356249999998994,28.052083333333094],[36.356249999998994,28.077083333333086],[36.36041666666574,28.08124999999975],[36.36041666666574,28.089583333333074],[36.37291666666573,28.10208333333309],[36.37291666666573,28.10624999999974],[36.38124999999903,28.11458333333311],[36.38124999999903,28.127083333333083]]}},{"type":"Feature","properties":{"HYRIV_ID":20821014,"NEXT_DOWN":20819062,"MAIN_RIV":20812963,"LENGTH_KM":20.58,"CATCH_SKM":56.259998,"DIS_AV_CMS":0.02,"ORD_STRA":2,"ORD_FLOW":8},"geometry":{"type":"LineString","coordinates":[[36.297916666665714,27.989583333333094],[36.297916666665714,27.993749999999757],[36.29374999999905,27.99791666666642],[36.29374999999905,28.00208333333311],[36.297916666665714,28.00624999999973],[36.297916666665714,28.010416666666437],[36.30208333333235,28.014583333333086],[36.30624999999901,28.014583333333086],[36.31041666666576,28.01874999999975],[36.31041666666576,28.027083333333103],[36.30624999999901,28.031249999999723],[36.31458333333242,28.039583333333077],[36.31458333333242,28.04374999999974],[36.31041666666576,28.047916666666403],[36.31041666666576,28.052083333333094],[36.31458333333242,28.056249999999757],[36.31458333333242,28.06458333333307],[36.32291666666575,28.072916666666437],[36.32708333333241,28.072916666666437],[36.331249999999045,28.077083333333086],[36.331249999999045,28.08124999999975],[36.33541666666571,28.08541666666641],[36.33541666666571,28.089583333333074],[36.33958333333237,28.093749999999766],[36.33958333333237,28.09791666666643],[36.35208333333236,28.110416666666403],[36.36041666666574,28.110416666666403],[36.37291666666573,28.12291666666642],[36.37708333333239,28.12291666666642],[36.38124999999903,28.127083333333083]]}},{"type":"Feature","properties":{"HYRIV_ID":20821015,"NEXT_DOWN":20820442,"MAIN_RIV":20812307,"LENGTH_KM":4.79,"CATCH_SKM":23.309999,"DIS_AV_CMS":0.088,"ORD_STRA":4,"ORD_FLOW":8},"geometry":{"type":"LineString","coordinates":[[37.10208333333239,27.989583333333094],[37.10208333333239,28.00208333333311],[37.110416666665685,28.010416666666437],[37.110416666665685,28.014583333333086],[37.11458333333235,28.01874999999975],[37.11458333333235,28.02291666666641],[37.110416666665685,28.027083333333103]]}},{"type":"Feature","properties":{"HYRIV_ID":20821016,"NEXT_DOWN":20819890,"MAIN_RIV":20812307,"LENGTH_KM":12.12,"CATCH_SKM":40.18,"DIS_AV_CMS":0.009,"ORD_STRA":1,"ORD_FLOW":9},"geometry":{"type":"LineString","coordinates":[[37.14791666666571,27.987499999999763],[37.14791666666571,27.99791666666642],[37.15208333333237,27.99791666666642],[37.156249999999034,28.00208333333311],[37.156249999999034,28.014583333333086],[37.15208333333237,28.01874999999975],[37.15208333333237,28.02291666666641],[37.14791666666571,28.027083333333103],[37.14791666666571,28.031249999999723],[37.15208333333237,28.03541666666643],[37.122916666665674,28.06458333333307],[37.11874999999901,28.06458333333307],[37.11458333333235,28.06874999999973],[37.110416666665685,28.06874999999973]]}},{"type":"Feature","properties":{"HYRIV_ID":20821017,"NEXT_DOWN":20820644,"MAIN_RIV":20812307,"LENGTH_KM":14.29,"CATCH_SKM":71.07,"DIS_AV_CMS":0.032,"ORD_STRA":2,"ORD_FLOW":8},"geometry":{"type":"LineString","coordinates":[[37.58958333333234,28.03541666666643],[37.58124999999902,28.027083333333103],[37.57708333333238,28.027083333333103],[37.568749999999056,28.01874999999975],[37.568749999999056,28.014583333333086],[37.56458333333239,28.010416666666437],[37.56458333333239,28.00624999999973],[37.55624999999898,27.99791666666642],[37.55208333333235,27.99791666666642],[37.547916666665685,27.993749999999757],[37.5354166666657,27.993749999999757],[37.531249999999034,27.989583333333094],[37.51874999999899,27.989583333333094],[37.51458333333241,27.993749999999757],[37.51041666666566,27.993749999999757],[37.4979166666657,28.00624999999973],[37.49374999999904,28.00624999999973],[37.485416666665714,28.014583333333086]]}},{"type":"Feature","properties":{"HYRIV_ID":20821018,"NEXT_DOWN":20820889,"MAIN_RIV":20806384,"LENGTH_KM":4.3,"CATCH_SKM":24.26,"DIS_AV_CMS":0.008,"ORD_STRA":1,"ORD_FLOW":9},"geometry":{"type":"LineString","coordinates":[[37.995833333332314,27.989583333333094],[38.02291666666568,27.989583333333094],[38.027083333332314,27.993749999999757],[38.03124999999906,27.993749999999757],[38.035416666665725,27.99791666666642]]}},{"type":"Feature","properties":{"HYRIV_ID":20821065,"NEXT_DOWN":20821014,"MAIN_RIV":20812963,"LENGTH_KM":1.34,"CATCH_SKM":15.55,"DIS_AV_CMS":0.004,"ORD_STRA":1,"ORD_FLOW":9},"geometry":{"type":"LineString","coordinates":[[36.287499999999056,27.983333333333114],[36.29374999999905,27.989583333333094],[36.297916666665714,27.989583333333094]]}},{"type":"Feature","properties":{"HYRIV_ID":20821066,"NEXT_DOWN":20820339,"MAIN_RIV":20812963,"LENGTH_KM":6.4899998,"CATCH_SKM":21.8,"DIS_AV_CMS":0.031,"ORD_STRA":2,"ORD_FLOW":8},"geometry":{"type":"LineString","coordinates":[[36.50208333333239,27.98541666666643],[36.50208333333239,27.989583333333094],[36.506249999999056,27.993749999999757],[36.506249999999056,28.00208333333311],[36.51041666666569,28.00624999999973],[36.51041666666569,28.010416666666437],[36.506249999999056,28.014583333333086],[36.506249999999056,28.01874999999975],[36.50208333333239,28.02291666666641],[36.50208333333239,28.027083333333103],[36.51041666666569,28.03541666666643]]}},{"type":"Feature","properties":{"HYRIV_ID":20821067,"NEXT_DOWN":20820066,"MAIN_RIV":20812963,"LENGTH_KM":8.3400002,"CATCH_SKM":24.26,"DIS_AV_CMS":0.009,"ORD_STRA":2,"ORD_FLOW":9},"geometry":{"type":"LineString","coordinates":[[36.768749999999045,27.98541666666643],[36.768749999999045,28.010416666666437],[36.77708333333234,28.01874999999975],[36.77708333333234,28.052083333333094],[36.78124999999909,28.056249999999757]]}},{"type":"Feature","properties":{"HYRIV_ID":20821124,"NEXT_DOWN":20821125,"MAIN_RIV":20812307,"LENGTH_KM":6.73,"CATCH_SKM":31.280001,"DIS_AV_CMS":0.006,"ORD_STRA":1,"ORD_FLOW":9},"geometry":{"type":"LineString","coordinates":[[37.03333333333234,27.987499999999763],[37.04374999999908,27.99791666666642],[37.04791666666574,27.99791666666642],[37.052083333332405,27.993749999999757],[37.0604166666657,27.993749999999757],[37.064583333332365,27.989583333333094],[37.077083333332354,27.989583333333094],[37.08124999999902,27.98541666666643],[37.08541666666565,27.98541666666643],[37.08541666666565,27.981249999999783]]}},{"type":"Feature","properties":{"HYRIV_ID":20821125,"NEXT_DOWN":20821015,"MAIN_RIV":20812307,"LENGTH_KM":2.05,"CATCH_SKM":10.61,"DIS_AV_CMS":0.045,"ORD_STRA":3,"ORD_FLOW":8},"geometry":{"type":"LineString","coordinates":[[37.08541666666565,27.981249999999783],[37.089583333332314,27.98541666666643],[37.09374999999906,27.98541666666643],[37.097916666665725,27.989583333333094],[37.10208333333239,27.989583333333094]]}},{"type":"Feature","properties":{"HYRIV_ID":20821126,"NEXT_DOWN":20821015,"MAIN_RIV":20812307,"LENGTH_KM":1.08,"CATCH_SKM":2.08,"DIS_AV_CMS":0.039,"ORD_STRA":3,"ORD_FLOW":8},"geometry":{"type":"LineString","coordinates":[[37.097916666665725,27.981249999999783],[37.10208333333239,27.98541666666643],[37.10208333333239,27.989583333333094]]}},{"type":"Feature","properties":{"HYRIV_ID":20821127,"NEXT_DOWN":20820765,"MAIN_RIV":20806384,"LENGTH_KM":5.5500002,"CATCH_SKM":27.110001,"DIS_AV_CMS":0.009,"ORD_STRA":1,"ORD_FLOW":9},"geometry":{"type":"LineString","coordinates":[[37.83749999999904,27.981249999999783],[37.84791666666567,27.981249999999783],[37.85208333333233,27.98541666666643],[37.86041666666566,27.98541666666643],[37.88124999999903,28.00624999999973]]}},{"type":"Feature","properties":{"HYRIV_ID":20821128,"NEXT_DOWN":20820768,"MAIN_RIV":20806384,"LENGTH_KM":3.86,"CATCH_SKM":18.77,"DIS_AV_CMS":0.007,"ORD_STRA":1,"ORD_FLOW":9},"geometry":{"type":"LineString","coordinates":[[37.8791666666657,27.97916666666641],[37.9020833333324,28.00208333333311],[37.9020833333324,28.00624999999973]]}},{"type":"Feature","properties":{"HYRIV_ID":20821187,"NEXT_DOWN":20821066,"MAIN_RIV":20812963,"LENGTH_KM":1.95,"CATCH_SKM":14.22,"DIS_AV_CMS":0.002,"ORD_STRA":1,"ORD_FLOW":9},"geometry":{"type":"LineString","coordinates":[[36.516666666665685,27.974999999999746],[36.506249999999056,27.98541666666643],[36.50208333333239,27.98541666666643]]}},{"type":"Feature","properties":{"HYRIV_ID":20821188,"NEXT_DOWN":20820641,"MAIN_RIV":20812963,"LENGTH_KM":5.7399998,"CATCH_SKM":24.07,"DIS_AV_CMS":0.003,"ORD_STRA":1,"ORD_FLOW":9},"geometry":{"type":"LineString","coordinates":[[36.73958333333235,27.974999999999746],[36.73958333333235,27.98541666666643],[36.73124999999902,27.993749999999757],[36.73124999999902,27.99791666666642],[36.73958333333235,28.00624999999973],[36.73124999999902,28.014583333333086],[36.72708333333236,28.014583333333086]]}},{"type":"Feature","properties":{"HYRIV_ID":20821189,"NEXT_DOWN":20819249,"MAIN_RIV":20812963,"LENGTH_KM":20.5,"CATCH_SKM":64.610001,"DIS_AV_CMS":0.01,"ORD_STRA":1,"ORD_FLOW":8},"geometry":{"type":"LineString","coordinates":[[36.91041666666567,27.974999999999746],[36.91041666666567,27.981249999999783],[36.906249999999005,27.98541666666643],[36.91041666666567,27.989583333333094],[36.906249999999005,27.993749999999757],[36.90208333333234,27.993749999999757],[36.89791666666571,27.99791666666642],[36.89791666666571,28.01874999999975],[36.893749999999045,28.02291666666641],[36.893749999999045,28.027083333333103],[36.88124999999897,28.039583333333077],[36.88124999999897,28.04374999999974],[36.88541666666572,28.047916666666403],[36.88541666666572,28.056249999999757],[36.872916666665674,28.06874999999973],[36.872916666665674,28.072916666666437],[36.86874999999901,28.077083333333086],[36.872916666665674,28.08124999999975],[36.87708333333231,28.08124999999975],[36.88124999999897,28.08541666666641],[36.87708333333231,28.089583333333074],[36.87708333333231,28.10208333333309],[36.88958333333238,28.11458333333311],[36.90208333333234,28.11458333333311]]}},{"type":"Feature","properties":{"HYRIV_ID":20821244,"NEXT_DOWN":20820396,"MAIN_RIV":20812963,"LENGTH_KM":7.5700002,"CATCH_SKM":23.879999,"DIS_AV_CMS":0.032,"ORD_STRA":2,"ORD_FLOW":8},"geometry":{"type":"LineString","coordinates":[[36.38124999999903,27.972916666666414],[36.38541666666569,27.977083333333077],[36.38541666666569,27.981249999999783],[36.38124999999903,27.98541666666643],[36.38541666666569,27.989583333333094],[36.38541666666569,28.00208333333311],[36.38124999999903,28.00624999999973],[36.38124999999903,28.014583333333086],[36.37708333333239,28.01874999999975],[36.38124999999903,28.02291666666641],[36.38124999999903,28.027083333333103],[36.38541666666569,28.031249999999723]]}},{"type":"Feature","properties":{"HYRIV_ID":20821245,"NEXT_DOWN":20820886,"MAIN_RIV":20812963,"LENGTH_KM":3.09,"CATCH_SKM":6.0700002,"DIS_AV_CMS":0.007,"ORD_STRA":2,"ORD_FLOW":9},"geometry":{"type":"LineString","coordinates":[[36.86874999999901,27.972916666666414],[36.86874999999901,27.989583333333094],[36.87708333333231,27.99791666666642]]}},{"type":"Feature","properties":{"HYRIV_ID":20821246,"NEXT_DOWN":20820443,"MAIN_RIV":20812307,"LENGTH_KM":7.83,"CATCH_SKM":21.610001,"DIS_AV_CMS":0.013,"ORD_STRA":2,"ORD_FLOW":8},"geometry":{"type":"LineString","coordinates":[[37.22708333333239,27.972916666666414],[37.23124999999905,27.972916666666414],[37.23958333333238,27.981249999999783],[37.235416666665714,27.98541666666643],[37.235416666665714,27.989583333333094],[37.23124999999905,27.993749999999757],[37.23124999999905,27.99791666666642],[37.222916666665725,28.00624999999973],[37.222916666665725,28.010416666666437],[37.21458333333234,28.01874999999975],[37.21458333333234,28.02291666666641],[37.21041666666568,28.027083333333103]]}},{"type":"Feature","properties":{"HYRIV_ID":20821296,"NEXT_DOWN":20820705,"MAIN_RIV":20812963,"LENGTH_KM":5.56,"CATCH_SKM":23.32,"DIS_AV_CMS":0.003,"ORD_STRA":1,"ORD_FLOW":9},"geometry":{"type":"LineString","coordinates":[[36.62499999999906,27.966666666666434],[36.631249999999056,27.972916666666414],[36.631249999999056,27.977083333333077],[36.63541666666572,27.981249999999783],[36.63541666666572,27.989583333333094],[36.63958333333238,27.993749999999757],[36.63958333333238,27.99791666666642],[36.64374999999902,28.00208333333311],[36.64374999999902,28.010416666666437]]}},{"type":"Feature","properties":{"HYRIV_ID":20821297,"NEXT_DOWN":20820398,"MAIN_RIV":20812963,"LENGTH_KM":8.3900003,"CATCH_SKM":22.18,"DIS_AV_CMS":0.008,"ORD_STRA":2,"ORD_FLOW":9},"geometry":{"type":"LineString","coordinates":[[36.97708333333239,27.968749999999766],[36.97708333333239,28.00208333333311],[36.972916666665725,28.00624999999973],[36.972916666665725,28.01874999999975],[36.960416666665736,28.031249999999723],[36.952083333332354,28.031249999999723]]}},{"type":"Feature","properties":{"HYRIV_ID":20821298,"NEXT_DOWN":20821126,"MAIN_RIV":20812307,"LENGTH_KM":2.11,"CATCH_SKM":4.9299998,"DIS_AV_CMS":0.032,"ORD_STRA":3,"ORD_FLOW":8},"geometry":{"type":"LineString","coordinates":[[37.110416666665685,27.968749999999766],[37.10624999999905,27.968749999999766],[37.10208333333239,27.972916666666414],[37.10208333333239,27.977083333333077],[37.097916666665725,27.981249999999783]]}},{"type":"Feature","properties":{"HYRIV_ID":20821299,"NEXT_DOWN":20821300,"MAIN_RIV":20812307,"LENGTH_KM":2.25,"CATCH_SKM":14.22,"DIS_AV_CMS":0.003,"ORD_STRA":1,"ORD_FLOW":9},"geometry":{"type":"LineString","coordinates":[[37.29999999999907,27.968749999999766],[37.32291666666569,27.968749999999766]]}},{"type":"Feature","properties":{"HYRIV_ID":20821300,"NEXT_DOWN":20820444,"MAIN_RIV":20812307,"LENGTH_KM":7.8800001,"CATCH_SKM":38.66,"DIS_AV_CMS":1.24,"ORD_STRA":5,"ORD_FLOW":6},"geometry":{"type":"LineString","coordinates":[[37.32291666666569,27.968749999999766],[37.31458333333239,27.977083333333077],[37.31458333333239,27.981249999999783],[37.293749999998994,28.00208333333311],[37.293749999998994,28.00624999999973],[37.28958333333236,28.010416666666437],[37.28958333333236,28.01874999999975],[37.2854166666657,28.02291666666641],[37.2854166666657,28.027083333333103]]}},{"type":"Feature","properties":{"HYRIV_ID":20821301,"NEXT_DOWN":20822238,"MAIN_RIV":20812307,"LENGTH_KM":1.16,"CATCH_SKM":14.22,"DIS_AV_CMS":0.005,"ORD_STRA":1,"ORD_FLOW":9},"geometry":{"type":"LineString","coordinates":[[37.61041666666563,27.97916666666641],[37.61041666666563,27.968749999999766]]}},{"type":"Feature","properties":{"HYRIV_ID":20821347,"NEXT_DOWN":20820884,"MAIN_RIV":20812963,"LENGTH_KM":5.8600001,"CATCH_SKM":21.610001,"DIS_AV_CMS":0.007,"ORD_STRA":2,"ORD_FLOW":9},"geometry":{"type":"LineString","coordinates":[[36.585416666665736,27.96458333333306],[36.593749999999034,27.972916666666414],[36.60624999999902,27.972916666666414],[36.61874999999898,27.98541666666643],[36.61874999999898,27.993749999999757],[36.62291666666573,27.99791666666642]]}},{"type":"Feature","properties":{"HYRIV_ID":20821348,"NEXT_DOWN":20821246,"MAIN_RIV":20812307,"LENGTH_KM":5.9,"CATCH_SKM":22.75,"DIS_AV_CMS":0.005,"ORD_STRA":1,"ORD_FLOW":9},"geometry":{"type":"LineString","coordinates":[[37.179166666665736,27.96249999999973],[37.18541666666573,27.968749999999766],[37.18541666666573,27.972916666666414],[37.19374999999903,27.972916666666414],[37.19791666666569,27.977083333333077],[37.202083333332354,27.972916666666414],[37.22708333333239,27.972916666666414]]}},{"type":"Feature","properties":{"HYRIV_ID":20821349,"NEXT_DOWN":20821300,"MAIN_RIV":20812307,"LENGTH_KM":5.1300001,"CATCH_SKM":8.3400002,"DIS_AV_CMS":0.019,"ORD_STRA":2,"ORD_FLOW":8},"geometry":{"type":"LineString","coordinates":[[37.36874999999904,27.96458333333306],[37.360416666665714,27.96458333333306],[37.35624999999905,27.968749999999766],[37.33541666666568,27.968749999999766],[37.33124999999902,27.96458333333306],[37.327083333332354,27.96458333333306],[37.32291666666569,27.968749999999766]]}},{"type":"Feature","properties":{"HYRIV_ID":20821350,"NEXT_DOWN":20821349,"MAIN_RIV":20812307,"LENGTH_KM":1.39,"CATCH_SKM":14.41,"DIS_AV_CMS":0.004,"ORD_STRA":1,"ORD_FLOW":9},"geometry":{"type":"LineString","coordinates":[[37.374999999999005,27.974999999999746],[37.36874999999904,27.968749999999766],[37.36874999999904,27.96458333333306]]}},{"type":"Feature","properties":{"HYRIV_ID":20821351,"NEXT_DOWN":20822238,"MAIN_RIV":20812307,"LENGTH_KM":3.8,"CATCH_SKM":18.58,"DIS_AV_CMS":0.006,"ORD_STRA":1,"ORD_FLOW":9},"geometry":{"type":"LineString","coordinates":[[37.64166666666574,27.974999999999746],[37.63124999999903,27.96458333333306],[37.61874999999904,27.96458333333306],[37.61458333333238,27.968749999999766],[37.61041666666563,27.968749999999766]]}},{"type":"Feature","properties":{"HYRIV_ID":20821405,"NEXT_DOWN":20821244,"MAIN_RIV":20812963,"LENGTH_KM":2.6700001,"CATCH_SKM":6.2600002,"DIS_AV_CMS":0.023,"ORD_STRA":2,"ORD_FLOW":8},"geometry":{"type":"LineString","coordinates":[[36.36041666666574,27.960416666666397],[36.37291666666573,27.972916666666414],[36.38124999999903,27.972916666666414]]}},{"type":"Feature","properties":{"HYRIV_ID":20821406,"NEXT_DOWN":20820886,"MAIN_RIV":20812963,"LENGTH_KM":5.56,"CATCH_SKM":19.719999,"DIS_AV_CMS":0.002,"ORD_STRA":1,"ORD_FLOW":9},"geometry":{"type":"LineString","coordinates":[[36.90833333333234,27.95833333333308],[36.90208333333234,27.96458333333306],[36.90208333333234,27.968749999999766],[36.893749999999045,27.977083333333077],[36.893749999999045,27.981249999999783],[36.87708333333231,27.99791666666642]]}},{"type":"Feature","properties":{"HYRIV_ID":20821407,"NEXT_DOWN":20821408,"MAIN_RIV":20812307,"LENGTH_KM":3.34,"CATCH_SKM":14.98,"DIS_AV_CMS":0.003,"ORD_STRA":1,"ORD_FLOW":9},"geometry":{"type":"LineString","coordinates":[[37.04166666666575,27.960416666666397],[37.04791666666574,27.960416666666397],[37.052083333332405,27.96458333333306],[37.05624999999907,27.96458333333306],[37.0604166666657,27.968749999999766],[37.064583333332365,27.96458333333306],[37.064583333332365,27.960416666666397]]}},{"type":"Feature","properties":{"HYRIV_ID":20821408,"NEXT_DOWN":20821125,"MAIN_RIV":20812307,"LENGTH_KM":3.35,"CATCH_SKM":5.12,"DIS_AV_CMS":0.038,"ORD_STRA":3,"ORD_FLOW":8},"geometry":{"type":"LineString","coordinates":[[37.064583333332365,27.960416666666397],[37.07291666666569,27.968749999999766],[37.07291666666569,27.972916666666414],[37.077083333332354,27.977083333333077],[37.08124999999902,27.977083333333077],[37.08541666666565,27.981249999999783]]}},{"type":"Feature","properties":{"HYRIV_ID":20821409,"NEXT_DOWN":20821246,"MAIN_RIV":20812307,"LENGTH_KM":1.85,"CATCH_SKM":13.84,"DIS_AV_CMS":0.003,"ORD_STRA":1,"ORD_FLOW":9},"geometry":{"type":"LineString","coordinates":[[37.22083333333231,27.95833333333308],[37.22708333333239,27.96458333333306],[37.22708333333239,27.972916666666414]]}},{"type":"Feature","properties":{"HYRIV_ID":20821410,"NEXT_DOWN":20821349,"MAIN_RIV":20812307,"LENGTH_KM":10.26,"CATCH_SKM":50.240002,"DIS_AV_CMS":0.013,"ORD_STRA":1,"ORD_FLOW":8},"geometry":{"type":"LineString","coordinates":[[37.45833333333235,27.960416666666397],[37.443749999999056,27.960416666666397],[37.43958333333239,27.96458333333306],[37.43541666666573,27.960416666666397],[37.43124999999907,27.960416666666397],[37.42708333333232,27.96458333333306],[37.4104166666657,27.96458333333306],[37.406249999999034,27.960416666666397],[37.40208333333237,27.96458333333306],[37.39791666666571,27.96458333333306],[37.39374999999907,27.960416666666397],[37.389583333332325,27.96458333333306],[37.36874999999904,27.96458333333306]]}},{"type":"Feature","properties":{"HYRIV_ID":20821469,"NEXT_DOWN":20821468,"MAIN_RIV":20820639,"LENGTH_KM":0.82,"CATCH_SKM":1.14,"DIS_AV_CMS":0.073,"ORD_STRA":3,"ORD_FLOW":8},"geometry":{"type":"LineString","coordinates":[[36.002083333332365,27.95624999999975],[35.99374999999904,27.95624999999975]]}},{"type":"Feature","properties":{"HYRIV_ID":20821470,"NEXT_DOWN":20821469,"MAIN_RIV":20820639,"LENGTH_KM":7.04,"CATCH_SKM":26.35,"DIS_AV_CMS":0.003,"ORD_STRA":1,"ORD_FLOW":9},"geometry":{"type":"LineString","coordinates":[[36.045833333332354,27.99583333333309],[36.035416666665725,27.98541666666643],[36.035416666665725,27.977083333333077],[36.03124999999906,27.972916666666414],[36.01874999999899,27.972916666666414],[36.01041666666569,27.96458333333306],[36.01041666666569,27.960416666666397],[36.00624999999903,27.95624999999975],[36.002083333332365,27.95624999999975]]}},{"type":"Feature","properties":{"HYRIV_ID":20821471,"NEXT_DOWN":20820640,"MAIN_RIV":20812963,"LENGTH_KM":7.7199998,"CATCH_SKM":21.99,"DIS_AV_CMS":0.0,"ORD_STRA":3,"ORD_FLOW":10},"geometry":{"type":"LineString","coordinates":[[36.6854166666657,27.95624999999975],[36.672916666665714,27.968749999999766],[36.672916666665714,27.972916666666414],[36.66874999999905,27.977083333333077],[36.66874999999905,27.981249999999783],[36.65208333333234,27.99791666666642],[36.65208333333234,28.014583333333086]]}},{"type":"Feature","properties":{"HYRIV_ID":20821472,"NEXT_DOWN":20821297,"MAIN_RIV":20812963,"LENGTH_KM":2.57,"CATCH_SKM":28.639999,"DIS_AV_CMS":0.004,"ORD_STRA":1,"ORD_FLOW":9},"geometry":{"type":"LineString","coordinates":[[36.97083333333239,27.954166666666417],[36.9645833333324,27.960416666666397],[36.96874999999906,27.96458333333306],[36.972916666665725,27.96458333333306],[36.97708333333239,27.968749999999766]]}},{"type":"Feature","properties":{"HYRIV_ID":20821473,"NEXT_DOWN":20821297,"MAIN_RIV":20812963,"LENGTH_KM":1.78,"CATCH_SKM":13.65,"DIS_AV_CMS":0.002,"ORD_STRA":1,"ORD_FLOW":9},"geometry":{"type":"LineString","coordinates":[[36.98124999999902,27.954166666666417],[36.98124999999902,27.96458333333306],[36.97708333333239,27.968749999999766]]}},{"type":"Feature","properties":{"HYRIV_ID":20821521,"NEXT_DOWN":20821469,"MAIN_RIV":20820639,"LENGTH_KM":1.4400001,"CATCH_SKM":2.46,"DIS_AV_CMS":0.07,"ORD_STRA":3,"ORD_FLOW":8},"geometry":{"type":"LineString","coordinates":[[36.014583333332354,27.952083333333086],[36.00624999999903,27.952083333333086],[36.002083333332365,27.95624999999975]]}},{"type":"Feature","properties":{"HYRIV_ID":20821522,"NEXT_DOWN":20821300,"MAIN_RIV":20812307,"LENGTH_KM":2.1600001,"CATCH_SKM":5.5,"DIS_AV_CMS":1.251,"ORD_STRA":5,"ORD_FLOW":6},"geometry":{"type":"LineString","coordinates":[[37.32291666666569,27.952083333333086],[37.31874999999903,27.95624999999975],[37.31874999999903,27.96458333333306],[37.32291666666569,27.968749999999766]]}},{"type":"Feature","properties":{"HYRIV_ID":20821586,"NEXT_DOWN":20821244,"MAIN_RIV":20812963,"LENGTH_KM":3.24,"CATCH_SKM":19.91,"DIS_AV_CMS":0.005,"ORD_STRA":1,"ORD_FLOW":9},"geometry":{"type":"LineString","coordinates":[[36.38749999999902,27.945833333333105],[36.38124999999903,27.952083333333086],[36.38124999999903,27.972916666666414]]}},{"type":"Feature","properties":{"HYRIV_ID":20821587,"NEXT_DOWN":20821471,"MAIN_RIV":20812963,"LENGTH_KM":1.24,"CATCH_SKM":3.03,"DIS_AV_CMS":0.0,"ORD_STRA":3,"ORD_FLOW":10},"geometry":{"type":"LineString","coordinates":[[36.693749999999,27.947916666666423],[36.6854166666657,27.95624999999975]]}},{"type":"Feature","properties":{"HYRIV_ID":20821588,"NEXT_DOWN":20821752,"MAIN_RIV":20812307,"LENGTH_KM":4.73,"CATCH_SKM":37.349998,"DIS_AV_CMS":0.012,"ORD_STRA":1,"ORD_FLOW":8},"geometry":{"type":"LineString","coordinates":[[37.70833333333238,27.95833333333308],[37.71458333333234,27.96458333333306],[37.718749999999005,27.960416666666397],[37.718749999999005,27.952083333333086],[37.72291666666575,27.947916666666423],[37.73958333333229,27.947916666666423]]}},{"type":"Feature","properties":{"HYRIV_ID":20821589,"NEXT_DOWN":20821752,"MAIN_RIV":20812307,"LENGTH_KM":4.06,"CATCH_SKM":28.809999,"DIS_AV_CMS":0.01,"ORD_STRA":1,"ORD_FLOW":8},"geometry":{"type":"LineString","coordinates":[[37.76666666666566,27.970833333333097],[37.76041666666569,27.96458333333306],[37.76041666666569,27.960416666666397],[37.752083333332365,27.960416666666397],[37.73958333333229,27.947916666666423]]}},{"type":"Feature","properties":{"HYRIV_ID":20821643,"NEXT_DOWN":20821926,"MAIN_RIV":20820639,"LENGTH_KM":4.27,"CATCH_SKM":18.389999,"DIS_AV_CMS":0.002,"ORD_STRA":1,"ORD_FLOW":9},"geometry":{"type":"LineString","coordinates":[[36.20833333333238,27.970833333333097],[36.18958333333242,27.952083333333086],[36.18541666666576,27.952083333333086],[36.181249999999096,27.947916666666423],[36.181249999999096,27.943749999999774]]}},{"type":"Feature","properties":{"HYRIV_ID":20821644,"NEXT_DOWN":20821067,"MAIN_RIV":20812963,"LENGTH_KM":5.87,"CATCH_SKM":30.91,"DIS_AV_CMS":0.003,"ORD_STRA":1,"ORD_FLOW":9},"geometry":{"type":"LineString","coordinates":[[36.75833333333239,27.941666666666443],[36.76458333333238,27.947916666666423],[36.76041666666572,27.952083333333086],[36.76041666666572,27.960416666666397],[36.756249999999056,27.96458333333306],[36.756249999999056,27.968749999999766],[36.76458333333238,27.977083333333077],[36.76458333333238,27.981249999999783],[36.768749999999045,27.98541666666643]]}},{"type":"Feature","properties":{"HYRIV_ID":20821645,"NEXT_DOWN":20821929,"MAIN_RIV":20806384,"LENGTH_KM":10.3,"CATCH_SKM":39.619999,"DIS_AV_CMS":0.053,"ORD_STRA":2,"ORD_FLOW":8},"geometry":{"type":"LineString","coordinates":[[37.910416666665725,28.00624999999973],[37.92708333333235,27.989583333333094],[37.92708333333235,27.98541666666643],[37.93124999999901,27.989583333333094],[37.935416666665674,27.989583333333094],[37.947916666665634,27.977083333333077],[37.947916666665634,27.972916666666414],[37.96041666666571,27.960416666666397],[37.96041666666571,27.952083333333086],[37.968749999999034,27.943749999999774]]}},{"type":"Feature","properties":{"HYRIV_ID":20821700,"NEXT_DOWN":20821521,"MAIN_RIV":20820639,"LENGTH_KM":2.01,"CATCH_SKM":14.41,"DIS_AV_CMS":0.001,"ORD_STRA":1,"ORD_FLOW":9},"geometry":{"type":"LineString","coordinates":[[36.0041666666657,27.937499999999737],[36.014583333332354,27.947916666666423],[36.014583333332354,27.952083333333086]]}},{"type":"Feature","properties":{"HYRIV_ID":20821701,"NEXT_DOWN":20821521,"MAIN_RIV":20820639,"LENGTH_KM":1.85,"CATCH_SKM":9.4799995,"DIS_AV_CMS":0.069,"ORD_STRA":3,"ORD_FLOW":8},"geometry":{"type":"LineString","coordinates":[[36.0270833333324,27.93958333333307],[36.014583333332354,27.952083333333086]]}},{"type":"Feature","properties":{"HYRIV_ID":20821702,"NEXT_DOWN":20821014,"MAIN_RIV":20812963,"LENGTH_KM":6.7199998,"CATCH_SKM":29.389999,"DIS_AV_CMS":0.007,"ORD_STRA":1,"ORD_FLOW":9},"geometry":{"type":"LineString","coordinates":[[36.31458333333242,27.937499999999737],[36.31458333333242,27.947916666666423],[36.31041666666576,27.952083333333086],[36.31041666666576,27.960416666666397],[36.30208333333235,27.968749999999766],[36.30208333333235,27.972916666666414],[36.297916666665714,27.977083333333077],[36.30208333333235,27.981249999999783],[36.30208333333235,27.98541666666643],[36.297916666665714,27.989583333333094]]}},{"type":"Feature","properties":{"HYRIV_ID":20821703,"NEXT_DOWN":20821067,"MAIN_RIV":20812963,"LENGTH_KM":7.46,"CATCH_SKM":32.240002,"DIS_AV_CMS":0.003,"ORD_STRA":1,"ORD_FLOW":9},"geometry":{"type":"LineString","coordinates":[[36.80416666666571,27.937499999999737],[36.797916666665714,27.943749999999774],[36.797916666665714,27.947916666666423],[36.79374999999908,27.952083333333086],[36.79374999999908,27.95624999999975],[36.789583333332416,27.960416666666397],[36.789583333332416,27.96458333333306],[36.78541666666575,27.968749999999766],[36.789583333332416,27.972916666666414],[36.78541666666575,27.977083333333077],[36.77708333333234,27.977083333333077],[36.768749999999045,27.98541666666643]]}},{"type":"Feature","properties":{"HYRIV_ID":20821704,"NEXT_DOWN":20821298,"MAIN_RIV":20812307,"LENGTH_KM":5.1700001,"CATCH_SKM":17.83,"DIS_AV_CMS":0.004,"ORD_STRA":1,"ORD_FLOW":9},"geometry":{"type":"LineString","coordinates":[[37.12708333333234,27.937499999999737],[37.12708333333234,27.947916666666423],[37.122916666665674,27.947916666666423],[37.11874999999901,27.952083333333086],[37.110416666665685,27.952083333333086],[37.110416666665685,27.95624999999975],[37.10624999999905,27.960416666666397],[37.110416666665685,27.96458333333306],[37.110416666665685,27.968749999999766]]}},{"type":"Feature","properties":{"HYRIV_ID":20821748,"NEXT_DOWN":20821701,"MAIN_RIV":20820639,"LENGTH_KM":2.25,"CATCH_SKM":3.79,"DIS_AV_CMS":0.033,"ORD_STRA":3,"ORD_FLOW":8},"geometry":{"type":"LineString","coordinates":[[36.047916666665685,27.935416666666406],[36.04374999999902,27.93958333333307],[36.0270833333324,27.93958333333307]]}},{"type":"Feature","properties":{"HYRIV_ID":20821749,"NEXT_DOWN":20821748,"MAIN_RIV":20820639,"LENGTH_KM":4.8400002,"CATCH_SKM":26.540001,"DIS_AV_CMS":0.002,"ORD_STRA":1,"ORD_FLOW":9},"geometry":{"type":"LineString","coordinates":[[36.08333333333238,27.96249999999973],[36.068749999999056,27.947916666666423],[36.06458333333242,27.947916666666423],[36.06041666666576,27.943749999999774],[36.05624999999901,27.943749999999774],[36.047916666665685,27.935416666666406]]}},{"type":"Feature","properties":{"HYRIV_ID":20821750,"NEXT_DOWN":20821926,"MAIN_RIV":20820639,"LENGTH_KM":2.06,"CATCH_SKM":3.4100001,"DIS_AV_CMS":0.007,"ORD_STRA":2,"ORD_FLOW":9},"geometry":{"type":"LineString","coordinates":[[36.19791666666572,27.935416666666406],[36.18958333333242,27.935416666666406],[36.181249999999096,27.943749999999774]]}},{"type":"Feature","properties":{"HYRIV_ID":20821751,"NEXT_DOWN":20821750,"MAIN_RIV":20820639,"LENGTH_KM":6.4099998,"CATCH_SKM":23.52,"DIS_AV_CMS":0.003,"ORD_STRA":1,"ORD_FLOW":9},"geometry":{"type":"LineString","coordinates":[[36.2541666666657,27.93958333333307],[36.21458333333237,27.93958333333307],[36.21041666666571,27.943749999999774],[36.20208333333238,27.943749999999774],[36.19791666666572,27.93958333333307],[36.19791666666572,27.935416666666406]]}},{"type":"Feature","properties":{"HYRIV_ID":20821752,"NEXT_DOWN":20822135,"MAIN_RIV":20812307,"LENGTH_KM":1.7,"CATCH_SKM":2.84,"DIS_AV_CMS":0.023,"ORD_STRA":2,"ORD_FLOW":8},"geometry":{"type":"LineString","coordinates":[[37.73958333333229,27.947916666666423],[37.73958333333229,27.943749999999774],[37.7479166666657,27.935416666666406]]}},{"type":"Feature","properties":{"HYRIV_ID":20821810,"NEXT_DOWN":20821298,"MAIN_RIV":20812307,"LENGTH_KM":7.46,"CATCH_SKM":17.26,"DIS_AV_CMS":0.028,"ORD_STRA":3,"ORD_FLOW":8},"geometry":{"type":"LineString","coordinates":[[37.1604166666657,27.931249999999757],[37.1604166666657,27.935416666666406],[37.156249999999034,27.93958333333307],[37.15208333333237,27.93958333333307],[37.131249999999,27.960416666666397],[37.12708333333234,27.95624999999975],[37.122916666665674,27.960416666666397],[37.11874999999901,27.960416666666397],[37.110416666665685,27.968749999999766]]}},{"type":"Feature","properties":{"HYRIV_ID":20821811,"NEXT_DOWN":20822135,"MAIN_RIV":20812307,"LENGTH_KM":8.62,"CATCH_SKM":51.59,"DIS_AV_CMS":0.018,"ORD_STRA":1,"ORD_FLOW":8},"geometry":{"type":"LineString","coordinates":[[37.82499999999905,27.931249999999757],[37.80624999999901,27.931249999999757],[37.80208333333235,27.935416666666406],[37.797916666665685,27.931249999999757],[37.78124999999906,27.931249999999757],[37.77291666666565,27.93958333333307],[37.75624999999903,27.93958333333307],[37.752083333332365,27.935416666666406],[37.7479166666657,27.935416666666406]]}},{"type":"Feature","properties":{"HYRIV_ID":20821864,"NEXT_DOWN":20821701,"MAIN_RIV":20820639,"LENGTH_KM":1.54,"CATCH_SKM":2.09,"DIS_AV_CMS":0.035,"ORD_STRA":2,"ORD_FLOW":8},"geometry":{"type":"LineString","coordinates":[[36.03124999999906,27.927083333333094],[36.03124999999906,27.931249999999757],[36.0270833333324,27.935416666666406],[36.0270833333324,27.93958333333307]]}},{"type":"Feature","properties":{"HYRIV_ID":20821865,"NEXT_DOWN":20821748,"MAIN_RIV":20820639,"LENGTH_KM":1.65,"CATCH_SKM":2.09,"DIS_AV_CMS":0.031,"ORD_STRA":3,"ORD_FLOW":8},"geometry":{"type":"LineString","coordinates":[[36.06041666666576,27.927083333333094],[36.05624999999901,27.927083333333094],[36.047916666665685,27.935416666666406]]}},{"type":"Feature","properties":{"HYRIV_ID":20821866,"NEXT_DOWN":20821865,"MAIN_RIV":20820639,"LENGTH_KM":4.5100002,"CATCH_SKM":29.02,"DIS_AV_CMS":0.029,"ORD_STRA":3,"ORD_FLOW":8},"geometry":{"type":"LineString","coordinates":[[36.102083333332416,27.927083333333094],[36.068749999999056,27.927083333333094],[36.06458333333242,27.931249999999757],[36.06041666666576,27.927083333333094]]}},{"type":"Feature","properties":{"HYRIV_ID":20821867,"NEXT_DOWN":20821750,"MAIN_RIV":20820639,"LENGTH_KM":1.08,"CATCH_SKM":1.52,"DIS_AV_CMS":0.004,"ORD_STRA":2,"ORD_FLOW":9},"geometry":{"type":"LineString","coordinates":[[36.20208333333238,27.927083333333094],[36.20208333333238,27.931249999999757],[36.19791666666572,27.935416666666406]]}},{"type":"Feature","properties":{"HYRIV_ID":20821868,"NEXT_DOWN":20821347,"MAIN_RIV":20812963,"LENGTH_KM":5.25,"CATCH_SKM":19.73,"DIS_AV_CMS":0.003,"ORD_STRA":1,"ORD_FLOW":9},"geometry":{"type":"LineString","coordinates":[[36.57916666666574,27.924999999999763],[36.585416666665736,27.931249999999757],[36.585416666665736,27.935416666666406],[36.58958333333237,27.93958333333307],[36.585416666665736,27.943749999999774],[36.585416666665736,27.95624999999975],[36.58124999999907,27.960416666666397],[36.585416666665736,27.96458333333306]]}},{"type":"Feature","properties":{"HYRIV_ID":20821869,"NEXT_DOWN":20821408,"MAIN_RIV":20812307,"LENGTH_KM":4.1700001,"CATCH_SKM":9.29,"DIS_AV_CMS":0.035,"ORD_STRA":3,"ORD_FLOW":8},"geometry":{"type":"LineString","coordinates":[[37.052083333332405,27.927083333333094],[37.05624999999907,27.931249999999757],[37.05624999999907,27.943749999999774],[37.064583333332365,27.952083333333086],[37.064583333332365,27.960416666666397]]}},{"type":"Feature","properties":{"HYRIV_ID":20821870,"NEXT_DOWN":20821929,"MAIN_RIV":20806384,"LENGTH_KM":13.26,"CATCH_SKM":62.970001,"DIS_AV_CMS":0.022,"ORD_STRA":1,"ORD_FLOW":8},"geometry":{"type":"LineString","coordinates":[[37.86249999999899,27.93333333333309],[37.86874999999904,27.927083333333094],[37.877083333332365,27.927083333333094],[37.88124999999903,27.931249999999757],[37.88541666666569,27.931249999999757],[37.889583333332354,27.927083333333094],[37.90624999999906,27.927083333333094],[37.91458333333239,27.935416666666406],[37.91874999999902,27.935416666666406],[37.93124999999901,27.947916666666423],[37.93958333333234,27.947916666666423],[37.943749999999,27.952083333333086],[37.956249999999045,27.93958333333307],[37.96041666666571,27.93958333333307],[37.96458333333237,27.943749999999774],[37.968749999999034,27.943749999999774]]}},{"type":"Feature","properties":{"HYRIV_ID":20821926,"NEXT_DOWN":20821866,"MAIN_RIV":20820639,"LENGTH_KM":10.54,"CATCH_SKM":48.93,"DIS_AV_CMS":0.012,"ORD_STRA":2,"ORD_FLOW":8},"geometry":{"type":"LineString","coordinates":[[36.181249999999096,27.943749999999774],[36.17708333333235,27.93958333333307],[36.172916666665685,27.943749999999774],[36.16874999999905,27.93958333333307],[36.1520833333324,27.93958333333307],[36.14374999999902,27.931249999999757],[36.14374999999902,27.927083333333094],[36.139583333332354,27.92291666666643],[36.13541666666569,27.92291666666643],[36.13124999999903,27.927083333333094],[36.1229166666657,27.927083333333094],[36.11874999999904,27.931249999999757],[36.114583333332405,27.931249999999757],[36.11041666666574,27.927083333333094],[36.10624999999908,27.931249999999757],[36.102083333332416,27.927083333333094]]}},{"type":"Feature","properties":{"HYRIV_ID":20821927,"NEXT_DOWN":20821347,"MAIN_RIV":20812963,"LENGTH_KM":7.5100002,"CATCH_SKM":35.459999,"DIS_AV_CMS":0.011,"ORD_STRA":2,"ORD_FLOW":8},"geometry":{"type":"LineString","coordinates":[[36.53541666666575,27.92291666666643],[36.53958333333239,27.927083333333094],[36.54374999999905,27.927083333333094],[36.56458333333234,27.947916666666423],[36.56458333333234,27.95624999999975],[36.568749999999,27.960416666666397],[36.57708333333241,27.960416666666397],[36.58124999999907,27.96458333333306],[36.585416666665736,27.96458333333306]]}},{"type":"Feature","properties":{"HYRIV_ID":20821928,"NEXT_DOWN":20821810,"MAIN_RIV":20812307,"LENGTH_KM":1.39,"CATCH_SKM":11.95,"DIS_AV_CMS":0.003,"ORD_STRA":1,"ORD_FLOW":9},"geometry":{"type":"LineString","coordinates":[[37.16666666666566,27.9208333333331],[37.1604166666657,27.927083333333094],[37.1604166666657,27.931249999999757]]}},{"type":"Feature","properties":{"HYRIV_ID":20821929,"NEXT_DOWN":20822039,"MAIN_RIV":20806384,"LENGTH_KM":3.6,"CATCH_SKM":9.8599997,"DIS_AV_CMS":0.077,"ORD_STRA":2,"ORD_FLOW":8},"geometry":{"type":"LineString","coordinates":[[37.968749999999034,27.943749999999774],[37.97708333333233,27.935416666666406],[37.98541666666566,27.935416666666406],[37.98958333333232,27.931249999999757],[37.98958333333232,27.92291666666643]]}},{"type":"Feature","properties":{"HYRIV_ID":20822032,"NEXT_DOWN":20821927,"MAIN_RIV":20812963,"LENGTH_KM":1.39,"CATCH_SKM":10.81,"DIS_AV_CMS":0.002,"ORD_STRA":1,"ORD_FLOW":9},"geometry":{"type":"LineString","coordinates":[[36.54166666666572,27.912499999999746],[36.53541666666575,27.918749999999783],[36.53541666666575,27.92291666666643]]}},{"type":"Feature","properties":{"HYRIV_ID":20822033,"NEXT_DOWN":20822034,"MAIN_RIV":20812963,"LENGTH_KM":3.45,"CATCH_SKM":17.26,"DIS_AV_CMS":0.002,"ORD_STRA":1,"ORD_FLOW":9},"geometry":{"type":"LineString","coordinates":[[36.61666666666565,27.912499999999746],[36.62291666666573,27.918749999999783],[36.631249999999056,27.918749999999783],[36.63541666666572,27.92291666666643],[36.63958333333238,27.918749999999783],[36.63958333333238,27.914583333333077]]}},{"type":"Feature","properties":{"HYRIV_ID":20822034,"NEXT_DOWN":20821471,"MAIN_RIV":20812963,"LENGTH_KM":7.9200001,"CATCH_SKM":20.860001,"DIS_AV_CMS":0.002,"ORD_STRA":2,"ORD_FLOW":9},"geometry":{"type":"LineString","coordinates":[[36.63958333333238,27.914583333333077],[36.64791666666568,27.92291666666643],[36.65208333333234,27.92291666666643],[36.656249999999005,27.927083333333094],[36.65208333333234,27.931249999999757],[36.656249999999005,27.935416666666406],[36.66041666666567,27.935416666666406],[36.664583333332416,27.93958333333307],[36.672916666665714,27.93958333333307],[36.67708333333238,27.943749999999774],[36.68124999999904,27.943749999999774],[36.68124999999904,27.947916666666423],[36.6854166666657,27.952083333333086],[36.6854166666657,27.95624999999975]]}},{"type":"Feature","properties":{"HYRIV_ID":20822035,"NEXT_DOWN":20821245,"MAIN_RIV":20812963,"LENGTH_KM":8.7799997,"CATCH_SKM":31.860001,"DIS_AV_CMS":0.003,"ORD_STRA":1,"ORD_FLOW":9},"geometry":{"type":"LineString","coordinates":[[36.91041666666567,27.912499999999746],[36.91041666666567,27.92291666666643],[36.89791666666571,27.935416666666406],[36.893749999999045,27.935416666666406],[36.88541666666572,27.943749999999774],[36.88541666666572,27.947916666666423],[36.87708333333231,27.95624999999975],[36.87708333333231,27.968749999999766],[36.872916666665674,27.972916666666414],[36.86874999999901,27.972916666666414]]}},{"type":"Feature","properties":{"HYRIV_ID":20822036,"NEXT_DOWN":20821126,"MAIN_RIV":20812307,"LENGTH_KM":9.2700005,"CATCH_SKM":33.57,"DIS_AV_CMS":0.006,"ORD_STRA":1,"ORD_FLOW":9},"geometry":{"type":"LineString","coordinates":[[37.09166666666573,27.914583333333077],[37.097916666665725,27.914583333333077],[37.10208333333239,27.918749999999783],[37.10208333333239,27.92291666666643],[37.10624999999905,27.927083333333094],[37.10624999999905,27.93958333333307],[37.10208333333239,27.943749999999774],[37.10208333333239,27.947916666666423],[37.09374999999906,27.95624999999975],[37.09374999999906,27.960416666666397],[37.089583333332314,27.96458333333306],[37.09374999999906,27.968749999999766],[37.09374999999906,27.972916666666414],[37.097916666665725,27.977083333333077],[37.097916666665725,27.981249999999783]]}},{"type":"Feature","properties":{"HYRIV_ID":20822037,"NEXT_DOWN":20821522,"MAIN_RIV":20812307,"LENGTH_KM":11.97,"CATCH_SKM":39.450001,"DIS_AV_CMS":0.162,"ORD_STRA":3,"ORD_FLOW":7},"geometry":{"type":"LineString","coordinates":[[37.41874999999902,27.914583333333077],[37.4104166666657,27.92291666666643],[37.38541666666566,27.92291666666643],[37.381249999999,27.927083333333094],[37.36458333333238,27.927083333333094],[37.35624999999905,27.935416666666406],[37.35208333333239,27.935416666666406],[37.34791666666564,27.93958333333307],[37.34791666666564,27.943749999999774],[37.343749999999005,27.947916666666423],[37.33958333333234,27.947916666666423],[37.33124999999902,27.95624999999975],[37.327083333332354,27.952083333333086],[37.32291666666569,27.952083333333086]]}},{"type":"Feature","properties":{"HYRIV_ID":20822038,"NEXT_DOWN":20822037,"MAIN_RIV":20812307,"LENGTH_KM":2.6700001,"CATCH_SKM":15.36,"DIS_AV_CMS":0.004,"ORD_STRA":1,"ORD_FLOW":9},"geometry":{"type":"LineString","coordinates":[[37.441666666665725,27.914583333333077],[37.42708333333232,27.914583333333077],[37.422916666665685,27.918749999999783],[37.41874999999902,27.914583333333077]]}},{"type":"Feature","properties":{"HYRIV_ID":20822039,"NEXT_DOWN":20822040,"MAIN_RIV":20806384,"LENGTH_KM":1.65,"CATCH_SKM":1.9,"DIS_AV_CMS":0.086,"ORD_STRA":2,"ORD_FLOW":8},"geometry":{"type":"LineString","coordinates":[[37.98958333333232,27.92291666666643],[37.99374999999898,27.918749999999783],[37.99791666666562,27.918749999999783],[38.002083333332365,27.914583333333077]]}},{"type":"Feature","properties":{"HYRIV_ID":20822094,"NEXT_DOWN":20822039,"MAIN_RIV":20806384,"LENGTH_KM":4.3600001,"CATCH_SKM":23.9,"DIS_AV_CMS":0.009,"ORD_STRA":1,"ORD_FLOW":9},"geometry":{"type":"LineString","coordinates":[[37.954166666665714,27.910416666666414],[37.968749999999034,27.910416666666414],[37.97291666666567,27.914583333333077],[37.981249999998994,27.914583333333077],[37.98541666666566,27.918749999999783],[37.98958333333232,27.918749999999783],[37.98958333333232,27.92291666666643]]}},{"type":"Feature","properties":{"HYRIV_ID":20822132,"NEXT_DOWN":20821867,"MAIN_RIV":20820639,"LENGTH_KM":5.1900001,"CATCH_SKM":26.75,"DIS_AV_CMS":0.003,"ORD_STRA":1,"ORD_FLOW":9},"geometry":{"type":"LineString","coordinates":[[36.241666666665736,27.906249999999766],[36.23541666666574,27.906249999999766],[36.22708333333233,27.914583333333077],[36.22708333333233,27.918749999999783],[36.2229166666657,27.918749999999783],[36.21458333333237,27.927083333333094],[36.20208333333238,27.927083333333094]]}},{"type":"Feature","properties":{"HYRIV_ID":20822133,"NEXT_DOWN":20821405,"MAIN_RIV":20812963,"LENGTH_KM":7.2600002,"CATCH_SKM":25.610001,"DIS_AV_CMS":0.007,"ORD_STRA":1,"ORD_FLOW":9},"geometry":{"type":"LineString","coordinates":[[36.38749999999902,27.904166666666434],[36.37708333333239,27.914583333333077],[36.37708333333239,27.935416666666406],[36.37291666666573,27.93958333333307],[36.37291666666573,27.943749999999774],[36.36874999999907,27.947916666666423],[36.36874999999907,27.952083333333086],[36.36041666666574,27.960416666666397]]}},{"type":"Feature","properties":{"HYRIV_ID":20822134,"NEXT_DOWN":20821587,"MAIN_RIV":20812963,"LENGTH_KM":6.1300001,"CATCH_SKM":15.55,"DIS_AV_CMS":0.0,"ORD_STRA":3,"ORD_FLOW":10},"geometry":{"type":"LineString","coordinates":[[36.72708333333236,27.906249999999766],[36.7229166666657,27.910416666666414],[36.7229166666657,27.914583333333077],[36.710416666665736,27.927083333333094],[36.710416666665736,27.935416666666406],[36.69791666666566,27.947916666666423],[36.693749999999,27.947916666666423]]}},{"type":"Feature","properties":{"HYRIV_ID":20822135,"NEXT_DOWN":20822580,"MAIN_RIV":20812307,"LENGTH_KM":4.4299998,"CATCH_SKM":18.969999,"DIS_AV_CMS":0.046,"ORD_STRA":2,"ORD_FLOW":8},"geometry":{"type":"LineString","coordinates":[[37.7479166666657,27.935416666666406],[37.7479166666657,27.931249999999757],[37.74374999999904,27.927083333333094],[37.73958333333229,27.927083333333094],[37.731249999998994,27.918749999999783],[37.73541666666566,27.914583333333077],[37.73541666666566,27.910416666666414],[37.731249999998994,27.906249999999766]]}},{"type":"Feature","properties":{"HYRIV_ID":20822185,"NEXT_DOWN":20821867,"MAIN_RIV":20820639,"LENGTH_KM":3.1700001,"CATCH_SKM":18.02,"DIS_AV_CMS":0.001,"ORD_STRA":1,"ORD_FLOW":9},"geometry":{"type":"LineString","coordinates":[[36.206249999999045,27.89999999999977],[36.206249999999045,27.910416666666414],[36.20208333333238,27.914583333333077],[36.20208333333238,27.927083333333094]]}},{"type":"Feature","properties":{"HYRIV_ID":20822186,"NEXT_DOWN":20821522,"MAIN_RIV":20812307,"LENGTH_KM":6.1799998,"CATCH_SKM":28.07,"DIS_AV_CMS":1.108,"ORD_STRA":5,"ORD_FLOW":6},"geometry":{"type":"LineString","coordinates":[[37.33958333333234,27.902083333333103],[37.33541666666568,27.906249999999766],[37.33541666666568,27.927083333333094],[37.33124999999902,27.931249999999757],[37.33124999999902,27.935416666666406],[37.327083333332354,27.93958333333307],[37.327083333332354,27.947916666666423],[37.32291666666569,27.952083333333086]]}},{"type":"Feature","properties":{"HYRIV_ID":20822236,"NEXT_DOWN":20821810,"MAIN_RIV":20812307,"LENGTH_KM":4.48,"CATCH_SKM":8.9099998,"DIS_AV_CMS":0.023,"ORD_STRA":3,"ORD_FLOW":8},"geometry":{"type":"LineString","coordinates":[[37.13958333333238,27.89791666666644],[37.14791666666571,27.906249999999766],[37.14791666666571,27.918749999999783],[37.1604166666657,27.931249999999757]]}},{"type":"Feature","properties":{"HYRIV_ID":20822237,"NEXT_DOWN":20822441,"MAIN_RIV":20812307,"LENGTH_KM":3.4,"CATCH_SKM":27.309999,"DIS_AV_CMS":0.008,"ORD_STRA":1,"ORD_FLOW":9},"geometry":{"type":"LineString","coordinates":[[37.49583333333237,27.924999999999763],[37.50208333333234,27.918749999999783],[37.50208333333234,27.910416666666414],[37.4979166666657,27.906249999999766],[37.4979166666657,27.89791666666644]]}},{"type":"Feature","properties":{"HYRIV_ID":20822238,"NEXT_DOWN":20822441,"MAIN_RIV":20812307,"LENGTH_KM":15.68,"CATCH_SKM":59.169998,"DIS_AV_CMS":0.027,"ORD_STRA":2,"ORD_FLOW":8},"geometry":{"type":"LineString","coordinates":[[37.61041666666563,27.968749999999766],[37.606249999998965,27.96458333333306],[37.59791666666567,27.96458333333306],[37.593749999999005,27.960416666666397],[37.58958333333234,27.960416666666397],[37.58541666666568,27.95624999999975],[37.58958333333234,27.952083333333086],[37.58958333333234,27.947916666666423],[37.58541666666568,27.943749999999774],[37.58124999999902,27.943749999999774],[37.57708333333238,27.93958333333307],[37.57291666666572,27.93958333333307],[37.568749999999056,27.935416666666406],[37.56458333333239,27.935416666666406],[37.56041666666573,27.931249999999757],[37.54374999999902,27.931249999999757],[37.5354166666657,27.92291666666643],[37.531249999999034,27.92291666666643],[37.506249999999,27.89791666666644],[37.4979166666657,27.89791666666644]]}},{"type":"Feature","properties":{"HYRIV_ID":20822298,"NEXT_DOWN":20822134,"MAIN_RIV":20812963,"LENGTH_KM":2.01,"CATCH_SKM":14.23,"DIS_AV_CMS":0.002,"ORD_STRA":1,"ORD_FLOW":9},"geometry":{"type":"LineString","coordinates":[[36.71666666666573,27.891666666666417],[36.72708333333236,27.902083333333103],[36.72708333333236,27.906249999999766]]}},{"type":"Feature","properties":{"HYRIV_ID":20822372,"NEXT_DOWN":20820396,"MAIN_RIV":20812963,"LENGTH_KM":18.91,"CATCH_SKM":57.650002,"DIS_AV_CMS":0.013,"ORD_STRA":1,"ORD_FLOW":8},"geometry":{"type":"LineString","coordinates":[[36.41874999999905,27.887499999999754],[36.41874999999905,27.89791666666644],[36.422916666665714,27.902083333333103],[36.422916666665714,27.927083333333094],[36.42708333333238,27.931249999999757],[36.42708333333238,27.947916666666423],[36.43124999999904,27.952083333333086],[36.43124999999904,27.977083333333077],[36.422916666665714,27.98541666666643],[36.422916666665714,27.989583333333094],[36.410416666665725,28.00208333333311],[36.40208333333243,28.00208333333311],[36.39791666666568,28.00624999999973],[36.39791666666568,28.014583333333086],[36.39374999999902,28.01874999999975],[36.39374999999902,28.027083333333103],[36.389583333332354,28.031249999999723],[36.38541666666569,28.031249999999723]]}},{"type":"Feature","properties":{"HYRIV_ID":20822373,"NEXT_DOWN":20821869,"MAIN_RIV":20812307,"LENGTH_KM":5.2,"CATCH_SKM":15.18,"DIS_AV_CMS":0.024,"ORD_STRA":3,"ORD_FLOW":8},"geometry":{"type":"LineString","coordinates":[[37.039583333332416,27.889583333333086],[37.039583333332416,27.902083333333103],[37.04791666666574,27.910416666666414],[37.052083333332405,27.910416666666414],[37.05624999999907,27.914583333333077],[37.05624999999907,27.918749999999783],[37.052083333332405,27.92291666666643],[37.052083333332405,27.927083333333094]]}},{"type":"Feature","properties":{"HYRIV_ID":20822437,"NEXT_DOWN":20822134,"MAIN_RIV":20812963,"LENGTH_KM":3.1900001,"CATCH_SKM":8.54,"DIS_AV_CMS":0.002,"ORD_STRA":3,"ORD_FLOW":9},"geometry":{"type":"LineString","coordinates":[[36.74374999999901,27.885416666666423],[36.74374999999901,27.89374999999975],[36.73124999999902,27.906249999999766],[36.72708333333236,27.906249999999766]]}},{"type":"Feature","properties":{"HYRIV_ID":20822438,"NEXT_DOWN":20821245,"MAIN_RIV":20812963,"LENGTH_KM":11.53,"CATCH_SKM":38.880001,"DIS_AV_CMS":0.005,"ORD_STRA":2,"ORD_FLOW":9},"geometry":{"type":"LineString","coordinates":[[36.85208333333236,27.885416666666423],[36.85208333333236,27.902083333333103],[36.85624999999902,27.906249999999766],[36.85624999999902,27.92291666666643],[36.847916666665725,27.931249999999757],[36.85208333333236,27.935416666666406],[36.847916666665725,27.93958333333307],[36.85208333333236,27.943749999999774],[36.85208333333236,27.947916666666423],[36.85624999999902,27.952083333333086],[36.860416666665685,27.952083333333086],[36.86458333333235,27.95624999999975],[36.86458333333235,27.96458333333306],[36.86874999999901,27.968749999999766],[36.86874999999901,27.972916666666414]]}},{"type":"Feature","properties":{"HYRIV_ID":20822439,"NEXT_DOWN":20822438,"MAIN_RIV":20812963,"LENGTH_KM":1.43,"CATCH_SKM":11.57,"DIS_AV_CMS":0.002,"ORD_STRA":1,"ORD_FLOW":9},"geometry":{"type":"LineString","coordinates":[[36.86666666666568,27.885416666666423],[36.85208333333236,27.885416666666423]]}},{"type":"Feature","properties":{"HYRIV_ID":20822440,"NEXT_DOWN":20822578,"MAIN_RIV":20812307,"LENGTH_KM":1.23,"CATCH_SKM":15.18,"DIS_AV_CMS":0.003,"ORD_STRA":1,"ORD_FLOW":9},"geometry":{"type":"LineString","coordinates":[[37.20833333333235,27.889583333333086],[37.21458333333234,27.889583333333086],[37.21874999999898,27.885416666666423]]}},{"type":"Feature","properties":{"HYRIV_ID":20822441,"NEXT_DOWN":20822637,"MAIN_RIV":20812307,"LENGTH_KM":2.11,"CATCH_SKM":5.12,"DIS_AV_CMS":0.036,"ORD_STRA":2,"ORD_FLOW":8},"geometry":{"type":"LineString","coordinates":[[37.4979166666657,27.89791666666644],[37.49374999999904,27.89791666666644],[37.49374999999904,27.89374999999975],[37.485416666665714,27.885416666666423]]}},{"type":"Feature","properties":{"HYRIV_ID":20822500,"NEXT_DOWN":20821865,"MAIN_RIV":20820639,"LENGTH_KM":9.0600004,"CATCH_SKM":30.93,"DIS_AV_CMS":0.001,"ORD_STRA":1,"ORD_FLOW":9},"geometry":{"type":"LineString","coordinates":[[36.11249999999907,27.885416666666423],[36.10624999999908,27.885416666666423],[36.102083333332416,27.889583333333086],[36.093749999999005,27.88124999999976],[36.07291666666572,27.902083333333103],[36.068749999999056,27.902083333333103],[36.06041666666576,27.910416666666414],[36.06041666666576,27.927083333333094]]}},{"type":"Feature","properties":{"HYRIV_ID":20822501,"NEXT_DOWN":20822373,"MAIN_RIV":20812307,"LENGTH_KM":2.37,"CATCH_SKM":13.28,"DIS_AV_CMS":0.002,"ORD_STRA":1,"ORD_FLOW":9},"geometry":{"type":"LineString","coordinates":[[37.02083333333238,27.879166666666443],[37.031249999999034,27.889583333333086],[37.039583333332416,27.889583333333086]]}},{"type":"Feature","properties":{"HYRIV_ID":20822502,"NEXT_DOWN":20822578,"MAIN_RIV":20812307,"LENGTH_KM":0.46,"CATCH_SKM":0.19,"DIS_AV_CMS":0.025,"ORD_STRA":2,"ORD_FLOW":8},"geometry":{"type":"LineString","coordinates":[[37.21874999999898,27.88124999999976],[37.21874999999898,27.885416666666423]]}},{"type":"Feature","properties":{"HYRIV_ID":20822503,"NEXT_DOWN":20822801,"MAIN_RIV":20812307,"LENGTH_KM":13.98,"CATCH_SKM":55.950001,"DIS_AV_CMS":0.017,"ORD_STRA":1,"ORD_FLOW":8},"geometry":{"type":"LineString","coordinates":[[37.66249999999903,27.947916666666423],[37.65624999999906,27.947916666666423],[37.6520833333324,27.943749999999774],[37.647916666665736,27.943749999999774],[37.639583333332325,27.935416666666406],[37.63124999999903,27.935416666666406],[37.6229166666657,27.927083333333094],[37.61874999999904,27.927083333333094],[37.61458333333238,27.92291666666643],[37.61041666666563,27.92291666666643],[37.60208333333233,27.914583333333077],[37.60208333333233,27.906249999999766],[37.59791666666567,27.902083333333103],[37.57708333333238,27.902083333333103],[37.568749999999056,27.89374999999975],[37.568749999999056,27.889583333333086],[37.56458333333239,27.885416666666423],[37.56458333333239,27.88124999999976]]}},{"type":"Feature","properties":{"HYRIV_ID":20822504,"NEXT_DOWN":20822040,"MAIN_RIV":20806384,"LENGTH_KM":13.4,"CATCH_SKM":54.650002,"DIS_AV_CMS":0.019,"ORD_STRA":1,"ORD_FLOW":8},"geometry":{"type":"LineString","coordinates":[[37.912499999999056,27.88124999999976],[37.935416666665674,27.88124999999976],[37.93958333333234,27.885416666666423],[37.943749999999,27.88124999999976],[37.96041666666571,27.88124999999976],[37.96458333333237,27.885416666666423],[37.97708333333233,27.885416666666423],[37.981249999998994,27.88124999999976],[37.99791666666562,27.88124999999976],[38.002083333332365,27.885416666666423],[38.002083333332365,27.889583333333086],[38.00624999999903,27.89374999999975],[38.00624999999903,27.902083333333103],[38.002083333332365,27.906249999999766],[38.002083333332365,27.914583333333077]]}},{"type":"Feature","properties":{"HYRIV_ID":20822576,"NEXT_DOWN":20821864,"MAIN_RIV":20820639,"LENGTH_KM":7.21,"CATCH_SKM":22.200001,"DIS_AV_CMS":0.031,"ORD_STRA":2,"ORD_FLOW":8},"geometry":{"type":"LineString","coordinates":[[36.06041666666576,27.87708333333311],[36.05624999999901,27.88124999999976],[36.05624999999901,27.885416666666423],[36.05208333333235,27.889583333333086],[36.05208333333235,27.89374999999975],[36.05624999999901,27.89791666666644],[36.05208333333235,27.902083333333103],[36.05208333333235,27.906249999999766],[36.047916666665685,27.910416666666414],[36.047916666665685,27.914583333333077],[36.03958333333239,27.92291666666643],[36.035416666665725,27.92291666666643],[36.03124999999906,27.927083333333094]]}},{"type":"Feature","properties":{"HYRIV_ID":20822577,"NEXT_DOWN":20822236,"MAIN_RIV":20812307,"LENGTH_KM":5.1900001,"CATCH_SKM":26.76,"DIS_AV_CMS":0.005,"ORD_STRA":1,"ORD_FLOW":9},"geometry":{"type":"LineString","coordinates":[[37.099999999999056,27.87708333333311],[37.110416666665685,27.87708333333311],[37.11458333333235,27.88124999999976],[37.11458333333235,27.885416666666423],[37.11874999999901,27.889583333333086],[37.122916666665674,27.889583333333086],[37.12708333333234,27.89374999999975],[37.131249999999,27.89374999999975],[37.13541666666566,27.89791666666644],[37.13958333333238,27.89791666666644]]}},{"type":"Feature","properties":{"HYRIV_ID":20822578,"NEXT_DOWN":20819938,"MAIN_RIV":20812307,"LENGTH_KM":29.09,"CATCH_SKM":90.839996,"DIS_AV_CMS":0.045,"ORD_STRA":2,"ORD_FLOW":8},"geometry":{"type":"LineString","coordinates":[[37.21874999999898,27.885416666666423],[37.222916666665725,27.885416666666423],[37.22708333333239,27.889583333333086],[37.23124999999905,27.885416666666423],[37.235416666665714,27.885416666666423],[37.24374999999901,27.87708333333311],[37.247916666665674,27.87708333333311],[37.25208333333234,27.88124999999976],[37.256249999999,27.88124999999976],[37.26041666666575,27.885416666666423],[37.26458333333241,27.885416666666423],[37.26458333333241,27.89791666666644],[37.268749999999045,27.902083333333103],[37.268749999999045,27.906249999999766],[37.26458333333241,27.910416666666414],[37.268749999999045,27.914583333333077],[37.268749999999045,27.918749999999783],[37.27708333333237,27.927083333333094],[37.27708333333237,27.931249999999757],[37.27291666666571,27.935416666666406],[37.27291666666571,27.93958333333307],[37.268749999999045,27.943749999999774],[37.268749999999045,27.947916666666423],[37.26458333333241,27.952083333333086],[37.26458333333241,27.96458333333306],[37.25208333333234,27.977083333333077],[37.25208333333234,27.98541666666643],[37.24374999999901,27.993749999999757],[37.247916666665674,27.99791666666642],[37.247916666665674,28.00208333333311],[37.256249999999,28.010416666666437],[37.256249999999,28.02291666666641],[37.25208333333234,28.027083333333103],[37.25208333333234,28.03541666666643],[37.247916666665674,28.039583333333077],[37.247916666665674,28.04374999999974],[37.25208333333234,28.047916666666403],[37.25208333333234,28.052083333333094],[37.247916666665674,28.056249999999757],[37.256249999999,28.06458333333307]]}},{"type":"Feature","properties":{"HYRIV_ID":20822579,"NEXT_DOWN":20822801,"MAIN_RIV":20812307,"LENGTH_KM":1.4400001,"CATCH_SKM":2.6600001,"DIS_AV_CMS":0.087,"ORD_STRA":2,"ORD_FLOW":8},"geometry":{"type":"LineString","coordinates":[[37.57708333333238,27.87708333333311],[37.57291666666572,27.87708333333311],[37.568749999999056,27.88124999999976],[37.56458333333239,27.88124999999976]]}},{"type":"Feature","properties":{"HYRIV_ID":20822580,"NEXT_DOWN":20822579,"MAIN_RIV":20812307,"LENGTH_KM":19.209999,"CATCH_SKM":77.019997,"DIS_AV_CMS":0.078,"ORD_STRA":2,"ORD_FLOW":8},"geometry":{"type":"LineString","coordinates":[[37.731249999998994,27.906249999999766],[37.72708333333233,27.910416666666414],[37.718749999999005,27.910416666666414],[37.71458333333234,27.906249999999766],[37.706249999999045,27.906249999999766],[37.70208333333238,27.902083333333103],[37.69791666666572,27.902083333333103],[37.693749999999056,27.89791666666644],[37.67708333333235,27.89791666666644],[37.672916666665685,27.902083333333103],[37.66874999999902,27.89791666666644],[37.64374999999907,27.89791666666644],[37.639583333332325,27.902083333333103],[37.63541666666566,27.902083333333103],[37.63124999999903,27.906249999999766],[37.6229166666657,27.89791666666644],[37.6229166666657,27.889583333333086],[37.61458333333238,27.88124999999976],[37.606249999998965,27.88124999999976],[37.60208333333233,27.885416666666423],[37.58541666666568,27.885416666666423],[37.57708333333238,27.87708333333311]]}},{"type":"Feature","properties":{"HYRIV_ID":20822581,"NEXT_DOWN":20822580,"MAIN_RIV":20812307,"LENGTH_KM":9.1700001,"CATCH_SKM":37.380001,"DIS_AV_CMS":0.013,"ORD_STRA":1,"ORD_FLOW":8},"geometry":{"type":"LineString","coordinates":[[37.78958333333236,27.887499999999754],[37.78958333333236,27.88124999999976],[37.785416666665725,27.87708333333311],[37.7770833333324,27.87708333333311],[37.77291666666565,27.88124999999976],[37.76041666666569,27.88124999999976],[37.75624999999903,27.885416666666423],[37.7479166666657,27.885416666666423],[37.74374999999904,27.889583333333086],[37.73541666666566,27.889583333333086],[37.731249999998994,27.89374999999975],[37.731249999998994,27.89791666666644],[37.73541666666566,27.902083333333103],[37.731249999998994,27.906249999999766]]}},{"type":"Feature","properties":{"HYRIV_ID":20822634,"NEXT_DOWN":20821864,"MAIN_RIV":20820639,"LENGTH_KM":9.5100002,"CATCH_SKM":44.970001,"DIS_AV_CMS":0.004,"ORD_STRA":1,"ORD_FLOW":9},"geometry":{"type":"LineString","coordinates":[[35.98749999999907,27.87708333333311],[35.9979166666657,27.87708333333311],[36.002083333332365,27.872916666666406],[36.014583333332354,27.872916666666406],[36.01874999999899,27.87708333333311],[36.01874999999899,27.889583333333086],[36.022916666665736,27.89374999999975],[36.022916666665736,27.918749999999783],[36.03124999999906,27.927083333333094]]}},{"type":"Feature","properties":{"HYRIV_ID":20822635,"NEXT_DOWN":20822797,"MAIN_RIV":20820639,"LENGTH_KM":4.0100002,"CATCH_SKM":20.3,"DIS_AV_CMS":0.003,"ORD_STRA":1,"ORD_FLOW":9},"geometry":{"type":"LineString","coordinates":[[36.31666666666575,27.879166666666443],[36.31041666666576,27.885416666666423],[36.30208333333235,27.885416666666423],[36.29374999999905,27.87708333333311],[36.28958333333239,27.87708333333311],[36.285416666665725,27.872916666666406]]}},{"type":"Feature","properties":{"HYRIV_ID":20822636,"NEXT_DOWN":20822037,"MAIN_RIV":20812307,"LENGTH_KM":7.9200001,"CATCH_SKM":38.709999,"DIS_AV_CMS":0.162,"ORD_STRA":3,"ORD_FLOW":7},"geometry":{"type":"LineString","coordinates":[[37.47291666666567,27.872916666666406],[37.468749999999005,27.872916666666406],[37.46458333333234,27.87708333333311],[37.452083333332354,27.87708333333311],[37.44791666666572,27.88124999999976],[37.443749999999056,27.88124999999976],[37.43958333333239,27.885416666666423],[37.43958333333239,27.889583333333086],[37.41874999999902,27.910416666666414],[37.41874999999902,27.914583333333077]]}},{"type":"Feature","properties":{"HYRIV_ID":20822637,"NEXT_DOWN":20822636,"MAIN_RIV":20812307,"LENGTH_KM":2.11,"CATCH_SKM":10.24,"DIS_AV_CMS":0.152,"ORD_STRA":3,"ORD_FLOW":7},"geometry":{"type":"LineString","coordinates":[[37.485416666665714,27.885416666666423],[37.48124999999905,27.885416666666423],[37.4770833333323,27.88124999999976],[37.4770833333323,27.87708333333311],[37.47291666666567,27.872916666666406]]}},{"type":"Feature","properties":{"HYRIV_ID":20822696,"NEXT_DOWN":20822576,"MAIN_RIV":20820639,"LENGTH_KM":1.08,"CATCH_SKM":1.52,"DIS_AV_CMS":0.028,"ORD_STRA":2,"ORD_FLOW":8},"geometry":{"type":"LineString","coordinates":[[36.06458333333242,27.868749999999743],[36.06041666666576,27.872916666666406],[36.06041666666576,27.87708333333311]]}},{"type":"Feature","properties":{"HYRIV_ID":20822697,"NEXT_DOWN":20821927,"MAIN_RIV":20812963,"LENGTH_KM":9.1099997,"CATCH_SKM":37.57,"DIS_AV_CMS":0.007,"ORD_STRA":1,"ORD_FLOW":9},"geometry":{"type":"LineString","coordinates":[[36.47916666666569,27.866666666666426],[36.51041666666569,27.89791666666644],[36.51041666666569,27.906249999999766],[36.514583333332354,27.910416666666414],[36.51874999999902,27.910416666666414],[36.52291666666568,27.914583333333077],[36.52291666666568,27.918749999999783],[36.52708333333234,27.92291666666643],[36.53541666666575,27.92291666666643]]}},{"type":"Feature","properties":{"HYRIV_ID":20822796,"NEXT_DOWN":20821866,"MAIN_RIV":20820639,"LENGTH_KM":16.389999,"CATCH_SKM":51.990002,"DIS_AV_CMS":0.016,"ORD_STRA":2,"ORD_FLOW":8},"geometry":{"type":"LineString","coordinates":[[36.22708333333233,27.86041666666643],[36.21458333333237,27.86041666666643],[36.21041666666571,27.864583333333094],[36.206249999999045,27.864583333333094],[36.20208333333238,27.868749999999743],[36.17708333333235,27.868749999999743],[36.172916666665685,27.872916666666406],[36.16458333333239,27.872916666666406],[36.15624999999906,27.88124999999976],[36.1520833333324,27.88124999999976],[36.147916666665736,27.885416666666423],[36.147916666665736,27.889583333333086],[36.14374999999902,27.89374999999975],[36.14374999999902,27.89791666666644],[36.13541666666569,27.906249999999766],[36.13124999999903,27.906249999999766],[36.1229166666657,27.914583333333077],[36.114583333332405,27.914583333333077],[36.11041666666574,27.918749999999783],[36.10624999999908,27.918749999999783],[36.102083333332416,27.92291666666643],[36.102083333332416,27.927083333333094]]}},{"type":"Feature","properties":{"HYRIV_ID":20822797,"NEXT_DOWN":20822796,"MAIN_RIV":20820639,"LENGTH_KM":6.7800002,"CATCH_SKM":18.790001,"DIS_AV_CMS":0.011,"ORD_STRA":2,"ORD_FLOW":8},"geometry":{"type":"LineString","coordinates":[[36.285416666665725,27.872916666666406],[36.28124999999906,27.872916666666406],[36.277083333332314,27.868749999999743],[36.27291666666568,27.868749999999743],[36.26874999999902,27.864583333333094],[36.26041666666569,27.864583333333094],[36.25624999999903,27.868749999999743],[36.239583333332405,27.868749999999743],[36.23124999999908,27.86041666666643],[36.22708333333233,27.86041666666643]]}},{"type":"Feature","properties":{"HYRIV_ID":20822798,"NEXT_DOWN":20820340,"MAIN_RIV":20812963,"LENGTH_KM":25.889999,"CATCH_SKM":94.260002,"DIS_AV_CMS":0.007,"ORD_STRA":1,"ORD_FLOW":9},"geometry":{"type":"LineString","coordinates":[[36.824999999998994,27.8583333333331],[36.81874999999903,27.864583333333094],[36.81874999999903,27.87708333333311],[36.814583333332365,27.88124999999976],[36.81874999999903,27.885416666666423],[36.8104166666657,27.89374999999975],[36.8104166666657,27.92291666666643],[36.814583333332365,27.927083333333094],[36.814583333332365,27.93958333333307],[36.81874999999903,27.943749999999774],[36.827083333332325,27.943749999999774],[36.83124999999907,27.947916666666423],[36.82291666666569,27.95624999999975],[36.81874999999903,27.952083333333086],[36.814583333332365,27.95624999999975],[36.814583333332365,27.977083333333077],[36.835416666665736,27.99791666666642],[36.8395833333324,27.99791666666642],[36.8395833333324,28.00624999999973],[36.847916666665725,28.014583333333086],[36.847916666665725,28.01874999999975],[36.85208333333236,28.02291666666641],[36.85624999999902,28.02291666666641],[36.860416666665685,28.027083333333103],[36.85208333333236,28.03541666666643]]}},{"type":"Feature","properties":{"HYRIV_ID":20822799,"NEXT_DOWN":20822186,"MAIN_RIV":20812307,"LENGTH_KM":5.4099998,"CATCH_SKM":12.52,"DIS_AV_CMS":0.163,"ORD_STRA":4,"ORD_FLOW":7},"geometry":{"type":"LineString","coordinates":[[37.35208333333239,27.86041666666643],[37.35208333333239,27.864583333333094],[37.35624999999905,27.868749999999743],[37.35624999999905,27.87708333333311],[37.34791666666564,27.885416666666423],[37.34791666666564,27.889583333333086],[37.33958333333234,27.89791666666644],[37.33958333333234,27.902083333333103]]}},{"type":"Feature","properties":{"HYRIV_ID":20822800,"NEXT_DOWN":20822637,"MAIN_RIV":20812307,"LENGTH_KM":6.4200001,"CATCH_SKM":16.51,"DIS_AV_CMS":0.115,"ORD_STRA":2,"ORD_FLOW":7},"geometry":{"type":"LineString","coordinates":[[37.5354166666657,27.86041666666643],[37.52708333333237,27.868749999999743],[37.52708333333237,27.872916666666406],[37.522916666665736,27.87708333333311],[37.50208333333234,27.87708333333311],[37.4979166666657,27.88124999999976],[37.48958333333238,27.88124999999976],[37.485416666665714,27.885416666666423]]}},{"type":"Feature","properties":{"HYRIV_ID":20822801,"NEXT_DOWN":20822800,"MAIN_RIV":20812307,"LENGTH_KM":4.1700001,"CATCH_SKM":16.129999,"DIS_AV_CMS":0.107,"ORD_STRA":2,"ORD_FLOW":7},"geometry":{"type":"LineString","coordinates":[[37.56458333333239,27.88124999999976],[37.56041666666573,27.87708333333311],[37.56041666666573,27.872916666666406],[37.55624999999898,27.868749999999743],[37.547916666665685,27.868749999999743],[37.54374999999902,27.864583333333094],[37.53958333333236,27.864583333333094],[37.5354166666657,27.86041666666643]]}},{"type":"Feature","properties":{"HYRIV_ID":20822842,"NEXT_DOWN":20822034,"MAIN_RIV":20812963,"LENGTH_KM":8.8,"CATCH_SKM":21.059999,"DIS_AV_CMS":0.006,"ORD_STRA":2,"ORD_FLOW":9},"geometry":{"type":"LineString","coordinates":[[36.5979166666657,27.85624999999977],[36.60624999999902,27.85624999999977],[36.61458333333235,27.864583333333094],[36.61874999999898,27.864583333333094],[36.62291666666573,27.868749999999743],[36.62291666666573,27.87708333333311],[36.62708333333239,27.88124999999976],[36.62708333333239,27.89374999999975],[36.63541666666572,27.902083333333103],[36.63541666666572,27.906249999999766],[36.63958333333238,27.910416666666414],[36.63958333333238,27.914583333333077]]}},{"type":"Feature","properties":{"HYRIV_ID":20822843,"NEXT_DOWN":20821869,"MAIN_RIV":20812307,"LENGTH_KM":18.459999,"CATCH_SKM":87.849998,"DIS_AV_CMS":0.011,"ORD_STRA":1,"ORD_FLOW":8},"geometry":{"type":"LineString","coordinates":[[36.91666666666575,27.85624999999977],[36.92291666666574,27.85624999999977],[36.93124999999904,27.864583333333094],[36.9354166666657,27.864583333333094],[36.939583333332365,27.868749999999743],[36.94374999999903,27.868749999999743],[36.94791666666569,27.872916666666406],[36.952083333332354,27.872916666666406],[36.95624999999899,27.87708333333311],[36.9645833333324,27.87708333333311],[36.972916666665725,27.885416666666423],[36.972916666665725,27.889583333333086],[36.98124999999902,27.89791666666644],[36.98958333333235,27.89791666666644],[36.99374999999901,27.902083333333103],[36.99374999999901,27.906249999999766],[36.997916666665674,27.910416666666414],[37.00208333333234,27.910416666666414],[37.006249999999056,27.914583333333077],[37.006249999999056,27.918749999999783],[37.01041666666572,27.918749999999783],[37.01458333333238,27.914583333333077],[37.018749999999045,27.918749999999783],[37.02708333333237,27.918749999999783],[37.03541666666567,27.927083333333094],[37.04374999999908,27.927083333333094],[37.04791666666574,27.931249999999757],[37.052083333332405,27.927083333333094]]}},{"type":"Feature","properties":{"HYRIV_ID":20822844,"NEXT_DOWN":20822373,"MAIN_RIV":20812307,"LENGTH_KM":4.02,"CATCH_SKM":12.52,"DIS_AV_CMS":0.02,"ORD_STRA":3,"ORD_FLOW":8},"geometry":{"type":"LineString","coordinates":[[37.031249999999034,27.85624999999977],[37.031249999999034,27.872916666666406],[37.039583333332416,27.88124999999976],[37.039583333332416,27.889583333333086]]}},{"type":"Feature","properties":{"HYRIV_ID":20822845,"NEXT_DOWN":20822579,"MAIN_RIV":20812307,"LENGTH_KM":4.5300002,"CATCH_SKM":27.33,"DIS_AV_CMS":0.009,"ORD_STRA":1,"ORD_FLOW":9},"geometry":{"type":"LineString","coordinates":[[37.61249999999896,27.85624999999977],[37.606249999998965,27.85624999999977],[37.60208333333233,27.86041666666643],[37.59791666666567,27.86041666666643],[37.58124999999902,27.87708333333311],[37.57708333333238,27.87708333333311]]}},{"type":"Feature","properties":{"HYRIV_ID":20822891,"NEXT_DOWN":20821587,"MAIN_RIV":20812963,"LENGTH_KM":12.72,"CATCH_SKM":41.360001,"DIS_AV_CMS":0.0,"ORD_STRA":2,"ORD_FLOW":10},"geometry":{"type":"LineString","coordinates":[[36.65208333333234,27.852083333333077],[36.656249999999005,27.85624999999977],[36.66041666666567,27.85624999999977],[36.66874999999905,27.864583333333094],[36.66874999999905,27.868749999999743],[36.67708333333238,27.87708333333311],[36.67708333333238,27.88124999999976],[36.68124999999904,27.885416666666423],[36.68124999999904,27.889583333333086],[36.6854166666657,27.889583333333086],[36.689583333332365,27.89374999999975],[36.689583333332365,27.910416666666414],[36.693749999999,27.914583333333077],[36.693749999999,27.947916666666423]]}},{"type":"Feature","properties":{"HYRIV_ID":20822892,"NEXT_DOWN":20822437,"MAIN_RIV":20812963,"LENGTH_KM":5.0500002,"CATCH_SKM":20.879999,"DIS_AV_CMS":0.006,"ORD_STRA":3,"ORD_FLOW":9},"geometry":{"type":"LineString","coordinates":[[36.77291666666568,27.852083333333077],[36.77291666666568,27.85624999999977],[36.76458333333238,27.864583333333094],[36.76458333333238,27.868749999999743],[36.75208333333239,27.88124999999976],[36.747916666665645,27.88124999999976],[36.74374999999901,27.885416666666423]]}},{"type":"Feature","properties":{"HYRIV_ID":20822893,"NEXT_DOWN":20822894,"MAIN_RIV":20812307,"LENGTH_KM":3.4,"CATCH_SKM":18.59,"DIS_AV_CMS":0.004,"ORD_STRA":1,"ORD_FLOW":9},"geometry":{"type":"LineString","coordinates":[[37.3083333333324,27.874999999999737],[37.33124999999902,27.852083333333077]]}},{"type":"Feature","properties":{"HYRIV_ID":20822894,"NEXT_DOWN":20822799,"MAIN_RIV":20812307,"LENGTH_KM":2.47,"CATCH_SKM":4.5500002,"DIS_AV_CMS":0.025,"ORD_STRA":3,"ORD_FLOW":8},"geometry":{"type":"LineString","coordinates":[[37.33124999999902,27.852083333333077],[37.33958333333234,27.86041666666643],[37.35208333333239,27.86041666666643]]}},{"type":"Feature","properties":{"HYRIV_ID":20822895,"NEXT_DOWN":20822636,"MAIN_RIV":20812307,"LENGTH_KM":4.6300001,"CATCH_SKM":26.0,"DIS_AV_CMS":0.007,"ORD_STRA":1,"ORD_FLOW":9},"geometry":{"type":"LineString","coordinates":[[37.50833333333233,27.849999999999746],[37.4979166666657,27.86041666666643],[37.49374999999904,27.86041666666643],[37.48958333333238,27.864583333333094],[37.485416666665714,27.864583333333094],[37.48124999999905,27.868749999999743],[37.4770833333323,27.868749999999743],[37.47291666666567,27.872916666666406]]}},{"type":"Feature","properties":{"HYRIV_ID":20822943,"NEXT_DOWN":20822844,"MAIN_RIV":20812307,"LENGTH_KM":1.08,"CATCH_SKM":3.61,"DIS_AV_CMS":0.015,"ORD_STRA":3,"ORD_FLOW":8},"geometry":{"type":"LineString","coordinates":[[37.02708333333237,27.847916666666414],[37.02708333333237,27.852083333333077],[37.031249999999034,27.85624999999977]]}},{"type":"Feature","properties":{"HYRIV_ID":20823008,"NEXT_DOWN":20822696,"MAIN_RIV":20820639,"LENGTH_KM":3.48,"CATCH_SKM":17.459999,"DIS_AV_CMS":0.001,"ORD_STRA":1,"ORD_FLOW":9},"geometry":{"type":"LineString","coordinates":[[36.05208333333235,27.841666666666434],[36.05208333333235,27.847916666666414],[36.05624999999901,27.852083333333077],[36.05624999999901,27.86041666666643],[36.06458333333242,27.868749999999743]]}},{"type":"Feature","properties":{"HYRIV_ID":20823009,"NEXT_DOWN":20821405,"MAIN_RIV":20812963,"LENGTH_KM":16.68,"CATCH_SKM":59.009998,"DIS_AV_CMS":0.015,"ORD_STRA":1,"ORD_FLOW":8},"geometry":{"type":"LineString","coordinates":[[36.39166666666577,27.841666666666434],[36.38124999999903,27.852083333333077],[36.38124999999903,27.86041666666643],[36.37708333333239,27.864583333333094],[36.36874999999907,27.864583333333094],[36.36041666666574,27.872916666666406],[36.36041666666574,27.87708333333311],[36.356249999998994,27.88124999999976],[36.356249999998994,27.885416666666423],[36.35208333333236,27.889583333333086],[36.35208333333236,27.89791666666644],[36.356249999998994,27.902083333333103],[36.356249999998994,27.910416666666414],[36.35208333333236,27.914583333333077],[36.35208333333236,27.918749999999783],[36.3479166666657,27.92291666666643],[36.3479166666657,27.93958333333307],[36.343749999999034,27.943749999999774],[36.35208333333236,27.952083333333086],[36.356249999998994,27.952083333333086],[36.36041666666574,27.95624999999975],[36.36041666666574,27.960416666666397]]}},{"type":"Feature","properties":{"HYRIV_ID":20823010,"NEXT_DOWN":20821066,"MAIN_RIV":20812963,"LENGTH_KM":18.23,"CATCH_SKM":83.459999,"DIS_AV_CMS":0.028,"ORD_STRA":2,"ORD_FLOW":8},"geometry":{"type":"LineString","coordinates":[[36.45208333333241,27.84374999999975],[36.45208333333241,27.847916666666414],[36.44791666666575,27.852083333333077],[36.44791666666575,27.864583333333094],[36.45208333333241,27.868749999999743],[36.45208333333241,27.87708333333311],[36.45624999999907,27.88124999999976],[36.45624999999907,27.89374999999975],[36.46041666666571,27.89791666666644],[36.46041666666571,27.902083333333103],[36.46458333333237,27.906249999999766],[36.46458333333237,27.918749999999783],[36.46041666666571,27.92291666666643],[36.46458333333237,27.927083333333094],[36.46458333333237,27.931249999999757],[36.48124999999902,27.947916666666423],[36.48124999999902,27.95624999999975],[36.48541666666566,27.960416666666397],[36.48541666666566,27.96458333333306],[36.48958333333232,27.968749999999766],[36.48958333333232,27.972916666666414],[36.50208333333239,27.98541666666643]]}},{"type":"Feature","properties":{"HYRIV_ID":20823011,"NEXT_DOWN":20822842,"MAIN_RIV":20812963,"LENGTH_KM":1.85,"CATCH_SKM":13.29,"DIS_AV_CMS":0.002,"ORD_STRA":1,"ORD_FLOW":9},"geometry":{"type":"LineString","coordinates":[[36.5916666666657,27.841666666666434],[36.5979166666657,27.847916666666414],[36.5979166666657,27.85624999999977]]}},{"type":"Feature","properties":{"HYRIV_ID":20823012,"NEXT_DOWN":20822891,"MAIN_RIV":20812963,"LENGTH_KM":0.93,"CATCH_SKM":0.95,"DIS_AV_CMS":0.009,"ORD_STRA":2,"ORD_FLOW":9},"geometry":{"type":"LineString","coordinates":[[36.65208333333234,27.84374999999975],[36.65208333333234,27.852083333333077]]}},{"type":"Feature","properties":{"HYRIV_ID":20823013,"NEXT_DOWN":20822892,"MAIN_RIV":20812963,"LENGTH_KM":1.65,"CATCH_SKM":3.23,"DIS_AV_CMS":0.009,"ORD_STRA":3,"ORD_FLOW":9},"geometry":{"type":"LineString","coordinates":[[36.78541666666575,27.84374999999975],[36.78124999999909,27.847916666666414],[36.77708333333234,27.847916666666414],[36.77291666666568,27.852083333333077]]}},{"type":"Feature","properties":{"HYRIV_ID":20823014,"NEXT_DOWN":20823015,"MAIN_RIV":20812307,"LENGTH_KM":1.84,"CATCH_SKM":12.72,"DIS_AV_CMS":0.003,"ORD_STRA":1,"ORD_FLOW":9},"geometry":{"type":"LineString","coordinates":[[37.18749999999906,27.84374999999975],[37.20624999999902,27.84374999999975]]}},{"type":"Feature","properties":{"HYRIV_ID":20823015,"NEXT_DOWN":20822502,"MAIN_RIV":20812307,"LENGTH_KM":4.9499998,"CATCH_SKM":10.25,"DIS_AV_CMS":0.017,"ORD_STRA":2,"ORD_FLOW":8},"geometry":{"type":"LineString","coordinates":[[37.20624999999902,27.84374999999975],[37.21041666666568,27.847916666666414],[37.21041666666568,27.852083333333077],[37.20624999999902,27.85624999999977],[37.21458333333234,27.864583333333094],[37.21458333333234,27.87708333333311],[37.21874999999898,27.88124999999976]]}},{"type":"Feature","properties":{"HYRIV_ID":20823016,"NEXT_DOWN":20823081,"MAIN_RIV":20812307,"LENGTH_KM":1.23,"CATCH_SKM":20.309999,"DIS_AV_CMS":0.004,"ORD_STRA":1,"ORD_FLOW":9},"geometry":{"type":"LineString","coordinates":[[37.295833333332325,27.847916666666414],[37.302083333332405,27.847916666666414],[37.30624999999907,27.84374999999975]]}},{"type":"Feature","properties":{"HYRIV_ID":20823080,"NEXT_DOWN":20822576,"MAIN_RIV":20820639,"LENGTH_KM":11.21,"CATCH_SKM":42.709999,"DIS_AV_CMS":0.002,"ORD_STRA":1,"ORD_FLOW":9},"geometry":{"type":"LineString","coordinates":[[36.14999999999907,27.83749999999977],[36.14374999999902,27.84374999999975],[36.13124999999903,27.84374999999975],[36.1229166666657,27.852083333333077],[36.114583333332405,27.852083333333077],[36.11041666666574,27.85624999999977],[36.10624999999908,27.85624999999977],[36.102083333332416,27.852083333333077],[36.093749999999005,27.86041666666643],[36.08958333333237,27.86041666666643],[36.081249999999045,27.868749999999743],[36.07708333333238,27.868749999999743],[36.068749999999056,27.87708333333311],[36.06041666666576,27.87708333333311]]}},{"type":"Feature","properties":{"HYRIV_ID":20823081,"NEXT_DOWN":20823082,"MAIN_RIV":20812307,"LENGTH_KM":1.85,"CATCH_SKM":10.25,"DIS_AV_CMS":0.009,"ORD_STRA":2,"ORD_FLOW":9},"geometry":{"type":"LineString","coordinates":[[37.30624999999907,27.84374999999975],[37.31041666666573,27.839583333333103],[37.32291666666569,27.839583333333103]]}},{"type":"Feature","properties":{"HYRIV_ID":20823082,"NEXT_DOWN":20822894,"MAIN_RIV":20812307,"LENGTH_KM":1.7,"CATCH_SKM":3.23,"DIS_AV_CMS":0.02,"ORD_STRA":3,"ORD_FLOW":8},"geometry":{"type":"LineString","coordinates":[[37.32291666666569,27.839583333333103],[37.32291666666569,27.84374999999975],[37.33124999999902,27.852083333333077]]}},{"type":"Feature","properties":{"HYRIV_ID":20823142,"NEXT_DOWN":20822943,"MAIN_RIV":20812307,"LENGTH_KM":2.6700001,"CATCH_SKM":10.06,"DIS_AV_CMS":0.011,"ORD_STRA":3,"ORD_FLOW":8},"geometry":{"type":"LineString","coordinates":[[37.006249999999056,27.835416666666397],[37.01458333333238,27.84374999999975],[37.02291666666571,27.84374999999975],[37.02708333333237,27.847916666666414]]}},{"type":"Feature","properties":{"HYRIV_ID":20823143,"NEXT_DOWN":20823144,"MAIN_RIV":20812307,"LENGTH_KM":2.6700001,"CATCH_SKM":14.81,"DIS_AV_CMS":0.003,"ORD_STRA":1,"ORD_FLOW":9},"geometry":{"type":"LineString","coordinates":[[37.10416666666572,27.835416666666397],[37.11874999999901,27.835416666666397],[37.122916666665674,27.839583333333103],[37.12708333333234,27.835416666666397]]}},{"type":"Feature","properties":{"HYRIV_ID":20823144,"NEXT_DOWN":20822236,"MAIN_RIV":20812307,"LENGTH_KM":8.9099998,"CATCH_SKM":25.24,"DIS_AV_CMS":0.017,"ORD_STRA":3,"ORD_FLOW":8},"geometry":{"type":"LineString","coordinates":[[37.12708333333234,27.835416666666397],[37.131249999999,27.839583333333103],[37.131249999999,27.84374999999975],[37.13541666666566,27.847916666666414],[37.13958333333238,27.847916666666414],[37.143749999999045,27.852083333333077],[37.143749999999045,27.86041666666643],[37.14791666666571,27.864583333333094],[37.14791666666571,27.868749999999743],[37.156249999999034,27.87708333333311],[37.14791666666571,27.885416666666423],[37.14791666666571,27.889583333333086],[37.13958333333238,27.89791666666644]]}},{"type":"Feature","properties":{"HYRIV_ID":20823145,"NEXT_DOWN":20822800,"MAIN_RIV":20812307,"LENGTH_KM":3.87,"CATCH_SKM":20.879999,"DIS_AV_CMS":0.006,"ORD_STRA":1,"ORD_FLOW":9},"geometry":{"type":"LineString","coordinates":[[37.558333333332314,27.833333333333066],[37.53958333333236,27.852083333333077],[37.53958333333236,27.85624999999977],[37.5354166666657,27.86041666666643]]}},{"type":"Feature","properties":{"HYRIV_ID":20823191,"NEXT_DOWN":20822796,"MAIN_RIV":20820639,"LENGTH_KM":7.25,"CATCH_SKM":33.41,"DIS_AV_CMS":0.003,"ORD_STRA":1,"ORD_FLOW":9},"geometry":{"type":"LineString","coordinates":[[36.279166666665645,27.839583333333103],[36.27291666666568,27.839583333333103],[36.264583333332354,27.831249999999734],[36.26041666666569,27.831249999999734],[36.25624999999903,27.835416666666397],[36.252083333332365,27.835416666666397],[36.24791666666573,27.839583333333103],[36.24374999999907,27.839583333333103],[36.23541666666574,27.847916666666414],[36.23541666666574,27.852083333333077],[36.22708333333233,27.86041666666643]]}},{"type":"Feature","properties":{"HYRIV_ID":20823192,"NEXT_DOWN":20822797,"MAIN_RIV":20820639,"LENGTH_KM":8.2799997,"CATCH_SKM":34.93,"DIS_AV_CMS":0.007,"ORD_STRA":1,"ORD_FLOW":9},"geometry":{"type":"LineString","coordinates":[[36.345833333332365,27.831249999999734],[36.33541666666571,27.831249999999734],[36.32291666666575,27.84374999999975],[36.318749999999085,27.84374999999975],[36.31458333333242,27.847916666666414],[36.31041666666576,27.847916666666414],[36.30624999999901,27.852083333333077],[36.30624999999901,27.85624999999977],[36.297916666665714,27.864583333333094],[36.29374999999905,27.864583333333094],[36.285416666665725,27.872916666666406]]}},{"type":"Feature","properties":{"HYRIV_ID":20823193,"NEXT_DOWN":20823015,"MAIN_RIV":20812307,"LENGTH_KM":1.54,"CATCH_SKM":1.9,"DIS_AV_CMS":0.012,"ORD_STRA":2,"ORD_FLOW":8},"geometry":{"type":"LineString","coordinates":[[37.202083333332354,27.831249999999734],[37.20624999999902,27.835416666666397],[37.20624999999902,27.84374999999975]]}},{"type":"Feature","properties":{"HYRIV_ID":20823194,"NEXT_DOWN":20823081,"MAIN_RIV":20812307,"LENGTH_KM":2.1700001,"CATCH_SKM":12.53,"DIS_AV_CMS":0.003,"ORD_STRA":1,"ORD_FLOW":9},"geometry":{"type":"LineString","coordinates":[[37.29166666666569,27.829166666666417],[37.30624999999907,27.84374999999975]]}},{"type":"Feature","properties":{"HYRIV_ID":20823195,"NEXT_DOWN":20823730,"MAIN_RIV":20812307,"LENGTH_KM":1.93,"CATCH_SKM":11.39,"DIS_AV_CMS":0.004,"ORD_STRA":1,"ORD_FLOW":9},"geometry":{"type":"LineString","coordinates":[[37.76874999999899,27.845833333333083],[37.76874999999899,27.839583333333103],[37.77291666666565,27.835416666666397],[37.76874999999899,27.831249999999734]]}},{"type":"Feature","properties":{"HYRIV_ID":20823258,"NEXT_DOWN":20822696,"MAIN_RIV":20820639,"LENGTH_KM":5.35,"CATCH_SKM":24.870001,"DIS_AV_CMS":0.027,"ORD_STRA":2,"ORD_FLOW":8},"geometry":{"type":"LineString","coordinates":[[36.07708333333238,27.827083333333086],[36.07291666666572,27.827083333333086],[36.07291666666572,27.847916666666414],[36.068749999999056,27.852083333333077],[36.068749999999056,27.85624999999977],[36.06458333333242,27.86041666666643],[36.06458333333242,27.868749999999743]]}},{"type":"Feature","properties":{"HYRIV_ID":20823259,"NEXT_DOWN":20823010,"MAIN_RIV":20812963,"LENGTH_KM":2.78,"CATCH_SKM":15.19,"DIS_AV_CMS":0.004,"ORD_STRA":1,"ORD_FLOW":9},"geometry":{"type":"LineString","coordinates":[[36.43333333333234,27.824999999999754],[36.45208333333241,27.84374999999975]]}},{"type":"Feature","properties":{"HYRIV_ID":20823260,"NEXT_DOWN":20822844,"MAIN_RIV":20812307,"LENGTH_KM":4.6599998,"CATCH_SKM":19.17,"DIS_AV_CMS":0.003,"ORD_STRA":1,"ORD_FLOW":9},"geometry":{"type":"LineString","coordinates":[[37.05624999999907,27.824999999999754],[37.05624999999907,27.831249999999734],[37.04791666666574,27.839583333333103],[37.04791666666574,27.84374999999975],[37.04374999999908,27.847916666666414],[37.039583333332416,27.847916666666414],[37.031249999999034,27.85624999999977]]}},{"type":"Feature","properties":{"HYRIV_ID":20823261,"NEXT_DOWN":20823730,"MAIN_RIV":20812307,"LENGTH_KM":0.62,"CATCH_SKM":1.14,"DIS_AV_CMS":0.035,"ORD_STRA":2,"ORD_FLOW":8},"geometry":{"type":"LineString","coordinates":[[37.77291666666565,27.827083333333086],[37.76874999999899,27.831249999999734]]}},{"type":"Feature","properties":{"HYRIV_ID":20823262,"NEXT_DOWN":20823261,"MAIN_RIV":20812307,"LENGTH_KM":6.8400002,"CATCH_SKM":21.82,"DIS_AV_CMS":0.008,"ORD_STRA":1,"ORD_FLOW":9},"geometry":{"type":"LineString","coordinates":[[37.82499999999905,27.85624999999977],[37.80624999999901,27.85624999999977],[37.797916666665685,27.847916666666414],[37.78958333333236,27.847916666666414],[37.7770833333324,27.835416666666397],[37.7770833333324,27.831249999999734],[37.77291666666565,27.827083333333086]]}},{"type":"Feature","properties":{"HYRIV_ID":20823263,"NEXT_DOWN":20823261,"MAIN_RIV":20812307,"LENGTH_KM":0.41,"CATCH_SKM":0.38,"DIS_AV_CMS":0.027,"ORD_STRA":2,"ORD_FLOW":8},"geometry":{"type":"LineString","coordinates":[[37.7770833333324,27.827083333333086],[37.77291666666565,27.827083333333086]]}},{"type":"Feature","properties":{"HYRIV_ID":20823264,"NEXT_DOWN":20823263,"MAIN_RIV":20812307,"LENGTH_KM":1.64,"CATCH_SKM":11.77,"DIS_AV_CMS":0.004,"ORD_STRA":1,"ORD_FLOW":9},"geometry":{"type":"LineString","coordinates":[[37.79166666666569,27.831249999999734],[37.78124999999906,27.831249999999734],[37.7770833333324,27.827083333333086]]}},{"type":"Feature","properties":{"HYRIV_ID":20823325,"NEXT_DOWN":20823012,"MAIN_RIV":20812963,"LENGTH_KM":3.35,"CATCH_SKM":18.610001,"DIS_AV_CMS":0.003,"ORD_STRA":1,"ORD_FLOW":9},"geometry":{"type":"LineString","coordinates":[[36.66666666666572,27.82083333333309],[36.66041666666567,27.827083333333086],[36.66041666666567,27.839583333333103],[36.656249999999005,27.84374999999975],[36.65208333333234,27.84374999999975]]}},{"type":"Feature","properties":{"HYRIV_ID":20823326,"NEXT_DOWN":20822438,"MAIN_RIV":20812963,"LENGTH_KM":8.4899998,"CATCH_SKM":42.52,"DIS_AV_CMS":0.005,"ORD_STRA":1,"ORD_FLOW":9},"geometry":{"type":"LineString","coordinates":[[36.85416666666569,27.822916666666423],[36.860416666665685,27.822916666666423],[36.86458333333235,27.827083333333086],[36.860416666665685,27.831249999999734],[36.860416666665685,27.839583333333103],[36.85624999999902,27.84374999999975],[36.85624999999902,27.85624999999977],[36.847916666665725,27.864583333333094],[36.847916666665725,27.868749999999743],[36.85208333333236,27.872916666666406],[36.85208333333236,27.885416666666423]]}},{"type":"Feature","properties":{"HYRIV_ID":20823327,"NEXT_DOWN":20823565,"MAIN_RIV":20822745,"LENGTH_KM":3.86,"CATCH_SKM":18.030001,"DIS_AV_CMS":0.007,"ORD_STRA":1,"ORD_FLOW":9},"geometry":{"type":"LineString","coordinates":[[37.983333333332325,27.841666666666434],[37.99374999999898,27.831249999999734],[38.00624999999903,27.831249999999734],[38.01041666666569,27.827083333333086],[38.01041666666569,27.822916666666423]]}},{"type":"Feature","properties":{"HYRIV_ID":20823385,"NEXT_DOWN":20823010,"MAIN_RIV":20812963,"LENGTH_KM":3.56,"CATCH_SKM":20.129999,"DIS_AV_CMS":0.005,"ORD_STRA":1,"ORD_FLOW":9},"geometry":{"type":"LineString","coordinates":[[36.4666666666657,27.81666666666643],[36.46041666666571,27.822916666666423],[36.46041666666571,27.827083333333086],[36.45624999999907,27.831249999999734],[36.45624999999907,27.835416666666397],[36.45208333333241,27.839583333333103],[36.45208333333241,27.84374999999975]]}},{"type":"Feature","properties":{"HYRIV_ID":20823386,"NEXT_DOWN":20822891,"MAIN_RIV":20812963,"LENGTH_KM":7.0,"CATCH_SKM":24.110001,"DIS_AV_CMS":0.003,"ORD_STRA":1,"ORD_FLOW":9},"geometry":{"type":"LineString","coordinates":[[36.608333333332354,27.81666666666643],[36.61874999999898,27.827083333333086],[36.61874999999898,27.831249999999734],[36.62708333333239,27.839583333333103],[36.62708333333239,27.84374999999975],[36.63541666666572,27.852083333333077],[36.63958333333238,27.852083333333077],[36.64374999999902,27.85624999999977],[36.64791666666568,27.85624999999977],[36.65208333333234,27.852083333333077]]}},{"type":"Feature","properties":{"HYRIV_ID":20823387,"NEXT_DOWN":20823013,"MAIN_RIV":20812963,"LENGTH_KM":3.56,"CATCH_SKM":9.1099997,"DIS_AV_CMS":0.008,"ORD_STRA":2,"ORD_FLOW":9},"geometry":{"type":"LineString","coordinates":[[36.80624999999904,27.81874999999976],[36.80624999999904,27.822916666666423],[36.78541666666575,27.84374999999975]]}},{"type":"Feature","properties":{"HYRIV_ID":20823388,"NEXT_DOWN":20823142,"MAIN_RIV":20812307,"LENGTH_KM":7.81,"CATCH_SKM":19.549999,"DIS_AV_CMS":0.005,"ORD_STRA":2,"ORD_FLOW":9},"geometry":{"type":"LineString","coordinates":[[36.939583333332365,27.81874999999976],[36.95624999999899,27.81874999999976],[36.960416666665736,27.822916666666423],[36.96874999999906,27.822916666666423],[36.97708333333239,27.831249999999734],[36.98124999999902,27.831249999999734],[36.98958333333235,27.839583333333103],[37.00208333333234,27.839583333333103],[37.006249999999056,27.835416666666397]]}},{"type":"Feature","properties":{"HYRIV_ID":20823389,"NEXT_DOWN":20822186,"MAIN_RIV":20812307,"LENGTH_KM":15.69,"CATCH_SKM":66.610001,"DIS_AV_CMS":0.99299997,"ORD_STRA":5,"ORD_FLOW":7},"geometry":{"type":"LineString","coordinates":[[37.43541666666573,27.81874999999976],[37.43124999999907,27.81874999999976],[37.42708333333232,27.822916666666423],[37.422916666665685,27.822916666666423],[37.406249999999034,27.839583333333103],[37.40208333333237,27.839583333333103],[37.38541666666566,27.85624999999977],[37.38541666666566,27.86041666666643],[37.381249999999,27.864583333333094],[37.381249999999,27.868749999999743],[37.37708333333234,27.868749999999743],[37.372916666665674,27.872916666666406],[37.372916666665674,27.87708333333311],[37.36874999999904,27.88124999999976],[37.36874999999904,27.885416666666423],[37.372916666665674,27.889583333333086],[37.372916666665674,27.89374999999975],[37.36874999999904,27.89791666666644],[37.35208333333239,27.89791666666644],[37.34791666666564,27.902083333333103],[37.33958333333234,27.902083333333103]]}},{"type":"Feature","properties":{"HYRIV_ID":20823390,"NEXT_DOWN":20823389,"MAIN_RIV":20812307,"LENGTH_KM":7.6100001,"CATCH_SKM":31.129999,"DIS_AV_CMS":0.009,"ORD_STRA":1,"ORD_FLOW":9},"geometry":{"type":"LineString","coordinates":[[37.49583333333237,27.81874999999976],[37.48958333333238,27.81874999999976],[37.485416666665714,27.822916666666423],[37.48124999999905,27.822916666666423],[37.4770833333323,27.827083333333086],[37.46458333333234,27.827083333333086],[37.46041666666568,27.822916666666423],[37.45624999999902,27.827083333333086],[37.452083333332354,27.822916666666423],[37.44791666666572,27.827083333333086],[37.43958333333239,27.81874999999976],[37.43541666666573,27.81874999999976]]}},{"type":"Feature","properties":{"HYRIV_ID":20823450,"NEXT_DOWN":20823082,"MAIN_RIV":20812307,"LENGTH_KM":3.4,"CATCH_SKM":7.21,"DIS_AV_CMS":0.01,"ORD_STRA":2,"ORD_FLOW":8},"geometry":{"type":"LineString","coordinates":[[37.32291666666569,27.81458333333311],[37.31874999999903,27.81874999999976],[37.31874999999903,27.822916666666423],[37.327083333332354,27.831249999999734],[37.32291666666569,27.835416666666397],[37.32291666666569,27.839583333333103]]}},{"type":"Feature","properties":{"HYRIV_ID":20823501,"NEXT_DOWN":20823258,"MAIN_RIV":20820639,"LENGTH_KM":2.32,"CATCH_SKM":18.42,"DIS_AV_CMS":0.002,"ORD_STRA":1,"ORD_FLOW":9},"geometry":{"type":"LineString","coordinates":[[36.08333333333238,27.808333333333074],[36.07708333333238,27.81458333333311],[36.07708333333238,27.827083333333086]]}},{"type":"Feature","properties":{"HYRIV_ID":20823563,"NEXT_DOWN":20823996,"MAIN_RIV":20812307,"LENGTH_KM":8.3900003,"CATCH_SKM":42.900002,"DIS_AV_CMS":0.014,"ORD_STRA":1,"ORD_FLOW":8},"geometry":{"type":"LineString","coordinates":[[37.66666666666569,27.85624999999977],[37.65624999999906,27.85624999999977],[37.639583333332325,27.839583333333103],[37.639583333332325,27.835416666666397],[37.63541666666566,27.831249999999734],[37.63541666666566,27.827083333333086],[37.63124999999903,27.822916666666423],[37.63124999999903,27.81874999999976],[37.61874999999904,27.806249999999743],[37.61458333333238,27.806249999999743]]}},{"type":"Feature","properties":{"HYRIV_ID":20823564,"NEXT_DOWN":20823263,"MAIN_RIV":20812307,"LENGTH_KM":3.1900001,"CATCH_SKM":7.9699998,"DIS_AV_CMS":0.023,"ORD_STRA":2,"ORD_FLOW":8},"geometry":{"type":"LineString","coordinates":[[37.79374999999902,27.806249999999743],[37.78958333333236,27.806249999999743],[37.785416666665725,27.810416666666406],[37.785416666665725,27.81874999999976],[37.7770833333324,27.827083333333086]]}},{"type":"Feature","properties":{"HYRIV_ID":20823608,"NEXT_DOWN":20823142,"MAIN_RIV":20812307,"LENGTH_KM":5.81,"CATCH_SKM":14.05,"DIS_AV_CMS":0.004,"ORD_STRA":2,"ORD_FLOW":9},"geometry":{"type":"LineString","coordinates":[[36.97708333333239,27.802083333333094],[36.97708333333239,27.81458333333311],[36.98124999999902,27.81874999999976],[36.985416666665685,27.81874999999976],[36.98958333333235,27.822916666666423],[37.00208333333234,27.822916666666423],[37.006249999999056,27.827083333333086],[37.006249999999056,27.835416666666397]]}},{"type":"Feature","properties":{"HYRIV_ID":20823609,"NEXT_DOWN":20823450,"MAIN_RIV":20812307,"LENGTH_KM":2.8800001,"CATCH_SKM":15.95,"DIS_AV_CMS":0.004,"ORD_STRA":1,"ORD_FLOW":9},"geometry":{"type":"LineString","coordinates":[[37.29999999999907,27.802083333333094],[37.30624999999907,27.802083333333094],[37.31458333333239,27.810416666666406],[37.31874999999903,27.810416666666406],[37.32291666666569,27.81458333333311]]}},{"type":"Feature","properties":{"HYRIV_ID":20823668,"NEXT_DOWN":20823258,"MAIN_RIV":20820639,"LENGTH_KM":7.2,"CATCH_SKM":14.62,"DIS_AV_CMS":0.023,"ORD_STRA":2,"ORD_FLOW":8},"geometry":{"type":"LineString","coordinates":[[36.13541666666569,27.79791666666643],[36.13124999999903,27.802083333333094],[36.127083333332365,27.802083333333094],[36.1229166666657,27.806249999999743],[36.11874999999904,27.806249999999743],[36.114583333332405,27.810416666666406],[36.09791666666567,27.810416666666406],[36.081249999999045,27.827083333333086],[36.07708333333238,27.827083333333086]]}},{"type":"Feature","properties":{"HYRIV_ID":20823669,"NEXT_DOWN":20823668,"MAIN_RIV":20820639,"LENGTH_KM":8.6300001,"CATCH_SKM":25.07,"DIS_AV_CMS":0.016,"ORD_STRA":2,"ORD_FLOW":8},"geometry":{"type":"LineString","coordinates":[[36.21041666666571,27.79791666666643],[36.206249999999045,27.802083333333094],[36.193749999999085,27.802083333333094],[36.18958333333242,27.806249999999743],[36.181249999999096,27.806249999999743],[36.172916666665685,27.79791666666643],[36.160416666665725,27.79791666666643],[36.15624999999906,27.802083333333094],[36.14374999999902,27.802083333333094],[36.139583333332354,27.79791666666643],[36.13541666666569,27.79791666666643]]}},{"type":"Feature","properties":{"HYRIV_ID":20823670,"NEXT_DOWN":20823671,"MAIN_RIV":20822745,"LENGTH_KM":4.79,"CATCH_SKM":25.629999,"DIS_AV_CMS":0.009,"ORD_STRA":1,"ORD_FLOW":9},"geometry":{"type":"LineString","coordinates":[[37.912499999999056,27.827083333333086],[37.91874999999902,27.827083333333086],[37.93124999999901,27.81458333333311],[37.93124999999901,27.810416666666406],[37.935416666665674,27.806249999999743],[37.93124999999901,27.802083333333094],[37.935416666665674,27.79791666666643]]}},{"type":"Feature","properties":{"HYRIV_ID":20823671,"NEXT_DOWN":20823565,"MAIN_RIV":20822745,"LENGTH_KM":8.6300001,"CATCH_SKM":44.240002,"DIS_AV_CMS":0.041,"ORD_STRA":2,"ORD_FLOW":8},"geometry":{"type":"LineString","coordinates":[[37.935416666665674,27.79791666666643],[37.96458333333237,27.79791666666643],[37.97291666666567,27.806249999999743],[37.97708333333233,27.806249999999743],[37.981249999998994,27.810416666666406],[37.98958333333232,27.810416666666406],[38.002083333332365,27.822916666666423],[38.01041666666569,27.822916666666423]]}},{"type":"Feature","properties":{"HYRIV_ID":20823728,"NEXT_DOWN":20822502,"MAIN_RIV":20812307,"LENGTH_KM":12.23,"CATCH_SKM":39.869999,"DIS_AV_CMS":0.008,"ORD_STRA":1,"ORD_FLOW":9},"geometry":{"type":"LineString","coordinates":[[37.247916666665674,27.791666666666437],[37.247916666665674,27.79791666666643],[37.24374999999901,27.802083333333094],[37.23958333333238,27.802083333333094],[37.23124999999905,27.810416666666406],[37.235416666665714,27.81458333333311],[37.235416666665714,27.81874999999976],[37.23958333333238,27.822916666666423],[37.23958333333238,27.831249999999734],[37.22708333333239,27.84374999999975],[37.22708333333239,27.847916666666414],[37.23124999999905,27.852083333333077],[37.22708333333239,27.85624999999977],[37.22708333333239,27.868749999999743],[37.222916666665725,27.872916666666406],[37.222916666665725,27.87708333333311],[37.21874999999898,27.88124999999976]]}},{"type":"Feature","properties":{"HYRIV_ID":20823729,"NEXT_DOWN":20823450,"MAIN_RIV":20812307,"LENGTH_KM":3.58,"CATCH_SKM":18.8,"DIS_AV_CMS":0.004,"ORD_STRA":1,"ORD_FLOW":9},"geometry":{"type":"LineString","coordinates":[[37.343749999999005,27.791666666666437],[37.343749999999005,27.79791666666643],[37.327083333332354,27.81458333333311],[37.32291666666569,27.81458333333311]]}},{"type":"Feature","properties":{"HYRIV_ID":20823730,"NEXT_DOWN":20823996,"MAIN_RIV":20812307,"LENGTH_KM":19.17,"CATCH_SKM":83.540001,"DIS_AV_CMS":0.064,"ORD_STRA":2,"ORD_FLOW":8},"geometry":{"type":"LineString","coordinates":[[37.76874999999899,27.831249999999734],[37.752083333332365,27.831249999999734],[37.7479166666657,27.827083333333086],[37.74374999999904,27.831249999999734],[37.73958333333229,27.831249999999734],[37.73541666666566,27.827083333333086],[37.72291666666575,27.827083333333086],[37.718749999999005,27.831249999999734],[37.71458333333234,27.831249999999734],[37.71041666666568,27.827083333333086],[37.706249999999045,27.827083333333086],[37.67708333333235,27.79791666666643],[37.66874999999902,27.79791666666643],[37.66458333333236,27.802083333333094],[37.647916666665736,27.802083333333094],[37.64374999999907,27.79791666666643],[37.639583333332325,27.79791666666643],[37.63541666666566,27.79374999999977],[37.6229166666657,27.79374999999977],[37.61874999999904,27.79791666666643],[37.61874999999904,27.802083333333094],[37.61458333333238,27.806249999999743]]}},{"type":"Feature","properties":{"HYRIV_ID":20823731,"NEXT_DOWN":20823564,"MAIN_RIV":20812307,"LENGTH_KM":3.7,"CATCH_SKM":35.509998,"DIS_AV_CMS":0.013,"ORD_STRA":1,"ORD_FLOW":8},"geometry":{"type":"LineString","coordinates":[[37.82499999999905,27.79374999999977],[37.810416666665674,27.79374999999977],[37.797916666665685,27.806249999999743],[37.79374999999902,27.806249999999743]]}},{"type":"Feature","properties":{"HYRIV_ID":20823732,"NEXT_DOWN":20823671,"MAIN_RIV":20822745,"LENGTH_KM":13.74,"CATCH_SKM":50.689999,"DIS_AV_CMS":0.018,"ORD_STRA":1,"ORD_FLOW":8},"geometry":{"type":"LineString","coordinates":[[37.86666666666571,27.845833333333083],[37.86041666666566,27.839583333333103],[37.86041666666566,27.831249999999734],[37.864583333332405,27.827083333333086],[37.86041666666566,27.822916666666423],[37.86041666666566,27.81874999999976],[37.864583333332405,27.81458333333311],[37.864583333332405,27.810416666666406],[37.86874999999904,27.806249999999743],[37.86874999999904,27.802083333333094],[37.877083333332365,27.79374999999977],[37.88124999999903,27.79374999999977],[37.88541666666569,27.79791666666643],[37.889583333332354,27.79374999999977],[37.89374999999899,27.79374999999977],[37.89791666666565,27.79791666666643],[37.90624999999906,27.79791666666643],[37.910416666665725,27.802083333333094],[37.92708333333235,27.802083333333094],[37.93124999999901,27.79791666666643],[37.935416666665674,27.79791666666643]]}},{"type":"Feature","properties":{"HYRIV_ID":20823792,"NEXT_DOWN":20823669,"MAIN_RIV":20820639,"LENGTH_KM":1.85,"CATCH_SKM":13.67,"DIS_AV_CMS":0.003,"ORD_STRA":1,"ORD_FLOW":9},"geometry":{"type":"LineString","coordinates":[[36.224999999999085,27.78958333333312],[36.218749999999034,27.78958333333312],[36.21041666666571,27.79791666666643]]}},{"type":"Feature","properties":{"HYRIV_ID":20823793,"NEXT_DOWN":20823669,"MAIN_RIV":20820639,"LENGTH_KM":11.27,"CATCH_SKM":55.07,"DIS_AV_CMS":0.009,"ORD_STRA":1,"ORD_FLOW":9},"geometry":{"type":"LineString","coordinates":[[36.29583333333238,27.78749999999979],[36.28958333333239,27.79374999999977],[36.285416666665725,27.78958333333312],[36.277083333332314,27.79791666666643],[36.27291666666568,27.79791666666643],[36.26874999999902,27.802083333333094],[36.264583333332354,27.802083333333094],[36.25624999999903,27.810416666666406],[36.239583333332405,27.810416666666406],[36.23541666666574,27.806249999999743],[36.23124999999908,27.810416666666406],[36.22708333333233,27.806249999999743],[36.218749999999034,27.806249999999743],[36.218749999999034,27.802083333333094],[36.21458333333237,27.79791666666643],[36.21041666666571,27.79791666666643]]}},{"type":"Feature","properties":{"HYRIV_ID":20823794,"NEXT_DOWN":20823012,"MAIN_RIV":20812963,"LENGTH_KM":7.1100001,"CATCH_SKM":16.52,"DIS_AV_CMS":0.008,"ORD_STRA":2,"ORD_FLOW":9},"geometry":{"type":"LineString","coordinates":[[36.62291666666573,27.78958333333312],[36.62708333333239,27.79374999999977],[36.62708333333239,27.79791666666643],[36.631249999999056,27.802083333333094],[36.631249999999056,27.810416666666406],[36.63958333333238,27.81874999999976],[36.63958333333238,27.822916666666423],[36.64791666666568,27.831249999999734],[36.64791666666568,27.839583333333103],[36.65208333333234,27.84374999999975]]}},{"type":"Feature","properties":{"HYRIV_ID":20823795,"NEXT_DOWN":20823608,"MAIN_RIV":20812307,"LENGTH_KM":2.1700001,"CATCH_SKM":13.68,"DIS_AV_CMS":0.001,"ORD_STRA":1,"ORD_FLOW":9},"geometry":{"type":"LineString","coordinates":[[36.99166666666568,27.78749999999979],[36.97708333333239,27.802083333333094]]}},{"type":"Feature","properties":{"HYRIV_ID":20823796,"NEXT_DOWN":20822943,"MAIN_RIV":20812307,"LENGTH_KM":7.6500001,"CATCH_SKM":26.389999,"DIS_AV_CMS":0.003,"ORD_STRA":1,"ORD_FLOW":9},"geometry":{"type":"LineString","coordinates":[[37.02708333333237,27.78749999999979],[37.02708333333237,27.79791666666643],[37.031249999999034,27.802083333333094],[37.031249999999034,27.806249999999743],[37.03541666666567,27.810416666666406],[37.031249999999034,27.81458333333311],[37.031249999999034,27.81874999999976],[37.03541666666567,27.822916666666423],[37.03541666666567,27.827083333333086],[37.031249999999034,27.831249999999734],[37.031249999999034,27.839583333333103],[37.02708333333237,27.84374999999975],[37.02708333333237,27.847916666666414]]}},{"type":"Feature","properties":{"HYRIV_ID":20823844,"NEXT_DOWN":20821927,"MAIN_RIV":20812963,"LENGTH_KM":17.23,"CATCH_SKM":68.720001,"DIS_AV_CMS":0.007,"ORD_STRA":1,"ORD_FLOW":9},"geometry":{"type":"LineString","coordinates":[[36.506249999999056,27.783333333333083],[36.506249999999056,27.78958333333312],[36.51041666666569,27.79374999999977],[36.51041666666569,27.79791666666643],[36.514583333332354,27.802083333333094],[36.514583333332354,27.806249999999743],[36.52291666666568,27.81458333333311],[36.51874999999902,27.81874999999976],[36.51874999999902,27.84374999999975],[36.52291666666568,27.847916666666414],[36.52291666666568,27.852083333333077],[36.52708333333234,27.85624999999977],[36.52708333333234,27.87708333333311],[36.52291666666568,27.88124999999976],[36.52291666666568,27.885416666666423],[36.52708333333234,27.889583333333086],[36.52708333333234,27.902083333333103],[36.53124999999909,27.906249999999766],[36.53124999999909,27.918749999999783],[36.53541666666575,27.92291666666643]]}},{"type":"Feature","properties":{"HYRIV_ID":20823845,"NEXT_DOWN":20823564,"MAIN_RIV":20812307,"LENGTH_KM":3.01,"CATCH_SKM":21.459999,"DIS_AV_CMS":0.008,"ORD_STRA":1,"ORD_FLOW":9},"geometry":{"type":"LineString","coordinates":[[37.78124999999906,27.783333333333083],[37.78124999999906,27.78958333333312],[37.79374999999902,27.802083333333094],[37.79374999999902,27.806249999999743]]}},{"type":"Feature","properties":{"HYRIV_ID":20823899,"NEXT_DOWN":20823193,"MAIN_RIV":20812307,"LENGTH_KM":10.41,"CATCH_SKM":34.560001,"DIS_AV_CMS":0.006,"ORD_STRA":1,"ORD_FLOW":9},"geometry":{"type":"LineString","coordinates":[[37.13958333333238,27.77916666666642],[37.13958333333238,27.802083333333094],[37.143749999999045,27.806249999999743],[37.14791666666571,27.806249999999743],[37.156249999999034,27.81458333333311],[37.156249999999034,27.81874999999976],[37.1604166666657,27.822916666666423],[37.177083333332405,27.822916666666423],[37.18124999999907,27.827083333333086],[37.18541666666573,27.827083333333086],[37.189583333332365,27.831249999999734],[37.202083333332354,27.831249999999734]]}},{"type":"Feature","properties":{"HYRIV_ID":20823944,"NEXT_DOWN":20822437,"MAIN_RIV":20812963,"LENGTH_KM":15.78,"CATCH_SKM":56.77,"DIS_AV_CMS":0.005,"ORD_STRA":1,"ORD_FLOW":9},"geometry":{"type":"LineString","coordinates":[[36.67708333333238,27.77499999999977],[36.67708333333238,27.78124999999975],[36.68124999999904,27.785416666666414],[36.68124999999904,27.78958333333312],[36.6854166666657,27.79374999999977],[36.6854166666657,27.79791666666643],[36.693749999999,27.806249999999743],[36.693749999999,27.810416666666406],[36.70208333333241,27.81874999999976],[36.70208333333241,27.839583333333103],[36.70624999999907,27.84374999999975],[36.70624999999907,27.852083333333077],[36.710416666665736,27.852083333333077],[36.7145833333324,27.85624999999977],[36.7229166666657,27.85624999999977],[36.72708333333236,27.86041666666643],[36.72708333333236,27.868749999999743],[36.73124999999902,27.872916666666406],[36.73124999999902,27.87708333333311],[36.73958333333235,27.885416666666423],[36.74374999999901,27.885416666666423]]}},{"type":"Feature","properties":{"HYRIV_ID":20823945,"NEXT_DOWN":20823193,"MAIN_RIV":20812307,"LENGTH_KM":9.4300003,"CATCH_SKM":37.599998,"DIS_AV_CMS":0.006,"ORD_STRA":1,"ORD_FLOW":9},"geometry":{"type":"LineString","coordinates":[[37.14583333333238,27.77499999999977],[37.156249999999034,27.785416666666414],[37.1604166666657,27.785416666666414],[37.16458333333233,27.78958333333312],[37.168749999998994,27.78958333333312],[37.17291666666574,27.79374999999977],[37.177083333332405,27.79374999999977],[37.20624999999902,27.822916666666423],[37.202083333332354,27.827083333333086],[37.202083333332354,27.831249999999734]]}},{"type":"Feature","properties":{"HYRIV_ID":20823946,"NEXT_DOWN":20823389,"MAIN_RIV":20812307,"LENGTH_KM":7.0,"CATCH_SKM":27.73,"DIS_AV_CMS":1.085,"ORD_STRA":5,"ORD_FLOW":6},"geometry":{"type":"LineString","coordinates":[[37.485416666665714,27.77708333333309],[37.48124999999905,27.77708333333309],[37.46041666666568,27.79791666666643],[37.45624999999902,27.79791666666643],[37.43541666666573,27.81874999999976]]}},{"type":"Feature","properties":{"HYRIV_ID":20823947,"NEXT_DOWN":20823946,"MAIN_RIV":20812307,"LENGTH_KM":0.69,"CATCH_SKM":10.25,"DIS_AV_CMS":0.003,"ORD_STRA":1,"ORD_FLOW":9},"geometry":{"type":"LineString","coordinates":[[37.485416666665714,27.783333333333083],[37.485416666665714,27.77708333333309]]}},{"type":"Feature","properties":{"HYRIV_ID":20823994,"NEXT_DOWN":20822842,"MAIN_RIV":20812963,"LENGTH_KM":14.21,"CATCH_SKM":67.220001,"DIS_AV_CMS":0.008,"ORD_STRA":1,"ORD_FLOW":9},"geometry":{"type":"LineString","coordinates":[[36.537499999999056,27.770833333333066],[36.54374999999905,27.77708333333309],[36.547916666665714,27.77708333333309],[36.55624999999904,27.785416666666414],[36.55208333333238,27.78958333333312],[36.55208333333238,27.79791666666643],[36.547916666665714,27.802083333333094],[36.547916666665714,27.806249999999743],[36.54374999999905,27.810416666666406],[36.54374999999905,27.81874999999976],[36.55208333333238,27.827083333333086],[36.55208333333238,27.831249999999734],[36.568749999999,27.847916666666414],[36.57291666666575,27.847916666666414],[36.58124999999907,27.85624999999977],[36.5979166666657,27.85624999999977]]}},{"type":"Feature","properties":{"HYRIV_ID":20823995,"NEXT_DOWN":20824108,"MAIN_RIV":20812307,"LENGTH_KM":1.02,"CATCH_SKM":16.33,"DIS_AV_CMS":0.005,"ORD_STRA":1,"ORD_FLOW":9},"geometry":{"type":"LineString","coordinates":[[37.579166666665714,27.77291666666644],[37.58958333333234,27.77291666666644]]}},{"type":"Feature","properties":{"HYRIV_ID":20823996,"NEXT_DOWN":20824108,"MAIN_RIV":20812307,"LENGTH_KM":4.89,"CATCH_SKM":25.440001,"DIS_AV_CMS":0.084,"ORD_STRA":2,"ORD_FLOW":8},"geometry":{"type":"LineString","coordinates":[[37.61458333333238,27.806249999999743],[37.606249999998965,27.79791666666643],[37.60208333333233,27.79791666666643],[37.59791666666567,27.79374999999977],[37.59791666666567,27.78958333333312],[37.58958333333234,27.78124999999975],[37.58958333333234,27.77291666666644]]}},{"type":"Feature","properties":{"HYRIV_ID":20824044,"NEXT_DOWN":20823668,"MAIN_RIV":20820639,"LENGTH_KM":8.4399996,"CATCH_SKM":27.73,"DIS_AV_CMS":0.006,"ORD_STRA":1,"ORD_FLOW":9},"geometry":{"type":"LineString","coordinates":[[36.18749999999909,27.768749999999734],[36.172916666665685,27.768749999999734],[36.16458333333239,27.77708333333309],[36.160416666665725,27.77708333333309],[36.15624999999906,27.78124999999975],[36.1520833333324,27.78124999999975],[36.14374999999902,27.77291666666644],[36.13541666666569,27.78124999999975],[36.13541666666569,27.79791666666643]]}},{"type":"Feature","properties":{"HYRIV_ID":20824045,"NEXT_DOWN":20823794,"MAIN_RIV":20812963,"LENGTH_KM":2.7,"CATCH_SKM":16.91,"DIS_AV_CMS":0.003,"ORD_STRA":1,"ORD_FLOW":9},"geometry":{"type":"LineString","coordinates":[[36.62708333333239,27.766666666666403],[36.62708333333239,27.785416666666414],[36.62291666666573,27.78958333333312]]}},{"type":"Feature","properties":{"HYRIV_ID":20824046,"NEXT_DOWN":20822799,"MAIN_RIV":20812307,"LENGTH_KM":12.46,"CATCH_SKM":27.530001,"DIS_AV_CMS":0.142,"ORD_STRA":4,"ORD_FLOW":7},"geometry":{"type":"LineString","coordinates":[[37.33958333333234,27.768749999999734],[37.343749999999005,27.77291666666644],[37.343749999999005,27.77708333333309],[37.35624999999905,27.78958333333312],[37.35624999999905,27.810416666666406],[37.360416666665714,27.81458333333311],[37.360416666665714,27.822916666666423],[37.35208333333239,27.831249999999734],[37.36458333333238,27.84374999999975],[37.36458333333238,27.847916666666414],[37.360416666665714,27.852083333333077],[37.35624999999905,27.852083333333077],[37.35208333333239,27.85624999999977],[37.35208333333239,27.86041666666643]]}},{"type":"Feature","properties":{"HYRIV_ID":20824106,"NEXT_DOWN":20824793,"MAIN_RIV":20832810,"LENGTH_KM":1.96,"CATCH_SKM":18.8,"DIS_AV_CMS":0.005,"ORD_STRA":1,"ORD_FLOW":9},"geometry":{"type":"LineString","coordinates":[[36.345833333332365,27.77499999999977],[36.356249999998994,27.76458333333307],[36.36041666666574,27.76458333333307]]}},{"type":"Feature","properties":{"HYRIV_ID":20824107,"NEXT_DOWN":20824793,"MAIN_RIV":20832810,"LENGTH_KM":4.12,"CATCH_SKM":27.73,"DIS_AV_CMS":0.008,"ORD_STRA":1,"ORD_FLOW":9},"geometry":{"type":"LineString","coordinates":[[36.39166666666577,27.785416666666414],[36.38124999999903,27.785416666666414],[36.36041666666574,27.76458333333307]]}},{"type":"Feature","properties":{"HYRIV_ID":20824108,"NEXT_DOWN":20824158,"MAIN_RIV":20812307,"LENGTH_KM":1.24,"CATCH_SKM":1.33,"DIS_AV_CMS":0.089,"ORD_STRA":2,"ORD_FLOW":8},"geometry":{"type":"LineString","coordinates":[[37.58958333333234,27.77291666666644],[37.59791666666567,27.76458333333307]]}},{"type":"Feature","properties":{"HYRIV_ID":20824109,"NEXT_DOWN":20824158,"MAIN_RIV":20812307,"LENGTH_KM":0.61,"CATCH_SKM":10.83,"DIS_AV_CMS":0.004,"ORD_STRA":1,"ORD_FLOW":9},"geometry":{"type":"LineString","coordinates":[[37.60416666666566,27.76458333333307],[37.59791666666567,27.76458333333307]]}},{"type":"Feature","properties":{"HYRIV_ID":20824158,"NEXT_DOWN":20824850,"MAIN_RIV":20812307,"LENGTH_KM":0.46,"CATCH_SKM":0.76,"DIS_AV_CMS":0.092,"ORD_STRA":2,"ORD_FLOW":8},"geometry":{"type":"LineString","coordinates":[[37.59791666666567,27.76458333333307],[37.59791666666567,27.760416666666423]]}},{"type":"Feature","properties":{"HYRIV_ID":20824204,"NEXT_DOWN":20823387,"MAIN_RIV":20812963,"LENGTH_KM":8.4499998,"CATCH_SKM":36.27,"DIS_AV_CMS":0.007,"ORD_STRA":2,"ORD_FLOW":9},"geometry":{"type":"LineString","coordinates":[[36.8395833333324,27.75624999999976],[36.8395833333324,27.77708333333309],[36.83124999999907,27.785416666666414],[36.83124999999907,27.78958333333312],[36.827083333332325,27.79374999999977],[36.82291666666569,27.79374999999977],[36.82291666666569,27.79791666666643],[36.8104166666657,27.810416666666406],[36.8104166666657,27.81458333333311],[36.80624999999904,27.81874999999976]]}},{"type":"Feature","properties":{"HYRIV_ID":20824205,"NEXT_DOWN":20823388,"MAIN_RIV":20812307,"LENGTH_KM":10.04,"CATCH_SKM":41.59,"DIS_AV_CMS":0.004,"ORD_STRA":1,"ORD_FLOW":9},"geometry":{"type":"LineString","coordinates":[[36.88333333333239,27.75416666666643],[36.89791666666571,27.768749999999734],[36.89791666666571,27.78958333333312],[36.91458333333233,27.806249999999743],[36.91874999999908,27.806249999999743],[36.93124999999904,27.81874999999976],[36.939583333332365,27.81874999999976]]}},{"type":"Feature","properties":{"HYRIV_ID":20824206,"NEXT_DOWN":20824269,"MAIN_RIV":20812307,"LENGTH_KM":2.25,"CATCH_SKM":15.96,"DIS_AV_CMS":0.002,"ORD_STRA":1,"ORD_FLOW":9},"geometry":{"type":"LineString","coordinates":[[37.18749999999906,27.75624999999976],[37.21041666666568,27.75624999999976]]}},{"type":"Feature","properties":{"HYRIV_ID":20824268,"NEXT_DOWN":20823144,"MAIN_RIV":20812307,"LENGTH_KM":13.18,"CATCH_SKM":60.959999,"DIS_AV_CMS":0.011,"ORD_STRA":3,"ORD_FLOW":8},"geometry":{"type":"LineString","coordinates":[[37.08124999999902,27.752083333333097],[37.08124999999902,27.75624999999976],[37.07291666666569,27.76458333333307],[37.07291666666569,27.768749999999734],[37.077083333332354,27.77291666666644],[37.08541666666565,27.77291666666644],[37.10208333333239,27.78958333333312],[37.10208333333239,27.79791666666643],[37.10624999999905,27.802083333333094],[37.110416666665685,27.802083333333094],[37.11458333333235,27.806249999999743],[37.122916666665674,27.806249999999743],[37.131249999999,27.81458333333311],[37.131249999999,27.81874999999976],[37.12708333333234,27.822916666666423],[37.12708333333234,27.835416666666397]]}},{"type":"Feature","properties":{"HYRIV_ID":20824269,"NEXT_DOWN":20824046,"MAIN_RIV":20812307,"LENGTH_KM":16.09,"CATCH_SKM":43.310001,"DIS_AV_CMS":0.012,"ORD_STRA":2,"ORD_FLOW":8},"geometry":{"type":"LineString","coordinates":[[37.21041666666568,27.75624999999976],[37.21458333333234,27.75624999999976],[37.21874999999898,27.760416666666423],[37.222916666665725,27.75624999999976],[37.23124999999905,27.76458333333307],[37.235416666665714,27.760416666666423],[37.256249999999,27.760416666666423],[37.26041666666575,27.75624999999976],[37.27708333333237,27.75624999999976],[37.281249999999034,27.752083333333097],[37.2854166666657,27.75624999999976],[37.28958333333236,27.752083333333097],[37.31458333333239,27.752083333333097],[37.32291666666569,27.760416666666423],[37.32291666666569,27.76458333333307],[37.33124999999902,27.77291666666644],[37.33541666666568,27.77291666666644],[37.33958333333234,27.768749999999734]]}},{"type":"Feature","properties":{"HYRIV_ID":20824270,"NEXT_DOWN":20824431,"MAIN_RIV":20812307,"LENGTH_KM":8.0200005,"CATCH_SKM":35.52,"DIS_AV_CMS":0.009,"ORD_STRA":1,"ORD_FLOW":9},"geometry":{"type":"LineString","coordinates":[[37.39166666666574,27.785416666666414],[37.39791666666571,27.785416666666414],[37.40208333333237,27.78124999999975],[37.406249999999034,27.78124999999975],[37.41458333333236,27.77291666666644],[37.422916666665685,27.77291666666644],[37.42708333333232,27.768749999999734],[37.43124999999907,27.768749999999734],[37.43541666666573,27.76458333333307],[37.43958333333239,27.76458333333307],[37.44791666666572,27.75624999999976],[37.452083333332354,27.75624999999976],[37.45624999999902,27.752083333333097]]}},{"type":"Feature","properties":{"HYRIV_ID":20824314,"NEXT_DOWN":20824362,"MAIN_RIV":20812307,"LENGTH_KM":1.55,"CATCH_SKM":12.16,"DIS_AV_CMS":0.003,"ORD_STRA":1,"ORD_FLOW":9},"geometry":{"type":"LineString","coordinates":[[37.408333333332365,27.75833333333309],[37.41874999999902,27.74791666666645]]}},{"type":"Feature","properties":{"HYRIV_ID":20824360,"NEXT_DOWN":20823387,"MAIN_RIV":20812963,"LENGTH_KM":10.61,"CATCH_SKM":31.91,"DIS_AV_CMS":0.003,"ORD_STRA":1,"ORD_FLOW":9},"geometry":{"type":"LineString","coordinates":[[36.779166666665674,27.743749999999743],[36.78541666666575,27.743749999999743],[36.789583333332416,27.74791666666645],[36.789583333332416,27.752083333333097],[36.79374999999908,27.75624999999976],[36.797916666665714,27.75624999999976],[36.80208333333238,27.760416666666423],[36.80208333333238,27.76458333333307],[36.797916666665714,27.768749999999734],[36.797916666665714,27.77291666666644],[36.80208333333238,27.77708333333309],[36.80208333333238,27.79374999999977],[36.80624999999904,27.79791666666643],[36.80208333333238,27.802083333333094],[36.80208333333238,27.81458333333311],[36.80624999999904,27.81874999999976]]}},{"type":"Feature","properties":{"HYRIV_ID":20824361,"NEXT_DOWN":20824268,"MAIN_RIV":20812307,"LENGTH_KM":1.24,"CATCH_SKM":0.95,"DIS_AV_CMS":0.001,"ORD_STRA":3,"ORD_FLOW":9},"geometry":{"type":"LineString","coordinates":[[37.07291666666569,27.743749999999743],[37.08124999999902,27.752083333333097]]}},{"type":"Feature","properties":{"HYRIV_ID":20824362,"NEXT_DOWN":20824363,"MAIN_RIV":20812307,"LENGTH_KM":3.08,"CATCH_SKM":10.45,"DIS_AV_CMS":0.009,"ORD_STRA":2,"ORD_FLOW":9},"geometry":{"type":"LineString","coordinates":[[37.41874999999902,27.74791666666645],[37.443749999999056,27.74791666666645],[37.44791666666572,27.743749999999743]]}},{"type":"Feature","properties":{"HYRIV_ID":20824363,"NEXT_DOWN":20824431,"MAIN_RIV":20812307,"LENGTH_KM":1.24,"CATCH_SKM":1.52,"DIS_AV_CMS":0.027,"ORD_STRA":3,"ORD_FLOW":8},"geometry":{"type":"LineString","coordinates":[[37.44791666666572,27.743749999999743],[37.45624999999902,27.752083333333097]]}},{"type":"Feature","properties":{"HYRIV_ID":20824364,"NEXT_DOWN":20824433,"MAIN_RIV":20812307,"LENGTH_KM":3.11,"CATCH_SKM":19.18,"DIS_AV_CMS":0.006,"ORD_STRA":1,"ORD_FLOW":9},"geometry":{"type":"LineString","coordinates":[[37.6604166666657,27.766666666666403],[37.6604166666657,27.74791666666645],[37.65624999999906,27.743749999999743],[37.6520833333324,27.743749999999743]]}},{"type":"Feature","properties":{"HYRIV_ID":20824427,"NEXT_DOWN":20824492,"MAIN_RIV":20832810,"LENGTH_KM":8.0200005,"CATCH_SKM":31.91,"DIS_AV_CMS":0.009,"ORD_STRA":1,"ORD_FLOW":9},"geometry":{"type":"LineString","coordinates":[[36.27083333333235,27.74791666666645],[36.26041666666569,27.74791666666645],[36.25624999999903,27.752083333333097],[36.24374999999907,27.752083333333097],[36.239583333332405,27.75624999999976],[36.23541666666574,27.752083333333097],[36.23124999999908,27.752083333333097],[36.22708333333233,27.74791666666645],[36.218749999999034,27.74791666666645],[36.21458333333237,27.743749999999743],[36.206249999999045,27.743749999999743],[36.20208333333238,27.73958333333308]]}},{"type":"Feature","properties":{"HYRIV_ID":20824428,"NEXT_DOWN":20824204,"MAIN_RIV":20812963,"LENGTH_KM":2.6500001,"CATCH_SKM":20.709999,"DIS_AV_CMS":0.003,"ORD_STRA":1,"ORD_FLOW":9},"geometry":{"type":"LineString","coordinates":[[36.83124999999907,27.737499999999763],[36.83124999999907,27.752083333333097],[36.835416666665736,27.75624999999976],[36.8395833333324,27.75624999999976]]}},{"type":"Feature","properties":{"HYRIV_ID":20824429,"NEXT_DOWN":20823388,"MAIN_RIV":20812307,"LENGTH_KM":11.48,"CATCH_SKM":31.719999,"DIS_AV_CMS":0.002,"ORD_STRA":1,"ORD_FLOW":9},"geometry":{"type":"LineString","coordinates":[[36.90833333333234,27.737499999999763],[36.90208333333234,27.743749999999743],[36.90208333333234,27.74791666666645],[36.906249999999005,27.752083333333097],[36.906249999999005,27.75624999999976],[36.91041666666567,27.760416666666423],[36.91458333333233,27.760416666666423],[36.92708333333238,27.77291666666644],[36.92708333333238,27.78958333333312],[36.93124999999904,27.79374999999977],[36.9354166666657,27.79374999999977],[36.939583333332365,27.79791666666643],[36.939583333332365,27.802083333333094],[36.9354166666657,27.806249999999743],[36.9354166666657,27.810416666666406],[36.939583333332365,27.81458333333311],[36.939583333332365,27.81874999999976]]}},{"type":"Feature","properties":{"HYRIV_ID":20824430,"NEXT_DOWN":20824269,"MAIN_RIV":20812307,"LENGTH_KM":2.6300001,"CATCH_SKM":14.82,"DIS_AV_CMS":0.002,"ORD_STRA":1,"ORD_FLOW":9},"geometry":{"type":"LineString","coordinates":[[37.19583333333236,27.737499999999763],[37.21041666666568,27.752083333333097],[37.21041666666568,27.75624999999976]]}},{"type":"Feature","properties":{"HYRIV_ID":20824431,"NEXT_DOWN":20824432,"MAIN_RIV":20812307,"LENGTH_KM":6.37,"CATCH_SKM":18.809999,"DIS_AV_CMS":0.04,"ORD_STRA":3,"ORD_FLOW":8},"geometry":{"type":"LineString","coordinates":[[37.45624999999902,27.752083333333097],[37.46041666666568,27.74791666666645],[37.46458333333234,27.752083333333097],[37.47291666666567,27.752083333333097],[37.4770833333323,27.74791666666645],[37.48124999999905,27.74791666666645],[37.485416666665714,27.743749999999743],[37.50208333333234,27.743749999999743],[37.506249999999,27.73958333333308],[37.51041666666566,27.73958333333308]]}},{"type":"Feature","properties":{"HYRIV_ID":20824432,"NEXT_DOWN":20823946,"MAIN_RIV":20812307,"LENGTH_KM":5.1,"CATCH_SKM":23.360001,"DIS_AV_CMS":1.12,"ORD_STRA":5,"ORD_FLOW":6},"geometry":{"type":"LineString","coordinates":[[37.51041666666566,27.73958333333308],[37.51041666666566,27.74791666666645],[37.49374999999904,27.76458333333307],[37.49374999999904,27.768749999999734],[37.485416666665714,27.77708333333309]]}},{"type":"Feature","properties":{"HYRIV_ID":20824433,"NEXT_DOWN":20824850,"MAIN_RIV":20812307,"LENGTH_KM":6.58,"CATCH_SKM":28.120001,"DIS_AV_CMS":0.068,"ORD_STRA":2,"ORD_FLOW":8},"geometry":{"type":"LineString","coordinates":[[37.6520833333324,27.743749999999743],[37.64374999999907,27.743749999999743],[37.639583333332325,27.73958333333308],[37.63541666666566,27.73958333333308],[37.627083333332365,27.74791666666645],[37.6229166666657,27.74791666666645],[37.61874999999904,27.752083333333097],[37.61041666666563,27.752083333333097],[37.60208333333233,27.760416666666423],[37.59791666666567,27.760416666666423]]}},{"type":"Feature","properties":{"HYRIV_ID":20824434,"NEXT_DOWN":20824433,"MAIN_RIV":20812307,"LENGTH_KM":1.03,"CATCH_SKM":0.76,"DIS_AV_CMS":0.054,"ORD_STRA":2,"ORD_FLOW":8},"geometry":{"type":"LineString","coordinates":[[37.6604166666657,27.73958333333308],[37.65624999999906,27.73958333333308],[37.6520833333324,27.743749999999743]]}},{"type":"Feature","properties":{"HYRIV_ID":20824491,"NEXT_DOWN":20825074,"MAIN_RIV":20832810,"LENGTH_KM":2.24,"CATCH_SKM":20.889999,"DIS_AV_CMS":0.004,"ORD_STRA":1,"ORD_FLOW":9},"geometry":{"type":"LineString","coordinates":[[36.093749999999005,27.75416666666643],[36.093749999999005,27.73958333333308],[36.09791666666567,27.73541666666643]]}},{"type":"Feature","properties":{"HYRIV_ID":20824492,"NEXT_DOWN":20825074,"MAIN_RIV":20832810,"LENGTH_KM":12.13,"CATCH_SKM":36.860001,"DIS_AV_CMS":0.03,"ORD_STRA":2,"ORD_FLOW":8},"geometry":{"type":"LineString","coordinates":[[36.20208333333238,27.73958333333308],[36.19791666666572,27.743749999999743],[36.18958333333242,27.743749999999743],[36.18541666666576,27.73958333333308],[36.181249999999096,27.743749999999743],[36.16458333333239,27.743749999999743],[36.160416666665725,27.74791666666645],[36.1520833333324,27.74791666666645],[36.139583333332354,27.73541666666643],[36.10624999999908,27.73541666666643],[36.102083333332416,27.73958333333308],[36.09791666666567,27.73541666666643]]}},{"type":"Feature","properties":{"HYRIV_ID":20824493,"NEXT_DOWN":20824543,"MAIN_RIV":20832810,"LENGTH_KM":1.62,"CATCH_SKM":14.06,"DIS_AV_CMS":0.004,"ORD_STRA":1,"ORD_FLOW":9},"geometry":{"type":"LineString","coordinates":[[36.435416666665674,27.74999999999978],[36.435416666665674,27.73541666666643]]}},{"type":"Feature","properties":{"HYRIV_ID":20824494,"NEXT_DOWN":20824543,"MAIN_RIV":20832810,"LENGTH_KM":0.61,"CATCH_SKM":11.78,"DIS_AV_CMS":0.003,"ORD_STRA":1,"ORD_FLOW":9},"geometry":{"type":"LineString","coordinates":[[36.44166666666575,27.73541666666643],[36.435416666665674,27.73541666666643]]}},{"type":"Feature","properties":{"HYRIV_ID":20824495,"NEXT_DOWN":20824362,"MAIN_RIV":20812307,"LENGTH_KM":2.01,"CATCH_SKM":12.35,"DIS_AV_CMS":0.003,"ORD_STRA":1,"ORD_FLOW":9},"geometry":{"type":"LineString","coordinates":[[37.408333333332365,27.7333333333331],[37.41458333333236,27.73958333333308],[37.41458333333236,27.743749999999743],[37.41874999999902,27.74791666666645]]}},{"type":"Feature","properties":{"HYRIV_ID":20824496,"NEXT_DOWN":20824497,"MAIN_RIV":20812307,"LENGTH_KM":1.23,"CATCH_SKM":1.71,"DIS_AV_CMS":0.011,"ORD_STRA":2,"ORD_FLOW":8},"geometry":{"type":"LineString","coordinates":[[37.43541666666573,27.73541666666643],[37.44791666666572,27.73541666666643]]}},{"type":"Feature","properties":{"HYRIV_ID":20824497,"NEXT_DOWN":20824363,"MAIN_RIV":20812307,"LENGTH_KM":0.93,"CATCH_SKM":1.33,"DIS_AV_CMS":0.018,"ORD_STRA":2,"ORD_FLOW":8},"geometry":{"type":"LineString","coordinates":[[37.44791666666572,27.73541666666643],[37.44791666666572,27.743749999999743]]}},{"type":"Feature","properties":{"HYRIV_ID":20824498,"NEXT_DOWN":20824610,"MAIN_RIV":20812307,"LENGTH_KM":2.86,"CATCH_SKM":19.18,"DIS_AV_CMS":0.007,"ORD_STRA":1,"ORD_FLOW":9},"geometry":{"type":"LineString","coordinates":[[37.718749999999005,27.75833333333309],[37.718749999999005,27.752083333333097],[37.72291666666575,27.74791666666645],[37.72291666666575,27.743749999999743],[37.718749999999005,27.73958333333308],[37.718749999999005,27.73541666666643]]}},{"type":"Feature","properties":{"HYRIV_ID":20824499,"NEXT_DOWN":20824799,"MAIN_RIV":20822745,"LENGTH_KM":1.39,"CATCH_SKM":11.59,"DIS_AV_CMS":0.004,"ORD_STRA":1,"ORD_FLOW":9},"geometry":{"type":"LineString","coordinates":[[37.858333333332325,27.745833333333074],[37.864583333332405,27.73958333333308],[37.864583333332405,27.73541666666643]]}},{"type":"Feature","properties":{"HYRIV_ID":20824542,"NEXT_DOWN":20824794,"MAIN_RIV":20832810,"LENGTH_KM":1.16,"CATCH_SKM":11.78,"DIS_AV_CMS":0.003,"ORD_STRA":1,"ORD_FLOW":9},"geometry":{"type":"LineString","coordinates":[[36.41458333333239,27.74166666666641],[36.41458333333239,27.73124999999977]]}},{"type":"Feature","properties":{"HYRIV_ID":20824543,"NEXT_DOWN":20824794,"MAIN_RIV":20832810,"LENGTH_KM":2.26,"CATCH_SKM":5.89,"DIS_AV_CMS":0.008,"ORD_STRA":2,"ORD_FLOW":9},"geometry":{"type":"LineString","coordinates":[[36.435416666665674,27.73541666666643],[36.422916666665714,27.73541666666643],[36.41874999999905,27.73124999999977],[36.41458333333239,27.73124999999977]]}},{"type":"Feature","properties":{"HYRIV_ID":20824544,"NEXT_DOWN":20824545,"MAIN_RIV":20812307,"LENGTH_KM":1.34,"CATCH_SKM":11.78,"DIS_AV_CMS":0.0,"ORD_STRA":1,"ORD_FLOW":10},"geometry":{"type":"LineString","coordinates":[[37.02499999999904,27.737499999999763],[37.031249999999034,27.73124999999977],[37.03541666666567,27.73124999999977]]}},{"type":"Feature","properties":{"HYRIV_ID":20824545,"NEXT_DOWN":20824361,"MAIN_RIV":20812307,"LENGTH_KM":4.3200002,"CATCH_SKM":10.45,"DIS_AV_CMS":0.0,"ORD_STRA":2,"ORD_FLOW":10},"geometry":{"type":"LineString","coordinates":[[37.03541666666567,27.73124999999977],[37.04374999999908,27.73958333333308],[37.04791666666574,27.73958333333308],[37.052083333332405,27.743749999999743],[37.07291666666569,27.743749999999743]]}},{"type":"Feature","properties":{"HYRIV_ID":20824546,"NEXT_DOWN":20824434,"MAIN_RIV":20812307,"LENGTH_KM":2.06,"CATCH_SKM":4.75,"DIS_AV_CMS":0.048,"ORD_STRA":2,"ORD_FLOW":8},"geometry":{"type":"LineString","coordinates":[[37.67708333333235,27.73124999999977],[37.672916666665685,27.73541666666643],[37.66874999999902,27.73541666666643],[37.66458333333236,27.73958333333308],[37.6604166666657,27.73958333333308]]}},{"type":"Feature","properties":{"HYRIV_ID":20824547,"NEXT_DOWN":20824733,"MAIN_RIV":20822745,"LENGTH_KM":10.13,"CATCH_SKM":46.529999,"DIS_AV_CMS":0.014,"ORD_STRA":1,"ORD_FLOW":8},"geometry":{"type":"LineString","coordinates":[[37.891666666665685,27.77708333333309],[37.89791666666565,27.77708333333309],[37.9020833333324,27.77291666666644],[37.90624999999906,27.77291666666644],[37.910416666665725,27.768749999999734],[37.91874999999902,27.768749999999734],[37.92708333333235,27.760416666666423],[37.935416666665674,27.760416666666423],[37.93958333333234,27.75624999999976],[37.947916666665634,27.75624999999976],[37.956249999999045,27.74791666666645],[37.956249999999045,27.743749999999743],[37.968749999999034,27.73124999999977]]}},{"type":"Feature","properties":{"HYRIV_ID":20824548,"NEXT_DOWN":20824733,"MAIN_RIV":20822745,"LENGTH_KM":1.55,"CATCH_SKM":17.290001,"DIS_AV_CMS":0.003,"ORD_STRA":1,"ORD_FLOW":9},"geometry":{"type":"LineString","coordinates":[[37.97916666666566,27.74166666666641],[37.968749999999034,27.73124999999977]]}},{"type":"Feature","properties":{"HYRIV_ID":20824609,"NEXT_DOWN":20822892,"MAIN_RIV":20812963,"LENGTH_KM":19.620001,"CATCH_SKM":74.080002,"DIS_AV_CMS":0.005,"ORD_STRA":1,"ORD_FLOW":9},"geometry":{"type":"LineString","coordinates":[[36.68333333333237,27.724999999999774],[36.689583333332365,27.73124999999977],[36.689583333332365,27.743749999999743],[36.693749999999,27.74791666666645],[36.693749999999,27.75624999999976],[36.70208333333241,27.76458333333307],[36.7145833333324,27.76458333333307],[36.718749999999034,27.768749999999734],[36.7229166666657,27.768749999999734],[36.73124999999902,27.77708333333309],[36.735416666665685,27.77708333333309],[36.73958333333235,27.78124999999975],[36.73958333333235,27.78958333333312],[36.75208333333239,27.802083333333094],[36.747916666665645,27.806249999999743],[36.76458333333238,27.822916666666423],[36.76458333333238,27.835416666666397],[36.768749999999045,27.835416666666397],[36.77708333333234,27.84374999999975],[36.77291666666568,27.847916666666414],[36.77291666666568,27.852083333333077]]}},{"type":"Feature","properties":{"HYRIV_ID":20824610,"NEXT_DOWN":20824546,"MAIN_RIV":20812307,"LENGTH_KM":4.73,"CATCH_SKM":16.34,"DIS_AV_CMS":0.036,"ORD_STRA":2,"ORD_FLOW":8},"geometry":{"type":"LineString","coordinates":[[37.718749999999005,27.73541666666643],[37.71458333333234,27.73124999999977],[37.70208333333238,27.73124999999977],[37.69791666666572,27.727083333333105],[37.693749999999056,27.727083333333105],[37.68958333333231,27.73124999999977],[37.67708333333235,27.73124999999977]]}},{"type":"Feature","properties":{"HYRIV_ID":20824611,"NEXT_DOWN":20824610,"MAIN_RIV":20812307,"LENGTH_KM":1.24,"CATCH_SKM":1.71,"DIS_AV_CMS":0.024,"ORD_STRA":2,"ORD_FLOW":8},"geometry":{"type":"LineString","coordinates":[[37.72708333333233,27.727083333333105],[37.718749999999005,27.73541666666643]]}},{"type":"Feature","properties":{"HYRIV_ID":20824612,"NEXT_DOWN":20824799,"MAIN_RIV":20822745,"LENGTH_KM":4.73,"CATCH_SKM":25.459999,"DIS_AV_CMS":0.009,"ORD_STRA":1,"ORD_FLOW":9},"geometry":{"type":"LineString","coordinates":[[37.82499999999905,27.727083333333105],[37.831249999999045,27.727083333333105],[37.83541666666571,27.73124999999977],[37.83958333333237,27.73124999999977],[37.843749999999005,27.727083333333105],[37.84791666666567,27.73124999999977],[37.86041666666566,27.73124999999977],[37.864583333332405,27.73541666666643]]}},{"type":"Feature","properties":{"HYRIV_ID":20824672,"NEXT_DOWN":20824492,"MAIN_RIV":20832810,"LENGTH_KM":7.4,"CATCH_SKM":35.34,"DIS_AV_CMS":0.011,"ORD_STRA":1,"ORD_FLOW":8},"geometry":{"type":"LineString","coordinates":[[36.266666666665685,27.727083333333105],[36.25624999999903,27.727083333333105],[36.252083333332365,27.722916666666457],[36.24791666666573,27.727083333333105],[36.2229166666657,27.727083333333105],[36.218749999999034,27.73124999999977],[36.21041666666571,27.73124999999977],[36.20208333333238,27.73958333333308]]}},{"type":"Feature","properties":{"HYRIV_ID":20824673,"NEXT_DOWN":20823794,"MAIN_RIV":20812963,"LENGTH_KM":10.97,"CATCH_SKM":70.110001,"DIS_AV_CMS":0.008,"ORD_STRA":1,"ORD_FLOW":9},"geometry":{"type":"LineString","coordinates":[[36.620833333332314,27.722916666666457],[36.610416666665685,27.722916666666457],[36.60208333333236,27.73124999999977],[36.5979166666657,27.73124999999977],[36.593749999999034,27.73541666666643],[36.593749999999034,27.73958333333308],[36.58958333333237,27.743749999999743],[36.60208333333236,27.75624999999976],[36.60208333333236,27.760416666666423],[36.60624999999902,27.76458333333307],[36.60624999999902,27.77291666666644],[36.610416666665685,27.77708333333309],[36.610416666665685,27.78124999999975],[36.61458333333235,27.785416666666414],[36.61874999999898,27.785416666666414],[36.62291666666573,27.78958333333312]]}},{"type":"Feature","properties":{"HYRIV_ID":20824674,"NEXT_DOWN":20824675,"MAIN_RIV":20812307,"LENGTH_KM":7.6,"CATCH_SKM":19.190001,"DIS_AV_CMS":0.009,"ORD_STRA":2,"ORD_FLOW":9},"geometry":{"type":"LineString","coordinates":[[37.24374999999901,27.727083333333105],[37.247916666665674,27.727083333333105],[37.25208333333234,27.722916666666457],[37.26041666666575,27.722916666666457],[37.26458333333241,27.727083333333105],[37.27708333333237,27.727083333333105],[37.281249999999034,27.722916666666457],[37.31458333333239,27.722916666666457]]}},{"type":"Feature","properties":{"HYRIV_ID":20824675,"NEXT_DOWN":20824046,"MAIN_RIV":20812307,"LENGTH_KM":6.85,"CATCH_SKM":18.620001,"DIS_AV_CMS":0.13500001,"ORD_STRA":4,"ORD_FLOW":7},"geometry":{"type":"LineString","coordinates":[[37.31458333333239,27.722916666666457],[37.31874999999903,27.727083333333105],[37.327083333332354,27.727083333333105],[37.33124999999902,27.73124999999977],[37.33124999999902,27.73958333333308],[37.33541666666568,27.743749999999743],[37.33541666666568,27.75624999999976],[37.33124999999902,27.760416666666423],[37.33958333333234,27.768749999999734]]}},{"type":"Feature","properties":{"HYRIV_ID":20824676,"NEXT_DOWN":20824611,"MAIN_RIV":20812307,"LENGTH_KM":4.2199998,"CATCH_SKM":28.120001,"DIS_AV_CMS":0.01,"ORD_STRA":1,"ORD_FLOW":8},"geometry":{"type":"LineString","coordinates":[[37.762499999998994,27.720833333333083],[37.75624999999903,27.727083333333105],[37.7479166666657,27.727083333333105],[37.74374999999904,27.722916666666457],[37.73958333333229,27.722916666666457],[37.73541666666566,27.727083333333105],[37.72708333333233,27.727083333333105]]}},{"type":"Feature","properties":{"HYRIV_ID":20824730,"NEXT_DOWN":20823013,"MAIN_RIV":20812963,"LENGTH_KM":16.02,"CATCH_SKM":42.549999,"DIS_AV_CMS":0.004,"ORD_STRA":2,"ORD_FLOW":9},"geometry":{"type":"LineString","coordinates":[[36.74374999999901,27.71874999999975],[36.74374999999901,27.727083333333105],[36.747916666665645,27.727083333333105],[36.75208333333239,27.73124999999977],[36.75208333333239,27.73541666666643],[36.76041666666572,27.743749999999743],[36.76041666666572,27.74791666666645],[36.76458333333238,27.752083333333097],[36.76041666666572,27.75624999999976],[36.76041666666572,27.768749999999734],[36.76458333333238,27.77291666666644],[36.76458333333238,27.79374999999977],[36.768749999999045,27.79791666666643],[36.768749999999045,27.802083333333094],[36.77291666666568,27.806249999999743],[36.77291666666568,27.810416666666406],[36.77708333333234,27.81458333333311],[36.77708333333234,27.827083333333086],[36.78124999999909,27.831249999999734],[36.78124999999909,27.839583333333103],[36.78541666666575,27.84374999999975]]}},{"type":"Feature","properties":{"HYRIV_ID":20824731,"NEXT_DOWN":20824497,"MAIN_RIV":20812307,"LENGTH_KM":2.9400001,"CATCH_SKM":23.57,"DIS_AV_CMS":0.007,"ORD_STRA":1,"ORD_FLOW":9},"geometry":{"type":"LineString","coordinates":[[37.466666666665674,27.71874999999975],[37.46041666666568,27.71874999999975],[37.45624999999902,27.722916666666457],[37.45624999999902,27.727083333333105],[37.44791666666572,27.73541666666643]]}},{"type":"Feature","properties":{"HYRIV_ID":20824732,"NEXT_DOWN":20824432,"MAIN_RIV":20812307,"LENGTH_KM":3.09,"CATCH_SKM":13.68,"DIS_AV_CMS":1.103,"ORD_STRA":5,"ORD_FLOW":6},"geometry":{"type":"LineString","coordinates":[[37.531249999999034,27.71874999999975],[37.51041666666566,27.73958333333308]]}},{"type":"Feature","properties":{"HYRIV_ID":20824733,"NEXT_DOWN":20824800,"MAIN_RIV":20822745,"LENGTH_KM":1.86,"CATCH_SKM":4.9400001,"DIS_AV_CMS":0.018,"ORD_STRA":2,"ORD_FLOW":8},"geometry":{"type":"LineString","coordinates":[[37.968749999999034,27.73124999999977],[37.981249999998994,27.71874999999975]]}},{"type":"Feature","properties":{"HYRIV_ID":20824793,"NEXT_DOWN":20825122,"MAIN_RIV":20832810,"LENGTH_KM":6.8,"CATCH_SKM":16.34,"DIS_AV_CMS":0.017,"ORD_STRA":2,"ORD_FLOW":8},"geometry":{"type":"LineString","coordinates":[[36.36041666666574,27.76458333333307],[36.36041666666574,27.760416666666423],[36.364583333332405,27.75624999999976],[36.364583333332405,27.752083333333097],[36.37291666666573,27.743749999999743],[36.37291666666573,27.73958333333308],[36.389583333332354,27.722916666666457],[36.389583333332354,27.71874999999975],[36.39374999999902,27.71458333333309]]}},{"type":"Feature","properties":{"HYRIV_ID":20824794,"NEXT_DOWN":20825122,"MAIN_RIV":20832810,"LENGTH_KM":3.1400001,"CATCH_SKM":5.89,"DIS_AV_CMS":0.013,"ORD_STRA":2,"ORD_FLOW":8},"geometry":{"type":"LineString","coordinates":[[36.41458333333239,27.73124999999977],[36.406249999999005,27.73124999999977],[36.39374999999902,27.71874999999975],[36.39374999999902,27.71458333333309]]}},{"type":"Feature","properties":{"HYRIV_ID":20824795,"NEXT_DOWN":20824730,"MAIN_RIV":20812963,"LENGTH_KM":1.34,"CATCH_SKM":11.4,"DIS_AV_CMS":0.001,"ORD_STRA":1,"ORD_FLOW":9},"geometry":{"type":"LineString","coordinates":[[36.733333333332354,27.712499999999757],[36.73958333333235,27.71874999999975],[36.74374999999901,27.71874999999975]]}},{"type":"Feature","properties":{"HYRIV_ID":20824796,"NEXT_DOWN":20824434,"MAIN_RIV":20812307,"LENGTH_KM":3.1700001,"CATCH_SKM":17.110001,"DIS_AV_CMS":0.006,"ORD_STRA":1,"ORD_FLOW":9},"geometry":{"type":"LineString","coordinates":[[37.65624999999906,27.712499999999757],[37.65624999999906,27.727083333333105],[37.6604166666657,27.73124999999977],[37.6604166666657,27.73958333333308]]}},{"type":"Feature","properties":{"HYRIV_ID":20824797,"NEXT_DOWN":20824611,"MAIN_RIV":20812307,"LENGTH_KM":2.11,"CATCH_SKM":4.37,"DIS_AV_CMS":0.013,"ORD_STRA":2,"ORD_FLOW":8},"geometry":{"type":"LineString","coordinates":[[37.73958333333229,27.71458333333309],[37.73541666666566,27.71458333333309],[37.72708333333233,27.722916666666457],[37.72708333333233,27.727083333333105]]}},{"type":"Feature","properties":{"HYRIV_ID":20824798,"NEXT_DOWN":20824851,"MAIN_RIV":20822745,"LENGTH_KM":2.26,"CATCH_SKM":15.01,"DIS_AV_CMS":0.003,"ORD_STRA":1,"ORD_FLOW":9},"geometry":{"type":"LineString","coordinates":[[37.920833333332354,27.71458333333309],[37.93124999999901,27.71458333333309],[37.935416666665674,27.71874999999975],[37.93958333333234,27.71458333333309]]}},{"type":"Feature","properties":{"HYRIV_ID":20824799,"NEXT_DOWN":20824851,"MAIN_RIV":20822745,"LENGTH_KM":10.19,"CATCH_SKM":26.790001,"DIS_AV_CMS":0.02,"ORD_STRA":2,"ORD_FLOW":8},"geometry":{"type":"LineString","coordinates":[[37.864583333332405,27.73541666666643],[37.86874999999904,27.73124999999977],[37.8729166666657,27.73124999999977],[37.877083333332365,27.73541666666643],[37.88124999999903,27.73124999999977],[37.88541666666569,27.73124999999977],[37.889583333332354,27.73541666666643],[37.89791666666565,27.73541666666643],[37.9020833333324,27.73958333333308],[37.90624999999906,27.73958333333308],[37.910416666665725,27.73541666666643],[37.92708333333235,27.73541666666643],[37.93124999999901,27.73124999999977],[37.93124999999901,27.727083333333105],[37.93958333333234,27.71874999999975],[37.93958333333234,27.71458333333309]]}},{"type":"Feature","properties":{"HYRIV_ID":20824800,"NEXT_DOWN":20825013,"MAIN_RIV":20822745,"LENGTH_KM":1.03,"CATCH_SKM":2.09,"DIS_AV_CMS":0.041,"ORD_STRA":3,"ORD_FLOW":8},"geometry":{"type":"LineString","coordinates":[[37.981249999998994,27.71874999999975],[37.98541666666566,27.71458333333309],[37.98958333333232,27.71458333333309]]}},{"type":"Feature","properties":{"HYRIV_ID":20824843,"NEXT_DOWN":20824674,"MAIN_RIV":20812307,"LENGTH_KM":6.7800002,"CATCH_SKM":31.93,"DIS_AV_CMS":0.003,"ORD_STRA":1,"ORD_FLOW":9},"geometry":{"type":"LineString","coordinates":[[37.1833333333324,27.71041666666644],[37.189583333332365,27.71041666666644],[37.19374999999903,27.71458333333309],[37.202083333332354,27.71458333333309],[37.20624999999902,27.71874999999975],[37.21041666666568,27.71874999999975],[37.21458333333234,27.722916666666457],[37.222916666665725,27.722916666666457],[37.22708333333239,27.727083333333105],[37.24374999999901,27.727083333333105]]}},{"type":"Feature","properties":{"HYRIV_ID":20824844,"NEXT_DOWN":20824496,"MAIN_RIV":20812307,"LENGTH_KM":6.8400002,"CATCH_SKM":20.52,"DIS_AV_CMS":0.005,"ORD_STRA":1,"ORD_FLOW":9},"geometry":{"type":"LineString","coordinates":[[37.38333333333233,27.71458333333309],[37.389583333332325,27.71458333333309],[37.39374999999907,27.71041666666644],[37.39791666666571,27.71041666666644],[37.40208333333237,27.71458333333309],[37.4104166666657,27.71458333333309],[37.41874999999902,27.722916666666457],[37.41874999999902,27.727083333333105],[37.42708333333232,27.73541666666643],[37.43541666666573,27.73541666666643]]}},{"type":"Feature","properties":{"HYRIV_ID":20824845,"NEXT_DOWN":20824732,"MAIN_RIV":20812307,"LENGTH_KM":1.55,"CATCH_SKM":12.54,"DIS_AV_CMS":0.004,"ORD_STRA":1,"ORD_FLOW":9},"geometry":{"type":"LineString","coordinates":[[37.520833333332405,27.70833333333311],[37.531249999999034,27.71874999999975]]}},{"type":"Feature","properties":{"HYRIV_ID":20824846,"NEXT_DOWN":20824732,"MAIN_RIV":20812307,"LENGTH_KM":2.47,"CATCH_SKM":5.89,"DIS_AV_CMS":1.107,"ORD_STRA":5,"ORD_FLOW":6},"geometry":{"type":"LineString","coordinates":[[37.55208333333235,27.71041666666644],[37.54374999999902,27.71874999999975],[37.531249999999034,27.71874999999975]]}},{"type":"Feature","properties":{"HYRIV_ID":20824847,"NEXT_DOWN":20824846,"MAIN_RIV":20812307,"LENGTH_KM":0.82,"CATCH_SKM":1.33,"DIS_AV_CMS":0.73799998,"ORD_STRA":4,"ORD_FLOW":7},"geometry":{"type":"LineString","coordinates":[[37.56041666666573,27.71041666666644],[37.55208333333235,27.71041666666644]]}},{"type":"Feature","properties":{"HYRIV_ID":20824848,"NEXT_DOWN":20824847,"MAIN_RIV":20812307,"LENGTH_KM":3.32,"CATCH_SKM":14.06,"DIS_AV_CMS":0.004,"ORD_STRA":1,"ORD_FLOW":9},"geometry":{"type":"LineString","coordinates":[[37.568749999999056,27.737499999999763],[37.568749999999056,27.722916666666457],[37.56041666666573,27.71458333333309],[37.56041666666573,27.71041666666644]]}},{"type":"Feature","properties":{"HYRIV_ID":20824849,"NEXT_DOWN":20824847,"MAIN_RIV":20812307,"LENGTH_KM":2.05,"CATCH_SKM":4.9400001,"DIS_AV_CMS":0.737,"ORD_STRA":4,"ORD_FLOW":7},"geometry":{"type":"LineString","coordinates":[[37.58124999999902,27.71041666666644],[37.56041666666573,27.71041666666644]]}},{"type":"Feature","properties":{"HYRIV_ID":20824850,"NEXT_DOWN":20824849,"MAIN_RIV":20812307,"LENGTH_KM":6.1799998,"CATCH_SKM":15.01,"DIS_AV_CMS":0.161,"ORD_STRA":3,"ORD_FLOW":7},"geometry":{"type":"LineString","coordinates":[[37.59791666666567,27.760416666666423],[37.593749999999005,27.75624999999976],[37.593749999999005,27.752083333333097],[37.58958333333234,27.74791666666645],[37.58958333333234,27.73958333333308],[37.58541666666568,27.73541666666643],[37.58541666666568,27.71458333333309],[37.58124999999902,27.71041666666644]]}},{"type":"Feature","properties":{"HYRIV_ID":20824851,"NEXT_DOWN":20824800,"MAIN_RIV":20822745,"LENGTH_KM":4.73,"CATCH_SKM":10.83,"DIS_AV_CMS":0.023,"ORD_STRA":2,"ORD_FLOW":8},"geometry":{"type":"LineString","coordinates":[[37.93958333333234,27.71458333333309],[37.956249999999045,27.71458333333309],[37.96041666666571,27.71041666666644],[37.968749999999034,27.71041666666644],[37.97291666666567,27.71458333333309],[37.97708333333233,27.71458333333309],[37.981249999998994,27.71874999999975]]}},{"type":"Feature","properties":{"HYRIV_ID":20824892,"NEXT_DOWN":20824204,"MAIN_RIV":20812963,"LENGTH_KM":6.3400002,"CATCH_SKM":18.43,"DIS_AV_CMS":0.005,"ORD_STRA":2,"ORD_FLOW":9},"geometry":{"type":"LineString","coordinates":[[36.84374999999906,27.706249999999777],[36.8395833333324,27.71041666666644],[36.8395833333324,27.71874999999975],[36.84374999999906,27.722916666666457],[36.84374999999906,27.73124999999977],[36.8395833333324,27.73541666666643],[36.8395833333324,27.743749999999743],[36.84374999999906,27.74791666666645],[36.84374999999906,27.752083333333097],[36.8395833333324,27.75624999999976]]}},{"type":"Feature","properties":{"HYRIV_ID":20824893,"NEXT_DOWN":20823608,"MAIN_RIV":20812307,"LENGTH_KM":15.6,"CATCH_SKM":57.759998,"DIS_AV_CMS":0.002,"ORD_STRA":1,"ORD_FLOW":9},"geometry":{"type":"LineString","coordinates":[[36.91666666666575,27.704166666666403],[36.93124999999904,27.71874999999975],[36.9354166666657,27.71874999999975],[36.939583333332365,27.722916666666457],[36.939583333332365,27.727083333333105],[36.94374999999903,27.73124999999977],[36.94374999999903,27.73958333333308],[36.94791666666569,27.743749999999743],[36.952083333332354,27.743749999999743],[36.95624999999899,27.74791666666645],[36.95624999999899,27.752083333333097],[36.952083333332354,27.75624999999976],[36.952083333332354,27.760416666666423],[36.94791666666569,27.76458333333307],[36.94374999999903,27.76458333333307],[36.94374999999903,27.77291666666644],[36.952083333332354,27.78124999999975],[36.952083333332354,27.78958333333312],[36.95624999999899,27.79374999999977],[36.96874999999906,27.79374999999977],[36.97708333333239,27.802083333333094]]}},{"type":"Feature","properties":{"HYRIV_ID":20824894,"NEXT_DOWN":20824496,"MAIN_RIV":20812307,"LENGTH_KM":4.1700001,"CATCH_SKM":17.48,"DIS_AV_CMS":0.005,"ORD_STRA":1,"ORD_FLOW":9},"geometry":{"type":"LineString","coordinates":[[37.42499999999899,27.704166666666403],[37.43124999999907,27.71041666666644],[37.43124999999907,27.71458333333309],[37.43541666666573,27.71874999999975],[37.43541666666573,27.722916666666457],[37.43124999999907,27.727083333333105],[37.43541666666573,27.73124999999977],[37.43541666666573,27.73541666666643]]}},{"type":"Feature","properties":{"HYRIV_ID":20824895,"NEXT_DOWN":20824546,"MAIN_RIV":20812307,"LENGTH_KM":5.87,"CATCH_SKM":29.459999,"DIS_AV_CMS":0.011,"ORD_STRA":1,"ORD_FLOW":8},"geometry":{"type":"LineString","coordinates":[[37.71249999999901,27.712499999999757],[37.706249999999045,27.706249999999777],[37.70208333333238,27.706249999999777],[37.69791666666572,27.71041666666644],[37.693749999999056,27.71041666666644],[37.68958333333231,27.71458333333309],[37.685416666665645,27.71458333333309],[37.672916666665685,27.727083333333105],[37.67708333333235,27.73124999999977]]}},{"type":"Feature","properties":{"HYRIV_ID":20824896,"NEXT_DOWN":20824797,"MAIN_RIV":20812307,"LENGTH_KM":1.31,"CATCH_SKM":13.5,"DIS_AV_CMS":0.005,"ORD_STRA":1,"ORD_FLOW":9},"geometry":{"type":"LineString","coordinates":[[37.74374999999904,27.704166666666403],[37.74374999999904,27.71041666666644],[37.73958333333229,27.71458333333309]]}},{"type":"Feature","properties":{"HYRIV_ID":20824950,"NEXT_DOWN":20824675,"MAIN_RIV":20812307,"LENGTH_KM":2.6300001,"CATCH_SKM":7.0300002,"DIS_AV_CMS":0.12800001,"ORD_STRA":4,"ORD_FLOW":7},"geometry":{"type":"LineString","coordinates":[[37.31458333333239,27.70208333333307],[37.31874999999903,27.706249999999777],[37.31874999999903,27.71041666666644],[37.31458333333239,27.71458333333309],[37.31458333333239,27.722916666666457]]}},{"type":"Feature","properties":{"HYRIV_ID":20824951,"NEXT_DOWN":20824849,"MAIN_RIV":20812307,"LENGTH_KM":1.08,"CATCH_SKM":0.95,"DIS_AV_CMS":0.583,"ORD_STRA":4,"ORD_FLOW":7},"geometry":{"type":"LineString","coordinates":[[37.58541666666568,27.70208333333307],[37.58541666666568,27.706249999999777],[37.58124999999902,27.71041666666644]]}},{"type":"Feature","properties":{"HYRIV_ID":20824952,"NEXT_DOWN":20824797,"MAIN_RIV":20812307,"LENGTH_KM":3.98,"CATCH_SKM":18.049999,"DIS_AV_CMS":0.007,"ORD_STRA":1,"ORD_FLOW":9},"geometry":{"type":"LineString","coordinates":[[37.76874999999899,27.69999999999974],[37.76874999999899,27.706249999999777],[37.764583333332325,27.71041666666644],[37.76041666666569,27.71041666666644],[37.75624999999903,27.71458333333309],[37.73958333333229,27.71458333333309]]}},{"type":"Feature","properties":{"HYRIV_ID":20825009,"NEXT_DOWN":20824730,"MAIN_RIV":20812963,"LENGTH_KM":3.02,"CATCH_SKM":21.290001,"DIS_AV_CMS":0.002,"ORD_STRA":1,"ORD_FLOW":9},"geometry":{"type":"LineString","coordinates":[[36.73958333333235,27.69583333333309],[36.73958333333235,27.706249999999777],[36.747916666665645,27.71458333333309],[36.74374999999901,27.71874999999975]]}},{"type":"Feature","properties":{"HYRIV_ID":20825010,"NEXT_DOWN":20824892,"MAIN_RIV":20812963,"LENGTH_KM":1.24,"CATCH_SKM":3.04,"DIS_AV_CMS":0.004,"ORD_STRA":2,"ORD_FLOW":9},"geometry":{"type":"LineString","coordinates":[[36.835416666665736,27.697916666666423],[36.84374999999906,27.706249999999777]]}},{"type":"Feature","properties":{"HYRIV_ID":20825011,"NEXT_DOWN":20824892,"MAIN_RIV":20812963,"LENGTH_KM":2.81,"CATCH_SKM":15.4,"DIS_AV_CMS":0.001,"ORD_STRA":1,"ORD_FLOW":9},"geometry":{"type":"LineString","coordinates":[[36.85624999999902,27.69583333333309],[36.85624999999902,27.706249999999777],[36.85208333333236,27.706249999999777],[36.847916666665725,27.71041666666644],[36.84374999999906,27.706249999999777]]}},{"type":"Feature","properties":{"HYRIV_ID":20825012,"NEXT_DOWN":20824674,"MAIN_RIV":20812307,"LENGTH_KM":4.89,"CATCH_SKM":17.68,"DIS_AV_CMS":0.002,"ORD_STRA":1,"ORD_FLOW":9},"geometry":{"type":"LineString","coordinates":[[37.216666666665645,27.697916666666423],[37.222916666665725,27.697916666666423],[37.22708333333239,27.70208333333307],[37.22708333333239,27.706249999999777],[37.23124999999905,27.71041666666644],[37.23124999999905,27.71458333333309],[37.235416666665714,27.71458333333309],[37.24374999999901,27.722916666666457],[37.24374999999901,27.727083333333105]]}},{"type":"Feature","properties":{"HYRIV_ID":20825013,"NEXT_DOWN":20824954,"MAIN_RIV":20822745,"LENGTH_KM":10.9,"CATCH_SKM":45.23,"DIS_AV_CMS":0.038,"ORD_STRA":3,"ORD_FLOW":8},"geometry":{"type":"LineString","coordinates":[[37.98958333333232,27.71458333333309],[37.99374999999898,27.71458333333309],[37.99791666666562,27.71041666666644],[38.002083333332365,27.71041666666644],[38.00624999999903,27.71458333333309],[38.01041666666569,27.71458333333309],[38.014583333332354,27.71041666666644],[38.01874999999902,27.71458333333309],[38.03124999999906,27.71458333333309],[38.03958333333239,27.706249999999777],[38.04374999999905,27.706249999999777],[38.05208333333235,27.697916666666423],[38.068749999999,27.697916666666423],[38.07291666666566,27.70208333333307],[38.08124999999896,27.70208333333307]]}},{"type":"Feature","properties":{"HYRIV_ID":20825074,"NEXT_DOWN":20825596,"MAIN_RIV":20832810,"LENGTH_KM":5.5700002,"CATCH_SKM":15.2,"DIS_AV_CMS":0.039,"ORD_STRA":2,"ORD_FLOW":8},"geometry":{"type":"LineString","coordinates":[[36.09791666666567,27.73541666666643],[36.093749999999005,27.73124999999977],[36.09791666666567,27.727083333333105],[36.09791666666567,27.722916666666457],[36.102083333332416,27.71874999999975],[36.102083333332416,27.71458333333309],[36.10624999999908,27.71041666666644],[36.10624999999908,27.706249999999777],[36.11041666666574,27.70208333333307],[36.11041666666574,27.697916666666423],[36.114583333332405,27.69374999999976]]}},{"type":"Feature","properties":{"HYRIV_ID":20825075,"NEXT_DOWN":20825596,"MAIN_RIV":20832810,"LENGTH_KM":6.7800002,"CATCH_SKM":33.639999,"DIS_AV_CMS":0.01,"ORD_STRA":1,"ORD_FLOW":8},"geometry":{"type":"LineString","coordinates":[[36.17499999999902,27.70208333333307],[36.1520833333324,27.70208333333307],[36.147916666665736,27.706249999999777],[36.13541666666569,27.706249999999777],[36.13124999999903,27.70208333333307],[36.127083333332365,27.70208333333307],[36.1229166666657,27.697916666666423],[36.11874999999904,27.697916666666423],[36.114583333332405,27.69374999999976]]}},{"type":"Feature","properties":{"HYRIV_ID":20825076,"NEXT_DOWN":20824545,"MAIN_RIV":20812307,"LENGTH_KM":15.08,"CATCH_SKM":48.84,"DIS_AV_CMS":0.0,"ORD_STRA":2,"ORD_FLOW":10},"geometry":{"type":"LineString","coordinates":[[36.9354166666657,27.69374999999976],[36.94791666666569,27.706249999999777],[36.95624999999899,27.706249999999777],[36.960416666665736,27.71041666666644],[36.9645833333324,27.71041666666644],[36.972916666665725,27.71874999999975],[36.97708333333239,27.71874999999975],[36.98124999999902,27.71458333333309],[36.98124999999902,27.71041666666644],[36.985416666665685,27.71041666666644],[36.99374999999901,27.70208333333307],[37.00208333333234,27.70208333333307],[37.006249999999056,27.697916666666423],[37.01041666666572,27.697916666666423],[37.01458333333238,27.70208333333307],[37.01458333333238,27.706249999999777],[37.018749999999045,27.71041666666644],[37.018749999999045,27.71458333333309],[37.02291666666571,27.71874999999975],[37.02291666666571,27.727083333333105],[37.031249999999034,27.727083333333105],[37.03541666666567,27.73124999999977]]}},{"type":"Feature","properties":{"HYRIV_ID":20825077,"NEXT_DOWN":20825013,"MAIN_RIV":20822745,"LENGTH_KM":3.02,"CATCH_SKM":15.97,"DIS_AV_CMS":0.001,"ORD_STRA":1,"ORD_FLOW":9},"geometry":{"type":"LineString","coordinates":[[37.98541666666566,27.69166666666643],[37.98541666666566,27.697916666666423],[37.981249999998994,27.70208333333307],[37.98958333333232,27.71041666666644],[37.98958333333232,27.71458333333309]]}},{"type":"Feature","properties":{"HYRIV_ID":20825121,"NEXT_DOWN":20825735,"MAIN_RIV":20832810,"LENGTH_KM":6.9,"CATCH_SKM":29.26,"DIS_AV_CMS":0.008,"ORD_STRA":1,"ORD_FLOW":9},"geometry":{"type":"LineString","coordinates":[[36.34999999999903,27.73124999999977],[36.36041666666574,27.73124999999977],[36.37291666666573,27.71874999999975],[36.36874999999907,27.71458333333309],[36.37708333333239,27.706249999999777],[36.37708333333239,27.697916666666423],[36.38541666666569,27.689583333333097]]}},{"type":"Feature","properties":{"HYRIV_ID":20825122,"NEXT_DOWN":20825735,"MAIN_RIV":20832810,"LENGTH_KM":3.09,"CATCH_SKM":8.7399998,"DIS_AV_CMS":0.032,"ORD_STRA":3,"ORD_FLOW":8},"geometry":{"type":"LineString","coordinates":[[36.39374999999902,27.71458333333309],[36.39374999999902,27.70208333333307],[36.38541666666569,27.69374999999976],[36.38541666666569,27.689583333333097]]}},{"type":"Feature","properties":{"HYRIV_ID":20825235,"NEXT_DOWN":20825544,"MAIN_RIV":20832810,"LENGTH_KM":7.21,"CATCH_SKM":41.040001,"DIS_AV_CMS":0.01,"ORD_STRA":1,"ORD_FLOW":8},"geometry":{"type":"LineString","coordinates":[[36.48749999999899,27.7333333333331],[36.48124999999902,27.727083333333105],[36.47708333333236,27.727083333333105],[36.468749999999034,27.71874999999975],[36.468749999999034,27.71458333333309],[36.46458333333237,27.71041666666644],[36.46458333333237,27.69374999999976],[36.46041666666571,27.689583333333097],[36.46458333333237,27.685416666666434],[36.46458333333237,27.681249999999785]]}},{"type":"Feature","properties":{"HYRIV_ID":20825236,"NEXT_DOWN":20825544,"MAIN_RIV":20832810,"LENGTH_KM":4.52,"CATCH_SKM":25.280001,"DIS_AV_CMS":0.006,"ORD_STRA":1,"ORD_FLOW":9},"geometry":{"type":"LineString","coordinates":[[36.504166666665725,27.69374999999976],[36.49374999999907,27.69374999999976],[36.48958333333232,27.689583333333097],[36.47708333333236,27.689583333333097],[36.4729166666657,27.685416666666434],[36.468749999999034,27.685416666666434],[36.46458333333237,27.681249999999785]]}},{"type":"Feature","properties":{"HYRIV_ID":20825237,"NEXT_DOWN":20825238,"MAIN_RIV":20812307,"LENGTH_KM":1.03,"CATCH_SKM":12.93,"DIS_AV_CMS":0.0,"ORD_STRA":1,"ORD_FLOW":10},"geometry":{"type":"LineString","coordinates":[[37.016666666665714,27.681249999999785],[37.02708333333237,27.681249999999785]]}},{"type":"Feature","properties":{"HYRIV_ID":20825238,"NEXT_DOWN":20824361,"MAIN_RIV":20812307,"LENGTH_KM":10.24,"CATCH_SKM":17.860001,"DIS_AV_CMS":0.002,"ORD_STRA":2,"ORD_FLOW":9},"geometry":{"type":"LineString","coordinates":[[37.02708333333237,27.681249999999785],[37.031249999999034,27.681249999999785],[37.03541666666567,27.685416666666434],[37.039583333332416,27.685416666666434],[37.04374999999908,27.689583333333097],[37.04791666666574,27.689583333333097],[37.05624999999907,27.697916666666423],[37.052083333332405,27.70208333333307],[37.052083333332405,27.71874999999975],[37.05624999999907,27.722916666666457],[37.064583333332365,27.722916666666457],[37.07291666666569,27.73124999999977],[37.07291666666569,27.743749999999743]]}},{"type":"Feature","properties":{"HYRIV_ID":20825294,"NEXT_DOWN":20825414,"MAIN_RIV":20832810,"LENGTH_KM":14.03,"CATCH_SKM":55.66,"DIS_AV_CMS":0.013,"ORD_STRA":1,"ORD_FLOW":8},"geometry":{"type":"LineString","coordinates":[[36.035416666665725,27.770833333333066],[36.035416666665725,27.760416666666423],[36.03958333333239,27.75624999999976],[36.03958333333239,27.752083333333097],[36.035416666665725,27.74791666666645],[36.03958333333239,27.743749999999743],[36.03958333333239,27.73958333333308],[36.035416666665725,27.73541666666643],[36.0270833333324,27.73541666666643],[36.022916666665736,27.73124999999977],[36.014583333332354,27.73124999999977],[36.00624999999903,27.722916666666457],[36.002083333332365,27.722916666666457],[35.9979166666657,27.71874999999975],[35.9979166666657,27.689583333333097],[35.99374999999904,27.685416666666434],[35.99374999999904,27.681249999999785],[35.98958333333238,27.67708333333308]]}},{"type":"Feature","properties":{"HYRIV_ID":20825295,"NEXT_DOWN":20825296,"MAIN_RIV":20812963,"LENGTH_KM":0.61,"CATCH_SKM":11.22,"DIS_AV_CMS":0.001,"ORD_STRA":1,"ORD_FLOW":9},"geometry":{"type":"LineString","coordinates":[[36.766666666665714,27.67708333333308],[36.77291666666568,27.67708333333308]]}},{"type":"Feature","properties":{"HYRIV_ID":20825296,"NEXT_DOWN":20825010,"MAIN_RIV":20812963,"LENGTH_KM":7.2,"CATCH_SKM":15.4,"DIS_AV_CMS":0.002,"ORD_STRA":2,"ORD_FLOW":9},"geometry":{"type":"LineString","coordinates":[[36.77291666666568,27.67708333333308],[36.77708333333234,27.681249999999785],[36.78541666666575,27.681249999999785],[36.789583333332416,27.685416666666434],[36.797916666665714,27.685416666666434],[36.80208333333238,27.689583333333097],[36.8104166666657,27.689583333333097],[36.81874999999903,27.697916666666423],[36.835416666665736,27.697916666666423]]}},{"type":"Feature","properties":{"HYRIV_ID":20825297,"NEXT_DOWN":20825076,"MAIN_RIV":20812307,"LENGTH_KM":2.6300001,"CATCH_SKM":14.07,"DIS_AV_CMS":0.0,"ORD_STRA":1,"ORD_FLOW":10},"geometry":{"type":"LineString","coordinates":[[36.94999999999902,27.67499999999975],[36.939583333332365,27.685416666666434],[36.939583333332365,27.689583333333097],[36.9354166666657,27.69374999999976]]}},{"type":"Feature","properties":{"HYRIV_ID":20825298,"NEXT_DOWN":20824268,"MAIN_RIV":20812307,"LENGTH_KM":12.06,"CATCH_SKM":56.259998,"DIS_AV_CMS":0.003,"ORD_STRA":1,"ORD_FLOW":9},"geometry":{"type":"LineString","coordinates":[[37.05833333333237,27.67499999999975],[37.06874999999903,27.685416666666434],[37.077083333332354,27.685416666666434],[37.09374999999906,27.70208333333307],[37.089583333332314,27.706249999999777],[37.09374999999906,27.71041666666644],[37.09374999999906,27.71458333333309],[37.10208333333239,27.722916666666457],[37.10208333333239,27.73124999999977],[37.089583333332314,27.743749999999743],[37.08541666666565,27.743749999999743],[37.08124999999902,27.74791666666645],[37.08124999999902,27.752083333333097]]}},{"type":"Feature","properties":{"HYRIV_ID":20825354,"NEXT_DOWN":20825010,"MAIN_RIV":20812963,"LENGTH_KM":3.79,"CATCH_SKM":19.77,"DIS_AV_CMS":0.001,"ORD_STRA":1,"ORD_FLOW":9},"geometry":{"type":"LineString","coordinates":[[36.814583333332365,27.6708333333331],[36.814583333332365,27.67708333333308],[36.835416666665736,27.697916666666423]]}},{"type":"Feature","properties":{"HYRIV_ID":20825355,"NEXT_DOWN":20824846,"MAIN_RIV":20812307,"LENGTH_KM":4.64,"CATCH_SKM":14.45,"DIS_AV_CMS":0.38,"ORD_STRA":4,"ORD_FLOW":7},"geometry":{"type":"LineString","coordinates":[[37.55624999999898,27.672916666666417],[37.56041666666573,27.67708333333308],[37.56041666666573,27.689583333333097],[37.55624999999898,27.69374999999976],[37.55624999999898,27.70208333333307],[37.55208333333235,27.706249999999777],[37.55208333333235,27.71041666666644]]}},{"type":"Feature","properties":{"HYRIV_ID":20825415,"NEXT_DOWN":20825595,"MAIN_RIV":20832810,"LENGTH_KM":6.1300001,"CATCH_SKM":18.809999,"DIS_AV_CMS":0.006,"ORD_STRA":1,"ORD_FLOW":9},"geometry":{"type":"LineString","coordinates":[[36.03333333333239,27.70833333333311],[36.014583333332354,27.689583333333097],[36.014583333332354,27.685416666666434],[36.00624999999903,27.67708333333308],[36.002083333332365,27.67708333333308],[35.99374999999904,27.66874999999977]]}},{"type":"Feature","properties":{"HYRIV_ID":20825416,"NEXT_DOWN":20825488,"MAIN_RIV":20812307,"LENGTH_KM":3.49,"CATCH_SKM":12.93,"DIS_AV_CMS":0.239,"ORD_STRA":3,"ORD_FLOW":7},"geometry":{"type":"LineString","coordinates":[[37.46458333333234,27.66874999999977],[37.48958333333238,27.66874999999977],[37.49374999999904,27.672916666666417],[37.4979166666657,27.672916666666417]]}},{"type":"Feature","properties":{"HYRIV_ID":20825484,"NEXT_DOWN":20825680,"MAIN_RIV":20832810,"LENGTH_KM":0.93,"CATCH_SKM":12.54,"DIS_AV_CMS":0.004,"ORD_STRA":1,"ORD_FLOW":9},"geometry":{"type":"LineString","coordinates":[[36.31666666666575,27.6708333333331],[36.31041666666576,27.664583333333105]]}},{"type":"Feature","properties":{"HYRIV_ID":20825485,"NEXT_DOWN":20825680,"MAIN_RIV":20832810,"LENGTH_KM":8.2600002,"CATCH_SKM":28.700001,"DIS_AV_CMS":0.008,"ORD_STRA":1,"ORD_FLOW":9},"geometry":{"type":"LineString","coordinates":[[36.343749999999034,27.69999999999974],[36.343749999999034,27.69374999999976],[36.35208333333236,27.685416666666434],[36.35208333333236,27.681249999999785],[36.3479166666657,27.67708333333308],[36.3479166666657,27.66874999999977],[36.33541666666571,27.66874999999977],[36.331249999999045,27.672916666666417],[36.32708333333241,27.66874999999977],[36.318749999999085,27.66874999999977],[36.31458333333242,27.664583333333105],[36.31041666666576,27.664583333333105]]}},{"type":"Feature","properties":{"HYRIV_ID":20825486,"NEXT_DOWN":20824950,"MAIN_RIV":20812307,"LENGTH_KM":10.14,"CATCH_SKM":36.689999,"DIS_AV_CMS":0.12,"ORD_STRA":4,"ORD_FLOW":7},"geometry":{"type":"LineString","coordinates":[[37.25208333333234,27.664583333333105],[37.25208333333234,27.67708333333308],[37.26041666666575,27.685416666666434],[37.26041666666575,27.69374999999976],[37.26458333333241,27.69374999999976],[37.268749999999045,27.697916666666423],[37.27291666666571,27.697916666666423],[37.2854166666657,27.71041666666644],[37.28958333333236,27.71041666666644],[37.293749999998994,27.706249999999777],[37.302083333332405,27.706249999999777],[37.30624999999907,27.70208333333307],[37.31458333333239,27.70208333333307]]}},{"type":"Feature","properties":{"HYRIV_ID":20825487,"NEXT_DOWN":20825416,"MAIN_RIV":20812307,"LENGTH_KM":11.56,"CATCH_SKM":25.66,"DIS_AV_CMS":0.205,"ORD_STRA":3,"ORD_FLOW":7},"geometry":{"type":"LineString","coordinates":[[37.36458333333238,27.664583333333105],[37.36458333333238,27.66874999999977],[37.37708333333234,27.681249999999785],[37.38541666666566,27.681249999999785],[37.389583333332325,27.67708333333308],[37.43958333333239,27.67708333333308],[37.443749999999056,27.672916666666417],[37.46041666666568,27.672916666666417],[37.46458333333234,27.66874999999977]]}},{"type":"Feature","properties":{"HYRIV_ID":20825488,"NEXT_DOWN":20825355,"MAIN_RIV":20812307,"LENGTH_KM":7.0,"CATCH_SKM":15.59,"DIS_AV_CMS":0.249,"ORD_STRA":3,"ORD_FLOW":7},"geometry":{"type":"LineString","coordinates":[[37.4979166666657,27.672916666666417],[37.506249999999,27.672916666666417],[37.51041666666566,27.66874999999977],[37.51458333333241,27.672916666666417],[37.51874999999899,27.672916666666417],[37.522916666665736,27.66874999999977],[37.53958333333236,27.66874999999977],[37.54374999999902,27.664583333333105],[37.547916666665685,27.66874999999977],[37.55208333333235,27.66874999999977],[37.55624999999898,27.672916666666417]]}},{"type":"Feature","properties":{"HYRIV_ID":20825489,"NEXT_DOWN":20824951,"MAIN_RIV":20812307,"LENGTH_KM":9.2600002,"CATCH_SKM":29.65,"DIS_AV_CMS":0.155,"ORD_STRA":3,"ORD_FLOW":7},"geometry":{"type":"LineString","coordinates":[[37.6604166666657,27.664583333333105],[37.647916666665736,27.664583333333105],[37.64374999999907,27.66874999999977],[37.627083333332365,27.66874999999977],[37.606249999998965,27.689583333333097],[37.60208333333233,27.689583333333097],[37.58958333333234,27.70208333333307],[37.58541666666568,27.70208333333307]]}},{"type":"Feature","properties":{"HYRIV_ID":20825543,"NEXT_DOWN":20826104,"MAIN_RIV":20832810,"LENGTH_KM":0.93,"CATCH_SKM":11.79,"DIS_AV_CMS":0.003,"ORD_STRA":1,"ORD_FLOW":9},"geometry":{"type":"LineString","coordinates":[[36.437499999999005,27.666666666666437],[36.443749999999085,27.6604166666664]]}},{"type":"Feature","properties":{"HYRIV_ID":20825544,"NEXT_DOWN":20826104,"MAIN_RIV":20832810,"LENGTH_KM":3.35,"CATCH_SKM":5.89,"DIS_AV_CMS":0.017,"ORD_STRA":2,"ORD_FLOW":8},"geometry":{"type":"LineString","coordinates":[[36.46458333333237,27.681249999999785],[36.46458333333237,27.67708333333308],[36.45624999999907,27.66874999999977],[36.45208333333241,27.66874999999977],[36.443749999999085,27.6604166666664]]}},{"type":"Feature","properties":{"HYRIV_ID":20825545,"NEXT_DOWN":20825486,"MAIN_RIV":20812307,"LENGTH_KM":1.85,"CATCH_SKM":3.23,"DIS_AV_CMS":0.078,"ORD_STRA":3,"ORD_FLOW":8},"geometry":{"type":"LineString","coordinates":[[37.235416666665714,27.6604166666664],[37.24374999999901,27.6604166666664],[37.247916666665674,27.664583333333105],[37.25208333333234,27.664583333333105]]}},{"type":"Feature","properties":{"HYRIV_ID":20825596,"NEXT_DOWN":20825788,"MAIN_RIV":20832810,"LENGTH_KM":16.780001,"CATCH_SKM":70.720001,"DIS_AV_CMS":0.07,"ORD_STRA":2,"ORD_FLOW":8},"geometry":{"type":"LineString","coordinates":[[36.114583333332405,27.69374999999976],[36.114583333332405,27.685416666666434],[36.09791666666567,27.66874999999977],[36.093749999999005,27.66874999999977],[36.08958333333237,27.664583333333105],[36.07291666666572,27.664583333333105],[36.06458333333242,27.672916666666417],[36.06041666666576,27.672916666666417],[36.05624999999901,27.67708333333308],[36.03958333333239,27.67708333333308],[36.035416666665725,27.681249999999785],[36.03124999999906,27.67708333333308],[36.0270833333324,27.67708333333308],[36.01874999999899,27.66874999999977],[36.014583333332354,27.672916666666417],[35.9979166666657,27.656249999999794],[35.98958333333238,27.656249999999794]]}},{"type":"Feature","properties":{"HYRIV_ID":20825597,"NEXT_DOWN":20824950,"MAIN_RIV":20812307,"LENGTH_KM":6.5,"CATCH_SKM":31.18,"DIS_AV_CMS":0.008,"ORD_STRA":1,"ORD_FLOW":9},"geometry":{"type":"LineString","coordinates":[[37.29166666666569,27.65416666666642],[37.29791666666566,27.6604166666664],[37.29791666666566,27.664583333333105],[37.31458333333239,27.681249999999785],[37.31458333333239,27.689583333333097],[37.31874999999903,27.69374999999976],[37.31874999999903,27.697916666666423],[37.31458333333239,27.70208333333307]]}},{"type":"Feature","properties":{"HYRIV_ID":20825598,"NEXT_DOWN":20825487,"MAIN_RIV":20812307,"LENGTH_KM":3.08,"CATCH_SKM":23.200001,"DIS_AV_CMS":0.006,"ORD_STRA":1,"ORD_FLOW":9},"geometry":{"type":"LineString","coordinates":[[37.33749999999901,27.656249999999794],[37.343749999999005,27.656249999999794],[37.34791666666564,27.6604166666664],[37.360416666665714,27.6604166666664],[37.36458333333238,27.664583333333105]]}},{"type":"Feature","properties":{"HYRIV_ID":20825638,"NEXT_DOWN":20825296,"MAIN_RIV":20812963,"LENGTH_KM":3.1700001,"CATCH_SKM":22.82,"DIS_AV_CMS":0.001,"ORD_STRA":1,"ORD_FLOW":9},"geometry":{"type":"LineString","coordinates":[[36.768749999999045,27.649999999999757],[36.768749999999045,27.66874999999977],[36.77291666666568,27.672916666666417],[36.77291666666568,27.67708333333308]]}},{"type":"Feature","properties":{"HYRIV_ID":20825639,"NEXT_DOWN":20825416,"MAIN_RIV":20812307,"LENGTH_KM":6.0100002,"CATCH_SKM":16.35,"DIS_AV_CMS":0.036,"ORD_STRA":2,"ORD_FLOW":8},"geometry":{"type":"LineString","coordinates":[[37.422916666665685,27.65208333333309],[37.422916666665685,27.656249999999794],[37.41874999999902,27.6604166666664],[37.422916666665685,27.664583333333105],[37.46041666666568,27.664583333333105],[37.46458333333234,27.66874999999977]]}},{"type":"Feature","properties":{"HYRIV_ID":20825640,"NEXT_DOWN":20825489,"MAIN_RIV":20812307,"LENGTH_KM":2.6800001,"CATCH_SKM":10.27,"DIS_AV_CMS":0.141,"ORD_STRA":3,"ORD_FLOW":7},"geometry":{"type":"LineString","coordinates":[[37.68124999999901,27.65208333333309],[37.67708333333235,27.656249999999794],[37.672916666665685,27.656249999999794],[37.66458333333236,27.664583333333105],[37.6604166666657,27.664583333333105]]}},{"type":"Feature","properties":{"HYRIV_ID":20825679,"NEXT_DOWN":20827458,"MAIN_RIV":20832810,"LENGTH_KM":2.24,"CATCH_SKM":15.59,"DIS_AV_CMS":0.005,"ORD_STRA":1,"ORD_FLOW":9},"geometry":{"type":"LineString","coordinates":[[36.26041666666569,27.666666666666437],[36.26041666666569,27.65208333333309],[36.264583333332354,27.647916666666426]]}},{"type":"Feature","properties":{"HYRIV_ID":20825680,"NEXT_DOWN":20827458,"MAIN_RIV":20832810,"LENGTH_KM":5.35,"CATCH_SKM":21.1,"DIS_AV_CMS":0.018,"ORD_STRA":2,"ORD_FLOW":8},"geometry":{"type":"LineString","coordinates":[[36.31041666666576,27.664583333333105],[36.30208333333235,27.664583333333105],[36.297916666665714,27.6604166666664],[36.29374999999905,27.6604166666664],[36.28958333333239,27.656249999999794],[36.285416666665725,27.656249999999794],[36.277083333332314,27.647916666666426],[36.264583333332354,27.647916666666426]]}},{"type":"Feature","properties":{"HYRIV_ID":20825681,"NEXT_DOWN":20825682,"MAIN_RIV":20812307,"LENGTH_KM":1.24,"CATCH_SKM":15.21,"DIS_AV_CMS":0.0,"ORD_STRA":1,"ORD_FLOW":10},"geometry":{"type":"LineString","coordinates":[[36.87083333333234,27.647916666666426],[36.87708333333231,27.647916666666426],[36.88124999999897,27.65208333333309]]}},{"type":"Feature","properties":{"HYRIV_ID":20825682,"NEXT_DOWN":20825076,"MAIN_RIV":20812307,"LENGTH_KM":10.09,"CATCH_SKM":23.57,"DIS_AV_CMS":0.0,"ORD_STRA":2,"ORD_FLOW":10},"geometry":{"type":"LineString","coordinates":[[36.88124999999897,27.65208333333309],[36.88541666666572,27.65208333333309],[36.88958333333238,27.656249999999794],[36.89791666666571,27.647916666666426],[36.90208333333234,27.65208333333309],[36.90208333333234,27.656249999999794],[36.89791666666571,27.6604166666664],[36.90208333333234,27.664583333333105],[36.90208333333234,27.66874999999977],[36.906249999999005,27.672916666666417],[36.91874999999908,27.672916666666417],[36.92291666666574,27.67708333333308],[36.92291666666574,27.685416666666434],[36.93124999999904,27.69374999999976],[36.9354166666657,27.69374999999976]]}},{"type":"Feature","properties":{"HYRIV_ID":20825735,"NEXT_DOWN":20826875,"MAIN_RIV":20832810,"LENGTH_KM":5.7199998,"CATCH_SKM":19.01,"DIS_AV_CMS":0.046,"ORD_STRA":3,"ORD_FLOW":8},"geometry":{"type":"LineString","coordinates":[[36.38541666666569,27.689583333333097],[36.38541666666569,27.685416666666434],[36.389583333332354,27.681249999999785],[36.389583333332354,27.672916666666417],[36.38541666666569,27.66874999999977],[36.38541666666569,27.664583333333105],[36.38124999999903,27.6604166666664],[36.38124999999903,27.656249999999794],[36.38541666666569,27.65208333333309],[36.38541666666569,27.643749999999777]]}},{"type":"Feature","properties":{"HYRIV_ID":20825736,"NEXT_DOWN":20826875,"MAIN_RIV":20832810,"LENGTH_KM":0.62,"CATCH_SKM":10.65,"DIS_AV_CMS":0.003,"ORD_STRA":1,"ORD_FLOW":9},"geometry":{"type":"LineString","coordinates":[[36.39166666666577,27.643749999999777],[36.38541666666569,27.643749999999777]]}},{"type":"Feature","properties":{"HYRIV_ID":20825737,"NEXT_DOWN":20825640,"MAIN_RIV":20812307,"LENGTH_KM":1.65,"CATCH_SKM":4.37,"DIS_AV_CMS":0.102,"ORD_STRA":2,"ORD_FLOW":7},"geometry":{"type":"LineString","coordinates":[[37.693749999999056,27.643749999999777],[37.685416666665645,27.65208333333309],[37.68124999999901,27.65208333333309]]}},{"type":"Feature","properties":{"HYRIV_ID":20825789,"NEXT_DOWN":20825916,"MAIN_RIV":20832810,"LENGTH_KM":7.2199998,"CATCH_SKM":46.759998,"DIS_AV_CMS":0.007,"ORD_STRA":1,"ORD_FLOW":9},"geometry":{"type":"LineString","coordinates":[[36.55416666666571,27.687499999999766],[36.58124999999907,27.6604166666664],[36.585416666665736,27.6604166666664],[36.5979166666657,27.647916666666426],[36.5979166666657,27.63958333333307]]}},{"type":"Feature","properties":{"HYRIV_ID":20825790,"NEXT_DOWN":20825916,"MAIN_RIV":20832810,"LENGTH_KM":0.41,"CATCH_SKM":1.52,"DIS_AV_CMS":0.016,"ORD_STRA":2,"ORD_FLOW":8},"geometry":{"type":"LineString","coordinates":[[36.60208333333236,27.63958333333307],[36.5979166666657,27.63958333333307]]}},{"type":"Feature","properties":{"HYRIV_ID":20825791,"NEXT_DOWN":20825790,"MAIN_RIV":20832810,"LENGTH_KM":2.01,"CATCH_SKM":11.98,"DIS_AV_CMS":0.002,"ORD_STRA":1,"ORD_FLOW":9},"geometry":{"type":"LineString","coordinates":[[36.61249999999902,27.65416666666642],[36.60208333333236,27.643749999999777],[36.60208333333236,27.63958333333307]]}},{"type":"Feature","properties":{"HYRIV_ID":20825792,"NEXT_DOWN":20825489,"MAIN_RIV":20812307,"LENGTH_KM":3.71,"CATCH_SKM":25.1,"DIS_AV_CMS":0.009,"ORD_STRA":1,"ORD_FLOW":9},"geometry":{"type":"LineString","coordinates":[[37.64999999999907,27.63749999999974],[37.65624999999906,27.643749999999777],[37.6520833333324,27.647916666666426],[37.6520833333324,27.65208333333309],[37.6604166666657,27.6604166666664],[37.6604166666657,27.664583333333105]]}},{"type":"Feature","properties":{"HYRIV_ID":20825793,"NEXT_DOWN":20825921,"MAIN_RIV":20822745,"LENGTH_KM":14.26,"CATCH_SKM":81.550003,"DIS_AV_CMS":0.015,"ORD_STRA":1,"ORD_FLOW":8},"geometry":{"type":"LineString","coordinates":[[37.85416666666566,27.66874999999977],[37.86874999999904,27.66874999999977],[37.8729166666657,27.672916666666417],[37.877083333332365,27.672916666666417],[37.88124999999903,27.67708333333308],[37.889583333332354,27.67708333333308],[37.89791666666565,27.66874999999977],[37.9020833333324,27.66874999999977],[37.90624999999906,27.664583333333105],[37.910416666665725,27.66874999999977],[37.922916666665685,27.66874999999977],[37.92708333333235,27.664583333333105],[37.93124999999901,27.66874999999977],[37.935416666665674,27.664583333333105],[37.93958333333234,27.664583333333105],[37.95208333333238,27.65208333333309],[37.956249999999045,27.65208333333309],[37.96458333333237,27.643749999999777],[37.96458333333237,27.63958333333307]]}},{"type":"Feature","properties":{"HYRIV_ID":20825843,"NEXT_DOWN":20826105,"MAIN_RIV":20832810,"LENGTH_KM":0.93,"CATCH_SKM":10.46,"DIS_AV_CMS":0.003,"ORD_STRA":1,"ORD_FLOW":9},"geometry":{"type":"LineString","coordinates":[[36.491666666665736,27.641666666666403],[36.48541666666566,27.63541666666641]]}},{"type":"Feature","properties":{"HYRIV_ID":20825844,"NEXT_DOWN":20825915,"MAIN_RIV":20832810,"LENGTH_KM":3.56,"CATCH_SKM":19.01,"DIS_AV_CMS":0.003,"ORD_STRA":1,"ORD_FLOW":9},"geometry":{"type":"LineString","coordinates":[[36.52499999999901,27.662499999999774],[36.514583333332354,27.65208333333309],[36.514583333332354,27.647916666666426],[36.51041666666569,27.643749999999777],[36.51041666666569,27.63541666666641]]}},{"type":"Feature","properties":{"HYRIV_ID":20825845,"NEXT_DOWN":20825487,"MAIN_RIV":20812307,"LENGTH_KM":4.2800002,"CATCH_SKM":7.04,"DIS_AV_CMS":0.208,"ORD_STRA":3,"ORD_FLOW":7},"geometry":{"type":"LineString","coordinates":[[37.37708333333234,27.63541666666641],[37.381249999999,27.63958333333307],[37.381249999999,27.643749999999777],[37.37708333333234,27.647916666666426],[37.372916666665674,27.647916666666426],[37.372916666665674,27.65208333333309],[37.36874999999904,27.656249999999794],[37.36874999999904,27.6604166666664],[37.36458333333238,27.664583333333105]]}},{"type":"Feature","properties":{"HYRIV_ID":20825846,"NEXT_DOWN":20825488,"MAIN_RIV":20812307,"LENGTH_KM":4.79,"CATCH_SKM":6.8400002,"DIS_AV_CMS":0.013,"ORD_STRA":2,"ORD_FLOW":8},"geometry":{"type":"LineString","coordinates":[[37.4979166666657,27.63541666666641],[37.4979166666657,27.63958333333307],[37.49374999999904,27.643749999999777],[37.49374999999904,27.65208333333309],[37.4979166666657,27.656249999999794],[37.49374999999904,27.6604166666664],[37.4979166666657,27.664583333333105],[37.4979166666657,27.672916666666417]]}},{"type":"Feature","properties":{"HYRIV_ID":20825847,"NEXT_DOWN":20825355,"MAIN_RIV":20812307,"LENGTH_KM":4.79,"CATCH_SKM":19.59,"DIS_AV_CMS":0.13500001,"ORD_STRA":3,"ORD_FLOW":7},"geometry":{"type":"LineString","coordinates":[[37.56458333333239,27.63541666666641],[37.568749999999056,27.63958333333307],[37.56041666666573,27.647916666666426],[37.56041666666573,27.65208333333309],[37.55624999999898,27.656249999999794],[37.55624999999898,27.672916666666417]]}},{"type":"Feature","properties":{"HYRIV_ID":20825848,"NEXT_DOWN":20825921,"MAIN_RIV":20822745,"LENGTH_KM":7.1,"CATCH_SKM":26.809999,"DIS_AV_CMS":0.004,"ORD_STRA":1,"ORD_FLOW":9},"geometry":{"type":"LineString","coordinates":[[37.90416666666573,27.64583333333311],[37.910416666665725,27.63958333333307],[37.922916666665685,27.63958333333307],[37.92708333333235,27.63541666666641],[37.947916666665634,27.63541666666641],[37.95208333333238,27.63958333333307],[37.956249999999045,27.63541666666641],[37.96041666666571,27.63958333333307],[37.96458333333237,27.63958333333307]]}},{"type":"Feature","properties":{"HYRIV_ID":20825915,"NEXT_DOWN":20826105,"MAIN_RIV":20832810,"LENGTH_KM":2.8800001,"CATCH_SKM":6.2800002,"DIS_AV_CMS":0.009,"ORD_STRA":2,"ORD_FLOW":9},"geometry":{"type":"LineString","coordinates":[[36.51041666666569,27.63541666666641],[36.49791666666573,27.63541666666641],[36.49374999999907,27.63124999999976],[36.48958333333232,27.63124999999976],[36.48541666666566,27.63541666666641]]}},{"type":"Feature","properties":{"HYRIV_ID":20825916,"NEXT_DOWN":20825915,"MAIN_RIV":20832810,"LENGTH_KM":9.2399998,"CATCH_SKM":33.09,"DIS_AV_CMS":0.008,"ORD_STRA":2,"ORD_FLOW":9},"geometry":{"type":"LineString","coordinates":[[36.5979166666657,27.63958333333307],[36.585416666665736,27.63958333333307],[36.58124999999907,27.63541666666641],[36.55208333333238,27.63541666666641],[36.547916666665714,27.63124999999976],[36.53124999999909,27.63124999999976],[36.52708333333234,27.63541666666641],[36.51041666666569,27.63541666666641]]}},{"type":"Feature","properties":{"HYRIV_ID":20825917,"NEXT_DOWN":20825790,"MAIN_RIV":20832810,"LENGTH_KM":1.24,"CATCH_SKM":1.14,"DIS_AV_CMS":0.014,"ORD_STRA":2,"ORD_FLOW":8},"geometry":{"type":"LineString","coordinates":[[36.610416666665685,27.63124999999976],[36.60208333333236,27.63958333333307]]}},{"type":"Feature","properties":{"HYRIV_ID":20825918,"NEXT_DOWN":20825917,"MAIN_RIV":20832810,"LENGTH_KM":8.7700005,"CATCH_SKM":53.049999,"DIS_AV_CMS":0.006,"ORD_STRA":1,"ORD_FLOW":9},"geometry":{"type":"LineString","coordinates":[[36.67708333333238,27.662499999999774],[36.67708333333238,27.656249999999794],[36.672916666665714,27.656249999999794],[36.66874999999905,27.65208333333309],[36.66041666666567,27.65208333333309],[36.656249999999005,27.647916666666426],[36.656249999999005,27.643749999999777],[36.64374999999902,27.643749999999777],[36.63541666666572,27.63541666666641],[36.631249999999056,27.63541666666641],[36.62708333333239,27.63124999999976],[36.610416666665685,27.63124999999976]]}},{"type":"Feature","properties":{"HYRIV_ID":20825919,"NEXT_DOWN":20825920,"MAIN_RIV":20812307,"LENGTH_KM":1.65,"CATCH_SKM":11.98,"DIS_AV_CMS":0.0,"ORD_STRA":1,"ORD_FLOW":10},"geometry":{"type":"LineString","coordinates":[[36.799999999999045,27.63541666666641],[36.8104166666657,27.63541666666641],[36.814583333332365,27.63124999999976]]}},{"type":"Feature","properties":{"HYRIV_ID":20825920,"NEXT_DOWN":20825682,"MAIN_RIV":20812307,"LENGTH_KM":8.7,"CATCH_SKM":22.059999,"DIS_AV_CMS":0.002,"ORD_STRA":2,"ORD_FLOW":9},"geometry":{"type":"LineString","coordinates":[[36.814583333332365,27.63124999999976],[36.82291666666569,27.63958333333307],[36.835416666665736,27.63958333333307],[36.8395833333324,27.643749999999777],[36.847916666665725,27.643749999999777],[36.85208333333236,27.647916666666426],[36.85208333333236,27.65208333333309],[36.85624999999902,27.656249999999794],[36.860416666665685,27.656249999999794],[36.86458333333235,27.6604166666664],[36.86874999999901,27.6604166666664],[36.87708333333231,27.65208333333309],[36.88124999999897,27.65208333333309]]}},{"type":"Feature","properties":{"HYRIV_ID":20825921,"NEXT_DOWN":20825794,"MAIN_RIV":20822745,"LENGTH_KM":12.35,"CATCH_SKM":37.080002,"DIS_AV_CMS":0.019,"ORD_STRA":2,"ORD_FLOW":8},"geometry":{"type":"LineString","coordinates":[[37.96458333333237,27.63958333333307],[37.97291666666567,27.63124999999976],[37.98541666666566,27.63124999999976],[37.98958333333232,27.63541666666641],[38.002083333332365,27.63541666666641],[38.00624999999903,27.63958333333307],[38.014583333332354,27.63958333333307],[38.02291666666568,27.647916666666426],[38.03124999999906,27.647916666666426],[38.035416666665725,27.65208333333309],[38.04374999999905,27.65208333333309],[38.047916666665714,27.647916666666426],[38.05624999999901,27.647916666666426],[38.060416666665674,27.643749999999777],[38.06458333333234,27.643749999999777],[38.068749999999,27.63958333333307]]}},{"type":"Feature","properties":{"HYRIV_ID":20825977,"NEXT_DOWN":20825917,"MAIN_RIV":20832810,"LENGTH_KM":0.46,"CATCH_SKM":0.57,"DIS_AV_CMS":0.009,"ORD_STRA":2,"ORD_FLOW":9},"geometry":{"type":"LineString","coordinates":[[36.610416666665685,27.627083333333097],[36.610416666665685,27.63124999999976]]}},{"type":"Feature","properties":{"HYRIV_ID":20825978,"NEXT_DOWN":20825545,"MAIN_RIV":20812307,"LENGTH_KM":25.59,"CATCH_SKM":75.290001,"DIS_AV_CMS":0.012,"ORD_STRA":2,"ORD_FLOW":8},"geometry":{"type":"LineString","coordinates":[[37.05624999999907,27.627083333333097],[37.0604166666657,27.627083333333097],[37.06874999999903,27.63541666666641],[37.06874999999903,27.643749999999777],[37.07291666666569,27.643749999999777],[37.077083333332354,27.647916666666426],[37.08124999999902,27.647916666666426],[37.08541666666565,27.643749999999777],[37.089583333332314,27.643749999999777],[37.09374999999906,27.63958333333307],[37.10208333333239,27.647916666666426],[37.10624999999905,27.647916666666426],[37.110416666665685,27.643749999999777],[37.11458333333235,27.647916666666426],[37.11458333333235,27.656249999999794],[37.122916666665674,27.664583333333105],[37.122916666665674,27.66874999999977],[37.13958333333238,27.685416666666434],[37.14791666666571,27.685416666666434],[37.16458333333233,27.66874999999977],[37.168749999998994,27.66874999999977],[37.17291666666574,27.664583333333105],[37.177083333332405,27.664583333333105],[37.18124999999907,27.6604166666664],[37.189583333332365,27.66874999999977],[37.19374999999903,27.664583333333105],[37.21874999999898,27.664583333333105],[37.222916666665725,27.6604166666664],[37.22708333333239,27.664583333333105],[37.23124999999905,27.6604166666664],[37.235416666665714,27.6604166666664]]}},{"type":"Feature","properties":{"HYRIV_ID":20825979,"NEXT_DOWN":20825545,"MAIN_RIV":20812307,"LENGTH_KM":10.55,"CATCH_SKM":39.549999,"DIS_AV_CMS":0.066,"ORD_STRA":3,"ORD_FLOW":8},"geometry":{"type":"LineString","coordinates":[[37.15208333333237,27.627083333333097],[37.156249999999034,27.63124999999976],[37.1604166666657,27.63124999999976],[37.16458333333233,27.63541666666641],[37.17291666666574,27.63541666666641],[37.177083333332405,27.63958333333307],[37.19374999999903,27.63958333333307],[37.19374999999903,27.643749999999777],[37.202083333332354,27.65208333333309],[37.20624999999902,27.647916666666426],[37.21041666666568,27.647916666666426],[37.21458333333234,27.65208333333309],[37.22708333333239,27.65208333333309],[37.235416666665714,27.6604166666664]]}},{"type":"Feature","properties":{"HYRIV_ID":20825980,"NEXT_DOWN":20825486,"MAIN_RIV":20812307,"LENGTH_KM":4.79,"CATCH_SKM":11.22,"DIS_AV_CMS":0.042,"ORD_STRA":3,"ORD_FLOW":8},"geometry":{"type":"LineString","coordinates":[[37.26041666666575,27.627083333333097],[37.26041666666575,27.63124999999976],[37.25208333333234,27.63958333333307],[37.25208333333234,27.656249999999794],[37.247916666665674,27.6604166666664],[37.25208333333234,27.664583333333105]]}},{"type":"Feature","properties":{"HYRIV_ID":20825981,"NEXT_DOWN":20825846,"MAIN_RIV":20812307,"LENGTH_KM":1.16,"CATCH_SKM":11.22,"DIS_AV_CMS":0.004,"ORD_STRA":1,"ORD_FLOW":9},"geometry":{"type":"LineString","coordinates":[[37.4979166666657,27.624999999999766],[37.4979166666657,27.63541666666641]]}},{"type":"Feature","properties":{"HYRIV_ID":20826030,"NEXT_DOWN":20826467,"MAIN_RIV":20832810,"LENGTH_KM":3.32,"CATCH_SKM":21.860001,"DIS_AV_CMS":0.006,"ORD_STRA":1,"ORD_FLOW":9},"geometry":{"type":"LineString","coordinates":[[36.13541666666569,27.649999999999757],[36.13541666666569,27.643749999999777],[36.127083333332365,27.63541666666641],[36.127083333332365,27.622916666666434]]}},{"type":"Feature","properties":{"HYRIV_ID":20826031,"NEXT_DOWN":20826467,"MAIN_RIV":20832810,"LENGTH_KM":6.5700002,"CATCH_SKM":34.990002,"DIS_AV_CMS":0.027,"ORD_STRA":2,"ORD_FLOW":8},"geometry":{"type":"LineString","coordinates":[[36.18958333333242,27.622916666666434],[36.172916666665685,27.622916666666434],[36.16874999999905,27.627083333333097],[36.14374999999902,27.627083333333097],[36.139583333332354,27.622916666666434],[36.127083333332365,27.622916666666434]]}},{"type":"Feature","properties":{"HYRIV_ID":20826032,"NEXT_DOWN":20826031,"MAIN_RIV":20832810,"LENGTH_KM":6.1100001,"CATCH_SKM":35.169998,"DIS_AV_CMS":0.011,"ORD_STRA":1,"ORD_FLOW":8},"geometry":{"type":"LineString","coordinates":[[36.21041666666571,27.6708333333331],[36.21041666666571,27.6604166666664],[36.206249999999045,27.656249999999794],[36.206249999999045,27.65208333333309],[36.19791666666572,27.643749999999777],[36.19791666666572,27.63958333333307],[36.193749999999085,27.63541666666641],[36.193749999999085,27.63124999999976],[36.18958333333242,27.627083333333097],[36.18958333333242,27.622916666666434]]}},{"type":"Feature","properties":{"HYRIV_ID":20826033,"NEXT_DOWN":20826031,"MAIN_RIV":20832810,"LENGTH_KM":3.1900001,"CATCH_SKM":21.3,"DIS_AV_CMS":0.006,"ORD_STRA":1,"ORD_FLOW":9},"geometry":{"type":"LineString","coordinates":[[36.2166666666657,27.620833333333103],[36.21041666666571,27.627083333333097],[36.206249999999045,27.627083333333097],[36.20208333333238,27.622916666666434],[36.18958333333242,27.622916666666434]]}},{"type":"Feature","properties":{"HYRIV_ID":20826103,"NEXT_DOWN":20825976,"MAIN_RIV":20832810,"LENGTH_KM":3.81,"CATCH_SKM":26.620001,"DIS_AV_CMS":0.007,"ORD_STRA":1,"ORD_FLOW":9},"geometry":{"type":"LineString","coordinates":[[36.01249999999902,27.618749999999743],[36.002083333332365,27.618749999999743],[35.9979166666657,27.622916666666434],[35.9979166666657,27.63124999999976],[35.98958333333238,27.63958333333307]]}},{"type":"Feature","properties":{"HYRIV_ID":20826104,"NEXT_DOWN":20826207,"MAIN_RIV":20832810,"LENGTH_KM":5.5700002,"CATCH_SKM":16.35,"DIS_AV_CMS":0.025,"ORD_STRA":2,"ORD_FLOW":8},"geometry":{"type":"LineString","coordinates":[[36.443749999999085,27.6604166666664],[36.44791666666575,27.656249999999794],[36.44791666666575,27.65208333333309],[36.43958333333242,27.643749999999777],[36.44791666666575,27.63541666666641],[36.44791666666575,27.63124999999976],[36.45208333333241,27.627083333333097],[36.45208333333241,27.618749999999743]]}},{"type":"Feature","properties":{"HYRIV_ID":20826105,"NEXT_DOWN":20826207,"MAIN_RIV":20832810,"LENGTH_KM":4.37,"CATCH_SKM":11.6,"DIS_AV_CMS":0.015,"ORD_STRA":2,"ORD_FLOW":8},"geometry":{"type":"LineString","coordinates":[[36.48541666666566,27.63541666666641],[36.468749999999034,27.63541666666641],[36.46458333333237,27.63124999999976],[36.46458333333237,27.627083333333097],[36.45624999999907,27.618749999999743],[36.45208333333241,27.618749999999743]]}},{"type":"Feature","properties":{"HYRIV_ID":20826106,"NEXT_DOWN":20825977,"MAIN_RIV":20832810,"LENGTH_KM":1.55,"CATCH_SKM":18.26,"DIS_AV_CMS":0.003,"ORD_STRA":1,"ORD_FLOW":9},"geometry":{"type":"LineString","coordinates":[[36.59999999999903,27.61666666666641],[36.610416666665685,27.627083333333097]]}},{"type":"Feature","properties":{"HYRIV_ID":20826107,"NEXT_DOWN":20825238,"MAIN_RIV":20812307,"LENGTH_KM":20.5,"CATCH_SKM":56.290001,"DIS_AV_CMS":0.001,"ORD_STRA":1,"ORD_FLOW":9},"geometry":{"type":"LineString","coordinates":[[36.891666666665714,27.61666666666641],[36.906249999999005,27.63124999999976],[36.91458333333233,27.63124999999976],[36.91874999999908,27.63541666666641],[36.92291666666574,27.63541666666641],[36.92708333333238,27.63124999999976],[36.939583333332365,27.63124999999976],[36.95624999999899,27.647916666666426],[36.960416666665736,27.643749999999777],[36.972916666665725,27.643749999999777],[36.97708333333239,27.647916666666426],[36.98124999999902,27.647916666666426],[36.98958333333235,27.63958333333307],[36.99374999999901,27.63958333333307],[36.997916666665674,27.63541666666641],[37.00208333333234,27.63958333333307],[37.00208333333234,27.643749999999777],[37.006249999999056,27.647916666666426],[37.01041666666572,27.647916666666426],[37.01458333333238,27.65208333333309],[37.018749999999045,27.65208333333309],[37.02291666666571,27.656249999999794],[37.018749999999045,27.6604166666664],[37.018749999999045,27.66874999999977],[37.02291666666571,27.672916666666417],[37.02291666666571,27.67708333333308],[37.02708333333237,27.681249999999785]]}},{"type":"Feature","properties":{"HYRIV_ID":20826108,"NEXT_DOWN":20825846,"MAIN_RIV":20812307,"LENGTH_KM":4.8600001,"CATCH_SKM":23.389999,"DIS_AV_CMS":0.007,"ORD_STRA":1,"ORD_FLOW":9},"geometry":{"type":"LineString","coordinates":[[37.46458333333234,27.61666666666641],[37.46458333333234,27.627083333333097],[37.4770833333323,27.627083333333097],[37.48124999999905,27.63124999999976],[37.49374999999904,27.63124999999976],[37.4979166666657,27.63541666666641]]}},{"type":"Feature","properties":{"HYRIV_ID":20826163,"NEXT_DOWN":20825920,"MAIN_RIV":20812307,"LENGTH_KM":2.48,"CATCH_SKM":5.33,"DIS_AV_CMS":0.002,"ORD_STRA":2,"ORD_FLOW":9},"geometry":{"type":"LineString","coordinates":[[36.797916666665714,27.61458333333308],[36.814583333332365,27.63124999999976]]}},{"type":"Feature","properties":{"HYRIV_ID":20826164,"NEXT_DOWN":20826165,"MAIN_RIV":20812307,"LENGTH_KM":3.75,"CATCH_SKM":19.969999,"DIS_AV_CMS":0.001,"ORD_STRA":1,"ORD_FLOW":9},"geometry":{"type":"LineString","coordinates":[[36.99583333333234,27.622916666666434],[37.00208333333234,27.622916666666434],[37.00208333333234,27.618749999999743],[37.006249999999056,27.618749999999743],[37.01041666666572,27.61458333333308],[37.02708333333237,27.61458333333308]]}},{"type":"Feature","properties":{"HYRIV_ID":20826165,"NEXT_DOWN":20825978,"MAIN_RIV":20812307,"LENGTH_KM":4.1700001,"CATCH_SKM":11.79,"DIS_AV_CMS":0.004,"ORD_STRA":2,"ORD_FLOW":9},"geometry":{"type":"LineString","coordinates":[[37.02708333333237,27.61458333333308],[37.02708333333237,27.618749999999743],[37.031249999999034,27.622916666666434],[37.03541666666567,27.618749999999743],[37.039583333332416,27.622916666666434],[37.04374999999908,27.622916666666434],[37.04791666666574,27.627083333333097],[37.05624999999907,27.627083333333097]]}},{"type":"Feature","properties":{"HYRIV_ID":20826166,"NEXT_DOWN":20825845,"MAIN_RIV":20812307,"LENGTH_KM":6.7199998,"CATCH_SKM":30.049999,"DIS_AV_CMS":0.008,"ORD_STRA":1,"ORD_FLOW":9},"geometry":{"type":"LineString","coordinates":[[37.33124999999902,27.61249999999975],[37.33124999999902,27.622916666666434],[37.33541666666568,27.627083333333097],[37.34791666666564,27.627083333333097],[37.360416666665714,27.63958333333307],[37.372916666665674,27.63958333333307],[37.37708333333234,27.63541666666641]]}},{"type":"Feature","properties":{"HYRIV_ID":20826167,"NEXT_DOWN":20825847,"MAIN_RIV":20812307,"LENGTH_KM":5.04,"CATCH_SKM":25.870001,"DIS_AV_CMS":0.009,"ORD_STRA":1,"ORD_FLOW":9},"geometry":{"type":"LineString","coordinates":[[37.5291666666657,27.61458333333308],[37.547916666665685,27.61458333333308],[37.55208333333235,27.618749999999743],[37.55208333333235,27.627083333333097],[37.55624999999898,27.627083333333097],[37.56458333333239,27.63541666666641]]}},{"type":"Feature","properties":{"HYRIV_ID":20826168,"NEXT_DOWN":20826366,"MAIN_RIV":20822745,"LENGTH_KM":1.34,"CATCH_SKM":12.36,"DIS_AV_CMS":0.004,"ORD_STRA":1,"ORD_FLOW":9},"geometry":{"type":"LineString","coordinates":[[37.88333333333236,27.620833333333103],[37.889583333332354,27.61458333333308],[37.89374999999899,27.61458333333308]]}},{"type":"Feature","properties":{"HYRIV_ID":20826207,"NEXT_DOWN":20826877,"MAIN_RIV":20832810,"LENGTH_KM":0.93,"CATCH_SKM":1.14,"DIS_AV_CMS":0.039,"ORD_STRA":3,"ORD_FLOW":8},"geometry":{"type":"LineString","coordinates":[[36.45208333333241,27.618749999999743],[36.45208333333241,27.610416666666417]]}},{"type":"Feature","properties":{"HYRIV_ID":20826208,"NEXT_DOWN":20826163,"MAIN_RIV":20812307,"LENGTH_KM":1.34,"CATCH_SKM":13.51,"DIS_AV_CMS":0.0,"ORD_STRA":1,"ORD_FLOW":10},"geometry":{"type":"LineString","coordinates":[[36.787499999999085,27.608333333333086],[36.79374999999908,27.61458333333308],[36.797916666665714,27.61458333333308]]}},{"type":"Feature","properties":{"HYRIV_ID":20826209,"NEXT_DOWN":20825979,"MAIN_RIV":20812307,"LENGTH_KM":5.25,"CATCH_SKM":27.58,"DIS_AV_CMS":0.004,"ORD_STRA":1,"ORD_FLOW":9},"geometry":{"type":"LineString","coordinates":[[37.11249999999902,27.608333333333086],[37.122916666665674,27.618749999999743],[37.12708333333234,27.618749999999743],[37.131249999999,27.622916666666434],[37.13541666666566,27.622916666666434],[37.13958333333238,27.618749999999743],[37.14791666666571,27.627083333333097],[37.15208333333237,27.627083333333097]]}},{"type":"Feature","properties":{"HYRIV_ID":20826210,"NEXT_DOWN":20826366,"MAIN_RIV":20822745,"LENGTH_KM":0.93,"CATCH_SKM":11.03,"DIS_AV_CMS":0.004,"ORD_STRA":1,"ORD_FLOW":9},"geometry":{"type":"LineString","coordinates":[[37.88749999999902,27.608333333333086],[37.89374999999899,27.61458333333308]]}},{"type":"Feature","properties":{"HYRIV_ID":20826261,"NEXT_DOWN":20825980,"MAIN_RIV":20812307,"LENGTH_KM":4.58,"CATCH_SKM":12.36,"DIS_AV_CMS":0.021,"ORD_STRA":2,"ORD_FLOW":8},"geometry":{"type":"LineString","coordinates":[[37.22708333333239,27.60624999999977],[37.23124999999905,27.610416666666417],[37.24374999999901,27.610416666666417],[37.247916666665674,27.61458333333308],[37.25208333333234,27.61458333333308],[37.256249999999,27.618749999999743],[37.256249999999,27.622916666666434],[37.26041666666575,27.627083333333097]]}},{"type":"Feature","properties":{"HYRIV_ID":20826262,"NEXT_DOWN":20825737,"MAIN_RIV":20812307,"LENGTH_KM":7.5900002,"CATCH_SKM":39.189999,"DIS_AV_CMS":0.015,"ORD_STRA":1,"ORD_FLOW":8},"geometry":{"type":"LineString","coordinates":[[37.718749999999005,27.604166666666437],[37.718749999999005,27.610416666666417],[37.71458333333234,27.61458333333308],[37.71458333333234,27.618749999999743],[37.69791666666572,27.618749999999743],[37.693749999999056,27.61458333333308],[37.68958333333231,27.618749999999743],[37.68958333333231,27.63958333333307],[37.693749999999056,27.643749999999777]]}},{"type":"Feature","properties":{"HYRIV_ID":20826310,"NEXT_DOWN":20826877,"MAIN_RIV":20832810,"LENGTH_KM":3.6,"CATCH_SKM":16.549999,"DIS_AV_CMS":0.004,"ORD_STRA":1,"ORD_FLOW":9},"geometry":{"type":"LineString","coordinates":[[36.483333333332354,27.599999999999774],[36.47708333333236,27.60624999999977],[36.46041666666571,27.60624999999977],[36.45624999999907,27.610416666666417],[36.45208333333241,27.610416666666417]]}},{"type":"Feature","properties":{"HYRIV_ID":20826311,"NEXT_DOWN":20825737,"MAIN_RIV":20812307,"LENGTH_KM":11.79,"CATCH_SKM":51.540001,"DIS_AV_CMS":0.086,"ORD_STRA":2,"ORD_FLOW":8},"geometry":{"type":"LineString","coordinates":[[37.785416666665725,27.602083333333105],[37.7770833333324,27.602083333333105],[37.76041666666569,27.618749999999743],[37.7479166666657,27.618749999999743],[37.74374999999904,27.622916666666434],[37.74374999999904,27.627083333333097],[37.72708333333233,27.643749999999777],[37.71041666666568,27.643749999999777],[37.706249999999045,27.63958333333307],[37.70208333333238,27.63958333333307],[37.69791666666572,27.643749999999777],[37.693749999999056,27.643749999999777]]}},{"type":"Feature","properties":{"HYRIV_ID":20826312,"NEXT_DOWN":20826311,"MAIN_RIV":20812307,"LENGTH_KM":3.4,"CATCH_SKM":20.540001,"DIS_AV_CMS":0.008,"ORD_STRA":1,"ORD_FLOW":9},"geometry":{"type":"LineString","coordinates":[[37.795833333332354,27.62916666666643],[37.78958333333236,27.622916666666434],[37.78958333333236,27.610416666666417],[37.785416666665725,27.60624999999977],[37.785416666665725,27.602083333333105]]}},{"type":"Feature","properties":{"HYRIV_ID":20826364,"NEXT_DOWN":20826311,"MAIN_RIV":20812307,"LENGTH_KM":1.85,"CATCH_SKM":7.04,"DIS_AV_CMS":0.061,"ORD_STRA":2,"ORD_FLOW":8},"geometry":{"type":"LineString","coordinates":[[37.80208333333235,27.597916666666443],[37.78958333333236,27.597916666666443],[37.785416666665725,27.602083333333105]]}},{"type":"Feature","properties":{"HYRIV_ID":20826365,"NEXT_DOWN":20826364,"MAIN_RIV":20812307,"LENGTH_KM":6.5700002,"CATCH_SKM":33.470001,"DIS_AV_CMS":0.013,"ORD_STRA":1,"ORD_FLOW":8},"geometry":{"type":"LineString","coordinates":[[37.810416666665674,27.65416666666642],[37.810416666665674,27.643749999999777],[37.80624999999901,27.63958333333307],[37.80624999999901,27.63124999999976],[37.80208333333235,27.627083333333097],[37.80208333333235,27.597916666666443]]}},{"type":"Feature","properties":{"HYRIV_ID":20826366,"NEXT_DOWN":20826367,"MAIN_RIV":20822745,"LENGTH_KM":9.0500002,"CATCH_SKM":25.110001,"DIS_AV_CMS":0.013,"ORD_STRA":2,"ORD_FLOW":8},"geometry":{"type":"LineString","coordinates":[[37.89374999999899,27.61458333333308],[37.89791666666565,27.61458333333308],[37.9020833333324,27.610416666666417],[37.910416666665725,27.610416666666417],[37.91458333333239,27.60624999999977],[37.922916666665685,27.60624999999977],[37.92708333333235,27.602083333333105],[37.93124999999901,27.60624999999977],[37.947916666665634,27.60624999999977],[37.95208333333238,27.602083333333105],[37.96458333333237,27.602083333333105],[37.968749999999034,27.597916666666443],[37.97291666666567,27.597916666666443]]}},{"type":"Feature","properties":{"HYRIV_ID":20826367,"NEXT_DOWN":20826034,"MAIN_RIV":20822745,"LENGTH_KM":8.6499996,"CATCH_SKM":24.35,"DIS_AV_CMS":0.206,"ORD_STRA":3,"ORD_FLOW":7},"geometry":{"type":"LineString","coordinates":[[37.97291666666567,27.597916666666443],[37.98541666666566,27.597916666666443],[38.002083333332365,27.61458333333308],[38.00624999999903,27.61458333333308],[38.01041666666569,27.618749999999743],[38.01874999999902,27.618749999999743],[38.02291666666568,27.622916666666434],[38.035416666665725,27.622916666666434],[38.03958333333239,27.627083333333097],[38.04374999999905,27.622916666666434]]}},{"type":"Feature","properties":{"HYRIV_ID":20826411,"NEXT_DOWN":20825977,"MAIN_RIV":20832810,"LENGTH_KM":9.8800001,"CATCH_SKM":29.1,"DIS_AV_CMS":0.006,"ORD_STRA":2,"ORD_FLOW":9},"geometry":{"type":"LineString","coordinates":[[36.693749999999,27.59374999999975],[36.689583333332365,27.59374999999975],[36.6854166666657,27.597916666666443],[36.68124999999904,27.597916666666443],[36.672916666665714,27.60624999999977],[36.664583333332416,27.60624999999977],[36.66041666666567,27.610416666666417],[36.656249999999005,27.610416666666417],[36.64791666666568,27.618749999999743],[36.63958333333238,27.618749999999743],[36.63541666666572,27.622916666666434],[36.62291666666573,27.622916666666434],[36.61874999999898,27.627083333333097],[36.610416666665685,27.627083333333097]]}},{"type":"Feature","properties":{"HYRIV_ID":20826412,"NEXT_DOWN":20826411,"MAIN_RIV":20832810,"LENGTH_KM":1.78,"CATCH_SKM":19.209999,"DIS_AV_CMS":0.002,"ORD_STRA":1,"ORD_FLOW":9},"geometry":{"type":"LineString","coordinates":[[36.69791666666566,27.608333333333086],[36.69791666666566,27.602083333333105],[36.693749999999,27.597916666666443],[36.693749999999,27.59374999999975]]}},{"type":"Feature","properties":{"HYRIV_ID":20826413,"NEXT_DOWN":20826163,"MAIN_RIV":20812307,"LENGTH_KM":3.35,"CATCH_SKM":9.7,"DIS_AV_CMS":0.002,"ORD_STRA":2,"ORD_FLOW":9},"geometry":{"type":"LineString","coordinates":[[36.81874999999903,27.59374999999975],[36.81874999999903,27.597916666666443],[36.814583333332365,27.602083333333105],[36.8104166666657,27.602083333333105],[36.797916666665714,27.61458333333308]]}},{"type":"Feature","properties":{"HYRIV_ID":20826414,"NEXT_DOWN":20825980,"MAIN_RIV":20812307,"LENGTH_KM":4.1700001,"CATCH_SKM":8.1800003,"DIS_AV_CMS":0.019,"ORD_STRA":2,"ORD_FLOW":8},"geometry":{"type":"LineString","coordinates":[[37.256249999999,27.59374999999975],[37.256249999999,27.597916666666443],[37.26041666666575,27.602083333333105],[37.26041666666575,27.60624999999977],[37.26458333333241,27.610416666666417],[37.26458333333241,27.622916666666434],[37.26041666666575,27.627083333333097]]}},{"type":"Feature","properties":{"HYRIV_ID":20826467,"NEXT_DOWN":20826699,"MAIN_RIV":20832810,"LENGTH_KM":5.1500001,"CATCH_SKM":27.01,"DIS_AV_CMS":0.041,"ORD_STRA":2,"ORD_FLOW":8},"geometry":{"type":"LineString","coordinates":[[36.127083333332365,27.622916666666434],[36.1229166666657,27.618749999999743],[36.114583333332405,27.618749999999743],[36.11041666666574,27.61458333333308],[36.11041666666574,27.610416666666417],[36.10624999999908,27.60624999999977],[36.10624999999908,27.602083333333105],[36.102083333332416,27.597916666666443],[36.102083333332416,27.58958333333309]]}},{"type":"Feature","properties":{"HYRIV_ID":20826468,"NEXT_DOWN":20826699,"MAIN_RIV":20832810,"LENGTH_KM":3.29,"CATCH_SKM":21.879999,"DIS_AV_CMS":0.006,"ORD_STRA":1,"ORD_FLOW":9},"geometry":{"type":"LineString","coordinates":[[36.1291666666657,27.602083333333105],[36.1229166666657,27.602083333333105],[36.11041666666574,27.58958333333309],[36.102083333332416,27.58958333333309]]}},{"type":"Feature","properties":{"HYRIV_ID":20826469,"NEXT_DOWN":20826414,"MAIN_RIV":20812307,"LENGTH_KM":1.34,"CATCH_SKM":11.99,"DIS_AV_CMS":0.004,"ORD_STRA":1,"ORD_FLOW":9},"geometry":{"type":"LineString","coordinates":[[37.266666666665714,27.587499999999757],[37.26041666666575,27.59374999999975],[37.256249999999,27.59374999999975]]}},{"type":"Feature","properties":{"HYRIV_ID":20826537,"NEXT_DOWN":20826874,"MAIN_RIV":20832810,"LENGTH_KM":1.31,"CATCH_SKM":13.5,"DIS_AV_CMS":0.004,"ORD_STRA":1,"ORD_FLOW":9},"geometry":{"type":"LineString","coordinates":[[36.31041666666576,27.59583333333311],[36.31041666666576,27.58958333333309],[36.31458333333242,27.585416666666426]]}},{"type":"Feature","properties":{"HYRIV_ID":20826538,"NEXT_DOWN":20826874,"MAIN_RIV":20832810,"LENGTH_KM":5.8200002,"CATCH_SKM":30.049999,"DIS_AV_CMS":0.008,"ORD_STRA":1,"ORD_FLOW":9},"geometry":{"type":"LineString","coordinates":[[36.33333333333238,27.624999999999766],[36.33958333333237,27.618749999999743],[36.331249999999045,27.610416666666417],[36.331249999999045,27.60624999999977],[36.32708333333241,27.602083333333105],[36.32291666666575,27.602083333333105],[36.31458333333242,27.59374999999975],[36.31458333333242,27.585416666666426]]}},{"type":"Feature","properties":{"HYRIV_ID":20826539,"NEXT_DOWN":20826413,"MAIN_RIV":20812307,"LENGTH_KM":1.55,"CATCH_SKM":12.94,"DIS_AV_CMS":0.0,"ORD_STRA":1,"ORD_FLOW":10},"geometry":{"type":"LineString","coordinates":[[36.82916666666566,27.583333333333094],[36.81874999999903,27.59374999999975]]}},{"type":"Feature","properties":{"HYRIV_ID":20826540,"NEXT_DOWN":20826261,"MAIN_RIV":20812307,"LENGTH_KM":6.5900002,"CATCH_SKM":27.4,"DIS_AV_CMS":0.007,"ORD_STRA":1,"ORD_FLOW":9},"geometry":{"type":"LineString","coordinates":[[37.17499999999907,27.585416666666426],[37.18124999999907,27.585416666666426],[37.18541666666573,27.58958333333309],[37.189583333332365,27.58958333333309],[37.202083333332354,27.602083333333105],[37.20624999999902,27.602083333333105],[37.21041666666568,27.597916666666443],[37.21458333333234,27.597916666666443],[37.222916666665725,27.60624999999977],[37.22708333333239,27.60624999999977]]}},{"type":"Feature","properties":{"HYRIV_ID":20826541,"NEXT_DOWN":20825639,"MAIN_RIV":20812307,"LENGTH_KM":8.4200001,"CATCH_SKM":29.3,"DIS_AV_CMS":0.009,"ORD_STRA":1,"ORD_FLOW":9},"geometry":{"type":"LineString","coordinates":[[37.42708333333232,27.583333333333094],[37.42708333333232,27.597916666666443],[37.422916666665685,27.602083333333105],[37.422916666665685,27.60624999999977],[37.41874999999902,27.610416666666417],[37.41874999999902,27.61458333333308],[37.422916666665685,27.618749999999743],[37.422916666665685,27.622916666666434],[37.41874999999902,27.627083333333097],[37.41874999999902,27.63124999999976],[37.422916666665685,27.63541666666641],[37.422916666665685,27.65208333333309]]}},{"type":"Feature","properties":{"HYRIV_ID":20826542,"NEXT_DOWN":20825640,"MAIN_RIV":20812307,"LENGTH_KM":8.1899996,"CATCH_SKM":21.690001,"DIS_AV_CMS":0.037,"ORD_STRA":2,"ORD_FLOW":8},"geometry":{"type":"LineString","coordinates":[[37.66874999999902,27.585416666666426],[37.66874999999902,27.59374999999975],[37.672916666665685,27.597916666666443],[37.66874999999902,27.602083333333105],[37.66874999999902,27.622916666666434],[37.672916666665685,27.627083333333097],[37.672916666665685,27.63124999999976],[37.67708333333235,27.63541666666641],[37.67708333333235,27.643749999999777],[37.68124999999901,27.647916666666426],[37.68124999999901,27.65208333333309]]}},{"type":"Feature","properties":{"HYRIV_ID":20826543,"NEXT_DOWN":20826364,"MAIN_RIV":20812307,"LENGTH_KM":1.86,"CATCH_SKM":11.41,"DIS_AV_CMS":0.046,"ORD_STRA":2,"ORD_FLOW":8},"geometry":{"type":"LineString","coordinates":[[37.81458333333234,27.585416666666426],[37.80208333333235,27.597916666666443]]}},{"type":"Feature","properties":{"HYRIV_ID":20826590,"NEXT_DOWN":20826591,"MAIN_RIV":20812307,"LENGTH_KM":5.25,"CATCH_SKM":25.110001,"DIS_AV_CMS":0.001,"ORD_STRA":1,"ORD_FLOW":9},"geometry":{"type":"LineString","coordinates":[[36.93333333333237,27.58958333333309],[36.94374999999903,27.58958333333309],[36.952083333332354,27.597916666666443],[36.95624999999899,27.597916666666443],[36.960416666665736,27.59374999999975],[36.960416666665736,27.585416666666426],[36.9645833333324,27.581249999999763],[36.96874999999906,27.581249999999763]]}},{"type":"Feature","properties":{"HYRIV_ID":20826591,"NEXT_DOWN":20826165,"MAIN_RIV":20812307,"LENGTH_KM":7.6700001,"CATCH_SKM":16.360001,"DIS_AV_CMS":0.003,"ORD_STRA":2,"ORD_FLOW":9},"geometry":{"type":"LineString","coordinates":[[36.96874999999906,27.581249999999763],[36.972916666665725,27.581249999999763],[36.985416666665685,27.59374999999975],[36.99374999999901,27.59374999999975],[36.997916666665674,27.597916666666443],[37.00208333333234,27.597916666666443],[37.006249999999056,27.602083333333105],[37.01041666666572,27.602083333333105],[37.01458333333238,27.60624999999977],[37.02291666666571,27.60624999999977],[37.02708333333237,27.610416666666417],[37.02708333333237,27.61458333333308]]}},{"type":"Feature","properties":{"HYRIV_ID":20826592,"NEXT_DOWN":20825978,"MAIN_RIV":20812307,"LENGTH_KM":9.0600004,"CATCH_SKM":40.91,"DIS_AV_CMS":0.004,"ORD_STRA":1,"ORD_FLOW":9},"geometry":{"type":"LineString","coordinates":[[37.01249999999905,27.579166666666445],[37.018749999999045,27.585416666666426],[37.018749999999045,27.59374999999975],[37.02291666666571,27.597916666666443],[37.04791666666574,27.597916666666443],[37.05624999999907,27.60624999999977],[37.0604166666657,27.60624999999977],[37.0604166666657,27.618749999999743],[37.05624999999907,27.622916666666434],[37.05624999999907,27.627083333333097]]}},{"type":"Feature","properties":{"HYRIV_ID":20826648,"NEXT_DOWN":20826413,"MAIN_RIV":20812307,"LENGTH_KM":2.1700001,"CATCH_SKM":8.9399996,"DIS_AV_CMS":0.002,"ORD_STRA":2,"ORD_FLOW":9},"geometry":{"type":"LineString","coordinates":[[36.8104166666657,27.577083333333114],[36.814583333332365,27.581249999999763],[36.814583333332365,27.585416666666426],[36.81874999999903,27.58958333333309],[36.81874999999903,27.59374999999975]]}},{"type":"Feature","properties":{"HYRIV_ID":20826649,"NEXT_DOWN":20826591,"MAIN_RIV":20812307,"LENGTH_KM":0.62,"CATCH_SKM":0.95,"DIS_AV_CMS":0.003,"ORD_STRA":2,"ORD_FLOW":9},"geometry":{"type":"LineString","coordinates":[[36.9645833333324,27.577083333333114],[36.96874999999906,27.581249999999763]]}},{"type":"Feature","properties":{"HYRIV_ID":20826650,"NEXT_DOWN":20826651,"MAIN_RIV":20822745,"LENGTH_KM":0.62,"CATCH_SKM":10.65,"DIS_AV_CMS":0.004,"ORD_STRA":1,"ORD_FLOW":9},"geometry":{"type":"LineString","coordinates":[[37.92916666666568,27.577083333333114],[37.935416666665674,27.577083333333114]]}},{"type":"Feature","properties":{"HYRIV_ID":20826651,"NEXT_DOWN":20826367,"MAIN_RIV":20822745,"LENGTH_KM":4.7399998,"CATCH_SKM":11.8,"DIS_AV_CMS":0.215,"ORD_STRA":3,"ORD_FLOW":7},"geometry":{"type":"LineString","coordinates":[[37.935416666665674,27.577083333333114],[37.93958333333234,27.581249999999763],[37.947916666665634,27.581249999999763],[37.95208333333238,27.585416666666426],[37.956249999999045,27.585416666666426],[37.96458333333237,27.59374999999975],[37.968749999999034,27.59374999999975],[37.97291666666567,27.597916666666443]]}},{"type":"Feature","properties":{"HYRIV_ID":20826698,"NEXT_DOWN":20826931,"MAIN_RIV":20832810,"LENGTH_KM":6.08,"CATCH_SKM":36.34,"DIS_AV_CMS":0.009,"ORD_STRA":1,"ORD_FLOW":9},"geometry":{"type":"LineString","coordinates":[[36.02083333333232,27.599999999999774],[36.002083333332365,27.581249999999763],[35.99374999999904,27.581249999999763],[35.98541666666574,27.57291666666641],[35.97291666666575,27.57291666666641]]}},{"type":"Feature","properties":{"HYRIV_ID":20826699,"NEXT_DOWN":20826933,"MAIN_RIV":20832810,"LENGTH_KM":2.32,"CATCH_SKM":8.37,"DIS_AV_CMS":0.049,"ORD_STRA":2,"ORD_FLOW":8},"geometry":{"type":"LineString","coordinates":[[36.102083333332416,27.58958333333309],[36.08958333333237,27.577083333333114],[36.08958333333237,27.57291666666641]]}},{"type":"Feature","properties":{"HYRIV_ID":20826700,"NEXT_DOWN":20826411,"MAIN_RIV":20832810,"LENGTH_KM":4.3800001,"CATCH_SKM":39.959999,"DIS_AV_CMS":0.004,"ORD_STRA":1,"ORD_FLOW":9},"geometry":{"type":"LineString","coordinates":[[36.72499999999903,27.57291666666641],[36.7145833333324,27.57291666666641],[36.710416666665736,27.577083333333114],[36.710416666665736,27.581249999999763],[36.70624999999907,27.581249999999763],[36.693749999999,27.59374999999975]]}},{"type":"Feature","properties":{"HYRIV_ID":20826701,"NEXT_DOWN":20826648,"MAIN_RIV":20812307,"LENGTH_KM":0.93,"CATCH_SKM":15.04,"DIS_AV_CMS":0.001,"ORD_STRA":1,"ORD_FLOW":9},"geometry":{"type":"LineString","coordinates":[[36.8166666666657,27.570833333333077],[36.8104166666657,27.577083333333114]]}},{"type":"Feature","properties":{"HYRIV_ID":20826702,"NEXT_DOWN":20824951,"MAIN_RIV":20812307,"LENGTH_KM":15.76,"CATCH_SKM":51.73,"DIS_AV_CMS":0.43,"ORD_STRA":4,"ORD_FLOW":7},"geometry":{"type":"LineString","coordinates":[[37.606249999998965,27.57291666666641],[37.606249999998965,27.602083333333105],[37.60208333333233,27.60624999999977],[37.60208333333233,27.622916666666434],[37.59791666666567,27.627083333333097],[37.59791666666567,27.63124999999976],[37.60208333333233,27.63541666666641],[37.59791666666567,27.63958333333307],[37.59791666666567,27.656249999999794],[37.60208333333233,27.6604166666664],[37.60208333333233,27.664583333333105],[37.59791666666567,27.66874999999977],[37.59791666666567,27.672916666666417],[37.58958333333234,27.681249999999785],[37.58958333333234,27.689583333333097],[37.58541666666568,27.69374999999976],[37.58541666666568,27.70208333333307]]}},{"type":"Feature","properties":{"HYRIV_ID":20826748,"NEXT_DOWN":20826648,"MAIN_RIV":20812307,"LENGTH_KM":1.96,"CATCH_SKM":16.18,"DIS_AV_CMS":0.001,"ORD_STRA":1,"ORD_FLOW":9},"geometry":{"type":"LineString","coordinates":[[36.79583333333241,27.56666666666643],[36.80208333333238,27.57291666666641],[36.80624999999904,27.57291666666641],[36.8104166666657,27.577083333333114]]}},{"type":"Feature","properties":{"HYRIV_ID":20826749,"NEXT_DOWN":20826750,"MAIN_RIV":20812307,"LENGTH_KM":4.7399998,"CATCH_SKM":7.9899998,"DIS_AV_CMS":0.015,"ORD_STRA":2,"ORD_FLOW":8},"geometry":{"type":"LineString","coordinates":[[37.31041666666573,27.57291666666641],[37.31458333333239,27.577083333333114],[37.31874999999903,27.57291666666641],[37.32291666666569,27.577083333333114],[37.327083333332354,27.577083333333114],[37.33124999999902,27.57291666666641],[37.343749999999005,27.57291666666641],[37.34791666666564,27.568749999999746]]}},{"type":"Feature","properties":{"HYRIV_ID":20826750,"NEXT_DOWN":20825845,"MAIN_RIV":20812307,"LENGTH_KM":8.7600002,"CATCH_SKM":32.34,"DIS_AV_CMS":0.20200001,"ORD_STRA":3,"ORD_FLOW":7},"geometry":{"type":"LineString","coordinates":[[37.34791666666564,27.568749999999746],[37.35624999999905,27.577083333333114],[37.35624999999905,27.59374999999975],[37.360416666665714,27.597916666666443],[37.36458333333238,27.597916666666443],[37.36458333333238,27.610416666666417],[37.36874999999904,27.61458333333308],[37.36874999999904,27.618749999999743],[37.37708333333234,27.627083333333097],[37.37708333333234,27.63541666666641]]}},{"type":"Feature","properties":{"HYRIV_ID":20826807,"NEXT_DOWN":20826933,"MAIN_RIV":20832810,"LENGTH_KM":3.09,"CATCH_SKM":18.459999,"DIS_AV_CMS":0.005,"ORD_STRA":1,"ORD_FLOW":9},"geometry":{"type":"LineString","coordinates":[[36.116666666665736,27.564583333333097],[36.09791666666567,27.564583333333097],[36.08958333333237,27.57291666666641]]}},{"type":"Feature","properties":{"HYRIV_ID":20826808,"NEXT_DOWN":20826649,"MAIN_RIV":20812307,"LENGTH_KM":1.78,"CATCH_SKM":15.04,"DIS_AV_CMS":0.001,"ORD_STRA":1,"ORD_FLOW":9},"geometry":{"type":"LineString","coordinates":[[36.96874999999906,27.562499999999766],[36.96874999999906,27.568749999999746],[36.9645833333324,27.57291666666641],[36.9645833333324,27.577083333333114]]}},{"type":"Feature","properties":{"HYRIV_ID":20826809,"NEXT_DOWN":20825979,"MAIN_RIV":20812307,"LENGTH_KM":8.8599997,"CATCH_SKM":35.009998,"DIS_AV_CMS":0.059,"ORD_STRA":3,"ORD_FLOW":8},"geometry":{"type":"LineString","coordinates":[[37.122916666665674,27.564583333333097],[37.131249999999,27.57291666666641],[37.131249999999,27.58958333333309],[37.12708333333234,27.59374999999975],[37.12708333333234,27.597916666666443],[37.131249999999,27.602083333333105],[37.13958333333238,27.602083333333105],[37.15208333333237,27.61458333333308],[37.15208333333237,27.627083333333097]]}},{"type":"Feature","properties":{"HYRIV_ID":20826810,"NEXT_DOWN":20826879,"MAIN_RIV":20812307,"LENGTH_KM":4.12,"CATCH_SKM":17.5,"DIS_AV_CMS":0.006,"ORD_STRA":1,"ORD_FLOW":9},"geometry":{"type":"LineString","coordinates":[[37.51666666666566,27.568749999999746],[37.522916666665736,27.568749999999746],[37.52708333333237,27.57291666666641],[37.531249999999034,27.568749999999746],[37.547916666665685,27.568749999999746],[37.55208333333235,27.564583333333097]]}},{"type":"Feature","properties":{"HYRIV_ID":20826811,"NEXT_DOWN":20826702,"MAIN_RIV":20812307,"LENGTH_KM":1.16,"CATCH_SKM":19.98,"DIS_AV_CMS":0.008,"ORD_STRA":1,"ORD_FLOW":9},"geometry":{"type":"LineString","coordinates":[[37.606249999998965,27.562499999999766],[37.606249999998965,27.57291666666641]]}},{"type":"Feature","properties":{"HYRIV_ID":20826812,"NEXT_DOWN":20826542,"MAIN_RIV":20812307,"LENGTH_KM":3.02,"CATCH_SKM":19.030001,"DIS_AV_CMS":0.008,"ORD_STRA":1,"ORD_FLOW":9},"geometry":{"type":"LineString","coordinates":[[37.65624999999906,27.562499999999766],[37.65624999999906,27.568749999999746],[37.66874999999902,27.581249999999763],[37.66874999999902,27.585416666666426]]}},{"type":"Feature","properties":{"HYRIV_ID":20826874,"NEXT_DOWN":20827963,"MAIN_RIV":20832810,"LENGTH_KM":3.25,"CATCH_SKM":6.2800002,"DIS_AV_CMS":0.014,"ORD_STRA":2,"ORD_FLOW":8},"geometry":{"type":"LineString","coordinates":[[36.31458333333242,27.585416666666426],[36.30624999999901,27.577083333333114],[36.30624999999901,27.568749999999746],[36.31041666666576,27.564583333333097],[36.31041666666576,27.560416666666434]]}},{"type":"Feature","properties":{"HYRIV_ID":20826875,"NEXT_DOWN":20827963,"MAIN_RIV":20832810,"LENGTH_KM":13.09,"CATCH_SKM":37.849998,"DIS_AV_CMS":0.059,"ORD_STRA":3,"ORD_FLOW":8},"geometry":{"type":"LineString","coordinates":[[36.38541666666569,27.643749999999777],[36.38541666666569,27.63541666666641],[36.37291666666573,27.622916666666434],[36.36874999999907,27.622916666666434],[36.36041666666574,27.61458333333308],[36.356249999998994,27.61458333333308],[36.35208333333236,27.610416666666417],[36.3479166666657,27.610416666666417],[36.33541666666571,27.597916666666443],[36.33541666666571,27.59374999999975],[36.331249999999045,27.58958333333309],[36.331249999999045,27.585416666666426],[36.32291666666575,27.577083333333114],[36.32291666666575,27.568749999999746],[36.31458333333242,27.560416666666434],[36.31041666666576,27.560416666666434]]}},{"type":"Feature","properties":{"HYRIV_ID":20826876,"NEXT_DOWN":20828066,"MAIN_RIV":20832810,"LENGTH_KM":1.39,"CATCH_SKM":11.41,"DIS_AV_CMS":0.003,"ORD_STRA":1,"ORD_FLOW":9},"geometry":{"type":"LineString","coordinates":[[36.34999999999903,27.570833333333077],[36.356249999998994,27.564583333333097],[36.356249999998994,27.560416666666434]]}},{"type":"Feature","properties":{"HYRIV_ID":20826877,"NEXT_DOWN":20828066,"MAIN_RIV":20832810,"LENGTH_KM":12.2,"CATCH_SKM":56.119999,"DIS_AV_CMS":0.058,"ORD_STRA":3,"ORD_FLOW":8},"geometry":{"type":"LineString","coordinates":[[36.45208333333241,27.610416666666417],[36.443749999999085,27.602083333333105],[36.422916666665714,27.602083333333105],[36.406249999999005,27.585416666666426],[36.40208333333243,27.585416666666426],[36.39791666666568,27.581249999999763],[36.39374999999902,27.581249999999763],[36.389583333332354,27.577083333333114],[36.389583333332354,27.57291666666641],[36.38541666666569,27.57291666666641],[36.37708333333239,27.564583333333097],[36.36041666666574,27.564583333333097],[36.356249999998994,27.560416666666434]]}},{"type":"Feature","properties":{"HYRIV_ID":20826878,"NEXT_DOWN":20826749,"MAIN_RIV":20812307,"LENGTH_KM":2.01,"CATCH_SKM":12.56,"DIS_AV_CMS":0.004,"ORD_STRA":1,"ORD_FLOW":9},"geometry":{"type":"LineString","coordinates":[[37.29999999999907,27.558333333333103],[37.31041666666573,27.568749999999746],[37.31041666666573,27.57291666666641]]}},{"type":"Feature","properties":{"HYRIV_ID":20826879,"NEXT_DOWN":20825847,"MAIN_RIV":20812307,"LENGTH_KM":10.46,"CATCH_SKM":39.580002,"DIS_AV_CMS":0.122,"ORD_STRA":3,"ORD_FLOW":7},"geometry":{"type":"LineString","coordinates":[[37.55208333333235,27.564583333333097],[37.55624999999898,27.564583333333097],[37.56041666666573,27.560416666666434],[37.568749999999056,27.568749999999746],[37.568749999999056,27.577083333333114],[37.57708333333238,27.585416666666426],[37.57708333333238,27.61458333333308],[37.57291666666572,27.618749999999743],[37.57291666666572,27.627083333333097],[37.56458333333239,27.63541666666641]]}},{"type":"Feature","properties":{"HYRIV_ID":20826880,"NEXT_DOWN":20826543,"MAIN_RIV":20812307,"LENGTH_KM":6.7,"CATCH_SKM":19.98,"DIS_AV_CMS":0.027,"ORD_STRA":2,"ORD_FLOW":8},"geometry":{"type":"LineString","coordinates":[[37.76874999999899,27.560416666666434],[37.7770833333324,27.568749999999746],[37.78124999999906,27.568749999999746],[37.785416666665725,27.57291666666641],[37.79374999999902,27.57291666666641],[37.797916666665685,27.568749999999746],[37.80624999999901,27.568749999999746],[37.81458333333234,27.577083333333114],[37.81458333333234,27.585416666666426]]}},{"type":"Feature","properties":{"HYRIV_ID":20826881,"NEXT_DOWN":20826543,"MAIN_RIV":20812307,"LENGTH_KM":5.2600002,"CATCH_SKM":32.349998,"DIS_AV_CMS":0.014,"ORD_STRA":1,"ORD_FLOW":8},"geometry":{"type":"LineString","coordinates":[[37.85416666666566,27.558333333333103],[37.84791666666567,27.564583333333097],[37.83958333333237,27.564583333333097],[37.82708333333238,27.577083333333114],[37.82291666666572,27.577083333333114],[37.81458333333234,27.585416666666426]]}},{"type":"Feature","properties":{"HYRIV_ID":20826932,"NEXT_DOWN":20826978,"MAIN_RIV":20832810,"LENGTH_KM":1.78,"CATCH_SKM":19.790001,"DIS_AV_CMS":0.005,"ORD_STRA":1,"ORD_FLOW":9},"geometry":{"type":"LineString","coordinates":[[36.06458333333242,27.570833333333077],[36.06458333333242,27.564583333333097],[36.068749999999056,27.560416666666434],[36.068749999999056,27.55624999999977]]}},{"type":"Feature","properties":{"HYRIV_ID":20826933,"NEXT_DOWN":20826978,"MAIN_RIV":20832810,"LENGTH_KM":2.8900001,"CATCH_SKM":8.75,"DIS_AV_CMS":0.056,"ORD_STRA":2,"ORD_FLOW":8},"geometry":{"type":"LineString","coordinates":[[36.08958333333237,27.57291666666641],[36.07291666666572,27.55624999999977],[36.068749999999056,27.55624999999977]]}},{"type":"Feature","properties":{"HYRIV_ID":20826934,"NEXT_DOWN":20826935,"MAIN_RIV":20812307,"LENGTH_KM":1.39,"CATCH_SKM":12.18,"DIS_AV_CMS":0.0,"ORD_STRA":1,"ORD_FLOW":10},"geometry":{"type":"LineString","coordinates":[[36.92499999999907,27.56666666666643],[36.93124999999904,27.560416666666434],[36.93124999999904,27.55624999999977]]}},{"type":"Feature","properties":{"HYRIV_ID":20826935,"NEXT_DOWN":20826649,"MAIN_RIV":20812307,"LENGTH_KM":4.33,"CATCH_SKM":9.8900003,"DIS_AV_CMS":0.002,"ORD_STRA":2,"ORD_FLOW":9},"geometry":{"type":"LineString","coordinates":[[36.93124999999904,27.55624999999977],[36.9354166666657,27.55624999999977],[36.94791666666569,27.568749999999746],[36.952083333332354,27.568749999999746],[36.960416666665736,27.577083333333114],[36.9645833333324,27.577083333333114]]}},{"type":"Feature","properties":{"HYRIV_ID":20826936,"NEXT_DOWN":20826651,"MAIN_RIV":20822745,"LENGTH_KM":5.4,"CATCH_SKM":22.65,"DIS_AV_CMS":0.213,"ORD_STRA":3,"ORD_FLOW":7},"geometry":{"type":"LineString","coordinates":[[37.89374999999899,27.55624999999977],[37.89791666666565,27.55624999999977],[37.9020833333324,27.560416666666434],[37.91874999999902,27.560416666666434],[37.92708333333235,27.568749999999746],[37.93124999999901,27.568749999999746],[37.935416666665674,27.57291666666641],[37.935416666665674,27.577083333333114]]}},{"type":"Feature","properties":{"HYRIV_ID":20826978,"NEXT_DOWN":20827192,"MAIN_RIV":20832810,"LENGTH_KM":0.62,"CATCH_SKM":0.19,"DIS_AV_CMS":0.061,"ORD_STRA":2,"ORD_FLOW":8},"geometry":{"type":"LineString","coordinates":[[36.068749999999056,27.55624999999977],[36.06458333333242,27.552083333333123]]}},{"type":"Feature","properties":{"HYRIV_ID":20826979,"NEXT_DOWN":20826935,"MAIN_RIV":20812307,"LENGTH_KM":0.46,"CATCH_SKM":0.76,"DIS_AV_CMS":0.002,"ORD_STRA":2,"ORD_FLOW":9},"geometry":{"type":"LineString","coordinates":[[36.93124999999904,27.552083333333123],[36.93124999999904,27.55624999999977]]}},{"type":"Feature","properties":{"HYRIV_ID":20826980,"NEXT_DOWN":20826261,"MAIN_RIV":20812307,"LENGTH_KM":8.6599998,"CATCH_SKM":39.200001,"DIS_AV_CMS":0.011,"ORD_STRA":1,"ORD_FLOW":8},"geometry":{"type":"LineString","coordinates":[[37.1833333333324,27.54999999999975],[37.19374999999903,27.560416666666434],[37.20624999999902,27.560416666666434],[37.21874999999898,27.57291666666641],[37.21874999999898,27.577083333333114],[37.222916666665725,27.581249999999763],[37.222916666665725,27.59374999999975],[37.22708333333239,27.597916666666443],[37.22708333333239,27.60624999999977]]}},{"type":"Feature","properties":{"HYRIV_ID":20826981,"NEXT_DOWN":20826880,"MAIN_RIV":20812307,"LENGTH_KM":1.73,"CATCH_SKM":26.639999,"DIS_AV_CMS":0.011,"ORD_STRA":1,"ORD_FLOW":8},"geometry":{"type":"LineString","coordinates":[[37.76041666666569,27.54999999999975],[37.76041666666569,27.55624999999977],[37.764583333332325,27.560416666666434],[37.76874999999899,27.560416666666434]]}},{"type":"Feature","properties":{"HYRIV_ID":20827034,"NEXT_DOWN":20826979,"MAIN_RIV":20812307,"LENGTH_KM":5.14,"CATCH_SKM":20.74,"DIS_AV_CMS":0.001,"ORD_STRA":1,"ORD_FLOW":9},"geometry":{"type":"LineString","coordinates":[[36.88333333333239,27.552083333333123],[36.90208333333234,27.552083333333123],[36.906249999999005,27.547916666666417],[36.92708333333238,27.547916666666417],[36.93124999999904,27.552083333333123]]}},{"type":"Feature","properties":{"HYRIV_ID":20827035,"NEXT_DOWN":20827036,"MAIN_RIV":20812307,"LENGTH_KM":7.9899998,"CATCH_SKM":32.93,"DIS_AV_CMS":0.011,"ORD_STRA":1,"ORD_FLOW":8},"geometry":{"type":"LineString","coordinates":[[37.43749999999906,27.545833333333086],[37.443749999999056,27.552083333333123],[37.44791666666572,27.552083333333123],[37.452083333332354,27.55624999999977],[37.452083333332354,27.560416666666434],[37.46041666666568,27.568749999999746],[37.46458333333234,27.568749999999746],[37.47291666666567,27.560416666666434],[37.4770833333323,27.560416666666434],[37.48124999999905,27.55624999999977],[37.485416666665714,27.55624999999977],[37.49374999999904,27.547916666666417]]}},{"type":"Feature","properties":{"HYRIV_ID":20827036,"NEXT_DOWN":20827037,"MAIN_RIV":20812307,"LENGTH_KM":0.41,"CATCH_SKM":0.38,"DIS_AV_CMS":0.032,"ORD_STRA":2,"ORD_FLOW":8},"geometry":{"type":"LineString","coordinates":[[37.49374999999904,27.547916666666417],[37.4979166666657,27.547916666666417]]}},{"type":"Feature","properties":{"HYRIV_ID":20827037,"NEXT_DOWN":20826879,"MAIN_RIV":20812307,"LENGTH_KM":7.1,"CATCH_SKM":18.84,"DIS_AV_CMS":0.106,"ORD_STRA":3,"ORD_FLOW":7},"geometry":{"type":"LineString","coordinates":[[37.4979166666657,27.547916666666417],[37.4979166666657,27.552083333333123],[37.50208333333234,27.55624999999977],[37.51458333333241,27.55624999999977],[37.51874999999899,27.552083333333123],[37.522916666665736,27.55624999999977],[37.547916666665685,27.55624999999977],[37.55208333333235,27.560416666666434],[37.55208333333235,27.564583333333097]]}},{"type":"Feature","properties":{"HYRIV_ID":20827038,"NEXT_DOWN":20826880,"MAIN_RIV":20812307,"LENGTH_KM":2.01,"CATCH_SKM":18.84,"DIS_AV_CMS":0.008,"ORD_STRA":1,"ORD_FLOW":9},"geometry":{"type":"LineString","coordinates":[[37.77916666666573,27.545833333333086],[37.77291666666565,27.552083333333123],[37.77291666666565,27.55624999999977],[37.76874999999899,27.560416666666434]]}},{"type":"Feature","properties":{"HYRIV_ID":20827039,"NEXT_DOWN":20826936,"MAIN_RIV":20822745,"LENGTH_KM":2.73,"CATCH_SKM":9.71,"DIS_AV_CMS":0.203,"ORD_STRA":3,"ORD_FLOW":7},"geometry":{"type":"LineString","coordinates":[[37.877083333332365,27.547916666666417],[37.88124999999903,27.552083333333123],[37.88124999999903,27.55624999999977],[37.88541666666569,27.560416666666434],[37.889583333332354,27.55624999999977],[37.89374999999899,27.55624999999977]]}},{"type":"Feature","properties":{"HYRIV_ID":20827082,"NEXT_DOWN":20827463,"MAIN_RIV":20832810,"LENGTH_KM":9.1599998,"CATCH_SKM":45.470001,"DIS_AV_CMS":0.007,"ORD_STRA":1,"ORD_FLOW":9},"geometry":{"type":"LineString","coordinates":[[36.5916666666657,27.585416666666426],[36.585416666665736,27.585416666666426],[36.58124999999907,27.581249999999763],[36.57708333333241,27.585416666666426],[36.5604166666657,27.585416666666426],[36.5604166666657,27.581249999999763],[36.55624999999904,27.577083333333114],[36.55624999999904,27.568749999999746],[36.55208333333238,27.564583333333097],[36.55208333333238,27.560416666666434],[36.547916666665714,27.560416666666434],[36.53958333333239,27.552083333333123],[36.53958333333239,27.543749999999754]]}},{"type":"Feature","properties":{"HYRIV_ID":20827083,"NEXT_DOWN":20827827,"MAIN_RIV":20834582,"LENGTH_KM":7.06,"CATCH_SKM":34.630001,"DIS_AV_CMS":0.005,"ORD_STRA":1,"ORD_FLOW":9},"geometry":{"type":"LineString","coordinates":[[36.67083333333238,27.570833333333077],[36.66041666666567,27.581249999999763],[36.656249999999005,27.581249999999763],[36.63958333333238,27.564583333333097],[36.63958333333238,27.560416666666434],[36.63541666666572,27.55624999999977],[36.63541666666572,27.547916666666417],[36.631249999999056,27.543749999999754]]}},{"type":"Feature","properties":{"HYRIV_ID":20827084,"NEXT_DOWN":20827827,"MAIN_RIV":20834582,"LENGTH_KM":1.85,"CATCH_SKM":13.13,"DIS_AV_CMS":0.002,"ORD_STRA":1,"ORD_FLOW":9},"geometry":{"type":"LineString","coordinates":[[36.64999999999901,27.543749999999754],[36.631249999999056,27.543749999999754]]}},{"type":"Feature","properties":{"HYRIV_ID":20827085,"NEXT_DOWN":20826809,"MAIN_RIV":20812307,"LENGTH_KM":7.89,"CATCH_SKM":23.98,"DIS_AV_CMS":0.025,"ORD_STRA":2,"ORD_FLOW":8},"geometry":{"type":"LineString","coordinates":[[37.077083333332354,27.543749999999754],[37.08124999999902,27.547916666666417],[37.08541666666565,27.547916666666417],[37.089583333332314,27.552083333333123],[37.08541666666565,27.55624999999977],[37.08541666666565,27.560416666666434],[37.097916666665725,27.57291666666641],[37.10208333333239,27.568749999999746],[37.10624999999905,27.568749999999746],[37.110416666665685,27.57291666666641],[37.11458333333235,27.568749999999746],[37.11874999999901,27.568749999999746],[37.122916666665674,27.564583333333097]]}},{"type":"Feature","properties":{"HYRIV_ID":20827086,"NEXT_DOWN":20827087,"MAIN_RIV":20822745,"LENGTH_KM":1.34,"CATCH_SKM":11.23,"DIS_AV_CMS":0.002,"ORD_STRA":1,"ORD_FLOW":9},"geometry":{"type":"LineString","coordinates":[[37.98749999999899,27.54999999999975],[37.99374999999898,27.543749999999754],[37.99791666666562,27.543749999999754]]}},{"type":"Feature","properties":{"HYRIV_ID":20827087,"NEXT_DOWN":20827040,"MAIN_RIV":20822745,"LENGTH_KM":0.62,"CATCH_SKM":1.52,"DIS_AV_CMS":0.111,"ORD_STRA":3,"ORD_FLOW":7},"geometry":{"type":"LineString","coordinates":[[37.99791666666562,27.543749999999754],[38.002083333332365,27.547916666666417]]}},{"type":"Feature","properties":{"HYRIV_ID":20827140,"NEXT_DOWN":20827195,"MAIN_RIV":20832810,"LENGTH_KM":6.1900001,"CATCH_SKM":24.93,"DIS_AV_CMS":0.007,"ORD_STRA":1,"ORD_FLOW":9},"geometry":{"type":"LineString","coordinates":[[36.220833333332365,27.583333333333094],[36.23124999999908,27.57291666666641],[36.23124999999908,27.568749999999746],[36.22708333333233,27.564583333333097],[36.24791666666573,27.543749999999754],[36.24791666666573,27.539583333333105]]}},{"type":"Feature","properties":{"HYRIV_ID":20827141,"NEXT_DOWN":20827463,"MAIN_RIV":20832810,"LENGTH_KM":5.56,"CATCH_SKM":27.790001,"DIS_AV_CMS":0.005,"ORD_STRA":1,"ORD_FLOW":9},"geometry":{"type":"LineString","coordinates":[[36.58749999999907,27.543749999999754],[36.57291666666575,27.543749999999754],[36.568749999999,27.539583333333105],[36.56458333333234,27.539583333333105],[36.5604166666657,27.543749999999754],[36.55208333333238,27.543749999999754],[36.547916666665714,27.547916666666417],[36.54374999999905,27.543749999999754],[36.53958333333239,27.543749999999754]]}},{"type":"Feature","properties":{"HYRIV_ID":20827192,"NEXT_DOWN":20827826,"MAIN_RIV":20832810,"LENGTH_KM":2.8900001,"CATCH_SKM":9.5200005,"DIS_AV_CMS":0.069,"ORD_STRA":2,"ORD_FLOW":8},"geometry":{"type":"LineString","coordinates":[[36.06458333333242,27.552083333333123],[36.06041666666576,27.552083333333123],[36.04374999999902,27.5354166666664]]}},{"type":"Feature","properties":{"HYRIV_ID":20827193,"NEXT_DOWN":20827192,"MAIN_RIV":20832810,"LENGTH_KM":7.4099998,"CATCH_SKM":23.98,"DIS_AV_CMS":0.006,"ORD_STRA":1,"ORD_FLOW":9},"geometry":{"type":"LineString","coordinates":[[36.1291666666657,27.539583333333105],[36.11874999999904,27.539583333333105],[36.114583333332405,27.5354166666664],[36.10624999999908,27.5354166666664],[36.102083333332416,27.539583333333105],[36.08541666666571,27.539583333333105],[36.081249999999045,27.543749999999754],[36.07708333333238,27.543749999999754],[36.068749999999056,27.552083333333123],[36.06458333333242,27.552083333333123]]}},{"type":"Feature","properties":{"HYRIV_ID":20827194,"NEXT_DOWN":20827195,"MAIN_RIV":20832810,"LENGTH_KM":6.4899998,"CATCH_SKM":33.310001,"DIS_AV_CMS":0.008,"ORD_STRA":1,"ORD_FLOW":9},"geometry":{"type":"LineString","coordinates":[[36.195833333332416,27.558333333333103],[36.206249999999045,27.547916666666417],[36.21041666666571,27.547916666666417],[36.21458333333237,27.543749999999754],[36.23124999999908,27.543749999999754],[36.239583333332405,27.5354166666664],[36.24374999999907,27.5354166666664],[36.24791666666573,27.539583333333105]]}},{"type":"Feature","properties":{"HYRIV_ID":20827195,"NEXT_DOWN":20827457,"MAIN_RIV":20832810,"LENGTH_KM":1.4400001,"CATCH_SKM":2.28,"DIS_AV_CMS":0.016,"ORD_STRA":2,"ORD_FLOW":8},"geometry":{"type":"LineString","coordinates":[[36.24791666666573,27.539583333333105],[36.252083333332365,27.539583333333105],[36.25624999999903,27.5354166666664],[36.26041666666569,27.5354166666664]]}},{"type":"Feature","properties":{"HYRIV_ID":20827196,"NEXT_DOWN":20827457,"MAIN_RIV":20832810,"LENGTH_KM":2.1700001,"CATCH_SKM":15.79,"DIS_AV_CMS":0.004,"ORD_STRA":1,"ORD_FLOW":9},"geometry":{"type":"LineString","coordinates":[[36.2541666666657,27.54999999999975],[36.264583333332354,27.539583333333105],[36.26041666666569,27.5354166666664]]}},{"type":"Feature","properties":{"HYRIV_ID":20827236,"NEXT_DOWN":20826979,"MAIN_RIV":20812307,"LENGTH_KM":2.47,"CATCH_SKM":5.14,"DIS_AV_CMS":0.002,"ORD_STRA":2,"ORD_FLOW":9},"geometry":{"type":"LineString","coordinates":[[36.9354166666657,27.53124999999978],[36.9354166666657,27.543749999999754],[36.93124999999904,27.547916666666417],[36.93124999999904,27.552083333333123]]}},{"type":"Feature","properties":{"HYRIV_ID":20827237,"NEXT_DOWN":20826809,"MAIN_RIV":20812307,"LENGTH_KM":4.33,"CATCH_SKM":12.18,"DIS_AV_CMS":0.028,"ORD_STRA":2,"ORD_FLOW":8},"geometry":{"type":"LineString","coordinates":[[37.122916666665674,27.53124999999978],[37.122916666665674,27.5354166666664],[37.11874999999901,27.539583333333105],[37.11874999999901,27.543749999999754],[37.122916666665674,27.547916666666417],[37.122916666665674,27.552083333333123],[37.11874999999901,27.55624999999977],[37.11874999999901,27.560416666666434],[37.122916666665674,27.564583333333097]]}},{"type":"Feature","properties":{"HYRIV_ID":20827284,"NEXT_DOWN":20827236,"MAIN_RIV":20812307,"LENGTH_KM":6.37,"CATCH_SKM":24.18,"DIS_AV_CMS":0.001,"ORD_STRA":1,"ORD_FLOW":9},"geometry":{"type":"LineString","coordinates":[[36.874999999999005,27.53124999999978],[36.89791666666571,27.53124999999978],[36.90208333333234,27.52708333333309],[36.93124999999904,27.52708333333309],[36.9354166666657,27.53124999999978]]}},{"type":"Feature","properties":{"HYRIV_ID":20827285,"NEXT_DOWN":20827085,"MAIN_RIV":20812307,"LENGTH_KM":9.0699997,"CATCH_SKM":47.970001,"DIS_AV_CMS":0.008,"ORD_STRA":1,"ORD_FLOW":9},"geometry":{"type":"LineString","coordinates":[[37.016666666665714,27.524999999999757],[37.031249999999034,27.539583333333105],[37.03541666666567,27.539583333333105],[37.04374999999908,27.53124999999978],[37.04374999999908,27.52708333333309],[37.04791666666574,27.52708333333309],[37.05624999999907,27.5354166666664],[37.0604166666657,27.53124999999978],[37.064583333332365,27.53124999999978],[37.06874999999903,27.5354166666664],[37.06874999999903,27.539583333333105],[37.07291666666569,27.543749999999754],[37.077083333332354,27.543749999999754]]}},{"type":"Feature","properties":{"HYRIV_ID":20827286,"NEXT_DOWN":20826702,"MAIN_RIV":20812307,"LENGTH_KM":6.9099998,"CATCH_SKM":14.85,"DIS_AV_CMS":0.433,"ORD_STRA":4,"ORD_FLOW":7},"geometry":{"type":"LineString","coordinates":[[37.639583333332325,27.52708333333309],[37.639583333332325,27.53124999999978],[37.63124999999903,27.539583333333105],[37.63541666666566,27.543749999999754],[37.627083333332365,27.552083333333123],[37.627083333332365,27.55624999999977],[37.61458333333238,27.568749999999746],[37.61041666666563,27.568749999999746],[37.606249999998965,27.57291666666641]]}},{"type":"Feature","properties":{"HYRIV_ID":20827287,"NEXT_DOWN":20827087,"MAIN_RIV":20822745,"LENGTH_KM":2.1700001,"CATCH_SKM":4.9499998,"DIS_AV_CMS":0.109,"ORD_STRA":3,"ORD_FLOW":7},"geometry":{"type":"LineString","coordinates":[[37.98958333333232,27.52708333333309],[37.99791666666562,27.5354166666664],[37.99791666666562,27.543749999999754]]}},{"type":"Feature","properties":{"HYRIV_ID":20827334,"NEXT_DOWN":20826749,"MAIN_RIV":20812307,"LENGTH_KM":8.9399996,"CATCH_SKM":28.360001,"DIS_AV_CMS":0.009,"ORD_STRA":1,"ORD_FLOW":9},"geometry":{"type":"LineString","coordinates":[[37.26458333333241,27.520833333333094],[37.26458333333241,27.52708333333309],[37.268749999999045,27.53124999999978],[37.268749999999045,27.5354166666664],[37.27708333333237,27.543749999999754],[37.281249999999034,27.543749999999754],[37.2854166666657,27.547916666666417],[37.2854166666657,27.552083333333123],[37.28958333333236,27.55624999999977],[37.28958333333236,27.564583333333097],[37.293749999998994,27.568749999999746],[37.29791666666566,27.568749999999746],[37.30624999999907,27.577083333333114],[37.31041666666573,27.57291666666641]]}},{"type":"Feature","properties":{"HYRIV_ID":20827335,"NEXT_DOWN":20827037,"MAIN_RIV":20812307,"LENGTH_KM":3.4,"CATCH_SKM":5.9,"DIS_AV_CMS":0.071,"ORD_STRA":2,"ORD_FLOW":8},"geometry":{"type":"LineString","coordinates":[[37.506249999999,27.522916666666426],[37.506249999999,27.52708333333309],[37.51041666666566,27.53124999999978],[37.4979166666657,27.543749999999754],[37.4979166666657,27.547916666666417]]}},{"type":"Feature","properties":{"HYRIV_ID":20827336,"NEXT_DOWN":20826542,"MAIN_RIV":20812307,"LENGTH_KM":9.25,"CATCH_SKM":53.490002,"DIS_AV_CMS":0.022,"ORD_STRA":1,"ORD_FLOW":8},"geometry":{"type":"LineString","coordinates":[[37.70208333333238,27.520833333333094],[37.70208333333238,27.53124999999978],[37.69791666666572,27.5354166666664],[37.693749999999056,27.5354166666664],[37.68958333333231,27.539583333333105],[37.693749999999056,27.543749999999754],[37.693749999999056,27.564583333333097],[37.685416666665645,27.57291666666641],[37.68124999999901,27.57291666666641],[37.66874999999902,27.585416666666426]]}},{"type":"Feature","properties":{"HYRIV_ID":20827391,"NEXT_DOWN":20827826,"MAIN_RIV":20832810,"LENGTH_KM":3.76,"CATCH_SKM":28.18,"DIS_AV_CMS":0.006,"ORD_STRA":1,"ORD_FLOW":9},"geometry":{"type":"LineString","coordinates":[[36.07083333333239,27.518749999999763],[36.06041666666576,27.518749999999763],[36.047916666665685,27.53124999999978],[36.047916666665685,27.5354166666664],[36.04374999999902,27.5354166666664]]}},{"type":"Feature","properties":{"HYRIV_ID":20827392,"NEXT_DOWN":20826936,"MAIN_RIV":20822745,"LENGTH_KM":6.0,"CATCH_SKM":22.27,"DIS_AV_CMS":0.009,"ORD_STRA":1,"ORD_FLOW":9},"geometry":{"type":"LineString","coordinates":[[37.922916666665685,27.51666666666643],[37.922916666665685,27.52708333333309],[37.910416666665725,27.539583333333105],[37.90624999999906,27.539583333333105],[37.90624999999906,27.543749999999754],[37.9020833333324,27.547916666666417],[37.89791666666565,27.547916666666417],[37.89374999999899,27.552083333333123],[37.89374999999899,27.55624999999977]]}},{"type":"Feature","properties":{"HYRIV_ID":20827457,"NEXT_DOWN":20827655,"MAIN_RIV":20832810,"LENGTH_KM":3.1,"CATCH_SKM":6.2800002,"DIS_AV_CMS":0.021,"ORD_STRA":2,"ORD_FLOW":8},"geometry":{"type":"LineString","coordinates":[[36.26041666666569,27.5354166666664],[36.28124999999906,27.514583333333114]]}},{"type":"Feature","properties":{"HYRIV_ID":20827458,"NEXT_DOWN":20827655,"MAIN_RIV":20832810,"LENGTH_KM":17.01,"CATCH_SKM":43.560001,"DIS_AV_CMS":0.035,"ORD_STRA":2,"ORD_FLOW":8},"geometry":{"type":"LineString","coordinates":[[36.264583333332354,27.647916666666426],[36.26041666666569,27.643749999999777],[36.264583333332354,27.63958333333307],[36.264583333332354,27.627083333333097],[36.277083333332314,27.61458333333308],[36.277083333332314,27.602083333333105],[36.28124999999906,27.597916666666443],[36.28124999999906,27.59374999999975],[36.285416666665725,27.58958333333309],[36.28124999999906,27.585416666666426],[36.285416666665725,27.581249999999763],[36.285416666665725,27.568749999999746],[36.28958333333239,27.564583333333097],[36.28124999999906,27.55624999999977],[36.28124999999906,27.543749999999754],[36.285416666665725,27.539583333333105],[36.285416666665725,27.522916666666426],[36.28124999999906,27.518749999999763],[36.28124999999906,27.514583333333114]]}},{"type":"Feature","properties":{"HYRIV_ID":20827459,"NEXT_DOWN":20828014,"MAIN_RIV":20832810,"LENGTH_KM":0.93,"CATCH_SKM":13.32,"DIS_AV_CMS":0.003,"ORD_STRA":1,"ORD_FLOW":9},"geometry":{"type":"LineString","coordinates":[[36.37499999999906,27.520833333333094],[36.38124999999903,27.514583333333114]]}},{"type":"Feature","properties":{"HYRIV_ID":20827460,"NEXT_DOWN":20828014,"MAIN_RIV":20832810,"LENGTH_KM":10.97,"CATCH_SKM":38.630001,"DIS_AV_CMS":0.01,"ORD_STRA":1,"ORD_FLOW":8},"geometry":{"type":"LineString","coordinates":[[36.46249999999904,27.568749999999746],[36.44791666666575,27.568749999999746],[36.435416666665674,27.55624999999977],[36.43124999999904,27.55624999999977],[36.42708333333238,27.552083333333123],[36.422916666665714,27.552083333333123],[36.41458333333239,27.543749999999754],[36.410416666665725,27.543749999999754],[36.410416666665725,27.539583333333105],[36.39791666666568,27.52708333333309],[36.39374999999902,27.52708333333309],[36.38124999999903,27.514583333333114]]}},{"type":"Feature","properties":{"HYRIV_ID":20827461,"NEXT_DOWN":20828014,"MAIN_RIV":20832810,"LENGTH_KM":4.6300001,"CATCH_SKM":20.18,"DIS_AV_CMS":0.005,"ORD_STRA":1,"ORD_FLOW":9},"geometry":{"type":"LineString","coordinates":[[36.42083333333238,27.52916666666642],[36.410416666665725,27.518749999999763],[36.406249999999005,27.518749999999763],[36.40208333333243,27.514583333333114],[36.38124999999903,27.514583333333114]]}},{"type":"Feature","properties":{"HYRIV_ID":20827462,"NEXT_DOWN":20827902,"MAIN_RIV":20832810,"LENGTH_KM":5.1500001,"CATCH_SKM":29.5,"DIS_AV_CMS":0.006,"ORD_STRA":1,"ORD_FLOW":9},"geometry":{"type":"LineString","coordinates":[[36.529166666665674,27.537499999999774],[36.52291666666568,27.53124999999978],[36.51874999999902,27.53124999999978],[36.514583333332354,27.5354166666664],[36.506249999999056,27.52708333333309],[36.50208333333239,27.52708333333309],[36.49791666666573,27.522916666666426],[36.49791666666573,27.514583333333114]]}},{"type":"Feature","properties":{"HYRIV_ID":20827463,"NEXT_DOWN":20827902,"MAIN_RIV":20832810,"LENGTH_KM":6.08,"CATCH_SKM":34.650002,"DIS_AV_CMS":0.013,"ORD_STRA":2,"ORD_FLOW":8},"geometry":{"type":"LineString","coordinates":[[36.53958333333239,27.543749999999754],[36.53958333333239,27.5354166666664],[36.52291666666568,27.518749999999763],[36.51874999999902,27.518749999999763],[36.514583333332354,27.514583333333114],[36.49791666666573,27.514583333333114]]}},{"type":"Feature","properties":{"HYRIV_ID":20827464,"NEXT_DOWN":20827236,"MAIN_RIV":20812307,"LENGTH_KM":2.78,"CATCH_SKM":22.280001,"DIS_AV_CMS":0.001,"ORD_STRA":1,"ORD_FLOW":9},"geometry":{"type":"LineString","coordinates":[[36.94999999999902,27.514583333333114],[36.94374999999903,27.514583333333114],[36.939583333332365,27.518749999999763],[36.939583333332365,27.522916666666426],[36.9354166666657,27.52708333333309],[36.9354166666657,27.53124999999978]]}},{"type":"Feature","properties":{"HYRIV_ID":20827465,"NEXT_DOWN":20827237,"MAIN_RIV":20812307,"LENGTH_KM":2.8900001,"CATCH_SKM":15.8,"DIS_AV_CMS":0.005,"ORD_STRA":1,"ORD_FLOW":9},"geometry":{"type":"LineString","coordinates":[[37.10833333333238,27.512499999999783],[37.11458333333235,27.518749999999763],[37.11874999999901,27.518749999999763],[37.122916666665674,27.522916666666426],[37.122916666665674,27.53124999999978]]}},{"type":"Feature","properties":{"HYRIV_ID":20827534,"NEXT_DOWN":20828185,"MAIN_RIV":20834582,"LENGTH_KM":2.96,"CATCH_SKM":24.940001,"DIS_AV_CMS":0.004,"ORD_STRA":1,"ORD_FLOW":9},"geometry":{"type":"LineString","coordinates":[[36.7145833333324,27.52916666666642],[36.7145833333324,27.522916666666426],[36.70624999999907,27.514583333333114],[36.70208333333241,27.514583333333114],[36.69791666666566,27.51041666666641]]}},{"type":"Feature","properties":{"HYRIV_ID":20827535,"NEXT_DOWN":20827039,"MAIN_RIV":20822745,"LENGTH_KM":5.73,"CATCH_SKM":18.280001,"DIS_AV_CMS":0.008,"ORD_STRA":1,"ORD_FLOW":9},"geometry":{"type":"LineString","coordinates":[[37.88333333333236,27.508333333333077],[37.89374999999899,27.518749999999763],[37.88541666666569,27.52708333333309],[37.889583333332354,27.53124999999978],[37.88541666666569,27.5354166666664],[37.88541666666569,27.539583333333105],[37.877083333332365,27.547916666666417]]}},{"type":"Feature","properties":{"HYRIV_ID":20827604,"NEXT_DOWN":20826414,"MAIN_RIV":20812307,"LENGTH_KM":13.87,"CATCH_SKM":47.400002,"DIS_AV_CMS":0.014,"ORD_STRA":1,"ORD_FLOW":8},"geometry":{"type":"LineString","coordinates":[[37.19999999999902,27.504166666666414],[37.19374999999903,27.51041666666641],[37.20624999999902,27.522916666666426],[37.21041666666568,27.522916666666426],[37.21458333333234,27.52708333333309],[37.222916666665725,27.52708333333309],[37.23124999999905,27.5354166666664],[37.235416666665714,27.5354166666664],[37.247916666665674,27.547916666666417],[37.247916666665674,27.552083333333123],[37.26041666666575,27.564583333333097],[37.26041666666575,27.577083333333114],[37.256249999999,27.581249999999763],[37.256249999999,27.59374999999975]]}},{"type":"Feature","properties":{"HYRIV_ID":20827654,"NEXT_DOWN":20827962,"MAIN_RIV":20832810,"LENGTH_KM":0.62,"CATCH_SKM":11.23,"DIS_AV_CMS":0.003,"ORD_STRA":1,"ORD_FLOW":9},"geometry":{"type":"LineString","coordinates":[[36.27499999999901,27.502083333333097],[36.28124999999906,27.502083333333097]]}},{"type":"Feature","properties":{"HYRIV_ID":20827655,"NEXT_DOWN":20827962,"MAIN_RIV":20832810,"LENGTH_KM":1.39,"CATCH_SKM":2.29,"DIS_AV_CMS":0.057,"ORD_STRA":3,"ORD_FLOW":8},"geometry":{"type":"LineString","coordinates":[[36.28124999999906,27.514583333333114],[36.28124999999906,27.502083333333097]]}},{"type":"Feature","properties":{"HYRIV_ID":20827656,"NEXT_DOWN":20825639,"MAIN_RIV":20812307,"LENGTH_KM":20.610001,"CATCH_SKM":73.839996,"DIS_AV_CMS":0.023,"ORD_STRA":1,"ORD_FLOW":8},"geometry":{"type":"LineString","coordinates":[[37.37083333333234,27.499999999999766],[37.38541666666566,27.514583333333114],[37.38541666666566,27.522916666666426],[37.381249999999,27.52708333333309],[37.381249999999,27.53124999999978],[37.39374999999907,27.543749999999754],[37.39374999999907,27.547916666666417],[37.39791666666571,27.552083333333123],[37.39374999999907,27.55624999999977],[37.39374999999907,27.560416666666434],[37.39791666666571,27.564583333333097],[37.39374999999907,27.568749999999746],[37.39374999999907,27.577083333333114],[37.39791666666571,27.581249999999763],[37.39374999999907,27.585416666666426],[37.39374999999907,27.61458333333308],[37.39791666666571,27.618749999999743],[37.40208333333237,27.618749999999743],[37.40208333333237,27.63541666666641],[37.41874999999902,27.65208333333309],[37.422916666665685,27.65208333333309]]}},{"type":"Feature","properties":{"HYRIV_ID":20827657,"NEXT_DOWN":20827714,"MAIN_RIV":20812307,"LENGTH_KM":0.62,"CATCH_SKM":12.18,"DIS_AV_CMS":0.005,"ORD_STRA":1,"ORD_FLOW":9},"geometry":{"type":"LineString","coordinates":[[37.558333333332314,27.502083333333097],[37.56458333333239,27.502083333333097]]}},{"type":"Feature","properties":{"HYRIV_ID":20827658,"NEXT_DOWN":20827659,"MAIN_RIV":20822745,"LENGTH_KM":3.76,"CATCH_SKM":8.5699997,"DIS_AV_CMS":0.038,"ORD_STRA":2,"ORD_FLOW":8},"geometry":{"type":"LineString","coordinates":[[37.82708333333238,27.506249999999746],[37.831249999999045,27.51041666666641],[37.85208333333233,27.51041666666641],[37.856249999998994,27.506249999999746],[37.856249999998994,27.502083333333097]]}},{"type":"Feature","properties":{"HYRIV_ID":20827659,"NEXT_DOWN":20827039,"MAIN_RIV":20822745,"LENGTH_KM":6.1900001,"CATCH_SKM":12.37,"DIS_AV_CMS":0.193,"ORD_STRA":3,"ORD_FLOW":7},"geometry":{"type":"LineString","coordinates":[[37.856249999998994,27.502083333333097],[37.86041666666566,27.506249999999746],[37.86041666666566,27.51041666666641],[37.8729166666657,27.522916666666426],[37.8729166666657,27.52708333333309],[37.86874999999904,27.53124999999978],[37.8729166666657,27.5354166666664],[37.8729166666657,27.543749999999754],[37.877083333332365,27.547916666666417]]}},{"type":"Feature","properties":{"HYRIV_ID":20827660,"NEXT_DOWN":20827287,"MAIN_RIV":20822745,"LENGTH_KM":3.25,"CATCH_SKM":5.52,"DIS_AV_CMS":0.091,"ORD_STRA":3,"ORD_FLOW":8},"geometry":{"type":"LineString","coordinates":[[38.002083333332365,27.502083333333097],[38.002083333332365,27.506249999999746],[37.99791666666562,27.51041666666641],[37.99791666666562,27.514583333333114],[37.99374999999898,27.518749999999763],[37.99374999999898,27.522916666666426],[37.98958333333232,27.52708333333309]]}},{"type":"Feature","properties":{"HYRIV_ID":20827713,"NEXT_DOWN":20828185,"MAIN_RIV":20834582,"LENGTH_KM":2.1900001,"CATCH_SKM":15.42,"DIS_AV_CMS":0.003,"ORD_STRA":1,"ORD_FLOW":9},"geometry":{"type":"LineString","coordinates":[[36.70624999999907,27.495833333333103],[36.70624999999907,27.502083333333097],[36.70208333333241,27.506249999999746],[36.70208333333241,27.51041666666641],[36.69791666666566,27.51041666666641]]}},{"type":"Feature","properties":{"HYRIV_ID":20827714,"NEXT_DOWN":20827715,"MAIN_RIV":20812307,"LENGTH_KM":0.62,"CATCH_SKM":0.57,"DIS_AV_CMS":0.021,"ORD_STRA":2,"ORD_FLOW":8},"geometry":{"type":"LineString","coordinates":[[37.56458333333239,27.502083333333097],[37.568749999999056,27.497916666666434]]}},{"type":"Feature","properties":{"HYRIV_ID":20827715,"NEXT_DOWN":20827286,"MAIN_RIV":20812307,"LENGTH_KM":8.4399996,"CATCH_SKM":19.610001,"DIS_AV_CMS":0.048,"ORD_STRA":3,"ORD_FLOW":8},"geometry":{"type":"LineString","coordinates":[[37.568749999999056,27.497916666666434],[37.57291666666572,27.497916666666434],[37.57708333333238,27.502083333333097],[37.58541666666568,27.502083333333097],[37.58958333333234,27.506249999999746],[37.606249999998965,27.506249999999746],[37.6229166666657,27.522916666666426],[37.63124999999903,27.522916666666426],[37.63541666666566,27.52708333333309],[37.639583333332325,27.52708333333309]]}},{"type":"Feature","properties":{"HYRIV_ID":20827765,"NEXT_DOWN":20827714,"MAIN_RIV":20812307,"LENGTH_KM":1.24,"CATCH_SKM":0.95,"DIS_AV_CMS":0.016,"ORD_STRA":2,"ORD_FLOW":8},"geometry":{"type":"LineString","coordinates":[[37.55624999999898,27.49374999999977],[37.56458333333239,27.502083333333097]]}},{"type":"Feature","properties":{"HYRIV_ID":20827766,"NEXT_DOWN":20827286,"MAIN_RIV":20812307,"LENGTH_KM":4.4899998,"CATCH_SKM":14.47,"DIS_AV_CMS":0.39,"ORD_STRA":3,"ORD_FLOW":7},"geometry":{"type":"LineString","coordinates":[[37.6604166666657,27.49374999999977],[37.64374999999907,27.51041666666641],[37.64374999999907,27.514583333333114],[37.639583333332325,27.518749999999763],[37.639583333332325,27.52708333333309]]}},{"type":"Feature","properties":{"HYRIV_ID":20827826,"NEXT_DOWN":20827960,"MAIN_RIV":20832810,"LENGTH_KM":11.28,"CATCH_SKM":41.310001,"DIS_AV_CMS":0.085,"ORD_STRA":2,"ORD_FLOW":8},"geometry":{"type":"LineString","coordinates":[[36.04374999999902,27.5354166666664],[36.035416666665725,27.52708333333309],[36.022916666665736,27.52708333333309],[36.01874999999899,27.53124999999978],[36.00624999999903,27.53124999999978],[36.002083333332365,27.52708333333309],[36.002083333332365,27.522916666666426],[36.00624999999903,27.522916666666426],[36.01041666666569,27.518749999999763],[36.00624999999903,27.514583333333114],[36.002083333332365,27.514583333333114],[35.9979166666657,27.51041666666641],[35.9979166666657,27.506249999999746],[36.002083333332365,27.502083333333097],[36.00624999999903,27.502083333333097],[36.014583333332354,27.49374999999977],[36.014583333332354,27.48958333333308]]}},{"type":"Feature","properties":{"HYRIV_ID":20827827,"NEXT_DOWN":20828706,"MAIN_RIV":20834582,"LENGTH_KM":6.6500001,"CATCH_SKM":27.41,"DIS_AV_CMS":0.01,"ORD_STRA":2,"ORD_FLOW":8},"geometry":{"type":"LineString","coordinates":[[36.631249999999056,27.543749999999754],[36.62291666666573,27.5354166666664],[36.62291666666573,27.52708333333309],[36.61874999999898,27.522916666666426],[36.61874999999898,27.51041666666641],[36.61458333333235,27.506249999999746],[36.61458333333235,27.48958333333308]]}},{"type":"Feature","properties":{"HYRIV_ID":20827828,"NEXT_DOWN":20827829,"MAIN_RIV":20812307,"LENGTH_KM":4.12,"CATCH_SKM":16.76,"DIS_AV_CMS":0.006,"ORD_STRA":1,"ORD_FLOW":9},"geometry":{"type":"LineString","coordinates":[[37.24166666666568,27.48958333333308],[37.26041666666575,27.48958333333308],[37.268749999999045,27.497916666666434],[37.27291666666571,27.49374999999977],[37.27708333333237,27.49374999999977]]}},{"type":"Feature","properties":{"HYRIV_ID":20827829,"NEXT_DOWN":20827964,"MAIN_RIV":20812307,"LENGTH_KM":1.86,"CATCH_SKM":3.24,"DIS_AV_CMS":0.14300001,"ORD_STRA":3,"ORD_FLOW":7},"geometry":{"type":"LineString","coordinates":[[37.27708333333237,27.49374999999977],[37.281249999999034,27.48958333333308],[37.2854166666657,27.49374999999977],[37.28958333333236,27.48958333333308]]}},{"type":"Feature","properties":{"HYRIV_ID":20827902,"NEXT_DOWN":20828067,"MAIN_RIV":20832810,"LENGTH_KM":6.64,"CATCH_SKM":29.32,"DIS_AV_CMS":0.025,"ORD_STRA":2,"ORD_FLOW":8},"geometry":{"type":"LineString","coordinates":[[36.49791666666573,27.514583333333114],[36.49374999999907,27.51041666666641],[36.47708333333236,27.51041666666641],[36.4729166666657,27.506249999999746],[36.4729166666657,27.502083333333097],[36.468749999999034,27.497916666666434],[36.4729166666657,27.49374999999977],[36.468749999999034,27.48958333333308],[36.46458333333237,27.48958333333308],[36.46041666666571,27.48541666666646],[36.45624999999907,27.48541666666646]]}},{"type":"Feature","properties":{"HYRIV_ID":20827903,"NEXT_DOWN":20828706,"MAIN_RIV":20834582,"LENGTH_KM":0.93,"CATCH_SKM":12.0,"DIS_AV_CMS":0.003,"ORD_STRA":1,"ORD_FLOW":9},"geometry":{"type":"LineString","coordinates":[[36.620833333332314,27.483333333333086],[36.61458333333235,27.48958333333308]]}},{"type":"Feature","properties":{"HYRIV_ID":20827904,"NEXT_DOWN":20826750,"MAIN_RIV":20812307,"LENGTH_KM":11.39,"CATCH_SKM":46.639999,"DIS_AV_CMS":0.18700001,"ORD_STRA":3,"ORD_FLOW":7},"geometry":{"type":"LineString","coordinates":[[37.30624999999907,27.48541666666646],[37.31041666666573,27.48958333333308],[37.31041666666573,27.49374999999977],[37.31458333333239,27.497916666666434],[37.31874999999903,27.497916666666434],[37.32291666666569,27.502083333333097],[37.32291666666569,27.514583333333114],[37.327083333332354,27.518749999999763],[37.327083333332354,27.522916666666426],[37.33124999999902,27.52708333333309],[37.327083333332354,27.53124999999978],[37.33958333333234,27.543749999999754],[37.33958333333234,27.547916666666417],[37.34791666666564,27.55624999999977],[37.34791666666564,27.568749999999746]]}},{"type":"Feature","properties":{"HYRIV_ID":20827905,"NEXT_DOWN":20827765,"MAIN_RIV":20812307,"LENGTH_KM":1.16,"CATCH_SKM":11.24,"DIS_AV_CMS":0.005,"ORD_STRA":1,"ORD_FLOW":9},"geometry":{"type":"LineString","coordinates":[[37.55624999999898,27.483333333333086],[37.55624999999898,27.49374999999977]]}},{"type":"Feature","properties":{"HYRIV_ID":20827906,"NEXT_DOWN":20827766,"MAIN_RIV":20812307,"LENGTH_KM":2.32,"CATCH_SKM":5.52,"DIS_AV_CMS":0.066,"ORD_STRA":2,"ORD_FLOW":8},"geometry":{"type":"LineString","coordinates":[[37.64374999999907,27.48541666666646],[37.65624999999906,27.48541666666646],[37.6604166666657,27.48958333333308],[37.6604166666657,27.49374999999977]]}},{"type":"Feature","properties":{"HYRIV_ID":20827907,"NEXT_DOWN":20827658,"MAIN_RIV":20822745,"LENGTH_KM":9.58,"CATCH_SKM":45.130001,"DIS_AV_CMS":0.02,"ORD_STRA":1,"ORD_FLOW":8},"geometry":{"type":"LineString","coordinates":[[37.74583333333237,27.483333333333086],[37.75624999999903,27.49374999999977],[37.764583333332325,27.49374999999977],[37.76874999999899,27.497916666666434],[37.7770833333324,27.497916666666434],[37.78124999999906,27.502083333333097],[37.797916666665685,27.502083333333097],[37.80208333333235,27.506249999999746],[37.810416666665674,27.506249999999746],[37.81458333333234,27.51041666666641],[37.82291666666572,27.51041666666641],[37.82708333333238,27.506249999999746]]}},{"type":"Feature","properties":{"HYRIV_ID":20827958,"NEXT_DOWN":20828118,"MAIN_RIV":20832810,"LENGTH_KM":2.6700001,"CATCH_SKM":17.52,"DIS_AV_CMS":0.003,"ORD_STRA":1,"ORD_FLOW":9},"geometry":{"type":"LineString","coordinates":[[35.97916666666575,27.481249999999754],[36.00624999999903,27.481249999999754]]}},{"type":"Feature","properties":{"HYRIV_ID":20827959,"NEXT_DOWN":20828118,"MAIN_RIV":20832810,"LENGTH_KM":10.88,"CATCH_SKM":42.259998,"DIS_AV_CMS":0.198,"ORD_STRA":3,"ORD_FLOW":7},"geometry":{"type":"LineString","coordinates":[[35.96041666666571,27.55624999999977],[35.96041666666571,27.547916666666417],[35.968749999999005,27.539583333333105],[35.968749999999005,27.5354166666664],[35.96458333333234,27.53124999999978],[35.96458333333234,27.52708333333309],[35.98124999999908,27.51041666666641],[35.98124999999908,27.506249999999746],[35.98541666666574,27.502083333333097],[35.98541666666574,27.497916666666434],[35.98958333333238,27.49374999999977],[35.9979166666657,27.49374999999977],[36.002083333332365,27.48958333333308],[36.002083333332365,27.48541666666646],[36.00624999999903,27.481249999999754]]}},{"type":"Feature","properties":{"HYRIV_ID":20827960,"NEXT_DOWN":20828118,"MAIN_RIV":20832810,"LENGTH_KM":1.24,"CATCH_SKM":0.95,"DIS_AV_CMS":0.09,"ORD_STRA":2,"ORD_FLOW":8},"geometry":{"type":"LineString","coordinates":[[36.014583333332354,27.48958333333308],[36.00624999999903,27.481249999999754]]}},{"type":"Feature","properties":{"HYRIV_ID":20827961,"NEXT_DOWN":20827960,"MAIN_RIV":20832810,"LENGTH_KM":3.5,"CATCH_SKM":19.610001,"DIS_AV_CMS":0.004,"ORD_STRA":1,"ORD_FLOW":9},"geometry":{"type":"LineString","coordinates":[[36.045833333332354,27.481249999999754],[36.0270833333324,27.481249999999754],[36.022916666665736,27.48541666666646],[36.01874999999899,27.48541666666646],[36.014583333332354,27.48958333333308]]}},{"type":"Feature","properties":{"HYRIV_ID":20827962,"NEXT_DOWN":20828421,"MAIN_RIV":20832810,"LENGTH_KM":2.79,"CATCH_SKM":3.62,"DIS_AV_CMS":0.06,"ORD_STRA":3,"ORD_FLOW":8},"geometry":{"type":"LineString","coordinates":[[36.28124999999906,27.502083333333097],[36.285416666665725,27.497916666666434],[36.285416666665725,27.49374999999977],[36.28958333333239,27.48958333333308],[36.28958333333239,27.48541666666646],[36.29374999999905,27.481249999999754]]}},{"type":"Feature","properties":{"HYRIV_ID":20827963,"NEXT_DOWN":20828421,"MAIN_RIV":20832810,"LENGTH_KM":9.7399998,"CATCH_SKM":23.6,"DIS_AV_CMS":0.079,"ORD_STRA":3,"ORD_FLOW":8},"geometry":{"type":"LineString","coordinates":[[36.31041666666576,27.560416666666434],[36.31041666666576,27.55624999999977],[36.30624999999901,27.552083333333123],[36.31041666666576,27.547916666666417],[36.31041666666576,27.51041666666641],[36.30208333333235,27.502083333333097],[36.30208333333235,27.49374999999977],[36.297916666665714,27.48958333333308],[36.297916666665714,27.48541666666646],[36.29374999999905,27.481249999999754]]}},{"type":"Feature","properties":{"HYRIV_ID":20827964,"NEXT_DOWN":20827904,"MAIN_RIV":20812307,"LENGTH_KM":2.27,"CATCH_SKM":6.6700001,"DIS_AV_CMS":0.15800001,"ORD_STRA":3,"ORD_FLOW":7},"geometry":{"type":"LineString","coordinates":[[37.28958333333236,27.48958333333308],[37.293749999998994,27.48541666666646],[37.29791666666566,27.48541666666646],[37.302083333332405,27.481249999999754],[37.30624999999907,27.48541666666646]]}},{"type":"Feature","properties":{"HYRIV_ID":20828014,"NEXT_DOWN":20828119,"MAIN_RIV":20832810,"LENGTH_KM":4.9499998,"CATCH_SKM":11.42,"DIS_AV_CMS":0.021,"ORD_STRA":2,"ORD_FLOW":8},"geometry":{"type":"LineString","coordinates":[[36.38124999999903,27.514583333333114],[36.37291666666573,27.506249999999746],[36.37291666666573,27.49374999999977],[36.37708333333239,27.48958333333308],[36.37708333333239,27.48541666666646],[36.37291666666573,27.481249999999754],[36.37708333333239,27.47708333333309]]}},{"type":"Feature","properties":{"HYRIV_ID":20828015,"NEXT_DOWN":20828457,"MAIN_RIV":20848032,"LENGTH_KM":2.1700001,"CATCH_SKM":26.85,"DIS_AV_CMS":0.002,"ORD_STRA":1,"ORD_FLOW":9},"geometry":{"type":"LineString","coordinates":[[36.90833333333234,27.49166666666644],[36.91874999999908,27.481249999999754],[36.91458333333233,27.47708333333309]]}},{"type":"Feature","properties":{"HYRIV_ID":20828066,"NEXT_DOWN":20828883,"MAIN_RIV":20832810,"LENGTH_KM":11.54,"CATCH_SKM":28.74,"DIS_AV_CMS":0.068,"ORD_STRA":3,"ORD_FLOW":8},"geometry":{"type":"LineString","coordinates":[[36.356249999998994,27.560416666666434],[36.35208333333236,27.55624999999977],[36.3479166666657,27.55624999999977],[36.343749999999034,27.552083333333123],[36.343749999999034,27.547916666666417],[36.33958333333237,27.543749999999754],[36.33958333333237,27.539583333333105],[36.33541666666571,27.5354166666664],[36.33541666666571,27.53124999999978],[36.331249999999045,27.52708333333309],[36.331249999999045,27.522916666666426],[36.32708333333241,27.518749999999763],[36.32708333333241,27.497916666666434],[36.33541666666571,27.48958333333308],[36.33541666666571,27.47708333333309],[36.331249999999045,27.472916666666443]]}},{"type":"Feature","properties":{"HYRIV_ID":20828067,"NEXT_DOWN":20828119,"MAIN_RIV":20832810,"LENGTH_KM":9.8900003,"CATCH_SKM":49.130001,"DIS_AV_CMS":0.045,"ORD_STRA":2,"ORD_FLOW":8},"geometry":{"type":"LineString","coordinates":[[36.45624999999907,27.48541666666646],[36.45208333333241,27.48958333333308],[36.44791666666575,27.48541666666646],[36.443749999999085,27.48541666666646],[36.43124999999904,27.472916666666443],[36.42708333333238,27.47708333333309],[36.422916666665714,27.47708333333309],[36.41874999999905,27.481249999999754],[36.410416666665725,27.481249999999754],[36.406249999999005,27.47708333333309],[36.39374999999902,27.47708333333309],[36.389583333332354,27.481249999999754],[36.38541666666569,27.47708333333309],[36.37708333333239,27.47708333333309]]}},{"type":"Feature","properties":{"HYRIV_ID":20828068,"NEXT_DOWN":20828457,"MAIN_RIV":20848032,"LENGTH_KM":15.77,"CATCH_SKM":57.119999,"DIS_AV_CMS":0.007,"ORD_STRA":1,"ORD_FLOW":9},"geometry":{"type":"LineString","coordinates":[[36.79583333333241,27.514583333333114],[36.80624999999904,27.514583333333114],[36.8104166666657,27.51041666666641],[36.814583333332365,27.51041666666641],[36.81874999999903,27.506249999999746],[36.827083333332325,27.506249999999746],[36.83124999999907,27.502083333333097],[36.83124999999907,27.497916666666434],[36.835416666665736,27.49374999999977],[36.84374999999906,27.49374999999977],[36.85208333333236,27.502083333333097],[36.86458333333235,27.48958333333308],[36.872916666665674,27.48958333333308],[36.87708333333231,27.48541666666646],[36.88124999999897,27.48958333333308],[36.88958333333238,27.481249999999754],[36.893749999999045,27.481249999999754],[36.89791666666571,27.47708333333309],[36.89791666666571,27.472916666666443],[36.906249999999005,27.472916666666443],[36.91041666666567,27.47708333333309],[36.91458333333233,27.47708333333309]]}},{"type":"Feature","properties":{"HYRIV_ID":20828069,"NEXT_DOWN":20828364,"MAIN_RIV":20812307,"LENGTH_KM":4.12,"CATCH_SKM":22.66,"DIS_AV_CMS":0.008,"ORD_STRA":1,"ORD_FLOW":9},"geometry":{"type":"LineString","coordinates":[[37.17083333333241,27.48541666666646],[37.18124999999907,27.48541666666646],[37.18541666666573,27.481249999999754],[37.19374999999903,27.481249999999754],[37.202083333332354,27.472916666666443],[37.20624999999902,27.472916666666443]]}},{"type":"Feature","properties":{"HYRIV_ID":20828070,"NEXT_DOWN":20827287,"MAIN_RIV":20822745,"LENGTH_KM":10.23,"CATCH_SKM":48.939999,"DIS_AV_CMS":0.018,"ORD_STRA":1,"ORD_FLOW":8},"geometry":{"type":"LineString","coordinates":[[37.943749999999,27.47083333333311],[37.943749999999,27.481249999999754],[37.93958333333234,27.48541666666646],[37.93958333333234,27.48958333333308],[37.943749999999,27.49374999999977],[37.95208333333238,27.49374999999977],[37.956249999999045,27.48958333333308],[37.96041666666571,27.49374999999977],[37.96041666666571,27.497916666666434],[37.96458333333237,27.502083333333097],[37.96458333333237,27.506249999999746],[37.968749999999034,27.51041666666641],[37.97291666666567,27.51041666666641],[37.97708333333233,27.514583333333114],[37.97708333333233,27.518749999999763],[37.98541666666566,27.52708333333309],[37.98958333333232,27.52708333333309]]}},{"type":"Feature","properties":{"HYRIV_ID":20828118,"NEXT_DOWN":20829006,"MAIN_RIV":20832810,"LENGTH_KM":2.11,"CATCH_SKM":5.14,"DIS_AV_CMS":0.292,"ORD_STRA":3,"ORD_FLOW":7},"geometry":{"type":"LineString","coordinates":[[36.00624999999903,27.481249999999754],[36.01041666666569,27.47708333333309],[36.01041666666569,27.472916666666443],[36.014583333332354,27.46874999999978],[36.01874999999899,27.46874999999978]]}},{"type":"Feature","properties":{"HYRIV_ID":20828119,"NEXT_DOWN":20828883,"MAIN_RIV":20832810,"LENGTH_KM":5.1500001,"CATCH_SKM":20.76,"DIS_AV_CMS":0.071,"ORD_STRA":3,"ORD_FLOW":8},"geometry":{"type":"LineString","coordinates":[[36.37708333333239,27.47708333333309],[36.37291666666573,27.472916666666443],[36.36041666666574,27.472916666666443],[36.356249999998994,27.46874999999978],[36.35208333333236,27.472916666666443],[36.331249999999045,27.472916666666443]]}},{"type":"Feature","properties":{"HYRIV_ID":20828120,"NEXT_DOWN":20827659,"MAIN_RIV":20822745,"LENGTH_KM":5.7800002,"CATCH_SKM":19.610001,"DIS_AV_CMS":0.153,"ORD_STRA":3,"ORD_FLOW":7},"geometry":{"type":"LineString","coordinates":[[37.8729166666657,27.46874999999978],[37.86041666666566,27.481249999999754],[37.856249999998994,27.481249999999754],[37.84791666666567,27.48958333333308],[37.85208333333233,27.49374999999977],[37.856249999998994,27.49374999999977],[37.86041666666566,27.497916666666434],[37.856249999998994,27.502083333333097]]}},{"type":"Feature","properties":{"HYRIV_ID":20828184,"NEXT_DOWN":20828067,"MAIN_RIV":20832810,"LENGTH_KM":6.64,"CATCH_SKM":35.049999,"DIS_AV_CMS":0.008,"ORD_STRA":1,"ORD_FLOW":9},"geometry":{"type":"LineString","coordinates":[[36.50833333333239,27.46874999999978],[36.48541666666566,27.46874999999978],[36.48124999999902,27.464583333333074],[36.47708333333236,27.464583333333074],[36.4729166666657,27.46874999999978],[36.468749999999034,27.46874999999978],[36.45624999999907,27.481249999999754],[36.45624999999907,27.48541666666646]]}},{"type":"Feature","properties":{"HYRIV_ID":20828185,"NEXT_DOWN":20828244,"MAIN_RIV":20834582,"LENGTH_KM":7.3600001,"CATCH_SKM":17.52,"DIS_AV_CMS":0.01,"ORD_STRA":2,"ORD_FLOW":8},"geometry":{"type":"LineString","coordinates":[[36.69791666666566,27.51041666666641],[36.693749999999,27.506249999999746],[36.67708333333238,27.506249999999746],[36.672916666665714,27.502083333333097],[36.672916666665714,27.497916666666434],[36.66874999999905,27.49374999999977],[36.66874999999905,27.48958333333308],[36.672916666665714,27.48541666666646],[36.672916666665714,27.464583333333074]]}},{"type":"Feature","properties":{"HYRIV_ID":20828186,"NEXT_DOWN":20828244,"MAIN_RIV":20834582,"LENGTH_KM":7.21,"CATCH_SKM":34.66,"DIS_AV_CMS":0.009,"ORD_STRA":1,"ORD_FLOW":9},"geometry":{"type":"LineString","coordinates":[[36.72499999999903,27.47083333333311],[36.718749999999034,27.464583333333074],[36.7145833333324,27.46874999999978],[36.7145833333324,27.472916666666443],[36.710416666665736,27.47708333333309],[36.6854166666657,27.47708333333309],[36.6854166666657,27.472916666666443],[36.67708333333238,27.464583333333074],[36.672916666665714,27.464583333333074]]}},{"type":"Feature","properties":{"HYRIV_ID":20828187,"NEXT_DOWN":20827765,"MAIN_RIV":20812307,"LENGTH_KM":8.04,"CATCH_SKM":26.469999,"DIS_AV_CMS":0.011,"ORD_STRA":1,"ORD_FLOW":8},"geometry":{"type":"LineString","coordinates":[[37.499999999999034,27.4624999999998],[37.506249999999,27.46874999999978],[37.51041666666566,27.46874999999978],[37.51041666666566,27.47708333333309],[37.51458333333241,27.481249999999754],[37.51874999999899,27.481249999999754],[37.5354166666657,27.497916666666434],[37.547916666665685,27.497916666666434],[37.55208333333235,27.49374999999977],[37.55624999999898,27.49374999999977]]}},{"type":"Feature","properties":{"HYRIV_ID":20828241,"NEXT_DOWN":20829006,"MAIN_RIV":20832810,"LENGTH_KM":1.7,"CATCH_SKM":13.91,"DIS_AV_CMS":0.003,"ORD_STRA":1,"ORD_FLOW":9},"geometry":{"type":"LineString","coordinates":[[36.00833333333236,27.460416666666468],[36.014583333332354,27.460416666666468],[36.01874999999899,27.464583333333074],[36.01874999999899,27.46874999999978]]}},{"type":"Feature","properties":{"HYRIV_ID":20828242,"NEXT_DOWN":20828359,"MAIN_RIV":20832810,"LENGTH_KM":5.9200001,"CATCH_SKM":41.709999,"DIS_AV_CMS":0.009,"ORD_STRA":1,"ORD_FLOW":9},"geometry":{"type":"LineString","coordinates":[[36.11249999999907,27.48749999999979],[36.11874999999904,27.481249999999754],[36.11874999999904,27.47708333333309],[36.13124999999903,27.464583333333074],[36.13541666666569,27.464583333333074],[36.139583333332354,27.460416666666468],[36.15624999999906,27.460416666666468]]}},{"type":"Feature","properties":{"HYRIV_ID":20828243,"NEXT_DOWN":20828359,"MAIN_RIV":20832810,"LENGTH_KM":4.25,"CATCH_SKM":31.41,"DIS_AV_CMS":0.007,"ORD_STRA":1,"ORD_FLOW":9},"geometry":{"type":"LineString","coordinates":[[36.16458333333239,27.495833333333103],[36.16458333333239,27.472916666666443],[36.160416666665725,27.46874999999978],[36.160416666665725,27.464583333333074],[36.15624999999906,27.460416666666468]]}},{"type":"Feature","properties":{"HYRIV_ID":20828244,"NEXT_DOWN":20828643,"MAIN_RIV":20834582,"LENGTH_KM":0.46,"CATCH_SKM":1.52,"DIS_AV_CMS":0.02,"ORD_STRA":2,"ORD_FLOW":8},"geometry":{"type":"LineString","coordinates":[[36.672916666665714,27.464583333333074],[36.672916666665714,27.460416666666468]]}},{"type":"Feature","properties":{"HYRIV_ID":20828245,"NEXT_DOWN":20827085,"MAIN_RIV":20812307,"LENGTH_KM":13.91,"CATCH_SKM":53.700001,"DIS_AV_CMS":0.013,"ORD_STRA":1,"ORD_FLOW":8},"geometry":{"type":"LineString","coordinates":[[37.016666666665714,27.460416666666468],[37.02708333333237,27.460416666666468],[37.03541666666567,27.46874999999978],[37.03541666666567,27.472916666666443],[37.04374999999908,27.481249999999754],[37.04791666666574,27.481249999999754],[37.052083333332405,27.48541666666646],[37.05624999999907,27.48541666666646],[37.0604166666657,27.48958333333308],[37.064583333332365,27.48541666666646],[37.07291666666569,27.49374999999977],[37.07291666666569,27.497916666666434],[37.077083333332354,27.502083333333097],[37.077083333332354,27.52708333333309],[37.08124999999902,27.53124999999978],[37.08124999999902,27.5354166666664],[37.077083333332354,27.539583333333105],[37.077083333332354,27.543749999999754]]}},{"type":"Feature","properties":{"HYRIV_ID":20828246,"NEXT_DOWN":20827036,"MAIN_RIV":20812307,"LENGTH_KM":16.700001,"CATCH_SKM":54.080002,"DIS_AV_CMS":0.02,"ORD_STRA":1,"ORD_FLOW":8},"geometry":{"type":"LineString","coordinates":[[37.387499999998994,27.458333333333094],[37.381249999999,27.464583333333074],[37.39374999999907,27.47708333333309],[37.39791666666571,27.47708333333309],[37.40208333333237,27.481249999999754],[37.406249999999034,27.481249999999754],[37.4104166666657,27.48541666666646],[37.4104166666657,27.48958333333308],[37.422916666665685,27.502083333333097],[37.43124999999907,27.502083333333097],[37.452083333332354,27.522916666666426],[37.45624999999902,27.522916666666426],[37.46041666666568,27.52708333333309],[37.468749999999005,27.52708333333309],[37.4770833333323,27.5354166666664],[37.48124999999905,27.5354166666664],[37.485416666665714,27.539583333333105],[37.485416666665714,27.543749999999754],[37.48958333333238,27.543749999999754],[37.49374999999904,27.547916666666417]]}},{"type":"Feature","properties":{"HYRIV_ID":20828247,"NEXT_DOWN":20827660,"MAIN_RIV":20822745,"LENGTH_KM":5.2600002,"CATCH_SKM":24.0,"DIS_AV_CMS":0.032,"ORD_STRA":2,"ORD_FLOW":8},"geometry":{"type":"LineString","coordinates":[[37.99374999999898,27.460416666666468],[37.99374999999898,27.464583333333074],[37.99791666666562,27.46874999999978],[37.99374999999898,27.472916666666443],[37.99374999999898,27.48541666666646],[37.99791666666562,27.48958333333308],[37.99791666666562,27.49374999999977],[38.002083333332365,27.497916666666434],[38.002083333332365,27.502083333333097]]}},{"type":"Feature","properties":{"HYRIV_ID":20828295,"NEXT_DOWN":20828120,"MAIN_RIV":20822745,"LENGTH_KM":2.52,"CATCH_SKM":4.9499998,"DIS_AV_CMS":0.064,"ORD_STRA":2,"ORD_FLOW":8},"geometry":{"type":"LineString","coordinates":[[37.889583333332354,27.456249999999763],[37.88124999999903,27.464583333333074],[37.8729166666657,27.464583333333074],[37.8729166666657,27.46874999999978]]}},{"type":"Feature","properties":{"HYRIV_ID":20828359,"NEXT_DOWN":20828360,"MAIN_RIV":20832810,"LENGTH_KM":2.47,"CATCH_SKM":9.7200003,"DIS_AV_CMS":0.018,"ORD_STRA":2,"ORD_FLOW":8},"geometry":{"type":"LineString","coordinates":[[36.15624999999906,27.460416666666468],[36.160416666665725,27.456249999999763],[36.16458333333239,27.456249999999763],[36.16874999999905,27.4520833333331],[36.17708333333235,27.4520833333331]]}},{"type":"Feature","properties":{"HYRIV_ID":20828360,"NEXT_DOWN":20828881,"MAIN_RIV":20832810,"LENGTH_KM":0.82,"CATCH_SKM":6.6700001,"DIS_AV_CMS":0.021,"ORD_STRA":2,"ORD_FLOW":8},"geometry":{"type":"LineString","coordinates":[[36.17708333333235,27.4520833333331],[36.18541666666576,27.4520833333331]]}},{"type":"Feature","properties":{"HYRIV_ID":20828361,"NEXT_DOWN":20828881,"MAIN_RIV":20832810,"LENGTH_KM":0.69,"CATCH_SKM":15.8,"DIS_AV_CMS":0.003,"ORD_STRA":1,"ORD_FLOW":9},"geometry":{"type":"LineString","coordinates":[[36.18541666666576,27.458333333333094],[36.18541666666576,27.4520833333331]]}},{"type":"Feature","properties":{"HYRIV_ID":20828362,"NEXT_DOWN":20828643,"MAIN_RIV":20834582,"LENGTH_KM":2.37,"CATCH_SKM":16.57,"DIS_AV_CMS":0.005,"ORD_STRA":1,"ORD_FLOW":9},"geometry":{"type":"LineString","coordinates":[[36.6916666666657,27.449999999999783],[36.6854166666657,27.456249999999763],[36.67708333333238,27.456249999999763],[36.672916666665714,27.460416666666468]]}},{"type":"Feature","properties":{"HYRIV_ID":20828363,"NEXT_DOWN":20828364,"MAIN_RIV":20812307,"LENGTH_KM":5.3600001,"CATCH_SKM":24.76,"DIS_AV_CMS":0.009,"ORD_STRA":1,"ORD_FLOW":9},"geometry":{"type":"LineString","coordinates":[[37.162499999999,27.4520833333331],[37.17291666666574,27.4520833333331],[37.177083333332405,27.456249999999763],[37.18124999999907,27.456249999999763],[37.18541666666573,27.460416666666468],[37.19374999999903,27.460416666666468],[37.20624999999902,27.472916666666443]]}},{"type":"Feature","properties":{"HYRIV_ID":20828364,"NEXT_DOWN":20828365,"MAIN_RIV":20812307,"LENGTH_KM":4.1700001,"CATCH_SKM":9.5200005,"DIS_AV_CMS":0.02,"ORD_STRA":2,"ORD_FLOW":8},"geometry":{"type":"LineString","coordinates":[[37.20624999999902,27.472916666666443],[37.21874999999898,27.472916666666443],[37.23124999999905,27.460416666666468],[37.23124999999905,27.456249999999763],[37.235416666665714,27.4520833333331]]}},{"type":"Feature","properties":{"HYRIV_ID":20828365,"NEXT_DOWN":20827829,"MAIN_RIV":20812307,"LENGTH_KM":6.7,"CATCH_SKM":14.86,"DIS_AV_CMS":0.13500001,"ORD_STRA":3,"ORD_FLOW":7},"geometry":{"type":"LineString","coordinates":[[37.235416666665714,27.4520833333331],[37.23958333333238,27.456249999999763],[37.24374999999901,27.456249999999763],[37.26041666666575,27.472916666666443],[37.26458333333241,27.472916666666443],[37.27291666666571,27.481249999999754],[37.27291666666571,27.48958333333308],[37.27708333333237,27.49374999999977]]}},{"type":"Feature","properties":{"HYRIV_ID":20828366,"NEXT_DOWN":20827658,"MAIN_RIV":20822745,"LENGTH_KM":8.4,"CATCH_SKM":31.24,"DIS_AV_CMS":0.015,"ORD_STRA":1,"ORD_FLOW":8},"geometry":{"type":"LineString","coordinates":[[37.78333333333239,27.449999999999783],[37.79374999999902,27.460416666666468],[37.79374999999902,27.472916666666443],[37.80624999999901,27.48541666666646],[37.81458333333234,27.48541666666646],[37.81874999999897,27.48958333333308],[37.81874999999897,27.49374999999977],[37.82708333333238,27.502083333333097],[37.82708333333238,27.506249999999746]]}},{"type":"Feature","properties":{"HYRIV_ID":20828419,"NEXT_DOWN":20828360,"MAIN_RIV":20832810,"LENGTH_KM":0.69,"CATCH_SKM":10.86,"DIS_AV_CMS":0.002,"ORD_STRA":1,"ORD_FLOW":9},"geometry":{"type":"LineString","coordinates":[[36.17708333333235,27.445833333333077],[36.17708333333235,27.4520833333331]]}},{"type":"Feature","properties":{"HYRIV_ID":20828420,"NEXT_DOWN":20829194,"MAIN_RIV":20832810,"LENGTH_KM":3.2,"CATCH_SKM":19.809999,"DIS_AV_CMS":0.004,"ORD_STRA":1,"ORD_FLOW":9},"geometry":{"type":"LineString","coordinates":[[36.27083333333235,27.466666666666406],[36.28958333333239,27.44791666666645],[36.29374999999905,27.44791666666645]]}},{"type":"Feature","properties":{"HYRIV_ID":20828421,"NEXT_DOWN":20829194,"MAIN_RIV":20832810,"LENGTH_KM":4.33,"CATCH_SKM":9.1400003,"DIS_AV_CMS":0.141,"ORD_STRA":4,"ORD_FLOW":7},"geometry":{"type":"LineString","coordinates":[[36.29374999999905,27.481249999999754],[36.29374999999905,27.46874999999978],[36.28958333333239,27.464583333333074],[36.297916666665714,27.456249999999763],[36.29374999999905,27.4520833333331],[36.29374999999905,27.44791666666645]]}},{"type":"Feature","properties":{"HYRIV_ID":20828422,"NEXT_DOWN":20827766,"MAIN_RIV":20812307,"LENGTH_KM":8.9700003,"CATCH_SKM":35.619999,"DIS_AV_CMS":0.32300001,"ORD_STRA":3,"ORD_FLOW":7},"geometry":{"type":"LineString","coordinates":[[37.72291666666575,27.44791666666645],[37.72291666666575,27.4520833333331],[37.71458333333234,27.460416666666468],[37.71041666666568,27.460416666666468],[37.69791666666572,27.472916666666443],[37.67708333333235,27.472916666666443],[37.66458333333236,27.48541666666646],[37.66458333333236,27.48958333333308],[37.6604166666657,27.49374999999977]]}},{"type":"Feature","properties":{"HYRIV_ID":20828423,"NEXT_DOWN":20828247,"MAIN_RIV":20822745,"LENGTH_KM":2.1700001,"CATCH_SKM":23.049999,"DIS_AV_CMS":0.012,"ORD_STRA":1,"ORD_FLOW":8},"geometry":{"type":"LineString","coordinates":[[37.97916666666566,27.445833333333077],[37.99374999999898,27.460416666666468]]}},{"type":"Feature","properties":{"HYRIV_ID":20828457,"NEXT_DOWN":20829197,"MAIN_RIV":20848032,"LENGTH_KM":4.4899998,"CATCH_SKM":11.43,"DIS_AV_CMS":0.01,"ORD_STRA":2,"ORD_FLOW":8},"geometry":{"type":"LineString","coordinates":[[36.91458333333233,27.47708333333309],[36.91874999999908,27.472916666666443],[36.91874999999908,27.464583333333074],[36.92291666666574,27.460416666666468],[36.92291666666574,27.456249999999763],[36.91874999999908,27.4520833333331],[36.92708333333238,27.443749999999746]]}},{"type":"Feature","properties":{"HYRIV_ID":20828458,"NEXT_DOWN":20829197,"MAIN_RIV":20848032,"LENGTH_KM":1.03,"CATCH_SKM":12.0,"DIS_AV_CMS":0.001,"ORD_STRA":1,"ORD_FLOW":9},"geometry":{"type":"LineString","coordinates":[[36.937499999999034,27.443749999999746],[36.92708333333238,27.443749999999746]]}},{"type":"Feature","properties":{"HYRIV_ID":20828459,"NEXT_DOWN":20828422,"MAIN_RIV":20812307,"LENGTH_KM":0.62,"CATCH_SKM":0.76,"DIS_AV_CMS":0.301,"ORD_STRA":3,"ORD_FLOW":7},"geometry":{"type":"LineString","coordinates":[[37.718749999999005,27.443749999999746],[37.72291666666575,27.44791666666645]]}},{"type":"Feature","properties":{"HYRIV_ID":20828460,"NEXT_DOWN":20828461,"MAIN_RIV":20822745,"LENGTH_KM":0.62,"CATCH_SKM":11.43,"DIS_AV_CMS":0.006,"ORD_STRA":1,"ORD_FLOW":9},"geometry":{"type":"LineString","coordinates":[[37.83333333333238,27.443749999999746],[37.83958333333237,27.443749999999746]]}},{"type":"Feature","properties":{"HYRIV_ID":20828461,"NEXT_DOWN":20828120,"MAIN_RIV":20822745,"LENGTH_KM":4.54,"CATCH_SKM":12.38,"DIS_AV_CMS":0.08,"ORD_STRA":2,"ORD_FLOW":8},"geometry":{"type":"LineString","coordinates":[[37.83958333333237,27.443749999999746],[37.843749999999005,27.44791666666645],[37.84791666666567,27.44791666666645],[37.86041666666566,27.460416666666468],[37.864583333332405,27.460416666666468],[37.8729166666657,27.46874999999978]]}},{"type":"Feature","properties":{"HYRIV_ID":20828517,"NEXT_DOWN":20828756,"MAIN_RIV":20848032,"LENGTH_KM":0.62,"CATCH_SKM":11.43,"DIS_AV_CMS":0.003,"ORD_STRA":1,"ORD_FLOW":9},"geometry":{"type":"LineString","coordinates":[[36.83749999999907,27.439583333333083],[36.84374999999906,27.439583333333083]]}},{"type":"Feature","properties":{"HYRIV_ID":20828518,"NEXT_DOWN":20828756,"MAIN_RIV":20848032,"LENGTH_KM":7.6300001,"CATCH_SKM":43.419998,"DIS_AV_CMS":0.011,"ORD_STRA":1,"ORD_FLOW":8},"geometry":{"type":"LineString","coordinates":[[36.787499999999085,27.481249999999754],[36.79374999999908,27.481249999999754],[36.80624999999904,27.46874999999978],[36.8104166666657,27.46874999999978],[36.835416666665736,27.443749999999746],[36.8395833333324,27.443749999999746],[36.84374999999906,27.439583333333083]]}},{"type":"Feature","properties":{"HYRIV_ID":20828519,"NEXT_DOWN":20827237,"MAIN_RIV":20812307,"LENGTH_KM":20.82,"CATCH_SKM":66.860001,"DIS_AV_CMS":0.02,"ORD_STRA":1,"ORD_FLOW":8},"geometry":{"type":"LineString","coordinates":[[37.02499999999904,27.439583333333083],[37.03541666666567,27.439583333333083],[37.039583333332416,27.443749999999746],[37.039583333332416,27.44791666666645],[37.04791666666574,27.456249999999763],[37.05624999999907,27.456249999999763],[37.0604166666657,27.460416666666468],[37.064583333332365,27.460416666666468],[37.06874999999903,27.456249999999763],[37.077083333332354,27.456249999999763],[37.08541666666565,27.464583333333074],[37.089583333332314,27.460416666666468],[37.09374999999906,27.460416666666468],[37.097916666665725,27.456249999999763],[37.10624999999905,27.456249999999763],[37.110416666665685,27.460416666666468],[37.10624999999905,27.464583333333074],[37.10624999999905,27.481249999999754],[37.110416666665685,27.481249999999754],[37.11874999999901,27.48958333333308],[37.11874999999901,27.49374999999977],[37.12708333333234,27.502083333333097],[37.12708333333234,27.506249999999746],[37.13541666666566,27.514583333333114],[37.13541666666566,27.518749999999763],[37.122916666665674,27.53124999999978]]}},{"type":"Feature","properties":{"HYRIV_ID":20828520,"NEXT_DOWN":20828365,"MAIN_RIV":20812307,"LENGTH_KM":1.86,"CATCH_SKM":6.1,"DIS_AV_CMS":0.107,"ORD_STRA":3,"ORD_FLOW":7},"geometry":{"type":"LineString","coordinates":[[37.222916666665725,27.439583333333083],[37.235416666665714,27.4520833333331]]}},{"type":"Feature","properties":{"HYRIV_ID":20828521,"NEXT_DOWN":20827715,"MAIN_RIV":20812307,"LENGTH_KM":8.6599998,"CATCH_SKM":14.48,"DIS_AV_CMS":0.02,"ORD_STRA":2,"ORD_FLOW":8},"geometry":{"type":"LineString","coordinates":[[37.531249999999034,27.439583333333083],[37.531249999999034,27.443749999999746],[37.5354166666657,27.44791666666645],[37.53958333333236,27.44791666666645],[37.53958333333236,27.4520833333331],[37.54374999999902,27.456249999999763],[37.55208333333235,27.456249999999763],[37.56041666666573,27.464583333333074],[37.56041666666573,27.46874999999978],[37.56458333333239,27.472916666666443],[37.56458333333239,27.48541666666646],[37.568749999999056,27.48958333333308],[37.568749999999056,27.497916666666434]]}},{"type":"Feature","properties":{"HYRIV_ID":20828522,"NEXT_DOWN":20828422,"MAIN_RIV":20812307,"LENGTH_KM":2.6800001,"CATCH_SKM":15.81,"DIS_AV_CMS":0.008,"ORD_STRA":1,"ORD_FLOW":9},"geometry":{"type":"LineString","coordinates":[[37.74583333333237,27.439583333333083],[37.73958333333229,27.439583333333083],[37.731249999998994,27.44791666666645],[37.72291666666575,27.44791666666645]]}},{"type":"Feature","properties":{"HYRIV_ID":20828582,"NEXT_DOWN":20828521,"MAIN_RIV":20812307,"LENGTH_KM":1.75,"CATCH_SKM":12.96,"DIS_AV_CMS":0.006,"ORD_STRA":1,"ORD_FLOW":9},"geometry":{"type":"LineString","coordinates":[[37.51666666666566,27.433333333333103],[37.522916666665736,27.439583333333083],[37.531249999999034,27.439583333333083]]}},{"type":"Feature","properties":{"HYRIV_ID":20828583,"NEXT_DOWN":20827906,"MAIN_RIV":20812307,"LENGTH_KM":12.88,"CATCH_SKM":46.860001,"DIS_AV_CMS":0.021,"ORD_STRA":1,"ORD_FLOW":8},"geometry":{"type":"LineString","coordinates":[[37.55416666666565,27.433333333333103],[37.56041666666573,27.439583333333083],[37.56041666666573,27.443749999999746],[37.56458333333239,27.44791666666645],[37.57291666666572,27.44791666666645],[37.57708333333238,27.4520833333331],[37.57708333333238,27.456249999999763],[37.58541666666568,27.464583333333074],[37.58541666666568,27.472916666666443],[37.593749999999005,27.481249999999754],[37.606249999998965,27.481249999999754],[37.61041666666563,27.48541666666646],[37.61458333333238,27.48541666666646],[37.61874999999904,27.48958333333308],[37.639583333332325,27.48958333333308],[37.64374999999907,27.48541666666646]]}},{"type":"Feature","properties":{"HYRIV_ID":20828642,"NEXT_DOWN":20828707,"MAIN_RIV":20834582,"LENGTH_KM":2.73,"CATCH_SKM":16.0,"DIS_AV_CMS":0.004,"ORD_STRA":1,"ORD_FLOW":9},"geometry":{"type":"LineString","coordinates":[[36.60416666666569,27.443749999999746],[36.593749999999034,27.443749999999746],[36.585416666665736,27.435416666666434],[36.585416666665736,27.43124999999977]]}},{"type":"Feature","properties":{"HYRIV_ID":20828643,"NEXT_DOWN":20828710,"MAIN_RIV":20834582,"LENGTH_KM":5.83,"CATCH_SKM":15.24,"DIS_AV_CMS":0.028,"ORD_STRA":2,"ORD_FLOW":8},"geometry":{"type":"LineString","coordinates":[[36.672916666665714,27.460416666666468],[36.66874999999905,27.456249999999763],[36.664583333332416,27.456249999999763],[36.66041666666567,27.4520833333331],[36.66041666666567,27.44791666666645],[36.656249999999005,27.443749999999746],[36.65208333333234,27.443749999999746],[36.64374999999902,27.435416666666434],[36.63541666666572,27.435416666666434],[36.631249999999056,27.43124999999977]]}},{"type":"Feature","properties":{"HYRIV_ID":20828644,"NEXT_DOWN":20827904,"MAIN_RIV":20812307,"LENGTH_KM":9.2299995,"CATCH_SKM":45.720001,"DIS_AV_CMS":0.019,"ORD_STRA":1,"ORD_FLOW":8},"geometry":{"type":"LineString","coordinates":[[37.35833333333238,27.42916666666644],[37.34791666666564,27.439583333333083],[37.33958333333234,27.439583333333083],[37.33541666666568,27.443749999999746],[37.33541666666568,27.44791666666645],[37.33124999999902,27.4520833333331],[37.32291666666569,27.4520833333331],[37.31874999999903,27.456249999999763],[37.31874999999903,27.460416666666468],[37.31458333333239,27.464583333333074],[37.31458333333239,27.46874999999978],[37.30624999999907,27.47708333333309],[37.30624999999907,27.48541666666646]]}},{"type":"Feature","properties":{"HYRIV_ID":20828645,"NEXT_DOWN":20828295,"MAIN_RIV":20822745,"LENGTH_KM":3.32,"CATCH_SKM":27.82,"DIS_AV_CMS":0.014,"ORD_STRA":1,"ORD_FLOW":8},"geometry":{"type":"LineString","coordinates":[[37.88124999999903,27.42916666666644],[37.88124999999903,27.435416666666434],[37.88541666666569,27.439583333333083],[37.88541666666569,27.44791666666645],[37.889583333332354,27.4520833333331],[37.889583333332354,27.456249999999763]]}},{"type":"Feature","properties":{"HYRIV_ID":20828706,"NEXT_DOWN":20828886,"MAIN_RIV":20834582,"LENGTH_KM":10.98,"CATCH_SKM":18.860001,"DIS_AV_CMS":0.018,"ORD_STRA":2,"ORD_FLOW":8},"geometry":{"type":"LineString","coordinates":[[36.61458333333235,27.48958333333308],[36.610416666665685,27.48541666666646],[36.610416666665685,27.47708333333309],[36.60624999999902,27.472916666666443],[36.60208333333236,27.472916666666443],[36.5979166666657,27.46874999999978],[36.585416666665736,27.46874999999978],[36.57708333333241,27.460416666666468],[36.57708333333241,27.456249999999763],[36.568749999999,27.44791666666645],[36.56458333333234,27.44791666666645],[36.55624999999904,27.439583333333083],[36.55208333333238,27.439583333333083],[36.547916666665714,27.435416666666434],[36.547916666665714,27.42708333333311]]}},{"type":"Feature","properties":{"HYRIV_ID":20828707,"NEXT_DOWN":20828886,"MAIN_RIV":20834582,"LENGTH_KM":3.9100001,"CATCH_SKM":8.0,"DIS_AV_CMS":0.077,"ORD_STRA":3,"ORD_FLOW":8},"geometry":{"type":"LineString","coordinates":[[36.585416666665736,27.43124999999977],[36.568749999999,27.43124999999977],[36.56458333333234,27.42708333333311],[36.547916666665714,27.42708333333311]]}},{"type":"Feature","properties":{"HYRIV_ID":20828708,"NEXT_DOWN":20828707,"MAIN_RIV":20834582,"LENGTH_KM":1.85,"CATCH_SKM":3.4300001,"DIS_AV_CMS":0.071,"ORD_STRA":3,"ORD_FLOW":8},"geometry":{"type":"LineString","coordinates":[[36.60208333333236,27.42708333333311],[36.58958333333237,27.42708333333311],[36.585416666665736,27.43124999999977]]}},{"type":"Feature","properties":{"HYRIV_ID":20828709,"NEXT_DOWN":20828708,"MAIN_RIV":20834582,"LENGTH_KM":2.47,"CATCH_SKM":4.5700002,"DIS_AV_CMS":0.067,"ORD_STRA":3,"ORD_FLOW":8},"geometry":{"type":"LineString","coordinates":[[36.62291666666573,27.42708333333311],[36.61874999999898,27.42708333333311],[36.61458333333235,27.43124999999977],[36.610416666665685,27.42708333333311],[36.60208333333236,27.42708333333311]]}},{"type":"Feature","properties":{"HYRIV_ID":20828710,"NEXT_DOWN":20828709,"MAIN_RIV":20834582,"LENGTH_KM":1.03,"CATCH_SKM":2.29,"DIS_AV_CMS":0.035,"ORD_STRA":2,"ORD_FLOW":8},"geometry":{"type":"LineString","coordinates":[[36.631249999999056,27.43124999999977],[36.62708333333239,27.42708333333311],[36.62291666666573,27.42708333333311]]}},{"type":"Feature","properties":{"HYRIV_ID":20828711,"NEXT_DOWN":20827964,"MAIN_RIV":20812307,"LENGTH_KM":8.8400002,"CATCH_SKM":29.719999,"DIS_AV_CMS":0.012,"ORD_STRA":1,"ORD_FLOW":8},"geometry":{"type":"LineString","coordinates":[[37.2854166666657,27.42499999999975],[37.2854166666657,27.43124999999977],[37.281249999999034,27.43124999999977],[37.281249999999034,27.435416666666434],[37.27708333333237,27.439583333333083],[37.2854166666657,27.44791666666645],[37.2854166666657,27.456249999999763],[37.281249999999034,27.460416666666468],[37.281249999999034,27.464583333333074],[37.27708333333237,27.46874999999978],[37.27708333333237,27.472916666666443],[37.2854166666657,27.481249999999754],[37.2854166666657,27.48541666666646],[37.28958333333236,27.48958333333308]]}},{"type":"Feature","properties":{"HYRIV_ID":20828756,"NEXT_DOWN":20829196,"MAIN_RIV":20848032,"LENGTH_KM":4.3800001,"CATCH_SKM":16.190001,"DIS_AV_CMS":0.019,"ORD_STRA":2,"ORD_FLOW":8},"geometry":{"type":"LineString","coordinates":[[36.84374999999906,27.439583333333083],[36.85624999999902,27.439583333333083],[36.860416666665685,27.435416666666434],[36.860416666665685,27.43124999999977],[36.86458333333235,27.42708333333311],[36.872916666665674,27.42708333333311],[36.87708333333231,27.422916666666417]]}},{"type":"Feature","properties":{"HYRIV_ID":20828757,"NEXT_DOWN":20829196,"MAIN_RIV":20848032,"LENGTH_KM":3.79,"CATCH_SKM":21.33,"DIS_AV_CMS":0.004,"ORD_STRA":1,"ORD_FLOW":9},"geometry":{"type":"LineString","coordinates":[[36.88541666666572,27.45416666666643],[36.88541666666572,27.443749999999746],[36.88124999999897,27.439583333333083],[36.88124999999897,27.43124999999977],[36.87708333333231,27.42708333333311],[36.87708333333231,27.422916666666417]]}},{"type":"Feature","properties":{"HYRIV_ID":20828758,"NEXT_DOWN":20827335,"MAIN_RIV":20812307,"LENGTH_KM":17.57,"CATCH_SKM":64.57,"DIS_AV_CMS":0.026,"ORD_STRA":1,"ORD_FLOW":8},"geometry":{"type":"LineString","coordinates":[[37.41666666666569,27.420833333333086],[37.422916666665685,27.42708333333311],[37.422916666665685,27.43124999999977],[37.42708333333232,27.435416666666434],[37.43541666666573,27.435416666666434],[37.43958333333239,27.439583333333083],[37.43958333333239,27.443749999999746],[37.443749999999056,27.44791666666645],[37.443749999999056,27.464583333333074],[37.43958333333239,27.46874999999978],[37.443749999999056,27.472916666666443],[37.443749999999056,27.47708333333309],[37.44791666666572,27.481249999999754],[37.44791666666572,27.49374999999977],[37.452083333332354,27.497916666666434],[37.452083333332354,27.502083333333097],[37.46041666666568,27.51041666666641],[37.46458333333234,27.51041666666641],[37.468749999999005,27.514583333333114],[37.48958333333238,27.514583333333114],[37.4979166666657,27.522916666666426],[37.506249999999,27.522916666666426]]}},{"type":"Feature","properties":{"HYRIV_ID":20828759,"NEXT_DOWN":20828459,"MAIN_RIV":20812307,"LENGTH_KM":4.5900002,"CATCH_SKM":7.2399998,"DIS_AV_CMS":0.176,"ORD_STRA":3,"ORD_FLOW":7},"geometry":{"type":"LineString","coordinates":[[37.685416666665645,27.422916666666417],[37.68958333333231,27.422916666666417],[37.69791666666572,27.43124999999977],[37.69791666666572,27.435416666666434],[37.70208333333238,27.439583333333083],[37.71041666666568,27.439583333333083],[37.71458333333234,27.443749999999746],[37.718749999999005,27.443749999999746]]}},{"type":"Feature","properties":{"HYRIV_ID":20828816,"NEXT_DOWN":20828946,"MAIN_RIV":20832810,"LENGTH_KM":1.24,"CATCH_SKM":11.24,"DIS_AV_CMS":0.002,"ORD_STRA":1,"ORD_FLOW":9},"geometry":{"type":"LineString","coordinates":[[36.3708333333324,27.422916666666417],[36.364583333332405,27.422916666666417],[36.36041666666574,27.418749999999754]]}},{"type":"Feature","properties":{"HYRIV_ID":20828817,"NEXT_DOWN":20828710,"MAIN_RIV":20834582,"LENGTH_KM":4.2199998,"CATCH_SKM":20.58,"DIS_AV_CMS":0.006,"ORD_STRA":1,"ORD_FLOW":9},"geometry":{"type":"LineString","coordinates":[[36.66666666666572,27.416666666666423],[36.66041666666567,27.422916666666417],[36.65208333333234,27.422916666666417],[36.64791666666568,27.42708333333311],[36.63541666666572,27.42708333333311],[36.631249999999056,27.43124999999977]]}},{"type":"Feature","properties":{"HYRIV_ID":20828818,"NEXT_DOWN":20828520,"MAIN_RIV":20812307,"LENGTH_KM":5.7800002,"CATCH_SKM":25.719999,"DIS_AV_CMS":0.01,"ORD_STRA":1,"ORD_FLOW":8},"geometry":{"type":"LineString","coordinates":[[37.179166666665736,27.418749999999754],[37.18541666666573,27.418749999999754],[37.20624999999902,27.439583333333083],[37.21041666666568,27.439583333333083],[37.21458333333234,27.443749999999746],[37.21874999999898,27.443749999999746],[37.222916666665725,27.439583333333083]]}},{"type":"Feature","properties":{"HYRIV_ID":20828819,"NEXT_DOWN":20827335,"MAIN_RIV":20812307,"LENGTH_KM":13.71,"CATCH_SKM":34.66,"DIS_AV_CMS":0.043,"ORD_STRA":2,"ORD_FLOW":8},"geometry":{"type":"LineString","coordinates":[[37.46458333333234,27.418749999999754],[37.46458333333234,27.43124999999977],[37.468749999999005,27.435416666666434],[37.468749999999005,27.443749999999746],[37.47291666666567,27.44791666666645],[37.4770833333323,27.44791666666645],[37.485416666665714,27.456249999999763],[37.485416666665714,27.464583333333074],[37.48958333333238,27.46874999999978],[37.48958333333238,27.472916666666443],[37.49374999999904,27.47708333333309],[37.49374999999904,27.481249999999754],[37.48958333333238,27.48541666666646],[37.48958333333238,27.502083333333097],[37.506249999999,27.518749999999763],[37.506249999999,27.522916666666426]]}},{"type":"Feature","properties":{"HYRIV_ID":20828820,"NEXT_DOWN":20828759,"MAIN_RIV":20812307,"LENGTH_KM":4.1300001,"CATCH_SKM":15.43,"DIS_AV_CMS":0.007,"ORD_STRA":1,"ORD_FLOW":9},"geometry":{"type":"LineString","coordinates":[[37.65416666666573,27.42708333333311],[37.6604166666657,27.42708333333311],[37.66458333333236,27.43124999999977],[37.672916666665685,27.422916666666417],[37.67708333333235,27.422916666666417],[37.68124999999901,27.418749999999754],[37.685416666665645,27.422916666666417]]}},{"type":"Feature","properties":{"HYRIV_ID":20828821,"NEXT_DOWN":20828459,"MAIN_RIV":20812307,"LENGTH_KM":3.09,"CATCH_SKM":9.3400002,"DIS_AV_CMS":0.124,"ORD_STRA":2,"ORD_FLOW":7},"geometry":{"type":"LineString","coordinates":[[37.72708333333233,27.418749999999754],[37.72708333333233,27.422916666666417],[37.72291666666575,27.42708333333311],[37.72291666666575,27.43124999999977],[37.718749999999005,27.435416666666434],[37.718749999999005,27.443749999999746]]}},{"type":"Feature","properties":{"HYRIV_ID":20828881,"NEXT_DOWN":20829385,"MAIN_RIV":20832810,"LENGTH_KM":7.1700001,"CATCH_SKM":32.200001,"DIS_AV_CMS":0.031,"ORD_STRA":2,"ORD_FLOW":8},"geometry":{"type":"LineString","coordinates":[[36.18541666666576,27.4520833333331],[36.18958333333242,27.44791666666645],[36.19791666666572,27.44791666666645],[36.20208333333238,27.443749999999746],[36.206249999999045,27.44791666666645],[36.21041666666571,27.443749999999746],[36.21041666666571,27.439583333333083],[36.218749999999034,27.43124999999977],[36.218749999999034,27.42708333333311],[36.2229166666657,27.422916666666417],[36.2229166666657,27.418749999999754],[36.22708333333233,27.41458333333309]]}},{"type":"Feature","properties":{"HYRIV_ID":20828882,"NEXT_DOWN":20829385,"MAIN_RIV":20832810,"LENGTH_KM":8.58,"CATCH_SKM":37.900002,"DIS_AV_CMS":0.008,"ORD_STRA":1,"ORD_FLOW":9},"geometry":{"type":"LineString","coordinates":[[36.24374999999907,27.483333333333086],[36.24374999999907,27.472916666666443],[36.239583333332405,27.46874999999978],[36.239583333332405,27.464583333333074],[36.23541666666574,27.460416666666468],[36.23541666666574,27.456249999999763],[36.23124999999908,27.4520833333331],[36.23124999999908,27.439583333333083],[36.23541666666574,27.435416666666434],[36.23541666666574,27.43124999999977],[36.23124999999908,27.42708333333311],[36.23124999999908,27.418749999999754],[36.22708333333233,27.41458333333309]]}},{"type":"Feature","properties":{"HYRIV_ID":20828883,"NEXT_DOWN":20829195,"MAIN_RIV":20832810,"LENGTH_KM":8.46,"CATCH_SKM":22.860001,"DIS_AV_CMS":0.14300001,"ORD_STRA":4,"ORD_FLOW":7},"geometry":{"type":"LineString","coordinates":[[36.331249999999045,27.472916666666443],[36.32708333333241,27.46874999999978],[36.32291666666575,27.46874999999978],[36.31458333333242,27.460416666666468],[36.31458333333242,27.4520833333331],[36.318749999999085,27.44791666666645],[36.318749999999085,27.443749999999746],[36.32291666666575,27.439583333333083],[36.318749999999085,27.435416666666434],[36.318749999999085,27.43124999999977],[36.33541666666571,27.41458333333309]]}},{"type":"Feature","properties":{"HYRIV_ID":20828884,"NEXT_DOWN":20829195,"MAIN_RIV":20832810,"LENGTH_KM":0.41,"CATCH_SKM":0.38,"DIS_AV_CMS":0.027,"ORD_STRA":2,"ORD_FLOW":8},"geometry":{"type":"LineString","coordinates":[[36.33958333333237,27.41458333333309],[36.33541666666571,27.41458333333309]]}},{"type":"Feature","properties":{"HYRIV_ID":20828885,"NEXT_DOWN":20828884,"MAIN_RIV":20832810,"LENGTH_KM":2.83,"CATCH_SKM":13.34,"DIS_AV_CMS":0.003,"ORD_STRA":1,"ORD_FLOW":9},"geometry":{"type":"LineString","coordinates":[[36.358333333332325,27.42916666666644],[36.35208333333236,27.422916666666417],[36.3479166666657,27.422916666666417],[36.3479166666657,27.418749999999754],[36.343749999999034,27.41458333333309],[36.33958333333237,27.41458333333309]]}},{"type":"Feature","properties":{"HYRIV_ID":20828886,"NEXT_DOWN":20828948,"MAIN_RIV":20834582,"LENGTH_KM":1.7,"CATCH_SKM":1.91,"DIS_AV_CMS":0.096,"ORD_STRA":3,"ORD_FLOW":8},"geometry":{"type":"LineString","coordinates":[[36.547916666665714,27.42708333333311],[36.54374999999905,27.422916666666417],[36.54374999999905,27.418749999999754],[36.53958333333239,27.41458333333309]]}},{"type":"Feature","properties":{"HYRIV_ID":20828887,"NEXT_DOWN":20829124,"MAIN_RIV":20812307,"LENGTH_KM":0.93,"CATCH_SKM":12.0,"DIS_AV_CMS":0.004,"ORD_STRA":1,"ORD_FLOW":9},"geometry":{"type":"LineString","coordinates":[[37.07083333333236,27.420833333333086],[37.077083333332354,27.41458333333309]]}},{"type":"Feature","properties":{"HYRIV_ID":20828888,"NEXT_DOWN":20828521,"MAIN_RIV":20812307,"LENGTH_KM":3.4,"CATCH_SKM":18.49,"DIS_AV_CMS":0.008,"ORD_STRA":1,"ORD_FLOW":9},"geometry":{"type":"LineString","coordinates":[[37.520833333332405,27.41249999999976],[37.52708333333237,27.418749999999754],[37.52708333333237,27.43124999999977],[37.531249999999034,27.435416666666434],[37.531249999999034,27.439583333333083]]}},{"type":"Feature","properties":{"HYRIV_ID":20828889,"NEXT_DOWN":20828759,"MAIN_RIV":20812307,"LENGTH_KM":1.08,"CATCH_SKM":0.76,"DIS_AV_CMS":0.166,"ORD_STRA":3,"ORD_FLOW":7},"geometry":{"type":"LineString","coordinates":[[37.68124999999901,27.41458333333309],[37.685416666665645,27.418749999999754],[37.685416666665645,27.422916666666417]]}},{"type":"Feature","properties":{"HYRIV_ID":20828946,"NEXT_DOWN":20828884,"MAIN_RIV":20832810,"LENGTH_KM":2.6800001,"CATCH_SKM":9.7200003,"DIS_AV_CMS":0.024,"ORD_STRA":2,"ORD_FLOW":8},"geometry":{"type":"LineString","coordinates":[[36.36041666666574,27.418749999999754],[36.356249999998994,27.41458333333309],[36.35208333333236,27.41458333333309],[36.3479166666657,27.410416666666443],[36.343749999999034,27.410416666666443],[36.33958333333237,27.41458333333309]]}},{"type":"Feature","properties":{"HYRIV_ID":20828947,"NEXT_DOWN":20830204,"MAIN_RIV":20834582,"LENGTH_KM":10.93,"CATCH_SKM":36.0,"DIS_AV_CMS":0.009,"ORD_STRA":1,"ORD_FLOW":9},"geometry":{"type":"LineString","coordinates":[[36.57916666666574,27.479166666666423],[36.56458333333234,27.464583333333074],[36.55624999999904,27.464583333333074],[36.55208333333238,27.460416666666468],[36.54374999999905,27.460416666666468],[36.53124999999909,27.44791666666645],[36.53124999999909,27.443749999999746],[36.53541666666575,27.439583333333083],[36.53124999999909,27.435416666666434],[36.53124999999909,27.422916666666417],[36.52708333333234,27.418749999999754],[36.52708333333234,27.410416666666443]]}},{"type":"Feature","properties":{"HYRIV_ID":20828948,"NEXT_DOWN":20830204,"MAIN_RIV":20834582,"LENGTH_KM":1.4400001,"CATCH_SKM":2.29,"DIS_AV_CMS":0.101,"ORD_STRA":3,"ORD_FLOW":7},"geometry":{"type":"LineString","coordinates":[[36.53958333333239,27.41458333333309],[36.53541666666575,27.410416666666443],[36.52708333333234,27.410416666666443]]}},{"type":"Feature","properties":{"HYRIV_ID":20828949,"NEXT_DOWN":20828948,"MAIN_RIV":20834582,"LENGTH_KM":2.27,"CATCH_SKM":17.91,"DIS_AV_CMS":0.005,"ORD_STRA":1,"ORD_FLOW":9},"geometry":{"type":"LineString","coordinates":[[36.55833333333237,27.41458333333309],[36.55208333333238,27.41458333333309],[36.547916666665714,27.410416666666443],[36.54374999999905,27.41458333333309],[36.53958333333239,27.41458333333309]]}},{"type":"Feature","properties":{"HYRIV_ID":20828950,"NEXT_DOWN":20828708,"MAIN_RIV":20834582,"LENGTH_KM":2.24,"CATCH_SKM":12.39,"DIS_AV_CMS":0.003,"ORD_STRA":1,"ORD_FLOW":9},"geometry":{"type":"LineString","coordinates":[[36.60624999999902,27.40833333333311],[36.60624999999902,27.418749999999754],[36.60208333333236,27.422916666666417],[36.60208333333236,27.42708333333311]]}},{"type":"Feature","properties":{"HYRIV_ID":20828951,"NEXT_DOWN":20828520,"MAIN_RIV":20812307,"LENGTH_KM":3.56,"CATCH_SKM":6.8600001,"DIS_AV_CMS":0.094,"ORD_STRA":3,"ORD_FLOW":8},"geometry":{"type":"LineString","coordinates":[[37.222916666665725,27.410416666666443],[37.222916666665725,27.418749999999754],[37.21874999999898,27.422916666666417],[37.21874999999898,27.435416666666434],[37.222916666665725,27.439583333333083]]}},{"type":"Feature","properties":{"HYRIV_ID":20828952,"NEXT_DOWN":20828951,"MAIN_RIV":20812307,"LENGTH_KM":1.34,"CATCH_SKM":11.81,"DIS_AV_CMS":0.005,"ORD_STRA":1,"ORD_FLOW":9},"geometry":{"type":"LineString","coordinates":[[37.23333333333238,27.416666666666423],[37.22708333333239,27.410416666666443],[37.222916666665725,27.410416666666443]]}},{"type":"Feature","properties":{"HYRIV_ID":20828953,"NEXT_DOWN":20828819,"MAIN_RIV":20812307,"LENGTH_KM":3.09,"CATCH_SKM":24.200001,"DIS_AV_CMS":0.011,"ORD_STRA":1,"ORD_FLOW":8},"geometry":{"type":"LineString","coordinates":[[37.43749999999906,27.410416666666443],[37.44791666666572,27.410416666666443],[37.45624999999902,27.418749999999754],[37.46458333333234,27.418749999999754]]}},{"type":"Feature","properties":{"HYRIV_ID":20828954,"NEXT_DOWN":20828295,"MAIN_RIV":20822745,"LENGTH_KM":6.9499998,"CATCH_SKM":14.48,"DIS_AV_CMS":0.048,"ORD_STRA":2,"ORD_FLOW":8},"geometry":{"type":"LineString","coordinates":[[37.910416666665725,27.410416666666443],[37.910416666665725,27.418749999999754],[37.91458333333239,27.422916666666417],[37.91458333333239,27.435416666666434],[37.910416666665725,27.439583333333083],[37.910416666665725,27.44791666666645],[37.90624999999906,27.4520833333331],[37.89791666666565,27.4520833333331],[37.89374999999899,27.456249999999763],[37.889583333332354,27.456249999999763]]}},{"type":"Feature","properties":{"HYRIV_ID":20828955,"NEXT_DOWN":20828247,"MAIN_RIV":20822745,"LENGTH_KM":6.2600002,"CATCH_SKM":21.91,"DIS_AV_CMS":0.011,"ORD_STRA":1,"ORD_FLOW":8},"geometry":{"type":"LineString","coordinates":[[37.99791666666562,27.40833333333311],[37.99791666666562,27.418749999999754],[38.002083333332365,27.422916666666417],[38.002083333332365,27.4520833333331],[37.99374999999898,27.460416666666468]]}},{"type":"Feature","properties":{"HYRIV_ID":20829006,"NEXT_DOWN":20829122,"MAIN_RIV":20832810,"LENGTH_KM":9.33,"CATCH_SKM":34.290001,"DIS_AV_CMS":0.301,"ORD_STRA":3,"ORD_FLOW":7},"geometry":{"type":"LineString","coordinates":[[36.01874999999899,27.46874999999978],[36.0270833333324,27.460416666666468],[36.03124999999906,27.460416666666468],[36.035416666665725,27.456249999999763],[36.035416666665725,27.4520833333331],[36.047916666665685,27.439583333333083],[36.05208333333235,27.439583333333083],[36.05624999999901,27.435416666666434],[36.05624999999901,27.42708333333311],[36.06458333333242,27.418749999999754],[36.06458333333242,27.410416666666443],[36.068749999999056,27.40624999999978]]}},{"type":"Feature","properties":{"HYRIV_ID":20829007,"NEXT_DOWN":20828951,"MAIN_RIV":20812307,"LENGTH_KM":0.46,"CATCH_SKM":0.95,"DIS_AV_CMS":0.086,"ORD_STRA":3,"ORD_FLOW":8},"geometry":{"type":"LineString","coordinates":[[37.222916666665725,27.40624999999978],[37.222916666665725,27.410416666666443]]}},{"type":"Feature","properties":{"HYRIV_ID":20829061,"NEXT_DOWN":20828946,"MAIN_RIV":20832810,"LENGTH_KM":4.9499998,"CATCH_SKM":16.200001,"DIS_AV_CMS":0.02,"ORD_STRA":2,"ORD_FLOW":8},"geometry":{"type":"LineString","coordinates":[[36.39791666666568,27.402083333333074],[36.39374999999902,27.402083333333074],[36.38541666666569,27.410416666666443],[36.37708333333239,27.410416666666443],[36.37291666666573,27.41458333333309],[36.36874999999907,27.410416666666443],[36.36041666666574,27.418749999999754]]}},{"type":"Feature","properties":{"HYRIV_ID":20829062,"NEXT_DOWN":20829061,"MAIN_RIV":20832810,"LENGTH_KM":1.23,"CATCH_SKM":1.91,"DIS_AV_CMS":0.012,"ORD_STRA":2,"ORD_FLOW":8},"geometry":{"type":"LineString","coordinates":[[36.410416666665725,27.402083333333074],[36.39791666666568,27.402083333333074]]}},{"type":"Feature","properties":{"HYRIV_ID":20829063,"NEXT_DOWN":20829062,"MAIN_RIV":20832810,"LENGTH_KM":4.12,"CATCH_SKM":24.959999,"DIS_AV_CMS":0.006,"ORD_STRA":1,"ORD_FLOW":9},"geometry":{"type":"LineString","coordinates":[[36.445833333332416,27.41458333333309],[36.435416666665674,27.41458333333309],[36.43124999999904,27.410416666666443],[36.422916666665714,27.410416666666443],[36.41874999999905,27.40624999999978],[36.41458333333239,27.40624999999978],[36.410416666665725,27.402083333333074]]}},{"type":"Feature","properties":{"HYRIV_ID":20829064,"NEXT_DOWN":20829124,"MAIN_RIV":20812307,"LENGTH_KM":2.1700001,"CATCH_SKM":20.77,"DIS_AV_CMS":0.007,"ORD_STRA":1,"ORD_FLOW":9},"geometry":{"type":"LineString","coordinates":[[37.062499999999034,27.399999999999743],[37.077083333332354,27.41458333333309]]}},{"type":"Feature","properties":{"HYRIV_ID":20829065,"NEXT_DOWN":20828461,"MAIN_RIV":20822745,"LENGTH_KM":5.1,"CATCH_SKM":19.24,"DIS_AV_CMS":0.068,"ORD_STRA":2,"ORD_FLOW":8},"geometry":{"type":"LineString","coordinates":[[37.82708333333238,27.402083333333074],[37.831249999999045,27.40624999999978],[37.831249999999045,27.410416666666443],[37.83541666666571,27.41458333333309],[37.83541666666571,27.435416666666434],[37.83958333333237,27.439583333333083],[37.83958333333237,27.443749999999746]]}},{"type":"Feature","properties":{"HYRIV_ID":20829122,"NEXT_DOWN":20829856,"MAIN_RIV":20832810,"LENGTH_KM":1.08,"CATCH_SKM":8.3800001,"DIS_AV_CMS":0.30700001,"ORD_STRA":3,"ORD_FLOW":7},"geometry":{"type":"LineString","coordinates":[[36.068749999999056,27.40624999999978],[36.07291666666572,27.402083333333074],[36.07291666666572,27.397916666666426]]}},{"type":"Feature","properties":{"HYRIV_ID":20829123,"NEXT_DOWN":20829856,"MAIN_RIV":20832810,"LENGTH_KM":3.3,"CATCH_SKM":23.440001,"DIS_AV_CMS":0.004,"ORD_STRA":1,"ORD_FLOW":9},"geometry":{"type":"LineString","coordinates":[[36.099999999999085,27.410416666666443],[36.093749999999005,27.410416666666443],[36.08958333333237,27.40624999999978],[36.08541666666571,27.40624999999978],[36.07708333333238,27.397916666666426],[36.07291666666572,27.397916666666426]]}},{"type":"Feature","properties":{"HYRIV_ID":20829124,"NEXT_DOWN":20829270,"MAIN_RIV":20812307,"LENGTH_KM":4.54,"CATCH_SKM":11.81,"DIS_AV_CMS":0.016,"ORD_STRA":2,"ORD_FLOW":8},"geometry":{"type":"LineString","coordinates":[[37.077083333332354,27.41458333333309],[37.089583333332314,27.402083333333074],[37.110416666665685,27.402083333333074],[37.11458333333235,27.397916666666426]]}},{"type":"Feature","properties":{"HYRIV_ID":20829125,"NEXT_DOWN":20829007,"MAIN_RIV":20812307,"LENGTH_KM":1.7,"CATCH_SKM":12.96,"DIS_AV_CMS":0.005,"ORD_STRA":1,"ORD_FLOW":9},"geometry":{"type":"LineString","coordinates":[[37.21249999999901,27.397916666666426],[37.21874999999898,27.397916666666426],[37.222916666665725,27.402083333333074],[37.222916666665725,27.40624999999978]]}},{"type":"Feature","properties":{"HYRIV_ID":20829194,"NEXT_DOWN":20829610,"MAIN_RIV":20832810,"LENGTH_KM":7.2199998,"CATCH_SKM":20.959999,"DIS_AV_CMS":0.15,"ORD_STRA":4,"ORD_FLOW":7},"geometry":{"type":"LineString","coordinates":[[36.29374999999905,27.44791666666645],[36.29374999999905,27.43124999999977],[36.297916666665714,27.42708333333311],[36.297916666665714,27.422916666666417],[36.30208333333235,27.418749999999754],[36.30208333333235,27.41458333333309],[36.30624999999901,27.410416666666443],[36.30624999999901,27.402083333333074],[36.31458333333242,27.393749999999763],[36.318749999999085,27.393749999999763]]}},{"type":"Feature","properties":{"HYRIV_ID":20829195,"NEXT_DOWN":20829610,"MAIN_RIV":20832810,"LENGTH_KM":3.2,"CATCH_SKM":9.3400002,"DIS_AV_CMS":0.17200001,"ORD_STRA":4,"ORD_FLOW":7},"geometry":{"type":"LineString","coordinates":[[36.33541666666571,27.41458333333309],[36.33541666666571,27.410416666666443],[36.331249999999045,27.410416666666443],[36.318749999999085,27.397916666666426],[36.318749999999085,27.393749999999763]]}},{"type":"Feature","properties":{"HYRIV_ID":20829196,"NEXT_DOWN":20829391,"MAIN_RIV":20848032,"LENGTH_KM":5.5700002,"CATCH_SKM":19.629999,"DIS_AV_CMS":0.028,"ORD_STRA":2,"ORD_FLOW":8},"geometry":{"type":"LineString","coordinates":[[36.87708333333231,27.422916666666417],[36.88124999999897,27.418749999999754],[36.88541666666572,27.418749999999754],[36.88958333333238,27.41458333333309],[36.893749999999045,27.41458333333309],[36.89791666666571,27.410416666666443],[36.90208333333234,27.410416666666443],[36.91874999999908,27.393749999999763]]}},{"type":"Feature","properties":{"HYRIV_ID":20829197,"NEXT_DOWN":20829391,"MAIN_RIV":20848032,"LENGTH_KM":6.5,"CATCH_SKM":17.530001,"DIS_AV_CMS":0.014,"ORD_STRA":2,"ORD_FLOW":8},"geometry":{"type":"LineString","coordinates":[[36.92708333333238,27.443749999999746],[36.91874999999908,27.435416666666434],[36.92291666666574,27.43124999999977],[36.92291666666574,27.42708333333311],[36.91874999999908,27.422916666666417],[36.91874999999908,27.418749999999754],[36.92291666666574,27.41458333333309],[36.92291666666574,27.397916666666426],[36.91874999999908,27.393749999999763]]}},{"type":"Feature","properties":{"HYRIV_ID":20829269,"NEXT_DOWN":20829122,"MAIN_RIV":20832810,"LENGTH_KM":5.3600001,"CATCH_SKM":23.25,"DIS_AV_CMS":0.004,"ORD_STRA":1,"ORD_FLOW":9},"geometry":{"type":"LineString","coordinates":[[36.02499999999907,27.393749999999763],[36.03124999999906,27.393749999999763],[36.035416666665725,27.3895833333331],[36.04374999999902,27.397916666666426],[36.05624999999901,27.397916666666426],[36.06458333333242,27.40624999999978],[36.068749999999056,27.40624999999978]]}},{"type":"Feature","properties":{"HYRIV_ID":20829270,"NEXT_DOWN":20829673,"MAIN_RIV":20812307,"LENGTH_KM":3.1500001,"CATCH_SKM":6.48,"DIS_AV_CMS":0.025,"ORD_STRA":2,"ORD_FLOW":8},"geometry":{"type":"LineString","coordinates":[[37.11458333333235,27.397916666666426],[37.11458333333235,27.393749999999763],[37.11874999999901,27.3895833333331],[37.122916666665674,27.393749999999763],[37.12708333333234,27.393749999999763],[37.131249999999,27.3895833333331],[37.13541666666566,27.3895833333331]]}},{"type":"Feature","properties":{"HYRIV_ID":20829271,"NEXT_DOWN":20829673,"MAIN_RIV":20812307,"LENGTH_KM":2.55,"CATCH_SKM":13.91,"DIS_AV_CMS":0.005,"ORD_STRA":1,"ORD_FLOW":9},"geometry":{"type":"LineString","coordinates":[[37.131249999999,27.40833333333311],[37.131249999999,27.402083333333074],[37.13541666666566,27.397916666666426],[37.131249999999,27.393749999999763],[37.13541666666566,27.3895833333331]]}},{"type":"Feature","properties":{"HYRIV_ID":20829272,"NEXT_DOWN":20829273,"MAIN_RIV":20812307,"LENGTH_KM":2.6800001,"CATCH_SKM":13.91,"DIS_AV_CMS":0.007,"ORD_STRA":1,"ORD_FLOW":9},"geometry":{"type":"LineString","coordinates":[[37.61249999999896,27.397916666666426],[37.61874999999904,27.397916666666426],[37.6229166666657,27.393749999999763],[37.63124999999903,27.393749999999763],[37.63541666666566,27.3895833333331]]}},{"type":"Feature","properties":{"HYRIV_ID":20829273,"NEXT_DOWN":20829274,"MAIN_RIV":20812307,"LENGTH_KM":0.41,"CATCH_SKM":0.76,"DIS_AV_CMS":0.031,"ORD_STRA":2,"ORD_FLOW":8},"geometry":{"type":"LineString","coordinates":[[37.63541666666566,27.3895833333331],[37.639583333332325,27.3895833333331]]}},{"type":"Feature","properties":{"HYRIV_ID":20829274,"NEXT_DOWN":20828889,"MAIN_RIV":20812307,"LENGTH_KM":5.87,"CATCH_SKM":11.24,"DIS_AV_CMS":0.069,"ORD_STRA":3,"ORD_FLOW":8},"geometry":{"type":"LineString","coordinates":[[37.639583333332325,27.3895833333331],[37.64374999999907,27.3895833333331],[37.647916666665736,27.393749999999763],[37.647916666665736,27.397916666666426],[37.65624999999906,27.40624999999978],[37.65624999999906,27.410416666666443],[37.66874999999902,27.410416666666443],[37.672916666665685,27.41458333333309],[37.68124999999901,27.41458333333309]]}},{"type":"Feature","properties":{"HYRIV_ID":20829331,"NEXT_DOWN":20829270,"MAIN_RIV":20812307,"LENGTH_KM":2.99,"CATCH_SKM":16.77,"DIS_AV_CMS":0.006,"ORD_STRA":1,"ORD_FLOW":9},"geometry":{"type":"LineString","coordinates":[[37.09166666666573,27.38333333333312],[37.10208333333239,27.393749999999763],[37.10624999999905,27.393749999999763],[37.110416666665685,27.397916666666426],[37.11458333333235,27.397916666666426]]}},{"type":"Feature","properties":{"HYRIV_ID":20829385,"NEXT_DOWN":20829499,"MAIN_RIV":20832810,"LENGTH_KM":6.14,"CATCH_SKM":15.82,"DIS_AV_CMS":0.042,"ORD_STRA":2,"ORD_FLOW":8},"geometry":{"type":"LineString","coordinates":[[36.22708333333233,27.41458333333309],[36.22708333333233,27.410416666666443],[36.23124999999908,27.40624999999978],[36.23541666666574,27.40624999999978],[36.24791666666573,27.393749999999763],[36.24791666666573,27.3895833333331],[36.252083333332365,27.38541666666645],[36.25624999999903,27.3895833333331],[36.26041666666569,27.38541666666645],[36.26041666666569,27.38124999999979]]}},{"type":"Feature","properties":{"HYRIV_ID":20829386,"NEXT_DOWN":20829499,"MAIN_RIV":20832810,"LENGTH_KM":1.03,"CATCH_SKM":11.44,"DIS_AV_CMS":0.002,"ORD_STRA":1,"ORD_FLOW":9},"geometry":{"type":"LineString","coordinates":[[36.27083333333235,27.38124999999979],[36.26041666666569,27.38124999999979]]}},{"type":"Feature","properties":{"HYRIV_ID":20829387,"NEXT_DOWN":20828709,"MAIN_RIV":20834582,"LENGTH_KM":10.36,"CATCH_SKM":50.700001,"DIS_AV_CMS":0.031,"ORD_STRA":2,"ORD_FLOW":8},"geometry":{"type":"LineString","coordinates":[[36.70208333333241,27.38124999999979],[36.689583333332365,27.38124999999979],[36.68124999999904,27.3895833333331],[36.672916666665714,27.3895833333331],[36.66874999999905,27.393749999999763],[36.664583333332416,27.393749999999763],[36.66041666666567,27.397916666666426],[36.656249999999005,27.397916666666426],[36.65208333333234,27.402083333333074],[36.64791666666568,27.402083333333074],[36.64374999999902,27.40624999999978],[36.63958333333238,27.40624999999978],[36.62291666666573,27.422916666666417],[36.62291666666573,27.42708333333311]]}},{"type":"Feature","properties":{"HYRIV_ID":20829388,"NEXT_DOWN":20829387,"MAIN_RIV":20834582,"LENGTH_KM":2.01,"CATCH_SKM":15.44,"DIS_AV_CMS":0.004,"ORD_STRA":1,"ORD_FLOW":9},"geometry":{"type":"LineString","coordinates":[[36.71249999999907,27.395833333333094],[36.70624999999907,27.3895833333331],[36.70624999999907,27.38541666666645],[36.70208333333241,27.38124999999979]]}},{"type":"Feature","properties":{"HYRIV_ID":20829389,"NEXT_DOWN":20829387,"MAIN_RIV":20834582,"LENGTH_KM":3.81,"CATCH_SKM":39.650002,"DIS_AV_CMS":0.012,"ORD_STRA":1,"ORD_FLOW":8},"geometry":{"type":"LineString","coordinates":[[36.733333333332354,27.395833333333094],[36.72708333333236,27.3895833333331],[36.718749999999034,27.3895833333331],[36.7145833333324,27.38541666666645],[36.710416666665736,27.38541666666645],[36.70624999999907,27.38124999999979],[36.70208333333241,27.38124999999979]]}},{"type":"Feature","properties":{"HYRIV_ID":20829390,"NEXT_DOWN":20829857,"MAIN_RIV":20848032,"LENGTH_KM":1.03,"CATCH_SKM":12.39,"DIS_AV_CMS":0.004,"ORD_STRA":1,"ORD_FLOW":9},"geometry":{"type":"LineString","coordinates":[[36.90833333333234,27.38124999999979],[36.91874999999908,27.38124999999979]]}},{"type":"Feature","properties":{"HYRIV_ID":20829391,"NEXT_DOWN":20829857,"MAIN_RIV":20848032,"LENGTH_KM":1.39,"CATCH_SKM":2.1,"DIS_AV_CMS":0.043,"ORD_STRA":3,"ORD_FLOW":8},"geometry":{"type":"LineString","coordinates":[[36.91874999999908,27.393749999999763],[36.91874999999908,27.38124999999979]]}},{"type":"Feature","properties":{"HYRIV_ID":20829392,"NEXT_DOWN":20829007,"MAIN_RIV":20812307,"LENGTH_KM":5.4699998,"CATCH_SKM":16.959999,"DIS_AV_CMS":0.08,"ORD_STRA":3,"ORD_FLOW":8},"geometry":{"type":"LineString","coordinates":[[37.23958333333238,27.38124999999979],[37.247916666665674,27.3895833333331],[37.247916666665674,27.393749999999763],[37.24374999999901,27.397916666666426],[37.23958333333238,27.393749999999763],[37.23124999999905,27.393749999999763],[37.22708333333239,27.397916666666426],[37.22708333333239,27.402083333333074],[37.222916666665725,27.40624999999978]]}},{"type":"Feature","properties":{"HYRIV_ID":20829393,"NEXT_DOWN":20828821,"MAIN_RIV":20812307,"LENGTH_KM":5.83,"CATCH_SKM":17.91,"DIS_AV_CMS":0.095,"ORD_STRA":2,"ORD_FLOW":8},"geometry":{"type":"LineString","coordinates":[[37.75624999999903,27.38124999999979],[37.76041666666569,27.38541666666645],[37.74374999999904,27.402083333333074],[37.74374999999904,27.40624999999978],[37.73958333333229,27.40624999999978],[37.72708333333233,27.418749999999754]]}},{"type":"Feature","properties":{"HYRIV_ID":20829452,"NEXT_DOWN":20829062,"MAIN_RIV":20832810,"LENGTH_KM":5.5700002,"CATCH_SKM":28.780001,"DIS_AV_CMS":0.006,"ORD_STRA":1,"ORD_FLOW":9},"geometry":{"type":"LineString","coordinates":[[36.45416666666574,27.377083333333083],[36.443749999999085,27.377083333333083],[36.43124999999904,27.3895833333331],[36.42708333333238,27.3895833333331],[36.41874999999905,27.397916666666426],[36.41458333333239,27.397916666666426],[36.410416666665725,27.402083333333074]]}},{"type":"Feature","properties":{"HYRIV_ID":20829453,"NEXT_DOWN":20829065,"MAIN_RIV":20822745,"LENGTH_KM":4.2800002,"CATCH_SKM":22.690001,"DIS_AV_CMS":0.012,"ORD_STRA":1,"ORD_FLOW":8},"geometry":{"type":"LineString","coordinates":[[37.84583333333234,27.37499999999975],[37.83958333333237,27.38124999999979],[37.83958333333237,27.38541666666645],[37.83541666666571,27.3895833333331],[37.83958333333237,27.393749999999763],[37.831249999999045,27.402083333333074],[37.82708333333238,27.402083333333074]]}},{"type":"Feature","properties":{"HYRIV_ID":20829454,"NEXT_DOWN":20828954,"MAIN_RIV":20822745,"LENGTH_KM":5.7800002,"CATCH_SKM":32.98,"DIS_AV_CMS":0.017,"ORD_STRA":1,"ORD_FLOW":8},"geometry":{"type":"LineString","coordinates":[[37.9458333333323,27.37499999999975],[37.93124999999901,27.3895833333331],[37.93124999999901,27.397916666666426],[37.922916666665685,27.40624999999978],[37.91458333333239,27.40624999999978],[37.910416666665725,27.410416666666443]]}},{"type":"Feature","properties":{"HYRIV_ID":20829499,"NEXT_DOWN":20829671,"MAIN_RIV":20832810,"LENGTH_KM":1.08,"CATCH_SKM":0.76,"DIS_AV_CMS":0.044,"ORD_STRA":2,"ORD_FLOW":8},"geometry":{"type":"LineString","coordinates":[[36.26041666666569,27.38124999999979],[36.26041666666569,27.377083333333083],[36.25624999999903,27.37291666666642]]}},{"type":"Feature","properties":{"HYRIV_ID":20829500,"NEXT_DOWN":20828889,"MAIN_RIV":20812307,"LENGTH_KM":5.2600002,"CATCH_SKM":11.44,"DIS_AV_CMS":0.096,"ORD_STRA":2,"ORD_FLOW":8},"geometry":{"type":"LineString","coordinates":[[37.66458333333236,27.37291666666642],[37.66458333333236,27.377083333333083],[37.66874999999902,27.38124999999979],[37.66874999999902,27.38541666666645],[37.672916666665685,27.3895833333331],[37.672916666665685,27.393749999999763],[37.67708333333235,27.397916666666426],[37.67708333333235,27.40624999999978],[37.68124999999901,27.410416666666443],[37.68124999999901,27.41458333333309]]}},{"type":"Feature","properties":{"HYRIV_ID":20829552,"NEXT_DOWN":20829671,"MAIN_RIV":20832810,"LENGTH_KM":0.62,"CATCH_SKM":0.19,"DIS_AV_CMS":0.35600001,"ORD_STRA":5,"ORD_FLOW":7},"geometry":{"type":"LineString","coordinates":[[36.26041666666569,27.36874999999977],[36.25624999999903,27.37291666666642]]}},{"type":"Feature","properties":{"HYRIV_ID":20829553,"NEXT_DOWN":20829729,"MAIN_RIV":20832810,"LENGTH_KM":1.03,"CATCH_SKM":13.15,"DIS_AV_CMS":0.003,"ORD_STRA":1,"ORD_FLOW":9},"geometry":{"type":"LineString","coordinates":[[36.3708333333324,27.36874999999977],[36.36041666666574,27.36874999999977]]}},{"type":"Feature","properties":{"HYRIV_ID":20829554,"NEXT_DOWN":20829061,"MAIN_RIV":20832810,"LENGTH_KM":5.37,"CATCH_SKM":18.110001,"DIS_AV_CMS":0.004,"ORD_STRA":1,"ORD_FLOW":9},"geometry":{"type":"LineString","coordinates":[[36.41666666666572,27.36666666666644],[36.422916666665714,27.37291666666642],[36.422916666665714,27.377083333333083],[36.41458333333239,27.38541666666645],[36.41458333333239,27.3895833333331],[36.410416666665725,27.393749999999763],[36.406249999999005,27.393749999999763],[36.39791666666568,27.402083333333074]]}},{"type":"Feature","properties":{"HYRIV_ID":20829609,"NEXT_DOWN":20829552,"MAIN_RIV":20832810,"LENGTH_KM":2.27,"CATCH_SKM":3.4300001,"DIS_AV_CMS":0.353,"ORD_STRA":5,"ORD_FLOW":7},"geometry":{"type":"LineString","coordinates":[[36.28124999999906,27.36458333333311],[36.277083333332314,27.36874999999977],[36.26041666666569,27.36874999999977]]}},{"type":"Feature","properties":{"HYRIV_ID":20829610,"NEXT_DOWN":20829609,"MAIN_RIV":20832810,"LENGTH_KM":6.4899998,"CATCH_SKM":16.200001,"DIS_AV_CMS":0.325,"ORD_STRA":5,"ORD_FLOW":7},"geometry":{"type":"LineString","coordinates":[[36.318749999999085,27.393749999999763],[36.318749999999085,27.3895833333331],[36.32291666666575,27.38541666666645],[36.32291666666575,27.38124999999979],[36.31458333333242,27.37291666666642],[36.28958333333239,27.37291666666642],[36.28124999999906,27.36458333333311]]}},{"type":"Feature","properties":{"HYRIV_ID":20829611,"NEXT_DOWN":20829555,"MAIN_RIV":20822745,"LENGTH_KM":4.2600002,"CATCH_SKM":22.5,"DIS_AV_CMS":0.011,"ORD_STRA":1,"ORD_FLOW":8},"geometry":{"type":"LineString","coordinates":[[37.981249999998994,27.362499999999777],[37.981249999998994,27.37291666666642],[37.98958333333232,27.38124999999979],[38.002083333332365,27.36874999999977]]}},{"type":"Feature","properties":{"HYRIV_ID":20829670,"NEXT_DOWN":20829997,"MAIN_RIV":20832810,"LENGTH_KM":2.22,"CATCH_SKM":13.91,"DIS_AV_CMS":0.002,"ORD_STRA":1,"ORD_FLOW":9},"geometry":{"type":"LineString","coordinates":[[36.145833333332405,27.370833333333103],[36.1520833333324,27.36458333333311],[36.160416666665725,27.36458333333311],[36.160416666665725,27.360416666666445]]}},{"type":"Feature","properties":{"HYRIV_ID":20829671,"NEXT_DOWN":20829997,"MAIN_RIV":20832810,"LENGTH_KM":10.51,"CATCH_SKM":63.48,"DIS_AV_CMS":0.41100001,"ORD_STRA":5,"ORD_FLOW":7},"geometry":{"type":"LineString","coordinates":[[36.25624999999903,27.37291666666642],[36.252083333332365,27.36874999999977],[36.23541666666574,27.36874999999977],[36.23124999999908,27.36458333333311],[36.19791666666572,27.36458333333311],[36.193749999999085,27.36874999999977],[36.181249999999096,27.36874999999977],[36.17708333333235,27.36458333333311],[36.16458333333239,27.36458333333311],[36.160416666665725,27.360416666666445]]}},{"type":"Feature","properties":{"HYRIV_ID":20829672,"NEXT_DOWN":20829552,"MAIN_RIV":20832810,"LENGTH_KM":1.39,"CATCH_SKM":19.639999,"DIS_AV_CMS":0.003,"ORD_STRA":1,"ORD_FLOW":9},"geometry":{"type":"LineString","coordinates":[[36.266666666665685,27.358333333333128],[36.26041666666569,27.36458333333311],[36.26041666666569,27.36874999999977]]}},{"type":"Feature","properties":{"HYRIV_ID":20829673,"NEXT_DOWN":20829392,"MAIN_RIV":20812307,"LENGTH_KM":13.71,"CATCH_SKM":34.880001,"DIS_AV_CMS":0.046,"ORD_STRA":2,"ORD_FLOW":8},"geometry":{"type":"LineString","coordinates":[[37.13541666666566,27.3895833333331],[37.13958333333238,27.3895833333331],[37.143749999999045,27.38541666666645],[37.1604166666657,27.38541666666645],[37.16458333333233,27.38124999999979],[37.17291666666574,27.38124999999979],[37.177083333332405,27.377083333333083],[37.18124999999907,27.377083333333083],[37.18541666666573,27.38124999999979],[37.19374999999903,27.38124999999979],[37.19374999999903,27.377083333333083],[37.20624999999902,27.36458333333311],[37.21458333333234,27.36458333333311],[37.21874999999898,27.360416666666445],[37.222916666665725,27.360416666666445],[37.235416666665714,27.37291666666642],[37.235416666665714,27.377083333333083],[37.23958333333238,27.38124999999979]]}},{"type":"Feature","properties":{"HYRIV_ID":20829674,"NEXT_DOWN":20829392,"MAIN_RIV":20812307,"LENGTH_KM":4.5900002,"CATCH_SKM":10.48,"DIS_AV_CMS":0.026,"ORD_STRA":2,"ORD_FLOW":8},"geometry":{"type":"LineString","coordinates":[[37.27291666666571,27.360416666666445],[37.26041666666575,27.360416666666445],[37.247916666665674,27.37291666666642],[37.24374999999901,27.37291666666642],[37.23958333333238,27.377083333333083],[37.23958333333238,27.38124999999979]]}},{"type":"Feature","properties":{"HYRIV_ID":20829675,"NEXT_DOWN":20829674,"MAIN_RIV":20812307,"LENGTH_KM":6.1799998,"CATCH_SKM":27.07,"DIS_AV_CMS":0.012,"ORD_STRA":1,"ORD_FLOW":8},"geometry":{"type":"LineString","coordinates":[[37.31249999999906,27.38541666666645],[37.281249999999034,27.38541666666645],[37.27291666666571,27.377083333333083],[37.27291666666571,27.360416666666445]]}},{"type":"Feature","properties":{"HYRIV_ID":20829676,"NEXT_DOWN":20829674,"MAIN_RIV":20812307,"LENGTH_KM":2.06,"CATCH_SKM":21.35,"DIS_AV_CMS":0.009,"ORD_STRA":1,"ORD_FLOW":9},"geometry":{"type":"LineString","coordinates":[[37.29166666666569,27.36458333333311],[37.281249999999034,27.36458333333311],[37.27708333333237,27.360416666666445],[37.27291666666571,27.360416666666445]]}},{"type":"Feature","properties":{"HYRIV_ID":20829728,"NEXT_DOWN":20829609,"MAIN_RIV":20832810,"LENGTH_KM":1.65,"CATCH_SKM":2.29,"DIS_AV_CMS":0.027,"ORD_STRA":3,"ORD_FLOW":8},"geometry":{"type":"LineString","coordinates":[[36.29374999999905,27.356249999999754],[36.28958333333239,27.356249999999754],[36.28124999999906,27.36458333333311]]}},{"type":"Feature","properties":{"HYRIV_ID":20829729,"NEXT_DOWN":20829728,"MAIN_RIV":20832810,"LENGTH_KM":7.62,"CATCH_SKM":13.35,"DIS_AV_CMS":0.009,"ORD_STRA":2,"ORD_FLOW":9},"geometry":{"type":"LineString","coordinates":[[36.36041666666574,27.36874999999977],[36.3479166666657,27.36874999999977],[36.343749999999034,27.36458333333311],[36.32708333333241,27.36458333333311],[36.318749999999085,27.356249999999754],[36.30624999999901,27.356249999999754],[36.30208333333235,27.360416666666445],[36.297916666665714,27.360416666666445],[36.29374999999905,27.356249999999754]]}},{"type":"Feature","properties":{"HYRIV_ID":20829730,"NEXT_DOWN":20829729,"MAIN_RIV":20832810,"LENGTH_KM":2.32,"CATCH_SKM":18.110001,"DIS_AV_CMS":0.004,"ORD_STRA":1,"ORD_FLOW":9},"geometry":{"type":"LineString","coordinates":[[36.37499999999906,27.356249999999754],[36.36874999999907,27.356249999999754],[36.36041666666574,27.36458333333311],[36.36041666666574,27.36874999999977]]}},{"type":"Feature","properties":{"HYRIV_ID":20829731,"NEXT_DOWN":20828819,"MAIN_RIV":20812307,"LENGTH_KM":7.73,"CATCH_SKM":36.790001,"DIS_AV_CMS":0.017,"ORD_STRA":1,"ORD_FLOW":8},"geometry":{"type":"LineString","coordinates":[[37.44999999999902,27.354166666666423],[37.45624999999902,27.360416666666445],[37.45624999999902,27.38541666666645],[37.46041666666568,27.3895833333331],[37.46041666666568,27.410416666666443],[37.46458333333234,27.41458333333309],[37.46458333333234,27.418749999999754]]}},{"type":"Feature","properties":{"HYRIV_ID":20829732,"NEXT_DOWN":20829274,"MAIN_RIV":20812307,"LENGTH_KM":4.33,"CATCH_SKM":13.54,"DIS_AV_CMS":0.033,"ORD_STRA":2,"ORD_FLOW":8},"geometry":{"type":"LineString","coordinates":[[37.6229166666657,27.356249999999754],[37.63124999999903,27.36458333333311],[37.63124999999903,27.36874999999977],[37.63541666666566,27.37291666666642],[37.63541666666566,27.38124999999979],[37.639583333332325,27.38541666666645],[37.639583333332325,27.3895833333331]]}},{"type":"Feature","properties":{"HYRIV_ID":20829733,"NEXT_DOWN":20828954,"MAIN_RIV":20822745,"LENGTH_KM":7.27,"CATCH_SKM":43.279999,"DIS_AV_CMS":0.023,"ORD_STRA":1,"ORD_FLOW":8},"geometry":{"type":"LineString","coordinates":[[37.90416666666573,27.354166666666423],[37.89374999999899,27.36458333333311],[37.89791666666565,27.36874999999977],[37.89791666666565,27.3895833333331],[37.9020833333324,27.393749999999763],[37.9020833333324,27.402083333333074],[37.910416666665725,27.410416666666443]]}},{"type":"Feature","properties":{"HYRIV_ID":20829790,"NEXT_DOWN":20829732,"MAIN_RIV":20812307,"LENGTH_KM":0.93,"CATCH_SKM":10.68,"DIS_AV_CMS":0.005,"ORD_STRA":1,"ORD_FLOW":9},"geometry":{"type":"LineString","coordinates":[[37.61666666666571,27.34999999999976],[37.6229166666657,27.356249999999754]]}},{"type":"Feature","properties":{"HYRIV_ID":20829791,"NEXT_DOWN":20829393,"MAIN_RIV":20812307,"LENGTH_KM":4.9,"CATCH_SKM":27.84,"DIS_AV_CMS":0.014,"ORD_STRA":1,"ORD_FLOW":8},"geometry":{"type":"LineString","coordinates":[[37.724999999999,27.34999999999976],[37.752083333332365,27.377083333333083],[37.75624999999903,27.377083333333083],[37.75624999999903,27.38124999999979]]}},{"type":"Feature","properties":{"HYRIV_ID":20829855,"NEXT_DOWN":20829996,"MAIN_RIV":20832810,"LENGTH_KM":9.6400003,"CATCH_SKM":29.360001,"DIS_AV_CMS":0.005,"ORD_STRA":1,"ORD_FLOW":9},"geometry":{"type":"LineString","coordinates":[[36.02916666666573,27.38333333333312],[36.035416666665725,27.377083333333083],[36.03958333333239,27.377083333333083],[36.04374999999902,27.37291666666642],[36.04374999999902,27.36874999999977],[36.047916666665685,27.36458333333311],[36.05208333333235,27.36458333333311],[36.05624999999901,27.360416666666445],[36.06041666666576,27.36458333333311],[36.06458333333242,27.360416666666445],[36.068749999999056,27.360416666666445],[36.07291666666572,27.356249999999754],[36.07708333333238,27.356249999999754],[36.081249999999045,27.35208333333309],[36.08541666666571,27.35208333333309],[36.08958333333237,27.34791666666643],[36.102083333332416,27.34791666666643]]}},{"type":"Feature","properties":{"HYRIV_ID":20829856,"NEXT_DOWN":20829996,"MAIN_RIV":20832810,"LENGTH_KM":7.2199998,"CATCH_SKM":30.309999,"DIS_AV_CMS":0.31600001,"ORD_STRA":3,"ORD_FLOW":7},"geometry":{"type":"LineString","coordinates":[[36.07291666666572,27.397916666666426],[36.07291666666572,27.393749999999763],[36.068749999999056,27.3895833333331],[36.07291666666572,27.38541666666645],[36.07291666666572,27.38124999999979],[36.081249999999045,27.37291666666642],[36.081249999999045,27.36874999999977],[36.08541666666571,27.36458333333311],[36.08958333333237,27.36458333333311],[36.09791666666567,27.356249999999754],[36.09791666666567,27.35208333333309],[36.102083333332416,27.34791666666643]]}},{"type":"Feature","properties":{"HYRIV_ID":20829857,"NEXT_DOWN":20830000,"MAIN_RIV":20848032,"LENGTH_KM":6.1300001,"CATCH_SKM":30.879999,"DIS_AV_CMS":0.055,"ORD_STRA":3,"ORD_FLOW":8},"geometry":{"type":"LineString","coordinates":[[36.91874999999908,27.38124999999979],[36.92291666666574,27.377083333333083],[36.92708333333238,27.377083333333083],[36.93124999999904,27.37291666666642],[36.94374999999903,27.37291666666642],[36.94791666666569,27.36874999999977],[36.94791666666569,27.36458333333311],[36.952083333332354,27.360416666666445],[36.952083333332354,27.35208333333309],[36.95624999999899,27.34791666666643]]}},{"type":"Feature","properties":{"HYRIV_ID":20829858,"NEXT_DOWN":20830000,"MAIN_RIV":20848032,"LENGTH_KM":3.9400001,"CATCH_SKM":17.15,"DIS_AV_CMS":0.005,"ORD_STRA":1,"ORD_FLOW":9},"geometry":{"type":"LineString","coordinates":[[36.96874999999906,27.379166666666414],[36.96874999999906,27.360416666666445],[36.95624999999899,27.34791666666643]]}},{"type":"Feature","properties":{"HYRIV_ID":20829898,"NEXT_DOWN":20830206,"MAIN_RIV":20834582,"LENGTH_KM":1.39,"CATCH_SKM":12.39,"DIS_AV_CMS":0.003,"ORD_STRA":1,"ORD_FLOW":9},"geometry":{"type":"LineString","coordinates":[[36.57916666666574,27.354166666666423],[36.57291666666575,27.34791666666643],[36.57291666666575,27.34374999999978]]}},{"type":"Feature","properties":{"HYRIV_ID":20829996,"NEXT_DOWN":20830541,"MAIN_RIV":20832810,"LENGTH_KM":2.53,"CATCH_SKM":3.05,"DIS_AV_CMS":0.32100001,"ORD_STRA":3,"ORD_FLOW":7},"geometry":{"type":"LineString","coordinates":[[36.102083333332416,27.34791666666643],[36.10624999999908,27.34791666666643],[36.11041666666574,27.34374999999978],[36.114583333332405,27.34374999999978],[36.11874999999904,27.339583333333074],[36.11874999999904,27.335416666666454]]}},{"type":"Feature","properties":{"HYRIV_ID":20829997,"NEXT_DOWN":20830541,"MAIN_RIV":20832810,"LENGTH_KM":5.3600001,"CATCH_SKM":28.41,"DIS_AV_CMS":0.41800001,"ORD_STRA":5,"ORD_FLOW":7},"geometry":{"type":"LineString","coordinates":[[36.160416666665725,27.360416666666445],[36.1520833333324,27.35208333333309],[36.147916666665736,27.35208333333309],[36.13541666666569,27.339583333333074],[36.1229166666657,27.339583333333074],[36.11874999999904,27.335416666666454]]}},{"type":"Feature","properties":{"HYRIV_ID":20829998,"NEXT_DOWN":20829728,"MAIN_RIV":20832810,"LENGTH_KM":3.77,"CATCH_SKM":17.540001,"DIS_AV_CMS":0.018,"ORD_STRA":2,"ORD_FLOW":8},"geometry":{"type":"LineString","coordinates":[[36.318749999999085,27.335416666666454],[36.31041666666576,27.34374999999978],[36.30208333333235,27.34374999999978],[36.29374999999905,27.35208333333309],[36.29374999999905,27.356249999999754]]}},{"type":"Feature","properties":{"HYRIV_ID":20829999,"NEXT_DOWN":20830206,"MAIN_RIV":20834582,"LENGTH_KM":2.27,"CATCH_SKM":17.92,"DIS_AV_CMS":0.005,"ORD_STRA":1,"ORD_FLOW":9},"geometry":{"type":"LineString","coordinates":[[36.5916666666657,27.335416666666454],[36.585416666665736,27.335416666666454],[36.57708333333241,27.34374999999978],[36.57291666666575,27.34374999999978]]}},{"type":"Feature","properties":{"HYRIV_ID":20830000,"NEXT_DOWN":20830256,"MAIN_RIV":20848032,"LENGTH_KM":1.7,"CATCH_SKM":2.48,"DIS_AV_CMS":0.061,"ORD_STRA":3,"ORD_FLOW":8},"geometry":{"type":"LineString","coordinates":[[36.95624999999899,27.34791666666643],[36.960416666665736,27.34374999999978],[36.960416666665736,27.339583333333074],[36.9645833333324,27.335416666666454]]}},{"type":"Feature","properties":{"HYRIV_ID":20830001,"NEXT_DOWN":20830256,"MAIN_RIV":20848032,"LENGTH_KM":8.7700005,"CATCH_SKM":44.790001,"DIS_AV_CMS":0.014,"ORD_STRA":1,"ORD_FLOW":8},"geometry":{"type":"LineString","coordinates":[[36.999999999999005,27.395833333333094],[37.006249999999056,27.3895833333331],[37.006249999999056,27.377083333333083],[36.985416666665685,27.356249999999754],[36.98124999999902,27.356249999999754],[36.9645833333324,27.339583333333074],[36.9645833333324,27.335416666666454]]}},{"type":"Feature","properties":{"HYRIV_ID":20830002,"NEXT_DOWN":20830645,"MAIN_RIV":20848032,"LENGTH_KM":5.1100001,"CATCH_SKM":18.3,"DIS_AV_CMS":0.008,"ORD_STRA":1,"ORD_FLOW":9},"geometry":{"type":"LineString","coordinates":[[37.35833333333238,27.36874999999977],[37.35208333333239,27.36874999999977],[37.34791666666564,27.36458333333311],[37.34791666666564,27.356249999999754],[37.35208333333239,27.35208333333309],[37.35208333333239,27.34791666666643],[37.35624999999905,27.34374999999978],[37.34791666666564,27.335416666666454]]}},{"type":"Feature","properties":{"HYRIV_ID":20830003,"NEXT_DOWN":20830645,"MAIN_RIV":20848032,"LENGTH_KM":0.82,"CATCH_SKM":0.76,"DIS_AV_CMS":0.015,"ORD_STRA":2,"ORD_FLOW":8},"geometry":{"type":"LineString","coordinates":[[37.35624999999905,27.335416666666454],[37.34791666666564,27.335416666666454]]}},{"type":"Feature","properties":{"HYRIV_ID":20830004,"NEXT_DOWN":20830003,"MAIN_RIV":20848032,"LENGTH_KM":3.87,"CATCH_SKM":17.16,"DIS_AV_CMS":0.008,"ORD_STRA":1,"ORD_FLOW":9},"geometry":{"type":"LineString","coordinates":[[37.374999999999005,27.360416666666445],[37.36874999999904,27.360416666666445],[37.36458333333238,27.356249999999754],[37.36458333333238,27.34791666666643],[37.35624999999905,27.339583333333074],[37.35624999999905,27.335416666666454]]}},{"type":"Feature","properties":{"HYRIV_ID":20830005,"NEXT_DOWN":20830003,"MAIN_RIV":20848032,"LENGTH_KM":0.62,"CATCH_SKM":13.73,"DIS_AV_CMS":0.006,"ORD_STRA":1,"ORD_FLOW":9},"geometry":{"type":"LineString","coordinates":[[37.362499999999045,27.335416666666454],[37.35624999999905,27.335416666666454]]}},{"type":"Feature","properties":{"HYRIV_ID":20830006,"NEXT_DOWN":20828821,"MAIN_RIV":20812307,"LENGTH_KM":10.69,"CATCH_SKM":50.91,"DIS_AV_CMS":0.025,"ORD_STRA":1,"ORD_FLOW":8},"geometry":{"type":"LineString","coordinates":[[37.70208333333238,27.333333333333094],[37.70208333333238,27.37291666666642],[37.706249999999045,27.377083333333083],[37.706249999999045,27.393749999999763],[37.71458333333234,27.402083333333074],[37.71458333333234,27.40624999999978],[37.718749999999005,27.410416666666443],[37.72291666666575,27.410416666666443],[37.72708333333233,27.41458333333309],[37.72708333333233,27.418749999999754]]}},{"type":"Feature","properties":{"HYRIV_ID":20830059,"NEXT_DOWN":20829393,"MAIN_RIV":20812307,"LENGTH_KM":6.9099998,"CATCH_SKM":17.92,"DIS_AV_CMS":0.072,"ORD_STRA":2,"ORD_FLOW":8},"geometry":{"type":"LineString","coordinates":[[37.785416666665725,27.331249999999763],[37.785416666665725,27.34791666666643],[37.78124999999906,27.35208333333309],[37.78124999999906,27.360416666666445],[37.764583333332325,27.377083333333083],[37.76041666666569,27.377083333333083],[37.75624999999903,27.38124999999979]]}},{"type":"Feature","properties":{"HYRIV_ID":20830150,"NEXT_DOWN":20830479,"MAIN_RIV":20848032,"LENGTH_KM":13.35,"CATCH_SKM":51.669998,"DIS_AV_CMS":0.022,"ORD_STRA":1,"ORD_FLOW":8},"geometry":{"type":"LineString","coordinates":[[37.13333333333233,27.34999999999976],[37.143749999999045,27.360416666666445],[37.1604166666657,27.360416666666445],[37.16458333333233,27.36458333333311],[37.18124999999907,27.36458333333311],[37.19791666666569,27.34791666666643],[37.20624999999902,27.34791666666643],[37.21041666666568,27.35208333333309],[37.21458333333234,27.35208333333309],[37.21874999999898,27.34791666666643],[37.21874999999898,27.331249999999763],[37.21458333333234,27.3270833333331],[37.21458333333234,27.322916666666437]]}},{"type":"Feature","properties":{"HYRIV_ID":20830151,"NEXT_DOWN":20827906,"MAIN_RIV":20812307,"LENGTH_KM":26.620001,"CATCH_SKM":92.82,"DIS_AV_CMS":0.043,"ORD_STRA":1,"ORD_FLOW":8},"geometry":{"type":"LineString","coordinates":[[37.49583333333237,27.320833333333105],[37.506249999999,27.331249999999763],[37.506249999999,27.335416666666454],[37.51458333333241,27.34374999999978],[37.51041666666566,27.34791666666643],[37.51458333333241,27.35208333333309],[37.51458333333241,27.360416666666445],[37.53958333333236,27.38541666666645],[37.547916666665685,27.38541666666645],[37.55208333333235,27.3895833333331],[37.55624999999898,27.3895833333331],[37.56041666666573,27.393749999999763],[37.56458333333239,27.393749999999763],[37.568749999999056,27.397916666666426],[37.568749999999056,27.402083333333074],[37.57291666666572,27.40624999999978],[37.57708333333238,27.40624999999978],[37.58541666666568,27.41458333333309],[37.58958333333234,27.410416666666443],[37.59791666666567,27.418749999999754],[37.59791666666567,27.42708333333311],[37.60208333333233,27.43124999999977],[37.60208333333233,27.435416666666434],[37.606249999998965,27.439583333333083],[37.606249999998965,27.44791666666645],[37.63541666666566,27.47708333333309],[37.63541666666566,27.481249999999754],[37.639583333332325,27.48541666666646],[37.64374999999907,27.48541666666646]]}},{"type":"Feature","properties":{"HYRIV_ID":20830204,"NEXT_DOWN":20830372,"MAIN_RIV":20834582,"LENGTH_KM":12.42,"CATCH_SKM":69.0,"DIS_AV_CMS":0.127,"ORD_STRA":3,"ORD_FLOW":7},"geometry":{"type":"LineString","coordinates":[[36.52708333333234,27.410416666666443],[36.51874999999902,27.402083333333074],[36.514583333332354,27.402083333333074],[36.506249999999056,27.393749999999763],[36.50208333333239,27.393749999999763],[36.49791666666573,27.3895833333331],[36.49791666666573,27.38541666666645],[36.49374999999907,27.38124999999979],[36.49374999999907,27.360416666666445],[36.49791666666573,27.356249999999754],[36.49791666666573,27.335416666666454],[36.506249999999056,27.3270833333331],[36.506249999999056,27.31874999999979]]}},{"type":"Feature","properties":{"HYRIV_ID":20830205,"NEXT_DOWN":20830372,"MAIN_RIV":20834582,"LENGTH_KM":1.24,"CATCH_SKM":1.91,"DIS_AV_CMS":0.107,"ORD_STRA":3,"ORD_FLOW":7},"geometry":{"type":"LineString","coordinates":[[36.51874999999902,27.31874999999979],[36.506249999999056,27.31874999999979]]}},{"type":"Feature","properties":{"HYRIV_ID":20830206,"NEXT_DOWN":20830205,"MAIN_RIV":20834582,"LENGTH_KM":8.29,"CATCH_SKM":25.360001,"DIS_AV_CMS":0.015,"ORD_STRA":2,"ORD_FLOW":8},"geometry":{"type":"LineString","coordinates":[[36.57291666666575,27.34374999999978],[36.568749999999,27.34374999999978],[36.56458333333234,27.339583333333074],[36.5604166666657,27.339583333333074],[36.55624999999904,27.34374999999978],[36.52291666666568,27.34374999999978],[36.52291666666568,27.331249999999763],[36.51874999999902,27.3270833333331],[36.51874999999902,27.31874999999979]]}},{"type":"Feature","properties":{"HYRIV_ID":20830207,"NEXT_DOWN":20830479,"MAIN_RIV":20848032,"LENGTH_KM":8.1400003,"CATCH_SKM":28.42,"DIS_AV_CMS":0.012,"ORD_STRA":1,"ORD_FLOW":8},"geometry":{"type":"LineString","coordinates":[[37.14583333333238,27.32499999999977],[37.15208333333237,27.31874999999979],[37.156249999999034,27.322916666666437],[37.1604166666657,27.322916666666437],[37.16458333333233,27.3270833333331],[37.18124999999907,27.3270833333331],[37.18541666666573,27.331249999999763],[37.19791666666569,27.331249999999763],[37.202083333332354,27.3270833333331],[37.21041666666568,27.3270833333331],[37.21458333333234,27.322916666666437]]}},{"type":"Feature","properties":{"HYRIV_ID":20830208,"NEXT_DOWN":20829273,"MAIN_RIV":20812307,"LENGTH_KM":16.469999,"CATCH_SKM":49.959999,"DIS_AV_CMS":0.024,"ORD_STRA":1,"ORD_FLOW":8},"geometry":{"type":"LineString","coordinates":[[37.51458333333241,27.316666666666457],[37.51458333333241,27.322916666666437],[37.51874999999899,27.322916666666437],[37.531249999999034,27.335416666666454],[37.531249999999034,27.34374999999978],[37.5354166666657,27.34791666666643],[37.53958333333236,27.34791666666643],[37.547916666665685,27.356249999999754],[37.568749999999056,27.356249999999754],[37.57291666666572,27.360416666666445],[37.58124999999902,27.360416666666445],[37.58541666666568,27.36458333333311],[37.593749999999005,27.36458333333311],[37.59791666666567,27.36874999999977],[37.60208333333233,27.36874999999977],[37.61458333333238,27.38124999999979],[37.6229166666657,27.38124999999979],[37.627083333332365,27.38541666666645],[37.63124999999903,27.38541666666645],[37.63541666666566,27.3895833333331]]}},{"type":"Feature","properties":{"HYRIV_ID":20830209,"NEXT_DOWN":20830210,"MAIN_RIV":20812307,"LENGTH_KM":2.27,"CATCH_SKM":15.26,"DIS_AV_CMS":0.008,"ORD_STRA":1,"ORD_FLOW":9},"geometry":{"type":"LineString","coordinates":[[37.75833333333236,27.3270833333331],[37.764583333332325,27.3270833333331],[37.77291666666565,27.31874999999979],[37.7770833333324,27.31874999999979]]}},{"type":"Feature","properties":{"HYRIV_ID":20830210,"NEXT_DOWN":20830059,"MAIN_RIV":20812307,"LENGTH_KM":1.7,"CATCH_SKM":2.29,"DIS_AV_CMS":0.045,"ORD_STRA":2,"ORD_FLOW":8},"geometry":{"type":"LineString","coordinates":[[37.7770833333324,27.31874999999979],[37.785416666665725,27.3270833333331],[37.785416666665725,27.331249999999763]]}},{"type":"Feature","properties":{"HYRIV_ID":20830253,"NEXT_DOWN":20829998,"MAIN_RIV":20832810,"LENGTH_KM":2.9400001,"CATCH_SKM":16.98,"DIS_AV_CMS":0.003,"ORD_STRA":1,"ORD_FLOW":9},"geometry":{"type":"LineString","coordinates":[[36.30833333333234,27.31249999999975],[36.31458333333242,27.31874999999979],[36.31458333333242,27.3270833333331],[36.318749999999085,27.331249999999763],[36.318749999999085,27.335416666666454]]}},{"type":"Feature","properties":{"HYRIV_ID":20830254,"NEXT_DOWN":20830205,"MAIN_RIV":20834582,"LENGTH_KM":1.4400001,"CATCH_SKM":4.77,"DIS_AV_CMS":0.092,"ORD_STRA":3,"ORD_FLOW":8},"geometry":{"type":"LineString","coordinates":[[36.53124999999909,27.314583333333083],[36.52708333333234,27.31874999999979],[36.51874999999902,27.31874999999979]]}},{"type":"Feature","properties":{"HYRIV_ID":20830255,"NEXT_DOWN":20830991,"MAIN_RIV":20848032,"LENGTH_KM":1.65,"CATCH_SKM":16.02,"DIS_AV_CMS":0.006,"ORD_STRA":1,"ORD_FLOW":9},"geometry":{"type":"LineString","coordinates":[[36.94583333333236,27.31874999999979],[36.952083333332354,27.31874999999979],[36.95624999999899,27.314583333333083],[36.960416666665736,27.314583333333083]]}},{"type":"Feature","properties":{"HYRIV_ID":20830256,"NEXT_DOWN":20830991,"MAIN_RIV":20848032,"LENGTH_KM":2.47,"CATCH_SKM":8.0100002,"DIS_AV_CMS":0.078,"ORD_STRA":3,"ORD_FLOW":8},"geometry":{"type":"LineString","coordinates":[[36.9645833333324,27.335416666666454],[36.960416666665736,27.331249999999763],[36.960416666665736,27.314583333333083]]}},{"type":"Feature","properties":{"HYRIV_ID":20830311,"NEXT_DOWN":20830477,"MAIN_RIV":20848032,"LENGTH_KM":3.61,"CATCH_SKM":17.549999,"DIS_AV_CMS":0.006,"ORD_STRA":1,"ORD_FLOW":9},"geometry":{"type":"LineString","coordinates":[[36.779166666665674,27.320833333333105],[36.78541666666575,27.314583333333083],[36.797916666665714,27.314583333333083],[36.80208333333238,27.31041666666642],[36.8104166666657,27.31041666666642]]}},{"type":"Feature","properties":{"HYRIV_ID":20830312,"NEXT_DOWN":20830477,"MAIN_RIV":20848032,"LENGTH_KM":6.1100001,"CATCH_SKM":26.690001,"DIS_AV_CMS":0.009,"ORD_STRA":1,"ORD_FLOW":9},"geometry":{"type":"LineString","coordinates":[[36.789583333332416,27.358333333333128],[36.789583333332416,27.34791666666643],[36.80624999999904,27.331249999999763],[36.80624999999904,27.3270833333331],[36.8104166666657,27.322916666666437],[36.8104166666657,27.31041666666642]]}},{"type":"Feature","properties":{"HYRIV_ID":20830313,"NEXT_DOWN":20830931,"MAIN_RIV":20848032,"LENGTH_KM":4.0900002,"CATCH_SKM":23.639999,"DIS_AV_CMS":0.009,"ORD_STRA":1,"ORD_FLOW":9},"geometry":{"type":"LineString","coordinates":[[37.064583333332365,27.34583333333311],[37.064583333332365,27.335416666666454],[37.0604166666657,27.331249999999763],[37.0604166666657,27.31041666666642]]}},{"type":"Feature","properties":{"HYRIV_ID":20830314,"NEXT_DOWN":20830931,"MAIN_RIV":20848032,"LENGTH_KM":1.03,"CATCH_SKM":13.92,"DIS_AV_CMS":0.006,"ORD_STRA":1,"ORD_FLOW":9},"geometry":{"type":"LineString","coordinates":[[37.07083333333236,27.31041666666642],[37.0604166666657,27.31041666666642]]}},{"type":"Feature","properties":{"HYRIV_ID":20830315,"NEXT_DOWN":20829732,"MAIN_RIV":20812307,"LENGTH_KM":10.52,"CATCH_SKM":44.25,"DIS_AV_CMS":0.022,"ORD_STRA":1,"ORD_FLOW":8},"geometry":{"type":"LineString","coordinates":[[37.56249999999906,27.30833333333309],[37.568749999999056,27.314583333333083],[37.593749999999005,27.314583333333083],[37.60208333333233,27.322916666666437],[37.606249999998965,27.322916666666437],[37.61041666666563,27.3270833333331],[37.61458333333238,27.3270833333331],[37.61874999999904,27.331249999999763],[37.6229166666657,27.331249999999763],[37.63124999999903,27.339583333333074],[37.63124999999903,27.34374999999978],[37.627083333332365,27.34791666666643],[37.627083333332365,27.35208333333309],[37.6229166666657,27.356249999999754]]}},{"type":"Feature","properties":{"HYRIV_ID":20830371,"NEXT_DOWN":20831095,"MAIN_RIV":20834582,"LENGTH_KM":0.62,"CATCH_SKM":16.780001,"DIS_AV_CMS":0.004,"ORD_STRA":1,"ORD_FLOW":9},"geometry":{"type":"LineString","coordinates":[[36.48749999999899,27.30624999999977],[36.49374999999907,27.30624999999977]]}},{"type":"Feature","properties":{"HYRIV_ID":20830372,"NEXT_DOWN":20831095,"MAIN_RIV":20834582,"LENGTH_KM":1.86,"CATCH_SKM":4.58,"DIS_AV_CMS":0.234,"ORD_STRA":4,"ORD_FLOW":7},"geometry":{"type":"LineString","coordinates":[[36.506249999999056,27.31874999999979],[36.49374999999907,27.30624999999977]]}},{"type":"Feature","properties":{"HYRIV_ID":20830373,"NEXT_DOWN":20830210,"MAIN_RIV":20812307,"LENGTH_KM":1.55,"CATCH_SKM":3.81,"DIS_AV_CMS":0.036,"ORD_STRA":2,"ORD_FLOW":8},"geometry":{"type":"LineString","coordinates":[[37.77291666666565,27.30624999999977],[37.77291666666565,27.31041666666642],[37.7770833333324,27.314583333333083],[37.7770833333324,27.31874999999979]]}},{"type":"Feature","properties":{"HYRIV_ID":20830416,"NEXT_DOWN":20830990,"MAIN_RIV":20848032,"LENGTH_KM":9.62,"CATCH_SKM":30.32,"DIS_AV_CMS":0.01,"ORD_STRA":1,"ORD_FLOW":8},"geometry":{"type":"LineString","coordinates":[[36.86874999999901,27.362499999999777],[36.86874999999901,27.356249999999754],[36.86458333333235,27.35208333333309],[36.86458333333235,27.34791666666643],[36.86874999999901,27.34374999999978],[36.86874999999901,27.339583333333074],[36.872916666665674,27.335416666666454],[36.872916666665674,27.331249999999763],[36.88124999999897,27.322916666666437],[36.88124999999897,27.31874999999979],[36.88541666666572,27.314583333333083],[36.88541666666572,27.31041666666642],[36.893749999999045,27.30208333333311],[36.91041666666567,27.30208333333311]]}},{"type":"Feature","properties":{"HYRIV_ID":20830417,"NEXT_DOWN":20830990,"MAIN_RIV":20848032,"LENGTH_KM":2.78,"CATCH_SKM":16.59,"DIS_AV_CMS":0.006,"ORD_STRA":1,"ORD_FLOW":9},"geometry":{"type":"LineString","coordinates":[[36.89583333333238,27.31874999999979],[36.90208333333234,27.31874999999979],[36.906249999999005,27.314583333333083],[36.906249999999005,27.31041666666642],[36.91041666666567,27.30624999999977],[36.91041666666567,27.30208333333311]]}},{"type":"Feature","properties":{"HYRIV_ID":20830477,"NEXT_DOWN":20830700,"MAIN_RIV":20848032,"LENGTH_KM":1.7,"CATCH_SKM":1.53,"DIS_AV_CMS":0.015,"ORD_STRA":2,"ORD_FLOW":8},"geometry":{"type":"LineString","coordinates":[[36.8104166666657,27.31041666666642],[36.8104166666657,27.30624999999977],[36.81874999999903,27.297916666666403]]}},{"type":"Feature","properties":{"HYRIV_ID":20830478,"NEXT_DOWN":20830700,"MAIN_RIV":20848032,"LENGTH_KM":16.879999,"CATCH_SKM":85.0,"DIS_AV_CMS":0.027,"ORD_STRA":1,"ORD_FLOW":8},"geometry":{"type":"LineString","coordinates":[[36.789583333332416,27.42916666666644],[36.789583333332416,27.422916666666417],[36.79374999999908,27.418749999999754],[36.79374999999908,27.410416666666443],[36.797916666665714,27.40624999999978],[36.797916666665714,27.402083333333074],[36.8104166666657,27.3895833333331],[36.8104166666657,27.38541666666645],[36.81874999999903,27.377083333333083],[36.82291666666569,27.377083333333083],[36.82291666666569,27.37291666666642],[36.827083333332325,27.36874999999977],[36.827083333332325,27.36458333333311],[36.82291666666569,27.360416666666445],[36.82291666666569,27.335416666666454],[36.81874999999903,27.331249999999763],[36.81874999999903,27.31874999999979],[36.82291666666569,27.314583333333083],[36.82291666666569,27.30208333333311],[36.81874999999903,27.297916666666403]]}},{"type":"Feature","properties":{"HYRIV_ID":20830479,"NEXT_DOWN":20830544,"MAIN_RIV":20848032,"LENGTH_KM":3.82,"CATCH_SKM":15.26,"DIS_AV_CMS":0.041,"ORD_STRA":2,"ORD_FLOW":8},"geometry":{"type":"LineString","coordinates":[[37.21458333333234,27.322916666666437],[37.21458333333234,27.31874999999979],[37.222916666665725,27.31041666666642],[37.222916666665725,27.30624999999977],[37.23124999999905,27.297916666666403],[37.235416666665714,27.297916666666403]]}},{"type":"Feature","properties":{"HYRIV_ID":20830541,"NEXT_DOWN":20830696,"MAIN_RIV":20832810,"LENGTH_KM":5.73,"CATCH_SKM":23.27,"DIS_AV_CMS":0.74199998,"ORD_STRA":5,"ORD_FLOW":7},"geometry":{"type":"LineString","coordinates":[[36.11874999999904,27.335416666666454],[36.13541666666569,27.31874999999979],[36.13541666666569,27.31041666666642],[36.139583333332354,27.30624999999977],[36.13541666666569,27.30208333333311],[36.139583333332354,27.297916666666403],[36.139583333332354,27.293749999999754]]}},{"type":"Feature","properties":{"HYRIV_ID":20830542,"NEXT_DOWN":20830254,"MAIN_RIV":20834582,"LENGTH_KM":5.98,"CATCH_SKM":24.99,"DIS_AV_CMS":0.085,"ORD_STRA":3,"ORD_FLOW":8},"geometry":{"type":"LineString","coordinates":[[36.58124999999907,27.293749999999754],[36.57708333333241,27.297916666666403],[36.57291666666575,27.297916666666403],[36.568749999999,27.30208333333311],[36.55208333333238,27.30208333333311],[36.53958333333239,27.314583333333083],[36.53124999999909,27.314583333333083]]}},{"type":"Feature","properties":{"HYRIV_ID":20830543,"NEXT_DOWN":20830699,"MAIN_RIV":20834582,"LENGTH_KM":0.93,"CATCH_SKM":12.21,"DIS_AV_CMS":0.004,"ORD_STRA":1,"ORD_FLOW":9},"geometry":{"type":"LineString","coordinates":[[36.64583333333235,27.299999999999734],[36.63958333333238,27.293749999999754]]}},{"type":"Feature","properties":{"HYRIV_ID":20830544,"NEXT_DOWN":20830644,"MAIN_RIV":20848032,"LENGTH_KM":1.4400001,"CATCH_SKM":2.6700001,"DIS_AV_CMS":0.062,"ORD_STRA":2,"ORD_FLOW":8},"geometry":{"type":"LineString","coordinates":[[37.235416666665714,27.297916666666403],[37.23958333333238,27.293749999999754],[37.247916666665674,27.293749999999754]]}},{"type":"Feature","properties":{"HYRIV_ID":20830545,"NEXT_DOWN":20830644,"MAIN_RIV":20848032,"LENGTH_KM":1.86,"CATCH_SKM":22.879999,"DIS_AV_CMS":0.01,"ORD_STRA":1,"ORD_FLOW":8},"geometry":{"type":"LineString","coordinates":[[37.24166666666568,27.30833333333309],[37.247916666665674,27.30208333333311],[37.247916666665674,27.293749999999754]]}},{"type":"Feature","properties":{"HYRIV_ID":20830592,"NEXT_DOWN":20830696,"MAIN_RIV":20832810,"LENGTH_KM":11.86,"CATCH_SKM":46.16,"DIS_AV_CMS":0.007,"ORD_STRA":1,"ORD_FLOW":9},"geometry":{"type":"LineString","coordinates":[[36.22916666666566,27.31041666666642],[36.206249999999045,27.31041666666642],[36.20208333333238,27.314583333333083],[36.193749999999085,27.30624999999977],[36.193749999999085,27.30208333333311],[36.18958333333242,27.297916666666403],[36.18541666666576,27.30208333333311],[36.181249999999096,27.30208333333311],[36.181249999999096,27.297916666666403],[36.17708333333235,27.293749999999754],[36.172916666665685,27.293749999999754],[36.16874999999905,27.297916666666403],[36.160416666665725,27.28958333333309],[36.1520833333324,27.28958333333309],[36.147916666665736,27.293749999999754],[36.139583333332354,27.293749999999754]]}},{"type":"Feature","properties":{"HYRIV_ID":20830593,"NEXT_DOWN":20829998,"MAIN_RIV":20832810,"LENGTH_KM":10.93,"CATCH_SKM":65.809998,"DIS_AV_CMS":0.012,"ORD_STRA":1,"ORD_FLOW":8},"geometry":{"type":"LineString","coordinates":[[36.399999999999096,27.28749999999976],[36.39374999999902,27.293749999999754],[36.38124999999903,27.293749999999754],[36.37708333333239,27.297916666666403],[36.37291666666573,27.297916666666403],[36.364583333332405,27.30624999999977],[36.35208333333236,27.30624999999977],[36.3479166666657,27.31041666666642],[36.343749999999034,27.31041666666642],[36.343749999999034,27.314583333333083],[36.33958333333237,27.31874999999979],[36.33958333333237,27.322916666666437],[36.331249999999045,27.331249999999763],[36.32291666666575,27.331249999999763],[36.318749999999085,27.335416666666454]]}},{"type":"Feature","properties":{"HYRIV_ID":20830594,"NEXT_DOWN":20830254,"MAIN_RIV":20834582,"LENGTH_KM":4.1300001,"CATCH_SKM":22.32,"DIS_AV_CMS":0.006,"ORD_STRA":1,"ORD_FLOW":9},"geometry":{"type":"LineString","coordinates":[[36.54583333333238,27.28749999999976],[36.53958333333239,27.293749999999754],[36.53541666666575,27.293749999999754],[36.53124999999909,27.297916666666403],[36.53124999999909,27.30208333333311],[36.52708333333234,27.30624999999977],[36.52708333333234,27.31041666666642],[36.53124999999909,27.314583333333083]]}},{"type":"Feature","properties":{"HYRIV_ID":20830595,"NEXT_DOWN":20830542,"MAIN_RIV":20834582,"LENGTH_KM":1.96,"CATCH_SKM":13.73,"DIS_AV_CMS":0.004,"ORD_STRA":1,"ORD_FLOW":9},"geometry":{"type":"LineString","coordinates":[[36.595833333332365,27.29583333333307],[36.58958333333237,27.28958333333309],[36.585416666665736,27.293749999999754],[36.58124999999907,27.293749999999754]]}},{"type":"Feature","properties":{"HYRIV_ID":20830596,"NEXT_DOWN":20830699,"MAIN_RIV":20834582,"LENGTH_KM":2.47,"CATCH_SKM":13.73,"DIS_AV_CMS":0.004,"ORD_STRA":1,"ORD_FLOW":9},"geometry":{"type":"LineString","coordinates":[[36.662499999999085,27.28958333333309],[36.64791666666568,27.28958333333309],[36.64374999999902,27.293749999999754],[36.63958333333238,27.293749999999754]]}},{"type":"Feature","properties":{"HYRIV_ID":20830643,"NEXT_DOWN":20830542,"MAIN_RIV":20834582,"LENGTH_KM":2.48,"CATCH_SKM":4.58,"DIS_AV_CMS":0.074,"ORD_STRA":3,"ORD_FLOW":8},"geometry":{"type":"LineString","coordinates":[[36.60208333333236,27.28541666666643],[36.58958333333237,27.28541666666643],[36.58124999999907,27.293749999999754]]}},{"type":"Feature","properties":{"HYRIV_ID":20830644,"NEXT_DOWN":20831249,"MAIN_RIV":20848032,"LENGTH_KM":1.08,"CATCH_SKM":2.29,"DIS_AV_CMS":0.074,"ORD_STRA":2,"ORD_FLOW":8},"geometry":{"type":"LineString","coordinates":[[37.247916666665674,27.293749999999754],[37.25208333333234,27.28958333333309],[37.25208333333234,27.28541666666643]]}},{"type":"Feature","properties":{"HYRIV_ID":20830645,"NEXT_DOWN":20831249,"MAIN_RIV":20848032,"LENGTH_KM":13.66,"CATCH_SKM":64.470001,"DIS_AV_CMS":0.054,"ORD_STRA":2,"ORD_FLOW":8},"geometry":{"type":"LineString","coordinates":[[37.34791666666564,27.335416666666454],[37.343749999999005,27.331249999999763],[37.343749999999005,27.322916666666437],[37.33958333333234,27.31874999999979],[37.33958333333234,27.30624999999977],[37.327083333332354,27.30624999999977],[37.32291666666569,27.30208333333311],[37.31874999999903,27.30208333333311],[37.31458333333239,27.297916666666403],[37.30624999999907,27.297916666666403],[37.29791666666566,27.28958333333309],[37.293749999998994,27.293749999999754],[37.28958333333236,27.293749999999754],[37.281249999999034,27.28541666666643],[37.25208333333234,27.28541666666643]]}},{"type":"Feature","properties":{"HYRIV_ID":20830696,"NEXT_DOWN":20830755,"MAIN_RIV":20832810,"LENGTH_KM":2.12,"CATCH_SKM":2.48,"DIS_AV_CMS":0.75,"ORD_STRA":5,"ORD_FLOW":7},"geometry":{"type":"LineString","coordinates":[[36.139583333332354,27.293749999999754],[36.13541666666569,27.28958333333309],[36.13124999999903,27.28958333333309],[36.13124999999903,27.28541666666643],[36.127083333332365,27.281249999999766]]}},{"type":"Feature","properties":{"HYRIV_ID":20830697,"NEXT_DOWN":20830643,"MAIN_RIV":20834582,"LENGTH_KM":2.6800001,"CATCH_SKM":6.29,"DIS_AV_CMS":0.05,"ORD_STRA":3,"ORD_FLOW":8},"geometry":{"type":"LineString","coordinates":[[36.62708333333239,27.281249999999766],[36.61874999999898,27.281249999999766],[36.61458333333235,27.28541666666643],[36.60208333333236,27.28541666666643]]}},{"type":"Feature","properties":{"HYRIV_ID":20830698,"NEXT_DOWN":20830697,"MAIN_RIV":20834582,"LENGTH_KM":4.71,"CATCH_SKM":20.02,"DIS_AV_CMS":0.006,"ORD_STRA":1,"ORD_FLOW":9},"geometry":{"type":"LineString","coordinates":[[36.63541666666572,27.320833333333105],[36.63541666666572,27.31041666666642],[36.62708333333239,27.30208333333311],[36.62708333333239,27.281249999999766]]}},{"type":"Feature","properties":{"HYRIV_ID":20830699,"NEXT_DOWN":20830697,"MAIN_RIV":20834582,"LENGTH_KM":1.86,"CATCH_SKM":1.72,"DIS_AV_CMS":0.008,"ORD_STRA":2,"ORD_FLOW":9},"geometry":{"type":"LineString","coordinates":[[36.63958333333238,27.293749999999754],[36.62708333333239,27.281249999999766]]}},{"type":"Feature","properties":{"HYRIV_ID":20830700,"NEXT_DOWN":20830989,"MAIN_RIV":20848032,"LENGTH_KM":2.32,"CATCH_SKM":8.58,"DIS_AV_CMS":0.044,"ORD_STRA":2,"ORD_FLOW":8},"geometry":{"type":"LineString","coordinates":[[36.81874999999903,27.297916666666403],[36.827083333332325,27.28958333333309],[36.827083333332325,27.28541666666643],[36.83124999999907,27.281249999999766]]}},{"type":"Feature","properties":{"HYRIV_ID":20830701,"NEXT_DOWN":20830989,"MAIN_RIV":20848032,"LENGTH_KM":5.0500002,"CATCH_SKM":22.129999,"DIS_AV_CMS":0.008,"ORD_STRA":1,"ORD_FLOW":9},"geometry":{"type":"LineString","coordinates":[[36.84583333333239,27.31041666666642],[36.8395833333324,27.31041666666642],[36.835416666665736,27.30624999999977],[36.835416666665736,27.30208333333311],[36.8395833333324,27.297916666666403],[36.835416666665736,27.293749999999754],[36.8395833333324,27.28958333333309],[36.8395833333324,27.28541666666643],[36.835416666665736,27.281249999999766],[36.83124999999907,27.281249999999766]]}},{"type":"Feature","properties":{"HYRIV_ID":20830702,"NEXT_DOWN":20830544,"MAIN_RIV":20848032,"LENGTH_KM":10.52,"CATCH_SKM":44.07,"DIS_AV_CMS":0.02,"ORD_STRA":1,"ORD_FLOW":8},"geometry":{"type":"LineString","coordinates":[[37.14583333333238,27.281249999999766],[37.156249999999034,27.281249999999766],[37.1604166666657,27.28541666666643],[37.16458333333233,27.28541666666643],[37.168749999998994,27.28958333333309],[37.18124999999907,27.28958333333309],[37.18541666666573,27.28541666666643],[37.189583333332365,27.28541666666643],[37.19374999999903,27.281249999999766],[37.19791666666569,27.28541666666643],[37.20624999999902,27.28541666666643],[37.21041666666568,27.28958333333309],[37.22708333333239,27.28958333333309],[37.235416666665714,27.297916666666403]]}},{"type":"Feature","properties":{"HYRIV_ID":20830755,"NEXT_DOWN":20831093,"MAIN_RIV":20832810,"LENGTH_KM":1.03,"CATCH_SKM":0.95,"DIS_AV_CMS":0.76200002,"ORD_STRA":5,"ORD_FLOW":7},"geometry":{"type":"LineString","coordinates":[[36.127083333332365,27.281249999999766],[36.1229166666657,27.281249999999766],[36.11874999999904,27.277083333333117]]}},{"type":"Feature","properties":{"HYRIV_ID":20830756,"NEXT_DOWN":20830373,"MAIN_RIV":20812307,"LENGTH_KM":7.1100001,"CATCH_SKM":35.3,"DIS_AV_CMS":0.017,"ORD_STRA":1,"ORD_FLOW":8},"geometry":{"type":"LineString","coordinates":[[37.72083333333234,27.277083333333117],[37.731249999998994,27.277083333333117],[37.73541666666566,27.281249999999766],[37.74374999999904,27.281249999999766],[37.7479166666657,27.28541666666643],[37.752083333332365,27.28541666666643],[37.75624999999903,27.28958333333309],[37.76041666666569,27.28958333333309],[37.76041666666569,27.293749999999754],[37.764583333332325,27.297916666666403],[37.76874999999899,27.297916666666403],[37.77291666666565,27.30208333333311],[37.77291666666565,27.30624999999977]]}},{"type":"Feature","properties":{"HYRIV_ID":20830811,"NEXT_DOWN":20830643,"MAIN_RIV":20834582,"LENGTH_KM":1.7,"CATCH_SKM":1.91,"DIS_AV_CMS":0.023,"ORD_STRA":2,"ORD_FLOW":8},"geometry":{"type":"LineString","coordinates":[[36.610416666665685,27.27291666666641],[36.60208333333236,27.281249999999766],[36.60208333333236,27.28541666666643]]}},{"type":"Feature","properties":{"HYRIV_ID":20830812,"NEXT_DOWN":20830697,"MAIN_RIV":20834582,"LENGTH_KM":2.06,"CATCH_SKM":5.7199998,"DIS_AV_CMS":0.034,"ORD_STRA":2,"ORD_FLOW":8},"geometry":{"type":"LineString","coordinates":[[36.64374999999902,27.27291666666641],[36.63541666666572,27.27291666666641],[36.62708333333239,27.281249999999766]]}},{"type":"Feature","properties":{"HYRIV_ID":20830813,"NEXT_DOWN":20830812,"MAIN_RIV":20834582,"LENGTH_KM":7.73,"CATCH_SKM":33.959999,"DIS_AV_CMS":0.011,"ORD_STRA":1,"ORD_FLOW":8},"geometry":{"type":"LineString","coordinates":[[36.71249999999907,27.27083333333308],[36.70624999999907,27.277083333333117],[36.70208333333241,27.27291666666641],[36.689583333332365,27.27291666666641],[36.6854166666657,27.277083333333117],[36.64791666666568,27.277083333333117],[36.64374999999902,27.27291666666641]]}},{"type":"Feature","properties":{"HYRIV_ID":20830863,"NEXT_DOWN":20830811,"MAIN_RIV":20834582,"LENGTH_KM":1.24,"CATCH_SKM":11.26,"DIS_AV_CMS":0.003,"ORD_STRA":1,"ORD_FLOW":9},"geometry":{"type":"LineString","coordinates":[[36.59999999999903,27.26874999999975],[36.60624999999902,27.26874999999975],[36.610416666665685,27.27291666666641]]}},{"type":"Feature","properties":{"HYRIV_ID":20830864,"NEXT_DOWN":20829500,"MAIN_RIV":20812307,"LENGTH_KM":13.77,"CATCH_SKM":28.8,"DIS_AV_CMS":0.053,"ORD_STRA":2,"ORD_FLOW":8},"geometry":{"type":"LineString","coordinates":[[37.65624999999906,27.26874999999975],[37.6520833333324,27.27291666666641],[37.6520833333324,27.281249999999766],[37.66458333333236,27.293749999999754],[37.6604166666657,27.297916666666403],[37.6604166666657,27.30624999999977],[37.66874999999902,27.314583333333083],[37.66874999999902,27.31874999999979],[37.66458333333236,27.322916666666437],[37.66458333333236,27.331249999999763],[37.6604166666657,27.335416666666454],[37.6604166666657,27.34374999999978],[37.66458333333236,27.34791666666643],[37.66458333333236,27.35208333333309],[37.672916666665685,27.360416666666445],[37.672916666665685,27.36458333333311],[37.66458333333236,27.37291666666642]]}},{"type":"Feature","properties":{"HYRIV_ID":20830928,"NEXT_DOWN":20830988,"MAIN_RIV":20848032,"LENGTH_KM":12.44,"CATCH_SKM":51.689999,"DIS_AV_CMS":0.017,"ORD_STRA":1,"ORD_FLOW":8},"geometry":{"type":"LineString","coordinates":[[36.72916666666569,27.32916666666643],[36.735416666665685,27.322916666666437],[36.73124999999902,27.31874999999979],[36.73124999999902,27.30624999999977],[36.756249999999056,27.281249999999766],[36.76041666666572,27.281249999999766],[36.77291666666568,27.26874999999975],[36.77708333333234,27.26874999999975],[36.78124999999909,27.2645833333331],[36.78541666666575,27.26874999999975],[36.789583333332416,27.26874999999975],[36.79374999999908,27.27291666666641],[36.80208333333238,27.27291666666641]]}},{"type":"Feature","properties":{"HYRIV_ID":20830929,"NEXT_DOWN":20830988,"MAIN_RIV":20848032,"LENGTH_KM":1.16,"CATCH_SKM":10.88,"DIS_AV_CMS":0.004,"ORD_STRA":1,"ORD_FLOW":9},"geometry":{"type":"LineString","coordinates":[[36.80208333333238,27.26249999999977],[36.80208333333238,27.27291666666641]]}},{"type":"Feature","properties":{"HYRIV_ID":20830930,"NEXT_DOWN":20831247,"MAIN_RIV":20848032,"LENGTH_KM":5.8400002,"CATCH_SKM":24.99,"DIS_AV_CMS":0.01,"ORD_STRA":1,"ORD_FLOW":8},"geometry":{"type":"LineString","coordinates":[[37.006249999999056,27.30833333333309],[37.006249999999056,27.26874999999975],[37.01041666666572,27.2645833333331],[37.018749999999045,27.2645833333331]]}},{"type":"Feature","properties":{"HYRIV_ID":20830931,"NEXT_DOWN":20831247,"MAIN_RIV":20848032,"LENGTH_KM":7.1700001,"CATCH_SKM":30.139999,"DIS_AV_CMS":0.028,"ORD_STRA":2,"ORD_FLOW":8},"geometry":{"type":"LineString","coordinates":[[37.0604166666657,27.31041666666642],[37.04374999999908,27.293749999999754],[37.039583333332416,27.293749999999754],[37.03541666666567,27.28958333333309],[37.031249999999034,27.28958333333309],[37.02708333333237,27.28541666666643],[37.02708333333237,27.277083333333117],[37.018749999999045,27.26874999999975],[37.018749999999045,27.2645833333331]]}},{"type":"Feature","properties":{"HYRIV_ID":20830932,"NEXT_DOWN":20829500,"MAIN_RIV":20812307,"LENGTH_KM":23.719999,"CATCH_SKM":75.93,"DIS_AV_CMS":0.038,"ORD_STRA":1,"ORD_FLOW":8},"geometry":{"type":"LineString","coordinates":[[37.54166666666569,27.2645833333331],[37.55624999999898,27.2645833333331],[37.56458333333239,27.27291666666641],[37.568749999999056,27.27291666666641],[37.58124999999902,27.28541666666643],[37.606249999998965,27.28541666666643],[37.61041666666563,27.281249999999766],[37.61458333333238,27.28541666666643],[37.61874999999904,27.281249999999766],[37.63541666666566,27.281249999999766],[37.647916666665736,27.293749999999754],[37.647916666665736,27.297916666666403],[37.64374999999907,27.30208333333311],[37.647916666665736,27.30624999999977],[37.647916666665736,27.314583333333083],[37.64374999999907,27.31874999999979],[37.64374999999907,27.322916666666437],[37.639583333332325,27.3270833333331],[37.647916666665736,27.335416666666454],[37.647916666665736,27.34374999999978],[37.6520833333324,27.34791666666643],[37.647916666665736,27.35208333333309],[37.6520833333324,27.356249999999754],[37.65624999999906,27.356249999999754],[37.66458333333236,27.36458333333311],[37.66458333333236,27.37291666666642]]}},{"type":"Feature","properties":{"HYRIV_ID":20830933,"NEXT_DOWN":20830373,"MAIN_RIV":20812307,"LENGTH_KM":6.2399998,"CATCH_SKM":15.26,"DIS_AV_CMS":0.017,"ORD_STRA":2,"ORD_FLOW":8},"geometry":{"type":"LineString","coordinates":[[37.76874999999899,27.2645833333331],[37.78124999999906,27.277083333333117],[37.78124999999906,27.28541666666643],[37.785416666665725,27.28958333333309],[37.785416666665725,27.30208333333311],[37.78124999999906,27.30624999999977],[37.77291666666565,27.30624999999977]]}},{"type":"Feature","properties":{"HYRIV_ID":20830934,"NEXT_DOWN":20829065,"MAIN_RIV":20822745,"LENGTH_KM":22.709999,"CATCH_SKM":93.639999,"DIS_AV_CMS":0.047,"ORD_STRA":1,"ORD_FLOW":8},"geometry":{"type":"LineString","coordinates":[[37.843749999999005,27.26249999999977],[37.843749999999005,27.281249999999766],[37.83958333333237,27.28541666666643],[37.83958333333237,27.28958333333309],[37.85208333333233,27.30208333333311],[37.83541666666571,27.31874999999979],[37.81458333333234,27.31874999999979],[37.810416666665674,27.322916666666437],[37.810416666665674,27.3270833333331],[37.80208333333235,27.335416666666454],[37.80208333333235,27.360416666666445],[37.80624999999901,27.36458333333311],[37.80208333333235,27.36874999999977],[37.797916666665685,27.36874999999977],[37.79374999999902,27.37291666666642],[37.79374999999902,27.3895833333331],[37.80208333333235,27.397916666666426],[37.81874999999897,27.397916666666426],[37.82291666666572,27.402083333333074],[37.82708333333238,27.402083333333074]]}},{"type":"Feature","properties":{"HYRIV_ID":20830987,"NEXT_DOWN":20831093,"MAIN_RIV":20832810,"LENGTH_KM":3.2,"CATCH_SKM":15.08,"DIS_AV_CMS":0.002,"ORD_STRA":1,"ORD_FLOW":9},"geometry":{"type":"LineString","coordinates":[[36.141666666665685,27.258333333333105],[36.13541666666569,27.2645833333331],[36.13124999999903,27.2645833333331],[36.11874999999904,27.277083333333117]]}},{"type":"Feature","properties":{"HYRIV_ID":20830988,"NEXT_DOWN":20831584,"MAIN_RIV":20848032,"LENGTH_KM":4.33,"CATCH_SKM":12.97,"DIS_AV_CMS":0.025,"ORD_STRA":2,"ORD_FLOW":8},"geometry":{"type":"LineString","coordinates":[[36.80208333333238,27.27291666666641],[36.8104166666657,27.27291666666641],[36.82291666666569,27.260416666666437],[36.8395833333324,27.260416666666437]]}},{"type":"Feature","properties":{"HYRIV_ID":20830989,"NEXT_DOWN":20831584,"MAIN_RIV":20848032,"LENGTH_KM":2.6300001,"CATCH_SKM":4.96,"DIS_AV_CMS":0.054,"ORD_STRA":2,"ORD_FLOW":8},"geometry":{"type":"LineString","coordinates":[[36.83124999999907,27.281249999999766],[36.83124999999907,27.277083333333117],[36.8395833333324,27.26874999999975],[36.8395833333324,27.260416666666437]]}},{"type":"Feature","properties":{"HYRIV_ID":20830990,"NEXT_DOWN":20831161,"MAIN_RIV":20848032,"LENGTH_KM":7.9400001,"CATCH_SKM":20.030001,"DIS_AV_CMS":0.023,"ORD_STRA":2,"ORD_FLOW":8},"geometry":{"type":"LineString","coordinates":[[36.91041666666567,27.30208333333311],[36.91041666666567,27.297916666666403],[36.906249999999005,27.293749999999754],[36.906249999999005,27.28958333333309],[36.91041666666567,27.28958333333309],[36.91458333333233,27.28541666666643],[36.92708333333238,27.28541666666643],[36.93124999999904,27.281249999999766],[36.9354166666657,27.281249999999766],[36.952083333332354,27.2645833333331],[36.94791666666569,27.260416666666437]]}},{"type":"Feature","properties":{"HYRIV_ID":20830991,"NEXT_DOWN":20831161,"MAIN_RIV":20848032,"LENGTH_KM":8.0,"CATCH_SKM":27.85,"DIS_AV_CMS":0.094,"ORD_STRA":3,"ORD_FLOW":8},"geometry":{"type":"LineString","coordinates":[[36.960416666665736,27.314583333333083],[36.9645833333324,27.31041666666642],[36.9645833333324,27.30624999999977],[36.96874999999906,27.30208333333311],[36.9645833333324,27.297916666666403],[36.9645833333324,27.293749999999754],[36.960416666665736,27.28958333333309],[36.96874999999906,27.281249999999766],[36.96874999999906,27.277083333333117],[36.952083333332354,27.260416666666437],[36.94791666666569,27.260416666666437]]}},{"type":"Feature","properties":{"HYRIV_ID":20830992,"NEXT_DOWN":20831251,"MAIN_RIV":20831251,"LENGTH_KM":6.5,"CATCH_SKM":43.869999,"DIS_AV_CMS":0.024,"ORD_STRA":1,"ORD_FLOW":8},"geometry":{"type":"LineString","coordinates":[[37.891666666665685,27.30833333333309],[37.9020833333324,27.297916666666403],[37.9020833333324,27.293749999999754],[37.91458333333239,27.281249999999766],[37.91458333333239,27.26874999999975],[37.922916666665685,27.260416666666437]]}},{"type":"Feature","properties":{"HYRIV_ID":20831032,"NEXT_DOWN":20831091,"MAIN_RIV":20831833,"LENGTH_KM":5.77,"CATCH_SKM":36.439999,"DIS_AV_CMS":0.004,"ORD_STRA":1,"ORD_FLOW":9},"geometry":{"type":"LineString","coordinates":[[36.02916666666573,27.2645833333331],[36.01041666666569,27.2645833333331],[36.002083333332365,27.256249999999774],[35.98541666666574,27.256249999999774],[35.98124999999908,27.260416666666437],[35.977083333332416,27.260416666666437]]}},{"type":"Feature","properties":{"HYRIV_ID":20831033,"NEXT_DOWN":20830755,"MAIN_RIV":20832810,"LENGTH_KM":8.25,"CATCH_SKM":21.370001,"DIS_AV_CMS":0.012,"ORD_STRA":2,"ORD_FLOW":8},"geometry":{"type":"LineString","coordinates":[[36.19791666666572,27.256249999999774],[36.193749999999085,27.256249999999774],[36.18958333333242,27.260416666666437],[36.172916666665685,27.260416666666437],[36.16874999999905,27.2645833333331],[36.16458333333239,27.2645833333331],[36.1520833333324,27.277083333333117],[36.13541666666569,27.277083333333117],[36.13124999999903,27.281249999999766],[36.127083333332365,27.281249999999766]]}},{"type":"Feature","properties":{"HYRIV_ID":20831034,"NEXT_DOWN":20831033,"MAIN_RIV":20832810,"LENGTH_KM":2.47,"CATCH_SKM":7.25,"DIS_AV_CMS":0.007,"ORD_STRA":2,"ORD_FLOW":9},"geometry":{"type":"LineString","coordinates":[[36.2229166666657,27.256249999999774],[36.19791666666572,27.256249999999774]]}},{"type":"Feature","properties":{"HYRIV_ID":20831035,"NEXT_DOWN":20831034,"MAIN_RIV":20832810,"LENGTH_KM":1.39,"CATCH_SKM":16.6,"DIS_AV_CMS":0.002,"ORD_STRA":1,"ORD_FLOW":9},"geometry":{"type":"LineString","coordinates":[[36.2166666666657,27.26666666666643],[36.2229166666657,27.260416666666437],[36.2229166666657,27.256249999999774]]}},{"type":"Feature","properties":{"HYRIV_ID":20831036,"NEXT_DOWN":20830811,"MAIN_RIV":20834582,"LENGTH_KM":2.32,"CATCH_SKM":4.77,"DIS_AV_CMS":0.02,"ORD_STRA":2,"ORD_FLOW":8},"geometry":{"type":"LineString","coordinates":[[36.61458333333235,27.256249999999774],[36.61874999999898,27.260416666666437],[36.61458333333235,27.2645833333331],[36.61458333333235,27.26874999999975],[36.610416666665685,27.27291666666641]]}},{"type":"Feature","properties":{"HYRIV_ID":20831037,"NEXT_DOWN":20830933,"MAIN_RIV":20812307,"LENGTH_KM":3.2,"CATCH_SKM":13.55,"DIS_AV_CMS":0.005,"ORD_STRA":1,"ORD_FLOW":9},"geometry":{"type":"LineString","coordinates":[[37.74583333333237,27.254166666666457],[37.752083333332365,27.260416666666437],[37.75624999999903,27.260416666666437],[37.764583333332325,27.26874999999975],[37.76874999999899,27.2645833333331]]}},{"type":"Feature","properties":{"HYRIV_ID":20831038,"NEXT_DOWN":20831253,"MAIN_RIV":20831252,"LENGTH_KM":2.81,"CATCH_SKM":19.65,"DIS_AV_CMS":0.011,"ORD_STRA":1,"ORD_FLOW":8},"geometry":{"type":"LineString","coordinates":[[37.95208333333238,27.274999999999743],[37.95208333333238,27.2645833333331],[37.956249999999045,27.260416666666437],[37.96041666666571,27.260416666666437],[37.96458333333237,27.256249999999774]]}},{"type":"Feature","properties":{"HYRIV_ID":20831092,"NEXT_DOWN":20831582,"MAIN_RIV":20832810,"LENGTH_KM":11.55,"CATCH_SKM":50.349998,"DIS_AV_CMS":0.007,"ORD_STRA":1,"ORD_FLOW":9},"geometry":{"type":"LineString","coordinates":[[36.04999999999902,27.337499999999785],[36.06458333333242,27.322916666666437],[36.06458333333242,27.31041666666642],[36.07291666666572,27.30208333333311],[36.07291666666572,27.293749999999754],[36.07708333333238,27.28958333333309],[36.07708333333238,27.28541666666643],[36.081249999999045,27.281249999999766],[36.081249999999045,27.277083333333117],[36.08541666666571,27.277083333333117],[36.08958333333237,27.27291666666641],[36.08541666666571,27.26874999999975],[36.08541666666571,27.256249999999774],[36.08958333333237,27.252083333333125]]}},{"type":"Feature","properties":{"HYRIV_ID":20831093,"NEXT_DOWN":20831582,"MAIN_RIV":20832810,"LENGTH_KM":4.39,"CATCH_SKM":16.41,"DIS_AV_CMS":0.76599997,"ORD_STRA":5,"ORD_FLOW":7},"geometry":{"type":"LineString","coordinates":[[36.11874999999904,27.277083333333117],[36.114583333332405,27.27291666666641],[36.10624999999908,27.27291666666641],[36.093749999999005,27.260416666666437],[36.093749999999005,27.256249999999774],[36.08958333333237,27.252083333333125]]}},{"type":"Feature","properties":{"HYRIV_ID":20831094,"NEXT_DOWN":20831159,"MAIN_RIV":20834582,"LENGTH_KM":3.35,"CATCH_SKM":22.889999,"DIS_AV_CMS":0.005,"ORD_STRA":1,"ORD_FLOW":9},"geometry":{"type":"LineString","coordinates":[[36.43333333333234,27.274999999999743],[36.43958333333242,27.26874999999975],[36.43958333333242,27.260416666666437],[36.443749999999085,27.256249999999774],[36.44791666666575,27.256249999999774],[36.44791666666575,27.252083333333125]]}},{"type":"Feature","properties":{"HYRIV_ID":20831095,"NEXT_DOWN":20831159,"MAIN_RIV":20834582,"LENGTH_KM":9.08,"CATCH_SKM":27.66,"DIS_AV_CMS":0.244,"ORD_STRA":4,"ORD_FLOW":7},"geometry":{"type":"LineString","coordinates":[[36.49374999999907,27.30624999999977],[36.49791666666573,27.30208333333311],[36.49791666666573,27.28958333333309],[36.48958333333232,27.281249999999766],[36.48124999999902,27.281249999999766],[36.47708333333236,27.277083333333117],[36.47708333333236,27.27291666666641],[36.4729166666657,27.27291666666641],[36.468749999999034,27.26874999999975],[36.46458333333237,27.26874999999975],[36.44791666666575,27.252083333333125]]}},{"type":"Feature","properties":{"HYRIV_ID":20831096,"NEXT_DOWN":20831251,"MAIN_RIV":20831251,"LENGTH_KM":5.6799998,"CATCH_SKM":29.959999,"DIS_AV_CMS":0.012,"ORD_STRA":1,"ORD_FLOW":8},"geometry":{"type":"LineString","coordinates":[[37.8791666666657,27.24999999999975],[37.889583333332354,27.260416666666437],[37.89374999999899,27.260416666666437],[37.89791666666565,27.256249999999774],[37.9020833333324,27.256249999999774],[37.90624999999906,27.260416666666437],[37.910416666665725,27.260416666666437],[37.91458333333239,27.256249999999774],[37.91874999999902,27.256249999999774],[37.922916666665685,27.260416666666437]]}},{"type":"Feature","properties":{"HYRIV_ID":20831158,"NEXT_DOWN":20831034,"MAIN_RIV":20832810,"LENGTH_KM":1.96,"CATCH_SKM":23.280001,"DIS_AV_CMS":0.003,"ORD_STRA":1,"ORD_FLOW":9},"geometry":{"type":"LineString","coordinates":[[36.23749999999907,27.24583333333309],[36.23124999999908,27.252083333333125],[36.22708333333233,27.252083333333125],[36.2229166666657,27.256249999999774]]}},{"type":"Feature","properties":{"HYRIV_ID":20831159,"NEXT_DOWN":20831703,"MAIN_RIV":20834582,"LENGTH_KM":0.46,"CATCH_SKM":1.91,"DIS_AV_CMS":0.249,"ORD_STRA":4,"ORD_FLOW":7},"geometry":{"type":"LineString","coordinates":[[36.44791666666575,27.252083333333125],[36.44791666666575,27.24791666666642]]}},{"type":"Feature","properties":{"HYRIV_ID":20831160,"NEXT_DOWN":20831835,"MAIN_RIV":20848032,"LENGTH_KM":4.7399998,"CATCH_SKM":28.24,"DIS_AV_CMS":0.01,"ORD_STRA":1,"ORD_FLOW":8},"geometry":{"type":"LineString","coordinates":[[36.89999999999904,27.256249999999774],[36.91041666666567,27.256249999999774],[36.91458333333233,27.252083333333125],[36.9354166666657,27.252083333333125],[36.939583333332365,27.24791666666642],[36.94374999999903,27.24791666666642]]}},{"type":"Feature","properties":{"HYRIV_ID":20831161,"NEXT_DOWN":20831835,"MAIN_RIV":20848032,"LENGTH_KM":1.55,"CATCH_SKM":2.48,"DIS_AV_CMS":0.119,"ORD_STRA":3,"ORD_FLOW":7},"geometry":{"type":"LineString","coordinates":[[36.94791666666569,27.260416666666437],[36.94374999999903,27.256249999999774],[36.94374999999903,27.24791666666642]]}},{"type":"Feature","properties":{"HYRIV_ID":20831162,"NEXT_DOWN":20832334,"MAIN_RIV":20848032,"LENGTH_KM":2.1700001,"CATCH_SKM":18.32,"DIS_AV_CMS":0.009,"ORD_STRA":1,"ORD_FLOW":9},"geometry":{"type":"LineString","coordinates":[[37.37916666666567,27.26249999999977],[37.36458333333238,27.24791666666642]]}},{"type":"Feature","properties":{"HYRIV_ID":20831163,"NEXT_DOWN":20832334,"MAIN_RIV":20848032,"LENGTH_KM":0.62,"CATCH_SKM":11.45,"DIS_AV_CMS":0.006,"ORD_STRA":1,"ORD_FLOW":9},"geometry":{"type":"LineString","coordinates":[[37.37083333333234,27.24791666666642],[37.36458333333238,27.24791666666642]]}},{"type":"Feature","properties":{"HYRIV_ID":20831246,"NEXT_DOWN":20831036,"MAIN_RIV":20834582,"LENGTH_KM":2.4200001,"CATCH_SKM":13.93,"DIS_AV_CMS":0.004,"ORD_STRA":1,"ORD_FLOW":9},"geometry":{"type":"LineString","coordinates":[[36.59999999999903,27.24166666666644],[36.60624999999902,27.24791666666642],[36.60624999999902,27.252083333333125],[36.610416666665685,27.256249999999774],[36.61458333333235,27.256249999999774]]}},{"type":"Feature","properties":{"HYRIV_ID":20831247,"NEXT_DOWN":20831836,"MAIN_RIV":20848032,"LENGTH_KM":2.47,"CATCH_SKM":5.1500001,"DIS_AV_CMS":0.04,"ORD_STRA":2,"ORD_FLOW":8},"geometry":{"type":"LineString","coordinates":[[37.018749999999045,27.2645833333331],[37.02291666666571,27.260416666666437],[37.02291666666571,27.243749999999757]]}},{"type":"Feature","properties":{"HYRIV_ID":20831248,"NEXT_DOWN":20831836,"MAIN_RIV":20848032,"LENGTH_KM":3.5,"CATCH_SKM":23.09,"DIS_AV_CMS":0.01,"ORD_STRA":1,"ORD_FLOW":8},"geometry":{"type":"LineString","coordinates":[[37.054166666665736,27.252083333333125],[37.039583333332416,27.252083333333125],[37.031249999999034,27.243749999999757],[37.02291666666571,27.243749999999757]]}},{"type":"Feature","properties":{"HYRIV_ID":20831249,"NEXT_DOWN":20832004,"MAIN_RIV":20848032,"LENGTH_KM":6.4,"CATCH_SKM":23.85,"DIS_AV_CMS":0.142,"ORD_STRA":3,"ORD_FLOW":7},"geometry":{"type":"LineString","coordinates":[[37.25208333333234,27.28541666666643],[37.25208333333234,27.277083333333117],[37.26041666666575,27.26874999999975],[37.268749999999045,27.26874999999975],[37.281249999999034,27.256249999999774],[37.281249999999034,27.24791666666642],[37.2854166666657,27.243749999999757]]}},{"type":"Feature","properties":{"HYRIV_ID":20831250,"NEXT_DOWN":20832004,"MAIN_RIV":20848032,"LENGTH_KM":21.07,"CATCH_SKM":88.139999,"DIS_AV_CMS":0.044,"ORD_STRA":1,"ORD_FLOW":8},"geometry":{"type":"LineString","coordinates":[[37.43541666666573,27.283333333333097],[37.43541666666573,27.28958333333309],[37.43124999999907,27.28958333333309],[37.42708333333232,27.293749999999754],[37.42708333333232,27.297916666666403],[37.41458333333236,27.31041666666642],[37.406249999999034,27.31041666666642],[37.40208333333237,27.314583333333083],[37.39374999999907,27.30624999999977],[37.389583333332325,27.30624999999977],[37.38541666666566,27.30208333333311],[37.381249999999,27.30208333333311],[37.37708333333234,27.297916666666403],[37.372916666665674,27.297916666666403],[37.36458333333238,27.28958333333309],[37.35208333333239,27.28958333333309],[37.34791666666564,27.28541666666643],[37.343749999999005,27.28541666666643],[37.327083333332354,27.26874999999975],[37.31874999999903,27.26874999999975],[37.31458333333239,27.2645833333331],[37.31458333333239,27.256249999999774],[37.31041666666573,27.252083333333125],[37.29791666666566,27.252083333333125],[37.28958333333236,27.243749999999757],[37.2854166666657,27.243749999999757]]}},{"type":"Feature","properties":{"HYRIV_ID":20831251,"NEXT_DOWN":0,"MAIN_RIV":20831251,"LENGTH_KM":4.9,"CATCH_SKM":16.98,"DIS_AV_CMS":0.045,"ORD_STRA":2,"ORD_FLOW":8},"geometry":{"type":"LineString","coordinates":[[37.922916666665685,27.260416666666437],[37.93124999999901,27.26874999999975],[37.935416666665674,27.26874999999975],[37.93958333333234,27.2645833333331],[37.93958333333234,27.256249999999774],[37.943749999999,27.252083333333125],[37.943749999999,27.24791666666642],[37.947916666665634,27.243749999999757]]}},{"type":"Feature","properties":{"HYRIV_ID":20831252,"NEXT_DOWN":0,"MAIN_RIV":20831252,"LENGTH_KM":0.82,"CATCH_SKM":1.72,"DIS_AV_CMS":0.049,"ORD_STRA":2,"ORD_FLOW":8},"geometry":{"type":"LineString","coordinates":[[37.956249999999045,27.243749999999757],[37.947916666665634,27.243749999999757]]}},{"type":"Feature","properties":{"HYRIV_ID":20831253,"NEXT_DOWN":20831252,"MAIN_RIV":20831252,"LENGTH_KM":1.7,"CATCH_SKM":2.1,"DIS_AV_CMS":0.041,"ORD_STRA":2,"ORD_FLOW":8},"geometry":{"type":"LineString","coordinates":[[37.96458333333237,27.256249999999774],[37.96458333333237,27.252083333333125],[37.956249999999045,27.243749999999757]]}},{"type":"Feature","properties":{"HYRIV_ID":20831315,"NEXT_DOWN":20830864,"MAIN_RIV":20812307,"LENGTH_KM":11.55,"CATCH_SKM":45.040001,"DIS_AV_CMS":0.021,"ORD_STRA":1,"ORD_FLOW":8},"geometry":{"type":"LineString","coordinates":[[37.55416666666565,27.23958333333311],[37.58124999999902,27.23958333333311],[37.58541666666568,27.243749999999757],[37.58958333333234,27.243749999999757],[37.593749999999005,27.24791666666642],[37.60208333333233,27.24791666666642],[37.606249999998965,27.252083333333125],[37.627083333332365,27.252083333333125],[37.639583333332325,27.2645833333331],[37.6520833333324,27.2645833333331],[37.65624999999906,27.26874999999975]]}},{"type":"Feature","properties":{"HYRIV_ID":20831316,"NEXT_DOWN":20830933,"MAIN_RIV":20812307,"LENGTH_KM":3.33,"CATCH_SKM":16.610001,"DIS_AV_CMS":0.005,"ORD_STRA":1,"ORD_FLOW":9},"geometry":{"type":"LineString","coordinates":[[37.76874999999899,27.237499999999777],[37.76874999999899,27.252083333333125],[37.764583333332325,27.256249999999774],[37.764583333332325,27.260416666666437],[37.76874999999899,27.2645833333331]]}},{"type":"Feature","properties":{"HYRIV_ID":20831317,"NEXT_DOWN":20831253,"MAIN_RIV":20831252,"LENGTH_KM":5.1300001,"CATCH_SKM":52.290001,"DIS_AV_CMS":0.029,"ORD_STRA":1,"ORD_FLOW":8},"geometry":{"type":"LineString","coordinates":[[37.99374999999898,27.237499999999777],[37.99374999999898,27.252083333333125],[37.98541666666566,27.260416666666437],[37.968749999999034,27.260416666666437],[37.96458333333237,27.256249999999774]]}},{"type":"Feature","properties":{"HYRIV_ID":20831438,"NEXT_DOWN":20831033,"MAIN_RIV":20832810,"LENGTH_KM":3.1700001,"CATCH_SKM":20.040001,"DIS_AV_CMS":0.003,"ORD_STRA":1,"ORD_FLOW":9},"geometry":{"type":"LineString","coordinates":[[36.20208333333238,27.229166666666423],[36.20208333333238,27.235416666666445],[36.19791666666572,27.23958333333311],[36.19791666666572,27.256249999999774]]}},{"type":"Feature","properties":{"HYRIV_ID":20831439,"NEXT_DOWN":20830059,"MAIN_RIV":20812307,"LENGTH_KM":14.03,"CATCH_SKM":46.560001,"DIS_AV_CMS":0.018,"ORD_STRA":1,"ORD_FLOW":8},"geometry":{"type":"LineString","coordinates":[[37.795833333332354,27.229166666666423],[37.80208333333235,27.235416666666445],[37.80208333333235,27.23958333333311],[37.797916666665685,27.243749999999757],[37.80208333333235,27.24791666666642],[37.80208333333235,27.260416666666437],[37.797916666665685,27.2645833333331],[37.810416666665674,27.277083333333117],[37.810416666665674,27.281249999999766],[37.81458333333234,27.28541666666643],[37.81458333333234,27.293749999999754],[37.810416666665674,27.297916666666403],[37.810416666665674,27.30208333333311],[37.80208333333235,27.31041666666642],[37.80208333333235,27.314583333333083],[37.79374999999902,27.322916666666437],[37.79374999999902,27.3270833333331],[37.78958333333236,27.331249999999763],[37.785416666665725,27.331249999999763]]}},{"type":"Feature","properties":{"HYRIV_ID":20831507,"NEXT_DOWN":20831703,"MAIN_RIV":20834582,"LENGTH_KM":10.0,"CATCH_SKM":45.419998,"DIS_AV_CMS":0.011,"ORD_STRA":1,"ORD_FLOW":8},"geometry":{"type":"LineString","coordinates":[[36.53333333333242,27.22499999999976],[36.51874999999902,27.23958333333311],[36.514583333332354,27.23958333333311],[36.506249999999056,27.24791666666642],[36.50208333333239,27.24791666666642],[36.49791666666573,27.252083333333125],[36.468749999999034,27.252083333333125],[36.46458333333237,27.24791666666642],[36.44791666666575,27.24791666666642]]}},{"type":"Feature","properties":{"HYRIV_ID":20831508,"NEXT_DOWN":20831252,"MAIN_RIV":20831252,"LENGTH_KM":2.4,"CATCH_SKM":15.46,"DIS_AV_CMS":0.007,"ORD_STRA":1,"ORD_FLOW":9},"geometry":{"type":"LineString","coordinates":[[37.96458333333237,27.22499999999976],[37.96458333333237,27.235416666666445],[37.956249999999045,27.243749999999757]]}},{"type":"Feature","properties":{"HYRIV_ID":20831582,"NEXT_DOWN":20832090,"MAIN_RIV":20832810,"LENGTH_KM":4.0300002,"CATCH_SKM":16.98,"DIS_AV_CMS":0.78,"ORD_STRA":5,"ORD_FLOW":7},"geometry":{"type":"LineString","coordinates":[[36.08958333333237,27.252083333333125],[36.081249999999045,27.243749999999757],[36.081249999999045,27.23958333333311],[36.07291666666572,27.231249999999783],[36.07291666666572,27.22708333333309],[36.068749999999056,27.22291666666643]]}},{"type":"Feature","properties":{"HYRIV_ID":20831583,"NEXT_DOWN":20832090,"MAIN_RIV":20832810,"LENGTH_KM":0.62,"CATCH_SKM":11.26,"DIS_AV_CMS":0.001,"ORD_STRA":1,"ORD_FLOW":9},"geometry":{"type":"LineString","coordinates":[[36.07499999999905,27.22291666666643],[36.068749999999056,27.22291666666643]]}},{"type":"Feature","properties":{"HYRIV_ID":20831584,"NEXT_DOWN":20831651,"MAIN_RIV":20848032,"LENGTH_KM":6.7600002,"CATCH_SKM":23.09,"DIS_AV_CMS":0.087,"ORD_STRA":3,"ORD_FLOW":8},"geometry":{"type":"LineString","coordinates":[[36.8395833333324,27.260416666666437],[36.84374999999906,27.260416666666437],[36.85208333333236,27.252083333333125],[36.85624999999902,27.252083333333125],[36.85624999999902,27.24791666666642],[36.860416666665685,27.243749999999757],[36.86874999999901,27.243749999999757],[36.86874999999901,27.23958333333311],[36.872916666665674,27.235416666666445],[36.872916666665674,27.231249999999783],[36.88124999999897,27.22291666666643]]}},{"type":"Feature","properties":{"HYRIV_ID":20831585,"NEXT_DOWN":0,"MAIN_RIV":20831585,"LENGTH_KM":3.82,"CATCH_SKM":34.939999,"DIS_AV_CMS":0.012,"ORD_STRA":1,"ORD_FLOW":8},"geometry":{"type":"LineString","coordinates":[[37.920833333332354,27.220833333333097],[37.92708333333235,27.22708333333309],[37.93124999999901,27.22708333333309],[37.947916666665634,27.243749999999757]]}},{"type":"Feature","properties":{"HYRIV_ID":20831650,"NEXT_DOWN":20831582,"MAIN_RIV":20832810,"LENGTH_KM":8.7200003,"CATCH_SKM":37.029999,"DIS_AV_CMS":0.005,"ORD_STRA":1,"ORD_FLOW":9},"geometry":{"type":"LineString","coordinates":[[36.15833333333239,27.218749999999766],[36.1520833333324,27.218749999999766],[36.139583333332354,27.231249999999783],[36.11874999999904,27.231249999999783],[36.11041666666574,27.23958333333311],[36.10624999999908,27.23958333333311],[36.102083333332416,27.243749999999757],[36.09791666666567,27.243749999999757],[36.093749999999005,27.24791666666642],[36.093749999999005,27.252083333333125],[36.08958333333237,27.252083333333125]]}},{"type":"Feature","properties":{"HYRIV_ID":20831651,"NEXT_DOWN":20831834,"MAIN_RIV":20848032,"LENGTH_KM":1.4400001,"CATCH_SKM":4.39,"DIS_AV_CMS":0.11,"ORD_STRA":3,"ORD_FLOW":7},"geometry":{"type":"LineString","coordinates":[[36.88124999999897,27.22291666666643],[36.88541666666572,27.22291666666643],[36.88958333333238,27.218749999999766],[36.893749999999045,27.218749999999766]]}},{"type":"Feature","properties":{"HYRIV_ID":20831702,"NEXT_DOWN":20831999,"MAIN_RIV":20834582,"LENGTH_KM":5.8,"CATCH_SKM":29.200001,"DIS_AV_CMS":0.005,"ORD_STRA":1,"ORD_FLOW":9},"geometry":{"type":"LineString","coordinates":[[36.389583333332354,27.258333333333105],[36.389583333332354,27.24791666666642],[36.39374999999902,27.243749999999757],[36.39374999999902,27.23958333333311],[36.41458333333239,27.218749999999766],[36.41458333333239,27.214583333333117]]}},{"type":"Feature","properties":{"HYRIV_ID":20831703,"NEXT_DOWN":20831999,"MAIN_RIV":20834582,"LENGTH_KM":5.4699998,"CATCH_SKM":14.12,"DIS_AV_CMS":0.26300001,"ORD_STRA":4,"ORD_FLOW":7},"geometry":{"type":"LineString","coordinates":[[36.44791666666575,27.24791666666642],[36.44791666666575,27.243749999999757],[36.443749999999085,27.23958333333311],[36.43958333333242,27.23958333333311],[36.43124999999904,27.231249999999783],[36.43124999999904,27.22708333333309],[36.42708333333238,27.22291666666643],[36.422916666665714,27.22291666666643],[36.41458333333239,27.214583333333117]]}},{"type":"Feature","properties":{"HYRIV_ID":20831704,"NEXT_DOWN":20832094,"MAIN_RIV":20848032,"LENGTH_KM":0.69,"CATCH_SKM":10.69,"DIS_AV_CMS":0.005,"ORD_STRA":1,"ORD_FLOW":9},"geometry":{"type":"LineString","coordinates":[[37.039583333332416,27.220833333333097],[37.039583333332416,27.214583333333117]]}},{"type":"Feature","properties":{"HYRIV_ID":20831705,"NEXT_DOWN":20832094,"MAIN_RIV":20848032,"LENGTH_KM":2.37,"CATCH_SKM":16.99,"DIS_AV_CMS":0.007,"ORD_STRA":1,"ORD_FLOW":9},"geometry":{"type":"LineString","coordinates":[[37.05833333333237,27.22499999999976],[37.052083333332405,27.218749999999766],[37.04791666666574,27.218749999999766],[37.04374999999908,27.214583333333117],[37.039583333332416,27.214583333333117]]}},{"type":"Feature","properties":{"HYRIV_ID":20831706,"NEXT_DOWN":20830864,"MAIN_RIV":20812307,"LENGTH_KM":11.4,"CATCH_SKM":45.810001,"DIS_AV_CMS":0.018,"ORD_STRA":1,"ORD_FLOW":8},"geometry":{"type":"LineString","coordinates":[[37.58749999999901,27.214583333333117],[37.60208333333233,27.214583333333117],[37.61041666666563,27.22291666666643],[37.61874999999904,27.22291666666643],[37.627083333332365,27.231249999999783],[37.63124999999903,27.231249999999783],[37.639583333332325,27.23958333333311],[37.639583333332325,27.243749999999757],[37.647916666665736,27.252083333333125],[37.6520833333324,27.252083333333125],[37.66458333333236,27.2645833333331],[37.6604166666657,27.26874999999975],[37.65624999999906,27.26874999999975]]}},{"type":"Feature","properties":{"HYRIV_ID":20831775,"NEXT_DOWN":20831651,"MAIN_RIV":20848032,"LENGTH_KM":13.87,"CATCH_SKM":64.139999,"DIS_AV_CMS":0.022,"ORD_STRA":1,"ORD_FLOW":8},"geometry":{"type":"LineString","coordinates":[[36.76249999999905,27.235416666666445],[36.78541666666575,27.235416666666445],[36.789583333332416,27.231249999999783],[36.80624999999904,27.231249999999783],[36.814583333332365,27.22291666666643],[36.82291666666569,27.22291666666643],[36.827083333332325,27.218749999999766],[36.85208333333236,27.218749999999766],[36.85624999999902,27.214583333333117],[36.85624999999902,27.21041666666641],[36.860416666665685,27.21041666666641],[36.86458333333235,27.214583333333117],[36.872916666665674,27.214583333333117],[36.88124999999897,27.22291666666643]]}},{"type":"Feature","properties":{"HYRIV_ID":20831834,"NEXT_DOWN":20831890,"MAIN_RIV":20848032,"LENGTH_KM":3.51,"CATCH_SKM":9.7299995,"DIS_AV_CMS":0.14,"ORD_STRA":3,"ORD_FLOW":7},"geometry":{"type":"LineString","coordinates":[[36.893749999999045,27.218749999999766],[36.89791666666571,27.218749999999766],[36.90208333333234,27.214583333333117],[36.91041666666567,27.214583333333117],[36.91874999999908,27.20624999999975],[36.92291666666574,27.20624999999975]]}},{"type":"Feature","properties":{"HYRIV_ID":20831835,"NEXT_DOWN":20831946,"MAIN_RIV":20848032,"LENGTH_KM":7.85,"CATCH_SKM":31.68,"DIS_AV_CMS":0.141,"ORD_STRA":3,"ORD_FLOW":7},"geometry":{"type":"LineString","coordinates":[[36.94374999999903,27.24791666666642],[36.952083333332354,27.23958333333311],[36.95624999999899,27.23958333333311],[36.960416666665736,27.235416666666445],[36.9645833333324,27.235416666666445],[36.96874999999906,27.231249999999783],[36.972916666665725,27.231249999999783],[36.98124999999902,27.22291666666643],[36.985416666665685,27.22291666666643],[37.00208333333234,27.20624999999975]]}},{"type":"Feature","properties":{"HYRIV_ID":20831836,"NEXT_DOWN":20831946,"MAIN_RIV":20848032,"LENGTH_KM":4.9499998,"CATCH_SKM":13.36,"DIS_AV_CMS":0.056,"ORD_STRA":2,"ORD_FLOW":8},"geometry":{"type":"LineString","coordinates":[[37.02291666666571,27.243749999999757],[37.006249999999056,27.22708333333309],[37.006249999999056,27.21041666666641],[37.00208333333234,27.20624999999975]]}},{"type":"Feature","properties":{"HYRIV_ID":20831889,"NEXT_DOWN":20830812,"MAIN_RIV":20834582,"LENGTH_KM":11.71,"CATCH_SKM":71.010002,"DIS_AV_CMS":0.022,"ORD_STRA":1,"ORD_FLOW":8},"geometry":{"type":"LineString","coordinates":[[36.71249999999907,27.19999999999977],[36.70624999999907,27.20624999999975],[36.693749999999,27.20624999999975],[36.689583333332365,27.21041666666641],[36.6854166666657,27.21041666666641],[36.664583333332416,27.231249999999783],[36.664583333332416,27.235416666666445],[36.65208333333234,27.24791666666642],[36.65208333333234,27.260416666666437],[36.64374999999902,27.26874999999975],[36.64374999999902,27.27291666666641]]}},{"type":"Feature","properties":{"HYRIV_ID":20831890,"NEXT_DOWN":20831945,"MAIN_RIV":20848032,"LENGTH_KM":3.5,"CATCH_SKM":7.25,"DIS_AV_CMS":0.16500001,"ORD_STRA":3,"ORD_FLOW":7},"geometry":{"type":"LineString","coordinates":[[36.92291666666574,27.20624999999975],[36.92708333333238,27.20624999999975],[36.93124999999904,27.2020833333331],[36.95624999999899,27.2020833333331]]}},{"type":"Feature","properties":{"HYRIV_ID":20831945,"NEXT_DOWN":20832000,"MAIN_RIV":20848032,"LENGTH_KM":5.9899998,"CATCH_SKM":16.99,"DIS_AV_CMS":0.19,"ORD_STRA":3,"ORD_FLOW":7},"geometry":{"type":"LineString","coordinates":[[36.95624999999899,27.2020833333331],[36.9645833333324,27.2020833333331],[36.96874999999906,27.197916666666437],[36.972916666665725,27.2020833333331],[36.97708333333239,27.2020833333331],[36.98124999999902,27.197916666666437],[36.985416666665685,27.2020833333331],[36.99374999999901,27.2020833333331],[36.997916666665674,27.197916666666437],[37.006249999999056,27.197916666666437]]}},{"type":"Feature","properties":{"HYRIV_ID":20831946,"NEXT_DOWN":20832000,"MAIN_RIV":20848032,"LENGTH_KM":1.08,"CATCH_SKM":2.48,"DIS_AV_CMS":0.199,"ORD_STRA":3,"ORD_FLOW":7},"geometry":{"type":"LineString","coordinates":[[37.00208333333234,27.20624999999975],[37.00208333333234,27.2020833333331],[37.006249999999056,27.197916666666437]]}},{"type":"Feature","properties":{"HYRIV_ID":20831996,"NEXT_DOWN":20832215,"MAIN_RIV":20834582,"LENGTH_KM":10.44,"CATCH_SKM":56.490002,"DIS_AV_CMS":0.009,"ORD_STRA":1,"ORD_FLOW":9},"geometry":{"type":"LineString","coordinates":[[36.32291666666575,27.258333333333105],[36.32291666666575,27.243749999999757],[36.318749999999085,27.23958333333311],[36.318749999999085,27.22708333333309],[36.31458333333242,27.22291666666643],[36.31041666666576,27.22291666666643],[36.30624999999901,27.218749999999766],[36.30624999999901,27.214583333333117],[36.30208333333235,27.21041666666641],[36.297916666665714,27.214583333333117],[36.29374999999905,27.214583333333117],[36.29374999999905,27.21041666666641],[36.28958333333239,27.20624999999975],[36.285416666665725,27.20624999999975],[36.28124999999906,27.2020833333331],[36.28124999999906,27.193749999999774]]}},{"type":"Feature","properties":{"HYRIV_ID":20831997,"NEXT_DOWN":20832215,"MAIN_RIV":20834582,"LENGTH_KM":1.4400001,"CATCH_SKM":20.049999,"DIS_AV_CMS":0.003,"ORD_STRA":1,"ORD_FLOW":9},"geometry":{"type":"LineString","coordinates":[[36.29583333333238,27.193749999999774],[36.28124999999906,27.193749999999774]]}},{"type":"Feature","properties":{"HYRIV_ID":20831998,"NEXT_DOWN":20832642,"MAIN_RIV":20834582,"LENGTH_KM":1.78,"CATCH_SKM":14.7,"DIS_AV_CMS":0.003,"ORD_STRA":1,"ORD_FLOW":9},"geometry":{"type":"LineString","coordinates":[[36.389583333332354,27.20833333333308],[36.389583333332354,27.197916666666437],[36.39374999999902,27.193749999999774]]}},{"type":"Feature","properties":{"HYRIV_ID":20831999,"NEXT_DOWN":20832642,"MAIN_RIV":20834582,"LENGTH_KM":4.12,"CATCH_SKM":10.12,"DIS_AV_CMS":0.27,"ORD_STRA":4,"ORD_FLOW":7},"geometry":{"type":"LineString","coordinates":[[36.41458333333239,27.214583333333117],[36.41458333333239,27.197916666666437],[36.410416666665725,27.193749999999774],[36.39374999999902,27.193749999999774]]}},{"type":"Feature","properties":{"HYRIV_ID":20832000,"NEXT_DOWN":20832093,"MAIN_RIV":20848032,"LENGTH_KM":1.03,"CATCH_SKM":1.15,"DIS_AV_CMS":0.391,"ORD_STRA":4,"ORD_FLOW":7},"geometry":{"type":"LineString","coordinates":[[37.006249999999056,27.197916666666437],[37.01041666666572,27.193749999999774],[37.01458333333238,27.193749999999774]]}},{"type":"Feature","properties":{"HYRIV_ID":20832001,"NEXT_DOWN":20832332,"MAIN_RIV":20848032,"LENGTH_KM":8.3100004,"CATCH_SKM":37.220001,"DIS_AV_CMS":0.017,"ORD_STRA":1,"ORD_FLOW":8},"geometry":{"type":"LineString","coordinates":[[37.17499999999907,27.24999999999975],[37.19374999999903,27.231249999999783],[37.19374999999903,27.22708333333309],[37.19791666666569,27.22291666666643],[37.19791666666569,27.214583333333117],[37.20624999999902,27.20624999999975],[37.21041666666568,27.20624999999975],[37.222916666665725,27.193749999999774]]}},{"type":"Feature","properties":{"HYRIV_ID":20832002,"NEXT_DOWN":20832332,"MAIN_RIV":20848032,"LENGTH_KM":0.93,"CATCH_SKM":15.08,"DIS_AV_CMS":0.007,"ORD_STRA":1,"ORD_FLOW":9},"geometry":{"type":"LineString","coordinates":[[37.22916666666572,27.19999999999977],[37.222916666665725,27.193749999999774]]}},{"type":"Feature","properties":{"HYRIV_ID":20832003,"NEXT_DOWN":20832333,"MAIN_RIV":20848032,"LENGTH_KM":4.02,"CATCH_SKM":16.610001,"DIS_AV_CMS":0.008,"ORD_STRA":1,"ORD_FLOW":9},"geometry":{"type":"LineString","coordinates":[[37.266666666665714,27.22499999999976],[37.256249999999,27.214583333333117],[37.256249999999,27.21041666666641],[37.25208333333234,27.20624999999975],[37.25208333333234,27.193749999999774]]}},{"type":"Feature","properties":{"HYRIV_ID":20832004,"NEXT_DOWN":20832333,"MAIN_RIV":20848032,"LENGTH_KM":8.7200003,"CATCH_SKM":15.27,"DIS_AV_CMS":0.199,"ORD_STRA":3,"ORD_FLOW":7},"geometry":{"type":"LineString","coordinates":[[37.2854166666657,27.243749999999757],[37.2854166666657,27.23958333333311],[37.28958333333236,27.235416666666445],[37.28958333333236,27.22291666666643],[37.2854166666657,27.218749999999766],[37.281249999999034,27.218749999999766],[37.27291666666571,27.21041666666641],[37.27708333333237,27.20624999999975],[37.27708333333237,27.2020833333331],[37.27291666666571,27.197916666666437],[37.268749999999045,27.197916666666437],[37.26458333333241,27.193749999999774],[37.25208333333234,27.193749999999774]]}},{"type":"Feature","properties":{"HYRIV_ID":20832005,"NEXT_DOWN":20832040,"MAIN_RIV":20848032,"LENGTH_KM":17.65,"CATCH_SKM":55.16,"DIS_AV_CMS":0.028,"ORD_STRA":1,"ORD_FLOW":8},"geometry":{"type":"LineString","coordinates":[[37.454166666665685,27.252083333333125],[37.44791666666572,27.252083333333125],[37.43124999999907,27.235416666666445],[37.422916666665685,27.235416666666445],[37.41874999999902,27.23958333333311],[37.4104166666657,27.23958333333311],[37.39791666666571,27.22708333333309],[37.38541666666566,27.22708333333309],[37.381249999999,27.22291666666643],[37.381249999999,27.218749999999766],[37.37708333333234,27.214583333333117],[37.372916666665674,27.218749999999766],[37.36874999999904,27.214583333333117],[37.36458333333238,27.214583333333117],[37.360416666665714,27.21041666666641],[37.35208333333239,27.21041666666641],[37.34791666666564,27.20624999999975],[37.33958333333234,27.20624999999975],[37.33541666666568,27.2020833333331],[37.33124999999902,27.20624999999975],[37.327083333332354,27.2020833333331],[37.327083333332354,27.197916666666437],[37.33124999999902,27.193749999999774]]}},{"type":"Feature","properties":{"HYRIV_ID":20832006,"NEXT_DOWN":20832040,"MAIN_RIV":20848032,"LENGTH_KM":4.9499998,"CATCH_SKM":19.09,"DIS_AV_CMS":0.01,"ORD_STRA":1,"ORD_FLOW":8},"geometry":{"type":"LineString","coordinates":[[37.37916666666567,27.197916666666437],[37.372916666665674,27.197916666666437],[37.36874999999904,27.193749999999774],[37.33124999999902,27.193749999999774]]}},{"type":"Feature","properties":{"HYRIV_ID":20832040,"NEXT_DOWN":20832335,"MAIN_RIV":20848032,"LENGTH_KM":0.62,"CATCH_SKM":0.38,"DIS_AV_CMS":0.038,"ORD_STRA":2,"ORD_FLOW":8},"geometry":{"type":"LineString","coordinates":[[37.33124999999902,27.193749999999774],[37.327083333332354,27.189583333333125]]}},{"type":"Feature","properties":{"HYRIV_ID":20832090,"NEXT_DOWN":20832768,"MAIN_RIV":20832810,"LENGTH_KM":8.1499996,"CATCH_SKM":40.470001,"DIS_AV_CMS":0.78600001,"ORD_STRA":5,"ORD_FLOW":7},"geometry":{"type":"LineString","coordinates":[[36.068749999999056,27.22291666666643],[36.06041666666576,27.22291666666643],[36.05624999999901,27.218749999999766],[36.05624999999901,27.214583333333117],[36.05208333333235,27.21041666666641],[36.05208333333235,27.20624999999975],[36.047916666665685,27.2020833333331],[36.03124999999906,27.2020833333331],[36.022916666665736,27.193749999999774],[36.01874999999899,27.193749999999774],[36.01041666666569,27.185416666666463]]}},{"type":"Feature","properties":{"HYRIV_ID":20832091,"NEXT_DOWN":20832092,"MAIN_RIV":20848032,"LENGTH_KM":9.54,"CATCH_SKM":30.93,"DIS_AV_CMS":0.01,"ORD_STRA":1,"ORD_FLOW":8},"geometry":{"type":"LineString","coordinates":[[36.77083333333238,27.185416666666463],[36.78124999999909,27.185416666666463],[36.78541666666575,27.189583333333125],[36.80624999999904,27.189583333333125],[36.8104166666657,27.193749999999774],[36.814583333332365,27.193749999999774],[36.81874999999903,27.197916666666437],[36.82291666666569,27.193749999999774],[36.835416666665736,27.193749999999774],[36.8395833333324,27.189583333333125],[36.84374999999906,27.193749999999774],[36.847916666665725,27.189583333333125],[36.847916666665725,27.185416666666463]]}},{"type":"Feature","properties":{"HYRIV_ID":20832092,"NEXT_DOWN":20831834,"MAIN_RIV":20848032,"LENGTH_KM":6.4499998,"CATCH_SKM":14.51,"DIS_AV_CMS":0.027,"ORD_STRA":2,"ORD_FLOW":8},"geometry":{"type":"LineString","coordinates":[[36.847916666665725,27.185416666666463],[36.85208333333236,27.185416666666463],[36.872916666665674,27.20624999999975],[36.88541666666572,27.20624999999975],[36.893749999999045,27.214583333333117],[36.893749999999045,27.218749999999766]]}},{"type":"Feature","properties":{"HYRIV_ID":20832093,"NEXT_DOWN":20832331,"MAIN_RIV":20848032,"LENGTH_KM":1.65,"CATCH_SKM":4.0100002,"DIS_AV_CMS":0.401,"ORD_STRA":4,"ORD_FLOW":7},"geometry":{"type":"LineString","coordinates":[[37.01458333333238,27.193749999999774],[37.018749999999045,27.193749999999774],[37.02708333333237,27.185416666666463]]}},{"type":"Feature","properties":{"HYRIV_ID":20832094,"NEXT_DOWN":20832331,"MAIN_RIV":20848032,"LENGTH_KM":3.97,"CATCH_SKM":8.9700003,"DIS_AV_CMS":0.016,"ORD_STRA":2,"ORD_FLOW":8},"geometry":{"type":"LineString","coordinates":[[37.039583333332416,27.214583333333117],[37.039583333332416,27.20624999999975],[37.03541666666567,27.2020833333331],[37.031249999999034,27.2020833333331],[37.02708333333237,27.197916666666437],[37.02708333333237,27.185416666666463]]}},{"type":"Feature","properties":{"HYRIV_ID":20832154,"NEXT_DOWN":20831036,"MAIN_RIV":20834582,"LENGTH_KM":9.75,"CATCH_SKM":51.549999,"DIS_AV_CMS":0.015,"ORD_STRA":1,"ORD_FLOW":8},"geometry":{"type":"LineString","coordinates":[[36.64583333333235,27.179166666666426],[36.631249999999056,27.193749999999774],[36.631249999999056,27.2020833333331],[36.62708333333239,27.20624999999975],[36.62708333333239,27.22708333333309],[36.62291666666573,27.231249999999783],[36.62291666666573,27.235416666666445],[36.61874999999898,27.23958333333311],[36.61874999999898,27.24791666666642],[36.61458333333235,27.252083333333125],[36.61458333333235,27.256249999999774]]}},{"type":"Feature","properties":{"HYRIV_ID":20832214,"NEXT_DOWN":20832910,"MAIN_RIV":20834582,"LENGTH_KM":3.9400001,"CATCH_SKM":19.280001,"DIS_AV_CMS":0.003,"ORD_STRA":1,"ORD_FLOW":9},"geometry":{"type":"LineString","coordinates":[[36.24374999999907,27.20833333333308],[36.24374999999907,27.2020833333331],[36.23541666666574,27.193749999999774],[36.23541666666574,27.181249999999757],[36.239583333332405,27.177083333333094]]}},{"type":"Feature","properties":{"HYRIV_ID":20832215,"NEXT_DOWN":20832910,"MAIN_RIV":20834582,"LENGTH_KM":4.9499998,"CATCH_SKM":18.52,"DIS_AV_CMS":0.014,"ORD_STRA":2,"ORD_FLOW":8},"geometry":{"type":"LineString","coordinates":[[36.28124999999906,27.193749999999774],[36.26874999999902,27.193749999999774],[36.252083333332365,27.177083333333094],[36.239583333332405,27.177083333333094]]}},{"type":"Feature","properties":{"HYRIV_ID":20832279,"NEXT_DOWN":20832705,"MAIN_RIV":20834582,"LENGTH_KM":1.31,"CATCH_SKM":11.07,"DIS_AV_CMS":0.002,"ORD_STRA":1,"ORD_FLOW":9},"geometry":{"type":"LineString","coordinates":[[36.435416666665674,27.18333333333309],[36.435416666665674,27.177083333333094],[36.43124999999904,27.172916666666445]]}},{"type":"Feature","properties":{"HYRIV_ID":20832280,"NEXT_DOWN":20832705,"MAIN_RIV":20834582,"LENGTH_KM":10.84,"CATCH_SKM":81.150002,"DIS_AV_CMS":0.018,"ORD_STRA":1,"ORD_FLOW":8},"geometry":{"type":"LineString","coordinates":[[36.52083333333235,27.204166666666417],[36.514583333332354,27.197916666666437],[36.51041666666569,27.197916666666437],[36.506249999999056,27.193749999999774],[36.49374999999907,27.193749999999774],[36.48958333333232,27.197916666666437],[36.48124999999902,27.197916666666437],[36.47708333333236,27.193749999999774],[36.4729166666657,27.193749999999774],[36.468749999999034,27.189583333333125],[36.46041666666571,27.189583333333125],[36.45208333333241,27.181249999999757],[36.44791666666575,27.181249999999757],[36.443749999999085,27.177083333333094],[36.43958333333242,27.177083333333094],[36.435416666665674,27.172916666666445],[36.43124999999904,27.172916666666445]]}},{"type":"Feature","properties":{"HYRIV_ID":20832281,"NEXT_DOWN":20832093,"MAIN_RIV":20848032,"LENGTH_KM":3.25,"CATCH_SKM":15.47,"DIS_AV_CMS":0.006,"ORD_STRA":1,"ORD_FLOW":9},"geometry":{"type":"LineString","coordinates":[[36.999999999999005,27.172916666666445],[37.006249999999056,27.172916666666445],[37.01041666666572,27.177083333333094],[37.01041666666572,27.185416666666463],[37.01458333333238,27.189583333333125],[37.01458333333238,27.193749999999774]]}},{"type":"Feature","properties":{"HYRIV_ID":20832282,"NEXT_DOWN":20832335,"MAIN_RIV":20848032,"LENGTH_KM":3.35,"CATCH_SKM":14.7,"DIS_AV_CMS":0.007,"ORD_STRA":1,"ORD_FLOW":9},"geometry":{"type":"LineString","coordinates":[[37.34999999999897,27.172916666666445],[37.343749999999005,27.172916666666445],[37.33958333333234,27.177083333333094],[37.33958333333234,27.181249999999757],[37.33541666666568,27.185416666666463],[37.33124999999902,27.185416666666463],[37.327083333332354,27.189583333333125]]}},{"type":"Feature","properties":{"HYRIV_ID":20832283,"NEXT_DOWN":20832649,"MAIN_RIV":20848032,"LENGTH_KM":0.69,"CATCH_SKM":11.65,"DIS_AV_CMS":0.003,"ORD_STRA":1,"ORD_FLOW":9},"geometry":{"type":"LineString","coordinates":[[37.68124999999901,27.179166666666426],[37.68124999999901,27.172916666666445]]}},{"type":"Feature","properties":{"HYRIV_ID":20832330,"NEXT_DOWN":20832768,"MAIN_RIV":20832810,"LENGTH_KM":4.0300002,"CATCH_SKM":17.950001,"DIS_AV_CMS":0.002,"ORD_STRA":1,"ORD_FLOW":9},"geometry":{"type":"LineString","coordinates":[[36.04166666666569,27.16666666666645],[36.035416666665725,27.172916666666445],[36.0270833333324,27.172916666666445],[36.01874999999899,27.181249999999757],[36.014583333332354,27.181249999999757],[36.01041666666569,27.185416666666463]]}},{"type":"Feature","properties":{"HYRIV_ID":20832331,"NEXT_DOWN":20832530,"MAIN_RIV":20848032,"LENGTH_KM":2.48,"CATCH_SKM":10.5,"DIS_AV_CMS":0.42500001,"ORD_STRA":4,"ORD_FLOW":7},"geometry":{"type":"LineString","coordinates":[[37.02708333333237,27.185416666666463],[37.04374999999908,27.16874999999974]]}},{"type":"Feature","properties":{"HYRIV_ID":20832332,"NEXT_DOWN":20832443,"MAIN_RIV":20848032,"LENGTH_KM":3.09,"CATCH_SKM":5.35,"DIS_AV_CMS":0.027,"ORD_STRA":2,"ORD_FLOW":8},"geometry":{"type":"LineString","coordinates":[[37.222916666665725,27.193749999999774],[37.222916666665725,27.181249999999757],[37.22708333333239,27.177083333333094],[37.222916666665725,27.172916666666445],[37.222916666665725,27.16874999999974]]}},{"type":"Feature","properties":{"HYRIV_ID":20832333,"NEXT_DOWN":20832386,"MAIN_RIV":20848032,"LENGTH_KM":3.25,"CATCH_SKM":5.73,"DIS_AV_CMS":0.212,"ORD_STRA":3,"ORD_FLOW":7},"geometry":{"type":"LineString","coordinates":[[37.25208333333234,27.193749999999774],[37.25208333333234,27.185416666666463],[37.247916666665674,27.181249999999757],[37.247916666665674,27.177083333333094],[37.23958333333238,27.16874999999974]]}},{"type":"Feature","properties":{"HYRIV_ID":20832334,"NEXT_DOWN":20832387,"MAIN_RIV":20848032,"LENGTH_KM":14.74,"CATCH_SKM":29.969999,"DIS_AV_CMS":0.03,"ORD_STRA":2,"ORD_FLOW":8},"geometry":{"type":"LineString","coordinates":[[37.36458333333238,27.24791666666642],[37.34791666666564,27.24791666666642],[37.343749999999005,27.243749999999757],[37.343749999999005,27.235416666666445],[37.33958333333234,27.231249999999783],[37.33958333333234,27.22708333333309],[37.33541666666568,27.22291666666643],[37.33124999999902,27.22291666666643],[37.327083333332354,27.218749999999766],[37.30624999999907,27.218749999999766],[37.302083333332405,27.214583333333117],[37.302083333332405,27.21041666666641],[37.29791666666566,27.20624999999975],[37.29791666666566,27.2020833333331],[37.293749999998994,27.2020833333331],[37.28958333333236,27.197916666666437],[37.28958333333236,27.181249999999757],[37.2854166666657,27.177083333333094],[37.2854166666657,27.172916666666445],[37.281249999999034,27.16874999999974]]}},{"type":"Feature","properties":{"HYRIV_ID":20832335,"NEXT_DOWN":20832387,"MAIN_RIV":20848032,"LENGTH_KM":5.5700002,"CATCH_SKM":15.28,"DIS_AV_CMS":0.054,"ORD_STRA":2,"ORD_FLOW":8},"geometry":{"type":"LineString","coordinates":[[37.327083333332354,27.189583333333125],[37.32291666666569,27.189583333333125],[37.31458333333239,27.181249999999757],[37.30624999999907,27.181249999999757],[37.29791666666566,27.172916666666445],[37.293749999998994,27.172916666666445],[37.28958333333236,27.16874999999974],[37.281249999999034,27.16874999999974]]}},{"type":"Feature","properties":{"HYRIV_ID":20832336,"NEXT_DOWN":20832649,"MAIN_RIV":20848032,"LENGTH_KM":5.1599998,"CATCH_SKM":13.18,"DIS_AV_CMS":0.006,"ORD_STRA":2,"ORD_FLOW":9},"geometry":{"type":"LineString","coordinates":[[37.63541666666566,27.16874999999974],[37.639583333332325,27.172916666666445],[37.64374999999907,27.172916666666445],[37.647916666665736,27.16874999999974],[37.66874999999902,27.16874999999974],[37.672916666665685,27.172916666666445],[37.68124999999901,27.172916666666445]]}},{"type":"Feature","properties":{"HYRIV_ID":20832386,"NEXT_DOWN":20832443,"MAIN_RIV":20848032,"LENGTH_KM":2.06,"CATCH_SKM":3.25,"DIS_AV_CMS":0.30700001,"ORD_STRA":4,"ORD_FLOW":7},"geometry":{"type":"LineString","coordinates":[[37.23958333333238,27.16874999999974],[37.235416666665714,27.164583333333077],[37.23124999999905,27.16874999999974],[37.222916666665725,27.16874999999974]]}},{"type":"Feature","properties":{"HYRIV_ID":20832387,"NEXT_DOWN":20832386,"MAIN_RIV":20848032,"LENGTH_KM":4.9499998,"CATCH_SKM":10.88,"DIS_AV_CMS":0.092,"ORD_STRA":3,"ORD_FLOW":8},"geometry":{"type":"LineString","coordinates":[[37.281249999999034,27.16874999999974],[37.26041666666575,27.16874999999974],[37.256249999999,27.172916666666445],[37.25208333333234,27.16874999999974],[37.247916666665674,27.16874999999974],[37.24374999999901,27.164583333333077],[37.23958333333238,27.16874999999974]]}},{"type":"Feature","properties":{"HYRIV_ID":20832388,"NEXT_DOWN":20832336,"MAIN_RIV":20848032,"LENGTH_KM":2.8900001,"CATCH_SKM":19.1,"DIS_AV_CMS":0.003,"ORD_STRA":1,"ORD_FLOW":9},"geometry":{"type":"LineString","coordinates":[[37.6083333333323,27.164583333333077],[37.6229166666657,27.164583333333077],[37.627083333332365,27.16874999999974],[37.63541666666566,27.16874999999974]]}},{"type":"Feature","properties":{"HYRIV_ID":20832389,"NEXT_DOWN":20832815,"MAIN_RIV":20848032,"LENGTH_KM":23.41,"CATCH_SKM":82.669998,"DIS_AV_CMS":0.02,"ORD_STRA":1,"ORD_FLOW":8},"geometry":{"type":"LineString","coordinates":[[37.566666666665725,27.181249999999757],[37.57708333333238,27.181249999999757],[37.58124999999902,27.185416666666463],[37.58958333333234,27.185416666666463],[37.60208333333233,27.197916666666437],[37.60208333333233,27.2020833333331],[37.61041666666563,27.21041666666641],[37.627083333332365,27.21041666666641],[37.63124999999903,27.214583333333117],[37.64374999999907,27.214583333333117],[37.647916666665736,27.218749999999766],[37.67708333333235,27.218749999999766],[37.68124999999901,27.22291666666643],[37.685416666665645,27.22291666666643],[37.68958333333231,27.218749999999766],[37.68958333333231,27.214583333333117],[37.693749999999056,27.21041666666641],[37.69791666666572,27.21041666666641],[37.70208333333238,27.20624999999975],[37.70208333333238,27.189583333333125],[37.706249999999045,27.185416666666463],[37.706249999999045,27.16874999999974],[37.72291666666575,27.16874999999974],[37.72708333333233,27.164583333333077]]}},{"type":"Feature","properties":{"HYRIV_ID":20832390,"NEXT_DOWN":20832815,"MAIN_RIV":20848032,"LENGTH_KM":4.5700002,"CATCH_SKM":29.59,"DIS_AV_CMS":0.005,"ORD_STRA":1,"ORD_FLOW":9},"geometry":{"type":"LineString","coordinates":[[37.73541666666566,27.19999999999977],[37.73541666666566,27.193749999999774],[37.731249999998994,27.189583333333125],[37.731249999998994,27.185416666666463],[37.73541666666566,27.181249999999757],[37.731249999998994,27.177083333333094],[37.731249999998994,27.16874999999974],[37.72708333333233,27.164583333333077]]}},{"type":"Feature","properties":{"HYRIV_ID":20832442,"NEXT_DOWN":20832707,"MAIN_RIV":20848032,"LENGTH_KM":10.57,"CATCH_SKM":44.669998,"DIS_AV_CMS":0.021,"ORD_STRA":1,"ORD_FLOW":8},"geometry":{"type":"LineString","coordinates":[[37.162499999999,27.231249999999783],[37.17291666666574,27.231249999999783],[37.177083333332405,27.22708333333309],[37.177083333332405,27.22291666666643],[37.18124999999907,27.218749999999766],[37.18124999999907,27.214583333333117],[37.18541666666573,27.21041666666641],[37.18541666666573,27.185416666666463],[37.189583333332365,27.181249999999757],[37.189583333332365,27.177083333333094],[37.20624999999902,27.16041666666643],[37.21041666666568,27.16041666666643]]}},{"type":"Feature","properties":{"HYRIV_ID":20832443,"NEXT_DOWN":20832707,"MAIN_RIV":20848032,"LENGTH_KM":1.91,"CATCH_SKM":5.54,"DIS_AV_CMS":0.339,"ORD_STRA":4,"ORD_FLOW":7},"geometry":{"type":"LineString","coordinates":[[37.222916666665725,27.16874999999974],[37.21458333333234,27.16874999999974],[37.21041666666568,27.164583333333077],[37.21041666666568,27.16041666666643]]}},{"type":"Feature","properties":{"HYRIV_ID":20832529,"NEXT_DOWN":20832092,"MAIN_RIV":20848032,"LENGTH_KM":5.08,"CATCH_SKM":32.849998,"DIS_AV_CMS":0.011,"ORD_STRA":1,"ORD_FLOW":8},"geometry":{"type":"LineString","coordinates":[[36.81874999999903,27.154166666666434],[36.81874999999903,27.16041666666643],[36.83124999999907,27.172916666666445],[36.83124999999907,27.177083333333094],[36.835416666665736,27.181249999999757],[36.84374999999906,27.181249999999757],[36.847916666665725,27.185416666666463]]}},{"type":"Feature","properties":{"HYRIV_ID":20832530,"NEXT_DOWN":20832646,"MAIN_RIV":20848032,"LENGTH_KM":7.6300001,"CATCH_SKM":45.080002,"DIS_AV_CMS":0.466,"ORD_STRA":4,"ORD_FLOW":7},"geometry":{"type":"LineString","coordinates":[[37.04374999999908,27.16874999999974],[37.04791666666574,27.164583333333077],[37.05624999999907,27.164583333333077],[37.0604166666657,27.16041666666643],[37.064583333332365,27.16041666666643],[37.06874999999903,27.156249999999766],[37.089583333332314,27.156249999999766],[37.09374999999906,27.16041666666643],[37.097916666665725,27.16041666666643],[37.10208333333239,27.156249999999766],[37.110416666665685,27.156249999999766]]}},{"type":"Feature","properties":{"HYRIV_ID":20832531,"NEXT_DOWN":20832646,"MAIN_RIV":20848032,"LENGTH_KM":11.83,"CATCH_SKM":45.619999,"DIS_AV_CMS":0.02,"ORD_STRA":1,"ORD_FLOW":8},"geometry":{"type":"LineString","coordinates":[[37.10208333333239,27.254166666666457],[37.10208333333239,27.24791666666642],[37.10624999999905,27.243749999999757],[37.10624999999905,27.235416666666445],[37.110416666665685,27.231249999999783],[37.110416666665685,27.22291666666643],[37.10624999999905,27.218749999999766],[37.10624999999905,27.20624999999975],[37.11458333333235,27.197916666666437],[37.110416666665685,27.193749999999774],[37.110416666665685,27.156249999999766]]}},{"type":"Feature","properties":{"HYRIV_ID":20832588,"NEXT_DOWN":20833226,"MAIN_RIV":20848032,"LENGTH_KM":5.5,"CATCH_SKM":25.969999,"DIS_AV_CMS":0.012,"ORD_STRA":1,"ORD_FLOW":8},"geometry":{"type":"LineString","coordinates":[[37.12708333333234,27.18333333333309],[37.12708333333234,27.177083333333094],[37.131249999999,27.172916666666445],[37.131249999999,27.16874999999974],[37.13541666666566,27.164583333333077],[37.143749999999045,27.164583333333077],[37.15208333333237,27.156249999999766],[37.14791666666571,27.152083333333103],[37.143749999999045,27.152083333333103]]}},{"type":"Feature","properties":{"HYRIV_ID":20832641,"NEXT_DOWN":20833110,"MAIN_RIV":20834582,"LENGTH_KM":8.4399996,"CATCH_SKM":36.470001,"DIS_AV_CMS":0.006,"ORD_STRA":1,"ORD_FLOW":9},"geometry":{"type":"LineString","coordinates":[[36.343749999999034,27.212499999999785],[36.343749999999034,27.197916666666437],[36.356249999998994,27.185416666666463],[36.356249999998994,27.177083333333094],[36.36041666666574,27.172916666666445],[36.356249999998994,27.16874999999974],[36.356249999998994,27.164583333333077],[36.364583333332405,27.156249999999766],[36.364583333332405,27.152083333333103],[36.36874999999907,27.147916666666454]]}},{"type":"Feature","properties":{"HYRIV_ID":20832642,"NEXT_DOWN":20833110,"MAIN_RIV":20834582,"LENGTH_KM":6.04,"CATCH_SKM":17.57,"DIS_AV_CMS":0.27500001,"ORD_STRA":4,"ORD_FLOW":7},"geometry":{"type":"LineString","coordinates":[[36.39374999999902,27.193749999999774],[36.37708333333239,27.177083333333094],[36.37708333333239,27.164583333333077],[36.36874999999907,27.156249999999766],[36.36874999999907,27.147916666666454]]}},{"type":"Feature","properties":{"HYRIV_ID":20832643,"NEXT_DOWN":20832644,"MAIN_RIV":20848032,"LENGTH_KM":0.62,"CATCH_SKM":10.89,"DIS_AV_CMS":0.004,"ORD_STRA":1,"ORD_FLOW":9},"geometry":{"type":"LineString","coordinates":[[36.86666666666568,27.147916666666454],[36.872916666665674,27.147916666666454]]}},{"type":"Feature","properties":{"HYRIV_ID":20832644,"NEXT_DOWN":20831890,"MAIN_RIV":20848032,"LENGTH_KM":9.96,"CATCH_SKM":30.549999,"DIS_AV_CMS":0.022,"ORD_STRA":2,"ORD_FLOW":8},"geometry":{"type":"LineString","coordinates":[[36.872916666665674,27.147916666666454],[36.872916666665674,27.152083333333103],[36.87708333333231,27.156249999999766],[36.872916666665674,27.16041666666643],[36.87708333333231,27.164583333333077],[36.87708333333231,27.16874999999974],[36.88124999999897,27.172916666666445],[36.88541666666572,27.172916666666445],[36.88958333333238,27.177083333333094],[36.88958333333238,27.181249999999757],[36.893749999999045,27.185416666666463],[36.893749999999045,27.189583333333125],[36.89791666666571,27.193749999999774],[36.91041666666567,27.193749999999774],[36.91458333333233,27.197916666666437],[36.91874999999908,27.197916666666437],[36.92291666666574,27.2020833333331],[36.92291666666574,27.20624999999975]]}},{"type":"Feature","properties":{"HYRIV_ID":20832645,"NEXT_DOWN":20832530,"MAIN_RIV":20848032,"LENGTH_KM":3.1,"CATCH_SKM":20.440001,"DIS_AV_CMS":0.008,"ORD_STRA":1,"ORD_FLOW":9},"geometry":{"type":"LineString","coordinates":[[37.0291666666657,27.14583333333308],[37.04374999999908,27.16041666666643],[37.04374999999908,27.16874999999974]]}},{"type":"Feature","properties":{"HYRIV_ID":20832646,"NEXT_DOWN":20833226,"MAIN_RIV":20848032,"LENGTH_KM":4.3400002,"CATCH_SKM":11.46,"DIS_AV_CMS":0.498,"ORD_STRA":4,"ORD_FLOW":7},"geometry":{"type":"LineString","coordinates":[[37.110416666665685,27.156249999999766],[37.11458333333235,27.152083333333103],[37.11874999999901,27.152083333333103],[37.122916666665674,27.156249999999766],[37.12708333333234,27.156249999999766],[37.13541666666566,27.147916666666454],[37.13958333333238,27.152083333333103],[37.143749999999045,27.152083333333103]]}},{"type":"Feature","properties":{"HYRIV_ID":20832647,"NEXT_DOWN":20832813,"MAIN_RIV":20848032,"LENGTH_KM":14.65,"CATCH_SKM":82.669998,"DIS_AV_CMS":0.041,"ORD_STRA":1,"ORD_FLOW":8},"geometry":{"type":"LineString","coordinates":[[37.487499999999045,27.204166666666417],[37.48124999999905,27.21041666666641],[37.46458333333234,27.21041666666641],[37.45624999999902,27.218749999999766],[37.452083333332354,27.218749999999766],[37.43958333333239,27.20624999999975],[37.43958333333239,27.2020833333331],[37.43541666666573,27.197916666666437],[37.43541666666573,27.189583333333125],[37.43124999999907,27.185416666666463],[37.43124999999907,27.181249999999757],[37.422916666665685,27.172916666666445],[37.41458333333236,27.172916666666445],[37.406249999999034,27.164583333333077],[37.406249999999034,27.16041666666643],[37.39791666666571,27.152083333333103],[37.39791666666571,27.147916666666454]]}},{"type":"Feature","properties":{"HYRIV_ID":20832648,"NEXT_DOWN":20832336,"MAIN_RIV":20848032,"LENGTH_KM":3.25,"CATCH_SKM":15.66,"DIS_AV_CMS":0.001,"ORD_STRA":1,"ORD_FLOW":9},"geometry":{"type":"LineString","coordinates":[[37.61666666666571,27.14583333333308],[37.63541666666566,27.164583333333077],[37.63541666666566,27.16874999999974]]}},{"type":"Feature","properties":{"HYRIV_ID":20832649,"NEXT_DOWN":20832814,"MAIN_RIV":20848032,"LENGTH_KM":3.09,"CATCH_SKM":9.3599997,"DIS_AV_CMS":0.009,"ORD_STRA":2,"ORD_FLOW":9},"geometry":{"type":"LineString","coordinates":[[37.68124999999901,27.172916666666445],[37.68124999999901,27.16874999999974],[37.685416666665645,27.164583333333077],[37.685416666665645,27.156249999999766],[37.68958333333231,27.152083333333103],[37.68958333333231,27.147916666666454]]}},{"type":"Feature","properties":{"HYRIV_ID":20832705,"NEXT_DOWN":20832913,"MAIN_RIV":20834582,"LENGTH_KM":3.87,"CATCH_SKM":9.1700001,"DIS_AV_CMS":0.022,"ORD_STRA":2,"ORD_FLOW":8},"geometry":{"type":"LineString","coordinates":[[36.43124999999904,27.172916666666445],[36.41874999999905,27.16041666666643],[36.41874999999905,27.147916666666454],[36.41458333333239,27.14374999999979]]}},{"type":"Feature","properties":{"HYRIV_ID":20832706,"NEXT_DOWN":20831945,"MAIN_RIV":20848032,"LENGTH_KM":8.0500002,"CATCH_SKM":48.900002,"DIS_AV_CMS":0.018,"ORD_STRA":1,"ORD_FLOW":8},"geometry":{"type":"LineString","coordinates":[[36.92916666666571,27.14166666666646],[36.9354166666657,27.147916666666454],[36.9354166666657,27.156249999999766],[36.93124999999904,27.16041666666643],[36.93124999999904,27.16874999999974],[36.9354166666657,27.172916666666445],[36.9354166666657,27.177083333333094],[36.95624999999899,27.197916666666437],[36.95624999999899,27.2020833333331]]}},{"type":"Feature","properties":{"HYRIV_ID":20832707,"NEXT_DOWN":20833166,"MAIN_RIV":20848032,"LENGTH_KM":2.01,"CATCH_SKM":3.6300001,"DIS_AV_CMS":0.364,"ORD_STRA":4,"ORD_FLOW":7},"geometry":{"type":"LineString","coordinates":[[37.21041666666568,27.16041666666643],[37.21041666666568,27.156249999999766],[37.21458333333234,27.152083333333103],[37.21458333333234,27.14374999999979]]}},{"type":"Feature","properties":{"HYRIV_ID":20832708,"NEXT_DOWN":20833166,"MAIN_RIV":20848032,"LENGTH_KM":0.82,"CATCH_SKM":0.95,"DIS_AV_CMS":0.13,"ORD_STRA":2,"ORD_FLOW":7},"geometry":{"type":"LineString","coordinates":[[37.222916666665725,27.14374999999979],[37.21458333333234,27.14374999999979]]}},{"type":"Feature","properties":{"HYRIV_ID":20832768,"NEXT_DOWN":20832810,"MAIN_RIV":20832810,"LENGTH_KM":14.66,"CATCH_SKM":56.709999,"DIS_AV_CMS":0.77600002,"ORD_STRA":5,"ORD_FLOW":7},"geometry":{"type":"LineString","coordinates":[[36.01041666666569,27.185416666666463],[36.00624999999903,27.185416666666463],[36.002083333332365,27.189583333333125],[35.9979166666657,27.185416666666463],[35.98958333333238,27.185416666666463],[35.98124999999908,27.177083333333094],[35.977083333332416,27.177083333333094],[35.968749999999005,27.16874999999974],[35.95208333333238,27.16874999999974],[35.94791666666572,27.164583333333077],[35.943749999999056,27.164583333333077],[35.93958333333239,27.16874999999974],[35.931249999999096,27.16874999999974],[35.92708333333243,27.164583333333077],[35.91874999999902,27.164583333333077],[35.89374999999907,27.139583333333086]]}},{"type":"Feature","properties":{"HYRIV_ID":20832769,"NEXT_DOWN":20832913,"MAIN_RIV":20834582,"LENGTH_KM":4.8600001,"CATCH_SKM":21.780001,"DIS_AV_CMS":0.004,"ORD_STRA":1,"ORD_FLOW":9},"geometry":{"type":"LineString","coordinates":[[36.44999999999908,27.14166666666646],[36.443749999999085,27.147916666666454],[36.43958333333242,27.14374999999979],[36.435416666665674,27.14374999999979],[36.43124999999904,27.139583333333086],[36.42708333333238,27.14374999999979],[36.422916666665714,27.139583333333086],[36.41874999999905,27.14374999999979],[36.41458333333239,27.14374999999979]]}},{"type":"Feature","properties":{"HYRIV_ID":20832770,"NEXT_DOWN":20832813,"MAIN_RIV":20848032,"LENGTH_KM":2.79,"CATCH_SKM":13.94,"DIS_AV_CMS":0.007,"ORD_STRA":1,"ORD_FLOW":9},"geometry":{"type":"LineString","coordinates":[[37.420833333332354,27.13749999999977],[37.41458333333236,27.14374999999979],[37.406249999999034,27.14374999999979],[37.40208333333237,27.147916666666454],[37.39791666666571,27.147916666666454]]}},{"type":"Feature","properties":{"HYRIV_ID":20832812,"NEXT_DOWN":20832708,"MAIN_RIV":20848032,"LENGTH_KM":7.4299998,"CATCH_SKM":33.810001,"DIS_AV_CMS":0.122,"ORD_STRA":2,"ORD_FLOW":7},"geometry":{"type":"LineString","coordinates":[[37.2854166666657,27.135416666666437],[37.27708333333237,27.135416666666437],[37.27291666666571,27.139583333333086],[37.268749999999045,27.135416666666437],[37.26458333333241,27.139583333333086],[37.256249999999,27.139583333333086],[37.25208333333234,27.14374999999979],[37.24374999999901,27.14374999999979],[37.23958333333238,27.139583333333086],[37.23124999999905,27.139583333333086],[37.22708333333239,27.14374999999979],[37.222916666665725,27.14374999999979]]}},{"type":"Feature","properties":{"HYRIV_ID":20832813,"NEXT_DOWN":20832812,"MAIN_RIV":20848032,"LENGTH_KM":13.83,"CATCH_SKM":38.580002,"DIS_AV_CMS":0.071,"ORD_STRA":2,"ORD_FLOW":8},"geometry":{"type":"LineString","coordinates":[[37.39791666666571,27.147916666666454],[37.39374999999907,27.14374999999979],[37.389583333332325,27.14374999999979],[37.38541666666566,27.139583333333086],[37.37708333333234,27.139583333333086],[37.372916666665674,27.135416666666437],[37.36874999999904,27.139583333333086],[37.35624999999905,27.139583333333086],[37.343749999999005,27.152083333333103],[37.33541666666568,27.152083333333103],[37.33124999999902,27.156249999999766],[37.31041666666573,27.156249999999766],[37.30624999999907,27.152083333333103],[37.302083333332405,27.152083333333103],[37.2854166666657,27.135416666666437]]}},{"type":"Feature","properties":{"HYRIV_ID":20832814,"NEXT_DOWN":20833171,"MAIN_RIV":20848032,"LENGTH_KM":5.5700002,"CATCH_SKM":12.8,"DIS_AV_CMS":0.027,"ORD_STRA":3,"ORD_FLOW":8},"geometry":{"type":"LineString","coordinates":[[37.68958333333231,27.147916666666454],[37.693749999999056,27.147916666666454],[37.69791666666572,27.14374999999979],[37.70208333333238,27.14374999999979],[37.706249999999045,27.139583333333086],[37.718749999999005,27.139583333333086],[37.72291666666575,27.135416666666437],[37.73958333333229,27.135416666666437]]}},{"type":"Feature","properties":{"HYRIV_ID":20832815,"NEXT_DOWN":20833171,"MAIN_RIV":20848032,"LENGTH_KM":4.0300002,"CATCH_SKM":15.66,"DIS_AV_CMS":0.026,"ORD_STRA":2,"ORD_FLOW":8},"geometry":{"type":"LineString","coordinates":[[37.72708333333233,27.164583333333077],[37.731249999998994,27.16041666666643],[37.731249999998994,27.152083333333103],[37.74374999999904,27.139583333333086],[37.73958333333229,27.135416666666437]]}},{"type":"Feature","properties":{"HYRIV_ID":20832870,"NEXT_DOWN":20833373,"MAIN_RIV":20848032,"LENGTH_KM":13.31,"CATCH_SKM":62.060001,"DIS_AV_CMS":0.01,"ORD_STRA":1,"ORD_FLOW":8},"geometry":{"type":"LineString","coordinates":[[37.84583333333234,27.16666666666645],[37.85208333333233,27.172916666666445],[37.856249999998994,27.172916666666445],[37.864583333332405,27.181249999999757],[37.86874999999904,27.181249999999757],[37.877083333332365,27.189583333333125],[37.88124999999903,27.189583333333125],[37.88124999999903,27.177083333333094],[37.88541666666569,27.172916666666445],[37.88541666666569,27.16874999999974],[37.89374999999899,27.16041666666643],[37.889583333332354,27.156249999999766],[37.889583333332354,27.147916666666454],[37.89374999999899,27.14374999999979],[37.89374999999899,27.135416666666437],[37.9020833333324,27.135416666666437],[37.90624999999906,27.131249999999774],[37.910416666665725,27.131249999999774]]}},{"type":"Feature","properties":{"HYRIV_ID":20832871,"NEXT_DOWN":20833373,"MAIN_RIV":20848032,"LENGTH_KM":2.4300001,"CATCH_SKM":15.47,"DIS_AV_CMS":0.002,"ORD_STRA":1,"ORD_FLOW":9},"geometry":{"type":"LineString","coordinates":[[37.912499999999056,27.14583333333308],[37.91874999999902,27.139583333333086],[37.91874999999902,27.135416666666437],[37.91458333333239,27.131249999999774],[37.910416666665725,27.131249999999774]]}},{"type":"Feature","properties":{"HYRIV_ID":20832910,"NEXT_DOWN":20833606,"MAIN_RIV":20834582,"LENGTH_KM":20.42,"CATCH_SKM":105.22,"DIS_AV_CMS":0.03,"ORD_STRA":2,"ORD_FLOW":8},"geometry":{"type":"LineString","coordinates":[[36.239583333332405,27.177083333333094],[36.23541666666574,27.172916666666445],[36.21458333333237,27.172916666666445],[36.21041666666571,27.16874999999974],[36.19791666666572,27.16874999999974],[36.193749999999085,27.164583333333077],[36.17708333333235,27.164583333333077],[36.172916666665685,27.16874999999974],[36.11041666666574,27.16874999999974],[36.10624999999908,27.164583333333077],[36.09791666666567,27.164583333333077],[36.093749999999005,27.16041666666643],[36.08958333333237,27.16041666666643],[36.07708333333238,27.147916666666454],[36.07708333333238,27.131249999999774],[36.081249999999045,27.12708333333311]]}},{"type":"Feature","properties":{"HYRIV_ID":20832911,"NEXT_DOWN":20833606,"MAIN_RIV":20834582,"LENGTH_KM":1.65,"CATCH_SKM":2.29,"DIS_AV_CMS":0.005,"ORD_STRA":2,"ORD_FLOW":9},"geometry":{"type":"LineString","coordinates":[[36.09791666666567,27.12708333333311],[36.081249999999045,27.12708333333311]]}},{"type":"Feature","properties":{"HYRIV_ID":20832912,"NEXT_DOWN":20832911,"MAIN_RIV":20834582,"LENGTH_KM":0.69,"CATCH_SKM":11.65,"DIS_AV_CMS":0.001,"ORD_STRA":1,"ORD_FLOW":9},"geometry":{"type":"LineString","coordinates":[[36.09791666666567,27.133333333333105],[36.09791666666567,27.12708333333311]]}},{"type":"Feature","properties":{"HYRIV_ID":20832913,"NEXT_DOWN":20833164,"MAIN_RIV":20834582,"LENGTH_KM":2.01,"CATCH_SKM":5.35,"DIS_AV_CMS":0.027,"ORD_STRA":2,"ORD_FLOW":8},"geometry":{"type":"LineString","coordinates":[[36.41458333333239,27.14374999999979],[36.41458333333239,27.131249999999774],[36.410416666665725,27.12708333333311]]}},{"type":"Feature","properties":{"HYRIV_ID":20832914,"NEXT_DOWN":20832644,"MAIN_RIV":20848032,"LENGTH_KM":3.6600001,"CATCH_SKM":20.25,"DIS_AV_CMS":0.007,"ORD_STRA":1,"ORD_FLOW":9},"geometry":{"type":"LineString","coordinates":[[36.85416666666569,27.12708333333311],[36.860416666665685,27.12708333333311],[36.860416666665685,27.131249999999774],[36.86458333333235,27.135416666666437],[36.86874999999901,27.135416666666437],[36.872916666665674,27.139583333333086],[36.872916666665674,27.147916666666454]]}},{"type":"Feature","properties":{"HYRIV_ID":20833007,"NEXT_DOWN":20833164,"MAIN_RIV":20834582,"LENGTH_KM":2.3800001,"CATCH_SKM":13.38,"DIS_AV_CMS":0.002,"ORD_STRA":1,"ORD_FLOW":9},"geometry":{"type":"LineString","coordinates":[[36.42916666666571,27.116666666666426],[36.422916666665714,27.122916666666463],[36.41874999999905,27.122916666666463],[36.41458333333239,27.12708333333311],[36.410416666665725,27.12708333333311]]}},{"type":"Feature","properties":{"HYRIV_ID":20833008,"NEXT_DOWN":20832708,"MAIN_RIV":20848032,"LENGTH_KM":3.48,"CATCH_SKM":15.29,"DIS_AV_CMS":0.007,"ORD_STRA":1,"ORD_FLOW":9},"geometry":{"type":"LineString","coordinates":[[37.22708333333239,27.116666666666426],[37.22708333333239,27.12708333333311],[37.222916666665725,27.131249999999774],[37.222916666665725,27.135416666666437],[37.22708333333239,27.139583333333086],[37.222916666665725,27.14374999999979]]}},{"type":"Feature","properties":{"HYRIV_ID":20833052,"NEXT_DOWN":20832911,"MAIN_RIV":20834582,"LENGTH_KM":6.1900001,"CATCH_SKM":27.889999,"DIS_AV_CMS":0.003,"ORD_STRA":1,"ORD_FLOW":9},"geometry":{"type":"LineString","coordinates":[[36.15416666666573,27.114583333333094],[36.14374999999902,27.114583333333094],[36.139583333332354,27.118749999999757],[36.13124999999903,27.118749999999757],[36.127083333332365,27.122916666666463],[36.1229166666657,27.122916666666463],[36.11874999999904,27.12708333333311],[36.09791666666567,27.12708333333311]]}},{"type":"Feature","properties":{"HYRIV_ID":20833053,"NEXT_DOWN":20833827,"MAIN_RIV":20848032,"LENGTH_KM":1.78,"CATCH_SKM":12.22,"DIS_AV_CMS":0.001,"ORD_STRA":1,"ORD_FLOW":9},"geometry":{"type":"LineString","coordinates":[[37.82291666666572,27.129166666666443],[37.82291666666572,27.118749999999757],[37.82708333333238,27.114583333333094]]}},{"type":"Feature","properties":{"HYRIV_ID":20833054,"NEXT_DOWN":20833827,"MAIN_RIV":20848032,"LENGTH_KM":6.3800001,"CATCH_SKM":37.630001,"DIS_AV_CMS":0.003,"ORD_STRA":1,"ORD_FLOW":9},"geometry":{"type":"LineString","coordinates":[[37.81874999999897,27.158333333333097],[37.81874999999897,27.152083333333103],[37.831249999999045,27.139583333333086],[37.83541666666571,27.139583333333086],[37.83958333333237,27.135416666666437],[37.83541666666571,27.131249999999774],[37.83541666666571,27.122916666666463],[37.82708333333238,27.114583333333094]]}},{"type":"Feature","properties":{"HYRIV_ID":20833110,"NEXT_DOWN":20833223,"MAIN_RIV":20834582,"LENGTH_KM":4.48,"CATCH_SKM":16.049999,"DIS_AV_CMS":0.28400001,"ORD_STRA":4,"ORD_FLOW":7},"geometry":{"type":"LineString","coordinates":[[36.36874999999907,27.147916666666454],[36.36874999999907,27.139583333333086],[36.364583333332405,27.135416666666437],[36.364583333332405,27.12708333333311],[36.36874999999907,27.122916666666463],[36.36874999999907,27.110416666666445]]}},{"type":"Feature","properties":{"HYRIV_ID":20833111,"NEXT_DOWN":20833225,"MAIN_RIV":20838781,"LENGTH_KM":1.16,"CATCH_SKM":12.99,"DIS_AV_CMS":0.003,"ORD_STRA":1,"ORD_FLOW":9},"geometry":{"type":"LineString","coordinates":[[36.60624999999902,27.12083333333313],[36.60624999999902,27.110416666666445]]}},{"type":"Feature","properties":{"HYRIV_ID":20833112,"NEXT_DOWN":20832812,"MAIN_RIV":20848032,"LENGTH_KM":16.200001,"CATCH_SKM":60.950001,"DIS_AV_CMS":0.032,"ORD_STRA":1,"ORD_FLOW":8},"geometry":{"type":"LineString","coordinates":[[37.42499999999899,27.12499999999978],[37.41874999999902,27.118749999999757],[37.39374999999907,27.118749999999757],[37.389583333332325,27.114583333333094],[37.38541666666566,27.118749999999757],[37.37708333333234,27.118749999999757],[37.372916666665674,27.114583333333094],[37.360416666665714,27.114583333333094],[37.35624999999905,27.110416666666445],[37.34791666666564,27.110416666666445],[37.343749999999005,27.114583333333094],[37.327083333332354,27.114583333333094],[37.31458333333239,27.12708333333311],[37.29791666666566,27.12708333333311],[37.28958333333236,27.135416666666437],[37.2854166666657,27.135416666666437]]}},{"type":"Feature","properties":{"HYRIV_ID":20833164,"NEXT_DOWN":20833223,"MAIN_RIV":20834582,"LENGTH_KM":5.8800001,"CATCH_SKM":16.620001,"DIS_AV_CMS":0.032,"ORD_STRA":2,"ORD_FLOW":8},"geometry":{"type":"LineString","coordinates":[[36.410416666665725,27.12708333333311],[36.410416666665725,27.118749999999757],[36.406249999999005,27.114583333333094],[36.39791666666568,27.114583333333094],[36.389583333332354,27.10624999999974],[36.37291666666573,27.10624999999974],[36.36874999999907,27.110416666666445]]}},{"type":"Feature","properties":{"HYRIV_ID":20833165,"NEXT_DOWN":20833225,"MAIN_RIV":20838781,"LENGTH_KM":1.24,"CATCH_SKM":13.37,"DIS_AV_CMS":0.004,"ORD_STRA":1,"ORD_FLOW":9},"geometry":{"type":"LineString","coordinates":[[36.61666666666565,27.10624999999974],[36.610416666665685,27.10624999999974],[36.60624999999902,27.110416666666445]]}},{"type":"Feature","properties":{"HYRIV_ID":20833166,"NEXT_DOWN":20833227,"MAIN_RIV":20848032,"LENGTH_KM":4.9499998,"CATCH_SKM":11.46,"DIS_AV_CMS":0.50800002,"ORD_STRA":4,"ORD_FLOW":7},"geometry":{"type":"LineString","coordinates":[[37.21458333333234,27.14374999999979],[37.20624999999902,27.135416666666437],[37.20624999999902,27.122916666666463],[37.202083333332354,27.118749999999757],[37.202083333332354,27.114583333333094],[37.19374999999903,27.10624999999974]]}},{"type":"Feature","properties":{"HYRIV_ID":20833167,"NEXT_DOWN":20833413,"MAIN_RIV":20848032,"LENGTH_KM":1.24,"CATCH_SKM":16.809999,"DIS_AV_CMS":0.006,"ORD_STRA":1,"ORD_FLOW":9},"geometry":{"type":"LineString","coordinates":[[37.474999999999,27.110416666666445],[37.468749999999005,27.110416666666445],[37.46458333333234,27.10624999999974]]}},{"type":"Feature","properties":{"HYRIV_ID":20833168,"NEXT_DOWN":20833413,"MAIN_RIV":20848032,"LENGTH_KM":1.86,"CATCH_SKM":12.61,"DIS_AV_CMS":0.004,"ORD_STRA":1,"ORD_FLOW":9},"geometry":{"type":"LineString","coordinates":[[37.48333333333238,27.10624999999974],[37.46458333333234,27.10624999999974]]}},{"type":"Feature","properties":{"HYRIV_ID":20833169,"NEXT_DOWN":20833170,"MAIN_RIV":20848032,"LENGTH_KM":3.82,"CATCH_SKM":16.43,"DIS_AV_CMS":0.001,"ORD_STRA":1,"ORD_FLOW":9},"geometry":{"type":"LineString","coordinates":[[37.691666666665725,27.108333333333114],[37.69791666666572,27.114583333333094],[37.70208333333238,27.114583333333094],[37.706249999999045,27.110416666666445],[37.71458333333234,27.110416666666445],[37.718749999999005,27.10624999999974],[37.72291666666575,27.10624999999974]]}},{"type":"Feature","properties":{"HYRIV_ID":20833170,"NEXT_DOWN":20833826,"MAIN_RIV":20848032,"LENGTH_KM":3.3,"CATCH_SKM":10.32,"DIS_AV_CMS":0.005,"ORD_STRA":2,"ORD_FLOW":9},"geometry":{"type":"LineString","coordinates":[[37.72291666666575,27.10624999999974],[37.72708333333233,27.10624999999974],[37.731249999998994,27.110416666666445],[37.73958333333229,27.110416666666445],[37.74374999999904,27.10624999999974],[37.752083333332365,27.10624999999974]]}},{"type":"Feature","properties":{"HYRIV_ID":20833171,"NEXT_DOWN":20833826,"MAIN_RIV":20848032,"LENGTH_KM":4.2800002,"CATCH_SKM":24.83,"DIS_AV_CMS":0.055,"ORD_STRA":3,"ORD_FLOW":8},"geometry":{"type":"LineString","coordinates":[[37.73958333333229,27.135416666666437],[37.74374999999904,27.131249999999774],[37.7479166666657,27.131249999999774],[37.752083333332365,27.12708333333311],[37.752083333332365,27.114583333333094],[37.75624999999903,27.110416666666445],[37.752083333332365,27.10624999999974]]}},{"type":"Feature","properties":{"HYRIV_ID":20833172,"NEXT_DOWN":20832915,"MAIN_RIV":20832444,"LENGTH_KM":8.1599998,"CATCH_SKM":33.049999,"DIS_AV_CMS":0.011,"ORD_STRA":1,"ORD_FLOW":8},"geometry":{"type":"LineString","coordinates":[[37.974999999999,27.12708333333311],[37.981249999998994,27.12708333333311],[37.98541666666566,27.122916666666463],[37.98541666666566,27.118749999999757],[37.98958333333232,27.114583333333094],[37.98958333333232,27.110416666666445],[37.99374999999898,27.10624999999974],[38.00624999999903,27.118749999999757],[38.01041666666569,27.118749999999757],[38.027083333332314,27.135416666666437]]}},{"type":"Feature","properties":{"HYRIV_ID":20833221,"NEXT_DOWN":20833372,"MAIN_RIV":20834582,"LENGTH_KM":1.16,"CATCH_SKM":12.42,"DIS_AV_CMS":0.002,"ORD_STRA":1,"ORD_FLOW":9},"geometry":{"type":"LineString","coordinates":[[36.31041666666576,27.112499999999763],[36.31041666666576,27.102083333333077]]}},{"type":"Feature","properties":{"HYRIV_ID":20833222,"NEXT_DOWN":20833281,"MAIN_RIV":20834582,"LENGTH_KM":1.78,"CATCH_SKM":12.04,"DIS_AV_CMS":0.002,"ORD_STRA":1,"ORD_FLOW":9},"geometry":{"type":"LineString","coordinates":[[36.343749999999034,27.116666666666426],[36.343749999999034,27.110416666666445],[36.3479166666657,27.10624999999974],[36.3479166666657,27.102083333333077]]}},{"type":"Feature","properties":{"HYRIV_ID":20833223,"NEXT_DOWN":20833281,"MAIN_RIV":20834582,"LENGTH_KM":2.8900001,"CATCH_SKM":10.13,"DIS_AV_CMS":0.318,"ORD_STRA":4,"ORD_FLOW":7},"geometry":{"type":"LineString","coordinates":[[36.36874999999907,27.110416666666445],[36.36041666666574,27.102083333333077],[36.356249999998994,27.10624999999974],[36.35208333333236,27.102083333333077],[36.3479166666657,27.102083333333077]]}},{"type":"Feature","properties":{"HYRIV_ID":20833224,"NEXT_DOWN":20833326,"MAIN_RIV":20838781,"LENGTH_KM":9.83,"CATCH_SKM":61.3,"DIS_AV_CMS":0.016,"ORD_STRA":1,"ORD_FLOW":8},"geometry":{"type":"LineString","coordinates":[[36.58958333333237,27.179166666666426],[36.58958333333237,27.172916666666445],[36.593749999999034,27.16874999999974],[36.593749999999034,27.164583333333077],[36.5979166666657,27.16041666666643],[36.5979166666657,27.147916666666454],[36.593749999999034,27.14374999999979],[36.593749999999034,27.139583333333086],[36.5979166666657,27.135416666666437],[36.58958333333237,27.12708333333311],[36.58958333333237,27.118749999999757],[36.585416666665736,27.114583333333094],[36.585416666665736,27.110416666666445],[36.58958333333237,27.10624999999974],[36.58958333333237,27.102083333333077]]}},{"type":"Feature","properties":{"HYRIV_ID":20833225,"NEXT_DOWN":20833326,"MAIN_RIV":20838781,"LENGTH_KM":2.06,"CATCH_SKM":2.87,"DIS_AV_CMS":0.008,"ORD_STRA":2,"ORD_FLOW":9},"geometry":{"type":"LineString","coordinates":[[36.60624999999902,27.110416666666445],[36.60208333333236,27.10624999999974],[36.593749999999034,27.10624999999974],[36.58958333333237,27.102083333333077]]}},{"type":"Feature","properties":{"HYRIV_ID":20833226,"NEXT_DOWN":20833679,"MAIN_RIV":20848032,"LENGTH_KM":8.37,"CATCH_SKM":32.669998,"DIS_AV_CMS":0.53899997,"ORD_STRA":4,"ORD_FLOW":7},"geometry":{"type":"LineString","coordinates":[[37.143749999999045,27.152083333333103],[37.14791666666571,27.147916666666454],[37.15208333333237,27.147916666666454],[37.1604166666657,27.139583333333086],[37.1604166666657,27.135416666666437],[37.16458333333233,27.131249999999774],[37.16458333333233,27.12708333333311],[37.17291666666574,27.118749999999757],[37.177083333332405,27.118749999999757],[37.18541666666573,27.110416666666445],[37.18124999999907,27.10624999999974],[37.18541666666573,27.102083333333077],[37.189583333332365,27.102083333333077]]}},{"type":"Feature","properties":{"HYRIV_ID":20833227,"NEXT_DOWN":20833679,"MAIN_RIV":20848032,"LENGTH_KM":0.62,"CATCH_SKM":0.38,"DIS_AV_CMS":0.51599997,"ORD_STRA":4,"ORD_FLOW":7},"geometry":{"type":"LineString","coordinates":[[37.19374999999903,27.10624999999974],[37.189583333332365,27.102083333333077]]}},{"type":"Feature","properties":{"HYRIV_ID":20833281,"NEXT_DOWN":20833372,"MAIN_RIV":20834582,"LENGTH_KM":4.54,"CATCH_SKM":12.8,"DIS_AV_CMS":0.32100001,"ORD_STRA":4,"ORD_FLOW":7},"geometry":{"type":"LineString","coordinates":[[36.3479166666657,27.102083333333077],[36.343749999999034,27.09791666666643],[36.33958333333237,27.102083333333077],[36.318749999999085,27.102083333333077],[36.31458333333242,27.10624999999974],[36.31041666666576,27.102083333333077]]}},{"type":"Feature","properties":{"HYRIV_ID":20833282,"NEXT_DOWN":20833607,"MAIN_RIV":20838781,"LENGTH_KM":5.06,"CATCH_SKM":33.049999,"DIS_AV_CMS":0.007,"ORD_STRA":1,"ORD_FLOW":9},"geometry":{"type":"LineString","coordinates":[[36.53333333333242,27.133333333333105],[36.52708333333234,27.12708333333311],[36.52291666666568,27.12708333333311],[36.514583333332354,27.118749999999757],[36.514583333332354,27.110416666666445],[36.51041666666569,27.10624999999974],[36.51041666666569,27.09791666666643]]}},{"type":"Feature","properties":{"HYRIV_ID":20833283,"NEXT_DOWN":20833607,"MAIN_RIV":20838781,"LENGTH_KM":0.62,"CATCH_SKM":14.33,"DIS_AV_CMS":0.003,"ORD_STRA":1,"ORD_FLOW":9},"geometry":{"type":"LineString","coordinates":[[36.516666666665685,27.09791666666643],[36.51041666666569,27.09791666666643]]}},{"type":"Feature","properties":{"HYRIV_ID":20833284,"NEXT_DOWN":20833227,"MAIN_RIV":20848032,"LENGTH_KM":2.6800001,"CATCH_SKM":15.29,"DIS_AV_CMS":0.007,"ORD_STRA":1,"ORD_FLOW":9},"geometry":{"type":"LineString","coordinates":[[37.216666666665645,27.09791666666643],[37.21041666666568,27.09791666666643],[37.202083333332354,27.10624999999974],[37.19374999999903,27.10624999999974]]}},{"type":"Feature","properties":{"HYRIV_ID":20833325,"NEXT_DOWN":20833536,"MAIN_RIV":20838781,"LENGTH_KM":4.8,"CATCH_SKM":17.77,"DIS_AV_CMS":0.004,"ORD_STRA":1,"ORD_FLOW":9},"geometry":{"type":"LineString","coordinates":[[36.562499999999005,27.129166666666443],[36.568749999999,27.122916666666463],[36.568749999999,27.118749999999757],[36.57708333333241,27.110416666666445],[36.57708333333241,27.10624999999974],[36.58124999999907,27.102083333333077],[36.58124999999907,27.09791666666643],[36.585416666665736,27.093749999999766]]}},{"type":"Feature","properties":{"HYRIV_ID":20833326,"NEXT_DOWN":20833536,"MAIN_RIV":20838781,"LENGTH_KM":1.08,"CATCH_SKM":1.72,"DIS_AV_CMS":0.024,"ORD_STRA":2,"ORD_FLOW":8},"geometry":{"type":"LineString","coordinates":[[36.58958333333237,27.102083333333077],[36.585416666665736,27.09791666666643],[36.585416666665736,27.093749999999766]]}},{"type":"Feature","properties":{"HYRIV_ID":20833327,"NEXT_DOWN":20833473,"MAIN_RIV":20838781,"LENGTH_KM":0.93,"CATCH_SKM":13.76,"DIS_AV_CMS":0.004,"ORD_STRA":1,"ORD_FLOW":9},"geometry":{"type":"LineString","coordinates":[[36.66666666666572,27.099999999999746],[36.66041666666567,27.093749999999766]]}},{"type":"Feature","properties":{"HYRIV_ID":20833328,"NEXT_DOWN":20833473,"MAIN_RIV":20838781,"LENGTH_KM":2.55,"CATCH_SKM":13.95,"DIS_AV_CMS":0.004,"ORD_STRA":1,"ORD_FLOW":9},"geometry":{"type":"LineString","coordinates":[[36.67708333333238,27.10416666666641],[36.67708333333238,27.09791666666643],[36.672916666665714,27.093749999999766],[36.66041666666567,27.093749999999766]]}},{"type":"Feature","properties":{"HYRIV_ID":20833371,"NEXT_DOWN":20834890,"MAIN_RIV":20834582,"LENGTH_KM":5.1900001,"CATCH_SKM":24.84,"DIS_AV_CMS":0.003,"ORD_STRA":1,"ORD_FLOW":9},"geometry":{"type":"LineString","coordinates":[[36.277083333332314,27.129166666666443],[36.277083333332314,27.122916666666463],[36.285416666665725,27.114583333333094],[36.285416666665725,27.110416666666445],[36.28958333333239,27.10624999999974],[36.28958333333239,27.102083333333077],[36.29374999999905,27.09791666666643],[36.29374999999905,27.093749999999766],[36.28958333333239,27.089583333333103]]}},{"type":"Feature","properties":{"HYRIV_ID":20833372,"NEXT_DOWN":20834890,"MAIN_RIV":20834582,"LENGTH_KM":2.6900001,"CATCH_SKM":8.0299997,"DIS_AV_CMS":0.324,"ORD_STRA":4,"ORD_FLOW":7},"geometry":{"type":"LineString","coordinates":[[36.31041666666576,27.102083333333077],[36.30624999999901,27.09791666666643],[36.30208333333235,27.09791666666643],[36.29374999999905,27.089583333333103],[36.28958333333239,27.089583333333103]]}},{"type":"Feature","properties":{"HYRIV_ID":20833373,"NEXT_DOWN":20833784,"MAIN_RIV":20848032,"LENGTH_KM":5.58,"CATCH_SKM":17.389999,"DIS_AV_CMS":0.013,"ORD_STRA":2,"ORD_FLOW":8},"geometry":{"type":"LineString","coordinates":[[37.910416666665725,27.131249999999774],[37.91458333333239,27.12708333333311],[37.910416666665725,27.122916666666463],[37.91458333333239,27.118749999999757],[37.91458333333239,27.110416666666445],[37.910416666665725,27.10624999999974],[37.910416666665725,27.09791666666643],[37.91874999999902,27.089583333333103]]}},{"type":"Feature","properties":{"HYRIV_ID":20833374,"NEXT_DOWN":20833784,"MAIN_RIV":20848032,"LENGTH_KM":1.78,"CATCH_SKM":15.86,"DIS_AV_CMS":0.002,"ORD_STRA":1,"ORD_FLOW":9},"geometry":{"type":"LineString","coordinates":[[37.922916666665685,27.10416666666641],[37.922916666665685,27.093749999999766],[37.91874999999902,27.089583333333103]]}},{"type":"Feature","properties":{"HYRIV_ID":20833413,"NEXT_DOWN":20833476,"MAIN_RIV":20848032,"LENGTH_KM":4.4400001,"CATCH_SKM":12.04,"DIS_AV_CMS":0.016,"ORD_STRA":2,"ORD_FLOW":8},"geometry":{"type":"LineString","coordinates":[[37.46458333333234,27.10624999999974],[37.46041666666568,27.110416666666445],[37.45624999999902,27.110416666666445],[37.452083333332354,27.10624999999974],[37.452083333332354,27.102083333333077],[37.43958333333239,27.089583333333103],[37.43958333333239,27.085416666666454]]}},{"type":"Feature","properties":{"HYRIV_ID":20833414,"NEXT_DOWN":20833415,"MAIN_RIV":20848032,"LENGTH_KM":11.46,"CATCH_SKM":46.419998,"DIS_AV_CMS":0.01,"ORD_STRA":1,"ORD_FLOW":8},"geometry":{"type":"LineString","coordinates":[[37.51666666666566,27.156249999999766],[37.522916666665736,27.156249999999766],[37.52708333333237,27.152083333333103],[37.531249999999034,27.152083333333103],[37.53958333333236,27.14374999999979],[37.53958333333236,27.139583333333086],[37.55208333333235,27.12708333333311],[37.55208333333235,27.122916666666463],[37.56458333333239,27.110416666666445],[37.57291666666572,27.110416666666445],[37.57708333333238,27.10624999999974],[37.57708333333238,27.09791666666643],[37.58124999999902,27.093749999999766],[37.58124999999902,27.085416666666454]]}},{"type":"Feature","properties":{"HYRIV_ID":20833415,"NEXT_DOWN":20833416,"MAIN_RIV":20848032,"LENGTH_KM":1.24,"CATCH_SKM":3.06,"DIS_AV_CMS":0.012,"ORD_STRA":2,"ORD_FLOW":8},"geometry":{"type":"LineString","coordinates":[[37.58124999999902,27.085416666666454],[37.593749999999005,27.085416666666454]]}},{"type":"Feature","properties":{"HYRIV_ID":20833416,"NEXT_DOWN":20832814,"MAIN_RIV":20848032,"LENGTH_KM":13.53,"CATCH_SKM":48.720001,"DIS_AV_CMS":0.017,"ORD_STRA":2,"ORD_FLOW":8},"geometry":{"type":"LineString","coordinates":[[37.593749999999005,27.085416666666454],[37.60208333333233,27.085416666666454],[37.606249999998965,27.089583333333103],[37.61041666666563,27.089583333333103],[37.63124999999903,27.110416666666445],[37.63541666666566,27.110416666666445],[37.639583333332325,27.10624999999974],[37.64374999999907,27.10624999999974],[37.647916666665736,27.110416666666445],[37.647916666665736,27.114583333333094],[37.6520833333324,27.118749999999757],[37.6520833333324,27.122916666666463],[37.6604166666657,27.131249999999774],[37.66874999999902,27.131249999999774],[37.672916666665685,27.135416666666437],[37.67708333333235,27.135416666666437],[37.68958333333231,27.147916666666454]]}},{"type":"Feature","properties":{"HYRIV_ID":20833473,"NEXT_DOWN":20833537,"MAIN_RIV":20838781,"LENGTH_KM":2.12,"CATCH_SKM":4.7800002,"DIS_AV_CMS":0.009,"ORD_STRA":2,"ORD_FLOW":9},"geometry":{"type":"LineString","coordinates":[[36.66041666666567,27.093749999999766],[36.656249999999005,27.089583333333103],[36.65208333333234,27.089583333333103],[36.64791666666568,27.085416666666454],[36.64791666666568,27.08124999999979]]}},{"type":"Feature","properties":{"HYRIV_ID":20833474,"NEXT_DOWN":20833475,"MAIN_RIV":20848032,"LENGTH_KM":1.39,"CATCH_SKM":11.46,"DIS_AV_CMS":0.005,"ORD_STRA":1,"ORD_FLOW":9},"geometry":{"type":"LineString","coordinates":[[37.054166666665736,27.091666666666434],[37.0604166666657,27.085416666666454],[37.0604166666657,27.08124999999979]]}},{"type":"Feature","properties":{"HYRIV_ID":20833475,"NEXT_DOWN":20833676,"MAIN_RIV":20848032,"LENGTH_KM":2.8900001,"CATCH_SKM":8.4099998,"DIS_AV_CMS":0.048,"ORD_STRA":2,"ORD_FLOW":8},"geometry":{"type":"LineString","coordinates":[[37.0604166666657,27.08124999999979],[37.089583333332314,27.08124999999979]]}},{"type":"Feature","properties":{"HYRIV_ID":20833476,"NEXT_DOWN":20834141,"MAIN_RIV":20848032,"LENGTH_KM":2.6800001,"CATCH_SKM":5.35,"DIS_AV_CMS":0.029,"ORD_STRA":2,"ORD_FLOW":8},"geometry":{"type":"LineString","coordinates":[[37.43958333333239,27.085416666666454],[37.43541666666573,27.085416666666454],[37.43124999999907,27.08124999999979],[37.41458333333236,27.08124999999979]]}},{"type":"Feature","properties":{"HYRIV_ID":20833477,"NEXT_DOWN":20833415,"MAIN_RIV":20848032,"LENGTH_KM":2.58,"CATCH_SKM":19.3,"DIS_AV_CMS":0.002,"ORD_STRA":1,"ORD_FLOW":9},"geometry":{"type":"LineString","coordinates":[[37.56249999999906,27.091666666666434],[37.57291666666572,27.08124999999979],[37.57708333333238,27.08124999999979],[37.58124999999902,27.085416666666454]]}},{"type":"Feature","properties":{"HYRIV_ID":20833536,"NEXT_DOWN":20835262,"MAIN_RIV":20838781,"LENGTH_KM":2.1700001,"CATCH_SKM":12.04,"DIS_AV_CMS":0.031,"ORD_STRA":2,"ORD_FLOW":8},"geometry":{"type":"LineString","coordinates":[[36.585416666665736,27.093749999999766],[36.58124999999907,27.089583333333103],[36.58124999999907,27.085416666666454],[36.585416666665736,27.08124999999979],[36.585416666665736,27.077083333333086]]}},{"type":"Feature","properties":{"HYRIV_ID":20833537,"NEXT_DOWN":20835262,"MAIN_RIV":20838781,"LENGTH_KM":7.23,"CATCH_SKM":22.93,"DIS_AV_CMS":0.024,"ORD_STRA":2,"ORD_FLOW":8},"geometry":{"type":"LineString","coordinates":[[36.64791666666568,27.08124999999979],[36.64374999999902,27.08124999999979],[36.63958333333238,27.077083333333086],[36.631249999999056,27.077083333333086],[36.62291666666573,27.085416666666454],[36.61874999999898,27.085416666666454],[36.61458333333235,27.08124999999979],[36.60624999999902,27.08124999999979],[36.60208333333236,27.077083333333086],[36.585416666665736,27.077083333333086]]}},{"type":"Feature","properties":{"HYRIV_ID":20833538,"NEXT_DOWN":20833475,"MAIN_RIV":20848032,"LENGTH_KM":0.62,"CATCH_SKM":0.19,"DIS_AV_CMS":0.039,"ORD_STRA":2,"ORD_FLOW":8},"geometry":{"type":"LineString","coordinates":[[37.05624999999907,27.077083333333086],[37.0604166666657,27.08124999999979]]}},{"type":"Feature","properties":{"HYRIV_ID":20833539,"NEXT_DOWN":20833476,"MAIN_RIV":20848032,"LENGTH_KM":5.06,"CATCH_SKM":29.620001,"DIS_AV_CMS":0.01,"ORD_STRA":1,"ORD_FLOW":8},"geometry":{"type":"LineString","coordinates":[[37.48333333333238,27.083333333333123],[37.4770833333323,27.077083333333086],[37.468749999999005,27.077083333333086],[37.46458333333234,27.08124999999979],[37.44791666666572,27.08124999999979],[37.443749999999056,27.085416666666454],[37.43958333333239,27.085416666666454]]}},{"type":"Feature","properties":{"HYRIV_ID":20833606,"NEXT_DOWN":20833673,"MAIN_RIV":20834582,"LENGTH_KM":9.6499996,"CATCH_SKM":28.09,"DIS_AV_CMS":0.038,"ORD_STRA":3,"ORD_FLOW":8},"geometry":{"type":"LineString","coordinates":[[36.081249999999045,27.12708333333311],[36.07708333333238,27.122916666666463],[36.06458333333242,27.122916666666463],[36.06041666666576,27.118749999999757],[36.05624999999901,27.118749999999757],[36.047916666665685,27.110416666666445],[36.04374999999902,27.110416666666445],[36.03958333333239,27.10624999999974],[36.03958333333239,27.102083333333077],[36.035416666665725,27.09791666666643],[36.035416666665725,27.089583333333103],[36.01874999999899,27.072916666666423]]}},{"type":"Feature","properties":{"HYRIV_ID":20833607,"NEXT_DOWN":20833946,"MAIN_RIV":20838781,"LENGTH_KM":5.6300001,"CATCH_SKM":18.540001,"DIS_AV_CMS":0.014,"ORD_STRA":2,"ORD_FLOW":8},"geometry":{"type":"LineString","coordinates":[[36.51041666666569,27.09791666666643],[36.506249999999056,27.09791666666643],[36.50208333333239,27.093749999999766],[36.49791666666573,27.093749999999766],[36.49374999999907,27.089583333333103],[36.48124999999902,27.089583333333103],[36.468749999999034,27.077083333333086],[36.468749999999034,27.072916666666423]]}},{"type":"Feature","properties":{"HYRIV_ID":20833608,"NEXT_DOWN":20833537,"MAIN_RIV":20838781,"LENGTH_KM":9.04,"CATCH_SKM":32.68,"DIS_AV_CMS":0.009,"ORD_STRA":1,"ORD_FLOW":9},"geometry":{"type":"LineString","coordinates":[[36.708333333332405,27.10416666666641],[36.69791666666566,27.093749999999766],[36.693749999999,27.093749999999766],[36.689583333332365,27.089583333333103],[36.68124999999904,27.089583333333103],[36.67708333333238,27.085416666666454],[36.68124999999904,27.08124999999979],[36.68124999999904,27.077083333333086],[36.67708333333238,27.072916666666423],[36.672916666665714,27.072916666666423],[36.664583333332416,27.08124999999979],[36.64791666666568,27.08124999999979]]}},{"type":"Feature","properties":{"HYRIV_ID":20833609,"NEXT_DOWN":20833950,"MAIN_RIV":20848032,"LENGTH_KM":2.48,"CATCH_SKM":14.91,"DIS_AV_CMS":0.007,"ORD_STRA":1,"ORD_FLOW":9},"geometry":{"type":"LineString","coordinates":[[37.27499999999904,27.077083333333086],[37.28958333333236,27.077083333333086],[37.293749999998994,27.072916666666423],[37.29791666666566,27.072916666666423]]}},{"type":"Feature","properties":{"HYRIV_ID":20833610,"NEXT_DOWN":20833950,"MAIN_RIV":20848032,"LENGTH_KM":1.55,"CATCH_SKM":18.15,"DIS_AV_CMS":0.009,"ORD_STRA":1,"ORD_FLOW":9},"geometry":{"type":"LineString","coordinates":[[37.295833333332325,27.083333333333123],[37.302083333332405,27.077083333333086],[37.29791666666566,27.072916666666423]]}},{"type":"Feature","properties":{"HYRIV_ID":20833672,"NEXT_DOWN":20834063,"MAIN_RIV":20834582,"LENGTH_KM":3.1,"CATCH_SKM":13.76,"DIS_AV_CMS":0.001,"ORD_STRA":1,"ORD_FLOW":9},"geometry":{"type":"LineString","coordinates":[[36.02083333333232,27.091666666666434],[36.014583333332354,27.085416666666454],[36.014583333332354,27.08124999999979],[36.01041666666569,27.077083333333086],[36.014583333332354,27.072916666666423],[36.014583333332354,27.068749999999774]]}},{"type":"Feature","properties":{"HYRIV_ID":20833673,"NEXT_DOWN":20834063,"MAIN_RIV":20834582,"LENGTH_KM":0.62,"CATCH_SKM":0.38,"DIS_AV_CMS":0.039,"ORD_STRA":3,"ORD_FLOW":8},"geometry":{"type":"LineString","coordinates":[[36.01874999999899,27.072916666666423],[36.014583333332354,27.068749999999774]]}},{"type":"Feature","properties":{"HYRIV_ID":20833674,"NEXT_DOWN":20833673,"MAIN_RIV":20834582,"LENGTH_KM":1.65,"CATCH_SKM":16.049999,"DIS_AV_CMS":0.002,"ORD_STRA":1,"ORD_FLOW":9},"geometry":{"type":"LineString","coordinates":[[36.03333333333239,27.068749999999774],[36.0270833333324,27.068749999999774],[36.022916666665736,27.072916666666423],[36.01874999999899,27.072916666666423]]}},{"type":"Feature","properties":{"HYRIV_ID":20833675,"NEXT_DOWN":20833538,"MAIN_RIV":20848032,"LENGTH_KM":10.97,"CATCH_SKM":72.809998,"DIS_AV_CMS":0.03,"ORD_STRA":1,"ORD_FLOW":8},"geometry":{"type":"LineString","coordinates":[[36.985416666665685,27.116666666666426],[36.985416666665685,27.110416666666445],[36.98958333333235,27.10624999999974],[36.98958333333235,27.102083333333077],[36.99374999999901,27.09791666666643],[37.00208333333234,27.09791666666643],[37.006249999999056,27.093749999999766],[37.01041666666572,27.093749999999766],[37.02291666666571,27.08124999999979],[37.02291666666571,27.072916666666423],[37.02708333333237,27.068749999999774],[37.03541666666567,27.068749999999774],[37.039583333332416,27.072916666666423],[37.04791666666574,27.072916666666423],[37.052083333332405,27.077083333333086],[37.05624999999907,27.077083333333086]]}},{"type":"Feature","properties":{"HYRIV_ID":20833676,"NEXT_DOWN":20833677,"MAIN_RIV":20848032,"LENGTH_KM":6.8200002,"CATCH_SKM":24.27,"DIS_AV_CMS":0.069,"ORD_STRA":2,"ORD_FLOW":8},"geometry":{"type":"LineString","coordinates":[[37.089583333332314,27.08124999999979],[37.09374999999906,27.08124999999979],[37.097916666665725,27.085416666666454],[37.10208333333239,27.08124999999979],[37.10624999999905,27.08124999999979],[37.110416666665685,27.077083333333086],[37.11458333333235,27.08124999999979],[37.122916666665674,27.08124999999979],[37.131249999999,27.072916666666423],[37.13958333333238,27.072916666666423],[37.143749999999045,27.068749999999774]]}},{"type":"Feature","properties":{"HYRIV_ID":20833677,"NEXT_DOWN":20833782,"MAIN_RIV":20848032,"LENGTH_KM":0.82,"CATCH_SKM":1.72,"DIS_AV_CMS":0.082,"ORD_STRA":2,"ORD_FLOW":8},"geometry":{"type":"LineString","coordinates":[[37.143749999999045,27.068749999999774],[37.15208333333237,27.068749999999774]]}},{"type":"Feature","properties":{"HYRIV_ID":20833678,"NEXT_DOWN":20833782,"MAIN_RIV":20848032,"LENGTH_KM":5.06,"CATCH_SKM":23.120001,"DIS_AV_CMS":0.011,"ORD_STRA":1,"ORD_FLOW":8},"geometry":{"type":"LineString","coordinates":[[37.12916666666567,27.10416666666641],[37.13958333333238,27.093749999999766],[37.143749999999045,27.093749999999766],[37.15208333333237,27.085416666666454],[37.15208333333237,27.068749999999774]]}},{"type":"Feature","properties":{"HYRIV_ID":20833679,"NEXT_DOWN":20834139,"MAIN_RIV":20848032,"LENGTH_KM":4.02,"CATCH_SKM":13.0,"DIS_AV_CMS":1.076,"ORD_STRA":5,"ORD_FLOW":6},"geometry":{"type":"LineString","coordinates":[[37.189583333332365,27.102083333333077],[37.19374999999903,27.09791666666643],[37.19374999999903,27.077083333333086],[37.19791666666569,27.072916666666423],[37.19791666666569,27.068749999999774]]}},{"type":"Feature","properties":{"HYRIV_ID":20833680,"NEXT_DOWN":20834141,"MAIN_RIV":20848032,"LENGTH_KM":3.56,"CATCH_SKM":17.200001,"DIS_AV_CMS":0.007,"ORD_STRA":1,"ORD_FLOW":9},"geometry":{"type":"LineString","coordinates":[[37.441666666665725,27.068749999999774],[37.43541666666573,27.068749999999774],[37.43124999999907,27.072916666666423],[37.41874999999902,27.072916666666423],[37.41458333333236,27.077083333333086],[37.41458333333236,27.08124999999979]]}},{"type":"Feature","properties":{"HYRIV_ID":20833725,"NEXT_DOWN":20833946,"MAIN_RIV":20838781,"LENGTH_KM":4.85,"CATCH_SKM":25.8,"DIS_AV_CMS":0.005,"ORD_STRA":1,"ORD_FLOW":9},"geometry":{"type":"LineString","coordinates":[[36.51249999999902,27.06249999999978],[36.506249999999056,27.068749999999774],[36.47708333333236,27.068749999999774],[36.4729166666657,27.072916666666423],[36.468749999999034,27.072916666666423]]}},{"type":"Feature","properties":{"HYRIV_ID":20833726,"NEXT_DOWN":20834139,"MAIN_RIV":20848032,"LENGTH_KM":1.45,"CATCH_SKM":2.1,"DIS_AV_CMS":0.134,"ORD_STRA":3,"ORD_FLOW":7},"geometry":{"type":"LineString","coordinates":[[37.18541666666573,27.06458333333311],[37.189583333332365,27.068749999999774],[37.19791666666569,27.068749999999774]]}},{"type":"Feature","properties":{"HYRIV_ID":20833727,"NEXT_DOWN":20833170,"MAIN_RIV":20848032,"LENGTH_KM":12.13,"CATCH_SKM":44.150002,"DIS_AV_CMS":0.003,"ORD_STRA":1,"ORD_FLOW":9},"geometry":{"type":"LineString","coordinates":[[37.624999999999034,27.06249999999978],[37.63124999999903,27.068749999999774],[37.6520833333324,27.068749999999774],[37.65624999999906,27.072916666666423],[37.66874999999902,27.072916666666423],[37.672916666665685,27.077083333333086],[37.68124999999901,27.077083333333086],[37.685416666665645,27.08124999999979],[37.68958333333231,27.08124999999979],[37.693749999999056,27.085416666666454],[37.69791666666572,27.085416666666454],[37.69791666666572,27.089583333333103],[37.70208333333238,27.093749999999766],[37.706249999999045,27.093749999999766],[37.71458333333234,27.102083333333077],[37.718749999999005,27.102083333333077],[37.72291666666575,27.10624999999974]]}},{"type":"Feature","properties":{"HYRIV_ID":20833782,"NEXT_DOWN":20833726,"MAIN_RIV":20848032,"LENGTH_KM":3.9200001,"CATCH_SKM":13.96,"DIS_AV_CMS":0.101,"ORD_STRA":2,"ORD_FLOW":7},"geometry":{"type":"LineString","coordinates":[[37.15208333333237,27.068749999999774],[37.156249999999034,27.068749999999774],[37.16458333333233,27.06041666666645],[37.18124999999907,27.06041666666645],[37.18541666666573,27.06458333333311]]}},{"type":"Feature","properties":{"HYRIV_ID":20833783,"NEXT_DOWN":20834487,"MAIN_RIV":20848032,"LENGTH_KM":0.93,"CATCH_SKM":12.04,"DIS_AV_CMS":0.001,"ORD_STRA":1,"ORD_FLOW":9},"geometry":{"type":"LineString","coordinates":[[37.8791666666657,27.066666666666443],[37.8729166666657,27.06041666666645]]}},{"type":"Feature","properties":{"HYRIV_ID":20833784,"NEXT_DOWN":20834487,"MAIN_RIV":20848032,"LENGTH_KM":5.9899998,"CATCH_SKM":13.19,"DIS_AV_CMS":0.016,"ORD_STRA":2,"ORD_FLOW":8},"geometry":{"type":"LineString","coordinates":[[37.91874999999902,27.089583333333103],[37.90624999999906,27.077083333333086],[37.9020833333324,27.077083333333086],[37.89374999999899,27.068749999999774],[37.889583333332354,27.068749999999774],[37.88541666666569,27.06458333333311],[37.88124999999903,27.06458333333311],[37.877083333332365,27.06041666666645],[37.8729166666657,27.06041666666645]]}},{"type":"Feature","properties":{"HYRIV_ID":20833823,"NEXT_DOWN":20834263,"MAIN_RIV":20834582,"LENGTH_KM":11.36,"CATCH_SKM":71.660004,"DIS_AV_CMS":0.009,"ORD_STRA":1,"ORD_FLOW":9},"geometry":{"type":"LineString","coordinates":[[36.21249999999904,27.116666666666426],[36.218749999999034,27.110416666666445],[36.218749999999034,27.102083333333077],[36.20208333333238,27.085416666666454],[36.19791666666572,27.089583333333103],[36.18958333333242,27.08124999999979],[36.18541666666576,27.08124999999979],[36.181249999999096,27.085416666666454],[36.17708333333235,27.085416666666454],[36.17708333333235,27.077083333333086],[36.16874999999905,27.068749999999774],[36.16874999999905,27.06041666666645],[36.16458333333239,27.0562499999998]]}},{"type":"Feature","properties":{"HYRIV_ID":20833824,"NEXT_DOWN":20834263,"MAIN_RIV":20834582,"LENGTH_KM":1.86,"CATCH_SKM":23.52,"DIS_AV_CMS":0.003,"ORD_STRA":1,"ORD_FLOW":9},"geometry":{"type":"LineString","coordinates":[[36.18333333333243,27.0562499999998],[36.16458333333239,27.0562499999998]]}},{"type":"Feature","properties":{"HYRIV_ID":20833825,"NEXT_DOWN":20833676,"MAIN_RIV":20848032,"LENGTH_KM":3.33,"CATCH_SKM":19.690001,"DIS_AV_CMS":0.009,"ORD_STRA":1,"ORD_FLOW":9},"geometry":{"type":"LineString","coordinates":[[37.089583333332314,27.054166666666426],[37.089583333332314,27.06458333333311],[37.09374999999906,27.068749999999774],[37.089583333332314,27.072916666666423],[37.089583333332314,27.08124999999979]]}},{"type":"Feature","properties":{"HYRIV_ID":20833826,"NEXT_DOWN":20834210,"MAIN_RIV":20848032,"LENGTH_KM":8.8800001,"CATCH_SKM":30.389999,"DIS_AV_CMS":0.063,"ORD_STRA":3,"ORD_FLOW":8},"geometry":{"type":"LineString","coordinates":[[37.752083333332365,27.10624999999974],[37.752083333332365,27.09791666666643],[37.764583333332325,27.085416666666454],[37.76874999999899,27.085416666666454],[37.77291666666565,27.089583333333103],[37.7770833333324,27.089583333333103],[37.78124999999906,27.085416666666454],[37.78124999999906,27.08124999999979],[37.79374999999902,27.068749999999774],[37.79374999999902,27.06458333333311],[37.80208333333235,27.0562499999998]]}},{"type":"Feature","properties":{"HYRIV_ID":20833827,"NEXT_DOWN":20834210,"MAIN_RIV":20848032,"LENGTH_KM":8.3100004,"CATCH_SKM":24.84,"DIS_AV_CMS":0.006,"ORD_STRA":2,"ORD_FLOW":9},"geometry":{"type":"LineString","coordinates":[[37.82708333333238,27.114583333333094],[37.81874999999897,27.10624999999974],[37.81458333333234,27.10624999999974],[37.80624999999901,27.09791666666643],[37.80624999999901,27.089583333333103],[37.810416666665674,27.085416666666454],[37.80624999999901,27.08124999999979],[37.80624999999901,27.072916666666423],[37.810416666665674,27.068749999999774],[37.80624999999901,27.06458333333311],[37.80624999999901,27.06041666666645],[37.80208333333235,27.0562499999998]]}},{"type":"Feature","properties":{"HYRIV_ID":20833945,"NEXT_DOWN":20834778,"MAIN_RIV":20838781,"LENGTH_KM":1.39,"CATCH_SKM":15.29,"DIS_AV_CMS":0.003,"ORD_STRA":1,"ORD_FLOW":9},"geometry":{"type":"LineString","coordinates":[[36.399999999999096,27.05833333333313],[36.406249999999005,27.052083333333094],[36.406249999999005,27.04791666666643]]}},{"type":"Feature","properties":{"HYRIV_ID":20833946,"NEXT_DOWN":20834778,"MAIN_RIV":20838781,"LENGTH_KM":8.5200005,"CATCH_SKM":31.35,"DIS_AV_CMS":0.025,"ORD_STRA":2,"ORD_FLOW":8},"geometry":{"type":"LineString","coordinates":[[36.468749999999034,27.072916666666423],[36.46041666666571,27.06458333333311],[36.45208333333241,27.06458333333311],[36.44791666666575,27.06041666666645],[36.43958333333242,27.068749999999774],[36.43124999999904,27.068749999999774],[36.422916666665714,27.06041666666645],[36.41458333333239,27.06041666666645],[36.41458333333239,27.0562499999998],[36.406249999999005,27.04791666666643]]}},{"type":"Feature","properties":{"HYRIV_ID":20833947,"NEXT_DOWN":20834892,"MAIN_RIV":20838781,"LENGTH_KM":10.2,"CATCH_SKM":56.57,"DIS_AV_CMS":0.02,"ORD_STRA":1,"ORD_FLOW":8},"geometry":{"type":"LineString","coordinates":[[36.90208333333234,27.10416666666641],[36.90208333333234,27.09791666666643],[36.906249999999005,27.09791666666643],[36.92708333333238,27.077083333333086],[36.939583333332365,27.077083333333086],[36.94791666666569,27.068749999999774],[36.94374999999903,27.06458333333311],[36.952083333332354,27.0562499999998],[36.95624999999899,27.0562499999998],[36.9645833333324,27.04791666666643]]}},{"type":"Feature","properties":{"HYRIV_ID":20833948,"NEXT_DOWN":20834892,"MAIN_RIV":20838781,"LENGTH_KM":1.91,"CATCH_SKM":17.200001,"DIS_AV_CMS":0.007,"ORD_STRA":1,"ORD_FLOW":9},"geometry":{"type":"LineString","coordinates":[[36.97916666666572,27.052083333333094],[36.9645833333324,27.052083333333094],[36.9645833333324,27.04791666666643]]}},{"type":"Feature","properties":{"HYRIV_ID":20833949,"NEXT_DOWN":20833538,"MAIN_RIV":20848032,"LENGTH_KM":3.87,"CATCH_SKM":21.99,"DIS_AV_CMS":0.009,"ORD_STRA":1,"ORD_FLOW":9},"geometry":{"type":"LineString","coordinates":[[37.054166666665736,27.045833333333114],[37.0604166666657,27.052083333333094],[37.0604166666657,27.06041666666645],[37.05624999999907,27.06458333333311],[37.05624999999907,27.077083333333086]]}},{"type":"Feature","properties":{"HYRIV_ID":20833950,"NEXT_DOWN":20834140,"MAIN_RIV":20848032,"LENGTH_KM":3.25,"CATCH_SKM":12.43,"DIS_AV_CMS":0.023,"ORD_STRA":2,"ORD_FLOW":8},"geometry":{"type":"LineString","coordinates":[[37.29791666666566,27.072916666666423],[37.302083333332405,27.068749999999774],[37.302083333332405,27.06041666666645],[37.30624999999907,27.0562499999998],[37.30624999999907,27.052083333333094],[37.31041666666573,27.04791666666643]]}},{"type":"Feature","properties":{"HYRIV_ID":20833951,"NEXT_DOWN":20834140,"MAIN_RIV":20848032,"LENGTH_KM":2.55,"CATCH_SKM":18.16,"DIS_AV_CMS":0.009,"ORD_STRA":1,"ORD_FLOW":9},"geometry":{"type":"LineString","coordinates":[[37.327083333332354,27.05833333333313],[37.327083333332354,27.052083333333094],[37.31458333333239,27.052083333333094],[37.31041666666573,27.04791666666643]]}},{"type":"Feature","properties":{"HYRIV_ID":20834005,"NEXT_DOWN":20833416,"MAIN_RIV":20848032,"LENGTH_KM":5.1799998,"CATCH_SKM":21.030001,"DIS_AV_CMS":0.002,"ORD_STRA":1,"ORD_FLOW":9},"geometry":{"type":"LineString","coordinates":[[37.58541666666568,27.04166666666645],[37.58541666666568,27.06041666666645],[37.58958333333234,27.06458333333311],[37.58958333333234,27.077083333333086],[37.593749999999005,27.08124999999979],[37.593749999999005,27.085416666666454]]}},{"type":"Feature","properties":{"HYRIV_ID":20834063,"NEXT_DOWN":20834324,"MAIN_RIV":20834582,"LENGTH_KM":4.2800002,"CATCH_SKM":8.6,"DIS_AV_CMS":0.042,"ORD_STRA":3,"ORD_FLOW":8},"geometry":{"type":"LineString","coordinates":[[36.014583333332354,27.068749999999774],[36.01041666666569,27.068749999999774],[36.00624999999903,27.06458333333311],[36.00624999999903,27.06041666666645],[35.9979166666657,27.052083333333094],[35.9979166666657,27.04791666666643],[35.99374999999904,27.043749999999783],[35.99374999999904,27.03958333333312]]}},{"type":"Feature","properties":{"HYRIV_ID":20834064,"NEXT_DOWN":20835366,"MAIN_RIV":20838781,"LENGTH_KM":1.39,"CATCH_SKM":11.47,"DIS_AV_CMS":0.003,"ORD_STRA":1,"ORD_FLOW":9},"geometry":{"type":"LineString","coordinates":[[36.71666666666573,27.049999999999763],[36.7229166666657,27.043749999999783],[36.7229166666657,27.03958333333312]]}},{"type":"Feature","properties":{"HYRIV_ID":20834065,"NEXT_DOWN":20835366,"MAIN_RIV":20838781,"LENGTH_KM":14.84,"CATCH_SKM":65.529999,"DIS_AV_CMS":0.02,"ORD_STRA":1,"ORD_FLOW":8},"geometry":{"type":"LineString","coordinates":[[36.73124999999902,27.14583333333308],[36.73124999999902,27.135416666666437],[36.735416666665685,27.131249999999774],[36.735416666665685,27.12708333333311],[36.74374999999901,27.118749999999757],[36.74374999999901,27.114583333333094],[36.756249999999056,27.102083333333077],[36.75208333333239,27.09791666666643],[36.75208333333239,27.085416666666454],[36.74374999999901,27.077083333333086],[36.74374999999901,27.072916666666423],[36.747916666665645,27.068749999999774],[36.747916666665645,27.0562499999998],[36.73958333333235,27.04791666666643],[36.73124999999902,27.04791666666643],[36.7229166666657,27.03958333333312]]}},{"type":"Feature","properties":{"HYRIV_ID":20834066,"NEXT_DOWN":20834835,"MAIN_RIV":20848032,"LENGTH_KM":1.03,"CATCH_SKM":1.91,"DIS_AV_CMS":0.006,"ORD_STRA":2,"ORD_FLOW":9},"geometry":{"type":"LineString","coordinates":[[37.49374999999904,27.03958333333312],[37.48958333333238,27.043749999999783],[37.485416666665714,27.043749999999783]]}},{"type":"Feature","properties":{"HYRIV_ID":20834067,"NEXT_DOWN":20834066,"MAIN_RIV":20848032,"LENGTH_KM":1.34,"CATCH_SKM":14.72,"DIS_AV_CMS":0.003,"ORD_STRA":1,"ORD_FLOW":9},"geometry":{"type":"LineString","coordinates":[[37.50416666666567,27.045833333333114],[37.4979166666657,27.03958333333312],[37.49374999999904,27.03958333333312]]}},{"type":"Feature","properties":{"HYRIV_ID":20834068,"NEXT_DOWN":20834484,"MAIN_RIV":20848032,"LENGTH_KM":5.4699998,"CATCH_SKM":23.889999,"DIS_AV_CMS":0.002,"ORD_STRA":1,"ORD_FLOW":9},"geometry":{"type":"LineString","coordinates":[[37.716666666665674,27.068749999999774],[37.72291666666575,27.068749999999774],[37.73541666666566,27.0562499999998],[37.73958333333229,27.0562499999998],[37.74374999999904,27.052083333333094],[37.7479166666657,27.052083333333094],[37.752083333332365,27.04791666666643],[37.752083333332365,27.03958333333312]]}},{"type":"Feature","properties":{"HYRIV_ID":20834137,"NEXT_DOWN":20834207,"MAIN_RIV":20838781,"LENGTH_KM":8.62,"CATCH_SKM":42.810001,"DIS_AV_CMS":0.013,"ORD_STRA":1,"ORD_FLOW":8},"geometry":{"type":"LineString","coordinates":[[36.78333333333242,27.095833333333097],[36.789583333332416,27.089583333333103],[36.79374999999908,27.089583333333103],[36.80624999999904,27.077083333333086],[36.80624999999904,27.072916666666423],[36.8104166666657,27.068749999999774],[36.8104166666657,27.06458333333311],[36.814583333332365,27.06041666666645],[36.814583333332365,27.0562499999998],[36.81874999999903,27.052083333333094],[36.814583333332365,27.04791666666643],[36.814583333332365,27.043749999999783],[36.8104166666657,27.03958333333312],[36.8104166666657,27.035416666666414]]}},{"type":"Feature","properties":{"HYRIV_ID":20834138,"NEXT_DOWN":20834207,"MAIN_RIV":20838781,"LENGTH_KM":2.3800001,"CATCH_SKM":24.280001,"DIS_AV_CMS":0.008,"ORD_STRA":1,"ORD_FLOW":9},"geometry":{"type":"LineString","coordinates":[[36.82916666666566,27.045833333333114],[36.81874999999903,27.035416666666414],[36.8104166666657,27.035416666666414]]}},{"type":"Feature","properties":{"HYRIV_ID":20834139,"NEXT_DOWN":20834264,"MAIN_RIV":20848032,"LENGTH_KM":6.3,"CATCH_SKM":16.440001,"DIS_AV_CMS":1.244,"ORD_STRA":5,"ORD_FLOW":6},"geometry":{"type":"LineString","coordinates":[[37.19791666666569,27.068749999999774],[37.202083333332354,27.06458333333311],[37.202083333332354,27.0562499999998],[37.21041666666568,27.04791666666643],[37.21874999999898,27.04791666666643],[37.222916666665725,27.043749999999783],[37.23124999999905,27.043749999999783],[37.23958333333238,27.035416666666414]]}},{"type":"Feature","properties":{"HYRIV_ID":20834140,"NEXT_DOWN":20834435,"MAIN_RIV":20848032,"LENGTH_KM":1.39,"CATCH_SKM":2.6800001,"DIS_AV_CMS":0.034,"ORD_STRA":2,"ORD_FLOW":8},"geometry":{"type":"LineString","coordinates":[[37.31041666666573,27.04791666666643],[37.31041666666573,27.035416666666414]]}},{"type":"Feature","properties":{"HYRIV_ID":20834141,"NEXT_DOWN":20834435,"MAIN_RIV":20848032,"LENGTH_KM":13.53,"CATCH_SKM":45.689999,"DIS_AV_CMS":0.062,"ORD_STRA":2,"ORD_FLOW":8},"geometry":{"type":"LineString","coordinates":[[37.41458333333236,27.08124999999979],[37.406249999999034,27.08124999999979],[37.389583333332325,27.06458333333311],[37.389583333332325,27.06041666666645],[37.381249999999,27.06041666666645],[37.36458333333238,27.043749999999783],[37.33958333333234,27.043749999999783],[37.33541666666568,27.03958333333312],[37.33541666666568,27.035416666666414],[37.32291666666569,27.035416666666414],[37.31874999999903,27.03958333333312],[37.31458333333239,27.03958333333312],[37.31041666666573,27.035416666666414]]}},{"type":"Feature","properties":{"HYRIV_ID":20834142,"NEXT_DOWN":20834484,"MAIN_RIV":20848032,"LENGTH_KM":1.86,"CATCH_SKM":2.87,"DIS_AV_CMS":0.006,"ORD_STRA":2,"ORD_FLOW":9},"geometry":{"type":"LineString","coordinates":[[37.73541666666566,27.035416666666414],[37.73958333333229,27.03958333333312],[37.752083333332365,27.03958333333312]]}},{"type":"Feature","properties":{"HYRIV_ID":20834204,"NEXT_DOWN":20834324,"MAIN_RIV":20834582,"LENGTH_KM":7.02,"CATCH_SKM":27.15,"DIS_AV_CMS":0.322,"ORD_STRA":4,"ORD_FLOW":7},"geometry":{"type":"LineString","coordinates":[[36.05624999999901,27.031249999999766],[36.05208333333235,27.031249999999766],[36.047916666665685,27.035416666666414],[36.03958333333239,27.035416666666414],[36.035416666665725,27.03958333333312],[36.022916666665736,27.03958333333312],[36.01874999999899,27.043749999999783],[36.00624999999903,27.043749999999783],[36.002083333332365,27.03958333333312],[35.99374999999904,27.03958333333312]]}},{"type":"Feature","properties":{"HYRIV_ID":20834205,"NEXT_DOWN":20834204,"MAIN_RIV":20834582,"LENGTH_KM":8.4899998,"CATCH_SKM":33.639999,"DIS_AV_CMS":0.004,"ORD_STRA":1,"ORD_FLOW":9},"geometry":{"type":"LineString","coordinates":[[36.093749999999005,27.08749999999977],[36.093749999999005,27.08124999999979],[36.07708333333238,27.06458333333311],[36.07291666666572,27.06458333333311],[36.068749999999056,27.06041666666645],[36.068749999999056,27.0562499999998],[36.06458333333242,27.052083333333094],[36.06458333333242,27.04791666666643],[36.06041666666576,27.043749999999783],[36.06041666666576,27.03958333333312],[36.06458333333242,27.035416666666414],[36.06041666666576,27.031249999999766],[36.05624999999901,27.031249999999766]]}},{"type":"Feature","properties":{"HYRIV_ID":20834206,"NEXT_DOWN":20835056,"MAIN_RIV":20838781,"LENGTH_KM":1.39,"CATCH_SKM":20.26,"DIS_AV_CMS":0.006,"ORD_STRA":1,"ORD_FLOW":9},"geometry":{"type":"LineString","coordinates":[[36.79583333333241,27.04166666666645],[36.80208333333238,27.035416666666414],[36.80208333333238,27.031249999999766]]}},{"type":"Feature","properties":{"HYRIV_ID":20834207,"NEXT_DOWN":20835056,"MAIN_RIV":20838781,"LENGTH_KM":1.03,"CATCH_SKM":0.96,"DIS_AV_CMS":0.021,"ORD_STRA":2,"ORD_FLOW":8},"geometry":{"type":"LineString","coordinates":[[36.8104166666657,27.035416666666414],[36.80624999999904,27.031249999999766],[36.80208333333238,27.031249999999766]]}},{"type":"Feature","properties":{"HYRIV_ID":20834208,"NEXT_DOWN":20834066,"MAIN_RIV":20848032,"LENGTH_KM":1.96,"CATCH_SKM":11.66,"DIS_AV_CMS":0.002,"ORD_STRA":1,"ORD_FLOW":9},"geometry":{"type":"LineString","coordinates":[[37.50833333333233,27.029166666666434],[37.50208333333234,27.035416666666414],[37.4979166666657,27.035416666666414],[37.49374999999904,27.03958333333312]]}},{"type":"Feature","properties":{"HYRIV_ID":20834209,"NEXT_DOWN":20834485,"MAIN_RIV":20848032,"LENGTH_KM":5.4200001,"CATCH_SKM":16.25,"DIS_AV_CMS":0.001,"ORD_STRA":1,"ORD_FLOW":9},"geometry":{"type":"LineString","coordinates":[[37.75833333333236,27.06249999999978],[37.764583333332325,27.0562499999998],[37.764583333332325,27.043749999999783],[37.7770833333324,27.031249999999766],[37.78124999999906,27.035416666666414],[37.785416666665725,27.031249999999766]]}},{"type":"Feature","properties":{"HYRIV_ID":20834210,"NEXT_DOWN":20834485,"MAIN_RIV":20848032,"LENGTH_KM":3.6600001,"CATCH_SKM":10.13,"DIS_AV_CMS":0.07,"ORD_STRA":3,"ORD_FLOW":8},"geometry":{"type":"LineString","coordinates":[[37.80208333333235,27.0562499999998],[37.80208333333235,27.052083333333094],[37.797916666665685,27.04791666666643],[37.79374999999902,27.04791666666643],[37.785416666665725,27.03958333333312],[37.785416666665725,27.031249999999766]]}},{"type":"Feature","properties":{"HYRIV_ID":20834263,"NEXT_DOWN":20834325,"MAIN_RIV":20834582,"LENGTH_KM":10.95,"CATCH_SKM":28.290001,"DIS_AV_CMS":0.015,"ORD_STRA":2,"ORD_FLOW":8},"geometry":{"type":"LineString","coordinates":[[36.16458333333239,27.0562499999998],[36.160416666665725,27.052083333333094],[36.1520833333324,27.052083333333094],[36.147916666665736,27.04791666666643],[36.14374999999902,27.052083333333094],[36.1229166666657,27.052083333333094],[36.11874999999904,27.04791666666643],[36.114583333332405,27.04791666666643],[36.11041666666574,27.043749999999783],[36.10624999999908,27.043749999999783],[36.102083333332416,27.03958333333312],[36.09791666666567,27.03958333333312],[36.093749999999005,27.035416666666414],[36.08541666666571,27.035416666666414],[36.07708333333238,27.027083333333103],[36.07291666666572,27.027083333333103]]}},{"type":"Feature","properties":{"HYRIV_ID":20834264,"NEXT_DOWN":20834434,"MAIN_RIV":20848032,"LENGTH_KM":2.8900001,"CATCH_SKM":5.9299998,"DIS_AV_CMS":1.271,"ORD_STRA":5,"ORD_FLOW":6},"geometry":{"type":"LineString","coordinates":[[37.23958333333238,27.035416666666414],[37.24374999999901,27.031249999999766],[37.26041666666575,27.031249999999766],[37.26458333333241,27.027083333333103]]}},{"type":"Feature","properties":{"HYRIV_ID":20834325,"NEXT_DOWN":20834204,"MAIN_RIV":20834582,"LENGTH_KM":2.27,"CATCH_SKM":18.360001,"DIS_AV_CMS":0.31600001,"ORD_STRA":4,"ORD_FLOW":7},"geometry":{"type":"LineString","coordinates":[[36.07291666666572,27.027083333333103],[36.068749999999056,27.027083333333103],[36.06458333333242,27.02291666666644],[36.05624999999901,27.031249999999766]]}},{"type":"Feature","properties":{"HYRIV_ID":20834326,"NEXT_DOWN":20833677,"MAIN_RIV":20848032,"LENGTH_KM":6.35,"CATCH_SKM":26.77,"DIS_AV_CMS":0.012,"ORD_STRA":1,"ORD_FLOW":8},"geometry":{"type":"LineString","coordinates":[[37.124999999999005,27.02083333333311],[37.13541666666566,27.031249999999766],[37.13541666666566,27.035416666666414],[37.131249999999,27.03958333333312],[37.131249999999,27.04791666666643],[37.13541666666566,27.052083333333094],[37.13541666666566,27.0562499999998],[37.143749999999045,27.06458333333311],[37.143749999999045,27.068749999999774]]}},{"type":"Feature","properties":{"HYRIV_ID":20834327,"NEXT_DOWN":20834835,"MAIN_RIV":20848032,"LENGTH_KM":3.56,"CATCH_SKM":15.68,"DIS_AV_CMS":0.004,"ORD_STRA":1,"ORD_FLOW":9},"geometry":{"type":"LineString","coordinates":[[37.499999999999034,27.02291666666644],[37.49374999999904,27.02291666666644],[37.48958333333238,27.027083333333103],[37.48958333333238,27.031249999999766],[37.48124999999905,27.03958333333312],[37.485416666665714,27.043749999999783]]}},{"type":"Feature","properties":{"HYRIV_ID":20834328,"NEXT_DOWN":20834142,"MAIN_RIV":20848032,"LENGTH_KM":2.84,"CATCH_SKM":15.87,"DIS_AV_CMS":0.001,"ORD_STRA":1,"ORD_FLOW":9},"geometry":{"type":"LineString","coordinates":[[37.724999999999,27.02083333333311],[37.731249999998994,27.027083333333103],[37.73958333333229,27.027083333333103],[37.73958333333229,27.031249999999766],[37.73541666666566,27.035416666666414]]}},{"type":"Feature","properties":{"HYRIV_ID":20834369,"NEXT_DOWN":20833726,"MAIN_RIV":20848032,"LENGTH_KM":5.4099998,"CATCH_SKM":16.440001,"DIS_AV_CMS":0.032,"ORD_STRA":2,"ORD_FLOW":8},"geometry":{"type":"LineString","coordinates":[[37.18541666666573,27.01874999999979],[37.18541666666573,27.031249999999766],[37.18124999999907,27.035416666666414],[37.18124999999907,27.04791666666643],[37.18541666666573,27.052083333333094],[37.18541666666573,27.06458333333311]]}},{"type":"Feature","properties":{"HYRIV_ID":20834370,"NEXT_DOWN":20834434,"MAIN_RIV":20848032,"LENGTH_KM":1.08,"CATCH_SKM":0.77,"DIS_AV_CMS":0.034,"ORD_STRA":2,"ORD_FLOW":8},"geometry":{"type":"LineString","coordinates":[[37.26041666666575,27.01874999999979],[37.26458333333241,27.02291666666644],[37.26458333333241,27.027083333333103]]}},{"type":"Feature","properties":{"HYRIV_ID":20834431,"NEXT_DOWN":20834325,"MAIN_RIV":20834582,"LENGTH_KM":2.6900001,"CATCH_SKM":8.4099998,"DIS_AV_CMS":0.29800001,"ORD_STRA":4,"ORD_FLOW":7},"geometry":{"type":"LineString","coordinates":[[36.093749999999005,27.014583333333086],[36.08958333333237,27.01874999999979],[36.08541666666571,27.01874999999979],[36.081249999999045,27.02291666666644],[36.07708333333238,27.02291666666644],[36.07291666666572,27.027083333333103]]}},{"type":"Feature","properties":{"HYRIV_ID":20834432,"NEXT_DOWN":20834431,"MAIN_RIV":20834582,"LENGTH_KM":0.62,"CATCH_SKM":10.71,"DIS_AV_CMS":0.001,"ORD_STRA":1,"ORD_FLOW":9},"geometry":{"type":"LineString","coordinates":[[36.099999999999085,27.014583333333086],[36.093749999999005,27.014583333333086]]}},{"type":"Feature","properties":{"HYRIV_ID":20834433,"NEXT_DOWN":20834370,"MAIN_RIV":20848032,"LENGTH_KM":2.48,"CATCH_SKM":22.0,"DIS_AV_CMS":0.011,"ORD_STRA":1,"ORD_FLOW":8},"geometry":{"type":"LineString","coordinates":[[37.237499999999045,27.014583333333086],[37.247916666665674,27.014583333333086],[37.25208333333234,27.01874999999979],[37.26041666666575,27.01874999999979]]}},{"type":"Feature","properties":{"HYRIV_ID":20834434,"NEXT_DOWN":20834834,"MAIN_RIV":20848032,"LENGTH_KM":4.75,"CATCH_SKM":18.360001,"DIS_AV_CMS":1.336,"ORD_STRA":5,"ORD_FLOW":6},"geometry":{"type":"LineString","coordinates":[[37.26458333333241,27.027083333333103],[37.27291666666571,27.027083333333103],[37.27708333333237,27.02291666666644],[37.28958333333236,27.02291666666644],[37.293749999998994,27.01874999999979],[37.302083333332405,27.01874999999979],[37.30624999999907,27.014583333333086]]}},{"type":"Feature","properties":{"HYRIV_ID":20834435,"NEXT_DOWN":20834834,"MAIN_RIV":20848032,"LENGTH_KM":2.47,"CATCH_SKM":5.7399998,"DIS_AV_CMS":0.1,"ORD_STRA":3,"ORD_FLOW":7},"geometry":{"type":"LineString","coordinates":[[37.31041666666573,27.035416666666414],[37.31041666666573,27.01874999999979],[37.30624999999907,27.014583333333086]]}},{"type":"Feature","properties":{"HYRIV_ID":20834436,"NEXT_DOWN":20834142,"MAIN_RIV":20848032,"LENGTH_KM":14.82,"CATCH_SKM":59.849998,"DIS_AV_CMS":0.004,"ORD_STRA":1,"ORD_FLOW":9},"geometry":{"type":"LineString","coordinates":[[37.61249999999896,27.012499999999754],[37.61874999999904,27.01874999999979],[37.61874999999904,27.02291666666644],[37.6229166666657,27.027083333333103],[37.627083333332365,27.027083333333103],[37.63124999999903,27.031249999999766],[37.63541666666566,27.031249999999766],[37.639583333332325,27.035416666666414],[37.65624999999906,27.035416666666414],[37.6604166666657,27.031249999999766],[37.672916666665685,27.031249999999766],[37.67708333333235,27.035416666666414],[37.693749999999056,27.035416666666414],[37.69791666666572,27.03958333333312],[37.70208333333238,27.035416666666414],[37.71041666666568,27.035416666666414],[37.71458333333234,27.03958333333312],[37.731249999998994,27.03958333333312],[37.73541666666566,27.035416666666414]]}},{"type":"Feature","properties":{"HYRIV_ID":20834482,"NEXT_DOWN":20834831,"MAIN_RIV":20838781,"LENGTH_KM":3.72,"CATCH_SKM":23.32,"DIS_AV_CMS":0.003,"ORD_STRA":1,"ORD_FLOW":9},"geometry":{"type":"LineString","coordinates":[[36.33333333333238,27.037499999999746],[36.33958333333237,27.031249999999766],[36.33958333333237,27.027083333333103],[36.3479166666657,27.01874999999979],[36.3479166666657,27.014583333333086],[36.35208333333236,27.010416666666423]]}},{"type":"Feature","properties":{"HYRIV_ID":20834483,"NEXT_DOWN":20834831,"MAIN_RIV":20838781,"LENGTH_KM":2.86,"CATCH_SKM":18.93,"DIS_AV_CMS":0.003,"ORD_STRA":1,"ORD_FLOW":9},"geometry":{"type":"LineString","coordinates":[[36.36041666666574,27.033333333333097],[36.36041666666574,27.01874999999979],[36.35208333333236,27.010416666666423]]}},{"type":"Feature","properties":{"HYRIV_ID":20834484,"NEXT_DOWN":20834633,"MAIN_RIV":20848032,"LENGTH_KM":6.4099998,"CATCH_SKM":17.4,"DIS_AV_CMS":0.009,"ORD_STRA":2,"ORD_FLOW":9},"geometry":{"type":"LineString","coordinates":[[37.752083333332365,27.03958333333312],[37.764583333332325,27.027083333333103],[37.76874999999899,27.027083333333103],[37.7770833333324,27.01874999999979],[37.78124999999906,27.01874999999979],[37.785416666665725,27.014583333333086],[37.78958333333236,27.014583333333086],[37.79374999999902,27.010416666666423],[37.80208333333235,27.010416666666423]]}},{"type":"Feature","properties":{"HYRIV_ID":20834485,"NEXT_DOWN":20834633,"MAIN_RIV":20848032,"LENGTH_KM":2.9400001,"CATCH_SKM":4.7800002,"DIS_AV_CMS":0.071,"ORD_STRA":3,"ORD_FLOW":8},"geometry":{"type":"LineString","coordinates":[[37.785416666665725,27.031249999999766],[37.80208333333235,27.014583333333086],[37.80208333333235,27.010416666666423]]}},{"type":"Feature","properties":{"HYRIV_ID":20834486,"NEXT_DOWN":20834634,"MAIN_RIV":20848032,"LENGTH_KM":2.9400001,"CATCH_SKM":15.29,"DIS_AV_CMS":0.001,"ORD_STRA":1,"ORD_FLOW":9},"geometry":{"type":"LineString","coordinates":[[37.81666666666564,27.033333333333097],[37.82291666666572,27.027083333333103],[37.82291666666572,27.014583333333086],[37.82708333333238,27.010416666666423]]}},{"type":"Feature","properties":{"HYRIV_ID":20834487,"NEXT_DOWN":20834634,"MAIN_RIV":20848032,"LENGTH_KM":7.8,"CATCH_SKM":36.130001,"DIS_AV_CMS":0.02,"ORD_STRA":2,"ORD_FLOW":8},"geometry":{"type":"LineString","coordinates":[[37.8729166666657,27.06041666666645],[37.864583333332405,27.06041666666645],[37.85208333333233,27.04791666666643],[37.85208333333233,27.043749999999783],[37.84791666666567,27.03958333333312],[37.84791666666567,27.035416666666414],[37.843749999999005,27.031249999999766],[37.843749999999005,27.027083333333103],[37.82708333333238,27.010416666666423]]}},{"type":"Feature","properties":{"HYRIV_ID":20834630,"NEXT_DOWN":20834431,"MAIN_RIV":20834582,"LENGTH_KM":3.31,"CATCH_SKM":23.719999,"DIS_AV_CMS":0.296,"ORD_STRA":4,"ORD_FLOW":7},"geometry":{"type":"LineString","coordinates":[[36.11874999999904,26.99791666666645],[36.10624999999908,27.010416666666423],[36.09791666666567,27.010416666666423],[36.093749999999005,27.014583333333086]]}},{"type":"Feature","properties":{"HYRIV_ID":20834631,"NEXT_DOWN":20834369,"MAIN_RIV":20848032,"LENGTH_KM":2.9400001,"CATCH_SKM":16.639999,"DIS_AV_CMS":0.008,"ORD_STRA":1,"ORD_FLOW":9},"geometry":{"type":"LineString","coordinates":[[37.1833333333324,26.995833333333117],[37.189583333332365,27.00208333333311],[37.18541666666573,27.006249999999774],[37.18541666666573,27.01874999999979]]}},{"type":"Feature","properties":{"HYRIV_ID":20834632,"NEXT_DOWN":20834264,"MAIN_RIV":20848032,"LENGTH_KM":7.23,"CATCH_SKM":21.8,"DIS_AV_CMS":0.011,"ORD_STRA":1,"ORD_FLOW":8},"geometry":{"type":"LineString","coordinates":[[37.19999999999902,26.995833333333117],[37.20624999999902,27.00208333333311],[37.202083333332354,27.006249999999774],[37.202083333332354,27.014583333333086],[37.20624999999902,27.01874999999979],[37.21874999999898,27.01874999999979],[37.22708333333239,27.027083333333103],[37.23124999999905,27.027083333333103],[37.23958333333238,27.035416666666414]]}},{"type":"Feature","properties":{"HYRIV_ID":20834633,"NEXT_DOWN":20834735,"MAIN_RIV":20848032,"LENGTH_KM":2.9400001,"CATCH_SKM":5.9299998,"DIS_AV_CMS":0.08,"ORD_STRA":3,"ORD_FLOW":8},"geometry":{"type":"LineString","coordinates":[[37.80208333333235,27.010416666666423],[37.80624999999901,27.006249999999774],[37.80624999999901,27.00208333333311],[37.810416666665674,27.00208333333311],[37.81458333333234,26.99791666666645],[37.82291666666572,26.99791666666645]]}},{"type":"Feature","properties":{"HYRIV_ID":20834634,"NEXT_DOWN":20834735,"MAIN_RIV":20848032,"LENGTH_KM":1.55,"CATCH_SKM":4.4,"DIS_AV_CMS":0.022,"ORD_STRA":2,"ORD_FLOW":8},"geometry":{"type":"LineString","coordinates":[[37.82708333333238,27.010416666666423],[37.82708333333238,27.00208333333311],[37.82291666666572,26.99791666666645]]}},{"type":"Feature","properties":{"HYRIV_ID":20834734,"NEXT_DOWN":20834779,"MAIN_RIV":20838781,"LENGTH_KM":6.6599998,"CATCH_SKM":53.16,"DIS_AV_CMS":0.01,"ORD_STRA":1,"ORD_FLOW":8},"geometry":{"type":"LineString","coordinates":[[36.470833333332365,27.02083333333311],[36.46458333333237,27.014583333333086],[36.46041666666571,27.014583333333086],[36.46041666666571,27.010416666666423],[36.45624999999907,27.010416666666423],[36.45208333333241,27.006249999999774],[36.435416666665674,27.006249999999774],[36.43124999999904,27.00208333333311],[36.43124999999904,26.99791666666645],[36.42708333333238,26.993749999999757],[36.42708333333238,26.989583333333137]]}},{"type":"Feature","properties":{"HYRIV_ID":20834735,"NEXT_DOWN":20835316,"MAIN_RIV":20848032,"LENGTH_KM":1.24,"CATCH_SKM":1.91,"DIS_AV_CMS":0.102,"ORD_STRA":3,"ORD_FLOW":7},"geometry":{"type":"LineString","coordinates":[[37.82291666666572,26.99791666666645],[37.831249999999045,26.989583333333137]]}},{"type":"Feature","properties":{"HYRIV_ID":20834736,"NEXT_DOWN":20835316,"MAIN_RIV":20848032,"LENGTH_KM":1.03,"CATCH_SKM":11.86,"DIS_AV_CMS":0.001,"ORD_STRA":1,"ORD_FLOW":9},"geometry":{"type":"LineString","coordinates":[[37.841666666665674,26.989583333333137],[37.831249999999045,26.989583333333137]]}},{"type":"Feature","properties":{"HYRIV_ID":20834737,"NEXT_DOWN":20835159,"MAIN_RIV":20848032,"LENGTH_KM":12.1,"CATCH_SKM":78.190002,"DIS_AV_CMS":0.013,"ORD_STRA":1,"ORD_FLOW":8},"geometry":{"type":"LineString","coordinates":[[37.96458333333237,27.079166666666417],[37.96458333333237,27.06458333333311],[37.96041666666571,27.06041666666645],[37.96041666666571,27.0562499999998],[37.95208333333238,27.04791666666643],[37.947916666665634,27.04791666666643],[37.935416666665674,27.035416666666414],[37.935416666665674,27.031249999999766],[37.93958333333234,27.027083333333103],[37.93958333333234,27.01874999999979],[37.92708333333235,27.006249999999774],[37.92708333333235,26.993749999999757],[37.922916666665685,26.989583333333137]]}},{"type":"Feature","properties":{"HYRIV_ID":20834738,"NEXT_DOWN":20835426,"MAIN_RIV":20848032,"LENGTH_KM":3.0,"CATCH_SKM":21.040001,"DIS_AV_CMS":0.01,"ORD_STRA":1,"ORD_FLOW":8},"geometry":{"type":"LineString","coordinates":[[37.999999999999034,27.004166666666443],[38.014583333332354,26.989583333333137],[38.02291666666568,26.989583333333137]]}},{"type":"Feature","properties":{"HYRIV_ID":20834778,"NEXT_DOWN":20834833,"MAIN_RIV":20838781,"LENGTH_KM":8.21,"CATCH_SKM":25.620001,"DIS_AV_CMS":0.031,"ORD_STRA":2,"ORD_FLOW":8},"geometry":{"type":"LineString","coordinates":[[36.406249999999005,27.04791666666643],[36.40208333333243,27.043749999999783],[36.406249999999005,27.03958333333312],[36.406249999999005,27.010416666666423],[36.38541666666569,26.989583333333137],[36.389583333332354,26.98541666666643]]}},{"type":"Feature","properties":{"HYRIV_ID":20834779,"NEXT_DOWN":20834833,"MAIN_RIV":20838781,"LENGTH_KM":3.9200001,"CATCH_SKM":7.8400002,"DIS_AV_CMS":0.016,"ORD_STRA":2,"ORD_FLOW":8},"geometry":{"type":"LineString","coordinates":[[36.42708333333238,26.989583333333137],[36.406249999999005,26.989583333333137],[36.40208333333243,26.98541666666643],[36.389583333332354,26.98541666666643]]}},{"type":"Feature","properties":{"HYRIV_ID":20834780,"NEXT_DOWN":20834369,"MAIN_RIV":20848032,"LENGTH_KM":5.6799998,"CATCH_SKM":33.669998,"DIS_AV_CMS":0.016,"ORD_STRA":1,"ORD_FLOW":8},"geometry":{"type":"LineString","coordinates":[[37.14999999999904,26.98541666666643],[37.156249999999034,26.98541666666643],[37.1604166666657,26.989583333333137],[37.1604166666657,26.993749999999757],[37.16458333333233,26.99791666666645],[37.16458333333233,27.00208333333311],[37.177083333332405,27.014583333333086],[37.18124999999907,27.014583333333086],[37.18541666666573,27.01874999999979]]}},{"type":"Feature","properties":{"HYRIV_ID":20834781,"NEXT_DOWN":20835159,"MAIN_RIV":20848032,"LENGTH_KM":1.24,"CATCH_SKM":12.24,"DIS_AV_CMS":0.003,"ORD_STRA":1,"ORD_FLOW":9},"geometry":{"type":"LineString","coordinates":[[37.93333333333234,26.98541666666643],[37.92708333333235,26.98541666666643],[37.922916666665685,26.989583333333137]]}},{"type":"Feature","properties":{"HYRIV_ID":20834831,"NEXT_DOWN":20836635,"MAIN_RIV":20838781,"LENGTH_KM":4.6,"CATCH_SKM":24.48,"DIS_AV_CMS":0.01,"ORD_STRA":2,"ORD_FLOW":8},"geometry":{"type":"LineString","coordinates":[[36.35208333333236,27.010416666666423],[36.36041666666574,27.00208333333311],[36.36041666666574,26.99791666666645],[36.364583333332405,26.993749999999757],[36.36874999999907,26.993749999999757],[36.38124999999903,26.981249999999783]]}},{"type":"Feature","properties":{"HYRIV_ID":20834832,"NEXT_DOWN":20836635,"MAIN_RIV":20838781,"LENGTH_KM":0.41,"CATCH_SKM":1.15,"DIS_AV_CMS":0.049,"ORD_STRA":3,"ORD_FLOW":8},"geometry":{"type":"LineString","coordinates":[[36.38541666666569,26.981249999999783],[36.38124999999903,26.981249999999783]]}},{"type":"Feature","properties":{"HYRIV_ID":20834833,"NEXT_DOWN":20834832,"MAIN_RIV":20838781,"LENGTH_KM":0.62,"CATCH_SKM":0.57,"DIS_AV_CMS":0.047,"ORD_STRA":3,"ORD_FLOW":8},"geometry":{"type":"LineString","coordinates":[[36.389583333332354,26.98541666666643],[36.38541666666569,26.981249999999783]]}},{"type":"Feature","properties":{"HYRIV_ID":20834834,"NEXT_DOWN":20835061,"MAIN_RIV":20848032,"LENGTH_KM":5.0,"CATCH_SKM":17.41,"DIS_AV_CMS":1.472,"ORD_STRA":5,"ORD_FLOW":6},"geometry":{"type":"LineString","coordinates":[[37.30624999999907,27.014583333333086],[37.31041666666573,27.010416666666423],[37.31874999999903,27.010416666666423],[37.32291666666569,27.006249999999774],[37.32291666666569,26.99791666666645],[37.327083333332354,26.993749999999757],[37.327083333332354,26.981249999999783]]}},{"type":"Feature","properties":{"HYRIV_ID":20834835,"NEXT_DOWN":20835061,"MAIN_RIV":20848032,"LENGTH_KM":21.99,"CATCH_SKM":45.32,"DIS_AV_CMS":0.034,"ORD_STRA":2,"ORD_FLOW":8},"geometry":{"type":"LineString","coordinates":[[37.485416666665714,27.043749999999783],[37.48124999999905,27.04791666666643],[37.4770833333323,27.04791666666643],[37.47291666666567,27.052083333333094],[37.46458333333234,27.052083333333094],[37.45624999999902,27.043749999999783],[37.443749999999056,27.043749999999783],[37.43958333333239,27.04791666666643],[37.43541666666573,27.04791666666643],[37.43124999999907,27.052083333333094],[37.422916666665685,27.052083333333094],[37.41874999999902,27.04791666666643],[37.41458333333236,27.04791666666643],[37.4104166666657,27.043749999999783],[37.39374999999907,27.043749999999783],[37.389583333332325,27.03958333333312],[37.381249999999,27.03958333333312],[37.372916666665674,27.031249999999766],[37.372916666665674,27.027083333333103],[37.36874999999904,27.02291666666644],[37.36874999999904,27.01874999999979],[37.36458333333238,27.014583333333086],[37.36458333333238,27.00208333333311],[37.35624999999905,27.00208333333311],[37.35208333333239,26.99791666666645],[37.35208333333239,26.993749999999757],[37.34791666666564,26.989583333333137],[37.343749999999005,26.989583333333137],[37.33541666666568,26.981249999999783],[37.327083333332354,26.981249999999783]]}},{"type":"Feature","properties":{"HYRIV_ID":20834887,"NEXT_DOWN":20834630,"MAIN_RIV":20834582,"LENGTH_KM":4.75,"CATCH_SKM":28.690001,"DIS_AV_CMS":0.29300001,"ORD_STRA":4,"ORD_FLOW":7},"geometry":{"type":"LineString","coordinates":[[36.15624999999906,26.97708333333312],[36.1520833333324,26.981249999999783],[36.139583333332354,26.981249999999783],[36.1229166666657,26.99791666666645],[36.11874999999904,26.99791666666645]]}},{"type":"Feature","properties":{"HYRIV_ID":20834888,"NEXT_DOWN":20834887,"MAIN_RIV":20834582,"LENGTH_KM":0.83,"CATCH_SKM":1.15,"DIS_AV_CMS":0.304,"ORD_STRA":4,"ORD_FLOW":7},"geometry":{"type":"LineString","coordinates":[[36.16458333333239,26.97708333333312],[36.15624999999906,26.97708333333312]]}},{"type":"Feature","properties":{"HYRIV_ID":20834889,"NEXT_DOWN":20834888,"MAIN_RIV":20834582,"LENGTH_KM":2.6300001,"CATCH_SKM":15.87,"DIS_AV_CMS":0.002,"ORD_STRA":1,"ORD_FLOW":9},"geometry":{"type":"LineString","coordinates":[[36.179166666665765,26.995833333333117],[36.16458333333239,26.981249999999783],[36.16458333333239,26.97708333333312]]}},{"type":"Feature","properties":{"HYRIV_ID":20834890,"NEXT_DOWN":20834888,"MAIN_RIV":20834582,"LENGTH_KM":21.059999,"CATCH_SKM":102.1,"DIS_AV_CMS":0.306,"ORD_STRA":4,"ORD_FLOW":7},"geometry":{"type":"LineString","coordinates":[[36.28958333333239,27.089583333333103],[36.285416666665725,27.089583333333103],[36.28124999999906,27.085416666666454],[36.277083333332314,27.085416666666454],[36.26874999999902,27.077083333333086],[36.26874999999902,27.072916666666423],[36.264583333332354,27.068749999999774],[36.264583333332354,27.04791666666643],[36.26041666666569,27.043749999999783],[36.26041666666569,27.03958333333312],[36.24374999999907,27.02291666666644],[36.24374999999907,27.00208333333311],[36.239583333332405,26.99791666666645],[36.2229166666657,26.99791666666645],[36.21458333333237,26.989583333333137],[36.21041666666571,26.989583333333137],[36.206249999999045,26.98541666666643],[36.20208333333238,26.98541666666643],[36.19791666666572,26.981249999999783],[36.17708333333235,26.981249999999783],[36.172916666665685,26.97708333333312],[36.16458333333239,26.97708333333312]]}},{"type":"Feature","properties":{"HYRIV_ID":20834891,"NEXT_DOWN":20836214,"MAIN_RIV":20838781,"LENGTH_KM":9.71,"CATCH_SKM":58.509998,"DIS_AV_CMS":0.019,"ORD_STRA":1,"ORD_FLOW":8},"geometry":{"type":"LineString","coordinates":[[36.88333333333239,27.045833333333114],[36.89791666666571,27.031249999999766],[36.89791666666571,27.027083333333103],[36.893749999999045,27.02291666666644],[36.893749999999045,27.01874999999979],[36.90208333333234,27.010416666666423],[36.90208333333234,27.00208333333311],[36.906249999999005,26.99791666666645],[36.91041666666567,26.99791666666645],[36.91874999999908,26.989583333333137],[36.91874999999908,26.981249999999783],[36.92291666666574,26.97708333333312]]}},{"type":"Feature","properties":{"HYRIV_ID":20834892,"NEXT_DOWN":20836214,"MAIN_RIV":20838781,"LENGTH_KM":9.96,"CATCH_SKM":25.049999,"DIS_AV_CMS":0.035,"ORD_STRA":2,"ORD_FLOW":8},"geometry":{"type":"LineString","coordinates":[[36.9645833333324,27.04791666666643],[36.9645833333324,27.03958333333312],[36.960416666665736,27.03958333333312],[36.952083333332354,27.031249999999766],[36.952083333332354,27.01874999999979],[36.939583333332365,27.006249999999774],[36.939583333332365,26.993749999999757],[36.9354166666657,26.989583333333137],[36.93124999999904,26.989583333333137],[36.92708333333238,26.98541666666643],[36.92708333333238,26.981249999999783],[36.92291666666574,26.97708333333312]]}},{"type":"Feature","properties":{"HYRIV_ID":20834940,"NEXT_DOWN":20835116,"MAIN_RIV":20848032,"LENGTH_KM":7.9200001,"CATCH_SKM":35.380001,"DIS_AV_CMS":0.019,"ORD_STRA":1,"ORD_FLOW":8},"geometry":{"type":"LineString","coordinates":[[37.41874999999902,27.02083333333311],[37.41874999999902,27.014583333333086],[37.41458333333236,27.010416666666423],[37.4104166666657,27.010416666666423],[37.406249999999034,27.006249999999774],[37.39791666666571,27.006249999999774],[37.39374999999907,27.00208333333311],[37.389583333332325,27.00208333333311],[37.38541666666566,26.99791666666645],[37.38541666666566,26.993749999999757],[37.381249999999,26.989583333333137],[37.381249999999,26.98541666666643],[37.38541666666566,26.981249999999783],[37.38541666666566,26.972916666666414]]}},{"type":"Feature","properties":{"HYRIV_ID":20834941,"NEXT_DOWN":20835116,"MAIN_RIV":20848032,"LENGTH_KM":2.07,"CATCH_SKM":4.4,"DIS_AV_CMS":0.025,"ORD_STRA":2,"ORD_FLOW":8},"geometry":{"type":"LineString","coordinates":[[37.40208333333237,26.972916666666414],[37.39791666666571,26.972916666666414],[37.39374999999907,26.97708333333312],[37.389583333332325,26.972916666666414],[37.38541666666566,26.972916666666414]]}},{"type":"Feature","properties":{"HYRIV_ID":20834942,"NEXT_DOWN":20834941,"MAIN_RIV":20848032,"LENGTH_KM":8.8900003,"CATCH_SKM":34.049999,"DIS_AV_CMS":0.016,"ORD_STRA":1,"ORD_FLOW":8},"geometry":{"type":"LineString","coordinates":[[37.474999999999,26.99791666666645],[37.46041666666568,26.99791666666645],[37.45624999999902,27.00208333333311],[37.44791666666572,27.00208333333311],[37.443749999999056,26.99791666666645],[37.43541666666573,26.99791666666645],[37.42708333333232,26.989583333333137],[37.422916666665685,26.989583333333137],[37.41874999999902,26.98541666666643],[37.41458333333236,26.98541666666643],[37.40208333333237,26.972916666666414]]}},{"type":"Feature","properties":{"HYRIV_ID":20834943,"NEXT_DOWN":20835315,"MAIN_RIV":20848032,"LENGTH_KM":16.32,"CATCH_SKM":41.700001,"DIS_AV_CMS":0.003,"ORD_STRA":1,"ORD_FLOW":9},"geometry":{"type":"LineString","coordinates":[[37.63333333333233,26.989583333333137],[37.64374999999907,26.989583333333137],[37.6520833333324,26.981249999999783],[37.66874999999902,26.981249999999783],[37.672916666665685,26.97708333333312],[37.67708333333235,26.97708333333312],[37.68124999999901,26.981249999999783],[37.69791666666572,26.981249999999783],[37.70208333333238,26.97708333333312],[37.706249999999045,26.981249999999783],[37.71041666666568,26.97708333333312],[37.71458333333234,26.981249999999783],[37.731249999998994,26.981249999999783],[37.73541666666566,26.97708333333312],[37.76041666666569,26.97708333333312],[37.764583333332325,26.972916666666414],[37.7770833333324,26.972916666666414]]}},{"type":"Feature","properties":{"HYRIV_ID":20834944,"NEXT_DOWN":20835315,"MAIN_RIV":20848032,"LENGTH_KM":10.84,"CATCH_SKM":29.65,"DIS_AV_CMS":0.002,"ORD_STRA":1,"ORD_FLOW":9},"geometry":{"type":"LineString","coordinates":[[37.691666666665725,26.993749999999757],[37.69791666666572,26.993749999999757],[37.706249999999045,27.00208333333311],[37.72291666666575,27.00208333333311],[37.72708333333233,26.99791666666645],[37.75624999999903,26.99791666666645],[37.76041666666569,26.993749999999757],[37.764583333332325,26.993749999999757],[37.76874999999899,26.989583333333137],[37.76874999999899,26.981249999999783],[37.7770833333324,26.972916666666414]]}},{"type":"Feature","properties":{"HYRIV_ID":20834991,"NEXT_DOWN":20834832,"MAIN_RIV":20838781,"LENGTH_KM":2.58,"CATCH_SKM":15.69,"DIS_AV_CMS":0.002,"ORD_STRA":1,"ORD_FLOW":9},"geometry":{"type":"LineString","coordinates":[[36.40416666666576,26.966666666666434],[36.39791666666568,26.972916666666414],[36.39374999999902,26.972916666666414],[36.38541666666569,26.981249999999783]]}},{"type":"Feature","properties":{"HYRIV_ID":20834992,"NEXT_DOWN":20834779,"MAIN_RIV":20838781,"LENGTH_KM":5.7399998,"CATCH_SKM":34.049999,"DIS_AV_CMS":0.006,"ORD_STRA":1,"ORD_FLOW":9},"geometry":{"type":"LineString","coordinates":[[36.4666666666657,26.97916666666645],[36.46041666666571,26.972916666666414],[36.45624999999907,26.972916666666414],[36.45208333333241,26.96874999999975],[36.44791666666575,26.96874999999975],[36.43958333333242,26.97708333333312],[36.43958333333242,26.981249999999783],[36.43124999999904,26.989583333333137],[36.42708333333238,26.989583333333137]]}},{"type":"Feature","properties":{"HYRIV_ID":20834993,"NEXT_DOWN":20834941,"MAIN_RIV":20848032,"LENGTH_KM":2.6900001,"CATCH_SKM":13.39,"DIS_AV_CMS":0.007,"ORD_STRA":1,"ORD_FLOW":9},"geometry":{"type":"LineString","coordinates":[[37.42499999999899,26.972916666666414],[37.41458333333236,26.972916666666414],[37.4104166666657,26.96874999999975],[37.406249999999034,26.972916666666414],[37.40208333333237,26.972916666666414]]}},{"type":"Feature","properties":{"HYRIV_ID":20835054,"NEXT_DOWN":20834630,"MAIN_RIV":20834582,"LENGTH_KM":4.96,"CATCH_SKM":20.66,"DIS_AV_CMS":0.002,"ORD_STRA":1,"ORD_FLOW":9},"geometry":{"type":"LineString","coordinates":[[36.11249999999907,26.96249999999977],[36.10624999999908,26.96874999999975],[36.10624999999908,26.97708333333312],[36.11874999999904,26.989583333333137],[36.114583333332405,26.993749999999757],[36.11874999999904,26.99791666666645]]}},{"type":"Feature","properties":{"HYRIV_ID":20835055,"NEXT_DOWN":20835534,"MAIN_RIV":20838781,"LENGTH_KM":5.58,"CATCH_SKM":21.42,"DIS_AV_CMS":0.006,"ORD_STRA":1,"ORD_FLOW":9},"geometry":{"type":"LineString","coordinates":[[36.78333333333242,27.004166666666443],[36.789583333332416,26.99791666666645],[36.789583333332416,26.993749999999757],[36.79374999999908,26.989583333333137],[36.79374999999908,26.98541666666643],[36.814583333332365,26.964583333333103]]}},{"type":"Feature","properties":{"HYRIV_ID":20835056,"NEXT_DOWN":20835534,"MAIN_RIV":20838781,"LENGTH_KM":9.08,"CATCH_SKM":33.66,"DIS_AV_CMS":0.036,"ORD_STRA":2,"ORD_FLOW":8},"geometry":{"type":"LineString","coordinates":[[36.80208333333238,27.031249999999766],[36.80208333333238,27.027083333333103],[36.8104166666657,27.01874999999979],[36.8104166666657,27.014583333333086],[36.814583333332365,27.010416666666423],[36.814583333332365,27.006249999999774],[36.81874999999903,27.00208333333311],[36.81874999999903,26.99791666666645],[36.82291666666569,26.993749999999757],[36.82291666666569,26.98541666666643],[36.81874999999903,26.981249999999783],[36.81874999999903,26.97708333333312],[36.82291666666569,26.972916666666414],[36.82291666666569,26.96874999999975],[36.81874999999903,26.964583333333103],[36.814583333332365,26.964583333333103]]}},{"type":"Feature","properties":{"HYRIV_ID":20835057,"NEXT_DOWN":20835535,"MAIN_RIV":20838781,"LENGTH_KM":2.8900001,"CATCH_SKM":29.459999,"DIS_AV_CMS":0.012,"ORD_STRA":1,"ORD_FLOW":8},"geometry":{"type":"LineString","coordinates":[[37.062499999999034,26.97708333333312],[37.06874999999903,26.97708333333312],[37.07291666666569,26.972916666666414],[37.077083333332354,26.972916666666414],[37.08541666666565,26.964583333333103]]}},{"type":"Feature","properties":{"HYRIV_ID":20835058,"NEXT_DOWN":20835535,"MAIN_RIV":20838781,"LENGTH_KM":2.6900001,"CATCH_SKM":17.98,"DIS_AV_CMS":0.008,"ORD_STRA":1,"ORD_FLOW":9},"geometry":{"type":"LineString","coordinates":[[37.10833333333238,26.972916666666414],[37.09374999999906,26.972916666666414],[37.08541666666565,26.964583333333103]]}},{"type":"Feature","properties":{"HYRIV_ID":20835059,"NEXT_DOWN":20834370,"MAIN_RIV":20848032,"LENGTH_KM":8.8199997,"CATCH_SKM":44.200001,"DIS_AV_CMS":0.023,"ORD_STRA":1,"ORD_FLOW":8},"geometry":{"type":"LineString","coordinates":[[37.24166666666568,26.964583333333103],[37.256249999999,26.964583333333103],[37.26041666666575,26.96874999999975],[37.26458333333241,26.96874999999975],[37.268749999999045,26.972916666666414],[37.26458333333241,26.97708333333312],[37.26458333333241,26.993749999999757],[37.268749999999045,26.99791666666645],[37.26458333333241,27.00208333333311],[37.26458333333241,27.014583333333086],[37.26041666666575,27.01874999999979]]}},{"type":"Feature","properties":{"HYRIV_ID":20835060,"NEXT_DOWN":20835115,"MAIN_RIV":20848032,"LENGTH_KM":1.45,"CATCH_SKM":12.44,"DIS_AV_CMS":0.006,"ORD_STRA":1,"ORD_FLOW":9},"geometry":{"type":"LineString","coordinates":[[37.316666666665725,26.964583333333103],[37.33124999999902,26.964583333333103]]}},{"type":"Feature","properties":{"HYRIV_ID":20835061,"NEXT_DOWN":20835115,"MAIN_RIV":20848032,"LENGTH_KM":2.01,"CATCH_SKM":4.4,"DIS_AV_CMS":1.521,"ORD_STRA":5,"ORD_FLOW":6},"geometry":{"type":"LineString","coordinates":[[37.327083333332354,26.981249999999783],[37.327083333332354,26.96874999999975],[37.33124999999902,26.964583333333103]]}},{"type":"Feature","properties":{"HYRIV_ID":20835114,"NEXT_DOWN":20836041,"MAIN_RIV":20838781,"LENGTH_KM":8.2700005,"CATCH_SKM":52.41,"DIS_AV_CMS":0.011,"ORD_STRA":1,"ORD_FLOW":8},"geometry":{"type":"LineString","coordinates":[[36.71249999999907,26.995833333333117],[36.70624999999907,26.989583333333137],[36.70208333333241,26.993749999999757],[36.69791666666566,26.993749999999757],[36.68124999999904,26.97708333333312],[36.68124999999904,26.972916666666414],[36.66874999999905,26.972916666666414],[36.664583333332416,26.96874999999975],[36.664583333332416,26.964583333333103],[36.66041666666567,26.96041666666644],[36.656249999999005,26.96041666666644]]}},{"type":"Feature","properties":{"HYRIV_ID":20835115,"NEXT_DOWN":20835697,"MAIN_RIV":20848032,"LENGTH_KM":1.03,"CATCH_SKM":1.15,"DIS_AV_CMS":1.534,"ORD_STRA":5,"ORD_FLOW":6},"geometry":{"type":"LineString","coordinates":[[37.33124999999902,26.964583333333103],[37.33541666666568,26.964583333333103],[37.33958333333234,26.96041666666644]]}},{"type":"Feature","properties":{"HYRIV_ID":20835116,"NEXT_DOWN":20835697,"MAIN_RIV":20848032,"LENGTH_KM":5.4200001,"CATCH_SKM":10.71,"DIS_AV_CMS":0.051,"ORD_STRA":2,"ORD_FLOW":8},"geometry":{"type":"LineString","coordinates":[[37.38541666666566,26.972916666666414],[37.34791666666564,26.972916666666414],[37.33958333333234,26.964583333333103],[37.33958333333234,26.96041666666644]]}},{"type":"Feature","properties":{"HYRIV_ID":20835158,"NEXT_DOWN":20835651,"MAIN_RIV":20848032,"LENGTH_KM":2.27,"CATCH_SKM":14.73,"DIS_AV_CMS":0.001,"ORD_STRA":1,"ORD_FLOW":9},"geometry":{"type":"LineString","coordinates":[[37.88333333333236,26.964583333333103],[37.889583333332354,26.964583333333103],[37.89791666666565,26.956249999999777],[37.9020833333324,26.956249999999777]]}},{"type":"Feature","properties":{"HYRIV_ID":20835159,"NEXT_DOWN":20835651,"MAIN_RIV":20848032,"LENGTH_KM":5.2600002,"CATCH_SKM":33.279999,"DIS_AV_CMS":0.019,"ORD_STRA":2,"ORD_FLOW":8},"geometry":{"type":"LineString","coordinates":[[37.922916666665685,26.989583333333137],[37.91874999999902,26.98541666666643],[37.90624999999906,26.98541666666643],[37.90624999999906,26.96874999999975],[37.9020833333324,26.964583333333103],[37.9020833333324,26.956249999999777]]}},{"type":"Feature","properties":{"HYRIV_ID":20835160,"NEXT_DOWN":20835651,"MAIN_RIV":20848032,"LENGTH_KM":8.6800003,"CATCH_SKM":37.3,"DIS_AV_CMS":0.014,"ORD_STRA":1,"ORD_FLOW":8},"geometry":{"type":"LineString","coordinates":[[37.974999999999,26.97708333333312],[37.96458333333237,26.97708333333312],[37.96041666666571,26.981249999999783],[37.943749999999,26.964583333333103],[37.935416666665674,26.964583333333103],[37.93124999999901,26.96041666666644],[37.91458333333239,26.96041666666644],[37.910416666665725,26.956249999999777],[37.9020833333324,26.956249999999777]]}},{"type":"Feature","properties":{"HYRIV_ID":20835261,"NEXT_DOWN":20835805,"MAIN_RIV":20835805,"LENGTH_KM":2.32,"CATCH_SKM":16.07,"DIS_AV_CMS":0.002,"ORD_STRA":1,"ORD_FLOW":9},"geometry":{"type":"LineString","coordinates":[[36.05833333333243,26.966666666666434],[36.06458333333242,26.96041666666644],[36.06458333333242,26.947916666666423]]}},{"type":"Feature","properties":{"HYRIV_ID":20835262,"NEXT_DOWN":20835899,"MAIN_RIV":20838781,"LENGTH_KM":17.8,"CATCH_SKM":58.32,"DIS_AV_CMS":0.064,"ORD_STRA":3,"ORD_FLOW":8},"geometry":{"type":"LineString","coordinates":[[36.585416666665736,27.077083333333086],[36.58124999999907,27.077083333333086],[36.58124999999907,27.072916666666423],[36.57291666666575,27.06458333333311],[36.57291666666575,27.0562499999998],[36.568749999999,27.052083333333094],[36.56458333333234,27.052083333333094],[36.56458333333234,27.043749999999783],[36.5604166666657,27.03958333333312],[36.55624999999904,27.03958333333312],[36.55624999999904,27.035416666666414],[36.55208333333238,27.031249999999766],[36.55624999999904,27.027083333333103],[36.54374999999905,27.014583333333086],[36.54374999999905,27.006249999999774],[36.53958333333239,27.00208333333311],[36.53958333333239,26.993749999999757],[36.53541666666575,26.989583333333137],[36.53541666666575,26.981249999999783],[36.53124999999909,26.97708333333312],[36.53124999999909,26.96874999999975],[36.52708333333234,26.964583333333103],[36.52708333333234,26.956249999999777],[36.53124999999909,26.952083333333128],[36.53124999999909,26.947916666666423]]}},{"type":"Feature","properties":{"HYRIV_ID":20835263,"NEXT_DOWN":20835899,"MAIN_RIV":20838781,"LENGTH_KM":12.81,"CATCH_SKM":45.509998,"DIS_AV_CMS":0.009,"ORD_STRA":1,"ORD_FLOW":9},"geometry":{"type":"LineString","coordinates":[[36.58749999999907,27.037499999999746],[36.593749999999034,27.031249999999766],[36.593749999999034,27.027083333333103],[36.57708333333241,27.010416666666423],[36.57708333333241,27.006249999999774],[36.568749999999,26.99791666666645],[36.568749999999,26.993749999999757],[36.55624999999904,26.981249999999783],[36.55208333333238,26.981249999999783],[36.547916666665714,26.97708333333312],[36.547916666665714,26.972916666666414],[36.54374999999905,26.96874999999975],[36.54374999999905,26.964583333333103],[36.53958333333239,26.96041666666644],[36.53958333333239,26.956249999999777],[36.53124999999909,26.947916666666423]]}},{"type":"Feature","properties":{"HYRIV_ID":20835264,"NEXT_DOWN":20835854,"MAIN_RIV":20838781,"LENGTH_KM":18.8,"CATCH_SKM":85.290001,"DIS_AV_CMS":0.018,"ORD_STRA":1,"ORD_FLOW":8},"geometry":{"type":"LineString","coordinates":[[36.67916666666571,27.049999999999763],[36.656249999999005,27.027083333333103],[36.656249999999005,27.02291666666644],[36.64791666666568,27.014583333333086],[36.63958333333238,27.014583333333086],[36.631249999999056,27.006249999999774],[36.62708333333239,27.006249999999774],[36.61458333333235,26.993749999999757],[36.60208333333236,26.993749999999757],[36.593749999999034,26.98541666666643],[36.585416666665736,26.98541666666643],[36.58124999999907,26.981249999999783],[36.57708333333241,26.98541666666643],[36.568749999999,26.97708333333312],[36.568749999999,26.964583333333103],[36.57291666666575,26.96041666666644],[36.57291666666575,26.952083333333128],[36.57708333333241,26.947916666666423]]}},{"type":"Feature","properties":{"HYRIV_ID":20835265,"NEXT_DOWN":20835854,"MAIN_RIV":20838781,"LENGTH_KM":1.39,"CATCH_SKM":11.48,"DIS_AV_CMS":0.002,"ORD_STRA":1,"ORD_FLOW":9},"geometry":{"type":"LineString","coordinates":[[36.583333333332405,26.95833333333311],[36.57708333333241,26.952083333333128],[36.57708333333241,26.947916666666423]]}},{"type":"Feature","properties":{"HYRIV_ID":20835313,"NEXT_DOWN":20836041,"MAIN_RIV":20838781,"LENGTH_KM":2.6400001,"CATCH_SKM":15.31,"DIS_AV_CMS":0.003,"ORD_STRA":1,"ORD_FLOW":9},"geometry":{"type":"LineString","coordinates":[[36.67083333333238,26.941666666666443],[36.664583333332416,26.947916666666423],[36.664583333332416,26.952083333333128],[36.656249999999005,26.96041666666644]]}},{"type":"Feature","properties":{"HYRIV_ID":20835314,"NEXT_DOWN":20835647,"MAIN_RIV":20838781,"LENGTH_KM":6.1500001,"CATCH_SKM":28.5,"DIS_AV_CMS":0.011,"ORD_STRA":1,"ORD_FLOW":8},"geometry":{"type":"LineString","coordinates":[[37.00416666666575,26.9833333333331],[36.997916666665674,26.97708333333312],[36.997916666665674,26.972916666666414],[36.99374999999901,26.972916666666414],[36.98124999999902,26.96041666666644],[36.98958333333235,26.952083333333128],[36.98124999999902,26.94374999999976]]}},{"type":"Feature","properties":{"HYRIV_ID":20835315,"NEXT_DOWN":20835470,"MAIN_RIV":20848032,"LENGTH_KM":4.1900001,"CATCH_SKM":5.9299998,"DIS_AV_CMS":0.006,"ORD_STRA":2,"ORD_FLOW":9},"geometry":{"type":"LineString","coordinates":[[37.7770833333324,26.972916666666414],[37.78124999999906,26.96874999999975],[37.78124999999906,26.964583333333103],[37.80208333333235,26.94374999999976]]}},{"type":"Feature","properties":{"HYRIV_ID":20835316,"NEXT_DOWN":20835470,"MAIN_RIV":20848032,"LENGTH_KM":6.77,"CATCH_SKM":28.120001,"DIS_AV_CMS":0.105,"ORD_STRA":3,"ORD_FLOW":7},"geometry":{"type":"LineString","coordinates":[[37.831249999999045,26.989583333333137],[37.83541666666571,26.98541666666643],[37.83541666666571,26.981249999999783],[37.82291666666572,26.96874999999975],[37.81874999999897,26.96874999999975],[37.81874999999897,26.96041666666644],[37.80208333333235,26.94374999999976]]}},{"type":"Feature","properties":{"HYRIV_ID":20835365,"NEXT_DOWN":20834887,"MAIN_RIV":20834582,"LENGTH_KM":4.4,"CATCH_SKM":22.58,"DIS_AV_CMS":0.003,"ORD_STRA":1,"ORD_FLOW":9},"geometry":{"type":"LineString","coordinates":[[36.15624999999906,26.93749999999978],[36.15624999999906,26.97708333333312]]}},{"type":"Feature","properties":{"HYRIV_ID":20835366,"NEXT_DOWN":20836335,"MAIN_RIV":20838781,"LENGTH_KM":13.48,"CATCH_SKM":47.240002,"DIS_AV_CMS":0.033,"ORD_STRA":2,"ORD_FLOW":8},"geometry":{"type":"LineString","coordinates":[[36.7229166666657,27.03958333333312],[36.73958333333235,27.02291666666644],[36.73958333333235,27.014583333333086],[36.756249999999056,26.99791666666645],[36.756249999999056,26.993749999999757],[36.76458333333238,26.98541666666643],[36.76458333333238,26.981249999999783],[36.76041666666572,26.97708333333312],[36.76041666666572,26.964583333333103],[36.756249999999056,26.96041666666644],[36.756249999999056,26.956249999999777],[36.76458333333238,26.947916666666423],[36.76458333333238,26.94374999999976],[36.768749999999045,26.93958333333311]]}},{"type":"Feature","properties":{"HYRIV_ID":20835367,"NEXT_DOWN":20836335,"MAIN_RIV":20838781,"LENGTH_KM":0.62,"CATCH_SKM":11.1,"DIS_AV_CMS":0.003,"ORD_STRA":1,"ORD_FLOW":9},"geometry":{"type":"LineString","coordinates":[[36.77499999999901,26.93958333333311],[36.768749999999045,26.93958333333311]]}},{"type":"Feature","properties":{"HYRIV_ID":20835368,"NEXT_DOWN":20835647,"MAIN_RIV":20838781,"LENGTH_KM":1.65,"CATCH_SKM":20.09,"DIS_AV_CMS":0.008,"ORD_STRA":1,"ORD_FLOW":9},"geometry":{"type":"LineString","coordinates":[[36.99583333333234,26.93958333333311],[36.985416666665685,26.93958333333311],[36.98124999999902,26.94374999999976]]}},{"type":"Feature","properties":{"HYRIV_ID":20835422,"NEXT_DOWN":20835994,"MAIN_RIV":20848032,"LENGTH_KM":10.74,"CATCH_SKM":40.380001,"DIS_AV_CMS":1.41,"ORD_STRA":5,"ORD_FLOW":6},"geometry":{"type":"LineString","coordinates":[[38.060416666665674,26.93541666666645],[38.047916666665714,26.93541666666645],[38.04374999999905,26.93958333333311],[38.027083333332314,26.93958333333311],[38.02291666666568,26.93541666666645],[37.981249999998994,26.93541666666645],[37.97708333333233,26.93958333333311],[37.96458333333237,26.93958333333311],[37.96041666666571,26.93541666666645]]}},{"type":"Feature","properties":{"HYRIV_ID":20835469,"NEXT_DOWN":20835806,"MAIN_RIV":20838781,"LENGTH_KM":3.72,"CATCH_SKM":46.119999,"DIS_AV_CMS":0.006,"ORD_STRA":1,"ORD_FLOW":9},"geometry":{"type":"LineString","coordinates":[[36.204166666665714,26.94374999999976],[36.218749999999034,26.94374999999976],[36.22708333333233,26.93541666666645],[36.23124999999908,26.93541666666645],[36.23541666666574,26.931249999999785]]}},{"type":"Feature","properties":{"HYRIV_ID":20835470,"NEXT_DOWN":20835701,"MAIN_RIV":20848032,"LENGTH_KM":1.55,"CATCH_SKM":2.6800001,"DIS_AV_CMS":0.111,"ORD_STRA":3,"ORD_FLOW":7},"geometry":{"type":"LineString","coordinates":[[37.80208333333235,26.94374999999976],[37.80208333333235,26.93541666666645],[37.80624999999901,26.931249999999785]]}},{"type":"Feature","properties":{"HYRIV_ID":20835471,"NEXT_DOWN":20835994,"MAIN_RIV":20848032,"LENGTH_KM":2.07,"CATCH_SKM":19.91,"DIS_AV_CMS":0.007,"ORD_STRA":1,"ORD_FLOW":9},"geometry":{"type":"LineString","coordinates":[[37.94166666666567,26.931249999999785],[37.947916666665634,26.931249999999785],[37.95208333333238,26.93541666666645],[37.96041666666571,26.93541666666645]]}},{"type":"Feature","properties":{"HYRIV_ID":20835534,"NEXT_DOWN":20836278,"MAIN_RIV":20838781,"LENGTH_KM":5.1100001,"CATCH_SKM":11.29,"DIS_AV_CMS":0.043,"ORD_STRA":2,"ORD_FLOW":8},"geometry":{"type":"LineString","coordinates":[[36.814583333332365,26.964583333333103],[36.8104166666657,26.96041666666644],[36.81874999999903,26.952083333333128],[36.81874999999903,26.94374999999976],[36.827083333332325,26.93541666666645],[36.827083333332325,26.931249999999785],[36.82291666666569,26.927083333333137]]}},{"type":"Feature","properties":{"HYRIV_ID":20835535,"NEXT_DOWN":20835992,"MAIN_RIV":20838781,"LENGTH_KM":4.4899998,"CATCH_SKM":19.129999,"DIS_AV_CMS":0.029,"ORD_STRA":2,"ORD_FLOW":8},"geometry":{"type":"LineString","coordinates":[[37.08541666666565,26.964583333333103],[37.08541666666565,26.94374999999976],[37.08124999999902,26.93958333333311],[37.08124999999902,26.931249999999785],[37.08541666666565,26.927083333333137]]}},{"type":"Feature","properties":{"HYRIV_ID":20835536,"NEXT_DOWN":20835992,"MAIN_RIV":20838781,"LENGTH_KM":3.72,"CATCH_SKM":20.09,"DIS_AV_CMS":0.009,"ORD_STRA":1,"ORD_FLOW":9},"geometry":{"type":"LineString","coordinates":[[37.12083333333234,26.931249999999785],[37.10624999999905,26.931249999999785],[37.10208333333239,26.927083333333137],[37.08541666666565,26.927083333333137]]}},{"type":"Feature","properties":{"HYRIV_ID":20835537,"NEXT_DOWN":20835701,"MAIN_RIV":20848032,"LENGTH_KM":16.33,"CATCH_SKM":70.800003,"DIS_AV_CMS":0.005,"ORD_STRA":1,"ORD_FLOW":9},"geometry":{"type":"LineString","coordinates":[[37.66666666666569,26.964583333333103],[37.67708333333235,26.964583333333103],[37.68124999999901,26.96874999999975],[37.68958333333231,26.96874999999975],[37.693749999999056,26.964583333333103],[37.71458333333234,26.964583333333103],[37.718749999999005,26.96041666666644],[37.72291666666575,26.96041666666644],[37.72708333333233,26.956249999999777],[37.731249999998994,26.956249999999777],[37.73541666666566,26.952083333333128],[37.752083333332365,26.952083333333128],[37.764583333332325,26.93958333333311],[37.77291666666565,26.93958333333311],[37.7770833333324,26.93541666666645],[37.785416666665725,26.93541666666645],[37.79374999999902,26.927083333333137],[37.80208333333235,26.927083333333137],[37.80624999999901,26.931249999999785]]}},{"type":"Feature","properties":{"HYRIV_ID":20835593,"NEXT_DOWN":20835805,"MAIN_RIV":20835805,"LENGTH_KM":5.4299998,"CATCH_SKM":32.349998,"DIS_AV_CMS":0.004,"ORD_STRA":1,"ORD_FLOW":9},"geometry":{"type":"LineString","coordinates":[[36.10416666666575,26.92291666666643],[36.08958333333237,26.92291666666643],[36.081249999999045,26.931249999999785],[36.081249999999045,26.93541666666645],[36.068749999999056,26.947916666666423],[36.06458333333242,26.947916666666423]]}},{"type":"Feature","properties":{"HYRIV_ID":20835594,"NEXT_DOWN":20836278,"MAIN_RIV":20838781,"LENGTH_KM":3.05,"CATCH_SKM":21.24,"DIS_AV_CMS":0.006,"ORD_STRA":1,"ORD_FLOW":9},"geometry":{"type":"LineString","coordinates":[[36.84166666666573,26.93749999999978],[36.835416666665736,26.931249999999785],[36.835416666665736,26.927083333333137],[36.83124999999907,26.92291666666643],[36.827083333332325,26.927083333333137],[36.82291666666569,26.927083333333137]]}},{"type":"Feature","properties":{"HYRIV_ID":20835595,"NEXT_DOWN":20836709,"MAIN_RIV":20838781,"LENGTH_KM":6.89,"CATCH_SKM":23.719999,"DIS_AV_CMS":0.007,"ORD_STRA":1,"ORD_FLOW":9},"geometry":{"type":"LineString","coordinates":[[36.872916666665674,26.974999999999746],[36.872916666665674,26.96874999999975],[36.87708333333231,26.964583333333103],[36.87708333333231,26.96041666666644],[36.88541666666572,26.952083333333128],[36.88541666666572,26.947916666666423],[36.88958333333238,26.94374999999976],[36.88958333333238,26.93958333333311],[36.88541666666572,26.93541666666645],[36.88541666666572,26.931249999999785],[36.88124999999897,26.927083333333137],[36.88541666666572,26.92291666666643]]}},{"type":"Feature","properties":{"HYRIV_ID":20835596,"NEXT_DOWN":20836709,"MAIN_RIV":20838781,"LENGTH_KM":3.72,"CATCH_SKM":20.860001,"DIS_AV_CMS":0.006,"ORD_STRA":1,"ORD_FLOW":9},"geometry":{"type":"LineString","coordinates":[[36.904166666665674,26.949999999999754],[36.89791666666571,26.94374999999976],[36.89791666666571,26.93541666666645],[36.88541666666572,26.92291666666643]]}},{"type":"Feature","properties":{"HYRIV_ID":20835645,"NEXT_DOWN":20835808,"MAIN_RIV":20838781,"LENGTH_KM":0.93,"CATCH_SKM":11.67,"DIS_AV_CMS":0.002,"ORD_STRA":1,"ORD_FLOW":9},"geometry":{"type":"LineString","coordinates":[[36.29583333333238,26.924999999999763],[36.30208333333235,26.91874999999977]]}},{"type":"Feature","properties":{"HYRIV_ID":20835646,"NEXT_DOWN":20835808,"MAIN_RIV":20838781,"LENGTH_KM":4.7199998,"CATCH_SKM":18.940001,"DIS_AV_CMS":0.003,"ORD_STRA":1,"ORD_FLOW":9},"geometry":{"type":"LineString","coordinates":[[36.30208333333235,26.95833333333311],[36.30208333333235,26.947916666666423],[36.30624999999901,26.94374999999976],[36.30624999999901,26.927083333333137],[36.30208333333235,26.92291666666643],[36.30208333333235,26.91874999999977]]}},{"type":"Feature","properties":{"HYRIV_ID":20835647,"NEXT_DOWN":20835811,"MAIN_RIV":20838781,"LENGTH_KM":3.4100001,"CATCH_SKM":9.3800001,"DIS_AV_CMS":0.021,"ORD_STRA":2,"ORD_FLOW":8},"geometry":{"type":"LineString","coordinates":[[36.98124999999902,26.94374999999976],[36.972916666665725,26.93541666666645],[36.972916666665725,26.931249999999785],[36.9645833333324,26.92291666666643],[36.9645833333324,26.91874999999977]]}},{"type":"Feature","properties":{"HYRIV_ID":20835648,"NEXT_DOWN":20835698,"MAIN_RIV":20848032,"LENGTH_KM":11.89,"CATCH_SKM":51.09,"DIS_AV_CMS":0.025,"ORD_STRA":1,"ORD_FLOW":8},"geometry":{"type":"LineString","coordinates":[[37.48333333333238,26.970833333333083],[37.45624999999902,26.94374999999976],[37.44791666666572,26.94374999999976],[37.43958333333239,26.93541666666645],[37.43124999999907,26.93541666666645],[37.42708333333232,26.931249999999785],[37.40208333333237,26.931249999999785],[37.389583333332325,26.91874999999977]]}},{"type":"Feature","properties":{"HYRIV_ID":20835649,"NEXT_DOWN":20835650,"MAIN_RIV":20848032,"LENGTH_KM":6.4099998,"CATCH_SKM":31.0,"DIS_AV_CMS":0.004,"ORD_STRA":1,"ORD_FLOW":9},"geometry":{"type":"LineString","coordinates":[[37.61666666666571,26.927083333333137],[37.627083333332365,26.927083333333137],[37.63124999999903,26.931249999999785],[37.63541666666566,26.931249999999785],[37.639583333332325,26.927083333333137],[37.66458333333236,26.927083333333137],[37.672916666665685,26.91874999999977]]}},{"type":"Feature","properties":{"HYRIV_ID":20835650,"NEXT_DOWN":20835700,"MAIN_RIV":20848032,"LENGTH_KM":5.1700001,"CATCH_SKM":10.91,"DIS_AV_CMS":0.007,"ORD_STRA":2,"ORD_FLOW":9},"geometry":{"type":"LineString","coordinates":[[37.672916666665685,26.91874999999977],[37.67708333333235,26.91874999999977],[37.68124999999901,26.92291666666643],[37.68958333333231,26.92291666666643],[37.693749999999056,26.927083333333137],[37.71458333333234,26.927083333333137],[37.718749999999005,26.92291666666643]]}},{"type":"Feature","properties":{"HYRIV_ID":20835651,"NEXT_DOWN":20836043,"MAIN_RIV":20848032,"LENGTH_KM":9.8100004,"CATCH_SKM":27.559999,"DIS_AV_CMS":0.037,"ORD_STRA":2,"ORD_FLOW":8},"geometry":{"type":"LineString","coordinates":[[37.9020833333324,26.956249999999777],[37.9020833333324,26.947916666666423],[37.89791666666565,26.94374999999976],[37.89374999999899,26.94374999999976],[37.88541666666569,26.93541666666645],[37.86874999999904,26.93541666666645],[37.864583333332405,26.931249999999785],[37.83958333333237,26.931249999999785],[37.83541666666571,26.927083333333137],[37.843749999999005,26.91874999999977]]}},{"type":"Feature","properties":{"HYRIV_ID":20835695,"NEXT_DOWN":20835806,"MAIN_RIV":20838781,"LENGTH_KM":3.62,"CATCH_SKM":15.12,"DIS_AV_CMS":0.002,"ORD_STRA":1,"ORD_FLOW":9},"geometry":{"type":"LineString","coordinates":[[36.20833333333238,26.91249999999979],[36.21458333333237,26.91874999999977],[36.218749999999034,26.91874999999977],[36.2229166666657,26.92291666666643],[36.22708333333233,26.92291666666643],[36.23541666666574,26.931249999999785]]}},{"type":"Feature","properties":{"HYRIV_ID":20835696,"NEXT_DOWN":20835811,"MAIN_RIV":20838781,"LENGTH_KM":1.24,"CATCH_SKM":12.63,"DIS_AV_CMS":0.004,"ORD_STRA":1,"ORD_FLOW":9},"geometry":{"type":"LineString","coordinates":[[36.974999999999056,26.91458333333312],[36.96874999999906,26.91458333333312],[36.9645833333324,26.91874999999977]]}},{"type":"Feature","properties":{"HYRIV_ID":20835697,"NEXT_DOWN":20836439,"MAIN_RIV":20848032,"LENGTH_KM":7.54,"CATCH_SKM":33.490002,"DIS_AV_CMS":1.649,"ORD_STRA":5,"ORD_FLOW":6},"geometry":{"type":"LineString","coordinates":[[37.33958333333234,26.96041666666644],[37.343749999999005,26.956249999999777],[37.343749999999005,26.947916666666423],[37.34791666666564,26.94374999999976],[37.34791666666564,26.93958333333311],[37.343749999999005,26.93541666666645],[37.34791666666564,26.931249999999785],[37.35208333333239,26.931249999999785],[37.35624999999905,26.93541666666645],[37.360416666665714,26.931249999999785],[37.360416666665714,26.91874999999977],[37.36458333333238,26.91458333333312]]}},{"type":"Feature","properties":{"HYRIV_ID":20835698,"NEXT_DOWN":20836439,"MAIN_RIV":20848032,"LENGTH_KM":3.77,"CATCH_SKM":6.3200002,"DIS_AV_CMS":0.06,"ORD_STRA":2,"ORD_FLOW":8},"geometry":{"type":"LineString","coordinates":[[37.389583333332325,26.91874999999977],[37.381249999999,26.91874999999977],[37.372916666665674,26.927083333333137],[37.36458333333238,26.91874999999977],[37.36458333333238,26.91458333333312]]}},{"type":"Feature","properties":{"HYRIV_ID":20835699,"NEXT_DOWN":20835700,"MAIN_RIV":20848032,"LENGTH_KM":1.97,"CATCH_SKM":14.36,"DIS_AV_CMS":0.001,"ORD_STRA":1,"ORD_FLOW":9},"geometry":{"type":"LineString","coordinates":[[37.704166666665714,26.91249999999979],[37.71041666666568,26.91874999999977],[37.71458333333234,26.91874999999977],[37.718749999999005,26.92291666666643]]}},{"type":"Feature","properties":{"HYRIV_ID":20835700,"NEXT_DOWN":20835813,"MAIN_RIV":20848032,"LENGTH_KM":2.48,"CATCH_SKM":4.02,"DIS_AV_CMS":0.009,"ORD_STRA":2,"ORD_FLOW":9},"geometry":{"type":"LineString","coordinates":[[37.718749999999005,26.92291666666643],[37.72291666666575,26.91874999999977],[37.73541666666566,26.91874999999977],[37.73958333333229,26.91458333333312]]}},{"type":"Feature","properties":{"HYRIV_ID":20835701,"NEXT_DOWN":20835702,"MAIN_RIV":20848032,"LENGTH_KM":2.33,"CATCH_SKM":3.25,"DIS_AV_CMS":0.117,"ORD_STRA":3,"ORD_FLOW":7},"geometry":{"type":"LineString","coordinates":[[37.80624999999901,26.931249999999785],[37.810416666665674,26.927083333333137],[37.810416666665674,26.92291666666643],[37.81874999999897,26.91458333333312]]}},{"type":"Feature","properties":{"HYRIV_ID":20835702,"NEXT_DOWN":20836043,"MAIN_RIV":20848032,"LENGTH_KM":2.6900001,"CATCH_SKM":7.85,"DIS_AV_CMS":0.132,"ORD_STRA":3,"ORD_FLOW":7},"geometry":{"type":"LineString","coordinates":[[37.81874999999897,26.91458333333312],[37.82291666666572,26.91874999999977],[37.843749999999005,26.91874999999977]]}},{"type":"Feature","properties":{"HYRIV_ID":20835805,"NEXT_DOWN":0,"MAIN_RIV":20835805,"LENGTH_KM":6.56,"CATCH_SKM":15.12,"DIS_AV_CMS":0.007,"ORD_STRA":2,"ORD_FLOW":9},"geometry":{"type":"LineString","coordinates":[[36.06458333333242,26.947916666666423],[36.047916666665685,26.931249999999785],[36.04374999999902,26.931249999999785],[36.035416666665725,26.92291666666643],[36.03124999999906,26.92291666666643],[36.0270833333324,26.91874999999977],[36.0270833333324,26.90624999999975]]}},{"type":"Feature","properties":{"HYRIV_ID":20835806,"NEXT_DOWN":20835853,"MAIN_RIV":20838781,"LENGTH_KM":4.2399998,"CATCH_SKM":19.139999,"DIS_AV_CMS":0.01,"ORD_STRA":2,"ORD_FLOW":8},"geometry":{"type":"LineString","coordinates":[[36.23541666666574,26.931249999999785],[36.24374999999907,26.92291666666643],[36.24791666666573,26.92291666666643],[36.252083333332365,26.91874999999977],[36.252083333332365,26.910416666666414],[36.25624999999903,26.90624999999975],[36.26041666666569,26.90624999999975]]}},{"type":"Feature","properties":{"HYRIV_ID":20835807,"NEXT_DOWN":20835853,"MAIN_RIV":20838781,"LENGTH_KM":14.45,"CATCH_SKM":49.349998,"DIS_AV_CMS":0.006,"ORD_STRA":1,"ORD_FLOW":9},"geometry":{"type":"LineString","coordinates":[[36.28333333333239,27.012499999999754],[36.27291666666568,27.00208333333311],[36.26874999999902,27.00208333333311],[36.264583333332354,26.99791666666645],[36.26041666666569,26.99791666666645],[36.252083333332365,26.989583333333137],[36.252083333332365,26.981249999999783],[36.25624999999903,26.97708333333312],[36.25624999999903,26.972916666666414],[36.26041666666569,26.96874999999975],[36.26041666666569,26.947916666666423],[36.264583333332354,26.94374999999976],[36.264583333332354,26.93958333333311],[36.26041666666569,26.93541666666645],[36.26041666666569,26.91874999999977],[36.264583333332354,26.91458333333312],[36.26041666666569,26.910416666666414],[36.26041666666569,26.90624999999975]]}},{"type":"Feature","properties":{"HYRIV_ID":20835808,"NEXT_DOWN":20836088,"MAIN_RIV":20838781,"LENGTH_KM":1.55,"CATCH_SKM":3.25,"DIS_AV_CMS":0.005,"ORD_STRA":2,"ORD_FLOW":9},"geometry":{"type":"LineString","coordinates":[[36.30208333333235,26.91874999999977],[36.30208333333235,26.91458333333312],[36.30624999999901,26.910416666666414],[36.30624999999901,26.90624999999975]]}},{"type":"Feature","properties":{"HYRIV_ID":20835809,"NEXT_DOWN":20836088,"MAIN_RIV":20838781,"LENGTH_KM":5.14,"CATCH_SKM":28.889999,"DIS_AV_CMS":0.004,"ORD_STRA":1,"ORD_FLOW":9},"geometry":{"type":"LineString","coordinates":[[36.32291666666575,26.941666666666443],[36.32291666666575,26.931249999999785],[36.32708333333241,26.927083333333137],[36.32708333333241,26.92291666666643],[36.32291666666575,26.92291666666643],[36.30624999999901,26.90624999999975]]}},{"type":"Feature","properties":{"HYRIV_ID":20835810,"NEXT_DOWN":20836092,"MAIN_RIV":20838781,"LENGTH_KM":13.4,"CATCH_SKM":49.540001,"DIS_AV_CMS":0.016,"ORD_STRA":1,"ORD_FLOW":8},"geometry":{"type":"LineString","coordinates":[[36.985416666665685,27.00833333333309],[36.985416666665685,26.99791666666645],[36.97708333333239,26.989583333333137],[36.97708333333239,26.98541666666643],[36.972916666665725,26.981249999999783],[36.972916666665725,26.97708333333312],[36.9645833333324,26.96874999999975],[36.9645833333324,26.964583333333103],[36.952083333332354,26.952083333333128],[36.952083333332354,26.947916666666423],[36.94374999999903,26.93958333333311],[36.94374999999903,26.927083333333137],[36.94791666666569,26.92291666666643],[36.94374999999903,26.91874999999977],[36.94374999999903,26.910416666666414],[36.94791666666569,26.90624999999975]]}},{"type":"Feature","properties":{"HYRIV_ID":20835811,"NEXT_DOWN":20836092,"MAIN_RIV":20838781,"LENGTH_KM":2.27,"CATCH_SKM":3.83,"DIS_AV_CMS":0.026,"ORD_STRA":2,"ORD_FLOW":8},"geometry":{"type":"LineString","coordinates":[[36.9645833333324,26.91874999999977],[36.95624999999899,26.910416666666414],[36.952083333332354,26.910416666666414],[36.94791666666569,26.90624999999975]]}},{"type":"Feature","properties":{"HYRIV_ID":20835812,"NEXT_DOWN":20835698,"MAIN_RIV":20848032,"LENGTH_KM":21.91,"CATCH_SKM":76.360001,"DIS_AV_CMS":0.031,"ORD_STRA":1,"ORD_FLOW":8},"geometry":{"type":"LineString","coordinates":[[37.55416666666565,26.97708333333312],[37.547916666665685,26.97708333333312],[37.54374999999902,26.972916666666414],[37.54374999999902,26.96874999999975],[37.53958333333236,26.964583333333103],[37.5354166666657,26.964583333333103],[37.52708333333237,26.956249999999777],[37.522916666665736,26.956249999999777],[37.51874999999899,26.952083333333128],[37.51874999999899,26.947916666666423],[37.51458333333241,26.94374999999976],[37.51041666666566,26.94374999999976],[37.506249999999,26.93958333333311],[37.506249999999,26.931249999999785],[37.4979166666657,26.92291666666643],[37.47291666666567,26.92291666666643],[37.46458333333234,26.91458333333312],[37.45624999999902,26.91458333333312],[37.452083333332354,26.910416666666414],[37.43958333333239,26.910416666666414],[37.43541666666573,26.90624999999975],[37.42708333333232,26.90624999999975],[37.422916666665685,26.910416666666414],[37.41874999999902,26.90624999999975],[37.4104166666657,26.90624999999975],[37.406249999999034,26.910416666666414],[37.40208333333237,26.910416666666414],[37.39791666666571,26.91458333333312],[37.39374999999907,26.91458333333312],[37.389583333332325,26.91874999999977]]}},{"type":"Feature","properties":{"HYRIV_ID":20835813,"NEXT_DOWN":20835856,"MAIN_RIV":20848032,"LENGTH_KM":2.48,"CATCH_SKM":5.7399998,"DIS_AV_CMS":0.013,"ORD_STRA":2,"ORD_FLOW":8},"geometry":{"type":"LineString","coordinates":[[37.73958333333229,26.91458333333312],[37.752083333332365,26.91458333333312],[37.76041666666569,26.90624999999975]]}},{"type":"Feature","properties":{"HYRIV_ID":20835853,"NEXT_DOWN":20836087,"MAIN_RIV":20838781,"LENGTH_KM":0.62,"CATCH_SKM":0.77,"DIS_AV_CMS":0.017,"ORD_STRA":2,"ORD_FLOW":8},"geometry":{"type":"LineString","coordinates":[[36.26041666666569,26.90624999999975],[36.264583333332354,26.902083333333103]]}},{"type":"Feature","properties":{"HYRIV_ID":20835854,"NEXT_DOWN":20835900,"MAIN_RIV":20838781,"LENGTH_KM":6.71,"CATCH_SKM":29.67,"DIS_AV_CMS":0.024,"ORD_STRA":2,"ORD_FLOW":8},"geometry":{"type":"LineString","coordinates":[[36.57708333333241,26.947916666666423],[36.57708333333241,26.92291666666643],[36.568749999999,26.91458333333312],[36.56458333333234,26.91458333333312],[36.55624999999904,26.90624999999975],[36.55208333333238,26.90624999999975],[36.547916666665714,26.902083333333103]]}},{"type":"Feature","properties":{"HYRIV_ID":20835855,"NEXT_DOWN":20835650,"MAIN_RIV":20848032,"LENGTH_KM":4.0300002,"CATCH_SKM":20.1,"DIS_AV_CMS":0.003,"ORD_STRA":1,"ORD_FLOW":9},"geometry":{"type":"LineString","coordinates":[[37.64166666666574,26.89999999999977],[37.65624999999906,26.91458333333312],[37.66874999999902,26.91458333333312],[37.672916666665685,26.91874999999977]]}},{"type":"Feature","properties":{"HYRIV_ID":20835856,"NEXT_DOWN":20835702,"MAIN_RIV":20848032,"LENGTH_KM":6.62,"CATCH_SKM":15.51,"DIS_AV_CMS":0.015,"ORD_STRA":2,"ORD_FLOW":8},"geometry":{"type":"LineString","coordinates":[[37.76041666666569,26.90624999999975],[37.764583333332325,26.90624999999975],[37.76874999999899,26.902083333333103],[37.785416666665725,26.902083333333103],[37.79374999999902,26.910416666666414],[37.81458333333234,26.910416666666414],[37.81874999999897,26.91458333333312]]}},{"type":"Feature","properties":{"HYRIV_ID":20835898,"NEXT_DOWN":20836089,"MAIN_RIV":20838781,"LENGTH_KM":4.7199998,"CATCH_SKM":24.690001,"DIS_AV_CMS":0.004,"ORD_STRA":1,"ORD_FLOW":9},"geometry":{"type":"LineString","coordinates":[[36.48541666666566,26.933333333333117],[36.48541666666566,26.927083333333137],[36.49374999999907,26.91874999999977],[36.48541666666566,26.910416666666414],[36.48541666666566,26.90624999999975],[36.48958333333232,26.902083333333103],[36.48958333333232,26.89791666666644]]}},{"type":"Feature","properties":{"HYRIV_ID":20835899,"NEXT_DOWN":20835954,"MAIN_RIV":20838781,"LENGTH_KM":7.4899998,"CATCH_SKM":22.959999,"DIS_AV_CMS":0.072,"ORD_STRA":3,"ORD_FLOW":8},"geometry":{"type":"LineString","coordinates":[[36.53124999999909,26.947916666666423],[36.52291666666568,26.93958333333311],[36.51874999999902,26.93958333333311],[36.51874999999902,26.927083333333137],[36.51041666666569,26.91874999999977],[36.506249999999056,26.91874999999977],[36.50208333333239,26.91458333333312],[36.50208333333239,26.910416666666414],[36.49791666666573,26.90624999999975],[36.50208333333239,26.902083333333103],[36.50208333333239,26.89791666666644]]}},{"type":"Feature","properties":{"HYRIV_ID":20835900,"NEXT_DOWN":20835954,"MAIN_RIV":20838781,"LENGTH_KM":5.1700001,"CATCH_SKM":21.629999,"DIS_AV_CMS":0.028,"ORD_STRA":2,"ORD_FLOW":8},"geometry":{"type":"LineString","coordinates":[[36.547916666665714,26.902083333333103],[36.54374999999905,26.89791666666644],[36.52708333333234,26.89791666666644],[36.52291666666568,26.902083333333103],[36.51874999999902,26.902083333333103],[36.514583333332354,26.89791666666644],[36.50208333333239,26.89791666666644]]}},{"type":"Feature","properties":{"HYRIV_ID":20835901,"NEXT_DOWN":20835900,"MAIN_RIV":20838781,"LENGTH_KM":0.93,"CATCH_SKM":13.98,"DIS_AV_CMS":0.002,"ORD_STRA":1,"ORD_FLOW":9},"geometry":{"type":"LineString","coordinates":[[36.55416666666571,26.89583333333311],[36.547916666665714,26.902083333333103]]}},{"type":"Feature","properties":{"HYRIV_ID":20835954,"NEXT_DOWN":20836089,"MAIN_RIV":20838781,"LENGTH_KM":1.66,"CATCH_SKM":1.72,"DIS_AV_CMS":0.099,"ORD_STRA":3,"ORD_FLOW":8},"geometry":{"type":"LineString","coordinates":[[36.50208333333239,26.89791666666644],[36.49791666666573,26.89791666666644],[36.49374999999907,26.893749999999777],[36.48958333333232,26.89791666666644]]}},{"type":"Feature","properties":{"HYRIV_ID":20835955,"NEXT_DOWN":20835856,"MAIN_RIV":20848032,"LENGTH_KM":2.33,"CATCH_SKM":13.02,"DIS_AV_CMS":0.001,"ORD_STRA":1,"ORD_FLOW":9},"geometry":{"type":"LineString","coordinates":[[37.74583333333237,26.893749999999777],[37.752083333332365,26.893749999999777],[37.76041666666569,26.902083333333103],[37.76041666666569,26.90624999999975]]}},{"type":"Feature","properties":{"HYRIV_ID":20835992,"NEXT_DOWN":20836149,"MAIN_RIV":20838781,"LENGTH_KM":4.33,"CATCH_SKM":9.1899996,"DIS_AV_CMS":0.043,"ORD_STRA":2,"ORD_FLOW":8},"geometry":{"type":"LineString","coordinates":[[37.08541666666565,26.927083333333137],[37.08541666666565,26.91874999999977],[37.089583333332314,26.91458333333312],[37.089583333332314,26.889583333333128]]}},{"type":"Feature","properties":{"HYRIV_ID":20835993,"NEXT_DOWN":20836149,"MAIN_RIV":20838781,"LENGTH_KM":1.97,"CATCH_SKM":18.57,"DIS_AV_CMS":0.008,"ORD_STRA":1,"ORD_FLOW":9},"geometry":{"type":"LineString","coordinates":[[37.10416666666572,26.89999999999977],[37.09374999999906,26.889583333333128],[37.089583333332314,26.889583333333128]]}},{"type":"Feature","properties":{"HYRIV_ID":20835994,"NEXT_DOWN":20837101,"MAIN_RIV":20848032,"LENGTH_KM":6.2,"CATCH_SKM":22.58,"DIS_AV_CMS":1.428,"ORD_STRA":5,"ORD_FLOW":6},"geometry":{"type":"LineString","coordinates":[[37.96041666666571,26.93541666666645],[37.96041666666571,26.927083333333137],[37.97291666666567,26.91458333333312],[37.97291666666567,26.910416666666414],[37.981249999998994,26.902083333333103],[37.981249999998994,26.89791666666644],[37.97291666666567,26.889583333333128]]}},{"type":"Feature","properties":{"HYRIV_ID":20836039,"NEXT_DOWN":20836087,"MAIN_RIV":20838781,"LENGTH_KM":3.05,"CATCH_SKM":19.15,"DIS_AV_CMS":0.003,"ORD_STRA":1,"ORD_FLOW":9},"geometry":{"type":"LineString","coordinates":[[36.2458333333324,26.88333333333309],[36.25624999999903,26.893749999999777],[36.25624999999903,26.89791666666644],[36.26041666666569,26.89791666666644],[36.264583333332354,26.902083333333103]]}},{"type":"Feature","properties":{"HYRIV_ID":20836040,"NEXT_DOWN":20836636,"MAIN_RIV":20838781,"LENGTH_KM":1.55,"CATCH_SKM":15.12,"DIS_AV_CMS":0.002,"ORD_STRA":1,"ORD_FLOW":9},"geometry":{"type":"LineString","coordinates":[[36.38749999999902,26.89583333333311],[36.38124999999903,26.889583333333128],[36.38541666666569,26.885416666666465]]}},{"type":"Feature","properties":{"HYRIV_ID":20836041,"NEXT_DOWN":20836091,"MAIN_RIV":20838781,"LENGTH_KM":9.8599997,"CATCH_SKM":49.759998,"DIS_AV_CMS":0.022,"ORD_STRA":2,"ORD_FLOW":8},"geometry":{"type":"LineString","coordinates":[[36.656249999999005,26.96041666666644],[36.65208333333234,26.96041666666644],[36.64791666666568,26.956249999999777],[36.64791666666568,26.91874999999977],[36.64374999999902,26.91458333333312],[36.65208333333234,26.90624999999975],[36.65208333333234,26.902083333333103],[36.66041666666567,26.893749999999777],[36.66041666666567,26.889583333333128],[36.664583333332416,26.885416666666465]]}},{"type":"Feature","properties":{"HYRIV_ID":20836042,"NEXT_DOWN":20836091,"MAIN_RIV":20838781,"LENGTH_KM":2.4300001,"CATCH_SKM":13.97,"DIS_AV_CMS":0.003,"ORD_STRA":1,"ORD_FLOW":9},"geometry":{"type":"LineString","coordinates":[[36.67916666666571,26.89999999999977],[36.672916666665714,26.893749999999777],[36.66874999999905,26.893749999999777],[36.664583333332416,26.889583333333128],[36.664583333332416,26.885416666666465]]}},{"type":"Feature","properties":{"HYRIV_ID":20836043,"NEXT_DOWN":20836094,"MAIN_RIV":20848032,"LENGTH_KM":4.5900002,"CATCH_SKM":14.93,"DIS_AV_CMS":0.171,"ORD_STRA":3,"ORD_FLOW":7},"geometry":{"type":"LineString","coordinates":[[37.843749999999005,26.91874999999977],[37.84791666666567,26.91874999999977],[37.84791666666567,26.91458333333312],[37.85208333333233,26.910416666666414],[37.85208333333233,26.902083333333103],[37.856249999998994,26.89791666666644],[37.85208333333233,26.893749999999777],[37.85208333333233,26.885416666666465]]}},{"type":"Feature","properties":{"HYRIV_ID":20836087,"NEXT_DOWN":20836707,"MAIN_RIV":20838781,"LENGTH_KM":3.9300001,"CATCH_SKM":21.83,"DIS_AV_CMS":0.021,"ORD_STRA":2,"ORD_FLOW":8},"geometry":{"type":"LineString","coordinates":[[36.264583333332354,26.902083333333103],[36.26874999999902,26.902083333333103],[36.277083333332314,26.893749999999777],[36.28124999999906,26.893749999999777],[36.29374999999905,26.88124999999976]]}},{"type":"Feature","properties":{"HYRIV_ID":20836088,"NEXT_DOWN":20836707,"MAIN_RIV":20838781,"LENGTH_KM":3.25,"CATCH_SKM":6.89,"DIS_AV_CMS":0.009,"ORD_STRA":2,"ORD_FLOW":9},"geometry":{"type":"LineString","coordinates":[[36.30624999999901,26.90624999999975],[36.30624999999901,26.902083333333103],[36.30208333333235,26.89791666666644],[36.30208333333235,26.893749999999777],[36.297916666665714,26.889583333333128],[36.297916666665714,26.885416666666465],[36.29374999999905,26.88124999999976]]}},{"type":"Feature","properties":{"HYRIV_ID":20836089,"NEXT_DOWN":20836929,"MAIN_RIV":20838781,"LENGTH_KM":2.48,"CATCH_SKM":4.5900002,"DIS_AV_CMS":0.101,"ORD_STRA":3,"ORD_FLOW":7},"geometry":{"type":"LineString","coordinates":[[36.48958333333232,26.89791666666644],[36.4729166666657,26.88124999999976]]}},{"type":"Feature","properties":{"HYRIV_ID":20836090,"NEXT_DOWN":20836929,"MAIN_RIV":20838781,"LENGTH_KM":0.62,"CATCH_SKM":11.3,"DIS_AV_CMS":0.002,"ORD_STRA":1,"ORD_FLOW":9},"geometry":{"type":"LineString","coordinates":[[36.47916666666569,26.88124999999976],[36.4729166666657,26.88124999999976]]}},{"type":"Feature","properties":{"HYRIV_ID":20836091,"NEXT_DOWN":20836576,"MAIN_RIV":20838781,"LENGTH_KM":0.46,"CATCH_SKM":0.57,"DIS_AV_CMS":0.025,"ORD_STRA":2,"ORD_FLOW":8},"geometry":{"type":"LineString","coordinates":[[36.664583333332416,26.885416666666465],[36.664583333332416,26.88124999999976]]}},{"type":"Feature","properties":{"HYRIV_ID":20836092,"NEXT_DOWN":20836215,"MAIN_RIV":20838781,"LENGTH_KM":3.57,"CATCH_SKM":15.12,"DIS_AV_CMS":0.046,"ORD_STRA":2,"ORD_FLOW":8},"geometry":{"type":"LineString","coordinates":[[36.94791666666569,26.90624999999975],[36.9354166666657,26.893749999999777],[36.9354166666657,26.889583333333128],[36.92708333333238,26.88124999999976]]}},{"type":"Feature","properties":{"HYRIV_ID":20836093,"NEXT_DOWN":20836094,"MAIN_RIV":20848032,"LENGTH_KM":3.52,"CATCH_SKM":20.1,"DIS_AV_CMS":0.001,"ORD_STRA":1,"ORD_FLOW":9},"geometry":{"type":"LineString","coordinates":[[37.8208333333323,26.885416666666465],[37.82708333333238,26.885416666666465],[37.831249999999045,26.88124999999976],[37.84791666666567,26.88124999999976],[37.85208333333233,26.885416666666465]]}},{"type":"Feature","properties":{"HYRIV_ID":20836094,"NEXT_DOWN":20836386,"MAIN_RIV":20848032,"LENGTH_KM":0.62,"CATCH_SKM":1.53,"DIS_AV_CMS":0.17200001,"ORD_STRA":3,"ORD_FLOW":7},"geometry":{"type":"LineString","coordinates":[[37.85208333333233,26.885416666666465],[37.856249999998994,26.88124999999976]]}},{"type":"Feature","properties":{"HYRIV_ID":20836148,"NEXT_DOWN":20836636,"MAIN_RIV":20838781,"LENGTH_KM":8.2200003,"CATCH_SKM":41.919998,"DIS_AV_CMS":0.006,"ORD_STRA":1,"ORD_FLOW":9},"geometry":{"type":"LineString","coordinates":[[36.43333333333234,26.908333333333083],[36.43958333333242,26.902083333333103],[36.43958333333242,26.89791666666644],[36.435416666665674,26.893749999999777],[36.43124999999904,26.893749999999777],[36.422916666665714,26.885416666666465],[36.41874999999905,26.885416666666465],[36.41458333333239,26.88124999999976],[36.406249999999005,26.88124999999976],[36.40208333333243,26.877083333333097],[36.39791666666568,26.877083333333097],[36.39374999999902,26.88124999999976],[36.389583333332354,26.88124999999976],[36.38541666666569,26.885416666666465]]}},{"type":"Feature","properties":{"HYRIV_ID":20836149,"NEXT_DOWN":20836981,"MAIN_RIV":20838781,"LENGTH_KM":1.71,"CATCH_SKM":1.92,"DIS_AV_CMS":0.053,"ORD_STRA":2,"ORD_FLOW":8},"geometry":{"type":"LineString","coordinates":[[37.089583333332314,26.889583333333128],[37.089583333332314,26.885416666666465],[37.08124999999902,26.877083333333097]]}},{"type":"Feature","properties":{"HYRIV_ID":20836150,"NEXT_DOWN":20836279,"MAIN_RIV":20848032,"LENGTH_KM":11.99,"CATCH_SKM":71.599998,"DIS_AV_CMS":0.036,"ORD_STRA":1,"ORD_FLOW":8},"geometry":{"type":"LineString","coordinates":[[37.18749999999906,26.90624999999975],[37.20624999999902,26.90624999999975],[37.21041666666568,26.902083333333103],[37.21458333333234,26.902083333333103],[37.222916666665725,26.893749999999777],[37.22708333333239,26.893749999999777],[37.23124999999905,26.889583333333128],[37.23958333333238,26.89791666666644],[37.24374999999901,26.893749999999777],[37.26041666666575,26.893749999999777],[37.26458333333241,26.889583333333128],[37.27291666666571,26.889583333333128],[37.2854166666657,26.877083333333097]]}},{"type":"Feature","properties":{"HYRIV_ID":20836151,"NEXT_DOWN":20835813,"MAIN_RIV":20848032,"LENGTH_KM":9.2,"CATCH_SKM":30.25,"DIS_AV_CMS":0.004,"ORD_STRA":1,"ORD_FLOW":9},"geometry":{"type":"LineString","coordinates":[[37.670833333332354,26.877083333333097],[37.68958333333231,26.877083333333097],[37.70208333333238,26.889583333333128],[37.70208333333238,26.89791666666644],[37.71041666666568,26.90624999999975],[37.718749999999005,26.90624999999975],[37.72291666666575,26.910416666666414],[37.731249999998994,26.910416666666414],[37.73541666666566,26.91458333333312],[37.73958333333229,26.91458333333312]]}},{"type":"Feature","properties":{"HYRIV_ID":20836213,"NEXT_DOWN":20836576,"MAIN_RIV":20838781,"LENGTH_KM":4.3400002,"CATCH_SKM":21.83,"DIS_AV_CMS":0.004,"ORD_STRA":1,"ORD_FLOW":9},"geometry":{"type":"LineString","coordinates":[[36.69999999999908,26.88124999999976],[36.689583333332365,26.88124999999976],[36.6854166666657,26.877083333333097],[36.67708333333238,26.877083333333097],[36.672916666665714,26.87291666666645],[36.664583333332416,26.88124999999976]]}},{"type":"Feature","properties":{"HYRIV_ID":20836214,"NEXT_DOWN":20836383,"MAIN_RIV":20838781,"LENGTH_KM":13.41,"CATCH_SKM":23.35,"DIS_AV_CMS":0.054,"ORD_STRA":2,"ORD_FLOW":8},"geometry":{"type":"LineString","coordinates":[[36.92291666666574,26.97708333333312],[36.92291666666574,26.972916666666414],[36.92708333333238,26.96874999999975],[36.92708333333238,26.964583333333103],[36.93124999999904,26.96041666666644],[36.93124999999904,26.927083333333137],[36.92708333333238,26.92291666666643],[36.92291666666574,26.92291666666643],[36.91874999999908,26.91874999999977],[36.91874999999908,26.91458333333312],[36.91041666666567,26.90624999999975],[36.91041666666567,26.89791666666644],[36.90208333333234,26.889583333333128],[36.90208333333234,26.88124999999976],[36.89791666666571,26.877083333333097],[36.89791666666571,26.87291666666645]]}},{"type":"Feature","properties":{"HYRIV_ID":20836215,"NEXT_DOWN":20836383,"MAIN_RIV":20838781,"LENGTH_KM":3.31,"CATCH_SKM":14.36,"DIS_AV_CMS":0.068,"ORD_STRA":2,"ORD_FLOW":8},"geometry":{"type":"LineString","coordinates":[[36.92708333333238,26.88124999999976],[36.92291666666574,26.877083333333097],[36.91874999999908,26.877083333333097],[36.91458333333233,26.87291666666645],[36.89791666666571,26.87291666666645]]}},{"type":"Feature","properties":{"HYRIV_ID":20836216,"NEXT_DOWN":20836438,"MAIN_RIV":20848032,"LENGTH_KM":10.8,"CATCH_SKM":54.169998,"DIS_AV_CMS":0.028,"ORD_STRA":1,"ORD_FLOW":8},"geometry":{"type":"LineString","coordinates":[[37.26249999999908,26.92291666666643],[37.268749999999045,26.92291666666643],[37.27291666666571,26.91874999999977],[37.28958333333236,26.91874999999977],[37.293749999998994,26.91458333333312],[37.29791666666566,26.91458333333312],[37.302083333332405,26.910416666666414],[37.30624999999907,26.910416666666414],[37.327083333332354,26.889583333333128],[37.33124999999902,26.889583333333128],[37.33958333333234,26.88124999999976],[37.33958333333234,26.877083333333097],[37.343749999999005,26.87291666666645]]}},{"type":"Feature","properties":{"HYRIV_ID":20836217,"NEXT_DOWN":20837101,"MAIN_RIV":20848032,"LENGTH_KM":3.62,"CATCH_SKM":25.27,"DIS_AV_CMS":0.015,"ORD_STRA":1,"ORD_FLOW":8},"geometry":{"type":"LineString","coordinates":[[37.999999999999034,26.870833333333074],[37.981249999998994,26.889583333333128],[37.97291666666567,26.889583333333128]]}},{"type":"Feature","properties":{"HYRIV_ID":20836278,"NEXT_DOWN":20836336,"MAIN_RIV":20838781,"LENGTH_KM":8.4099998,"CATCH_SKM":47.279999,"DIS_AV_CMS":0.055,"ORD_STRA":2,"ORD_FLOW":8},"geometry":{"type":"LineString","coordinates":[[36.82291666666569,26.927083333333137],[36.82291666666569,26.92291666666643],[36.81874999999903,26.91874999999977],[36.81874999999903,26.91458333333312],[36.814583333332365,26.910416666666414],[36.8104166666657,26.910416666666414],[36.80624999999904,26.90624999999975],[36.80624999999904,26.89791666666644],[36.80208333333238,26.893749999999777],[36.797916666665714,26.893749999999777],[36.79374999999908,26.889583333333128],[36.79374999999908,26.88124999999976],[36.789583333332416,26.877083333333097],[36.789583333332416,26.87291666666645],[36.78541666666575,26.868749999999743]]}},{"type":"Feature","properties":{"HYRIV_ID":20836279,"NEXT_DOWN":20836438,"MAIN_RIV":20848032,"LENGTH_KM":6.4099998,"CATCH_SKM":21.450001,"DIS_AV_CMS":0.065,"ORD_STRA":2,"ORD_FLOW":8},"geometry":{"type":"LineString","coordinates":[[37.2854166666657,26.877083333333097],[37.29791666666566,26.877083333333097],[37.302083333332405,26.87291666666645],[37.31874999999903,26.87291666666645],[37.32291666666569,26.868749999999743],[37.33958333333234,26.868749999999743],[37.343749999999005,26.87291666666645]]}},{"type":"Feature","properties":{"HYRIV_ID":20836335,"NEXT_DOWN":20836874,"MAIN_RIV":20838781,"LENGTH_KM":9.29,"CATCH_SKM":41.34,"DIS_AV_CMS":0.041,"ORD_STRA":2,"ORD_FLOW":8},"geometry":{"type":"LineString","coordinates":[[36.768749999999045,26.93958333333311],[36.76458333333238,26.93541666666645],[36.76458333333238,26.910416666666414],[36.768749999999045,26.90624999999975],[36.768749999999045,26.893749999999777],[36.77291666666568,26.889583333333128],[36.768749999999045,26.885416666666465],[36.77291666666568,26.88124999999976],[36.77291666666568,26.877083333333097],[36.768749999999045,26.87291666666645],[36.768749999999045,26.864583333333123]]}},{"type":"Feature","properties":{"HYRIV_ID":20836336,"NEXT_DOWN":20836874,"MAIN_RIV":20838781,"LENGTH_KM":1.86,"CATCH_SKM":3.83,"DIS_AV_CMS":0.058,"ORD_STRA":2,"ORD_FLOW":8},"geometry":{"type":"LineString","coordinates":[[36.78541666666575,26.868749999999743],[36.77291666666568,26.868749999999743],[36.768749999999045,26.864583333333123]]}},{"type":"Feature","properties":{"HYRIV_ID":20836337,"NEXT_DOWN":20836215,"MAIN_RIV":20838781,"LENGTH_KM":14.59,"CATCH_SKM":56.860001,"DIS_AV_CMS":0.02,"ORD_STRA":1,"ORD_FLOW":8},"geometry":{"type":"LineString","coordinates":[[37.03333333333234,26.91249999999979],[37.02291666666571,26.902083333333103],[37.018749999999045,26.90624999999975],[36.98958333333235,26.877083333333097],[36.98124999999902,26.877083333333097],[36.972916666665725,26.868749999999743],[36.96874999999906,26.87291666666645],[36.9645833333324,26.868749999999743],[36.95624999999899,26.868749999999743],[36.952083333332354,26.864583333333123],[36.94791666666569,26.864583333333123],[36.93124999999904,26.88124999999976],[36.92708333333238,26.88124999999976]]}},{"type":"Feature","properties":{"HYRIV_ID":20836338,"NEXT_DOWN":20836578,"MAIN_RIV":20848032,"LENGTH_KM":8.8900003,"CATCH_SKM":30.629999,"DIS_AV_CMS":0.016,"ORD_STRA":1,"ORD_FLOW":8},"geometry":{"type":"LineString","coordinates":[[37.48333333333238,26.889583333333128],[37.4770833333323,26.889583333333128],[37.468749999999005,26.88124999999976],[37.45624999999902,26.88124999999976],[37.452083333332354,26.877083333333097],[37.44791666666572,26.88124999999976],[37.443749999999056,26.88124999999976],[37.43958333333239,26.877083333333097],[37.43541666666573,26.88124999999976],[37.43124999999907,26.877083333333097],[37.42708333333232,26.877083333333097],[37.41458333333236,26.864583333333123]]}},{"type":"Feature","properties":{"HYRIV_ID":20836381,"NEXT_DOWN":20836336,"MAIN_RIV":20838781,"LENGTH_KM":1.4,"CATCH_SKM":14.94,"DIS_AV_CMS":0.003,"ORD_STRA":1,"ORD_FLOW":9},"geometry":{"type":"LineString","coordinates":[[36.79166666666575,26.8583333333331],[36.78541666666575,26.864583333333123],[36.78541666666575,26.868749999999743]]}},{"type":"Feature","properties":{"HYRIV_ID":20836382,"NEXT_DOWN":20836710,"MAIN_RIV":20838781,"LENGTH_KM":1.55,"CATCH_SKM":14.36,"DIS_AV_CMS":0.004,"ORD_STRA":1,"ORD_FLOW":9},"geometry":{"type":"LineString","coordinates":[[36.87083333333234,26.870833333333074],[36.88124999999897,26.86041666666643]]}},{"type":"Feature","properties":{"HYRIV_ID":20836383,"NEXT_DOWN":20836710,"MAIN_RIV":20838781,"LENGTH_KM":2.28,"CATCH_SKM":4.6,"DIS_AV_CMS":0.121,"ORD_STRA":3,"ORD_FLOW":7},"geometry":{"type":"LineString","coordinates":[[36.89791666666571,26.87291666666645],[36.88541666666572,26.86041666666643],[36.88124999999897,26.86041666666643]]}},{"type":"Feature","properties":{"HYRIV_ID":20836384,"NEXT_DOWN":20836981,"MAIN_RIV":20838781,"LENGTH_KM":6.4099998,"CATCH_SKM":33.700001,"DIS_AV_CMS":0.015,"ORD_STRA":1,"ORD_FLOW":8},"geometry":{"type":"LineString","coordinates":[[37.137499999998965,26.86041666666643],[37.11874999999901,26.86041666666643],[37.11458333333235,26.864583333333123],[37.10208333333239,26.864583333333123],[37.09374999999906,26.87291666666645],[37.089583333332314,26.87291666666645],[37.08541666666565,26.877083333333097],[37.08124999999902,26.877083333333097]]}},{"type":"Feature","properties":{"HYRIV_ID":20836385,"NEXT_DOWN":20836386,"MAIN_RIV":20848032,"LENGTH_KM":10.6,"CATCH_SKM":25.469999,"DIS_AV_CMS":0.009,"ORD_STRA":2,"ORD_FLOW":9},"geometry":{"type":"LineString","coordinates":[[37.76874999999899,26.864583333333123],[37.785416666665725,26.864583333333123],[37.78958333333236,26.86041666666643],[37.79374999999902,26.864583333333123],[37.80208333333235,26.864583333333123],[37.80624999999901,26.868749999999743],[37.810416666665674,26.868749999999743],[37.81458333333234,26.87291666666645],[37.81874999999897,26.87291666666645],[37.82291666666572,26.868749999999743],[37.831249999999045,26.868749999999743],[37.83541666666571,26.87291666666645],[37.85208333333233,26.87291666666645],[37.856249999998994,26.877083333333097],[37.856249999998994,26.88124999999976]]}},{"type":"Feature","properties":{"HYRIV_ID":20836386,"NEXT_DOWN":20836817,"MAIN_RIV":20848032,"LENGTH_KM":3.2,"CATCH_SKM":3.83,"DIS_AV_CMS":0.181,"ORD_STRA":3,"ORD_FLOW":7},"geometry":{"type":"LineString","coordinates":[[37.856249999998994,26.88124999999976],[37.86041666666566,26.877083333333097],[37.86041666666566,26.868749999999743],[37.86874999999904,26.86041666666643],[37.8729166666657,26.86041666666643]]}},{"type":"Feature","properties":{"HYRIV_ID":20836436,"NEXT_DOWN":20836575,"MAIN_RIV":20838781,"LENGTH_KM":0.93,"CATCH_SKM":10.53,"DIS_AV_CMS":0.002,"ORD_STRA":1,"ORD_FLOW":9},"geometry":{"type":"LineString","coordinates":[[36.595833333332365,26.862499999999763],[36.60208333333236,26.85624999999977]]}},{"type":"Feature","properties":{"HYRIV_ID":20836437,"NEXT_DOWN":20836575,"MAIN_RIV":20838781,"LENGTH_KM":1.9400001,"CATCH_SKM":13.98,"DIS_AV_CMS":0.002,"ORD_STRA":1,"ORD_FLOW":9},"geometry":{"type":"LineString","coordinates":[[36.610416666665685,26.870833333333074],[36.610416666665685,26.864583333333123],[36.60208333333236,26.85624999999977]]}},{"type":"Feature","properties":{"HYRIV_ID":20836438,"NEXT_DOWN":20836577,"MAIN_RIV":20848032,"LENGTH_KM":2.9,"CATCH_SKM":7.4699998,"DIS_AV_CMS":0.098,"ORD_STRA":2,"ORD_FLOW":8},"geometry":{"type":"LineString","coordinates":[[37.343749999999005,26.87291666666645],[37.34791666666564,26.87291666666645],[37.36458333333238,26.85624999999977]]}},{"type":"Feature","properties":{"HYRIV_ID":20836439,"NEXT_DOWN":20836577,"MAIN_RIV":20848032,"LENGTH_KM":7.4299998,"CATCH_SKM":25.459999,"DIS_AV_CMS":1.772,"ORD_STRA":5,"ORD_FLOW":6},"geometry":{"type":"LineString","coordinates":[[37.36458333333238,26.91458333333312],[37.36874999999904,26.910416666666414],[37.360416666665714,26.902083333333103],[37.36874999999904,26.893749999999777],[37.36874999999904,26.88124999999976],[37.36458333333238,26.877083333333097],[37.36458333333238,26.85624999999977]]}},{"type":"Feature","properties":{"HYRIV_ID":20836493,"NEXT_DOWN":20836279,"MAIN_RIV":20848032,"LENGTH_KM":6.3,"CATCH_SKM":31.02,"DIS_AV_CMS":0.016,"ORD_STRA":1,"ORD_FLOW":8},"geometry":{"type":"LineString","coordinates":[[37.24583333333234,26.84999999999979],[37.25208333333234,26.85624999999977],[37.281249999999034,26.85624999999977],[37.281249999999034,26.87291666666645],[37.2854166666657,26.877083333333097]]}},{"type":"Feature","properties":{"HYRIV_ID":20836494,"NEXT_DOWN":20836817,"MAIN_RIV":20848032,"LENGTH_KM":1.08,"CATCH_SKM":0.77,"DIS_AV_CMS":0.013,"ORD_STRA":2,"ORD_FLOW":8},"geometry":{"type":"LineString","coordinates":[[37.86874999999904,26.852083333333105],[37.8729166666657,26.85624999999977],[37.8729166666657,26.86041666666643]]}},{"type":"Feature","properties":{"HYRIV_ID":20836534,"NEXT_DOWN":0,"MAIN_RIV":20836534,"LENGTH_KM":5.89,"CATCH_SKM":25.08,"DIS_AV_CMS":0.003,"ORD_STRA":1,"ORD_FLOW":9},"geometry":{"type":"LineString","coordinates":[[36.09583333333234,26.870833333333074],[36.08958333333237,26.864583333333123],[36.081249999999045,26.864583333333123],[36.07708333333238,26.86041666666643],[36.068749999999056,26.86041666666643],[36.06458333333242,26.85624999999977],[36.06041666666576,26.85624999999977],[36.05624999999901,26.852083333333105],[36.05208333333235,26.852083333333105],[36.047916666665685,26.847916666666457]]}},{"type":"Feature","properties":{"HYRIV_ID":20836575,"NEXT_DOWN":20836872,"MAIN_RIV":20838781,"LENGTH_KM":1.55,"CATCH_SKM":2.3,"DIS_AV_CMS":0.004,"ORD_STRA":2,"ORD_FLOW":9},"geometry":{"type":"LineString","coordinates":[[36.60208333333236,26.85624999999977],[36.60624999999902,26.852083333333105],[36.60624999999902,26.84374999999975]]}},{"type":"Feature","properties":{"HYRIV_ID":20836576,"NEXT_DOWN":20836872,"MAIN_RIV":20838781,"LENGTH_KM":8.58,"CATCH_SKM":36.200001,"DIS_AV_CMS":0.032,"ORD_STRA":2,"ORD_FLOW":8},"geometry":{"type":"LineString","coordinates":[[36.664583333332416,26.88124999999976],[36.66041666666567,26.877083333333097],[36.66041666666567,26.868749999999743],[36.656249999999005,26.864583333333123],[36.65208333333234,26.868749999999743],[36.64374999999902,26.86041666666643],[36.63958333333238,26.86041666666643],[36.631249999999056,26.852083333333105],[36.62708333333239,26.852083333333105],[36.61874999999898,26.84374999999975],[36.60624999999902,26.84374999999975]]}},{"type":"Feature","properties":{"HYRIV_ID":20836577,"NEXT_DOWN":20836762,"MAIN_RIV":20848032,"LENGTH_KM":1.86,"CATCH_SKM":4.4099998,"DIS_AV_CMS":1.8839999,"ORD_STRA":5,"ORD_FLOW":6},"geometry":{"type":"LineString","coordinates":[[37.36458333333238,26.85624999999977],[37.37708333333234,26.84374999999975]]}},{"type":"Feature","properties":{"HYRIV_ID":20836578,"NEXT_DOWN":20836762,"MAIN_RIV":20848032,"LENGTH_KM":4.7600002,"CATCH_SKM":15.32,"DIS_AV_CMS":0.06,"ORD_STRA":2,"ORD_FLOW":8},"geometry":{"type":"LineString","coordinates":[[37.41458333333236,26.864583333333123],[37.39791666666571,26.864583333333123],[37.37708333333234,26.84374999999975]]}},{"type":"Feature","properties":{"HYRIV_ID":20836635,"NEXT_DOWN":20836708,"MAIN_RIV":20838781,"LENGTH_KM":18.370001,"CATCH_SKM":47.470001,"DIS_AV_CMS":0.053,"ORD_STRA":3,"ORD_FLOW":8},"geometry":{"type":"LineString","coordinates":[[36.38124999999903,26.981249999999783],[36.37708333333239,26.97708333333312],[36.37708333333239,26.947916666666423],[36.36874999999907,26.93958333333311],[36.36874999999907,26.931249999999785],[36.356249999998994,26.91874999999977],[36.356249999998994,26.91458333333312],[36.3479166666657,26.90624999999975],[36.3479166666657,26.902083333333103],[36.33541666666571,26.889583333333128],[36.33541666666571,26.88124999999976],[36.331249999999045,26.877083333333097],[36.331249999999045,26.87291666666645],[36.32708333333241,26.868749999999743],[36.32291666666575,26.868749999999743],[36.318749999999085,26.864583333333123],[36.318749999999085,26.83958333333309]]}},{"type":"Feature","properties":{"HYRIV_ID":20836636,"NEXT_DOWN":20836708,"MAIN_RIV":20838781,"LENGTH_KM":8.9,"CATCH_SKM":33.889999,"DIS_AV_CMS":0.013,"ORD_STRA":2,"ORD_FLOW":8},"geometry":{"type":"LineString","coordinates":[[36.38541666666569,26.885416666666465],[36.38124999999903,26.88124999999976],[36.36874999999907,26.88124999999976],[36.36041666666574,26.87291666666645],[36.356249999998994,26.87291666666645],[36.32291666666575,26.83958333333309],[36.318749999999085,26.83958333333309]]}},{"type":"Feature","properties":{"HYRIV_ID":20836637,"NEXT_DOWN":20836578,"MAIN_RIV":20848032,"LENGTH_KM":23.52,"CATCH_SKM":84.419998,"DIS_AV_CMS":0.035,"ORD_STRA":1,"ORD_FLOW":8},"geometry":{"type":"LineString","coordinates":[[37.57083333333239,26.93958333333311],[37.56458333333239,26.93958333333311],[37.55624999999898,26.931249999999785],[37.55208333333235,26.931249999999785],[37.53958333333236,26.91874999999977],[37.5354166666657,26.91874999999977],[37.52708333333237,26.910416666666414],[37.52708333333237,26.90624999999975],[37.51874999999899,26.89791666666644],[37.51874999999899,26.889583333333128],[37.51041666666566,26.88124999999976],[37.51041666666566,26.877083333333097],[37.50208333333234,26.868749999999743],[37.4979166666657,26.868749999999743],[37.49374999999904,26.864583333333123],[37.49374999999904,26.86041666666643],[37.48958333333238,26.85624999999977],[37.485416666665714,26.85624999999977],[37.48124999999905,26.852083333333105],[37.468749999999005,26.852083333333105],[37.468749999999005,26.847916666666457],[37.46041666666568,26.83958333333309],[37.452083333332354,26.83958333333309],[37.44791666666572,26.84374999999975],[37.443749999999056,26.84374999999975],[37.43124999999907,26.85624999999977],[37.43124999999907,26.86041666666643],[37.41874999999902,26.86041666666643],[37.41458333333236,26.864583333333123]]}},{"type":"Feature","properties":{"HYRIV_ID":20836638,"NEXT_DOWN":20836385,"MAIN_RIV":20848032,"LENGTH_KM":4.29,"CATCH_SKM":16.860001,"DIS_AV_CMS":0.001,"ORD_STRA":1,"ORD_FLOW":9},"geometry":{"type":"LineString","coordinates":[[37.74166666666562,26.83749999999977],[37.7479166666657,26.84374999999975],[37.752083333332365,26.84374999999975],[37.76874999999899,26.86041666666643],[37.76874999999899,26.864583333333123]]}},{"type":"Feature","properties":{"HYRIV_ID":20836707,"NEXT_DOWN":20836869,"MAIN_RIV":20838781,"LENGTH_KM":5.98,"CATCH_SKM":27.0,"DIS_AV_CMS":0.032,"ORD_STRA":3,"ORD_FLOW":8},"geometry":{"type":"LineString","coordinates":[[36.29374999999905,26.88124999999976],[36.297916666665714,26.877083333333097],[36.30208333333235,26.877083333333097],[36.30624999999901,26.87291666666645],[36.30624999999901,26.847916666666457],[36.31041666666576,26.84374999999975],[36.31041666666576,26.83541666666644]]}},{"type":"Feature","properties":{"HYRIV_ID":20836708,"NEXT_DOWN":20836869,"MAIN_RIV":20838781,"LENGTH_KM":1.03,"CATCH_SKM":0.96,"DIS_AV_CMS":0.065,"ORD_STRA":3,"ORD_FLOW":8},"geometry":{"type":"LineString","coordinates":[[36.318749999999085,26.83958333333309],[36.31458333333242,26.83541666666644],[36.31041666666576,26.83541666666644]]}},{"type":"Feature","properties":{"HYRIV_ID":20836709,"NEXT_DOWN":20837141,"MAIN_RIV":20838781,"LENGTH_KM":11.3,"CATCH_SKM":26.42,"DIS_AV_CMS":0.018,"ORD_STRA":2,"ORD_FLOW":8},"geometry":{"type":"LineString","coordinates":[[36.88541666666572,26.92291666666643],[36.88124999999897,26.91874999999977],[36.88124999999897,26.910416666666414],[36.87708333333231,26.90624999999975],[36.87708333333231,26.902083333333103],[36.85208333333236,26.877083333333097],[36.85208333333236,26.85624999999977],[36.85624999999902,26.852083333333105],[36.85624999999902,26.83958333333309],[36.860416666665685,26.83541666666644]]}},{"type":"Feature","properties":{"HYRIV_ID":20836710,"NEXT_DOWN":20837141,"MAIN_RIV":20838781,"LENGTH_KM":3.57,"CATCH_SKM":5.1700001,"DIS_AV_CMS":0.122,"ORD_STRA":3,"ORD_FLOW":7},"geometry":{"type":"LineString","coordinates":[[36.88124999999897,26.86041666666643],[36.86874999999901,26.847916666666457],[36.86874999999901,26.84374999999975],[36.860416666665685,26.83541666666644]]}},{"type":"Feature","properties":{"HYRIV_ID":20836761,"NEXT_DOWN":20836869,"MAIN_RIV":20838781,"LENGTH_KM":2.48,"CATCH_SKM":13.03,"DIS_AV_CMS":0.002,"ORD_STRA":1,"ORD_FLOW":9},"geometry":{"type":"LineString","coordinates":[[36.287499999999056,26.831249999999777],[36.30624999999901,26.831249999999777],[36.31041666666576,26.83541666666644]]}},{"type":"Feature","properties":{"HYRIV_ID":20836762,"NEXT_DOWN":20836875,"MAIN_RIV":20848032,"LENGTH_KM":2.28,"CATCH_SKM":3.6400001,"DIS_AV_CMS":1.962,"ORD_STRA":5,"ORD_FLOW":6},"geometry":{"type":"LineString","coordinates":[[37.37708333333234,26.84374999999975],[37.381249999999,26.83958333333309],[37.37708333333234,26.83541666666644],[37.372916666665674,26.83541666666644],[37.36874999999904,26.831249999999777]]}},{"type":"Feature","properties":{"HYRIV_ID":20836815,"NEXT_DOWN":20836875,"MAIN_RIV":20848032,"LENGTH_KM":10.55,"CATCH_SKM":42.720001,"DIS_AV_CMS":0.023,"ORD_STRA":1,"ORD_FLOW":8},"geometry":{"type":"LineString","coordinates":[[37.27499999999904,26.831249999999777],[37.31041666666573,26.831249999999777],[37.31458333333239,26.827083333333114],[37.32291666666569,26.827083333333114],[37.33124999999902,26.83541666666644],[37.33958333333234,26.83541666666644],[37.34791666666564,26.827083333333114],[37.35208333333239,26.831249999999777],[37.36874999999904,26.831249999999777]]}},{"type":"Feature","properties":{"HYRIV_ID":20836816,"NEXT_DOWN":20836878,"MAIN_RIV":20848032,"LENGTH_KM":2.48,"CATCH_SKM":21.26,"DIS_AV_CMS":0.004,"ORD_STRA":1,"ORD_FLOW":9},"geometry":{"type":"LineString","coordinates":[[37.89583333333232,26.831249999999777],[37.9020833333324,26.831249999999777],[37.90624999999906,26.827083333333114],[37.91874999999902,26.827083333333114]]}},{"type":"Feature","properties":{"HYRIV_ID":20836817,"NEXT_DOWN":20836878,"MAIN_RIV":20848032,"LENGTH_KM":6.46,"CATCH_SKM":16.469999,"DIS_AV_CMS":0.197,"ORD_STRA":3,"ORD_FLOW":7},"geometry":{"type":"LineString","coordinates":[[37.8729166666657,26.86041666666643],[37.877083333332365,26.86041666666643],[37.88124999999903,26.85624999999977],[37.89374999999899,26.85624999999977],[37.89791666666565,26.852083333333105],[37.89791666666565,26.847916666666457],[37.91874999999902,26.827083333333114]]}},{"type":"Feature","properties":{"HYRIV_ID":20836869,"NEXT_DOWN":20837099,"MAIN_RIV":20838781,"LENGTH_KM":1.71,"CATCH_SKM":2.6800001,"DIS_AV_CMS":0.097,"ORD_STRA":4,"ORD_FLOW":8},"geometry":{"type":"LineString","coordinates":[[36.31041666666576,26.83541666666644],[36.318749999999085,26.827083333333114],[36.318749999999085,26.822916666666423]]}},{"type":"Feature","properties":{"HYRIV_ID":20836870,"NEXT_DOWN":20836980,"MAIN_RIV":20838781,"LENGTH_KM":2.4300001,"CATCH_SKM":16.09,"DIS_AV_CMS":0.002,"ORD_STRA":1,"ORD_FLOW":9},"geometry":{"type":"LineString","coordinates":[[36.55833333333237,26.83749999999977],[36.56458333333234,26.831249999999777],[36.568749999999,26.831249999999777],[36.57291666666575,26.827083333333114],[36.57291666666575,26.822916666666423]]}},{"type":"Feature","properties":{"HYRIV_ID":20836871,"NEXT_DOWN":20836980,"MAIN_RIV":20838781,"LENGTH_KM":0.83,"CATCH_SKM":2.49,"DIS_AV_CMS":0.43200001,"ORD_STRA":4,"ORD_FLOW":7},"geometry":{"type":"LineString","coordinates":[[36.58124999999907,26.822916666666423],[36.57291666666575,26.822916666666423]]}},{"type":"Feature","properties":{"HYRIV_ID":20836872,"NEXT_DOWN":20836871,"MAIN_RIV":20838781,"LENGTH_KM":3.77,"CATCH_SKM":11.3,"DIS_AV_CMS":0.037,"ORD_STRA":3,"ORD_FLOW":8},"geometry":{"type":"LineString","coordinates":[[36.60624999999902,26.84374999999975],[36.60208333333236,26.84374999999975],[36.58958333333237,26.831249999999777],[36.585416666665736,26.831249999999777],[36.58124999999907,26.827083333333114],[36.58124999999907,26.822916666666423]]}},{"type":"Feature","properties":{"HYRIV_ID":20836873,"NEXT_DOWN":20837205,"MAIN_RIV":20838781,"LENGTH_KM":1.16,"CATCH_SKM":11.87,"DIS_AV_CMS":0.002,"ORD_STRA":1,"ORD_FLOW":9},"geometry":{"type":"LineString","coordinates":[[36.710416666665736,26.83333333333311],[36.710416666665736,26.822916666666423]]}},{"type":"Feature","properties":{"HYRIV_ID":20836874,"NEXT_DOWN":20837205,"MAIN_RIV":20838781,"LENGTH_KM":8.12,"CATCH_SKM":33.130001,"DIS_AV_CMS":0.098,"ORD_STRA":3,"ORD_FLOW":8},"geometry":{"type":"LineString","coordinates":[[36.768749999999045,26.864583333333123],[36.76041666666572,26.85624999999977],[36.756249999999056,26.85624999999977],[36.747916666665645,26.847916666666457],[36.73958333333235,26.847916666666457],[36.72708333333236,26.83541666666644],[36.72708333333236,26.831249999999777],[36.7229166666657,26.827083333333114],[36.718749999999034,26.827083333333114],[36.7145833333324,26.822916666666423],[36.710416666665736,26.822916666666423]]}},{"type":"Feature","properties":{"HYRIV_ID":20836875,"NEXT_DOWN":20837146,"MAIN_RIV":20848032,"LENGTH_KM":1.24,"CATCH_SKM":2.11,"DIS_AV_CMS":1.994,"ORD_STRA":5,"ORD_FLOW":6},"geometry":{"type":"LineString","coordinates":[[37.36874999999904,26.831249999999777],[37.37708333333234,26.822916666666423]]}},{"type":"Feature","properties":{"HYRIV_ID":20836876,"NEXT_DOWN":20836385,"MAIN_RIV":20848032,"LENGTH_KM":11.63,"CATCH_SKM":45.970001,"DIS_AV_CMS":0.006,"ORD_STRA":1,"ORD_FLOW":9},"geometry":{"type":"LineString","coordinates":[[37.67916666666568,26.822916666666423],[37.685416666665645,26.822916666666423],[37.693749999999056,26.831249999999777],[37.69791666666572,26.831249999999777],[37.70208333333238,26.83541666666644],[37.706249999999045,26.83541666666644],[37.718749999999005,26.847916666666457],[37.718749999999005,26.852083333333105],[37.731249999998994,26.864583333333123],[37.74374999999904,26.864583333333123],[37.7479166666657,26.868749999999743],[37.752083333332365,26.868749999999743],[37.75624999999903,26.864583333333123],[37.76874999999899,26.864583333333123]]}},{"type":"Feature","properties":{"HYRIV_ID":20836877,"NEXT_DOWN":20836494,"MAIN_RIV":20848032,"LENGTH_KM":12.05,"CATCH_SKM":21.26,"DIS_AV_CMS":0.008,"ORD_STRA":2,"ORD_FLOW":9},"geometry":{"type":"LineString","coordinates":[[37.77291666666565,26.822916666666423],[37.7770833333324,26.827083333333114],[37.79374999999902,26.827083333333114],[37.80208333333235,26.83541666666644],[37.80208333333235,26.83958333333309],[37.80624999999901,26.84374999999975],[37.810416666665674,26.84374999999975],[37.81458333333234,26.847916666666457],[37.82708333333238,26.847916666666457],[37.83958333333237,26.86041666666643],[37.85208333333233,26.86041666666643],[37.86041666666566,26.852083333333105],[37.86874999999904,26.852083333333105]]}},{"type":"Feature","properties":{"HYRIV_ID":20836878,"NEXT_DOWN":20837208,"MAIN_RIV":20848032,"LENGTH_KM":0.62,"CATCH_SKM":0.96,"DIS_AV_CMS":0.20200001,"ORD_STRA":3,"ORD_FLOW":7},"geometry":{"type":"LineString","coordinates":[[37.91874999999902,26.827083333333114],[37.922916666665685,26.822916666666423]]}},{"type":"Feature","properties":{"HYRIV_ID":20836879,"NEXT_DOWN":20837208,"MAIN_RIV":20848032,"LENGTH_KM":10.64,"CATCH_SKM":46.529999,"DIS_AV_CMS":0.013,"ORD_STRA":1,"ORD_FLOW":8},"geometry":{"type":"LineString","coordinates":[[37.89583333333232,26.877083333333097],[37.9020833333324,26.877083333333097],[37.91458333333239,26.864583333333123],[37.91874999999902,26.868749999999743],[37.93124999999901,26.868749999999743],[37.935416666665674,26.864583333333123],[37.935416666665674,26.85624999999977],[37.93124999999901,26.852083333333105],[37.93124999999901,26.847916666666457],[37.92708333333235,26.84374999999975],[37.92708333333235,26.83958333333309],[37.93124999999901,26.83541666666644],[37.93124999999901,26.827083333333114],[37.92708333333235,26.822916666666423],[37.922916666665685,26.822916666666423]]}},{"type":"Feature","properties":{"HYRIV_ID":20836929,"NEXT_DOWN":20837099,"MAIN_RIV":20838781,"LENGTH_KM":18.870001,"CATCH_SKM":60.139999,"DIS_AV_CMS":0.085,"ORD_STRA":3,"ORD_FLOW":8},"geometry":{"type":"LineString","coordinates":[[36.4729166666657,26.88124999999976],[36.46458333333237,26.87291666666645],[36.46041666666571,26.87291666666645],[36.45624999999907,26.868749999999743],[36.45208333333241,26.868749999999743],[36.44791666666575,26.864583333333123],[36.42708333333238,26.864583333333123],[36.422916666665714,26.86041666666643],[36.41458333333239,26.86041666666643],[36.410416666665725,26.85624999999977],[36.410416666665725,26.852083333333105],[36.40208333333243,26.84374999999975],[36.38541666666569,26.84374999999975],[36.38124999999903,26.83958333333309],[36.37708333333239,26.83958333333309],[36.37291666666573,26.83541666666644],[36.364583333332405,26.83541666666644],[36.356249999998994,26.827083333333114],[36.343749999999034,26.827083333333114],[36.33958333333237,26.822916666666423],[36.33541666666571,26.822916666666423],[36.331249999999045,26.81874999999976],[36.32291666666575,26.81874999999976],[36.318749999999085,26.822916666666423]]}},{"type":"Feature","properties":{"HYRIV_ID":20836930,"NEXT_DOWN":20837256,"MAIN_RIV":20838781,"LENGTH_KM":1.4,"CATCH_SKM":13.02,"DIS_AV_CMS":0.002,"ORD_STRA":1,"ORD_FLOW":9},"geometry":{"type":"LineString","coordinates":[[36.43333333333234,26.829166666666445],[36.42708333333238,26.822916666666423],[36.42708333333238,26.81874999999976]]}},{"type":"Feature","properties":{"HYRIV_ID":20836931,"NEXT_DOWN":20837498,"MAIN_RIV":20848032,"LENGTH_KM":13.37,"CATCH_SKM":59.549999,"DIS_AV_CMS":0.024,"ORD_STRA":1,"ORD_FLOW":8},"geometry":{"type":"LineString","coordinates":[[37.57499999999905,26.893749999999777],[37.56458333333239,26.893749999999777],[37.56041666666573,26.889583333333128],[37.55624999999898,26.893749999999777],[37.55208333333235,26.893749999999777],[37.54374999999902,26.885416666666465],[37.54374999999902,26.88124999999976],[37.53958333333236,26.877083333333097],[37.53958333333236,26.868749999999743],[37.5354166666657,26.864583333333123],[37.531249999999034,26.868749999999743],[37.52708333333237,26.864583333333123],[37.52708333333237,26.86041666666643],[37.522916666665736,26.85624999999977],[37.522916666665736,26.83541666666644],[37.52708333333237,26.831249999999777],[37.52708333333237,26.827083333333114],[37.522916666665736,26.822916666666423],[37.522916666665736,26.81874999999976]]}},{"type":"Feature","properties":{"HYRIV_ID":20836932,"NEXT_DOWN":20837498,"MAIN_RIV":20848032,"LENGTH_KM":2.28,"CATCH_SKM":14.56,"DIS_AV_CMS":0.007,"ORD_STRA":1,"ORD_FLOW":9},"geometry":{"type":"LineString","coordinates":[[37.54166666666569,26.827083333333114],[37.5354166666657,26.827083333333114],[37.531249999999034,26.822916666666423],[37.52708333333237,26.822916666666423],[37.522916666665736,26.81874999999976]]}},{"type":"Feature","properties":{"HYRIV_ID":20836978,"NEXT_DOWN":0,"MAIN_RIV":20836978,"LENGTH_KM":10.75,"CATCH_SKM":64.349998,"DIS_AV_CMS":0.008,"ORD_STRA":1,"ORD_FLOW":9},"geometry":{"type":"LineString","coordinates":[[36.145833333332405,26.8583333333331],[36.13541666666569,26.847916666666457],[36.13541666666569,26.84374999999975],[36.127083333332365,26.83541666666644],[36.114583333332405,26.83541666666644],[36.11041666666574,26.831249999999777],[36.09791666666567,26.831249999999777],[36.08958333333237,26.822916666666423],[36.08958333333237,26.81874999999976],[36.08541666666571,26.814583333333097],[36.06458333333242,26.814583333333097]]}},{"type":"Feature","properties":{"HYRIV_ID":20836979,"NEXT_DOWN":20837256,"MAIN_RIV":20838781,"LENGTH_KM":3.72,"CATCH_SKM":20.3,"DIS_AV_CMS":0.003,"ORD_STRA":1,"ORD_FLOW":9},"geometry":{"type":"LineString","coordinates":[[36.46249999999904,26.814583333333097],[36.43124999999904,26.814583333333097],[36.42708333333238,26.81874999999976]]}},{"type":"Feature","properties":{"HYRIV_ID":20836980,"NEXT_DOWN":20837393,"MAIN_RIV":20838781,"LENGTH_KM":4.14,"CATCH_SKM":10.15,"DIS_AV_CMS":0.40900001,"ORD_STRA":4,"ORD_FLOW":7},"geometry":{"type":"LineString","coordinates":[[36.57291666666575,26.822916666666423],[36.55208333333238,26.822916666666423],[36.547916666665714,26.81874999999976],[36.53958333333239,26.81874999999976],[36.53541666666575,26.814583333333097]]}},{"type":"Feature","properties":{"HYRIV_ID":20836981,"NEXT_DOWN":20837142,"MAIN_RIV":20838781,"LENGTH_KM":9.8599997,"CATCH_SKM":39.639999,"DIS_AV_CMS":0.087,"ORD_STRA":2,"ORD_FLOW":8},"geometry":{"type":"LineString","coordinates":[[37.08124999999902,26.877083333333097],[37.077083333332354,26.87291666666645],[37.06874999999903,26.87291666666645],[37.0604166666657,26.864583333333123],[37.05624999999907,26.864583333333123],[37.052083333332405,26.86041666666643],[37.052083333332405,26.85624999999977],[37.04791666666574,26.852083333333105],[37.04791666666574,26.83958333333309],[37.04374999999908,26.83541666666644],[37.04374999999908,26.827083333333114],[37.03541666666567,26.81874999999976],[37.03541666666567,26.814583333333097],[37.031249999999034,26.814583333333097]]}},{"type":"Feature","properties":{"HYRIV_ID":20836982,"NEXT_DOWN":20837146,"MAIN_RIV":20848032,"LENGTH_KM":4.29,"CATCH_SKM":18.01,"DIS_AV_CMS":0.009,"ORD_STRA":1,"ORD_FLOW":9},"geometry":{"type":"LineString","coordinates":[[37.408333333332365,26.812499999999766],[37.40208333333237,26.81874999999976],[37.39791666666571,26.81874999999976],[37.39374999999907,26.822916666666423],[37.389583333332325,26.822916666666423],[37.38541666666566,26.827083333333114],[37.37708333333234,26.827083333333114],[37.37708333333234,26.822916666666423]]}},{"type":"Feature","properties":{"HYRIV_ID":20837042,"NEXT_DOWN":20836877,"MAIN_RIV":20848032,"LENGTH_KM":4.96,"CATCH_SKM":20.120001,"DIS_AV_CMS":0.003,"ORD_STRA":1,"ORD_FLOW":9},"geometry":{"type":"LineString","coordinates":[[37.72916666666566,26.81041666666645],[37.73958333333229,26.81041666666645],[37.7479166666657,26.81874999999976],[37.76041666666569,26.81874999999976],[37.764583333332325,26.822916666666423],[37.77291666666565,26.822916666666423]]}},{"type":"Feature","properties":{"HYRIV_ID":20837043,"NEXT_DOWN":20837102,"MAIN_RIV":20848032,"LENGTH_KM":1.24,"CATCH_SKM":9.3900003,"DIS_AV_CMS":0.029,"ORD_STRA":2,"ORD_FLOW":8},"geometry":{"type":"LineString","coordinates":[[38.002083333332365,26.81874999999976],[37.99791666666562,26.814583333333097],[38.002083333332365,26.81041666666645]]}},{"type":"Feature","properties":{"HYRIV_ID":20837099,"NEXT_DOWN":20837203,"MAIN_RIV":20838781,"LENGTH_KM":2.33,"CATCH_SKM":4.6,"DIS_AV_CMS":0.177,"ORD_STRA":4,"ORD_FLOW":7},"geometry":{"type":"LineString","coordinates":[[36.318749999999085,26.822916666666423],[36.31041666666576,26.814583333333097],[36.31041666666576,26.81041666666645],[36.31458333333242,26.806249999999785]]}},{"type":"Feature","properties":{"HYRIV_ID":20837100,"NEXT_DOWN":20837142,"MAIN_RIV":20838781,"LENGTH_KM":1.08,"CATCH_SKM":1.72,"DIS_AV_CMS":0.098,"ORD_STRA":3,"ORD_FLOW":8},"geometry":{"type":"LineString","coordinates":[[37.03541666666567,26.806249999999785],[37.031249999999034,26.81041666666645],[37.031249999999034,26.814583333333097]]}},{"type":"Feature","properties":{"HYRIV_ID":20837101,"NEXT_DOWN":20837209,"MAIN_RIV":20848032,"LENGTH_KM":11.26,"CATCH_SKM":35.619999,"DIS_AV_CMS":1.461,"ORD_STRA":5,"ORD_FLOW":6},"geometry":{"type":"LineString","coordinates":[[37.97291666666567,26.889583333333128],[37.97291666666567,26.877083333333097],[37.956249999999045,26.86041666666643],[37.956249999999045,26.847916666666457],[37.947916666665634,26.83958333333309],[37.947916666665634,26.83541666666644],[37.95208333333238,26.83541666666644],[37.96041666666571,26.827083333333114],[37.96041666666571,26.81874999999976],[37.96458333333237,26.814583333333097],[37.96458333333237,26.81041666666645],[37.968749999999034,26.806249999999785]]}},{"type":"Feature","properties":{"HYRIV_ID":20837102,"NEXT_DOWN":20837209,"MAIN_RIV":20848032,"LENGTH_KM":3.52,"CATCH_SKM":11.5,"DIS_AV_CMS":0.101,"ORD_STRA":3,"ORD_FLOW":7},"geometry":{"type":"LineString","coordinates":[[38.002083333332365,26.81041666666645],[37.99791666666562,26.806249999999785],[37.968749999999034,26.806249999999785]]}},{"type":"Feature","properties":{"HYRIV_ID":20837140,"NEXT_DOWN":20837393,"MAIN_RIV":20838781,"LENGTH_KM":2.27,"CATCH_SKM":14.75,"DIS_AV_CMS":0.002,"ORD_STRA":1,"ORD_FLOW":9},"geometry":{"type":"LineString","coordinates":[[36.54583333333238,26.79999999999975],[36.53958333333239,26.806249999999785],[36.53958333333239,26.814583333333097],[36.53541666666575,26.814583333333097]]}},{"type":"Feature","properties":{"HYRIV_ID":20837141,"NEXT_DOWN":20837258,"MAIN_RIV":20838781,"LENGTH_KM":3.86,"CATCH_SKM":10.73,"DIS_AV_CMS":0.137,"ORD_STRA":3,"ORD_FLOW":7},"geometry":{"type":"LineString","coordinates":[[36.860416666665685,26.83541666666644],[36.860416666665685,26.81041666666645],[36.86458333333235,26.806249999999785],[36.86458333333235,26.802083333333123]]}},{"type":"Feature","properties":{"HYRIV_ID":20837142,"NEXT_DOWN":20837258,"MAIN_RIV":20838781,"LENGTH_KM":23.16,"CATCH_SKM":70.099998,"DIS_AV_CMS":0.185,"ORD_STRA":3,"ORD_FLOW":7},"geometry":{"type":"LineString","coordinates":[[37.031249999999034,26.814583333333097],[37.02708333333237,26.814583333333097],[37.018749999999045,26.822916666666423],[37.018749999999045,26.831249999999777],[37.02291666666571,26.83541666666644],[37.01458333333238,26.84374999999975],[37.01041666666572,26.84374999999975],[37.006249999999056,26.847916666666457],[37.00208333333234,26.847916666666457],[36.997916666665674,26.852083333333105],[36.98124999999902,26.852083333333105],[36.97708333333239,26.847916666666457],[36.9645833333324,26.847916666666457],[36.960416666665736,26.84374999999975],[36.95624999999899,26.84374999999975],[36.952083333332354,26.847916666666457],[36.94374999999903,26.847916666666457],[36.939583333332365,26.84374999999975],[36.9354166666657,26.84374999999975],[36.93124999999904,26.83958333333309],[36.92708333333238,26.83958333333309],[36.92291666666574,26.83541666666644],[36.91874999999908,26.83541666666644],[36.91458333333233,26.831249999999777],[36.906249999999005,26.831249999999777],[36.90208333333234,26.827083333333114],[36.89791666666571,26.827083333333114],[36.893749999999045,26.822916666666423],[36.88541666666572,26.822916666666423],[36.88124999999897,26.81874999999976],[36.87708333333231,26.81874999999976],[36.872916666665674,26.814583333333097],[36.872916666665674,26.806249999999785],[36.86874999999901,26.806249999999785],[36.86458333333235,26.802083333333123]]}},{"type":"Feature","properties":{"HYRIV_ID":20837143,"NEXT_DOWN":20837207,"MAIN_RIV":20838781,"LENGTH_KM":6.0,"CATCH_SKM":23.559999,"DIS_AV_CMS":0.007,"ORD_STRA":1,"ORD_FLOW":9},"geometry":{"type":"LineString","coordinates":[[36.96666666666573,26.827083333333114],[36.94791666666569,26.827083333333114],[36.92708333333238,26.806249999999785],[36.92291666666574,26.806249999999785],[36.91874999999908,26.802083333333123]]}},{"type":"Feature","properties":{"HYRIV_ID":20837144,"NEXT_DOWN":20837395,"MAIN_RIV":20838781,"LENGTH_KM":1.16,"CATCH_SKM":11.88,"DIS_AV_CMS":0.005,"ORD_STRA":1,"ORD_FLOW":9},"geometry":{"type":"LineString","coordinates":[[37.097916666665725,26.812499999999766],[37.097916666665725,26.802083333333123]]}},{"type":"Feature","properties":{"HYRIV_ID":20837145,"NEXT_DOWN":20837395,"MAIN_RIV":20838781,"LENGTH_KM":6.0500002,"CATCH_SKM":31.41,"DIS_AV_CMS":0.014,"ORD_STRA":1,"ORD_FLOW":8},"geometry":{"type":"LineString","coordinates":[[37.137499999998965,26.83958333333309],[37.131249999999,26.83958333333309],[37.10624999999905,26.814583333333097],[37.10624999999905,26.81041666666645],[37.097916666665725,26.802083333333123]]}},{"type":"Feature","properties":{"HYRIV_ID":20837146,"NEXT_DOWN":20837682,"MAIN_RIV":20848032,"LENGTH_KM":2.47,"CATCH_SKM":4.21,"DIS_AV_CMS":2.0250001,"ORD_STRA":5,"ORD_FLOW":6},"geometry":{"type":"LineString","coordinates":[[37.37708333333234,26.822916666666423],[37.37708333333234,26.814583333333097],[37.381249999999,26.81041666666645],[37.381249999999,26.802083333333123]]}},{"type":"Feature","properties":{"HYRIV_ID":20837147,"NEXT_DOWN":20837682,"MAIN_RIV":20848032,"LENGTH_KM":0.62,"CATCH_SKM":10.73,"DIS_AV_CMS":0.006,"ORD_STRA":1,"ORD_FLOW":9},"geometry":{"type":"LineString","coordinates":[[37.387499999998994,26.802083333333123],[37.381249999999,26.802083333333123]]}},{"type":"Feature","properties":{"HYRIV_ID":20837148,"NEXT_DOWN":20836494,"MAIN_RIV":20848032,"LENGTH_KM":12.88,"CATCH_SKM":35.630001,"DIS_AV_CMS":0.006,"ORD_STRA":1,"ORD_FLOW":9},"geometry":{"type":"LineString","coordinates":[[37.77499999999898,26.802083333333123],[37.785416666665725,26.802083333333123],[37.79374999999902,26.81041666666645],[37.797916666665685,26.81041666666645],[37.80208333333235,26.814583333333097],[37.80624999999901,26.814583333333097],[37.810416666665674,26.81874999999976],[37.81458333333234,26.81874999999976],[37.81874999999897,26.822916666666423],[37.831249999999045,26.822916666666423],[37.843749999999005,26.83541666666644],[37.856249999998994,26.83541666666644],[37.86041666666566,26.83958333333309],[37.86874999999904,26.83958333333309],[37.8729166666657,26.84374999999975],[37.8729166666657,26.847916666666457],[37.86874999999904,26.852083333333105]]}},{"type":"Feature","properties":{"HYRIV_ID":20837203,"NEXT_DOWN":20837357,"MAIN_RIV":20838781,"LENGTH_KM":1.08,"CATCH_SKM":6.9,"DIS_AV_CMS":0.47,"ORD_STRA":5,"ORD_FLOW":7},"geometry":{"type":"LineString","coordinates":[[36.31458333333242,26.806249999999785],[36.31041666666576,26.802083333333123],[36.31041666666576,26.79791666666643]]}},{"type":"Feature","properties":{"HYRIV_ID":20837204,"NEXT_DOWN":20837359,"MAIN_RIV":20838781,"LENGTH_KM":0.69,"CATCH_SKM":13.22,"DIS_AV_CMS":0.002,"ORD_STRA":1,"ORD_FLOW":9},"geometry":{"type":"LineString","coordinates":[[36.664583333332416,26.804166666666454],[36.664583333332416,26.79791666666643]]}},{"type":"Feature","properties":{"HYRIV_ID":20837205,"NEXT_DOWN":20837359,"MAIN_RIV":20838781,"LENGTH_KM":5.79,"CATCH_SKM":14.18,"DIS_AV_CMS":0.096,"ORD_STRA":3,"ORD_FLOW":8},"geometry":{"type":"LineString","coordinates":[[36.710416666665736,26.822916666666423],[36.693749999999,26.806249999999785],[36.689583333332365,26.806249999999785],[36.6854166666657,26.802083333333123],[36.672916666665714,26.802083333333123],[36.66874999999905,26.79791666666643],[36.664583333332416,26.79791666666643]]}},{"type":"Feature","properties":{"HYRIV_ID":20837206,"NEXT_DOWN":20837259,"MAIN_RIV":20838781,"LENGTH_KM":0.83,"CATCH_SKM":1.92,"DIS_AV_CMS":0.038,"ORD_STRA":3,"ORD_FLOW":8},"geometry":{"type":"LineString","coordinates":[[36.89791666666571,26.79791666666643],[36.88958333333238,26.79791666666643]]}},{"type":"Feature","properties":{"HYRIV_ID":20837207,"NEXT_DOWN":20837206,"MAIN_RIV":20838781,"LENGTH_KM":2.27,"CATCH_SKM":6.9,"DIS_AV_CMS":0.014,"ORD_STRA":2,"ORD_FLOW":8},"geometry":{"type":"LineString","coordinates":[[36.91874999999908,26.802083333333123],[36.90208333333234,26.802083333333123],[36.89791666666571,26.79791666666643]]}},{"type":"Feature","properties":{"HYRIV_ID":20837208,"NEXT_DOWN":20837398,"MAIN_RIV":20848032,"LENGTH_KM":4.2399998,"CATCH_SKM":17.049999,"DIS_AV_CMS":0.221,"ORD_STRA":3,"ORD_FLOW":7},"geometry":{"type":"LineString","coordinates":[[37.922916666665685,26.822916666666423],[37.93124999999901,26.814583333333097],[37.93958333333234,26.814583333333097],[37.943749999999,26.81041666666645],[37.943749999999,26.802083333333123],[37.947916666665634,26.79791666666643]]}},{"type":"Feature","properties":{"HYRIV_ID":20837209,"NEXT_DOWN":20837398,"MAIN_RIV":20848032,"LENGTH_KM":2.48,"CATCH_SKM":4.21,"DIS_AV_CMS":1.564,"ORD_STRA":5,"ORD_FLOW":6},"geometry":{"type":"LineString","coordinates":[[37.968749999999034,26.806249999999785],[37.96458333333237,26.802083333333123],[37.95208333333238,26.802083333333123],[37.947916666665634,26.79791666666643]]}},{"type":"Feature","properties":{"HYRIV_ID":20837255,"NEXT_DOWN":20837203,"MAIN_RIV":20838781,"LENGTH_KM":3.52,"CATCH_SKM":11.11,"DIS_AV_CMS":0.304,"ORD_STRA":4,"ORD_FLOW":7},"geometry":{"type":"LineString","coordinates":[[36.343749999999034,26.79374999999977],[36.33541666666571,26.802083333333123],[36.331249999999045,26.802083333333123],[36.32708333333241,26.806249999999785],[36.31458333333242,26.806249999999785]]}},{"type":"Feature","properties":{"HYRIV_ID":20837256,"NEXT_DOWN":20837255,"MAIN_RIV":20838781,"LENGTH_KM":9.5200005,"CATCH_SKM":29.700001,"DIS_AV_CMS":0.008,"ORD_STRA":2,"ORD_FLOW":9},"geometry":{"type":"LineString","coordinates":[[36.42708333333238,26.81874999999976],[36.422916666665714,26.81874999999976],[36.41874999999905,26.814583333333097],[36.41458333333239,26.814583333333097],[36.40208333333243,26.802083333333123],[36.39791666666568,26.802083333333123],[36.39374999999902,26.79791666666643],[36.35208333333236,26.79791666666643],[36.3479166666657,26.79374999999977],[36.343749999999034,26.79374999999977]]}},{"type":"Feature","properties":{"HYRIV_ID":20837257,"NEXT_DOWN":20836871,"MAIN_RIV":20838781,"LENGTH_KM":6.0,"CATCH_SKM":25.67,"DIS_AV_CMS":0.4,"ORD_STRA":4,"ORD_FLOW":7},"geometry":{"type":"LineString","coordinates":[[36.62708333333239,26.79374999999977],[36.62291666666573,26.79791666666643],[36.61874999999898,26.79791666666643],[36.610416666665685,26.806249999999785],[36.60624999999902,26.806249999999785],[36.60208333333236,26.81041666666645],[36.5979166666657,26.81041666666645],[36.593749999999034,26.814583333333097],[36.58958333333237,26.814583333333097],[36.58124999999907,26.822916666666423]]}},{"type":"Feature","properties":{"HYRIV_ID":20837258,"NEXT_DOWN":20837633,"MAIN_RIV":20838781,"LENGTH_KM":1.24,"CATCH_SKM":6.5100002,"DIS_AV_CMS":0.32100001,"ORD_STRA":4,"ORD_FLOW":7},"geometry":{"type":"LineString","coordinates":[[36.86458333333235,26.802083333333123],[36.85624999999902,26.79374999999977]]}},{"type":"Feature","properties":{"HYRIV_ID":20837259,"NEXT_DOWN":20837633,"MAIN_RIV":20838781,"LENGTH_KM":3.52,"CATCH_SKM":9.58,"DIS_AV_CMS":0.043,"ORD_STRA":3,"ORD_FLOW":8},"geometry":{"type":"LineString","coordinates":[[36.88958333333238,26.79791666666643],[36.87708333333231,26.79791666666643],[36.872916666665674,26.79374999999977],[36.85624999999902,26.79374999999977]]}},{"type":"Feature","properties":{"HYRIV_ID":20837260,"NEXT_DOWN":20837207,"MAIN_RIV":20838781,"LENGTH_KM":3.72,"CATCH_SKM":17.629999,"DIS_AV_CMS":0.005,"ORD_STRA":1,"ORD_FLOW":9},"geometry":{"type":"LineString","coordinates":[[36.94999999999902,26.79791666666643],[36.94374999999903,26.79791666666643],[36.939583333332365,26.79374999999977],[36.9354166666657,26.79791666666643],[36.92291666666574,26.79791666666643],[36.91874999999908,26.802083333333123]]}},{"type":"Feature","properties":{"HYRIV_ID":20837261,"NEXT_DOWN":20837100,"MAIN_RIV":20838781,"LENGTH_KM":1.78,"CATCH_SKM":15.33,"DIS_AV_CMS":0.006,"ORD_STRA":1,"ORD_FLOW":9},"geometry":{"type":"LineString","coordinates":[[37.031249999999034,26.791666666666437],[37.031249999999034,26.802083333333123],[37.03541666666567,26.806249999999785]]}},{"type":"Feature","properties":{"HYRIV_ID":20837315,"NEXT_DOWN":20837257,"MAIN_RIV":20838781,"LENGTH_KM":0.93,"CATCH_SKM":12.46,"DIS_AV_CMS":0.002,"ORD_STRA":1,"ORD_FLOW":9},"geometry":{"type":"LineString","coordinates":[[36.620833333332314,26.787499999999774],[36.62708333333239,26.79374999999977]]}},{"type":"Feature","properties":{"HYRIV_ID":20837316,"NEXT_DOWN":20836877,"MAIN_RIV":20848032,"LENGTH_KM":5.79,"CATCH_SKM":18.01,"DIS_AV_CMS":0.003,"ORD_STRA":1,"ORD_FLOW":9},"geometry":{"type":"LineString","coordinates":[[37.73749999999896,26.787499999999774],[37.7479166666657,26.79791666666643],[37.752083333332365,26.79791666666643],[37.75624999999903,26.802083333333123],[37.75624999999903,26.806249999999785],[37.76041666666569,26.81041666666645],[37.764583333332325,26.81041666666645],[37.77291666666565,26.81874999999976],[37.77291666666565,26.822916666666423]]}},{"type":"Feature","properties":{"HYRIV_ID":20837357,"NEXT_DOWN":20837453,"MAIN_RIV":20838781,"LENGTH_KM":2.28,"CATCH_SKM":6.3200002,"DIS_AV_CMS":0.449,"ORD_STRA":5,"ORD_FLOW":7},"geometry":{"type":"LineString","coordinates":[[36.31041666666576,26.79791666666643],[36.30624999999901,26.79374999999977],[36.30208333333235,26.79374999999977],[36.29374999999905,26.785416666666457]]}},{"type":"Feature","properties":{"HYRIV_ID":20837358,"NEXT_DOWN":20837257,"MAIN_RIV":20838781,"LENGTH_KM":2.48,"CATCH_SKM":7.8600001,"DIS_AV_CMS":0.424,"ORD_STRA":4,"ORD_FLOW":7},"geometry":{"type":"LineString","coordinates":[[36.64791666666568,26.785416666666457],[36.64374999999902,26.785416666666457],[36.63958333333238,26.789583333333105],[36.63541666666572,26.789583333333105],[36.631249999999056,26.79374999999977],[36.62708333333239,26.79374999999977]]}},{"type":"Feature","properties":{"HYRIV_ID":20837359,"NEXT_DOWN":20837358,"MAIN_RIV":20838781,"LENGTH_KM":2.28,"CATCH_SKM":3.6400001,"DIS_AV_CMS":0.096,"ORD_STRA":3,"ORD_FLOW":8},"geometry":{"type":"LineString","coordinates":[[36.664583333332416,26.79791666666643],[36.65208333333234,26.785416666666457],[36.64791666666568,26.785416666666457]]}},{"type":"Feature","properties":{"HYRIV_ID":20837360,"NEXT_DOWN":20837259,"MAIN_RIV":20838781,"LENGTH_KM":2.02,"CATCH_SKM":14.95,"DIS_AV_CMS":0.004,"ORD_STRA":1,"ORD_FLOW":9},"geometry":{"type":"LineString","coordinates":[[36.89999999999904,26.783333333333125],[36.88958333333238,26.79374999999977],[36.88958333333238,26.79791666666643]]}},{"type":"Feature","properties":{"HYRIV_ID":20837393,"NEXT_DOWN":20837584,"MAIN_RIV":20838781,"LENGTH_KM":7.71,"CATCH_SKM":25.860001,"DIS_AV_CMS":0.366,"ORD_STRA":4,"ORD_FLOW":7},"geometry":{"type":"LineString","coordinates":[[36.53541666666575,26.814583333333097],[36.52708333333234,26.814583333333097],[36.51874999999902,26.806249999999785],[36.50208333333239,26.806249999999785],[36.49791666666573,26.802083333333123],[36.49374999999907,26.802083333333123],[36.48958333333232,26.79791666666643],[36.48958333333232,26.79374999999977],[36.47708333333236,26.781249999999794]]}},{"type":"Feature","properties":{"HYRIV_ID":20837394,"NEXT_DOWN":20837100,"MAIN_RIV":20838781,"LENGTH_KM":5.79,"CATCH_SKM":23.0,"DIS_AV_CMS":0.091,"ORD_STRA":3,"ORD_FLOW":8},"geometry":{"type":"LineString","coordinates":[[37.08124999999902,26.781249999999794],[37.064583333332365,26.781249999999794],[37.039583333332416,26.806249999999785],[37.03541666666567,26.806249999999785]]}},{"type":"Feature","properties":{"HYRIV_ID":20837395,"NEXT_DOWN":20837394,"MAIN_RIV":20838781,"LENGTH_KM":3.2,"CATCH_SKM":8.62,"DIS_AV_CMS":0.023,"ORD_STRA":2,"ORD_FLOW":8},"geometry":{"type":"LineString","coordinates":[[37.097916666665725,26.802083333333123],[37.097916666665725,26.79791666666643],[37.089583333332314,26.789583333333105],[37.08541666666565,26.789583333333105],[37.08124999999902,26.785416666666457],[37.08124999999902,26.781249999999794]]}},{"type":"Feature","properties":{"HYRIV_ID":20837396,"NEXT_DOWN":20837394,"MAIN_RIV":20838781,"LENGTH_KM":8.6899996,"CATCH_SKM":33.91,"DIS_AV_CMS":0.016,"ORD_STRA":1,"ORD_FLOW":8},"geometry":{"type":"LineString","coordinates":[[37.158333333332365,26.802083333333123],[37.13541666666566,26.802083333333123],[37.122916666665674,26.789583333333105],[37.11458333333235,26.789583333333105],[37.110416666665685,26.785416666666457],[37.10208333333239,26.785416666666457],[37.097916666665725,26.781249999999794],[37.08124999999902,26.781249999999794]]}},{"type":"Feature","properties":{"HYRIV_ID":20837397,"NEXT_DOWN":20837543,"MAIN_RIV":20848032,"LENGTH_KM":3.05,"CATCH_SKM":24.15,"DIS_AV_CMS":0.009,"ORD_STRA":1,"ORD_FLOW":9},"geometry":{"type":"LineString","coordinates":[[37.83333333333238,26.77916666666642],[37.843749999999005,26.789583333333105],[37.84791666666567,26.789583333333105],[37.85208333333233,26.79374999999977],[37.85208333333233,26.79791666666643]]}},{"type":"Feature","properties":{"HYRIV_ID":20837398,"NEXT_DOWN":20837544,"MAIN_RIV":20848032,"LENGTH_KM":2.01,"CATCH_SKM":2.87,"DIS_AV_CMS":1.7869999,"ORD_STRA":5,"ORD_FLOW":6},"geometry":{"type":"LineString","coordinates":[[37.947916666665634,26.79791666666643],[37.947916666665634,26.785416666666457],[37.943749999999,26.781249999999794]]}},{"type":"Feature","properties":{"HYRIV_ID":20837452,"NEXT_DOWN":20837490,"MAIN_RIV":20838781,"LENGTH_KM":2.24,"CATCH_SKM":24.139999,"DIS_AV_CMS":0.003,"ORD_STRA":1,"ORD_FLOW":9},"geometry":{"type":"LineString","coordinates":[[36.25624999999903,26.795833333333142],[36.25624999999903,26.785416666666457],[36.26041666666569,26.781249999999794],[36.26041666666569,26.77708333333309]]}},{"type":"Feature","properties":{"HYRIV_ID":20837453,"NEXT_DOWN":20837490,"MAIN_RIV":20838781,"LENGTH_KM":4.14,"CATCH_SKM":12.26,"DIS_AV_CMS":0.40400001,"ORD_STRA":5,"ORD_FLOW":7},"geometry":{"type":"LineString","coordinates":[[36.29374999999905,26.785416666666457],[36.28124999999906,26.785416666666457],[36.27291666666568,26.77708333333309],[36.26874999999902,26.77708333333309],[36.264583333332354,26.781249999999794],[36.26041666666569,26.77708333333309]]}},{"type":"Feature","properties":{"HYRIV_ID":20837454,"NEXT_DOWN":20837584,"MAIN_RIV":20838781,"LENGTH_KM":3.52,"CATCH_SKM":20.120001,"DIS_AV_CMS":0.003,"ORD_STRA":1,"ORD_FLOW":9},"geometry":{"type":"LineString","coordinates":[[36.50833333333239,26.781249999999794],[36.49374999999907,26.781249999999794],[36.48958333333232,26.77708333333309],[36.48124999999902,26.77708333333309],[36.47708333333236,26.781249999999794]]}},{"type":"Feature","properties":{"HYRIV_ID":20837455,"NEXT_DOWN":20837494,"MAIN_RIV":20838781,"LENGTH_KM":5.73,"CATCH_SKM":27.59,"DIS_AV_CMS":0.005,"ORD_STRA":1,"ORD_FLOW":9},"geometry":{"type":"LineString","coordinates":[[36.799999999999045,26.820833333333134],[36.79374999999908,26.814583333333097],[36.79374999999908,26.81041666666645],[36.78541666666575,26.802083333333123],[36.78541666666575,26.785416666666457],[36.789583333332416,26.781249999999794],[36.78541666666575,26.77708333333309]]}},{"type":"Feature","properties":{"HYRIV_ID":20837456,"NEXT_DOWN":20837206,"MAIN_RIV":20838781,"LENGTH_KM":5.1700001,"CATCH_SKM":10.73,"DIS_AV_CMS":0.025,"ORD_STRA":2,"ORD_FLOW":8},"geometry":{"type":"LineString","coordinates":[[36.939583333332365,26.77708333333309],[36.92708333333238,26.77708333333309],[36.91458333333233,26.789583333333105],[36.91041666666567,26.789583333333105],[36.90208333333234,26.79791666666643],[36.89791666666571,26.79791666666643]]}},{"type":"Feature","properties":{"HYRIV_ID":20837457,"NEXT_DOWN":20837456,"MAIN_RIV":20838781,"LENGTH_KM":4.8600001,"CATCH_SKM":22.8,"DIS_AV_CMS":0.007,"ORD_STRA":1,"ORD_FLOW":9},"geometry":{"type":"LineString","coordinates":[[36.983333333332354,26.774999999999757],[36.97708333333239,26.781249999999794],[36.94374999999903,26.781249999999794],[36.939583333332365,26.77708333333309]]}},{"type":"Feature","properties":{"HYRIV_ID":20837490,"NEXT_DOWN":20837678,"MAIN_RIV":20838781,"LENGTH_KM":0.62,"CATCH_SKM":0.57,"DIS_AV_CMS":0.40200001,"ORD_STRA":5,"ORD_FLOW":7},"geometry":{"type":"LineString","coordinates":[[36.26041666666569,26.77708333333309],[36.25624999999903,26.772916666666426]]}},{"type":"Feature","properties":{"HYRIV_ID":20837491,"NEXT_DOWN":20837358,"MAIN_RIV":20838781,"LENGTH_KM":1.86,"CATCH_SKM":3.07,"DIS_AV_CMS":0.34,"ORD_STRA":4,"ORD_FLOW":7},"geometry":{"type":"LineString","coordinates":[[36.66041666666567,26.772916666666426],[36.64791666666568,26.785416666666457]]}},{"type":"Feature","properties":{"HYRIV_ID":20837492,"NEXT_DOWN":20837491,"MAIN_RIV":20838781,"LENGTH_KM":1.24,"CATCH_SKM":1.53,"DIS_AV_CMS":0.34,"ORD_STRA":4,"ORD_FLOW":7},"geometry":{"type":"LineString","coordinates":[[36.672916666665714,26.772916666666426],[36.66041666666567,26.772916666666426]]}},{"type":"Feature","properties":{"HYRIV_ID":20837493,"NEXT_DOWN":20837492,"MAIN_RIV":20838781,"LENGTH_KM":5.79,"CATCH_SKM":25.1,"DIS_AV_CMS":0.329,"ORD_STRA":4,"ORD_FLOW":7},"geometry":{"type":"LineString","coordinates":[[36.72708333333236,26.772916666666426],[36.689583333332365,26.772916666666426],[36.6854166666657,26.77708333333309],[36.68124999999904,26.77708333333309],[36.67708333333238,26.772916666666426],[36.672916666665714,26.772916666666426]]}},{"type":"Feature","properties":{"HYRIV_ID":20837494,"NEXT_DOWN":20837493,"MAIN_RIV":20838781,"LENGTH_KM":7.5,"CATCH_SKM":25.68,"DIS_AV_CMS":0.341,"ORD_STRA":4,"ORD_FLOW":7},"geometry":{"type":"LineString","coordinates":[[36.78541666666575,26.77708333333309],[36.77708333333234,26.77708333333309],[36.768749999999045,26.785416666666457],[36.76041666666572,26.785416666666457],[36.756249999999056,26.789583333333105],[36.73958333333235,26.789583333333105],[36.73124999999902,26.781249999999794],[36.73124999999902,26.77708333333309],[36.72708333333236,26.772916666666426]]}},{"type":"Feature","properties":{"HYRIV_ID":20837495,"NEXT_DOWN":20837943,"MAIN_RIV":20848032,"LENGTH_KM":3.77,"CATCH_SKM":34.490002,"DIS_AV_CMS":0.018,"ORD_STRA":1,"ORD_FLOW":8},"geometry":{"type":"LineString","coordinates":[[37.29999999999907,26.781249999999794],[37.31874999999903,26.781249999999794],[37.32291666666569,26.77708333333309],[37.32291666666569,26.772916666666426],[37.33124999999902,26.772916666666426]]}},{"type":"Feature","properties":{"HYRIV_ID":20837496,"NEXT_DOWN":20837943,"MAIN_RIV":20848032,"LENGTH_KM":0.69,"CATCH_SKM":10.73,"DIS_AV_CMS":0.006,"ORD_STRA":1,"ORD_FLOW":9},"geometry":{"type":"LineString","coordinates":[[37.33124999999902,26.77916666666642],[37.33124999999902,26.772916666666426]]}},{"type":"Feature","properties":{"HYRIV_ID":20837497,"NEXT_DOWN":20838094,"MAIN_RIV":20848032,"LENGTH_KM":3.33,"CATCH_SKM":14.18,"DIS_AV_CMS":0.007,"ORD_STRA":1,"ORD_FLOW":9},"geometry":{"type":"LineString","coordinates":[[37.4979166666657,26.79999999999975],[37.4979166666657,26.789583333333105],[37.50208333333234,26.785416666666457],[37.50208333333234,26.781249999999794],[37.506249999999,26.77708333333309],[37.506249999999,26.772916666666426]]}},{"type":"Feature","properties":{"HYRIV_ID":20837498,"NEXT_DOWN":20838094,"MAIN_RIV":20848032,"LENGTH_KM":6.04,"CATCH_SKM":19.93,"DIS_AV_CMS":0.041,"ORD_STRA":2,"ORD_FLOW":8},"geometry":{"type":"LineString","coordinates":[[37.522916666665736,26.81874999999976],[37.522916666665736,26.814583333333097],[37.52708333333237,26.81041666666645],[37.51874999999899,26.802083333333123],[37.51874999999899,26.79374999999977],[37.51041666666566,26.785416666666457],[37.51041666666566,26.77708333333309],[37.506249999999,26.772916666666426]]}},{"type":"Feature","properties":{"HYRIV_ID":20837499,"NEXT_DOWN":20837685,"MAIN_RIV":20848032,"LENGTH_KM":6.3600001,"CATCH_SKM":27.59,"DIS_AV_CMS":0.011,"ORD_STRA":1,"ORD_FLOW":8},"geometry":{"type":"LineString","coordinates":[[37.61666666666571,26.81666666666643],[37.58541666666568,26.785416666666457],[37.58541666666568,26.781249999999794],[37.57708333333238,26.772916666666426]]}},{"type":"Feature","properties":{"HYRIV_ID":20837500,"NEXT_DOWN":20837685,"MAIN_RIV":20848032,"LENGTH_KM":3.52,"CATCH_SKM":18.389999,"DIS_AV_CMS":0.008,"ORD_STRA":1,"ORD_FLOW":9},"geometry":{"type":"LineString","coordinates":[[37.6083333333323,26.781249999999794],[37.593749999999005,26.781249999999794],[37.58541666666568,26.772916666666426],[37.57708333333238,26.772916666666426]]}},{"type":"Feature","properties":{"HYRIV_ID":20837542,"NEXT_DOWN":20837543,"MAIN_RIV":20848032,"LENGTH_KM":11.02,"CATCH_SKM":42.540001,"DIS_AV_CMS":0.012,"ORD_STRA":1,"ORD_FLOW":8},"geometry":{"type":"LineString","coordinates":[[37.762499999998994,26.768749999999777],[37.7770833333324,26.768749999999777],[37.7770833333324,26.772916666666426],[37.78124999999906,26.77708333333309],[37.785416666665725,26.77708333333309],[37.78958333333236,26.781249999999794],[37.79374999999902,26.781249999999794],[37.797916666665685,26.785416666666457],[37.80624999999901,26.785416666666457],[37.810416666665674,26.789583333333105],[37.81458333333234,26.789583333333105],[37.82291666666572,26.79791666666643],[37.82708333333238,26.79791666666643],[37.831249999999045,26.802083333333123],[37.83541666666571,26.79791666666643],[37.85208333333233,26.79791666666643]]}},{"type":"Feature","properties":{"HYRIV_ID":20837543,"NEXT_DOWN":20837634,"MAIN_RIV":20848032,"LENGTH_KM":10.14,"CATCH_SKM":18.780001,"DIS_AV_CMS":0.027,"ORD_STRA":2,"ORD_FLOW":8},"geometry":{"type":"LineString","coordinates":[[37.85208333333233,26.79791666666643],[37.856249999998994,26.79791666666643],[37.86041666666566,26.802083333333123],[37.864583333332405,26.79791666666643],[37.8729166666657,26.79791666666643],[37.877083333332365,26.79374999999977],[37.89374999999899,26.79374999999977],[37.9020833333324,26.785416666666457],[37.91458333333239,26.785416666666457],[37.92708333333235,26.772916666666426],[37.93124999999901,26.772916666666426],[37.935416666665674,26.768749999999777]]}},{"type":"Feature","properties":{"HYRIV_ID":20837544,"NEXT_DOWN":20837634,"MAIN_RIV":20848032,"LENGTH_KM":1.71,"CATCH_SKM":3.6400001,"DIS_AV_CMS":1.803,"ORD_STRA":5,"ORD_FLOW":6},"geometry":{"type":"LineString","coordinates":[[37.943749999999,26.781249999999794],[37.93958333333234,26.77708333333309],[37.93958333333234,26.772916666666426],[37.935416666665674,26.768749999999777]]}},{"type":"Feature","properties":{"HYRIV_ID":20837545,"NEXT_DOWN":20837544,"MAIN_RIV":20848032,"LENGTH_KM":4.5500002,"CATCH_SKM":24.15,"DIS_AV_CMS":0.014,"ORD_STRA":1,"ORD_FLOW":8},"geometry":{"type":"LineString","coordinates":[[37.983333333332325,26.768749999999777],[37.97291666666567,26.768749999999777],[37.96458333333237,26.77708333333309],[37.96041666666571,26.77708333333309],[37.956249999999045,26.781249999999794],[37.943749999999,26.781249999999794]]}},{"type":"Feature","properties":{"HYRIV_ID":20837582,"NEXT_DOWN":20837357,"MAIN_RIV":20838781,"LENGTH_KM":5.54,"CATCH_SKM":20.32,"DIS_AV_CMS":0.003,"ORD_STRA":1,"ORD_FLOW":9},"geometry":{"type":"LineString","coordinates":[[36.345833333332365,26.762499999999783],[36.32708333333241,26.781249999999794],[36.32708333333241,26.785416666666457],[36.31458333333242,26.79791666666643],[36.31041666666576,26.79791666666643]]}},{"type":"Feature","properties":{"HYRIV_ID":20837583,"NEXT_DOWN":20837255,"MAIN_RIV":20838781,"LENGTH_KM":8.4799995,"CATCH_SKM":37.57,"DIS_AV_CMS":0.32600001,"ORD_STRA":4,"ORD_FLOW":7},"geometry":{"type":"LineString","coordinates":[[36.41458333333239,26.764583333333114],[36.406249999999005,26.764583333333114],[36.40208333333243,26.768749999999777],[36.37708333333239,26.768749999999777],[36.37291666666573,26.772916666666426],[36.364583333332405,26.772916666666426],[36.343749999999034,26.79374999999977]]}},{"type":"Feature","properties":{"HYRIV_ID":20837584,"NEXT_DOWN":20837583,"MAIN_RIV":20838781,"LENGTH_KM":7.4499998,"CATCH_SKM":27.98,"DIS_AV_CMS":0.31400001,"ORD_STRA":4,"ORD_FLOW":7},"geometry":{"type":"LineString","coordinates":[[36.47708333333236,26.781249999999794],[36.468749999999034,26.781249999999794],[36.46041666666571,26.772916666666426],[36.44791666666575,26.772916666666426],[36.443749999999085,26.768749999999777],[36.43124999999904,26.768749999999777],[36.42708333333238,26.772916666666426],[36.422916666665714,26.768749999999777],[36.41874999999905,26.768749999999777],[36.41458333333239,26.764583333333114]]}},{"type":"Feature","properties":{"HYRIV_ID":20837631,"NEXT_DOWN":20837453,"MAIN_RIV":20838781,"LENGTH_KM":3.48,"CATCH_SKM":19.360001,"DIS_AV_CMS":0.003,"ORD_STRA":1,"ORD_FLOW":9},"geometry":{"type":"LineString","coordinates":[[36.30624999999901,26.75833333333309],[36.30624999999901,26.764583333333114],[36.29374999999905,26.77708333333309],[36.29374999999905,26.785416666666457]]}},{"type":"Feature","properties":{"HYRIV_ID":20837632,"NEXT_DOWN":20837494,"MAIN_RIV":20838781,"LENGTH_KM":5.3800001,"CATCH_SKM":27.41,"DIS_AV_CMS":0.36,"ORD_STRA":4,"ORD_FLOW":7},"geometry":{"type":"LineString","coordinates":[[36.83124999999907,26.76041666666645],[36.82291666666569,26.76041666666645],[36.81874999999903,26.764583333333114],[36.80624999999904,26.764583333333114],[36.80208333333238,26.768749999999777],[36.797916666665714,26.768749999999777],[36.79374999999908,26.772916666666426],[36.789583333332416,26.772916666666426],[36.78541666666575,26.77708333333309]]}},{"type":"Feature","properties":{"HYRIV_ID":20837633,"NEXT_DOWN":20837632,"MAIN_RIV":20838781,"LENGTH_KM":4.6500001,"CATCH_SKM":14.95,"DIS_AV_CMS":0.353,"ORD_STRA":4,"ORD_FLOW":7},"geometry":{"type":"LineString","coordinates":[[36.85624999999902,26.79374999999977],[36.85208333333236,26.789583333333105],[36.85208333333236,26.785416666666457],[36.847916666665725,26.781249999999794],[36.847916666665725,26.77708333333309],[36.83124999999907,26.76041666666645]]}},{"type":"Feature","properties":{"HYRIV_ID":20837634,"NEXT_DOWN":20837856,"MAIN_RIV":20848032,"LENGTH_KM":1.66,"CATCH_SKM":4.6,"DIS_AV_CMS":1.832,"ORD_STRA":5,"ORD_FLOW":6},"geometry":{"type":"LineString","coordinates":[[37.935416666665674,26.768749999999777],[37.93124999999901,26.764583333333114],[37.92708333333235,26.764583333333114],[37.922916666665685,26.76041666666645]]}},{"type":"Feature","properties":{"HYRIV_ID":20837676,"NEXT_DOWN":0,"MAIN_RIV":20837676,"LENGTH_KM":11.84,"CATCH_SKM":53.07,"DIS_AV_CMS":0.007,"ORD_STRA":1,"ORD_FLOW":9},"geometry":{"type":"LineString","coordinates":[[36.17083333333238,26.824999999999783],[36.16458333333239,26.81874999999976],[36.160416666665725,26.81874999999976],[36.15624999999906,26.814583333333097],[36.15624999999906,26.81041666666645],[36.147916666665736,26.802083333333123],[36.147916666665736,26.79374999999977],[36.11874999999904,26.764583333333114],[36.114583333332405,26.764583333333114],[36.11041666666574,26.76041666666645],[36.09791666666567,26.76041666666645],[36.093749999999005,26.75624999999976]]}},{"type":"Feature","properties":{"HYRIV_ID":20837677,"NEXT_DOWN":20838154,"MAIN_RIV":20838781,"LENGTH_KM":2.79,"CATCH_SKM":16.1,"DIS_AV_CMS":0.002,"ORD_STRA":1,"ORD_FLOW":9},"geometry":{"type":"LineString","coordinates":[[36.2166666666657,26.772916666666426],[36.2229166666657,26.772916666666426],[36.22708333333233,26.768749999999777],[36.22708333333233,26.764583333333114],[36.23124999999908,26.76041666666645],[36.23124999999908,26.75624999999976]]}},{"type":"Feature","properties":{"HYRIV_ID":20837678,"NEXT_DOWN":20838154,"MAIN_RIV":20838781,"LENGTH_KM":3.31,"CATCH_SKM":6.9,"DIS_AV_CMS":0.368,"ORD_STRA":5,"ORD_FLOW":7},"geometry":{"type":"LineString","coordinates":[[36.25624999999903,26.772916666666426],[36.252083333332365,26.772916666666426],[36.24791666666573,26.768749999999777],[36.24374999999907,26.768749999999777],[36.23124999999908,26.75624999999976]]}},{"type":"Feature","properties":{"HYRIV_ID":20837679,"NEXT_DOWN":20837583,"MAIN_RIV":20838781,"LENGTH_KM":1.24,"CATCH_SKM":1.34,"DIS_AV_CMS":0.084,"ORD_STRA":3,"ORD_FLOW":8},"geometry":{"type":"LineString","coordinates":[[36.422916666665714,26.75624999999976],[36.41458333333239,26.764583333333114]]}},{"type":"Feature","properties":{"HYRIV_ID":20837680,"NEXT_DOWN":20837394,"MAIN_RIV":20838781,"LENGTH_KM":4.14,"CATCH_SKM":17.25,"DIS_AV_CMS":0.041,"ORD_STRA":2,"ORD_FLOW":8},"geometry":{"type":"LineString","coordinates":[[37.110416666665685,26.75624999999976],[37.10624999999905,26.76041666666645],[37.10208333333239,26.76041666666645],[37.08124999999902,26.781249999999794]]}},{"type":"Feature","properties":{"HYRIV_ID":20837681,"NEXT_DOWN":20837680,"MAIN_RIV":20838781,"LENGTH_KM":6.21,"CATCH_SKM":32.009998,"DIS_AV_CMS":0.015,"ORD_STRA":1,"ORD_FLOW":8},"geometry":{"type":"LineString","coordinates":[[37.162499999999,26.76041666666645],[37.156249999999034,26.76041666666645],[37.15208333333237,26.764583333333114],[37.14791666666571,26.764583333333114],[37.143749999999045,26.768749999999777],[37.13958333333238,26.768749999999777],[37.13541666666566,26.764583333333114],[37.122916666665674,26.764583333333114],[37.11874999999901,26.76041666666645],[37.11458333333235,26.76041666666645],[37.110416666665685,26.75624999999976]]}},{"type":"Feature","properties":{"HYRIV_ID":20837682,"NEXT_DOWN":20837944,"MAIN_RIV":20848032,"LENGTH_KM":7.7600002,"CATCH_SKM":23.0,"DIS_AV_CMS":2.099,"ORD_STRA":5,"ORD_FLOW":6},"geometry":{"type":"LineString","coordinates":[[37.381249999999,26.802083333333123],[37.37708333333234,26.79791666666643],[37.37708333333234,26.79374999999977],[37.38541666666566,26.785416666666457],[37.389583333332325,26.785416666666457],[37.39374999999907,26.781249999999794],[37.39791666666571,26.781249999999794],[37.40208333333237,26.77708333333309],[37.406249999999034,26.77708333333309],[37.422916666665685,26.76041666666645],[37.422916666665685,26.75624999999976]]}},{"type":"Feature","properties":{"HYRIV_ID":20837683,"NEXT_DOWN":20837944,"MAIN_RIV":20848032,"LENGTH_KM":5.8600001,"CATCH_SKM":22.42,"DIS_AV_CMS":0.012,"ORD_STRA":1,"ORD_FLOW":8},"geometry":{"type":"LineString","coordinates":[[37.443749999999056,26.787499999999774],[37.443749999999056,26.772916666666426],[37.43541666666573,26.772916666666426],[37.43541666666573,26.764583333333114],[37.43958333333239,26.76041666666645],[37.43541666666573,26.75624999999976],[37.422916666665685,26.75624999999976]]}},{"type":"Feature","properties":{"HYRIV_ID":20837684,"NEXT_DOWN":20838241,"MAIN_RIV":20848032,"LENGTH_KM":12.97,"CATCH_SKM":46.549999,"DIS_AV_CMS":0.02,"ORD_STRA":1,"ORD_FLOW":8},"geometry":{"type":"LineString","coordinates":[[37.59583333333234,26.84999999999979],[37.58541666666568,26.83958333333309],[37.58541666666568,26.827083333333114],[37.57708333333238,26.81874999999976],[37.57291666666572,26.81874999999976],[37.55624999999898,26.802083333333123],[37.56041666666573,26.79791666666643],[37.56041666666573,26.785416666666457],[37.547916666665685,26.772916666666426],[37.547916666665685,26.764583333333114],[37.54374999999902,26.76041666666645],[37.54374999999902,26.75624999999976]]}},{"type":"Feature","properties":{"HYRIV_ID":20837685,"NEXT_DOWN":20838241,"MAIN_RIV":20848032,"LENGTH_KM":4.14,"CATCH_SKM":7.0900002,"DIS_AV_CMS":0.022,"ORD_STRA":2,"ORD_FLOW":8},"geometry":{"type":"LineString","coordinates":[[37.57708333333238,26.772916666666426],[37.57291666666572,26.768749999999777],[37.568749999999056,26.768749999999777],[37.56458333333239,26.764583333333114],[37.56041666666573,26.764583333333114],[37.55208333333235,26.75624999999976],[37.54374999999902,26.75624999999976]]}},{"type":"Feature","properties":{"HYRIV_ID":20837727,"NEXT_DOWN":20837678,"MAIN_RIV":20838781,"LENGTH_KM":3.6900001,"CATCH_SKM":15.53,"DIS_AV_CMS":0.002,"ORD_STRA":1,"ORD_FLOW":9},"geometry":{"type":"LineString","coordinates":[[36.27291666666568,26.749999999999766],[36.27291666666568,26.75624999999976],[36.26874999999902,26.76041666666645],[36.264583333332354,26.76041666666645],[36.26041666666569,26.764583333333114],[36.26041666666569,26.772916666666426],[36.25624999999903,26.772916666666426]]}},{"type":"Feature","properties":{"HYRIV_ID":20837728,"NEXT_DOWN":20837491,"MAIN_RIV":20838781,"LENGTH_KM":2.79,"CATCH_SKM":11.69,"DIS_AV_CMS":0.006,"ORD_STRA":2,"ORD_FLOW":9},"geometry":{"type":"LineString","coordinates":[[36.656249999999005,26.752083333333097],[36.65208333333234,26.75624999999976],[36.66041666666567,26.764583333333114],[36.66041666666567,26.772916666666426]]}},{"type":"Feature","properties":{"HYRIV_ID":20837729,"NEXT_DOWN":20837632,"MAIN_RIV":20838781,"LENGTH_KM":1.5,"CATCH_SKM":4.4099998,"DIS_AV_CMS":0.023,"ORD_STRA":2,"ORD_FLOW":8},"geometry":{"type":"LineString","coordinates":[[36.8395833333324,26.752083333333097],[36.8395833333324,26.75624999999976],[36.835416666665736,26.76041666666645],[36.83124999999907,26.76041666666645]]}},{"type":"Feature","properties":{"HYRIV_ID":20837730,"NEXT_DOWN":20837729,"MAIN_RIV":20838781,"LENGTH_KM":1.97,"CATCH_SKM":11.88,"DIS_AV_CMS":0.003,"ORD_STRA":1,"ORD_FLOW":9},"geometry":{"type":"LineString","coordinates":[[36.85416666666569,26.762499999999783],[36.84374999999906,26.752083333333097],[36.8395833333324,26.752083333333097]]}},{"type":"Feature","properties":{"HYRIV_ID":20837774,"NEXT_DOWN":20837856,"MAIN_RIV":20848032,"LENGTH_KM":2.48,"CATCH_SKM":13.04,"DIS_AV_CMS":0.007,"ORD_STRA":1,"ORD_FLOW":9},"geometry":{"type":"LineString","coordinates":[[37.94166666666567,26.747916666666434],[37.935416666665674,26.747916666666434],[37.922916666665685,26.76041666666645]]}},{"type":"Feature","properties":{"HYRIV_ID":20837807,"NEXT_DOWN":20837728,"MAIN_RIV":20838781,"LENGTH_KM":1.4,"CATCH_SKM":11.7,"DIS_AV_CMS":0.002,"ORD_STRA":1,"ORD_FLOW":9},"geometry":{"type":"LineString","coordinates":[[36.64999999999901,26.741666666666454],[36.656249999999005,26.747916666666434],[36.656249999999005,26.752083333333097]]}},{"type":"Feature","properties":{"HYRIV_ID":20837853,"NEXT_DOWN":20837679,"MAIN_RIV":20838781,"LENGTH_KM":5.8,"CATCH_SKM":35.470001,"DIS_AV_CMS":0.081,"ORD_STRA":3,"ORD_FLOW":8},"geometry":{"type":"LineString","coordinates":[[36.468749999999034,26.739583333333123],[36.46458333333237,26.739583333333123],[36.46041666666571,26.743749999999785],[36.45624999999907,26.739583333333123],[36.44791666666575,26.739583333333123],[36.43958333333242,26.747916666666434],[36.435416666665674,26.747916666666434],[36.42708333333238,26.75624999999976],[36.422916666665714,26.75624999999976]]}},{"type":"Feature","properties":{"HYRIV_ID":20837854,"NEXT_DOWN":20837456,"MAIN_RIV":20838781,"LENGTH_KM":12.78,"CATCH_SKM":50.990002,"DIS_AV_CMS":0.016,"ORD_STRA":1,"ORD_FLOW":8},"geometry":{"type":"LineString","coordinates":[[37.02499999999904,26.73749999999979],[37.01041666666572,26.752083333333097],[36.985416666665685,26.752083333333097],[36.98124999999902,26.747916666666434],[36.97708333333239,26.747916666666434],[36.972916666665725,26.743749999999785],[36.960416666665736,26.75624999999976],[36.95624999999899,26.752083333333097],[36.952083333332354,26.752083333333097],[36.94374999999903,26.76041666666645],[36.94374999999903,26.764583333333114],[36.94791666666569,26.768749999999777],[36.939583333332365,26.77708333333309]]}},{"type":"Feature","properties":{"HYRIV_ID":20837855,"NEXT_DOWN":20837890,"MAIN_RIV":20848032,"LENGTH_KM":6.64,"CATCH_SKM":31.049999,"DIS_AV_CMS":0.014,"ORD_STRA":1,"ORD_FLOW":8},"geometry":{"type":"LineString","coordinates":[[37.864583333332405,26.745833333333117],[37.864583333332405,26.752083333333097],[37.8729166666657,26.76041666666645],[37.877083333332365,26.76041666666645],[37.88124999999903,26.764583333333114],[37.88541666666569,26.764583333333114],[37.889583333332354,26.76041666666645],[37.889583333332354,26.75624999999976],[37.89374999999899,26.752083333333097],[37.89374999999899,26.747916666666434],[37.89791666666565,26.743749999999785],[37.89791666666565,26.739583333333123]]}},{"type":"Feature","properties":{"HYRIV_ID":20837856,"NEXT_DOWN":20837890,"MAIN_RIV":20848032,"LENGTH_KM":4.0300002,"CATCH_SKM":11.69,"DIS_AV_CMS":1.845,"ORD_STRA":5,"ORD_FLOW":6},"geometry":{"type":"LineString","coordinates":[[37.922916666665685,26.76041666666645],[37.91874999999902,26.75624999999976],[37.90624999999906,26.75624999999976],[37.9020833333324,26.752083333333097],[37.9020833333324,26.743749999999785],[37.89791666666565,26.739583333333123]]}},{"type":"Feature","properties":{"HYRIV_ID":20837889,"NEXT_DOWN":20837728,"MAIN_RIV":20838781,"LENGTH_KM":3.21,"CATCH_SKM":17.639999,"DIS_AV_CMS":0.002,"ORD_STRA":1,"ORD_FLOW":9},"geometry":{"type":"LineString","coordinates":[[36.67916666666571,26.7333333333331],[36.66874999999905,26.743749999999785],[36.664583333332416,26.743749999999785],[36.656249999999005,26.752083333333097]]}},{"type":"Feature","properties":{"HYRIV_ID":20837890,"NEXT_DOWN":20838288,"MAIN_RIV":20848032,"LENGTH_KM":0.62,"CATCH_SKM":0.38,"DIS_AV_CMS":1.86,"ORD_STRA":5,"ORD_FLOW":6},"geometry":{"type":"LineString","coordinates":[[37.89791666666565,26.739583333333123],[37.89374999999899,26.735416666666417]]}},{"type":"Feature","properties":{"HYRIV_ID":20837942,"NEXT_DOWN":20838092,"MAIN_RIV":20838781,"LENGTH_KM":3.46,"CATCH_SKM":15.91,"DIS_AV_CMS":0.002,"ORD_STRA":1,"ORD_FLOW":9},"geometry":{"type":"LineString","coordinates":[[36.562499999999005,26.749999999999766],[36.55208333333238,26.739583333333123],[36.54374999999905,26.739583333333123],[36.53958333333239,26.735416666666417],[36.53958333333239,26.73124999999977]]}},{"type":"Feature","properties":{"HYRIV_ID":20837943,"NEXT_DOWN":20838197,"MAIN_RIV":20848032,"LENGTH_KM":10.45,"CATCH_SKM":26.83,"DIS_AV_CMS":0.039,"ORD_STRA":2,"ORD_FLOW":8},"geometry":{"type":"LineString","coordinates":[[37.33124999999902,26.772916666666426],[37.33958333333234,26.772916666666426],[37.34791666666564,26.764583333333114],[37.372916666665674,26.764583333333114],[37.37708333333234,26.76041666666645],[37.38541666666566,26.76041666666645],[37.389583333332325,26.75624999999976],[37.389583333332325,26.752083333333097],[37.39791666666571,26.743749999999785],[37.39791666666571,26.739583333333123],[37.406249999999034,26.73124999999977],[37.4104166666657,26.73124999999977]]}},{"type":"Feature","properties":{"HYRIV_ID":20837944,"NEXT_DOWN":20838197,"MAIN_RIV":20848032,"LENGTH_KM":3.51,"CATCH_SKM":13.23,"DIS_AV_CMS":2.1470001,"ORD_STRA":5,"ORD_FLOW":6},"geometry":{"type":"LineString","coordinates":[[37.422916666665685,26.75624999999976],[37.422916666665685,26.743749999999785],[37.41874999999902,26.743749999999785],[37.4104166666657,26.735416666666417],[37.4104166666657,26.73124999999977]]}},{"type":"Feature","properties":{"HYRIV_ID":20837983,"NEXT_DOWN":0,"MAIN_RIV":20837983,"LENGTH_KM":11.55,"CATCH_SKM":38.130001,"DIS_AV_CMS":0.005,"ORD_STRA":1,"ORD_FLOW":9},"geometry":{"type":"LineString","coordinates":[[36.18541666666576,26.804166666666454],[36.18541666666576,26.79791666666643],[36.17708333333235,26.789583333333105],[36.17708333333235,26.781249999999794],[36.172916666665685,26.77708333333309],[36.17708333333235,26.772916666666426],[36.16458333333239,26.76041666666645],[36.15624999999906,26.76041666666645],[36.1520833333324,26.75624999999976],[36.147916666665736,26.75624999999976],[36.147916666665736,26.752083333333097],[36.14374999999902,26.747916666666434],[36.14374999999902,26.735416666666417],[36.13541666666569,26.727083333333105]]}},{"type":"Feature","properties":{"HYRIV_ID":20837984,"NEXT_DOWN":20837853,"MAIN_RIV":20838781,"LENGTH_KM":2.6900001,"CATCH_SKM":10.35,"DIS_AV_CMS":0.08,"ORD_STRA":3,"ORD_FLOW":8},"geometry":{"type":"LineString","coordinates":[[36.48958333333232,26.727083333333105],[36.48541666666566,26.73124999999977],[36.48124999999902,26.73124999999977],[36.4729166666657,26.739583333333123],[36.468749999999034,26.739583333333123]]}},{"type":"Feature","properties":{"HYRIV_ID":20837985,"NEXT_DOWN":20837984,"MAIN_RIV":20838781,"LENGTH_KM":3.62,"CATCH_SKM":17.25,"DIS_AV_CMS":0.002,"ORD_STRA":1,"ORD_FLOW":9},"geometry":{"type":"LineString","coordinates":[[36.516666666665685,26.745833333333117],[36.51041666666569,26.739583333333123],[36.506249999999056,26.739583333333123],[36.49374999999907,26.727083333333105],[36.48958333333232,26.727083333333105]]}},{"type":"Feature","properties":{"HYRIV_ID":20837986,"NEXT_DOWN":20838092,"MAIN_RIV":20838781,"LENGTH_KM":6.83,"CATCH_SKM":28.57,"DIS_AV_CMS":0.004,"ORD_STRA":1,"ORD_FLOW":9},"geometry":{"type":"LineString","coordinates":[[36.595833333332365,26.73124999999977],[36.58958333333237,26.73124999999977],[36.585416666665736,26.735416666666417],[36.58124999999907,26.735416666666417],[36.57708333333241,26.739583333333123],[36.57291666666575,26.735416666666417],[36.5604166666657,26.735416666666417],[36.55624999999904,26.73124999999977],[36.55208333333238,26.73124999999977],[36.547916666665714,26.727083333333105],[36.54374999999905,26.727083333333105],[36.53958333333239,26.73124999999977]]}},{"type":"Feature","properties":{"HYRIV_ID":20837987,"NEXT_DOWN":20837729,"MAIN_RIV":20838781,"LENGTH_KM":3.4100001,"CATCH_SKM":15.72,"DIS_AV_CMS":0.02,"ORD_STRA":2,"ORD_FLOW":8},"geometry":{"type":"LineString","coordinates":[[36.85624999999902,26.727083333333105],[36.85208333333236,26.73124999999977],[36.85208333333236,26.739583333333123],[36.8395833333324,26.752083333333097]]}},{"type":"Feature","properties":{"HYRIV_ID":20837988,"NEXT_DOWN":20837680,"MAIN_RIV":20838781,"LENGTH_KM":4.2600002,"CATCH_SKM":41.8,"DIS_AV_CMS":0.018,"ORD_STRA":1,"ORD_FLOW":8},"geometry":{"type":"LineString","coordinates":[[37.122916666665674,26.724999999999774],[37.122916666665674,26.735416666666417],[37.12708333333234,26.739583333333123],[37.110416666665685,26.75624999999976]]}},{"type":"Feature","properties":{"HYRIV_ID":20838037,"NEXT_DOWN":20838096,"MAIN_RIV":20848032,"LENGTH_KM":5.8,"CATCH_SKM":22.809999,"DIS_AV_CMS":0.01,"ORD_STRA":1,"ORD_FLOW":8},"geometry":{"type":"LineString","coordinates":[[37.77916666666573,26.735416666666417],[37.79374999999902,26.735416666666417],[37.797916666665685,26.73124999999977],[37.80208333333235,26.73124999999977],[37.80624999999901,26.735416666666417],[37.81458333333234,26.735416666666417],[37.82708333333238,26.722916666666443]]}},{"type":"Feature","properties":{"HYRIV_ID":20838091,"NEXT_DOWN":20837984,"MAIN_RIV":20838781,"LENGTH_KM":1.24,"CATCH_SKM":4.0300002,"DIS_AV_CMS":0.079,"ORD_STRA":3,"ORD_FLOW":8},"geometry":{"type":"LineString","coordinates":[[36.49791666666573,26.718749999999794],[36.48958333333232,26.727083333333105]]}},{"type":"Feature","properties":{"HYRIV_ID":20838092,"NEXT_DOWN":20838091,"MAIN_RIV":20838781,"LENGTH_KM":4.7600002,"CATCH_SKM":8.6300001,"DIS_AV_CMS":0.007,"ORD_STRA":2,"ORD_FLOW":9},"geometry":{"type":"LineString","coordinates":[[36.53958333333239,26.73124999999977],[36.514583333332354,26.73124999999977],[36.50208333333239,26.718749999999794],[36.49791666666573,26.718749999999794]]}},{"type":"Feature","properties":{"HYRIV_ID":20838093,"NEXT_DOWN":20838557,"MAIN_RIV":20848032,"LENGTH_KM":6.89,"CATCH_SKM":28.549999,"DIS_AV_CMS":0.015,"ORD_STRA":1,"ORD_FLOW":8},"geometry":{"type":"LineString","coordinates":[[37.468749999999005,26.774999999999757],[37.468749999999005,26.752083333333097],[37.47291666666567,26.747916666666434],[37.47291666666567,26.743749999999785],[37.48124999999905,26.735416666666417],[37.48124999999905,26.722916666666443],[37.485416666665714,26.718749999999794]]}},{"type":"Feature","properties":{"HYRIV_ID":20838094,"NEXT_DOWN":20838557,"MAIN_RIV":20848032,"LENGTH_KM":7.64,"CATCH_SKM":19.74,"DIS_AV_CMS":0.059,"ORD_STRA":2,"ORD_FLOW":8},"geometry":{"type":"LineString","coordinates":[[37.506249999999,26.772916666666426],[37.506249999999,26.768749999999777],[37.51041666666566,26.764583333333114],[37.51041666666566,26.752083333333097],[37.506249999999,26.747916666666434],[37.50208333333234,26.747916666666434],[37.49374999999904,26.739583333333123],[37.49374999999904,26.722916666666443],[37.48958333333238,26.718749999999794],[37.485416666665714,26.718749999999794]]}},{"type":"Feature","properties":{"HYRIV_ID":20838095,"NEXT_DOWN":20838096,"MAIN_RIV":20848032,"LENGTH_KM":1.35,"CATCH_SKM":11.31,"DIS_AV_CMS":0.006,"ORD_STRA":1,"ORD_FLOW":9},"geometry":{"type":"LineString","coordinates":[[37.81666666666564,26.716666666666463],[37.82291666666572,26.722916666666443],[37.82708333333238,26.722916666666443]]}},{"type":"Feature","properties":{"HYRIV_ID":20838096,"NEXT_DOWN":20838097,"MAIN_RIV":20848032,"LENGTH_KM":1.86,"CATCH_SKM":2.49,"DIS_AV_CMS":0.017,"ORD_STRA":2,"ORD_FLOW":8},"geometry":{"type":"LineString","coordinates":[[37.82708333333238,26.722916666666443],[37.83541666666571,26.722916666666443],[37.83958333333237,26.718749999999794],[37.843749999999005,26.718749999999794]]}},{"type":"Feature","properties":{"HYRIV_ID":20838097,"NEXT_DOWN":20838288,"MAIN_RIV":20848032,"LENGTH_KM":5.79,"CATCH_SKM":16.49,"DIS_AV_CMS":0.038,"ORD_STRA":2,"ORD_FLOW":8},"geometry":{"type":"LineString","coordinates":[[37.843749999999005,26.718749999999794],[37.864583333332405,26.718749999999794],[37.86874999999904,26.722916666666443],[37.877083333332365,26.722916666666443],[37.889583333332354,26.735416666666417],[37.89374999999899,26.735416666666417]]}},{"type":"Feature","properties":{"HYRIV_ID":20838153,"NEXT_DOWN":20838443,"MAIN_RIV":20838781,"LENGTH_KM":1.78,"CATCH_SKM":13.23,"DIS_AV_CMS":0.002,"ORD_STRA":1,"ORD_FLOW":9},"geometry":{"type":"LineString","coordinates":[[36.19791666666572,26.729166666666437],[36.19791666666572,26.722916666666443],[36.20208333333238,26.718749999999794],[36.20208333333238,26.71458333333309]]}},{"type":"Feature","properties":{"HYRIV_ID":20838154,"NEXT_DOWN":20838443,"MAIN_RIV":20838781,"LENGTH_KM":5.9899998,"CATCH_SKM":37.959999,"DIS_AV_CMS":0.30700001,"ORD_STRA":5,"ORD_FLOW":7},"geometry":{"type":"LineString","coordinates":[[36.23124999999908,26.75624999999976],[36.22708333333233,26.752083333333097],[36.22708333333233,26.743749999999785],[36.2229166666657,26.739583333333123],[36.2229166666657,26.735416666666417],[36.218749999999034,26.73124999999977],[36.21458333333237,26.73124999999977],[36.206249999999045,26.722916666666443],[36.206249999999045,26.718749999999794],[36.20208333333238,26.71458333333309]]}},{"type":"Feature","properties":{"HYRIV_ID":20838155,"NEXT_DOWN":20838156,"MAIN_RIV":20838781,"LENGTH_KM":0.62,"CATCH_SKM":12.65,"DIS_AV_CMS":0.002,"ORD_STRA":1,"ORD_FLOW":9},"geometry":{"type":"LineString","coordinates":[[36.39583333333235,26.71458333333309],[36.40208333333243,26.71458333333309]]}},{"type":"Feature","properties":{"HYRIV_ID":20838156,"NEXT_DOWN":20837679,"MAIN_RIV":20838781,"LENGTH_KM":5.4200001,"CATCH_SKM":9.7799997,"DIS_AV_CMS":0.005,"ORD_STRA":2,"ORD_FLOW":9},"geometry":{"type":"LineString","coordinates":[[36.40208333333243,26.71458333333309],[36.406249999999005,26.718749999999794],[36.406249999999005,26.722916666666443],[36.410416666665725,26.727083333333105],[36.410416666665725,26.73124999999977],[36.41458333333239,26.735416666666417],[36.41458333333239,26.743749999999785],[36.422916666665714,26.752083333333097],[36.422916666665714,26.75624999999976]]}},{"type":"Feature","properties":{"HYRIV_ID":20838157,"NEXT_DOWN":20837987,"MAIN_RIV":20838781,"LENGTH_KM":3.52,"CATCH_SKM":5.56,"DIS_AV_CMS":0.008,"ORD_STRA":2,"ORD_FLOW":9},"geometry":{"type":"LineString","coordinates":[[36.88541666666572,26.71458333333309],[36.87708333333231,26.71458333333309],[36.86874999999901,26.722916666666443],[36.86458333333235,26.722916666666443],[36.860416666665685,26.727083333333105],[36.85624999999902,26.727083333333105]]}},{"type":"Feature","properties":{"HYRIV_ID":20838158,"NEXT_DOWN":20838157,"MAIN_RIV":20838781,"LENGTH_KM":2.28,"CATCH_SKM":15.72,"DIS_AV_CMS":0.004,"ORD_STRA":1,"ORD_FLOW":9},"geometry":{"type":"LineString","coordinates":[[36.90833333333234,26.71458333333309],[36.88541666666572,26.71458333333309]]}},{"type":"Feature","properties":{"HYRIV_ID":20838195,"NEXT_DOWN":20837493,"MAIN_RIV":20838781,"LENGTH_KM":13.35,"CATCH_SKM":64.230003,"DIS_AV_CMS":0.011,"ORD_STRA":1,"ORD_FLOW":8},"geometry":{"type":"LineString","coordinates":[[36.824999999998994,26.710416666666426],[36.80208333333238,26.710416666666426],[36.79374999999908,26.718749999999794],[36.78541666666575,26.718749999999794],[36.78124999999909,26.722916666666443],[36.78124999999909,26.727083333333105],[36.76458333333238,26.743749999999785],[36.76458333333238,26.747916666666434],[36.756249999999056,26.75624999999976],[36.75208333333239,26.75624999999976],[36.74374999999901,26.764583333333114],[36.735416666665685,26.764583333333114],[36.72708333333236,26.772916666666426]]}},{"type":"Feature","properties":{"HYRIV_ID":20838196,"NEXT_DOWN":20838556,"MAIN_RIV":20848032,"LENGTH_KM":9.0,"CATCH_SKM":34.889999,"DIS_AV_CMS":0.018,"ORD_STRA":1,"ORD_FLOW":8},"geometry":{"type":"LineString","coordinates":[[37.32499999999902,26.743749999999785],[37.33124999999902,26.743749999999785],[37.33541666666568,26.739583333333123],[37.343749999999005,26.739583333333123],[37.34791666666564,26.735416666666417],[37.35208333333239,26.735416666666417],[37.35624999999905,26.739583333333123],[37.36458333333238,26.739583333333123],[37.36874999999904,26.735416666666417],[37.372916666665674,26.735416666666417],[37.381249999999,26.727083333333105],[37.381249999999,26.722916666666443],[37.389583333332325,26.71458333333309],[37.389583333332325,26.710416666666426]]}},{"type":"Feature","properties":{"HYRIV_ID":20838197,"NEXT_DOWN":20838556,"MAIN_RIV":20848032,"LENGTH_KM":3.36,"CATCH_SKM":5.1799998,"DIS_AV_CMS":2.2130001,"ORD_STRA":5,"ORD_FLOW":6},"geometry":{"type":"LineString","coordinates":[[37.4104166666657,26.73124999999977],[37.4104166666657,26.727083333333105],[37.39374999999907,26.710416666666426],[37.389583333332325,26.710416666666426]]}},{"type":"Feature","properties":{"HYRIV_ID":20838238,"NEXT_DOWN":20838156,"MAIN_RIV":20838781,"LENGTH_KM":1.55,"CATCH_SKM":13.23,"DIS_AV_CMS":0.002,"ORD_STRA":1,"ORD_FLOW":9},"geometry":{"type":"LineString","coordinates":[[36.412499999999056,26.704166666666445],[36.40208333333243,26.71458333333309]]}},{"type":"Feature","properties":{"HYRIV_ID":20838239,"NEXT_DOWN":20838499,"MAIN_RIV":20848032,"LENGTH_KM":13.9,"CATCH_SKM":89.300003,"DIS_AV_CMS":0.045,"ORD_STRA":1,"ORD_FLOW":8},"geometry":{"type":"LineString","coordinates":[[37.204166666665685,26.79374999999977],[37.222916666665725,26.79374999999977],[37.22708333333239,26.789583333333105],[37.22708333333239,26.785416666666457],[37.23124999999905,26.781249999999794],[37.23124999999905,26.772916666666426],[37.235416666665714,26.768749999999777],[37.235416666665714,26.75624999999976],[37.23124999999905,26.752083333333097],[37.23958333333238,26.743749999999785],[37.23124999999905,26.735416666666417],[37.23124999999905,26.73124999999977],[37.235416666665714,26.727083333333105],[37.23958333333238,26.727083333333105],[37.24374999999901,26.722916666666443],[37.24374999999901,26.71458333333309],[37.25208333333234,26.706249999999777]]}},{"type":"Feature","properties":{"HYRIV_ID":20838240,"NEXT_DOWN":20838499,"MAIN_RIV":20848032,"LENGTH_KM":1.4,"CATCH_SKM":12.08,"DIS_AV_CMS":0.006,"ORD_STRA":1,"ORD_FLOW":9},"geometry":{"type":"LineString","coordinates":[[37.25833333333233,26.716666666666463],[37.25208333333234,26.710416666666426],[37.25208333333234,26.706249999999777]]}},{"type":"Feature","properties":{"HYRIV_ID":20838241,"NEXT_DOWN":20838387,"MAIN_RIV":20848032,"LENGTH_KM":7.6500001,"CATCH_SKM":19.17,"DIS_AV_CMS":0.052,"ORD_STRA":2,"ORD_FLOW":8},"geometry":{"type":"LineString","coordinates":[[37.54374999999902,26.75624999999976],[37.54374999999902,26.752083333333097],[37.53958333333236,26.747916666666434],[37.531249999999034,26.747916666666434],[37.522916666665736,26.739583333333123],[37.522916666665736,26.735416666666417],[37.52708333333237,26.73124999999977],[37.51874999999899,26.722916666666443],[37.51874999999899,26.718749999999794],[37.522916666665736,26.71458333333309],[37.522916666665736,26.710416666666426],[37.52708333333237,26.706249999999777]]}},{"type":"Feature","properties":{"HYRIV_ID":20838242,"NEXT_DOWN":20838387,"MAIN_RIV":20848032,"LENGTH_KM":6.52,"CATCH_SKM":24.73,"DIS_AV_CMS":0.012,"ORD_STRA":1,"ORD_FLOW":8},"geometry":{"type":"LineString","coordinates":[[37.57083333333239,26.739583333333123],[37.56041666666573,26.739583333333123],[37.547916666665685,26.727083333333105],[37.547916666665685,26.722916666666443],[37.53958333333236,26.71458333333309],[37.53958333333236,26.710416666666426],[37.531249999999034,26.710416666666426],[37.52708333333237,26.706249999999777]]}},{"type":"Feature","properties":{"HYRIV_ID":20838285,"NEXT_DOWN":20838091,"MAIN_RIV":20838781,"LENGTH_KM":2.48,"CATCH_SKM":18.98,"DIS_AV_CMS":0.073,"ORD_STRA":3,"ORD_FLOW":8},"geometry":{"type":"LineString","coordinates":[[36.514583333332354,26.702083333333114],[36.49791666666573,26.718749999999794]]}},{"type":"Feature","properties":{"HYRIV_ID":20838286,"NEXT_DOWN":20838157,"MAIN_RIV":20838781,"LENGTH_KM":3.31,"CATCH_SKM":14.0,"DIS_AV_CMS":0.003,"ORD_STRA":1,"ORD_FLOW":9},"geometry":{"type":"LineString","coordinates":[[36.912499999999,26.702083333333114],[36.906249999999005,26.702083333333114],[36.90208333333234,26.706249999999777],[36.893749999999045,26.706249999999777],[36.88541666666572,26.71458333333309]]}},{"type":"Feature","properties":{"HYRIV_ID":20838287,"NEXT_DOWN":20838097,"MAIN_RIV":20848032,"LENGTH_KM":2.8,"CATCH_SKM":24.16,"DIS_AV_CMS":0.012,"ORD_STRA":1,"ORD_FLOW":8},"geometry":{"type":"LineString","coordinates":[[37.83333333333238,26.699999999999783],[37.843749999999005,26.710416666666426],[37.83958333333237,26.71458333333309],[37.843749999999005,26.718749999999794]]}},{"type":"Feature","properties":{"HYRIV_ID":20838288,"NEXT_DOWN":20838785,"MAIN_RIV":20848032,"LENGTH_KM":4.1799998,"CATCH_SKM":11.12,"DIS_AV_CMS":1.903,"ORD_STRA":5,"ORD_FLOW":6},"geometry":{"type":"LineString","coordinates":[[37.89374999999899,26.735416666666417],[37.9020833333324,26.727083333333105],[37.9020833333324,26.71458333333309],[37.90624999999906,26.710416666666426],[37.90624999999906,26.702083333333114]]}},{"type":"Feature","properties":{"HYRIV_ID":20838289,"NEXT_DOWN":20838785,"MAIN_RIV":20848032,"LENGTH_KM":3.73,"CATCH_SKM":39.689999,"DIS_AV_CMS":0.022,"ORD_STRA":1,"ORD_FLOW":8},"geometry":{"type":"LineString","coordinates":[[37.937499999999005,26.71458333333309],[37.92708333333235,26.71458333333309],[37.91458333333239,26.702083333333114],[37.90624999999906,26.702083333333114]]}},{"type":"Feature","properties":{"HYRIV_ID":20838335,"NEXT_DOWN":20837853,"MAIN_RIV":20838781,"LENGTH_KM":5.1799998,"CATCH_SKM":21.1,"DIS_AV_CMS":0.003,"ORD_STRA":1,"ORD_FLOW":9},"geometry":{"type":"LineString","coordinates":[[36.468749999999034,26.69583333333312],[36.468749999999034,26.71458333333309],[36.46458333333237,26.718749999999794],[36.46458333333237,26.722916666666443],[36.468749999999034,26.727083333333105],[36.468749999999034,26.739583333333123]]}},{"type":"Feature","properties":{"HYRIV_ID":20838336,"NEXT_DOWN":20838836,"MAIN_RIV":20848032,"LENGTH_KM":7.8,"CATCH_SKM":27.219999,"DIS_AV_CMS":0.012,"ORD_STRA":1,"ORD_FLOW":8},"geometry":{"type":"LineString","coordinates":[[37.624999999999034,26.749999999999766],[37.61458333333238,26.739583333333123],[37.606249999998965,26.739583333333123],[37.58958333333234,26.722916666666443],[37.58958333333234,26.702083333333114],[37.593749999999005,26.69791666666645]]}},{"type":"Feature","properties":{"HYRIV_ID":20838337,"NEXT_DOWN":20838836,"MAIN_RIV":20848032,"LENGTH_KM":7.71,"CATCH_SKM":21.66,"DIS_AV_CMS":0.009,"ORD_STRA":1,"ORD_FLOW":9},"geometry":{"type":"LineString","coordinates":[[37.637499999998994,26.749999999999766],[37.61041666666563,26.722916666666443],[37.606249999998965,26.722916666666443],[37.60208333333233,26.718749999999794],[37.60208333333233,26.710416666666426],[37.59791666666567,26.706249999999777],[37.59791666666567,26.702083333333114],[37.593749999999005,26.69791666666645]]}},{"type":"Feature","properties":{"HYRIV_ID":20838387,"NEXT_DOWN":20838784,"MAIN_RIV":20848032,"LENGTH_KM":1.71,"CATCH_SKM":2.11,"DIS_AV_CMS":0.065,"ORD_STRA":2,"ORD_FLOW":8},"geometry":{"type":"LineString","coordinates":[[37.52708333333237,26.706249999999777],[37.52708333333237,26.702083333333114],[37.522916666665736,26.69791666666645],[37.52708333333237,26.693749999999802]]}},{"type":"Feature","properties":{"HYRIV_ID":20838388,"NEXT_DOWN":20838784,"MAIN_RIV":20848032,"LENGTH_KM":1.86,"CATCH_SKM":15.92,"DIS_AV_CMS":0.008,"ORD_STRA":1,"ORD_FLOW":9},"geometry":{"type":"LineString","coordinates":[[37.545833333332354,26.693749999999802],[37.52708333333237,26.693749999999802]]}},{"type":"Feature","properties":{"HYRIV_ID":20838443,"NEXT_DOWN":20838781,"MAIN_RIV":20838781,"LENGTH_KM":3.25,"CATCH_SKM":8.6300001,"DIS_AV_CMS":0.27200001,"ORD_STRA":5,"ORD_FLOW":7},"geometry":{"type":"LineString","coordinates":[[36.20208333333238,26.71458333333309],[36.20208333333238,26.710416666666426],[36.193749999999085,26.702083333333114],[36.193749999999085,26.693749999999802],[36.19791666666572,26.689583333333097]]}},{"type":"Feature","properties":{"HYRIV_ID":20838444,"NEXT_DOWN":20838781,"MAIN_RIV":20838781,"LENGTH_KM":7.04,"CATCH_SKM":27.42,"DIS_AV_CMS":0.004,"ORD_STRA":1,"ORD_FLOW":9},"geometry":{"type":"LineString","coordinates":[[36.25833333333236,26.702083333333114],[36.24791666666573,26.702083333333114],[36.23541666666574,26.689583333333097],[36.21041666666571,26.689583333333097],[36.206249999999045,26.693749999999802],[36.20208333333238,26.693749999999802],[36.19791666666572,26.689583333333097]]}},{"type":"Feature","properties":{"HYRIV_ID":20838445,"NEXT_DOWN":20838285,"MAIN_RIV":20838781,"LENGTH_KM":2.12,"CATCH_SKM":3.26,"DIS_AV_CMS":0.067,"ORD_STRA":3,"ORD_FLOW":8},"geometry":{"type":"LineString","coordinates":[[36.52708333333234,26.689583333333097],[36.52708333333234,26.693749999999802],[36.52291666666568,26.69791666666645],[36.51874999999902,26.69791666666645],[36.514583333332354,26.702083333333114]]}},{"type":"Feature","properties":{"HYRIV_ID":20838446,"NEXT_DOWN":20838445,"MAIN_RIV":20838781,"LENGTH_KM":0.41,"CATCH_SKM":1.53,"DIS_AV_CMS":0.004,"ORD_STRA":2,"ORD_FLOW":9},"geometry":{"type":"LineString","coordinates":[[36.53124999999909,26.689583333333097],[36.52708333333234,26.689583333333097]]}},{"type":"Feature","properties":{"HYRIV_ID":20838447,"NEXT_DOWN":20838446,"MAIN_RIV":20838781,"LENGTH_KM":0.62,"CATCH_SKM":10.36,"DIS_AV_CMS":0.001,"ORD_STRA":1,"ORD_FLOW":9},"geometry":{"type":"LineString","coordinates":[[36.537499999999056,26.689583333333097],[36.53124999999909,26.689583333333097]]}},{"type":"Feature","properties":{"HYRIV_ID":20838448,"NEXT_DOWN":20838554,"MAIN_RIV":20848032,"LENGTH_KM":1.97,"CATCH_SKM":20.52,"DIS_AV_CMS":0.01,"ORD_STRA":1,"ORD_FLOW":8},"geometry":{"type":"LineString","coordinates":[[37.19583333333236,26.699999999999783],[37.202083333332354,26.693749999999802],[37.20624999999902,26.693749999999802],[37.21041666666568,26.689583333333097]]}},{"type":"Feature","properties":{"HYRIV_ID":20838498,"NEXT_DOWN":20838285,"MAIN_RIV":20838781,"LENGTH_KM":2.1700001,"CATCH_SKM":3.07,"DIS_AV_CMS":0.005,"ORD_STRA":2,"ORD_FLOW":9},"geometry":{"type":"LineString","coordinates":[[36.506249999999056,26.685416666666434],[36.51041666666569,26.689583333333097],[36.51041666666569,26.69791666666645],[36.514583333332354,26.702083333333114]]}},{"type":"Feature","properties":{"HYRIV_ID":20838499,"NEXT_DOWN":20838742,"MAIN_RIV":20848032,"LENGTH_KM":2.95,"CATCH_SKM":8.6300001,"DIS_AV_CMS":0.056,"ORD_STRA":2,"ORD_FLOW":8},"geometry":{"type":"LineString","coordinates":[[37.25208333333234,26.706249999999777],[37.268749999999045,26.689583333333097],[37.268749999999045,26.685416666666434]]}},{"type":"Feature","properties":{"HYRIV_ID":20838549,"NEXT_DOWN":20838498,"MAIN_RIV":20838781,"LENGTH_KM":2.59,"CATCH_SKM":14.2,"DIS_AV_CMS":0.002,"ORD_STRA":1,"ORD_FLOW":9},"geometry":{"type":"LineString","coordinates":[[36.48749999999899,26.679166666666454],[36.49374999999907,26.685416666666434],[36.49791666666573,26.685416666666434],[36.50208333333239,26.689583333333097],[36.506249999999056,26.685416666666434]]}},{"type":"Feature","properties":{"HYRIV_ID":20838550,"NEXT_DOWN":20838446,"MAIN_RIV":20838781,"LENGTH_KM":1.86,"CATCH_SKM":17.639999,"DIS_AV_CMS":0.002,"ORD_STRA":1,"ORD_FLOW":9},"geometry":{"type":"LineString","coordinates":[[36.54583333333238,26.681249999999785],[36.53958333333239,26.681249999999785],[36.53124999999909,26.689583333333097]]}},{"type":"Feature","properties":{"HYRIV_ID":20838551,"NEXT_DOWN":20837492,"MAIN_RIV":20838781,"LENGTH_KM":16.66,"CATCH_SKM":63.470001,"DIS_AV_CMS":0.017,"ORD_STRA":2,"ORD_FLOW":8},"geometry":{"type":"LineString","coordinates":[[36.789583333332416,26.681249999999785],[36.78541666666575,26.685416666666434],[36.77291666666568,26.685416666666434],[36.76458333333238,26.693749999999802],[36.76041666666572,26.693749999999802],[36.75208333333239,26.702083333333114],[36.747916666665645,26.702083333333114],[36.7229166666657,26.727083333333105],[36.718749999999034,26.727083333333105],[36.693749999999,26.752083333333097],[36.693749999999,26.75624999999976],[36.689583333332365,26.76041666666645],[36.68124999999904,26.76041666666645],[36.672916666665714,26.768749999999777],[36.672916666665714,26.772916666666426]]}},{"type":"Feature","properties":{"HYRIV_ID":20838552,"NEXT_DOWN":20837987,"MAIN_RIV":20838781,"LENGTH_KM":8.1300001,"CATCH_SKM":37.59,"DIS_AV_CMS":0.008,"ORD_STRA":1,"ORD_FLOW":9},"geometry":{"type":"LineString","coordinates":[[36.912499999999,26.681249999999785],[36.906249999999005,26.681249999999785],[36.90208333333234,26.685416666666434],[36.89791666666571,26.685416666666434],[36.88124999999897,26.702083333333114],[36.87708333333231,26.702083333333114],[36.85624999999902,26.722916666666443],[36.85624999999902,26.727083333333105]]}},{"type":"Feature","properties":{"HYRIV_ID":20838553,"NEXT_DOWN":20838890,"MAIN_RIV":20845381,"LENGTH_KM":9.4099998,"CATCH_SKM":29.719999,"DIS_AV_CMS":0.01,"ORD_STRA":1,"ORD_FLOW":8},"geometry":{"type":"LineString","coordinates":[[37.03333333333234,26.722916666666443],[37.02708333333237,26.722916666666443],[37.02291666666571,26.727083333333105],[37.018749999999045,26.727083333333105],[37.01458333333238,26.722916666666443],[37.01458333333238,26.718749999999794],[37.006249999999056,26.710416666666426],[36.99374999999901,26.710416666666426],[36.97708333333239,26.693749999999802],[36.98124999999902,26.689583333333097],[36.97708333333239,26.685416666666434],[36.97708333333239,26.681249999999785]]}},{"type":"Feature","properties":{"HYRIV_ID":20838554,"NEXT_DOWN":20838555,"MAIN_RIV":20848032,"LENGTH_KM":2.9,"CATCH_SKM":13.81,"DIS_AV_CMS":0.039,"ORD_STRA":2,"ORD_FLOW":8},"geometry":{"type":"LineString","coordinates":[[37.21041666666568,26.689583333333097],[37.21458333333234,26.689583333333097],[37.21874999999898,26.685416666666434],[37.22708333333239,26.685416666666434],[37.23124999999905,26.681249999999785],[37.235416666665714,26.681249999999785]]}},{"type":"Feature","properties":{"HYRIV_ID":20838555,"NEXT_DOWN":20838742,"MAIN_RIV":20848032,"LENGTH_KM":3.52,"CATCH_SKM":13.23,"DIS_AV_CMS":0.057,"ORD_STRA":2,"ORD_FLOW":8},"geometry":{"type":"LineString","coordinates":[[37.235416666665714,26.681249999999785],[37.23958333333238,26.685416666666434],[37.268749999999045,26.685416666666434]]}},{"type":"Feature","properties":{"HYRIV_ID":20838556,"NEXT_DOWN":20838613,"MAIN_RIV":20848032,"LENGTH_KM":4.0300002,"CATCH_SKM":12.66,"DIS_AV_CMS":2.2679999,"ORD_STRA":5,"ORD_FLOW":6},"geometry":{"type":"LineString","coordinates":[[37.389583333332325,26.710416666666426],[37.389583333332325,26.706249999999777],[37.38541666666566,26.702083333333114],[37.38541666666566,26.69791666666645],[37.40208333333237,26.681249999999785]]}},{"type":"Feature","properties":{"HYRIV_ID":20838557,"NEXT_DOWN":20838678,"MAIN_RIV":20848032,"LENGTH_KM":4.8,"CATCH_SKM":10.55,"DIS_AV_CMS":0.081,"ORD_STRA":2,"ORD_FLOW":8},"geometry":{"type":"LineString","coordinates":[[37.485416666665714,26.718749999999794],[37.485416666665714,26.710416666666426],[37.48958333333238,26.706249999999777],[37.48958333333238,26.702083333333114],[37.49374999999904,26.69791666666645],[37.485416666665714,26.689583333333097],[37.485416666665714,26.681249999999785]]}},{"type":"Feature","properties":{"HYRIV_ID":20838558,"NEXT_DOWN":20838837,"MAIN_RIV":20848032,"LENGTH_KM":7.2,"CATCH_SKM":25.309999,"DIS_AV_CMS":0.011,"ORD_STRA":1,"ORD_FLOW":8},"geometry":{"type":"LineString","coordinates":[[37.64374999999907,26.73749999999979],[37.64374999999907,26.727083333333105],[37.63124999999903,26.71458333333309],[37.63124999999903,26.702083333333114],[37.61874999999904,26.689583333333097],[37.61874999999904,26.681249999999785]]}},{"type":"Feature","properties":{"HYRIV_ID":20838559,"NEXT_DOWN":20838837,"MAIN_RIV":20848032,"LENGTH_KM":11.33,"CATCH_SKM":46.59,"DIS_AV_CMS":0.02,"ORD_STRA":1,"ORD_FLOW":8},"geometry":{"type":"LineString","coordinates":[[37.69999999999905,26.741666666666454],[37.68958333333231,26.73124999999977],[37.685416666665645,26.73124999999977],[37.68124999999901,26.727083333333105],[37.67708333333235,26.727083333333105],[37.67708333333235,26.722916666666443],[37.672916666665685,26.718749999999794],[37.66874999999902,26.718749999999794],[37.6604166666657,26.710416666666426],[37.65624999999906,26.710416666666426],[37.6520833333324,26.706249999999777],[37.647916666665736,26.706249999999777],[37.6229166666657,26.681249999999785],[37.61874999999904,26.681249999999785]]}},{"type":"Feature","properties":{"HYRIV_ID":20838611,"NEXT_DOWN":20838890,"MAIN_RIV":20845381,"LENGTH_KM":12.47,"CATCH_SKM":52.549999,"DIS_AV_CMS":0.032,"ORD_STRA":2,"ORD_FLOW":8},"geometry":{"type":"LineString","coordinates":[[37.077083333332354,26.677083333333123],[37.07291666666569,26.681249999999785],[37.064583333332365,26.681249999999785],[37.064583333332365,26.685416666666434],[37.0604166666657,26.689583333333097],[37.05624999999907,26.689583333333097],[37.052083333332405,26.685416666666434],[37.04374999999908,26.685416666666434],[37.039583333332416,26.689583333333097],[37.03541666666567,26.689583333333097],[37.02708333333237,26.69791666666645],[37.01458333333238,26.69791666666645],[37.01041666666572,26.693749999999802],[36.997916666665674,26.693749999999802],[36.985416666665685,26.681249999999785],[36.97708333333239,26.681249999999785]]}},{"type":"Feature","properties":{"HYRIV_ID":20838612,"NEXT_DOWN":20838613,"MAIN_RIV":20848032,"LENGTH_KM":3.73,"CATCH_SKM":6.33,"DIS_AV_CMS":0.368,"ORD_STRA":4,"ORD_FLOW":7},"geometry":{"type":"LineString","coordinates":[[37.36874999999904,26.681249999999785],[37.381249999999,26.681249999999785],[37.38541666666566,26.677083333333123],[37.39791666666571,26.677083333333123],[37.40208333333237,26.681249999999785]]}},{"type":"Feature","properties":{"HYRIV_ID":20838613,"NEXT_DOWN":20838614,"MAIN_RIV":20848032,"LENGTH_KM":2.6900001,"CATCH_SKM":11.12,"DIS_AV_CMS":2.6719999,"ORD_STRA":5,"ORD_FLOW":6},"geometry":{"type":"LineString","coordinates":[[37.40208333333237,26.681249999999785],[37.422916666665685,26.681249999999785],[37.42708333333232,26.677083333333123]]}},{"type":"Feature","properties":{"HYRIV_ID":20838614,"NEXT_DOWN":20838678,"MAIN_RIV":20848032,"LENGTH_KM":7.25,"CATCH_SKM":37.970001,"DIS_AV_CMS":2.7720001,"ORD_STRA":5,"ORD_FLOW":6},"geometry":{"type":"LineString","coordinates":[[37.42708333333232,26.677083333333123],[37.43541666666573,26.677083333333123],[37.452083333332354,26.693749999999802],[37.46458333333234,26.693749999999802],[37.468749999999005,26.689583333333097],[37.4770833333323,26.689583333333097],[37.485416666665714,26.681249999999785]]}},{"type":"Feature","properties":{"HYRIV_ID":20838675,"NEXT_DOWN":20839123,"MAIN_RIV":20838781,"LENGTH_KM":0.93,"CATCH_SKM":14.57,"DIS_AV_CMS":0.002,"ORD_STRA":1,"ORD_FLOW":9},"geometry":{"type":"LineString","coordinates":[[36.67916666666571,26.679166666666454],[36.6854166666657,26.67291666666646]]}},{"type":"Feature","properties":{"HYRIV_ID":20838676,"NEXT_DOWN":20839123,"MAIN_RIV":20838781,"LENGTH_KM":2.07,"CATCH_SKM":17.07,"DIS_AV_CMS":0.002,"ORD_STRA":1,"ORD_FLOW":9},"geometry":{"type":"LineString","coordinates":[[36.70416666666574,26.677083333333123],[36.689583333332365,26.677083333333123],[36.6854166666657,26.67291666666646]]}},{"type":"Feature","properties":{"HYRIV_ID":20838677,"NEXT_DOWN":20838551,"MAIN_RIV":20838781,"LENGTH_KM":3.9300001,"CATCH_SKM":22.059999,"DIS_AV_CMS":0.004,"ORD_STRA":1,"ORD_FLOW":9},"geometry":{"type":"LineString","coordinates":[[36.82083333333236,26.67291666666646],[36.814583333332365,26.67291666666646],[36.80208333333238,26.685416666666434],[36.79374999999908,26.685416666666434],[36.789583333332416,26.681249999999785]]}},{"type":"Feature","properties":{"HYRIV_ID":20838678,"NEXT_DOWN":20838783,"MAIN_RIV":20848032,"LENGTH_KM":1.24,"CATCH_SKM":2.3,"DIS_AV_CMS":2.865,"ORD_STRA":5,"ORD_FLOW":6},"geometry":{"type":"LineString","coordinates":[[37.485416666665714,26.681249999999785],[37.49374999999904,26.67291666666646]]}},{"type":"Feature","properties":{"HYRIV_ID":20838738,"NEXT_DOWN":20839068,"MAIN_RIV":20839660,"LENGTH_KM":2.02,"CATCH_SKM":13.81,"DIS_AV_CMS":0.002,"ORD_STRA":1,"ORD_FLOW":9},"geometry":{"type":"LineString","coordinates":[[36.320833333332416,26.683333333333103],[36.32708333333241,26.677083333333123],[36.32708333333241,26.67291666666646],[36.331249999999045,26.668749999999754]]}},{"type":"Feature","properties":{"HYRIV_ID":20838739,"NEXT_DOWN":20838445,"MAIN_RIV":20838781,"LENGTH_KM":2.6300001,"CATCH_SKM":4.9899998,"DIS_AV_CMS":0.064,"ORD_STRA":3,"ORD_FLOW":8},"geometry":{"type":"LineString","coordinates":[[36.53541666666575,26.668749999999754],[36.52708333333234,26.677083333333123],[36.52708333333234,26.689583333333097]]}},{"type":"Feature","properties":{"HYRIV_ID":20838740,"NEXT_DOWN":20838611,"MAIN_RIV":20845381,"LENGTH_KM":1.16,"CATCH_SKM":11.89,"DIS_AV_CMS":0.005,"ORD_STRA":1,"ORD_FLOW":9},"geometry":{"type":"LineString","coordinates":[[37.077083333332354,26.666666666666437],[37.077083333332354,26.677083333333123]]}},{"type":"Feature","properties":{"HYRIV_ID":20838741,"NEXT_DOWN":20838611,"MAIN_RIV":20845381,"LENGTH_KM":2.79,"CATCH_SKM":19.18,"DIS_AV_CMS":0.008,"ORD_STRA":1,"ORD_FLOW":9},"geometry":{"type":"LineString","coordinates":[[37.099999999999056,26.666666666666437],[37.09374999999906,26.67291666666646],[37.089583333332314,26.67291666666646],[37.08541666666565,26.677083333333123],[37.077083333332354,26.677083333333123]]}},{"type":"Feature","properties":{"HYRIV_ID":20838742,"NEXT_DOWN":20838743,"MAIN_RIV":20848032,"LENGTH_KM":6.0500002,"CATCH_SKM":20.139999,"DIS_AV_CMS":0.127,"ORD_STRA":3,"ORD_FLOW":7},"geometry":{"type":"LineString","coordinates":[[37.268749999999045,26.685416666666434],[37.27291666666571,26.681249999999785],[37.2854166666657,26.681249999999785],[37.28958333333236,26.685416666666434],[37.29791666666566,26.685416666666434],[37.30624999999907,26.677083333333123],[37.31041666666573,26.677083333333123],[37.31458333333239,26.67291666666646],[37.31458333333239,26.668749999999754]]}},{"type":"Feature","properties":{"HYRIV_ID":20838743,"NEXT_DOWN":20838745,"MAIN_RIV":20848032,"LENGTH_KM":2.9,"CATCH_SKM":12.85,"DIS_AV_CMS":0.28400001,"ORD_STRA":4,"ORD_FLOW":7},"geometry":{"type":"LineString","coordinates":[[37.31458333333239,26.668749999999754],[37.343749999999005,26.668749999999754]]}},{"type":"Feature","properties":{"HYRIV_ID":20838744,"NEXT_DOWN":20838745,"MAIN_RIV":20848032,"LENGTH_KM":5.8400002,"CATCH_SKM":20.9,"DIS_AV_CMS":0.011,"ORD_STRA":1,"ORD_FLOW":8},"geometry":{"type":"LineString","coordinates":[[37.32083333333236,26.708333333333094],[37.33124999999902,26.69791666666645],[37.33541666666568,26.69791666666645],[37.33958333333234,26.693749999999802],[37.33958333333234,26.685416666666434],[37.33541666666568,26.681249999999785],[37.343749999999005,26.67291666666646],[37.343749999999005,26.668749999999754]]}},{"type":"Feature","properties":{"HYRIV_ID":20838745,"NEXT_DOWN":20838746,"MAIN_RIV":20848032,"LENGTH_KM":0.41,"CATCH_SKM":0.38,"DIS_AV_CMS":0.295,"ORD_STRA":4,"ORD_FLOW":7},"geometry":{"type":"LineString","coordinates":[[37.343749999999005,26.668749999999754],[37.34791666666564,26.668749999999754]]}},{"type":"Feature","properties":{"HYRIV_ID":20838746,"NEXT_DOWN":20838612,"MAIN_RIV":20848032,"LENGTH_KM":2.6900001,"CATCH_SKM":16.110001,"DIS_AV_CMS":0.35,"ORD_STRA":4,"ORD_FLOW":7},"geometry":{"type":"LineString","coordinates":[[37.34791666666564,26.668749999999754],[37.35208333333239,26.67291666666646],[37.35624999999905,26.67291666666646],[37.36458333333238,26.681249999999785],[37.36874999999904,26.681249999999785]]}},{"type":"Feature","properties":{"HYRIV_ID":20838781,"NEXT_DOWN":0,"MAIN_RIV":20838781,"LENGTH_KM":3.25,"CATCH_SKM":5.75,"DIS_AV_CMS":0.239,"ORD_STRA":5,"ORD_FLOW":7},"geometry":{"type":"LineString","coordinates":[[36.19791666666572,26.689583333333097],[36.193749999999085,26.685416666666434],[36.193749999999085,26.681249999999785],[36.18958333333242,26.677083333333123],[36.18958333333242,26.668749999999754],[36.18541666666576,26.664583333333105]]}},{"type":"Feature","properties":{"HYRIV_ID":20838782,"NEXT_DOWN":20838498,"MAIN_RIV":20838781,"LENGTH_KM":2.55,"CATCH_SKM":19.190001,"DIS_AV_CMS":0.002,"ORD_STRA":1,"ORD_FLOW":9},"geometry":{"type":"LineString","coordinates":[[36.506249999999056,26.662499999999774],[36.506249999999056,26.685416666666434]]}},{"type":"Feature","properties":{"HYRIV_ID":20838783,"NEXT_DOWN":20838945,"MAIN_RIV":20848032,"LENGTH_KM":1.08,"CATCH_SKM":0.96,"DIS_AV_CMS":2.9560001,"ORD_STRA":5,"ORD_FLOW":6},"geometry":{"type":"LineString","coordinates":[[37.49374999999904,26.67291666666646],[37.4979166666657,26.668749999999754],[37.4979166666657,26.664583333333105]]}},{"type":"Feature","properties":{"HYRIV_ID":20838784,"NEXT_DOWN":20838945,"MAIN_RIV":20848032,"LENGTH_KM":4.8600001,"CATCH_SKM":10.55,"DIS_AV_CMS":0.078,"ORD_STRA":2,"ORD_FLOW":8},"geometry":{"type":"LineString","coordinates":[[37.52708333333237,26.693749999999802],[37.51458333333241,26.681249999999785],[37.51041666666566,26.681249999999785],[37.506249999999,26.677083333333123],[37.506249999999,26.668749999999754],[37.50208333333234,26.664583333333105],[37.4979166666657,26.664583333333105]]}},{"type":"Feature","properties":{"HYRIV_ID":20838785,"NEXT_DOWN":20838839,"MAIN_RIV":20848032,"LENGTH_KM":4.4899998,"CATCH_SKM":10.16,"DIS_AV_CMS":1.931,"ORD_STRA":5,"ORD_FLOW":6},"geometry":{"type":"LineString","coordinates":[[37.90624999999906,26.702083333333114],[37.90624999999906,26.689583333333097],[37.910416666665725,26.685416666666434],[37.910416666665725,26.681249999999785],[37.91458333333239,26.677083333333123],[37.91458333333239,26.664583333333105]]}},{"type":"Feature","properties":{"HYRIV_ID":20838786,"NEXT_DOWN":20838839,"MAIN_RIV":20848032,"LENGTH_KM":15.53,"CATCH_SKM":74.029999,"DIS_AV_CMS":0.104,"ORD_STRA":2,"ORD_FLOW":7},"geometry":{"type":"LineString","coordinates":[[38.05208333333235,26.693749999999802],[38.047916666665714,26.689583333333097],[38.03958333333239,26.689583333333097],[38.035416666665725,26.685416666666434],[38.027083333332314,26.685416666666434],[38.02291666666568,26.681249999999785],[38.01874999999902,26.681249999999785],[38.014583333332354,26.685416666666434],[37.99374999999898,26.685416666666434],[37.981249999998994,26.67291666666646],[37.97708333333233,26.67291666666646],[37.97291666666567,26.668749999999754],[37.95208333333238,26.668749999999754],[37.947916666665634,26.664583333333105],[37.91458333333239,26.664583333333105]]}},{"type":"Feature","properties":{"HYRIV_ID":20838835,"NEXT_DOWN":20838554,"MAIN_RIV":20848032,"LENGTH_KM":8.2299995,"CATCH_SKM":49.110001,"DIS_AV_CMS":0.022,"ORD_STRA":1,"ORD_FLOW":8},"geometry":{"type":"LineString","coordinates":[[37.14583333333238,26.65833333333311],[37.15208333333237,26.664583333333105],[37.15208333333237,26.668749999999754],[37.1604166666657,26.668749999999754],[37.16458333333233,26.67291666666646],[37.17291666666574,26.67291666666646],[37.177083333332405,26.677083333333123],[37.18124999999907,26.677083333333123],[37.18541666666573,26.681249999999785],[37.202083333332354,26.681249999999785],[37.21041666666568,26.689583333333097]]}},{"type":"Feature","properties":{"HYRIV_ID":20838836,"NEXT_DOWN":20839004,"MAIN_RIV":20848032,"LENGTH_KM":4.96,"CATCH_SKM":13.04,"DIS_AV_CMS":0.028,"ORD_STRA":2,"ORD_FLOW":8},"geometry":{"type":"LineString","coordinates":[[37.593749999999005,26.69791666666645],[37.58958333333234,26.693749999999802],[37.58958333333234,26.685416666666434],[37.58541666666568,26.681249999999785],[37.593749999999005,26.67291666666646],[37.593749999999005,26.668749999999754],[37.58958333333234,26.664583333333105],[37.58958333333234,26.660416666666443]]}},{"type":"Feature","properties":{"HYRIV_ID":20838837,"NEXT_DOWN":20839004,"MAIN_RIV":20848032,"LENGTH_KM":3.9400001,"CATCH_SKM":14.39,"DIS_AV_CMS":0.038,"ORD_STRA":2,"ORD_FLOW":8},"geometry":{"type":"LineString","coordinates":[[37.61874999999904,26.681249999999785],[37.606249999998965,26.668749999999754],[37.60208333333233,26.668749999999754],[37.593749999999005,26.660416666666443],[37.58958333333234,26.660416666666443]]}},{"type":"Feature","properties":{"HYRIV_ID":20838838,"NEXT_DOWN":20839576,"MAIN_RIV":20848032,"LENGTH_KM":4.4499998,"CATCH_SKM":28.77,"DIS_AV_CMS":0.015,"ORD_STRA":1,"ORD_FLOW":8},"geometry":{"type":"LineString","coordinates":[[37.874999999999034,26.679166666666454],[37.88124999999903,26.67291666666646],[37.89374999999899,26.67291666666646],[37.89791666666565,26.668749999999754],[37.9020833333324,26.668749999999754],[37.910416666665725,26.660416666666443]]}},{"type":"Feature","properties":{"HYRIV_ID":20838839,"NEXT_DOWN":20839576,"MAIN_RIV":20848032,"LENGTH_KM":0.62,"CATCH_SKM":0.19,"DIS_AV_CMS":2.0350001,"ORD_STRA":5,"ORD_FLOW":6},"geometry":{"type":"LineString","coordinates":[[37.91458333333239,26.664583333333105],[37.910416666665725,26.660416666666443]]}},{"type":"Feature","properties":{"HYRIV_ID":20838889,"NEXT_DOWN":20839068,"MAIN_RIV":20839660,"LENGTH_KM":11.29,"CATCH_SKM":54.279999,"DIS_AV_CMS":0.007,"ORD_STRA":1,"ORD_FLOW":9},"geometry":{"type":"LineString","coordinates":[[36.424999999999045,26.654166666666463],[36.40208333333243,26.677083333333123],[36.39791666666568,26.677083333333123],[36.39374999999902,26.681249999999785],[36.389583333332354,26.681249999999785],[36.38541666666569,26.677083333333123],[36.36041666666574,26.677083333333123],[36.356249999998994,26.67291666666646],[36.343749999999034,26.67291666666646],[36.33958333333237,26.668749999999754],[36.331249999999045,26.668749999999754]]}},{"type":"Feature","properties":{"HYRIV_ID":20838890,"NEXT_DOWN":20839070,"MAIN_RIV":20845381,"LENGTH_KM":3.83,"CATCH_SKM":20.52,"DIS_AV_CMS":0.047,"ORD_STRA":2,"ORD_FLOW":8},"geometry":{"type":"LineString","coordinates":[[36.97708333333239,26.681249999999785],[36.972916666665725,26.681249999999785],[36.96874999999906,26.677083333333123],[36.972916666665725,26.67291666666646],[36.972916666665725,26.668749999999754],[36.96874999999906,26.664583333333105],[36.96874999999906,26.660416666666443],[36.972916666665725,26.65624999999978]]}},{"type":"Feature","properties":{"HYRIV_ID":20838891,"NEXT_DOWN":20838612,"MAIN_RIV":20848032,"LENGTH_KM":3.49,"CATCH_SKM":16.690001,"DIS_AV_CMS":0.009,"ORD_STRA":1,"ORD_FLOW":9},"geometry":{"type":"LineString","coordinates":[[37.381249999999,26.654166666666463],[37.381249999999,26.664583333333105],[37.36874999999904,26.677083333333123],[37.36874999999904,26.681249999999785]]}},{"type":"Feature","properties":{"HYRIV_ID":20838944,"NEXT_DOWN":20838783,"MAIN_RIV":20848032,"LENGTH_KM":6.2600002,"CATCH_SKM":20.719999,"DIS_AV_CMS":0.079,"ORD_STRA":2,"ORD_FLOW":8},"geometry":{"type":"LineString","coordinates":[[37.44791666666572,26.65208333333313],[37.44791666666572,26.65624999999978],[37.452083333332354,26.660416666666443],[37.45624999999902,26.660416666666443],[37.468749999999005,26.67291666666646],[37.47291666666567,26.668749999999754],[37.48958333333238,26.668749999999754],[37.49374999999904,26.67291666666646]]}},{"type":"Feature","properties":{"HYRIV_ID":20838945,"NEXT_DOWN":20839072,"MAIN_RIV":20848032,"LENGTH_KM":3.52,"CATCH_SKM":14.01,"DIS_AV_CMS":3.046,"ORD_STRA":5,"ORD_FLOW":6},"geometry":{"type":"LineString","coordinates":[[37.4979166666657,26.664583333333105],[37.506249999999,26.65624999999978],[37.51458333333241,26.65624999999978],[37.51874999999899,26.65208333333313],[37.52708333333237,26.65208333333313]]}},{"type":"Feature","properties":{"HYRIV_ID":20839000,"NEXT_DOWN":20838739,"MAIN_RIV":20838781,"LENGTH_KM":2.79,"CATCH_SKM":16.5,"DIS_AV_CMS":0.034,"ORD_STRA":2,"ORD_FLOW":8},"geometry":{"type":"LineString","coordinates":[[36.53958333333239,26.647916666666426],[36.53541666666575,26.65208333333313],[36.53541666666575,26.65624999999978],[36.53124999999909,26.660416666666443],[36.53124999999909,26.664583333333105],[36.53541666666575,26.668749999999754]]}},{"type":"Feature","properties":{"HYRIV_ID":20839001,"NEXT_DOWN":20839070,"MAIN_RIV":20845381,"LENGTH_KM":3.62,"CATCH_SKM":15.16,"DIS_AV_CMS":0.005,"ORD_STRA":1,"ORD_FLOW":9},"geometry":{"type":"LineString","coordinates":[[36.999999999999005,26.645833333333094],[36.99374999999901,26.65208333333313],[36.98958333333235,26.65208333333313],[36.985416666665685,26.65624999999978],[36.98124999999902,26.65208333333313],[36.97708333333239,26.65624999999978],[36.972916666665725,26.65624999999978]]}},{"type":"Feature","properties":{"HYRIV_ID":20839002,"NEXT_DOWN":20838555,"MAIN_RIV":20848032,"LENGTH_KM":5.37,"CATCH_SKM":22.639999,"DIS_AV_CMS":0.011,"ORD_STRA":1,"ORD_FLOW":8},"geometry":{"type":"LineString","coordinates":[[37.20833333333235,26.647916666666426],[37.21458333333234,26.647916666666426],[37.222916666665725,26.65624999999978],[37.22708333333239,26.65624999999978],[37.235416666665714,26.664583333333105],[37.235416666665714,26.681249999999785]]}},{"type":"Feature","properties":{"HYRIV_ID":20839003,"NEXT_DOWN":20838614,"MAIN_RIV":20848032,"LENGTH_KM":4.1900001,"CATCH_SKM":17.27,"DIS_AV_CMS":0.009,"ORD_STRA":1,"ORD_FLOW":9},"geometry":{"type":"LineString","coordinates":[[37.408333333332365,26.645833333333094],[37.41458333333236,26.65208333333313],[37.41458333333236,26.65624999999978],[37.422916666665685,26.664583333333105],[37.422916666665685,26.668749999999754],[37.42708333333232,26.67291666666646],[37.42708333333232,26.677083333333123]]}},{"type":"Feature","properties":{"HYRIV_ID":20839004,"NEXT_DOWN":20839575,"MAIN_RIV":20848032,"LENGTH_KM":2.12,"CATCH_SKM":2.6900001,"DIS_AV_CMS":0.068,"ORD_STRA":3,"ORD_FLOW":8},"geometry":{"type":"LineString","coordinates":[[37.58958333333234,26.660416666666443],[37.58541666666568,26.65624999999978],[37.58124999999902,26.65624999999978],[37.57708333333238,26.65208333333313],[37.57708333333238,26.647916666666426]]}},{"type":"Feature","properties":{"HYRIV_ID":20839066,"NEXT_DOWN":0,"MAIN_RIV":20839066,"LENGTH_KM":1.55,"CATCH_SKM":12.28,"DIS_AV_CMS":0.002,"ORD_STRA":1,"ORD_FLOW":9},"geometry":{"type":"LineString","coordinates":[[36.23333333333241,26.654166666666463],[36.2229166666657,26.643749999999763]]}},{"type":"Feature","properties":{"HYRIV_ID":20839067,"NEXT_DOWN":0,"MAIN_RIV":20839067,"LENGTH_KM":1.35,"CATCH_SKM":15.35,"DIS_AV_CMS":0.002,"ORD_STRA":1,"ORD_FLOW":9},"geometry":{"type":"LineString","coordinates":[[36.23749999999907,26.649999999999757],[36.23124999999908,26.643749999999763],[36.22708333333233,26.643749999999763]]}},{"type":"Feature","properties":{"HYRIV_ID":20839068,"NEXT_DOWN":20839326,"MAIN_RIV":20839660,"LENGTH_KM":2.9400001,"CATCH_SKM":15.73,"DIS_AV_CMS":0.011,"ORD_STRA":2,"ORD_FLOW":8},"geometry":{"type":"LineString","coordinates":[[36.331249999999045,26.668749999999754],[36.331249999999045,26.664583333333105],[36.32708333333241,26.660416666666443],[36.32708333333241,26.643749999999763]]}},{"type":"Feature","properties":{"HYRIV_ID":20839069,"NEXT_DOWN":20839327,"MAIN_RIV":20838781,"LENGTH_KM":5.73,"CATCH_SKM":26.280001,"DIS_AV_CMS":0.003,"ORD_STRA":1,"ORD_FLOW":9},"geometry":{"type":"LineString","coordinates":[[36.629166666665725,26.687499999999766],[36.63541666666572,26.681249999999785],[36.63541666666572,26.67291666666646],[36.63958333333238,26.668749999999754],[36.63541666666572,26.664583333333105],[36.63541666666572,26.65624999999978],[36.63958333333238,26.65208333333313],[36.63541666666572,26.647916666666426],[36.63541666666572,26.643749999999763]]}},{"type":"Feature","properties":{"HYRIV_ID":20839070,"NEXT_DOWN":20840119,"MAIN_RIV":20845381,"LENGTH_KM":1.86,"CATCH_SKM":3.07,"DIS_AV_CMS":0.052,"ORD_STRA":2,"ORD_FLOW":8},"geometry":{"type":"LineString","coordinates":[[36.972916666665725,26.65624999999978],[36.960416666665736,26.643749999999763]]}},{"type":"Feature","properties":{"HYRIV_ID":20839071,"NEXT_DOWN":20838743,"MAIN_RIV":20848032,"LENGTH_KM":5.3800001,"CATCH_SKM":18.610001,"DIS_AV_CMS":0.146,"ORD_STRA":3,"ORD_FLOW":7},"geometry":{"type":"LineString","coordinates":[[37.27291666666571,26.643749999999763],[37.27708333333237,26.647916666666426],[37.281249999999034,26.647916666666426],[37.2854166666657,26.65208333333313],[37.28958333333236,26.65208333333313],[37.29791666666566,26.660416666666443],[37.302083333332405,26.660416666666443],[37.30624999999907,26.664583333333105],[37.31041666666573,26.664583333333105],[37.31458333333239,26.668749999999754]]}},{"type":"Feature","properties":{"HYRIV_ID":20839072,"NEXT_DOWN":20839575,"MAIN_RIV":20848032,"LENGTH_KM":6.0100002,"CATCH_SKM":23.6,"DIS_AV_CMS":3.0650001,"ORD_STRA":5,"ORD_FLOW":6},"geometry":{"type":"LineString","coordinates":[[37.52708333333237,26.65208333333313],[37.53958333333236,26.65208333333313],[37.54374999999902,26.647916666666426],[37.55624999999898,26.647916666666426],[37.56041666666573,26.643749999999763],[37.56458333333239,26.643749999999763],[37.57291666666572,26.65208333333313],[37.57708333333238,26.647916666666426]]}},{"type":"Feature","properties":{"HYRIV_ID":20839122,"NEXT_DOWN":20839327,"MAIN_RIV":20838781,"LENGTH_KM":2.6900001,"CATCH_SKM":7.87,"DIS_AV_CMS":0.027,"ORD_STRA":3,"ORD_FLOW":8},"geometry":{"type":"LineString","coordinates":[[36.656249999999005,26.639583333333114],[36.65208333333234,26.639583333333114],[36.64791666666568,26.643749999999763],[36.64374999999902,26.639583333333114],[36.63958333333238,26.643749999999763],[36.63541666666572,26.643749999999763]]}},{"type":"Feature","properties":{"HYRIV_ID":20839123,"NEXT_DOWN":20839122,"MAIN_RIV":20838781,"LENGTH_KM":5.8400002,"CATCH_SKM":17.84,"DIS_AV_CMS":0.007,"ORD_STRA":2,"ORD_FLOW":9},"geometry":{"type":"LineString","coordinates":[[36.6854166666657,26.67291666666646],[36.6854166666657,26.668749999999754],[36.67708333333238,26.668749999999754],[36.67708333333238,26.660416666666443],[36.672916666665714,26.65624999999978],[36.672916666665714,26.65208333333313],[36.66874999999905,26.65208333333313],[36.66874999999905,26.647916666666426],[36.66041666666567,26.639583333333114],[36.656249999999005,26.639583333333114]]}},{"type":"Feature","properties":{"HYRIV_ID":20839124,"NEXT_DOWN":20838551,"MAIN_RIV":20838781,"LENGTH_KM":6.46,"CATCH_SKM":30.309999,"DIS_AV_CMS":0.005,"ORD_STRA":1,"ORD_FLOW":9},"geometry":{"type":"LineString","coordinates":[[36.824999999998994,26.637499999999783],[36.81874999999903,26.643749999999763],[36.81874999999903,26.647916666666426],[36.814583333332365,26.65208333333313],[36.8104166666657,26.65208333333313],[36.797916666665714,26.664583333333105],[36.797916666665714,26.668749999999754],[36.789583333332416,26.677083333333123],[36.789583333332416,26.681249999999785]]}},{"type":"Feature","properties":{"HYRIV_ID":20839171,"NEXT_DOWN":20839326,"MAIN_RIV":20839660,"LENGTH_KM":2.48,"CATCH_SKM":7.1,"DIS_AV_CMS":0.009,"ORD_STRA":2,"ORD_FLOW":9},"geometry":{"type":"LineString","coordinates":[[36.3479166666657,26.63541666666645],[36.343749999999034,26.639583333333114],[36.331249999999045,26.639583333333114],[36.32708333333241,26.643749999999763]]}},{"type":"Feature","properties":{"HYRIV_ID":20839172,"NEXT_DOWN":20839171,"MAIN_RIV":20839660,"LENGTH_KM":4.25,"CATCH_SKM":21.49,"DIS_AV_CMS":0.003,"ORD_STRA":1,"ORD_FLOW":9},"geometry":{"type":"LineString","coordinates":[[36.38333333333236,26.637499999999783],[36.37708333333239,26.643749999999763],[36.36041666666574,26.643749999999763],[36.356249999998994,26.639583333333114],[36.35208333333236,26.639583333333114],[36.3479166666657,26.63541666666645]]}},{"type":"Feature","properties":{"HYRIV_ID":20839173,"NEXT_DOWN":20839072,"MAIN_RIV":20848032,"LENGTH_KM":2.08,"CATCH_SKM":15.93,"DIS_AV_CMS":0.008,"ORD_STRA":1,"ORD_FLOW":9},"geometry":{"type":"LineString","coordinates":[[37.52708333333237,26.63333333333312],[37.52708333333237,26.65208333333313]]}},{"type":"Feature","properties":{"HYRIV_ID":20839230,"NEXT_DOWN":20839663,"MAIN_RIV":20848032,"LENGTH_KM":3.73,"CATCH_SKM":19.950001,"DIS_AV_CMS":0.01,"ORD_STRA":1,"ORD_FLOW":8},"geometry":{"type":"LineString","coordinates":[[37.80416666666568,26.643749999999763],[37.81458333333234,26.643749999999763],[37.82291666666572,26.63541666666645],[37.831249999999045,26.63541666666645],[37.83541666666571,26.631249999999746]]}},{"type":"Feature","properties":{"HYRIV_ID":20839231,"NEXT_DOWN":20839663,"MAIN_RIV":20848032,"LENGTH_KM":1.62,"CATCH_SKM":14.77,"DIS_AV_CMS":0.007,"ORD_STRA":1,"ORD_FLOW":9},"geometry":{"type":"LineString","coordinates":[[37.83541666666571,26.645833333333094],[37.83541666666571,26.631249999999746]]}},{"type":"Feature","properties":{"HYRIV_ID":20839280,"NEXT_DOWN":20839660,"MAIN_RIV":20839660,"LENGTH_KM":0.93,"CATCH_SKM":12.28,"DIS_AV_CMS":0.002,"ORD_STRA":1,"ORD_FLOW":9},"geometry":{"type":"LineString","coordinates":[[36.279166666665645,26.63333333333312],[36.285416666665725,26.62708333333314]]}},{"type":"Feature","properties":{"HYRIV_ID":20839281,"NEXT_DOWN":20839171,"MAIN_RIV":20839660,"LENGTH_KM":2.07,"CATCH_SKM":3.45,"DIS_AV_CMS":0.005,"ORD_STRA":2,"ORD_FLOW":9},"geometry":{"type":"LineString","coordinates":[[36.364583333332405,26.62708333333314],[36.36041666666574,26.631249999999746],[36.35208333333236,26.631249999999746],[36.3479166666657,26.63541666666645]]}},{"type":"Feature","properties":{"HYRIV_ID":20839282,"NEXT_DOWN":20839000,"MAIN_RIV":20838781,"LENGTH_KM":3.1,"CATCH_SKM":14.2,"DIS_AV_CMS":0.002,"ORD_STRA":1,"ORD_FLOW":9},"geometry":{"type":"LineString","coordinates":[[36.52499999999901,26.624999999999808],[36.53958333333239,26.639583333333114],[36.53958333333239,26.647916666666426]]}},{"type":"Feature","properties":{"HYRIV_ID":20839326,"NEXT_DOWN":20839660,"MAIN_RIV":20839660,"LENGTH_KM":5.3800001,"CATCH_SKM":18.8,"DIS_AV_CMS":0.021,"ORD_STRA":3,"ORD_FLOW":8},"geometry":{"type":"LineString","coordinates":[[36.32708333333241,26.643749999999763],[36.318749999999085,26.63541666666645],[36.31041666666576,26.63541666666645],[36.30624999999901,26.631249999999746],[36.30208333333235,26.631249999999746],[36.29374999999905,26.622916666666434],[36.28958333333239,26.62708333333314],[36.285416666665725,26.62708333333314]]}},{"type":"Feature","properties":{"HYRIV_ID":20839327,"NEXT_DOWN":20838739,"MAIN_RIV":20838781,"LENGTH_KM":13.51,"CATCH_SKM":43.939999,"DIS_AV_CMS":0.032,"ORD_STRA":3,"ORD_FLOW":8},"geometry":{"type":"LineString","coordinates":[[36.63541666666572,26.643749999999763],[36.62291666666573,26.631249999999746],[36.61874999999898,26.631249999999746],[36.610416666665685,26.622916666666434],[36.60208333333236,26.622916666666434],[36.58124999999907,26.643749999999763],[36.58124999999907,26.647916666666426],[36.57708333333241,26.65208333333313],[36.568749999999,26.65208333333313],[36.56458333333234,26.65624999999978],[36.55624999999904,26.65624999999978],[36.55208333333238,26.660416666666443],[36.547916666665714,26.660416666666443],[36.54374999999905,26.664583333333105],[36.53958333333239,26.664583333333105],[36.53541666666575,26.668749999999754]]}},{"type":"Feature","properties":{"HYRIV_ID":20839328,"NEXT_DOWN":20840119,"MAIN_RIV":20845381,"LENGTH_KM":3.9400001,"CATCH_SKM":9.21,"DIS_AV_CMS":0.087,"ORD_STRA":2,"ORD_FLOW":8},"geometry":{"type":"LineString","coordinates":[[36.98958333333235,26.622916666666434],[36.98124999999902,26.631249999999746],[36.97708333333239,26.631249999999746],[36.96874999999906,26.639583333333114],[36.9645833333324,26.639583333333114],[36.960416666665736,26.643749999999763]]}},{"type":"Feature","properties":{"HYRIV_ID":20839374,"NEXT_DOWN":20839071,"MAIN_RIV":20848032,"LENGTH_KM":3.49,"CATCH_SKM":20.73,"DIS_AV_CMS":0.01,"ORD_STRA":1,"ORD_FLOW":8},"geometry":{"type":"LineString","coordinates":[[37.27708333333237,26.61666666666644],[37.27708333333237,26.62708333333314],[37.281249999999034,26.631249999999746],[37.27291666666571,26.639583333333114],[37.27291666666571,26.643749999999763]]}},{"type":"Feature","properties":{"HYRIV_ID":20839416,"NEXT_DOWN":20839281,"MAIN_RIV":20839660,"LENGTH_KM":4.25,"CATCH_SKM":17.459999,"DIS_AV_CMS":0.002,"ORD_STRA":1,"ORD_FLOW":9},"geometry":{"type":"LineString","coordinates":[[36.399999999999096,26.61249999999979],[36.389583333332354,26.622916666666434],[36.38124999999903,26.622916666666434],[36.37708333333239,26.62708333333314],[36.364583333332405,26.62708333333314]]}},{"type":"Feature","properties":{"HYRIV_ID":20839459,"NEXT_DOWN":20839122,"MAIN_RIV":20838781,"LENGTH_KM":6.0100002,"CATCH_SKM":22.84,"DIS_AV_CMS":0.02,"ORD_STRA":2,"ORD_FLOW":8},"geometry":{"type":"LineString","coordinates":[[36.70208333333241,26.61041666666646],[36.69791666666566,26.61041666666646],[36.6854166666657,26.622916666666434],[36.68124999999904,26.622916666666434],[36.67708333333238,26.62708333333314],[36.672916666665714,26.62708333333314],[36.66874999999905,26.631249999999746],[36.664583333332416,26.631249999999746],[36.656249999999005,26.639583333333114]]}},{"type":"Feature","properties":{"HYRIV_ID":20839460,"NEXT_DOWN":20839459,"MAIN_RIV":20838781,"LENGTH_KM":3.98,"CATCH_SKM":18.42,"DIS_AV_CMS":0.003,"ORD_STRA":1,"ORD_FLOW":9},"geometry":{"type":"LineString","coordinates":[[36.72916666666569,26.631249999999746],[36.7229166666657,26.631249999999746],[36.718749999999034,26.62708333333314],[36.718749999999034,26.622916666666434],[36.7145833333324,26.61874999999977],[36.710416666665736,26.61874999999977],[36.70208333333241,26.61041666666646]]}},{"type":"Feature","properties":{"HYRIV_ID":20839461,"NEXT_DOWN":20839459,"MAIN_RIV":20838781,"LENGTH_KM":1.66,"CATCH_SKM":4.8,"DIS_AV_CMS":0.016,"ORD_STRA":2,"ORD_FLOW":8},"geometry":{"type":"LineString","coordinates":[[36.718749999999034,26.61041666666646],[36.70208333333241,26.61041666666646]]}},{"type":"Feature","properties":{"HYRIV_ID":20839462,"NEXT_DOWN":20839071,"MAIN_RIV":20848032,"LENGTH_KM":5.48,"CATCH_SKM":19.190001,"DIS_AV_CMS":0.123,"ORD_STRA":3,"ORD_FLOW":7},"geometry":{"type":"LineString","coordinates":[[37.23958333333238,26.61041666666646],[37.23958333333238,26.614583333333123],[37.24374999999901,26.61874999999977],[37.247916666665674,26.61874999999977],[37.268749999999045,26.639583333333114],[37.268749999999045,26.643749999999763],[37.27291666666571,26.643749999999763]]}},{"type":"Feature","properties":{"HYRIV_ID":20839463,"NEXT_DOWN":20838944,"MAIN_RIV":20848032,"LENGTH_KM":5.4200001,"CATCH_SKM":12.47,"DIS_AV_CMS":0.05,"ORD_STRA":2,"ORD_FLOW":8},"geometry":{"type":"LineString","coordinates":[[37.46041666666568,26.61041666666646],[37.46041666666568,26.61874999999977],[37.452083333332354,26.62708333333314],[37.452083333332354,26.639583333333114],[37.44791666666572,26.643749999999763],[37.452083333332354,26.647916666666426],[37.44791666666572,26.65208333333313]]}},{"type":"Feature","properties":{"HYRIV_ID":20839524,"NEXT_DOWN":20839461,"MAIN_RIV":20838781,"LENGTH_KM":9.5299997,"CATCH_SKM":47.98,"DIS_AV_CMS":0.007,"ORD_STRA":1,"ORD_FLOW":9},"geometry":{"type":"LineString","coordinates":[[36.80416666666571,26.614583333333123],[36.78124999999909,26.614583333333123],[36.77291666666568,26.606249999999754],[36.747916666665645,26.606249999999754],[36.74374999999901,26.61041666666646],[36.73958333333235,26.61041666666646],[36.735416666665685,26.614583333333123],[36.73124999999902,26.614583333333123],[36.72708333333236,26.61041666666646],[36.718749999999034,26.61041666666646]]}},{"type":"Feature","properties":{"HYRIV_ID":20839571,"NEXT_DOWN":20839000,"MAIN_RIV":20838781,"LENGTH_KM":6.9299998,"CATCH_SKM":29.75,"DIS_AV_CMS":0.03,"ORD_STRA":2,"ORD_FLOW":8},"geometry":{"type":"LineString","coordinates":[[36.58124999999907,26.602083333333148],[36.57291666666575,26.61041666666646],[36.568749999999,26.61041666666646],[36.568749999999,26.614583333333123],[36.54374999999905,26.639583333333114],[36.54374999999905,26.643749999999763],[36.53958333333239,26.647916666666426]]}},{"type":"Feature","properties":{"HYRIV_ID":20839572,"NEXT_DOWN":20839462,"MAIN_RIV":20848032,"LENGTH_KM":4.25,"CATCH_SKM":23.99,"DIS_AV_CMS":0.011,"ORD_STRA":1,"ORD_FLOW":8},"geometry":{"type":"LineString","coordinates":[[37.204166666665685,26.608333333333086],[37.21041666666568,26.602083333333148],[37.21458333333234,26.602083333333148],[37.21874999999898,26.606249999999754],[37.222916666665725,26.606249999999754],[37.22708333333239,26.61041666666646],[37.23958333333238,26.61041666666646]]}},{"type":"Feature","properties":{"HYRIV_ID":20839573,"NEXT_DOWN":20838944,"MAIN_RIV":20848032,"LENGTH_KM":9.0500002,"CATCH_SKM":34.16,"DIS_AV_CMS":0.018,"ORD_STRA":1,"ORD_FLOW":8},"geometry":{"type":"LineString","coordinates":[[37.41666666666569,26.599999999999774],[37.43124999999907,26.614583333333123],[37.43124999999907,26.61874999999977],[37.42708333333232,26.622916666666434],[37.42708333333232,26.62708333333314],[37.422916666665685,26.631249999999746],[37.422916666665685,26.643749999999763],[37.42708333333232,26.647916666666426],[37.43124999999907,26.647916666666426],[37.43958333333239,26.65624999999978],[37.443749999999056,26.65208333333313],[37.44791666666572,26.65208333333313]]}},{"type":"Feature","properties":{"HYRIV_ID":20839574,"NEXT_DOWN":20839806,"MAIN_RIV":20848032,"LENGTH_KM":1.97,"CATCH_SKM":13.43,"DIS_AV_CMS":0.006,"ORD_STRA":1,"ORD_FLOW":9},"geometry":{"type":"LineString","coordinates":[[37.58333333333235,26.61249999999979],[37.593749999999005,26.602083333333148],[37.59791666666567,26.602083333333148]]}},{"type":"Feature","properties":{"HYRIV_ID":20839575,"NEXT_DOWN":20839806,"MAIN_RIV":20848032,"LENGTH_KM":6.14,"CATCH_SKM":22.83,"DIS_AV_CMS":3.1429999,"ORD_STRA":5,"ORD_FLOW":6},"geometry":{"type":"LineString","coordinates":[[37.57708333333238,26.647916666666426],[37.58124999999902,26.643749999999763],[37.58541666666568,26.643749999999763],[37.58958333333234,26.639583333333114],[37.58958333333234,26.63541666666645],[37.593749999999005,26.631249999999746],[37.593749999999005,26.622916666666434],[37.59791666666567,26.61874999999977],[37.59791666666567,26.602083333333148]]}},{"type":"Feature","properties":{"HYRIV_ID":20839576,"NEXT_DOWN":20840169,"MAIN_RIV":20848032,"LENGTH_KM":7.5900002,"CATCH_SKM":41.830002,"DIS_AV_CMS":2.073,"ORD_STRA":5,"ORD_FLOW":6},"geometry":{"type":"LineString","coordinates":[[37.910416666665725,26.660416666666443],[37.910416666665725,26.65208333333313],[37.91458333333239,26.647916666666426],[37.91458333333239,26.63541666666645],[37.91874999999902,26.631249999999746],[37.91874999999902,26.622916666666434],[37.93958333333234,26.602083333333148]]}},{"type":"Feature","properties":{"HYRIV_ID":20839577,"NEXT_DOWN":20840169,"MAIN_RIV":20848032,"LENGTH_KM":0.93,"CATCH_SKM":12.47,"DIS_AV_CMS":0.007,"ORD_STRA":1,"ORD_FLOW":9},"geometry":{"type":"LineString","coordinates":[[37.9458333333323,26.608333333333086],[37.93958333333234,26.602083333333148]]}},{"type":"Feature","properties":{"HYRIV_ID":20839618,"NEXT_DOWN":20839571,"MAIN_RIV":20838781,"LENGTH_KM":3.31,"CATCH_SKM":16.889999,"DIS_AV_CMS":0.002,"ORD_STRA":1,"ORD_FLOW":9},"geometry":{"type":"LineString","coordinates":[[36.608333333332354,26.606249999999754],[36.60208333333236,26.606249999999754],[36.593749999999034,26.597916666666443],[36.58958333333237,26.597916666666443],[36.585416666665736,26.602083333333148],[36.58124999999907,26.602083333333148]]}},{"type":"Feature","properties":{"HYRIV_ID":20839660,"NEXT_DOWN":0,"MAIN_RIV":20839660,"LENGTH_KM":4.81,"CATCH_SKM":23.030001,"DIS_AV_CMS":0.024,"ORD_STRA":3,"ORD_FLOW":8},"geometry":{"type":"LineString","coordinates":[[36.285416666665725,26.62708333333314],[36.26874999999902,26.61041666666646],[36.26874999999902,26.606249999999754],[36.25624999999903,26.59374999999978]]}},{"type":"Feature","properties":{"HYRIV_ID":20839661,"NEXT_DOWN":20839281,"MAIN_RIV":20839660,"LENGTH_KM":4.81,"CATCH_SKM":17.66,"DIS_AV_CMS":0.002,"ORD_STRA":1,"ORD_FLOW":9},"geometry":{"type":"LineString","coordinates":[[36.38749999999902,26.59166666666645],[36.38124999999903,26.597916666666443],[36.38124999999903,26.602083333333148],[36.37708333333239,26.606249999999754],[36.37708333333239,26.61041666666646],[36.37291666666573,26.614583333333123],[36.37291666666573,26.61874999999977],[36.364583333332405,26.62708333333314]]}},{"type":"Feature","properties":{"HYRIV_ID":20839662,"NEXT_DOWN":20840871,"MAIN_RIV":20842208,"LENGTH_KM":1.55,"CATCH_SKM":16.120001,"DIS_AV_CMS":0.002,"ORD_STRA":1,"ORD_FLOW":9},"geometry":{"type":"LineString","coordinates":[[36.470833333332365,26.604166666666423],[36.48124999999902,26.59374999999978]]}},{"type":"Feature","properties":{"HYRIV_ID":20839663,"NEXT_DOWN":20840006,"MAIN_RIV":20848032,"LENGTH_KM":7.0900002,"CATCH_SKM":20.34,"DIS_AV_CMS":0.028,"ORD_STRA":2,"ORD_FLOW":8},"geometry":{"type":"LineString","coordinates":[[37.83541666666571,26.631249999999746],[37.843749999999005,26.622916666666434],[37.843749999999005,26.61874999999977],[37.856249999998994,26.606249999999754],[37.86041666666566,26.606249999999754],[37.8729166666657,26.59374999999978],[37.88541666666569,26.59374999999978]]}},{"type":"Feature","properties":{"HYRIV_ID":20839664,"NEXT_DOWN":20840006,"MAIN_RIV":20848032,"LENGTH_KM":2.02,"CATCH_SKM":12.28,"DIS_AV_CMS":0.006,"ORD_STRA":1,"ORD_FLOW":9},"geometry":{"type":"LineString","coordinates":[[37.874999999999034,26.608333333333086],[37.88541666666569,26.597916666666443],[37.88541666666569,26.59374999999978]]}},{"type":"Feature","properties":{"HYRIV_ID":20839711,"NEXT_DOWN":20840871,"MAIN_RIV":20842208,"LENGTH_KM":1.11,"CATCH_SKM":12.48,"DIS_AV_CMS":0.002,"ORD_STRA":1,"ORD_FLOW":9},"geometry":{"type":"LineString","coordinates":[[36.47708333333236,26.5874999999998],[36.47708333333236,26.59374999999978],[36.48124999999902,26.59374999999978]]}},{"type":"Feature","properties":{"HYRIV_ID":20839712,"NEXT_DOWN":20839462,"MAIN_RIV":20848032,"LENGTH_KM":2.6300001,"CATCH_SKM":5.37,"DIS_AV_CMS":0.1,"ORD_STRA":3,"ORD_FLOW":7},"geometry":{"type":"LineString","coordinates":[[37.23958333333238,26.58958333333313],[37.23958333333238,26.59374999999978],[37.235416666665714,26.597916666666443],[37.23958333333238,26.602083333333148],[37.23958333333238,26.61041666666646]]}},{"type":"Feature","properties":{"HYRIV_ID":20839760,"NEXT_DOWN":20839712,"MAIN_RIV":20848032,"LENGTH_KM":1.86,"CATCH_SKM":2.5,"DIS_AV_CMS":0.028,"ORD_STRA":2,"ORD_FLOW":8},"geometry":{"type":"LineString","coordinates":[[37.222916666665725,26.585416666666468],[37.22708333333239,26.58958333333313],[37.23958333333238,26.58958333333313]]}},{"type":"Feature","properties":{"HYRIV_ID":20839761,"NEXT_DOWN":20840259,"MAIN_RIV":20848032,"LENGTH_KM":16.48,"CATCH_SKM":61.0,"DIS_AV_CMS":0.028,"ORD_STRA":1,"ORD_FLOW":8},"geometry":{"type":"LineString","coordinates":[[37.716666666665674,26.704166666666445],[37.72291666666575,26.69791666666645],[37.72291666666575,26.693749999999802],[37.718749999999005,26.689583333333097],[37.718749999999005,26.685416666666434],[37.71458333333234,26.681249999999785],[37.71458333333234,26.677083333333123],[37.706249999999045,26.668749999999754],[37.706249999999045,26.664583333333105],[37.70208333333238,26.660416666666443],[37.69791666666572,26.660416666666443],[37.68958333333231,26.65208333333313],[37.685416666665645,26.65208333333313],[37.67708333333235,26.643749999999763],[37.67708333333235,26.63541666666645],[37.672916666665685,26.631249999999746],[37.672916666665685,26.62708333333314],[37.66874999999902,26.622916666666434],[37.66874999999902,26.614583333333123],[37.672916666665685,26.61041666666646],[37.672916666665685,26.59374999999978],[37.68124999999901,26.585416666666468]]}},{"type":"Feature","properties":{"HYRIV_ID":20839762,"NEXT_DOWN":20840259,"MAIN_RIV":20848032,"LENGTH_KM":7.8200002,"CATCH_SKM":34.16,"DIS_AV_CMS":0.016,"ORD_STRA":1,"ORD_FLOW":8},"geometry":{"type":"LineString","coordinates":[[37.724999999999,26.63333333333312],[37.71041666666568,26.61874999999977],[37.706249999999045,26.61874999999977],[37.69791666666572,26.61041666666646],[37.693749999999056,26.61041666666646],[37.68958333333231,26.606249999999754],[37.693749999999056,26.602083333333148],[37.693749999999056,26.597916666666443],[37.68124999999901,26.585416666666468]]}},{"type":"Feature","properties":{"HYRIV_ID":20839802,"NEXT_DOWN":20839328,"MAIN_RIV":20845381,"LENGTH_KM":9.37,"CATCH_SKM":33.389999,"DIS_AV_CMS":0.061,"ORD_STRA":2,"ORD_FLOW":8},"geometry":{"type":"LineString","coordinates":[[37.0604166666657,26.581249999999763],[37.052083333332405,26.581249999999763],[37.039583333332416,26.59374999999978],[37.039583333332416,26.597916666666443],[37.02291666666571,26.614583333333123],[37.018749999999045,26.614583333333123],[37.01458333333238,26.61874999999977],[37.006249999999056,26.61874999999977],[37.00208333333234,26.622916666666434],[36.98958333333235,26.622916666666434]]}},{"type":"Feature","properties":{"HYRIV_ID":20839803,"NEXT_DOWN":20839802,"MAIN_RIV":20845381,"LENGTH_KM":4.9699998,"CATCH_SKM":59.310001,"DIS_AV_CMS":0.024,"ORD_STRA":1,"ORD_FLOW":8},"geometry":{"type":"LineString","coordinates":[[37.099999999999056,26.59374999999978],[37.089583333332314,26.59374999999978],[37.08541666666565,26.58958333333313],[37.08124999999902,26.59374999999978],[37.077083333332354,26.59374999999978],[37.07291666666569,26.58958333333313],[37.06874999999903,26.58958333333313],[37.0604166666657,26.581249999999763]]}},{"type":"Feature","properties":{"HYRIV_ID":20839804,"NEXT_DOWN":20839463,"MAIN_RIV":20848032,"LENGTH_KM":4.52,"CATCH_SKM":36.860001,"DIS_AV_CMS":0.018,"ORD_STRA":1,"ORD_FLOW":8},"geometry":{"type":"LineString","coordinates":[[37.48124999999905,26.57916666666643],[37.48124999999905,26.58958333333313],[37.4770833333323,26.59374999999978],[37.47291666666567,26.59374999999978],[37.46458333333234,26.602083333333148],[37.46458333333234,26.606249999999754],[37.46041666666568,26.61041666666646]]}},{"type":"Feature","properties":{"HYRIV_ID":20839805,"NEXT_DOWN":20840077,"MAIN_RIV":20848032,"LENGTH_KM":5.39,"CATCH_SKM":24.190001,"DIS_AV_CMS":0.012,"ORD_STRA":1,"ORD_FLOW":8},"geometry":{"type":"LineString","coordinates":[[37.56249999999906,26.59374999999978],[37.568749999999056,26.59374999999978],[37.57291666666572,26.597916666666443],[37.57708333333238,26.59374999999978],[37.58124999999902,26.59374999999978],[37.593749999999005,26.581249999999763],[37.606249999998965,26.581249999999763]]}},{"type":"Feature","properties":{"HYRIV_ID":20839806,"NEXT_DOWN":20840077,"MAIN_RIV":20848032,"LENGTH_KM":2.95,"CATCH_SKM":6.9099998,"DIS_AV_CMS":3.1530001,"ORD_STRA":5,"ORD_FLOW":6},"geometry":{"type":"LineString","coordinates":[[37.59791666666567,26.602083333333148],[37.60208333333233,26.597916666666443],[37.59791666666567,26.59374999999978],[37.606249999998965,26.585416666666468],[37.606249999998965,26.581249999999763]]}},{"type":"Feature","properties":{"HYRIV_ID":20839849,"NEXT_DOWN":20839760,"MAIN_RIV":20848032,"LENGTH_KM":7.6700001,"CATCH_SKM":36.669998,"DIS_AV_CMS":0.016,"ORD_STRA":1,"ORD_FLOW":8},"geometry":{"type":"LineString","coordinates":[[37.158333333332365,26.577083333333114],[37.17291666666574,26.577083333333114],[37.177083333332405,26.581249999999763],[37.189583333332365,26.581249999999763],[37.19374999999903,26.577083333333114],[37.19791666666569,26.581249999999763],[37.202083333332354,26.581249999999763],[37.20624999999902,26.585416666666468],[37.21041666666568,26.585416666666468],[37.21458333333234,26.58958333333313],[37.21874999999898,26.58958333333313],[37.222916666665725,26.585416666666468]]}},{"type":"Feature","properties":{"HYRIV_ID":20839896,"NEXT_DOWN":20839461,"MAIN_RIV":20838781,"LENGTH_KM":6.3600001,"CATCH_SKM":23.8,"DIS_AV_CMS":0.008,"ORD_STRA":2,"ORD_FLOW":9},"geometry":{"type":"LineString","coordinates":[[36.756249999999056,26.57291666666645],[36.747916666665645,26.57291666666645],[36.73958333333235,26.581249999999763],[36.735416666665685,26.581249999999763],[36.72708333333236,26.58958333333313],[36.72708333333236,26.59374999999978],[36.7229166666657,26.597916666666443],[36.7229166666657,26.602083333333148],[36.718749999999034,26.606249999999754],[36.718749999999034,26.61041666666646]]}},{"type":"Feature","properties":{"HYRIV_ID":20839953,"NEXT_DOWN":20839896,"MAIN_RIV":20838781,"LENGTH_KM":3.83,"CATCH_SKM":19.200001,"DIS_AV_CMS":0.003,"ORD_STRA":1,"ORD_FLOW":9},"geometry":{"type":"LineString","coordinates":[[36.78333333333242,26.566666666666457],[36.77708333333234,26.57291666666645],[36.77291666666568,26.57291666666645],[36.76458333333238,26.581249999999763],[36.756249999999056,26.57291666666645]]}},{"type":"Feature","properties":{"HYRIV_ID":20839954,"NEXT_DOWN":20839712,"MAIN_RIV":20848032,"LENGTH_KM":2.79,"CATCH_SKM":13.06,"DIS_AV_CMS":0.068,"ORD_STRA":2,"ORD_FLOW":8},"geometry":{"type":"LineString","coordinates":[[37.25208333333234,26.56874999999979],[37.247916666665674,26.57291666666645],[37.247916666665674,26.577083333333114],[37.23958333333238,26.585416666666468],[37.23958333333238,26.58958333333313]]}},{"type":"Feature","properties":{"HYRIV_ID":20840003,"NEXT_DOWN":0,"MAIN_RIV":20840003,"LENGTH_KM":11.85,"CATCH_SKM":47.990002,"DIS_AV_CMS":0.006,"ORD_STRA":1,"ORD_FLOW":9},"geometry":{"type":"LineString","coordinates":[[36.358333333332325,26.5874999999998],[36.3479166666657,26.597916666666443],[36.32291666666575,26.597916666666443],[36.31458333333242,26.58958333333313],[36.31458333333242,26.577083333333114],[36.31041666666576,26.57291666666645],[36.30624999999901,26.57291666666645],[36.30208333333235,26.56874999999979],[36.29374999999905,26.56874999999979],[36.28958333333239,26.564583333333083],[36.285416666665725,26.564583333333083],[36.28124999999906,26.56874999999979],[36.277083333332314,26.56874999999979],[36.27291666666568,26.564583333333083]]}},{"type":"Feature","properties":{"HYRIV_ID":20840004,"NEXT_DOWN":20839571,"MAIN_RIV":20838781,"LENGTH_KM":7.1900001,"CATCH_SKM":48.57,"DIS_AV_CMS":0.026,"ORD_STRA":2,"ORD_FLOW":8},"geometry":{"type":"LineString","coordinates":[[36.62708333333239,26.564583333333083],[36.61458333333235,26.577083333333114],[36.60208333333236,26.577083333333114],[36.5979166666657,26.581249999999763],[36.593749999999034,26.581249999999763],[36.58958333333237,26.585416666666468],[36.585416666665736,26.585416666666468],[36.58124999999907,26.58958333333313],[36.58124999999907,26.602083333333148]]}},{"type":"Feature","properties":{"HYRIV_ID":20840005,"NEXT_DOWN":20839896,"MAIN_RIV":20838781,"LENGTH_KM":2.28,"CATCH_SKM":13.06,"DIS_AV_CMS":0.002,"ORD_STRA":1,"ORD_FLOW":9},"geometry":{"type":"LineString","coordinates":[[36.77499999999901,26.564583333333083],[36.768749999999045,26.564583333333083],[36.76458333333238,26.56874999999979],[36.76041666666572,26.56874999999979],[36.756249999999056,26.57291666666645]]}},{"type":"Feature","properties":{"HYRIV_ID":20840006,"NEXT_DOWN":20840205,"MAIN_RIV":20848032,"LENGTH_KM":7.5100002,"CATCH_SKM":19.959999,"DIS_AV_CMS":0.045,"ORD_STRA":2,"ORD_FLOW":8},"geometry":{"type":"LineString","coordinates":[[37.88541666666569,26.59374999999978],[37.889583333332354,26.59374999999978],[37.89374999999899,26.58958333333313],[37.89791666666565,26.59374999999978],[37.9020833333324,26.59374999999978],[37.91458333333239,26.581249999999763],[37.922916666665685,26.581249999999763],[37.92708333333235,26.577083333333114],[37.93124999999901,26.577083333333114],[37.93958333333234,26.56874999999979],[37.93958333333234,26.564583333333083]]}},{"type":"Feature","properties":{"HYRIV_ID":20840038,"NEXT_DOWN":20840579,"MAIN_RIV":20845381,"LENGTH_KM":5.5900002,"CATCH_SKM":33.400002,"DIS_AV_CMS":0.008,"ORD_STRA":1,"ORD_FLOW":9},"geometry":{"type":"LineString","coordinates":[[36.94583333333236,26.59166666666645],[36.93124999999904,26.577083333333114],[36.93124999999904,26.56874999999979],[36.9354166666657,26.564583333333083],[36.93124999999904,26.560416666666434],[36.91874999999908,26.560416666666434]]}},{"type":"Feature","properties":{"HYRIV_ID":20840039,"NEXT_DOWN":20839954,"MAIN_RIV":20848032,"LENGTH_KM":2.9,"CATCH_SKM":5.7600002,"DIS_AV_CMS":0.041,"ORD_STRA":2,"ORD_FLOW":8},"geometry":{"type":"LineString","coordinates":[[37.27708333333237,26.560416666666434],[37.268749999999045,26.560416666666434],[37.26458333333241,26.564583333333083],[37.26041666666575,26.564583333333083],[37.256249999999,26.56874999999979],[37.25208333333234,26.56874999999979]]}},{"type":"Feature","properties":{"HYRIV_ID":20840040,"NEXT_DOWN":20840039,"MAIN_RIV":20848032,"LENGTH_KM":0.93,"CATCH_SKM":11.52,"DIS_AV_CMS":0.006,"ORD_STRA":1,"ORD_FLOW":9},"geometry":{"type":"LineString","coordinates":[[37.283333333332365,26.566666666666457],[37.27708333333237,26.560416666666434]]}},{"type":"Feature","properties":{"HYRIV_ID":20840041,"NEXT_DOWN":20840039,"MAIN_RIV":20848032,"LENGTH_KM":1.04,"CATCH_SKM":11.14,"DIS_AV_CMS":0.005,"ORD_STRA":1,"ORD_FLOW":9},"geometry":{"type":"LineString","coordinates":[[37.28749999999903,26.560416666666434],[37.27708333333237,26.560416666666434]]}},{"type":"Feature","properties":{"HYRIV_ID":20840042,"NEXT_DOWN":20840205,"MAIN_RIV":20848032,"LENGTH_KM":0.93,"CATCH_SKM":14.21,"DIS_AV_CMS":0.008,"ORD_STRA":1,"ORD_FLOW":9},"geometry":{"type":"LineString","coordinates":[[37.93333333333234,26.558333333333103],[37.93958333333234,26.564583333333083]]}},{"type":"Feature","properties":{"HYRIV_ID":20840076,"NEXT_DOWN":20839802,"MAIN_RIV":20845381,"LENGTH_KM":3.99,"CATCH_SKM":7.6799998,"DIS_AV_CMS":0.024,"ORD_STRA":2,"ORD_FLOW":8},"geometry":{"type":"LineString","coordinates":[[37.08541666666565,26.55624999999977],[37.08541666666565,26.560416666666434],[37.06874999999903,26.577083333333114],[37.064583333332365,26.577083333333114],[37.0604166666657,26.581249999999763]]}},{"type":"Feature","properties":{"HYRIV_ID":20840077,"NEXT_DOWN":20840168,"MAIN_RIV":20848032,"LENGTH_KM":3.83,"CATCH_SKM":17.09,"DIS_AV_CMS":3.1730001,"ORD_STRA":5,"ORD_FLOW":6},"geometry":{"type":"LineString","coordinates":[[37.606249999998965,26.581249999999763],[37.606249999998965,26.577083333333114],[37.61458333333238,26.56874999999979],[37.61458333333238,26.564583333333083],[37.61874999999904,26.560416666666434],[37.6229166666657,26.560416666666434],[37.627083333332365,26.55624999999977]]}},{"type":"Feature","properties":{"HYRIV_ID":20840078,"NEXT_DOWN":20840168,"MAIN_RIV":20848032,"LENGTH_KM":14.4,"CATCH_SKM":52.77,"DIS_AV_CMS":0.025,"ORD_STRA":1,"ORD_FLOW":8},"geometry":{"type":"LineString","coordinates":[[37.66249999999903,26.670833333333128],[37.65624999999906,26.664583333333105],[37.65624999999906,26.647916666666426],[37.6520833333324,26.643749999999763],[37.6520833333324,26.639583333333114],[37.647916666665736,26.63541666666645],[37.647916666665736,26.614583333333123],[37.63124999999903,26.597916666666443],[37.63124999999903,26.59374999999978],[37.627083333332365,26.58958333333313],[37.63124999999903,26.585416666666468],[37.63124999999903,26.560416666666434],[37.627083333332365,26.55624999999977]]}},{"type":"Feature","properties":{"HYRIV_ID":20840118,"NEXT_DOWN":20840578,"MAIN_RIV":20845381,"LENGTH_KM":8.2200003,"CATCH_SKM":45.68,"DIS_AV_CMS":0.008,"ORD_STRA":1,"ORD_FLOW":9},"geometry":{"type":"LineString","coordinates":[[36.85416666666569,26.61249999999979],[36.847916666665725,26.606249999999754],[36.847916666665725,26.602083333333148],[36.84374999999906,26.597916666666443],[36.84374999999906,26.59374999999978],[36.860416666665685,26.577083333333114],[36.85208333333236,26.56874999999979],[36.85208333333236,26.55624999999977],[36.85624999999902,26.55208333333311]]}},{"type":"Feature","properties":{"HYRIV_ID":20840119,"NEXT_DOWN":20840578,"MAIN_RIV":20845381,"LENGTH_KM":20.379999,"CATCH_SKM":66.400002,"DIS_AV_CMS":0.13,"ORD_STRA":3,"ORD_FLOW":7},"geometry":{"type":"LineString","coordinates":[[36.960416666665736,26.643749999999763],[36.95624999999899,26.639583333333114],[36.952083333332354,26.639583333333114],[36.94791666666569,26.63541666666645],[36.939583333332365,26.63541666666645],[36.9354166666657,26.639583333333114],[36.91874999999908,26.639583333333114],[36.91458333333233,26.643749999999763],[36.91041666666567,26.643749999999763],[36.906249999999005,26.647916666666426],[36.90208333333234,26.647916666666426],[36.893749999999045,26.639583333333114],[36.893749999999045,26.631249999999746],[36.88958333333238,26.62708333333314],[36.88958333333238,26.622916666666434],[36.893749999999045,26.61874999999977],[36.88958333333238,26.614583333333123],[36.88958333333238,26.61041666666646],[36.88541666666572,26.606249999999754],[36.88541666666572,26.597916666666443],[36.88124999999897,26.59374999999978],[36.88541666666572,26.58958333333313],[36.88541666666572,26.581249999999763],[36.872916666665674,26.56874999999979],[36.872916666665674,26.560416666666434],[36.86874999999901,26.55624999999977],[36.86458333333235,26.55624999999977],[36.860416666665685,26.55208333333311],[36.85624999999902,26.55208333333311]]}},{"type":"Feature","properties":{"HYRIV_ID":20840120,"NEXT_DOWN":20839760,"MAIN_RIV":20848032,"LENGTH_KM":4.25,"CATCH_SKM":24.0,"DIS_AV_CMS":0.011,"ORD_STRA":1,"ORD_FLOW":8},"geometry":{"type":"LineString","coordinates":[[37.21458333333234,26.54999999999979],[37.21458333333234,26.564583333333083],[37.222916666665725,26.57291666666645],[37.222916666665725,26.585416666666468]]}},{"type":"Feature","properties":{"HYRIV_ID":20840121,"NEXT_DOWN":20839463,"MAIN_RIV":20848032,"LENGTH_KM":10.51,"CATCH_SKM":47.619999,"DIS_AV_CMS":0.024,"ORD_STRA":1,"ORD_FLOW":8},"geometry":{"type":"LineString","coordinates":[[37.4041666666657,26.55208333333311],[37.4104166666657,26.55208333333311],[37.41874999999902,26.560416666666434],[37.422916666665685,26.560416666666434],[37.42708333333232,26.564583333333083],[37.43124999999907,26.560416666666434],[37.44791666666572,26.577083333333114],[37.44791666666572,26.581249999999763],[37.443749999999056,26.585416666666468],[37.44791666666572,26.58958333333313],[37.44791666666572,26.59374999999978],[37.46041666666568,26.606249999999754],[37.46041666666568,26.61041666666646]]}},{"type":"Feature","properties":{"HYRIV_ID":20840164,"NEXT_DOWN":20840004,"MAIN_RIV":20838781,"LENGTH_KM":2.48,"CATCH_SKM":15.75,"DIS_AV_CMS":0.002,"ORD_STRA":1,"ORD_FLOW":9},"geometry":{"type":"LineString","coordinates":[[36.61666666666565,26.545833333333128],[36.62291666666573,26.55208333333311],[36.62291666666573,26.560416666666434],[36.62708333333239,26.564583333333083]]}},{"type":"Feature","properties":{"HYRIV_ID":20840165,"NEXT_DOWN":20840203,"MAIN_RIV":20838781,"LENGTH_KM":4.71,"CATCH_SKM":19.58,"DIS_AV_CMS":0.002,"ORD_STRA":1,"ORD_FLOW":9},"geometry":{"type":"LineString","coordinates":[[36.68333333333237,26.574999999999783],[36.67708333333238,26.56874999999979],[36.672916666665714,26.56874999999979],[36.66874999999905,26.564583333333083],[36.66874999999905,26.560416666666434],[36.664583333332416,26.55624999999977],[36.66041666666567,26.55624999999977],[36.65208333333234,26.54791666666646]]}},{"type":"Feature","properties":{"HYRIV_ID":20840166,"NEXT_DOWN":20840076,"MAIN_RIV":20845381,"LENGTH_KM":3.52,"CATCH_SKM":18.43,"DIS_AV_CMS":0.007,"ORD_STRA":1,"ORD_FLOW":9},"geometry":{"type":"LineString","coordinates":[[37.11666666666568,26.54791666666646],[37.110416666665685,26.54791666666646],[37.10624999999905,26.55208333333311],[37.097916666665725,26.55208333333311],[37.09374999999906,26.55624999999977],[37.08541666666565,26.55624999999977]]}},{"type":"Feature","properties":{"HYRIV_ID":20840167,"NEXT_DOWN":20840039,"MAIN_RIV":20848032,"LENGTH_KM":1.55,"CATCH_SKM":1.92,"DIS_AV_CMS":0.027,"ORD_STRA":2,"ORD_FLOW":8},"geometry":{"type":"LineString","coordinates":[[37.281249999999034,26.54791666666646],[37.281249999999034,26.55208333333311],[37.27708333333237,26.55624999999977],[37.27708333333237,26.560416666666434]]}},{"type":"Feature","properties":{"HYRIV_ID":20840168,"NEXT_DOWN":20840405,"MAIN_RIV":20848032,"LENGTH_KM":1.24,"CATCH_SKM":4.0300002,"DIS_AV_CMS":3.2,"ORD_STRA":5,"ORD_FLOW":6},"geometry":{"type":"LineString","coordinates":[[37.627083333332365,26.55624999999977],[37.63541666666566,26.54791666666646]]}},{"type":"Feature","properties":{"HYRIV_ID":20840169,"NEXT_DOWN":20840488,"MAIN_RIV":20848032,"LENGTH_KM":8.6899996,"CATCH_SKM":21.889999,"DIS_AV_CMS":2.092,"ORD_STRA":5,"ORD_FLOW":6},"geometry":{"type":"LineString","coordinates":[[37.93958333333234,26.602083333333148],[37.93958333333234,26.597916666666443],[37.947916666665634,26.58958333333313],[37.943749999999,26.585416666666468],[37.943749999999,26.581249999999763],[37.947916666665634,26.577083333333114],[37.95208333333238,26.577083333333114],[37.956249999999045,26.57291666666645],[37.96458333333237,26.57291666666645],[37.97291666666567,26.564583333333083],[37.968749999999034,26.560416666666434],[37.97291666666567,26.55624999999977],[37.97291666666567,26.54791666666646]]}},{"type":"Feature","properties":{"HYRIV_ID":20840202,"NEXT_DOWN":20840004,"MAIN_RIV":20838781,"LENGTH_KM":2.95,"CATCH_SKM":6.5300002,"DIS_AV_CMS":0.02,"ORD_STRA":2,"ORD_FLOW":8},"geometry":{"type":"LineString","coordinates":[[36.64374999999902,26.543749999999754],[36.63541666666572,26.55208333333311],[36.63541666666572,26.55624999999977],[36.62708333333239,26.564583333333083]]}},{"type":"Feature","properties":{"HYRIV_ID":20840203,"NEXT_DOWN":20840202,"MAIN_RIV":20838781,"LENGTH_KM":1.04,"CATCH_SKM":2.3,"DIS_AV_CMS":0.019,"ORD_STRA":2,"ORD_FLOW":8},"geometry":{"type":"LineString","coordinates":[[36.65208333333234,26.54791666666646],[36.64791666666568,26.54791666666646],[36.64374999999902,26.543749999999754]]}},{"type":"Feature","properties":{"HYRIV_ID":20840204,"NEXT_DOWN":20840579,"MAIN_RIV":20845381,"LENGTH_KM":2.58,"CATCH_SKM":4.2199998,"DIS_AV_CMS":0.021,"ORD_STRA":2,"ORD_FLOW":8},"geometry":{"type":"LineString","coordinates":[[36.93124999999904,26.543749999999754],[36.92708333333238,26.54791666666646],[36.92708333333238,26.55208333333311],[36.92291666666574,26.55208333333311],[36.91874999999908,26.55624999999977],[36.91874999999908,26.560416666666434]]}},{"type":"Feature","properties":{"HYRIV_ID":20840205,"NEXT_DOWN":20840488,"MAIN_RIV":20848032,"LENGTH_KM":5.0700002,"CATCH_SKM":10.95,"DIS_AV_CMS":0.059,"ORD_STRA":2,"ORD_FLOW":8},"geometry":{"type":"LineString","coordinates":[[37.93958333333234,26.564583333333083],[37.943749999999,26.564583333333083],[37.947916666665634,26.560416666666434],[37.947916666665634,26.55208333333311],[37.95208333333238,26.54791666666646],[37.96041666666571,26.54791666666646],[37.96458333333237,26.543749999999754],[37.968749999999034,26.543749999999754],[37.97291666666567,26.54791666666646]]}},{"type":"Feature","properties":{"HYRIV_ID":20840255,"NEXT_DOWN":20840203,"MAIN_RIV":20838781,"LENGTH_KM":1.24,"CATCH_SKM":1.92,"DIS_AV_CMS":0.016,"ORD_STRA":2,"ORD_FLOW":8},"geometry":{"type":"LineString","coordinates":[[36.66041666666567,26.53958333333309],[36.65208333333234,26.54791666666646]]}},{"type":"Feature","properties":{"HYRIV_ID":20840256,"NEXT_DOWN":20840255,"MAIN_RIV":20838781,"LENGTH_KM":3.21,"CATCH_SKM":16.709999,"DIS_AV_CMS":0.002,"ORD_STRA":1,"ORD_FLOW":9},"geometry":{"type":"LineString","coordinates":[[36.687499999999034,26.54999999999979],[36.68124999999904,26.543749999999754],[36.672916666665714,26.543749999999754],[36.66874999999905,26.53958333333309],[36.66041666666567,26.53958333333309]]}},{"type":"Feature","properties":{"HYRIV_ID":20840257,"NEXT_DOWN":20840204,"MAIN_RIV":20845381,"LENGTH_KM":3.73,"CATCH_SKM":18.43,"DIS_AV_CMS":0.005,"ORD_STRA":1,"ORD_FLOW":9},"geometry":{"type":"LineString","coordinates":[[36.96249999999907,26.53958333333309],[36.95624999999899,26.53958333333309],[36.94791666666569,26.54791666666646],[36.9354166666657,26.54791666666646],[36.93124999999904,26.543749999999754]]}},{"type":"Feature","properties":{"HYRIV_ID":20840258,"NEXT_DOWN":20838746,"MAIN_RIV":20848032,"LENGTH_KM":18.66,"CATCH_SKM":82.349998,"DIS_AV_CMS":0.042,"ORD_STRA":1,"ORD_FLOW":8},"geometry":{"type":"LineString","coordinates":[[37.34999999999897,26.53958333333309],[37.35624999999905,26.53958333333309],[37.35624999999905,26.54791666666646],[37.35208333333239,26.55208333333311],[37.35208333333239,26.55624999999977],[37.34791666666564,26.560416666666434],[37.34791666666564,26.564583333333083],[37.35208333333239,26.564583333333083],[37.35624999999905,26.56874999999979],[37.35624999999905,26.57291666666645],[37.35208333333239,26.577083333333114],[37.34791666666564,26.577083333333114],[37.343749999999005,26.581249999999763],[37.343749999999005,26.585416666666468],[37.33541666666568,26.59374999999978],[37.33541666666568,26.597916666666443],[37.33124999999902,26.602083333333148],[37.33958333333234,26.61041666666646],[37.33958333333234,26.614583333333123],[37.34791666666564,26.622916666666434],[37.34791666666564,26.62708333333314],[37.33958333333234,26.63541666666645],[37.33958333333234,26.639583333333114],[37.343749999999005,26.643749999999763],[37.343749999999005,26.65208333333313],[37.35208333333239,26.660416666666443],[37.35208333333239,26.664583333333105],[37.34791666666564,26.668749999999754]]}},{"type":"Feature","properties":{"HYRIV_ID":20840259,"NEXT_DOWN":20840823,"MAIN_RIV":20848032,"LENGTH_KM":6.0500002,"CATCH_SKM":16.129999,"DIS_AV_CMS":0.052,"ORD_STRA":2,"ORD_FLOW":8},"geometry":{"type":"LineString","coordinates":[[37.68124999999901,26.585416666666468],[37.68124999999901,26.581249999999763],[37.66458333333236,26.564583333333083],[37.66458333333236,26.560416666666434],[37.66874999999902,26.55624999999977],[37.66874999999902,26.54791666666646],[37.672916666665685,26.543749999999754],[37.672916666665685,26.53958333333309]]}},{"type":"Feature","properties":{"HYRIV_ID":20840312,"NEXT_DOWN":0,"MAIN_RIV":20840312,"LENGTH_KM":6.1599998,"CATCH_SKM":28.030001,"DIS_AV_CMS":0.004,"ORD_STRA":1,"ORD_FLOW":9},"geometry":{"type":"LineString","coordinates":[[36.33333333333238,26.566666666666457],[36.32708333333241,26.560416666666434],[36.31458333333242,26.560416666666434],[36.31041666666576,26.55624999999977],[36.30624999999901,26.55624999999977],[36.30208333333235,26.55208333333311],[36.30208333333235,26.54791666666646],[36.28958333333239,26.535416666666443]]}},{"type":"Feature","properties":{"HYRIV_ID":20840313,"NEXT_DOWN":20840202,"MAIN_RIV":20838781,"LENGTH_KM":1.3200001,"CATCH_SKM":12.29,"DIS_AV_CMS":0.001,"ORD_STRA":1,"ORD_FLOW":9},"geometry":{"type":"LineString","coordinates":[[36.63958333333238,26.53333333333311],[36.63958333333238,26.53958333333309],[36.64374999999902,26.543749999999754]]}},{"type":"Feature","properties":{"HYRIV_ID":20840363,"NEXT_DOWN":20839328,"MAIN_RIV":20845381,"LENGTH_KM":13.96,"CATCH_SKM":78.529999,"DIS_AV_CMS":0.026,"ORD_STRA":1,"ORD_FLOW":8},"geometry":{"type":"LineString","coordinates":[[37.062499999999034,26.52916666666645],[37.05624999999907,26.535416666666443],[37.052083333332405,26.535416666666443],[37.04374999999908,26.543749999999754],[37.039583333332416,26.543749999999754],[37.02708333333237,26.55624999999977],[37.02708333333237,26.56874999999979],[37.02291666666571,26.57291666666645],[37.018749999999045,26.57291666666645],[37.01458333333238,26.577083333333114],[37.01458333333238,26.581249999999763],[37.01041666666572,26.585416666666468],[37.01041666666572,26.58958333333313],[37.006249999999056,26.59374999999978],[37.006249999999056,26.597916666666443],[36.98958333333235,26.614583333333123],[36.98958333333235,26.622916666666434]]}},{"type":"Feature","properties":{"HYRIV_ID":20840364,"NEXT_DOWN":20840167,"MAIN_RIV":20848032,"LENGTH_KM":4.14,"CATCH_SKM":8.0699997,"DIS_AV_CMS":0.019,"ORD_STRA":2,"ORD_FLOW":8},"geometry":{"type":"LineString","coordinates":[[37.31458333333239,26.53124999999978],[37.31041666666573,26.535416666666443],[37.293749999998994,26.535416666666443],[37.281249999999034,26.54791666666646]]}},{"type":"Feature","properties":{"HYRIV_ID":20840365,"NEXT_DOWN":20840526,"MAIN_RIV":20848032,"LENGTH_KM":1.24,"CATCH_SKM":11.71,"DIS_AV_CMS":0.006,"ORD_STRA":1,"ORD_FLOW":9},"geometry":{"type":"LineString","coordinates":[[37.474999999999,26.535416666666443],[37.48124999999905,26.535416666666443],[37.485416666665714,26.53124999999978]]}},{"type":"Feature","properties":{"HYRIV_ID":20840366,"NEXT_DOWN":20840581,"MAIN_RIV":20848032,"LENGTH_KM":5.6599998,"CATCH_SKM":30.33,"DIS_AV_CMS":0.015,"ORD_STRA":1,"ORD_FLOW":8},"geometry":{"type":"LineString","coordinates":[[37.83958333333237,26.574999999999783],[37.83958333333237,26.564583333333083],[37.843749999999005,26.560416666666434],[37.843749999999005,26.55624999999977],[37.83958333333237,26.55208333333311],[37.843749999999005,26.54791666666646],[37.83958333333237,26.543749999999754],[37.83958333333237,26.53958333333309],[37.843749999999005,26.535416666666443],[37.843749999999005,26.53124999999978]]}},{"type":"Feature","properties":{"HYRIV_ID":20840367,"NEXT_DOWN":20840581,"MAIN_RIV":20848032,"LENGTH_KM":3.6,"CATCH_SKM":21.889999,"DIS_AV_CMS":0.011,"ORD_STRA":1,"ORD_FLOW":8},"geometry":{"type":"LineString","coordinates":[[37.86874999999904,26.545833333333128],[37.86874999999904,26.53958333333309],[37.86041666666566,26.53124999999978],[37.843749999999005,26.53124999999978]]}},{"type":"Feature","properties":{"HYRIV_ID":20840405,"NEXT_DOWN":20840823,"MAIN_RIV":20848032,"LENGTH_KM":6.4699998,"CATCH_SKM":21.51,"DIS_AV_CMS":3.332,"ORD_STRA":5,"ORD_FLOW":6},"geometry":{"type":"LineString","coordinates":[[37.63541666666566,26.54791666666646],[37.639583333332325,26.543749999999754],[37.639583333332325,26.53958333333309],[37.64374999999907,26.535416666666443],[37.639583333332325,26.53124999999978],[37.64374999999907,26.527083333333117],[37.6520833333324,26.527083333333117],[37.66458333333236,26.53958333333309],[37.672916666665685,26.53958333333309]]}},{"type":"Feature","properties":{"HYRIV_ID":20840452,"NEXT_DOWN":20840167,"MAIN_RIV":20848032,"LENGTH_KM":3.4100001,"CATCH_SKM":15.56,"DIS_AV_CMS":0.007,"ORD_STRA":1,"ORD_FLOW":9},"geometry":{"type":"LineString","coordinates":[[37.27083333333238,26.520833333333094],[37.27708333333237,26.527083333333117],[37.27708333333237,26.53958333333309],[37.281249999999034,26.543749999999754],[37.281249999999034,26.54791666666646]]}},{"type":"Feature","properties":{"HYRIV_ID":20840486,"NEXT_DOWN":20840364,"MAIN_RIV":20848032,"LENGTH_KM":2.02,"CATCH_SKM":14.6,"DIS_AV_CMS":0.007,"ORD_STRA":1,"ORD_FLOW":9},"geometry":{"type":"LineString","coordinates":[[37.31249999999906,26.51666666666643],[37.31874999999903,26.522916666666468],[37.31458333333239,26.527083333333117],[37.31458333333239,26.53124999999978]]}},{"type":"Feature","properties":{"HYRIV_ID":20840487,"NEXT_DOWN":20840364,"MAIN_RIV":20848032,"LENGTH_KM":3.32,"CATCH_SKM":15.94,"DIS_AV_CMS":0.008,"ORD_STRA":1,"ORD_FLOW":9},"geometry":{"type":"LineString","coordinates":[[37.341666666665674,26.518749999999763],[37.33541666666568,26.518749999999763],[37.327083333332354,26.527083333333117],[37.32291666666569,26.527083333333117],[37.31874999999903,26.53124999999978],[37.31458333333239,26.53124999999978]]}},{"type":"Feature","properties":{"HYRIV_ID":20840488,"NEXT_DOWN":20840582,"MAIN_RIV":20848032,"LENGTH_KM":4.77,"CATCH_SKM":21.32,"DIS_AV_CMS":2.164,"ORD_STRA":5,"ORD_FLOW":6},"geometry":{"type":"LineString","coordinates":[[37.97291666666567,26.54791666666646],[38.002083333332365,26.518749999999763],[38.00624999999903,26.518749999999763]]}},{"type":"Feature","properties":{"HYRIV_ID":20840489,"NEXT_DOWN":20840582,"MAIN_RIV":20848032,"LENGTH_KM":10.34,"CATCH_SKM":42.619999,"DIS_AV_CMS":0.076,"ORD_STRA":2,"ORD_FLOW":8},"geometry":{"type":"LineString","coordinates":[[38.035416666665725,26.59374999999978],[38.035416666665725,26.585416666666468],[38.03124999999906,26.581249999999763],[38.027083333332314,26.581249999999763],[38.02291666666568,26.577083333333114],[38.02291666666568,26.56874999999979],[38.01874999999902,26.564583333333083],[38.01874999999902,26.560416666666434],[38.014583333332354,26.55624999999977],[38.014583333332354,26.55208333333311],[37.99791666666562,26.535416666666443],[38.00624999999903,26.527083333333117],[38.00624999999903,26.518749999999763]]}},{"type":"Feature","properties":{"HYRIV_ID":20840524,"NEXT_DOWN":20840255,"MAIN_RIV":20838781,"LENGTH_KM":4.2399998,"CATCH_SKM":13.83,"DIS_AV_CMS":0.014,"ORD_STRA":2,"ORD_FLOW":8},"geometry":{"type":"LineString","coordinates":[[36.6854166666657,26.5145833333331],[36.68124999999904,26.518749999999763],[36.68124999999904,26.527083333333117],[36.67708333333238,26.53124999999978],[36.672916666665714,26.53124999999978],[36.66874999999905,26.535416666666443],[36.664583333332416,26.535416666666443],[36.66041666666567,26.53958333333309]]}},{"type":"Feature","properties":{"HYRIV_ID":20840525,"NEXT_DOWN":20840076,"MAIN_RIV":20845381,"LENGTH_KM":8.3900003,"CATCH_SKM":32.080002,"DIS_AV_CMS":0.013,"ORD_STRA":1,"ORD_FLOW":8},"geometry":{"type":"LineString","coordinates":[[37.141666666665714,26.518749999999763],[37.13541666666566,26.518749999999763],[37.131249999999,26.5145833333331],[37.122916666665674,26.522916666666468],[37.11874999999901,26.522916666666468],[37.110416666665685,26.53124999999978],[37.10624999999905,26.53124999999978],[37.097916666665725,26.53958333333309],[37.09374999999906,26.53958333333309],[37.08541666666565,26.54791666666646],[37.08541666666565,26.55624999999977]]}},{"type":"Feature","properties":{"HYRIV_ID":20840526,"NEXT_DOWN":20840580,"MAIN_RIV":20848032,"LENGTH_KM":8.29,"CATCH_SKM":35.91,"DIS_AV_CMS":0.054,"ORD_STRA":2,"ORD_FLOW":8},"geometry":{"type":"LineString","coordinates":[[37.485416666665714,26.53124999999978],[37.4979166666657,26.543749999999754],[37.51458333333241,26.527083333333117],[37.51874999999899,26.527083333333117],[37.522916666665736,26.522916666666468],[37.531249999999034,26.522916666666468],[37.5354166666657,26.518749999999763],[37.54374999999902,26.518749999999763],[37.547916666665685,26.5145833333331]]}},{"type":"Feature","properties":{"HYRIV_ID":20840527,"NEXT_DOWN":20840580,"MAIN_RIV":20848032,"LENGTH_KM":2.87,"CATCH_SKM":18.049999,"DIS_AV_CMS":0.009,"ORD_STRA":1,"ORD_FLOW":9},"geometry":{"type":"LineString","coordinates":[[37.547916666665685,26.537499999999774],[37.547916666665685,26.53124999999978],[37.55208333333235,26.527083333333117],[37.55208333333235,26.518749999999763],[37.547916666665685,26.5145833333331]]}},{"type":"Feature","properties":{"HYRIV_ID":20840528,"NEXT_DOWN":20840736,"MAIN_RIV":20848032,"LENGTH_KM":18.129999,"CATCH_SKM":56.240002,"DIS_AV_CMS":0.028,"ORD_STRA":1,"ORD_FLOW":8},"geometry":{"type":"LineString","coordinates":[[37.77499999999898,26.643749999999763],[37.78124999999906,26.643749999999763],[37.785416666665725,26.639583333333114],[37.785416666665725,26.61874999999977],[37.79374999999902,26.61041666666646],[37.79374999999902,26.59374999999978],[37.78958333333236,26.58958333333313],[37.78958333333236,26.564583333333083],[37.80208333333235,26.55208333333311],[37.80208333333235,26.53958333333309],[37.80624999999901,26.53958333333309],[37.81458333333234,26.53124999999978],[37.82291666666572,26.53124999999978],[37.83541666666571,26.518749999999763],[37.83541666666571,26.5145833333331]]}},{"type":"Feature","properties":{"HYRIV_ID":20840574,"NEXT_DOWN":0,"MAIN_RIV":20840574,"LENGTH_KM":2.9,"CATCH_SKM":20.74,"DIS_AV_CMS":0.003,"ORD_STRA":1,"ORD_FLOW":9},"geometry":{"type":"LineString","coordinates":[[36.32499999999908,26.522916666666468],[36.31458333333242,26.522916666666468],[36.30208333333235,26.51041666666645]]}},{"type":"Feature","properties":{"HYRIV_ID":20840575,"NEXT_DOWN":20840524,"MAIN_RIV":20838781,"LENGTH_KM":0.93,"CATCH_SKM":10.37,"DIS_AV_CMS":0.001,"ORD_STRA":1,"ORD_FLOW":9},"geometry":{"type":"LineString","coordinates":[[36.6916666666657,26.50833333333312],[36.6854166666657,26.5145833333331]]}},{"type":"Feature","properties":{"HYRIV_ID":20840576,"NEXT_DOWN":20840524,"MAIN_RIV":20838781,"LENGTH_KM":2.28,"CATCH_SKM":5.5700002,"DIS_AV_CMS":0.011,"ORD_STRA":2,"ORD_FLOW":8},"geometry":{"type":"LineString","coordinates":[[36.70208333333241,26.51041666666645],[36.69791666666566,26.51041666666645],[36.689583333332365,26.518749999999763],[36.6854166666657,26.5145833333331]]}},{"type":"Feature","properties":{"HYRIV_ID":20840577,"NEXT_DOWN":20840576,"MAIN_RIV":20838781,"LENGTH_KM":0.62,"CATCH_SKM":11.33,"DIS_AV_CMS":0.001,"ORD_STRA":1,"ORD_FLOW":9},"geometry":{"type":"LineString","coordinates":[[36.708333333332405,26.51041666666645],[36.70208333333241,26.51041666666645]]}},{"type":"Feature","properties":{"HYRIV_ID":20840578,"NEXT_DOWN":20840819,"MAIN_RIV":20845381,"LENGTH_KM":5.27,"CATCH_SKM":17.280001,"DIS_AV_CMS":0.134,"ORD_STRA":3,"ORD_FLOW":7},"geometry":{"type":"LineString","coordinates":[[36.85624999999902,26.55208333333311],[36.85208333333236,26.54791666666646],[36.85208333333236,26.53958333333309],[36.85624999999902,26.535416666666443],[36.85624999999902,26.53124999999978],[36.860416666665685,26.527083333333117],[36.860416666665685,26.5145833333331],[36.86458333333235,26.51041666666645]]}},{"type":"Feature","properties":{"HYRIV_ID":20840579,"NEXT_DOWN":20840819,"MAIN_RIV":20845381,"LENGTH_KM":10.24,"CATCH_SKM":36.869999,"DIS_AV_CMS":0.035,"ORD_STRA":2,"ORD_FLOW":8},"geometry":{"type":"LineString","coordinates":[[36.91874999999908,26.560416666666434],[36.91041666666567,26.56874999999979],[36.906249999999005,26.56874999999979],[36.893749999999045,26.55624999999977],[36.893749999999045,26.54791666666646],[36.88958333333238,26.54791666666646],[36.88541666666572,26.543749999999754],[36.88541666666572,26.535416666666443],[36.87708333333231,26.527083333333117],[36.87708333333231,26.518749999999763],[36.86874999999901,26.51041666666645],[36.86458333333235,26.51041666666645]]}},{"type":"Feature","properties":{"HYRIV_ID":20840580,"NEXT_DOWN":20840673,"MAIN_RIV":20848032,"LENGTH_KM":1.87,"CATCH_SKM":2.5,"DIS_AV_CMS":0.064,"ORD_STRA":2,"ORD_FLOW":8},"geometry":{"type":"LineString","coordinates":[[37.547916666665685,26.5145833333331],[37.55208333333235,26.51041666666645],[37.56458333333239,26.51041666666645]]}},{"type":"Feature","properties":{"HYRIV_ID":20840581,"NEXT_DOWN":20840736,"MAIN_RIV":20848032,"LENGTH_KM":3.4100001,"CATCH_SKM":5.7600002,"DIS_AV_CMS":0.03,"ORD_STRA":2,"ORD_FLOW":8},"geometry":{"type":"LineString","coordinates":[[37.843749999999005,26.53124999999978],[37.843749999999005,26.522916666666468],[37.84791666666567,26.518749999999763],[37.83958333333237,26.51041666666645],[37.83541666666571,26.5145833333331]]}},{"type":"Feature","properties":{"HYRIV_ID":20840672,"NEXT_DOWN":20840872,"MAIN_RIV":20842208,"LENGTH_KM":2.6900001,"CATCH_SKM":17.860001,"DIS_AV_CMS":0.002,"ORD_STRA":1,"ORD_FLOW":9},"geometry":{"type":"LineString","coordinates":[[36.583333333332405,26.51041666666645],[36.57291666666575,26.51041666666645],[36.56458333333234,26.502083333333125],[36.5604166666657,26.502083333333125]]}},{"type":"Feature","properties":{"HYRIV_ID":20840673,"NEXT_DOWN":20840735,"MAIN_RIV":20848032,"LENGTH_KM":3.73,"CATCH_SKM":13.64,"DIS_AV_CMS":0.101,"ORD_STRA":3,"ORD_FLOW":7},"geometry":{"type":"LineString","coordinates":[[37.56458333333239,26.51041666666645],[37.568749999999056,26.51041666666645],[37.57291666666572,26.50624999999979],[37.593749999999005,26.50624999999979],[37.59791666666567,26.502083333333125]]}},{"type":"Feature","properties":{"HYRIV_ID":20840731,"NEXT_DOWN":0,"MAIN_RIV":20840731,"LENGTH_KM":10.16,"CATCH_SKM":45.709999,"DIS_AV_CMS":0.006,"ORD_STRA":1,"ORD_FLOW":9},"geometry":{"type":"LineString","coordinates":[[36.39583333333235,26.522916666666468],[36.38541666666569,26.522916666666468],[36.36874999999907,26.50624999999979],[36.35208333333236,26.50624999999979],[36.3479166666657,26.502083333333125],[36.343749999999034,26.502083333333125],[36.33958333333237,26.497916666666477],[36.33541666666571,26.502083333333125],[36.32708333333241,26.502083333333125],[36.32291666666575,26.497916666666477],[36.31041666666576,26.497916666666477]]}},{"type":"Feature","properties":{"HYRIV_ID":20840732,"NEXT_DOWN":20839954,"MAIN_RIV":20848032,"LENGTH_KM":10.36,"CATCH_SKM":44.369999,"DIS_AV_CMS":0.02,"ORD_STRA":1,"ORD_FLOW":8},"geometry":{"type":"LineString","coordinates":[[37.21458333333234,26.495833333333103],[37.21458333333234,26.502083333333125],[37.22708333333239,26.5145833333331],[37.22708333333239,26.518749999999763],[37.23124999999905,26.518749999999763],[37.235416666665714,26.522916666666468],[37.23958333333238,26.522916666666468],[37.247916666665674,26.53124999999978],[37.247916666665674,26.535416666666443],[37.24374999999901,26.53958333333309],[37.24374999999901,26.543749999999754],[37.247916666665674,26.54791666666646],[37.247916666665674,26.560416666666434],[37.25208333333234,26.564583333333083],[37.25208333333234,26.56874999999979]]}},{"type":"Feature","properties":{"HYRIV_ID":20840733,"NEXT_DOWN":20840734,"MAIN_RIV":20848032,"LENGTH_KM":2.9,"CATCH_SKM":19.790001,"DIS_AV_CMS":0.01,"ORD_STRA":1,"ORD_FLOW":8},"geometry":{"type":"LineString","coordinates":[[37.38333333333233,26.502083333333125],[37.39791666666571,26.502083333333125],[37.40208333333237,26.497916666666477],[37.4104166666657,26.497916666666477]]}},{"type":"Feature","properties":{"HYRIV_ID":20840734,"NEXT_DOWN":20840526,"MAIN_RIV":20848032,"LENGTH_KM":10.72,"CATCH_SKM":29.58,"DIS_AV_CMS":0.03,"ORD_STRA":2,"ORD_FLOW":8},"geometry":{"type":"LineString","coordinates":[[37.4104166666657,26.497916666666477],[37.4104166666657,26.50624999999979],[37.41874999999902,26.5145833333331],[37.422916666665685,26.5145833333331],[37.42708333333232,26.51041666666645],[37.43124999999907,26.51041666666645],[37.43541666666573,26.5145833333331],[37.452083333332354,26.5145833333331],[37.45624999999902,26.51041666666645],[37.46458333333234,26.51041666666645],[37.47291666666567,26.518749999999763],[37.4770833333323,26.518749999999763],[37.485416666665714,26.527083333333117],[37.485416666665714,26.53124999999978]]}},{"type":"Feature","properties":{"HYRIV_ID":20840735,"NEXT_DOWN":20840405,"MAIN_RIV":20848032,"LENGTH_KM":9.3599997,"CATCH_SKM":29.58,"DIS_AV_CMS":0.122,"ORD_STRA":3,"ORD_FLOW":7},"geometry":{"type":"LineString","coordinates":[[37.59791666666567,26.502083333333125],[37.60208333333233,26.502083333333125],[37.606249999998965,26.497916666666477],[37.61041666666563,26.497916666666477],[37.61458333333238,26.502083333333125],[37.61458333333238,26.50624999999979],[37.61874999999904,26.51041666666645],[37.61458333333238,26.5145833333331],[37.61458333333238,26.522916666666468],[37.61041666666563,26.527083333333117],[37.61041666666563,26.53124999999978],[37.61874999999904,26.53958333333309],[37.63124999999903,26.53958333333309],[37.63541666666566,26.543749999999754],[37.63541666666566,26.54791666666646]]}},{"type":"Feature","properties":{"HYRIV_ID":20840736,"NEXT_DOWN":20840826,"MAIN_RIV":20848032,"LENGTH_KM":2.49,"CATCH_SKM":4.8,"DIS_AV_CMS":0.06,"ORD_STRA":2,"ORD_FLOW":8},"geometry":{"type":"LineString","coordinates":[[37.83541666666571,26.5145833333331],[37.81874999999897,26.497916666666477]]}},{"type":"Feature","properties":{"HYRIV_ID":20840782,"NEXT_DOWN":20840734,"MAIN_RIV":20848032,"LENGTH_KM":0.93,"CATCH_SKM":11.91,"DIS_AV_CMS":0.006,"ORD_STRA":1,"ORD_FLOW":9},"geometry":{"type":"LineString","coordinates":[[37.41666666666569,26.49166666666644],[37.4104166666657,26.497916666666477]]}},{"type":"Feature","properties":{"HYRIV_ID":20840783,"NEXT_DOWN":20840821,"MAIN_RIV":20848032,"LENGTH_KM":3.4200001,"CATCH_SKM":15.18,"DIS_AV_CMS":0.007,"ORD_STRA":1,"ORD_FLOW":9},"geometry":{"type":"LineString","coordinates":[[37.499999999999034,26.499999999999794],[37.506249999999,26.49374999999977],[37.51041666666566,26.497916666666477],[37.51874999999899,26.497916666666477],[37.522916666665736,26.49374999999977],[37.52708333333237,26.49374999999977]]}},{"type":"Feature","properties":{"HYRIV_ID":20840784,"NEXT_DOWN":20840735,"MAIN_RIV":20848032,"LENGTH_KM":1.87,"CATCH_SKM":15.18,"DIS_AV_CMS":0.007,"ORD_STRA":1,"ORD_FLOW":9},"geometry":{"type":"LineString","coordinates":[[37.58333333333235,26.49374999999977],[37.58958333333234,26.49374999999977],[37.59791666666567,26.502083333333125]]}},{"type":"Feature","properties":{"HYRIV_ID":20840817,"NEXT_DOWN":20841096,"MAIN_RIV":20842208,"LENGTH_KM":2.8,"CATCH_SKM":18.440001,"DIS_AV_CMS":0.002,"ORD_STRA":1,"ORD_FLOW":9},"geometry":{"type":"LineString","coordinates":[[36.445833333332416,26.50833333333312],[36.46458333333237,26.48958333333311]]}},{"type":"Feature","properties":{"HYRIV_ID":20840818,"NEXT_DOWN":20841096,"MAIN_RIV":20842208,"LENGTH_KM":2.87,"CATCH_SKM":18.440001,"DIS_AV_CMS":0.002,"ORD_STRA":1,"ORD_FLOW":9},"geometry":{"type":"LineString","coordinates":[[36.46458333333237,26.51249999999977],[36.46458333333237,26.50624999999979],[36.468749999999034,26.502083333333125],[36.46458333333237,26.497916666666477],[36.46458333333237,26.48958333333311]]}},{"type":"Feature","properties":{"HYRIV_ID":20840819,"NEXT_DOWN":20840913,"MAIN_RIV":20845381,"LENGTH_KM":2.6300001,"CATCH_SKM":7.1100001,"DIS_AV_CMS":0.167,"ORD_STRA":3,"ORD_FLOW":7},"geometry":{"type":"LineString","coordinates":[[36.86458333333235,26.51041666666645],[36.860416666665685,26.50624999999979],[36.860416666665685,26.502083333333125],[36.85624999999902,26.497916666666477],[36.85624999999902,26.48958333333311]]}},{"type":"Feature","properties":{"HYRIV_ID":20840820,"NEXT_DOWN":20840913,"MAIN_RIV":20845381,"LENGTH_KM":3.8,"CATCH_SKM":18.83,"DIS_AV_CMS":0.004,"ORD_STRA":1,"ORD_FLOW":9},"geometry":{"type":"LineString","coordinates":[[36.88124999999897,26.499999999999794],[36.88124999999897,26.49374999999977],[36.87708333333231,26.48958333333311],[36.86874999999901,26.48958333333311],[36.86458333333235,26.49374999999977],[36.860416666665685,26.49374999999977],[36.85624999999902,26.48958333333311]]}},{"type":"Feature","properties":{"HYRIV_ID":20840821,"NEXT_DOWN":20840822,"MAIN_RIV":20848032,"LENGTH_KM":1.45,"CATCH_SKM":3.07,"DIS_AV_CMS":0.023,"ORD_STRA":2,"ORD_FLOW":8},"geometry":{"type":"LineString","coordinates":[[37.52708333333237,26.49374999999977],[37.5354166666657,26.49374999999977],[37.53958333333236,26.48958333333311]]}},{"type":"Feature","properties":{"HYRIV_ID":20840822,"NEXT_DOWN":20840673,"MAIN_RIV":20848032,"LENGTH_KM":3.78,"CATCH_SKM":5.1900001,"DIS_AV_CMS":0.031,"ORD_STRA":2,"ORD_FLOW":8},"geometry":{"type":"LineString","coordinates":[[37.53958333333236,26.48958333333311],[37.54374999999902,26.49374999999977],[37.55208333333235,26.49374999999977],[37.56458333333239,26.50624999999979],[37.56458333333239,26.51041666666645]]}},{"type":"Feature","properties":{"HYRIV_ID":20840823,"NEXT_DOWN":20840876,"MAIN_RIV":20848032,"LENGTH_KM":9.7299995,"CATCH_SKM":37.459999,"DIS_AV_CMS":3.402,"ORD_STRA":5,"ORD_FLOW":6},"geometry":{"type":"LineString","coordinates":[[37.672916666665685,26.53958333333309],[37.67708333333235,26.53958333333309],[37.68958333333231,26.527083333333117],[37.68958333333231,26.518749999999763],[37.685416666665645,26.5145833333331],[37.685416666665645,26.51041666666645],[37.693749999999056,26.502083333333125],[37.70208333333238,26.502083333333125],[37.706249999999045,26.497916666666477],[37.71041666666568,26.502083333333125],[37.71458333333234,26.497916666666477],[37.71458333333234,26.49374999999977],[37.718749999999005,26.48958333333311],[37.72291666666575,26.48958333333311]]}},{"type":"Feature","properties":{"HYRIV_ID":20840824,"NEXT_DOWN":20840876,"MAIN_RIV":20848032,"LENGTH_KM":10.25,"CATCH_SKM":37.25,"DIS_AV_CMS":0.018,"ORD_STRA":1,"ORD_FLOW":8},"geometry":{"type":"LineString","coordinates":[[37.70208333333238,26.566666666666457],[37.70208333333238,26.543749999999754],[37.706249999999045,26.53958333333309],[37.706249999999045,26.535416666666443],[37.71041666666568,26.53124999999978],[37.71458333333234,26.53124999999978],[37.72291666666575,26.522916666666468],[37.718749999999005,26.518749999999763],[37.718749999999005,26.51041666666645],[37.72291666666575,26.50624999999979],[37.72291666666575,26.502083333333125],[37.72708333333233,26.497916666666477],[37.72291666666575,26.49374999999977],[37.72291666666575,26.48958333333311]]}},{"type":"Feature","properties":{"HYRIV_ID":20840825,"NEXT_DOWN":20841436,"MAIN_RIV":20848032,"LENGTH_KM":21.139999,"CATCH_SKM":64.690002,"DIS_AV_CMS":0.032,"ORD_STRA":1,"ORD_FLOW":8},"geometry":{"type":"LineString","coordinates":[[37.752083333332365,26.65833333333311],[37.752083333332365,26.647916666666426],[37.7479166666657,26.643749999999763],[37.7479166666657,26.63541666666645],[37.75624999999903,26.62708333333314],[37.75624999999903,26.61874999999977],[37.76041666666569,26.614583333333123],[37.76041666666569,26.61041666666646],[37.764583333332325,26.606249999999754],[37.764583333332325,26.58958333333313],[37.7770833333324,26.577083333333114],[37.7770833333324,26.57291666666645],[37.78124999999906,26.56874999999979],[37.78124999999906,26.564583333333083],[37.785416666665725,26.560416666666434],[37.785416666665725,26.55208333333311],[37.7770833333324,26.543749999999754],[37.7770833333324,26.535416666666443],[37.78124999999906,26.53124999999978],[37.78124999999906,26.522916666666468],[37.785416666665725,26.518749999999763],[37.785416666665725,26.497916666666477],[37.78958333333236,26.49374999999977],[37.78958333333236,26.48958333333311]]}},{"type":"Feature","properties":{"HYRIV_ID":20840826,"NEXT_DOWN":20841436,"MAIN_RIV":20848032,"LENGTH_KM":3.32,"CATCH_SKM":9.9899998,"DIS_AV_CMS":0.079,"ORD_STRA":2,"ORD_FLOW":8},"geometry":{"type":"LineString","coordinates":[[37.81874999999897,26.497916666666477],[37.80208333333235,26.497916666666477],[37.79374999999902,26.48958333333311],[37.78958333333236,26.48958333333311]]}},{"type":"Feature","properties":{"HYRIV_ID":20840871,"NEXT_DOWN":20840910,"MAIN_RIV":20842208,"LENGTH_KM":16.65,"CATCH_SKM":64.519997,"DIS_AV_CMS":0.011,"ORD_STRA":2,"ORD_FLOW":8},"geometry":{"type":"LineString","coordinates":[[36.48124999999902,26.59374999999978],[36.48541666666566,26.58958333333313],[36.48958333333232,26.58958333333313],[36.49791666666573,26.581249999999763],[36.49791666666573,26.577083333333114],[36.51041666666569,26.577083333333114],[36.514583333332354,26.57291666666645],[36.51874999999902,26.57291666666645],[36.53124999999909,26.560416666666434],[36.53124999999909,26.55624999999977],[36.53958333333239,26.54791666666646],[36.53958333333239,26.543749999999754],[36.54374999999905,26.53958333333309],[36.53541666666575,26.53124999999978],[36.53541666666575,26.51041666666645],[36.52708333333234,26.502083333333125],[36.53541666666575,26.49374999999977],[36.53541666666575,26.48541666666646]]}},{"type":"Feature","properties":{"HYRIV_ID":20840872,"NEXT_DOWN":20840910,"MAIN_RIV":20842208,"LENGTH_KM":3.32,"CATCH_SKM":13.06,"DIS_AV_CMS":0.006,"ORD_STRA":2,"ORD_FLOW":9},"geometry":{"type":"LineString","coordinates":[[36.5604166666657,26.502083333333125],[36.55624999999904,26.497916666666477],[36.547916666665714,26.497916666666477],[36.53541666666575,26.48541666666646]]}},{"type":"Feature","properties":{"HYRIV_ID":20840873,"NEXT_DOWN":20840872,"MAIN_RIV":20842208,"LENGTH_KM":2.6400001,"CATCH_SKM":19.790001,"DIS_AV_CMS":0.002,"ORD_STRA":1,"ORD_FLOW":9},"geometry":{"type":"LineString","coordinates":[[36.57499999999908,26.483333333333128],[36.568749999999,26.48958333333311],[36.568749999999,26.49374999999977],[36.5604166666657,26.502083333333125]]}},{"type":"Feature","properties":{"HYRIV_ID":20840874,"NEXT_DOWN":20840204,"MAIN_RIV":20845381,"LENGTH_KM":10.45,"CATCH_SKM":61.66,"DIS_AV_CMS":0.016,"ORD_STRA":1,"ORD_FLOW":8},"geometry":{"type":"LineString","coordinates":[[36.99583333333234,26.483333333333128],[36.97708333333239,26.502083333333125],[36.972916666665725,26.502083333333125],[36.96874999999906,26.50624999999979],[36.95624999999899,26.50624999999979],[36.952083333332354,26.51041666666645],[36.94791666666569,26.51041666666645],[36.94791666666569,26.518749999999763],[36.939583333332365,26.527083333333117],[36.939583333332365,26.53124999999978],[36.9354166666657,26.535416666666443],[36.9354166666657,26.53958333333309],[36.93124999999904,26.543749999999754]]}},{"type":"Feature","properties":{"HYRIV_ID":20840875,"NEXT_DOWN":20840822,"MAIN_RIV":20848032,"LENGTH_KM":0.93,"CATCH_SKM":10.95,"DIS_AV_CMS":0.005,"ORD_STRA":1,"ORD_FLOW":9},"geometry":{"type":"LineString","coordinates":[[37.533333333332365,26.483333333333128],[37.53958333333236,26.48958333333311]]}},{"type":"Feature","properties":{"HYRIV_ID":20840876,"NEXT_DOWN":20841693,"MAIN_RIV":20848032,"LENGTH_KM":2.6900001,"CATCH_SKM":4.8,"DIS_AV_CMS":3.4219999,"ORD_STRA":5,"ORD_FLOW":6},"geometry":{"type":"LineString","coordinates":[[37.72291666666575,26.48958333333311],[37.72708333333233,26.48541666666646],[37.731249999998994,26.48958333333311],[37.73958333333229,26.48958333333311],[37.74374999999904,26.48541666666646]]}},{"type":"Feature","properties":{"HYRIV_ID":20840877,"NEXT_DOWN":20841693,"MAIN_RIV":20848032,"LENGTH_KM":9.75,"CATCH_SKM":35.720001,"DIS_AV_CMS":0.017,"ORD_STRA":1,"ORD_FLOW":8},"geometry":{"type":"LineString","coordinates":[[37.74583333333237,26.566666666666457],[37.73958333333229,26.560416666666434],[37.73958333333229,26.54791666666646],[37.74374999999904,26.543749999999754],[37.74374999999904,26.53124999999978],[37.7479166666657,26.527083333333117],[37.7479166666657,26.502083333333125],[37.74374999999904,26.497916666666477],[37.74374999999904,26.48541666666646]]}},{"type":"Feature","properties":{"HYRIV_ID":20840878,"NEXT_DOWN":20840826,"MAIN_RIV":20848032,"LENGTH_KM":5.8,"CATCH_SKM":27.09,"DIS_AV_CMS":0.014,"ORD_STRA":1,"ORD_FLOW":8},"geometry":{"type":"LineString","coordinates":[[37.87083333333237,26.48541666666646],[37.83958333333237,26.48541666666646],[37.831249999999045,26.49374999999977],[37.82708333333238,26.49374999999977],[37.82291666666572,26.497916666666477],[37.81874999999897,26.497916666666477]]}},{"type":"Feature","properties":{"HYRIV_ID":20840910,"NEXT_DOWN":20841098,"MAIN_RIV":20842208,"LENGTH_KM":1.04,"CATCH_SKM":2.6900001,"DIS_AV_CMS":0.017,"ORD_STRA":3,"ORD_FLOW":8},"geometry":{"type":"LineString","coordinates":[[36.53541666666575,26.48541666666646],[36.53124999999909,26.481249999999797],[36.52708333333234,26.481249999999797]]}},{"type":"Feature","properties":{"HYRIV_ID":20840911,"NEXT_DOWN":20840576,"MAIN_RIV":20838781,"LENGTH_KM":4.6100001,"CATCH_SKM":13.83,"DIS_AV_CMS":0.009,"ORD_STRA":2,"ORD_FLOW":9},"geometry":{"type":"LineString","coordinates":[[36.73124999999902,26.481249999999797],[36.72708333333236,26.481249999999797],[36.710416666665736,26.497916666666477],[36.710416666665736,26.502083333333125],[36.70208333333241,26.51041666666645]]}},{"type":"Feature","properties":{"HYRIV_ID":20840912,"NEXT_DOWN":20840911,"MAIN_RIV":20838781,"LENGTH_KM":7.06,"CATCH_SKM":39.950001,"DIS_AV_CMS":0.006,"ORD_STRA":1,"ORD_FLOW":9},"geometry":{"type":"LineString","coordinates":[[36.77291666666568,26.51666666666643],[36.77291666666568,26.502083333333125],[36.76458333333238,26.502083333333125],[36.756249999999056,26.49374999999977],[36.756249999999056,26.48958333333311],[36.747916666665645,26.48958333333311],[36.74374999999901,26.48541666666646],[36.735416666665685,26.48541666666646],[36.73124999999902,26.481249999999797]]}},{"type":"Feature","properties":{"HYRIV_ID":20840913,"NEXT_DOWN":20841193,"MAIN_RIV":20845381,"LENGTH_KM":1.08,"CATCH_SKM":1.34,"DIS_AV_CMS":0.17,"ORD_STRA":3,"ORD_FLOW":7},"geometry":{"type":"LineString","coordinates":[[36.85624999999902,26.48958333333311],[36.85624999999902,26.48541666666646],[36.85208333333236,26.481249999999797]]}},{"type":"Feature","properties":{"HYRIV_ID":20841046,"NEXT_DOWN":20841145,"MAIN_RIV":20842208,"LENGTH_KM":9.0600004,"CATCH_SKM":36.68,"DIS_AV_CMS":0.005,"ORD_STRA":1,"ORD_FLOW":9},"geometry":{"type":"LineString","coordinates":[[36.50208333333239,26.541666666666423],[36.50208333333239,26.518749999999763],[36.49791666666573,26.5145833333331],[36.49791666666573,26.50624999999979],[36.49374999999907,26.502083333333125],[36.49374999999907,26.497916666666477],[36.49791666666573,26.49374999999977],[36.49374999999907,26.48958333333311],[36.49374999999907,26.48541666666646],[36.48541666666566,26.477083333333134],[36.48541666666566,26.46874999999978]]}},{"type":"Feature","properties":{"HYRIV_ID":20841047,"NEXT_DOWN":20841098,"MAIN_RIV":20842208,"LENGTH_KM":2.02,"CATCH_SKM":14.99,"DIS_AV_CMS":0.002,"ORD_STRA":1,"ORD_FLOW":9},"geometry":{"type":"LineString","coordinates":[[36.537499999999056,26.46666666666645],[36.52708333333234,26.477083333333134],[36.52708333333234,26.481249999999797]]}},{"type":"Feature","properties":{"HYRIV_ID":20841048,"NEXT_DOWN":20840911,"MAIN_RIV":20838781,"LENGTH_KM":2.1700001,"CATCH_SKM":15.18,"DIS_AV_CMS":0.002,"ORD_STRA":1,"ORD_FLOW":9},"geometry":{"type":"LineString","coordinates":[[36.74166666666568,26.46874999999978],[36.735416666665685,26.46874999999978],[36.735416666665685,26.47291666666643],[36.73124999999902,26.477083333333134],[36.73124999999902,26.481249999999797]]}},{"type":"Feature","properties":{"HYRIV_ID":20841049,"NEXT_DOWN":20840821,"MAIN_RIV":20848032,"LENGTH_KM":8.0900002,"CATCH_SKM":30.17,"DIS_AV_CMS":0.014,"ORD_STRA":1,"ORD_FLOW":8},"geometry":{"type":"LineString","coordinates":[[37.45833333333235,26.46874999999978],[37.4770833333323,26.46874999999978],[37.485416666665714,26.477083333333134],[37.4979166666657,26.477083333333134],[37.50208333333234,26.481249999999797],[37.51041666666566,26.481249999999797],[37.51458333333241,26.48541666666646],[37.51874999999899,26.48541666666646],[37.52708333333237,26.49374999999977]]}},{"type":"Feature","properties":{"HYRIV_ID":20841096,"NEXT_DOWN":20841144,"MAIN_RIV":20842208,"LENGTH_KM":3.25,"CATCH_SKM":5.7600002,"DIS_AV_CMS":0.006,"ORD_STRA":2,"ORD_FLOW":9},"geometry":{"type":"LineString","coordinates":[[36.46458333333237,26.48958333333311],[36.46458333333237,26.48541666666646],[36.46041666666571,26.481249999999797],[36.46041666666571,26.47291666666643],[36.45208333333241,26.464583333333117]]}},{"type":"Feature","properties":{"HYRIV_ID":20841097,"NEXT_DOWN":20841145,"MAIN_RIV":20842208,"LENGTH_KM":1.04,"CATCH_SKM":2.31,"DIS_AV_CMS":0.023,"ORD_STRA":3,"ORD_FLOW":8},"geometry":{"type":"LineString","coordinates":[[36.49374999999907,26.464583333333117],[36.48958333333232,26.464583333333117],[36.48541666666566,26.46874999999978]]}},{"type":"Feature","properties":{"HYRIV_ID":20841098,"NEXT_DOWN":20841097,"MAIN_RIV":20842208,"LENGTH_KM":4.1500001,"CATCH_SKM":11.14,"DIS_AV_CMS":0.02,"ORD_STRA":3,"ORD_FLOW":8},"geometry":{"type":"LineString","coordinates":[[36.52708333333234,26.481249999999797],[36.52291666666568,26.481249999999797],[36.51874999999902,26.477083333333134],[36.514583333332354,26.477083333333134],[36.51041666666569,26.47291666666643],[36.506249999999056,26.47291666666643],[36.50208333333239,26.46874999999978],[36.49791666666573,26.46874999999978],[36.49374999999907,26.464583333333117]]}},{"type":"Feature","properties":{"HYRIV_ID":20841143,"NEXT_DOWN":20841338,"MAIN_RIV":20842208,"LENGTH_KM":3.02,"CATCH_SKM":15.56,"DIS_AV_CMS":0.002,"ORD_STRA":1,"ORD_FLOW":9},"geometry":{"type":"LineString","coordinates":[[36.435416666665674,26.483333333333128],[36.435416666665674,26.477083333333134],[36.44791666666575,26.464583333333117],[36.44791666666575,26.460416666666454]]}},{"type":"Feature","properties":{"HYRIV_ID":20841144,"NEXT_DOWN":20841338,"MAIN_RIV":20842208,"LENGTH_KM":0.62,"CATCH_SKM":0.38,"DIS_AV_CMS":0.035,"ORD_STRA":3,"ORD_FLOW":8},"geometry":{"type":"LineString","coordinates":[[36.45208333333241,26.464583333333117],[36.44791666666575,26.460416666666454]]}},{"type":"Feature","properties":{"HYRIV_ID":20841145,"NEXT_DOWN":20841144,"MAIN_RIV":20842208,"LENGTH_KM":4.2,"CATCH_SKM":6.5300002,"DIS_AV_CMS":0.029,"ORD_STRA":3,"ORD_FLOW":8},"geometry":{"type":"LineString","coordinates":[[36.48541666666566,26.46874999999978],[36.48124999999902,26.46874999999978],[36.47708333333236,26.464583333333117],[36.47708333333236,26.460416666666454],[36.4729166666657,26.460416666666454],[36.468749999999034,26.464583333333117],[36.45208333333241,26.464583333333117]]}},{"type":"Feature","properties":{"HYRIV_ID":20841146,"NEXT_DOWN":20841692,"MAIN_RIV":20843264,"LENGTH_KM":1.86,"CATCH_SKM":17.290001,"DIS_AV_CMS":0.002,"ORD_STRA":1,"ORD_FLOW":9},"geometry":{"type":"LineString","coordinates":[[36.662499999999085,26.47499999999976],[36.656249999999005,26.46874999999978],[36.656249999999005,26.460416666666454]]}},{"type":"Feature","properties":{"HYRIV_ID":20841147,"NEXT_DOWN":20841193,"MAIN_RIV":20845381,"LENGTH_KM":5.02,"CATCH_SKM":18.450001,"DIS_AV_CMS":0.013,"ORD_STRA":2,"ORD_FLOW":8},"geometry":{"type":"LineString","coordinates":[[36.88958333333238,26.460416666666454],[36.88958333333238,26.464583333333117],[36.88124999999897,26.47291666666643],[36.86458333333235,26.47291666666643],[36.85624999999902,26.481249999999797],[36.85208333333236,26.481249999999797]]}},{"type":"Feature","properties":{"HYRIV_ID":20841192,"NEXT_DOWN":20842045,"MAIN_RIV":20845381,"LENGTH_KM":1.55,"CATCH_SKM":13.06,"DIS_AV_CMS":0.002,"ORD_STRA":1,"ORD_FLOW":9},"geometry":{"type":"LineString","coordinates":[[36.82083333333236,26.46666666666645],[36.83124999999907,26.456249999999805]]}},{"type":"Feature","properties":{"HYRIV_ID":20841193,"NEXT_DOWN":20842045,"MAIN_RIV":20845381,"LENGTH_KM":3.57,"CATCH_SKM":18.83,"DIS_AV_CMS":0.183,"ORD_STRA":3,"ORD_FLOW":7},"geometry":{"type":"LineString","coordinates":[[36.85208333333236,26.481249999999797],[36.84374999999906,26.47291666666643],[36.84374999999906,26.46874999999978],[36.83124999999907,26.456249999999805]]}},{"type":"Feature","properties":{"HYRIV_ID":20841238,"NEXT_DOWN":0,"MAIN_RIV":20841238,"LENGTH_KM":7.8200002,"CATCH_SKM":30.360001,"DIS_AV_CMS":0.004,"ORD_STRA":1,"ORD_FLOW":9},"geometry":{"type":"LineString","coordinates":[[36.38333333333236,26.48958333333311],[36.364583333332405,26.48958333333311],[36.36041666666574,26.48541666666646],[36.35208333333236,26.48541666666646],[36.3479166666657,26.481249999999797],[36.3479166666657,26.477083333333134],[36.343749999999034,26.47291666666643],[36.343749999999034,26.464583333333117],[36.331249999999045,26.4520833333331]]}},{"type":"Feature","properties":{"HYRIV_ID":20841239,"NEXT_DOWN":20841097,"MAIN_RIV":20842208,"LENGTH_KM":2.35,"CATCH_SKM":16.34,"DIS_AV_CMS":0.002,"ORD_STRA":1,"ORD_FLOW":9},"geometry":{"type":"LineString","coordinates":[[36.506249999999056,26.44999999999977],[36.506249999999056,26.456249999999805],[36.50208333333239,26.456249999999805],[36.49374999999907,26.464583333333117]]}},{"type":"Feature","properties":{"HYRIV_ID":20841240,"NEXT_DOWN":20841692,"MAIN_RIV":20843264,"LENGTH_KM":5.08,"CATCH_SKM":35.360001,"DIS_AV_CMS":0.004,"ORD_STRA":1,"ORD_FLOW":9},"geometry":{"type":"LineString","coordinates":[[36.69999999999908,26.458333333333137],[36.693749999999,26.4520833333331],[36.68124999999904,26.4520833333331],[36.672916666665714,26.460416666666454],[36.656249999999005,26.460416666666454]]}},{"type":"Feature","properties":{"HYRIV_ID":20841241,"NEXT_DOWN":20841147,"MAIN_RIV":20845381,"LENGTH_KM":2.7,"CATCH_SKM":14.99,"DIS_AV_CMS":0.003,"ORD_STRA":1,"ORD_FLOW":9},"geometry":{"type":"LineString","coordinates":[[36.912499999999,26.4520833333331],[36.90208333333234,26.4520833333331],[36.893749999999045,26.460416666666454],[36.88958333333238,26.460416666666454]]}},{"type":"Feature","properties":{"HYRIV_ID":20841242,"NEXT_DOWN":20841296,"MAIN_RIV":20848032,"LENGTH_KM":2.35,"CATCH_SKM":17.68,"DIS_AV_CMS":0.008,"ORD_STRA":1,"ORD_FLOW":9},"geometry":{"type":"LineString","coordinates":[[37.6520833333324,26.46666666666645],[37.6520833333324,26.460416666666454],[37.6604166666657,26.4520833333331],[37.66458333333236,26.4520833333331]]}},{"type":"Feature","properties":{"HYRIV_ID":20841294,"NEXT_DOWN":20841634,"MAIN_RIV":20847274,"LENGTH_KM":2.4,"CATCH_SKM":17.870001,"DIS_AV_CMS":0.007,"ORD_STRA":1,"ORD_FLOW":9},"geometry":{"type":"LineString","coordinates":[[37.12708333333234,26.46666666666645],[37.12708333333234,26.460416666666454],[37.122916666665674,26.456249999999805],[37.122916666665674,26.4520833333331],[37.12708333333234,26.447916666666437]]}},{"type":"Feature","properties":{"HYRIV_ID":20841295,"NEXT_DOWN":20841340,"MAIN_RIV":20847274,"LENGTH_KM":6.12,"CATCH_SKM":34.200001,"DIS_AV_CMS":0.014,"ORD_STRA":1,"ORD_FLOW":8},"geometry":{"type":"LineString","coordinates":[[37.1833333333324,26.47499999999976],[37.17291666666574,26.464583333333117],[37.168749999998994,26.464583333333117],[37.16458333333233,26.460416666666454],[37.1604166666657,26.460416666666454],[37.156249999999034,26.456249999999805],[37.14791666666571,26.456249999999805],[37.13958333333238,26.447916666666437],[37.13541666666566,26.447916666666437]]}},{"type":"Feature","properties":{"HYRIV_ID":20841296,"NEXT_DOWN":20841744,"MAIN_RIV":20848032,"LENGTH_KM":5.0300002,"CATCH_SKM":15.18,"DIS_AV_CMS":0.259,"ORD_STRA":3,"ORD_FLOW":7},"geometry":{"type":"LineString","coordinates":[[37.66458333333236,26.4520833333331],[37.66874999999902,26.456249999999805],[37.672916666665685,26.456249999999805],[37.672916666665685,26.460416666666454],[37.68124999999901,26.460416666666454],[37.68958333333231,26.4520833333331],[37.69791666666572,26.4520833333331],[37.70208333333238,26.447916666666437]]}},{"type":"Feature","properties":{"HYRIV_ID":20841338,"NEXT_DOWN":20842209,"MAIN_RIV":20842208,"LENGTH_KM":2.1700001,"CATCH_SKM":2.6900001,"DIS_AV_CMS":0.038,"ORD_STRA":3,"ORD_FLOW":8},"geometry":{"type":"LineString","coordinates":[[36.44791666666575,26.460416666666454],[36.45208333333241,26.456249999999805],[36.45208333333241,26.447916666666437],[36.44791666666575,26.44374999999979]]}},{"type":"Feature","properties":{"HYRIV_ID":20841339,"NEXT_DOWN":20842209,"MAIN_RIV":20842208,"LENGTH_KM":0.62,"CATCH_SKM":16.15,"DIS_AV_CMS":0.002,"ORD_STRA":1,"ORD_FLOW":9},"geometry":{"type":"LineString","coordinates":[[36.45416666666574,26.44374999999979],[36.44791666666575,26.44374999999979]]}},{"type":"Feature","properties":{"HYRIV_ID":20841340,"NEXT_DOWN":20841634,"MAIN_RIV":20847274,"LENGTH_KM":1.24,"CATCH_SKM":1.34,"DIS_AV_CMS":0.022,"ORD_STRA":2,"ORD_FLOW":8},"geometry":{"type":"LineString","coordinates":[[37.13541666666566,26.447916666666437],[37.131249999999,26.44374999999979],[37.12708333333234,26.447916666666437]]}},{"type":"Feature","properties":{"HYRIV_ID":20841388,"NEXT_DOWN":20841340,"MAIN_RIV":20847274,"LENGTH_KM":1.87,"CATCH_SKM":17.68,"DIS_AV_CMS":0.007,"ORD_STRA":1,"ORD_FLOW":9},"geometry":{"type":"LineString","coordinates":[[37.14999999999904,26.439583333333083],[37.143749999999045,26.439583333333083],[37.13541666666566,26.447916666666437]]}},{"type":"Feature","properties":{"HYRIV_ID":20841389,"NEXT_DOWN":20841390,"MAIN_RIV":20848032,"LENGTH_KM":18.940001,"CATCH_SKM":89.559998,"DIS_AV_CMS":0.04,"ORD_STRA":1,"ORD_FLOW":8},"geometry":{"type":"LineString","coordinates":[[37.23958333333238,26.43749999999975],[37.23958333333238,26.44374999999979],[37.24374999999901,26.44374999999979],[37.247916666665674,26.439583333333083],[37.26041666666575,26.4520833333331],[37.26458333333241,26.4520833333331],[37.27291666666571,26.460416666666454],[37.2854166666657,26.460416666666454],[37.28958333333236,26.464583333333117],[37.327083333332354,26.464583333333117],[37.33124999999902,26.460416666666454],[37.360416666665714,26.460416666666454],[37.36458333333238,26.456249999999805],[37.39791666666571,26.456249999999805],[37.40208333333237,26.4520833333331]]}},{"type":"Feature","properties":{"HYRIV_ID":20841390,"NEXT_DOWN":20841480,"MAIN_RIV":20848032,"LENGTH_KM":7.2600002,"CATCH_SKM":19.030001,"DIS_AV_CMS":0.068,"ORD_STRA":2,"ORD_FLOW":8},"geometry":{"type":"LineString","coordinates":[[37.40208333333237,26.4520833333331],[37.43958333333239,26.4520833333331],[37.443749999999056,26.447916666666437],[37.452083333332354,26.447916666666437],[37.45624999999902,26.44374999999979],[37.46458333333234,26.44374999999979],[37.468749999999005,26.439583333333083]]}},{"type":"Feature","properties":{"HYRIV_ID":20841391,"NEXT_DOWN":20841637,"MAIN_RIV":20848032,"LENGTH_KM":5.4299998,"CATCH_SKM":34.009998,"DIS_AV_CMS":0.019,"ORD_STRA":1,"ORD_FLOW":8},"geometry":{"type":"LineString","coordinates":[[37.995833333332314,26.477083333333134],[38.002083333332365,26.477083333333134],[38.01041666666569,26.46874999999978],[38.01041666666569,26.460416666666454],[38.014583333332354,26.456249999999805],[38.014583333332354,26.4520833333331],[38.01874999999902,26.447916666666437],[38.01874999999902,26.439583333333083]]}},{"type":"Feature","properties":{"HYRIV_ID":20841433,"NEXT_DOWN":0,"MAIN_RIV":20841433,"LENGTH_KM":2.7,"CATCH_SKM":21.52,"DIS_AV_CMS":0.003,"ORD_STRA":1,"ORD_FLOW":9},"geometry":{"type":"LineString","coordinates":[[36.36249999999907,26.44374999999979],[36.356249999998994,26.44374999999979],[36.35208333333236,26.439583333333083],[36.343749999999034,26.439583333333083],[36.33958333333237,26.43541666666642]]}},{"type":"Feature","properties":{"HYRIV_ID":20841434,"NEXT_DOWN":20841296,"MAIN_RIV":20848032,"LENGTH_KM":4.98,"CATCH_SKM":23.639999,"DIS_AV_CMS":0.244,"ORD_STRA":3,"ORD_FLOW":7},"geometry":{"type":"LineString","coordinates":[[37.6229166666657,26.43541666666642],[37.627083333332365,26.43541666666642],[37.63124999999903,26.439583333333083],[37.639583333332325,26.439583333333083],[37.64374999999907,26.44374999999979],[37.647916666665736,26.44374999999979],[37.6520833333324,26.447916666666437],[37.6604166666657,26.447916666666437],[37.66458333333236,26.4520833333331]]}},{"type":"Feature","properties":{"HYRIV_ID":20841435,"NEXT_DOWN":20841744,"MAIN_RIV":20848032,"LENGTH_KM":4.9200001,"CATCH_SKM":20.57,"DIS_AV_CMS":0.01,"ORD_STRA":1,"ORD_FLOW":8},"geometry":{"type":"LineString","coordinates":[[37.66249999999903,26.433333333333103],[37.66874999999902,26.439583333333083],[37.685416666665645,26.439583333333083],[37.68958333333231,26.44374999999979],[37.70208333333238,26.44374999999979],[37.70208333333238,26.447916666666437]]}},{"type":"Feature","properties":{"HYRIV_ID":20841436,"NEXT_DOWN":20841483,"MAIN_RIV":20848032,"LENGTH_KM":7.39,"CATCH_SKM":16.91,"DIS_AV_CMS":0.119,"ORD_STRA":2,"ORD_FLOW":7},"geometry":{"type":"LineString","coordinates":[[37.78958333333236,26.48958333333311],[37.785416666665725,26.48541666666646],[37.785416666665725,26.47291666666643],[37.78958333333236,26.46874999999978],[37.78958333333236,26.460416666666454],[37.785416666665725,26.456249999999805],[37.785416666665725,26.4520833333331],[37.78958333333236,26.447916666666437],[37.78958333333236,26.44374999999979],[37.79374999999902,26.44374999999979],[37.80208333333235,26.43541666666642]]}},{"type":"Feature","properties":{"HYRIV_ID":20841437,"NEXT_DOWN":20841483,"MAIN_RIV":20848032,"LENGTH_KM":2.59,"CATCH_SKM":13.26,"DIS_AV_CMS":0.007,"ORD_STRA":1,"ORD_FLOW":9},"geometry":{"type":"LineString","coordinates":[[37.8208333333323,26.44999999999977],[37.80624999999901,26.43541666666642],[37.80208333333235,26.43541666666642]]}},{"type":"Feature","properties":{"HYRIV_ID":20841479,"NEXT_DOWN":20841147,"MAIN_RIV":20845381,"LENGTH_KM":7.3600001,"CATCH_SKM":26.52,"DIS_AV_CMS":0.006,"ORD_STRA":1,"ORD_FLOW":9},"geometry":{"type":"LineString","coordinates":[[36.9416666666657,26.43541666666642],[36.9354166666657,26.43541666666642],[36.93124999999904,26.43124999999977],[36.92291666666574,26.43124999999977],[36.91458333333233,26.439583333333083],[36.91041666666567,26.439583333333083],[36.906249999999005,26.44374999999979],[36.89791666666571,26.44374999999979],[36.893749999999045,26.447916666666437],[36.893749999999045,26.4520833333331],[36.88958333333238,26.456249999999805],[36.88958333333238,26.460416666666454]]}},{"type":"Feature","properties":{"HYRIV_ID":20841480,"NEXT_DOWN":20841434,"MAIN_RIV":20848032,"LENGTH_KM":17.629999,"CATCH_SKM":66.120003,"DIS_AV_CMS":0.114,"ORD_STRA":2,"ORD_FLOW":7},"geometry":{"type":"LineString","coordinates":[[37.468749999999005,26.439583333333083],[37.47291666666567,26.44374999999979],[37.4770833333323,26.439583333333083],[37.4979166666657,26.439583333333083],[37.50208333333234,26.43541666666642],[37.52708333333237,26.43541666666642],[37.531249999999034,26.43124999999977],[37.54374999999902,26.43124999999977],[37.547916666665685,26.43541666666642],[37.55208333333235,26.43124999999977],[37.55624999999898,26.43124999999977],[37.56041666666573,26.43541666666642],[37.56458333333239,26.43541666666642],[37.568749999999056,26.439583333333083],[37.57291666666572,26.439583333333083],[37.57708333333238,26.44374999999979],[37.58124999999902,26.44374999999979],[37.58541666666568,26.439583333333083],[37.61458333333238,26.439583333333083],[37.61874999999904,26.43541666666642],[37.6229166666657,26.43541666666642]]}},{"type":"Feature","properties":{"HYRIV_ID":20841481,"NEXT_DOWN":20841482,"MAIN_RIV":20848032,"LENGTH_KM":2.28,"CATCH_SKM":12.5,"DIS_AV_CMS":0.006,"ORD_STRA":1,"ORD_FLOW":9},"geometry":{"type":"LineString","coordinates":[[37.59583333333234,26.43124999999977],[37.61874999999904,26.43124999999977]]}},{"type":"Feature","properties":{"HYRIV_ID":20841482,"NEXT_DOWN":20841434,"MAIN_RIV":20848032,"LENGTH_KM":0.62,"CATCH_SKM":0.19,"DIS_AV_CMS":0.118,"ORD_STRA":2,"ORD_FLOW":7},"geometry":{"type":"LineString","coordinates":[[37.61874999999904,26.43124999999977],[37.6229166666657,26.43541666666642]]}},{"type":"Feature","properties":{"HYRIV_ID":20841483,"NEXT_DOWN":20841932,"MAIN_RIV":20848032,"LENGTH_KM":0.62,"CATCH_SKM":2.11,"DIS_AV_CMS":0.127,"ORD_STRA":2,"ORD_FLOW":7},"geometry":{"type":"LineString","coordinates":[[37.80208333333235,26.43541666666642],[37.80624999999901,26.43124999999977]]}},{"type":"Feature","properties":{"HYRIV_ID":20841484,"NEXT_DOWN":20841932,"MAIN_RIV":20848032,"LENGTH_KM":0.62,"CATCH_SKM":10.76,"DIS_AV_CMS":0.006,"ORD_STRA":1,"ORD_FLOW":9},"geometry":{"type":"LineString","coordinates":[[37.812499999999005,26.43124999999977],[37.80624999999901,26.43124999999977]]}},{"type":"Feature","properties":{"HYRIV_ID":20841523,"NEXT_DOWN":20841390,"MAIN_RIV":20848032,"LENGTH_KM":7.7800002,"CATCH_SKM":42.869999,"DIS_AV_CMS":0.02,"ORD_STRA":1,"ORD_FLOW":8},"geometry":{"type":"LineString","coordinates":[[37.341666666665674,26.424999999999777],[37.34791666666564,26.43124999999977],[37.360416666665714,26.43124999999977],[37.36458333333238,26.43541666666642],[37.37708333333234,26.43541666666642],[37.381249999999,26.43124999999977],[37.40208333333237,26.4520833333331]]}},{"type":"Feature","properties":{"HYRIV_ID":20841634,"NEXT_DOWN":20841876,"MAIN_RIV":20847274,"LENGTH_KM":4.29,"CATCH_SKM":11.15,"DIS_AV_CMS":0.032,"ORD_STRA":2,"ORD_FLOW":8},"geometry":{"type":"LineString","coordinates":[[37.12708333333234,26.447916666666437],[37.122916666665674,26.44374999999979],[37.122916666665674,26.439583333333083],[37.11874999999901,26.43541666666642],[37.11458333333235,26.43541666666642],[37.110416666665685,26.43124999999977],[37.110416666665685,26.422916666666445],[37.10624999999905,26.418749999999797]]}},{"type":"Feature","properties":{"HYRIV_ID":20841635,"NEXT_DOWN":20841480,"MAIN_RIV":20848032,"LENGTH_KM":4.35,"CATCH_SKM":31.91,"DIS_AV_CMS":0.015,"ORD_STRA":1,"ORD_FLOW":8},"geometry":{"type":"LineString","coordinates":[[37.441666666665725,26.416666666666465],[37.452083333332354,26.42708333333311],[37.46458333333234,26.42708333333311],[37.468749999999005,26.43124999999977],[37.468749999999005,26.439583333333083]]}},{"type":"Feature","properties":{"HYRIV_ID":20841636,"NEXT_DOWN":20841482,"MAIN_RIV":20848032,"LENGTH_KM":1.55,"CATCH_SKM":3.46,"DIS_AV_CMS":0.112,"ORD_STRA":2,"ORD_FLOW":7},"geometry":{"type":"LineString","coordinates":[[37.61458333333238,26.418749999999797],[37.61874999999904,26.422916666666445],[37.61874999999904,26.43124999999977]]}},{"type":"Feature","properties":{"HYRIV_ID":20841692,"NEXT_DOWN":20841931,"MAIN_RIV":20843264,"LENGTH_KM":6.7800002,"CATCH_SKM":32.099998,"DIS_AV_CMS":0.01,"ORD_STRA":2,"ORD_FLOW":8},"geometry":{"type":"LineString","coordinates":[[36.656249999999005,26.460416666666454],[36.65208333333234,26.456249999999805],[36.65208333333234,26.4520833333331],[36.64374999999902,26.44374999999979],[36.64374999999902,26.439583333333083],[36.63541666666572,26.43124999999977],[36.631249999999056,26.43124999999977],[36.62291666666573,26.422916666666445],[36.62291666666573,26.418749999999797],[36.61874999999898,26.41458333333309]]}},{"type":"Feature","properties":{"HYRIV_ID":20841693,"NEXT_DOWN":20842049,"MAIN_RIV":20848032,"LENGTH_KM":9.7200003,"CATCH_SKM":37.860001,"DIS_AV_CMS":3.4579999,"ORD_STRA":5,"ORD_FLOW":6},"geometry":{"type":"LineString","coordinates":[[37.74374999999904,26.48541666666646],[37.7479166666657,26.481249999999797],[37.752083333332365,26.481249999999797],[37.76041666666569,26.47291666666643],[37.76041666666569,26.46874999999978],[37.764583333332325,26.464583333333117],[37.764583333332325,26.456249999999805],[37.76874999999899,26.4520833333331],[37.76874999999899,26.44374999999979],[37.77291666666565,26.439583333333083],[37.76874999999899,26.43541666666642],[37.76874999999899,26.43124999999977],[37.77291666666565,26.42708333333311],[37.77291666666565,26.422916666666445],[37.7770833333324,26.418749999999797],[37.7770833333324,26.41458333333309]]}},{"type":"Feature","properties":{"HYRIV_ID":20841744,"NEXT_DOWN":20842049,"MAIN_RIV":20848032,"LENGTH_KM":10.37,"CATCH_SKM":49.400002,"DIS_AV_CMS":0.29300001,"ORD_STRA":3,"ORD_FLOW":7},"geometry":{"type":"LineString","coordinates":[[37.70208333333238,26.447916666666437],[37.718749999999005,26.43124999999977],[37.72291666666575,26.43124999999977],[37.72708333333233,26.42708333333311],[37.731249999998994,26.42708333333311],[37.73541666666566,26.422916666666445],[37.73958333333229,26.422916666666445],[37.752083333332365,26.41041666666643],[37.75624999999903,26.41458333333309],[37.76041666666569,26.41041666666643],[37.764583333332325,26.41041666666643],[37.77291666666565,26.418749999999797],[37.7770833333324,26.41458333333309]]}},{"type":"Feature","properties":{"HYRIV_ID":20841783,"NEXT_DOWN":20841931,"MAIN_RIV":20843264,"LENGTH_KM":3.9400001,"CATCH_SKM":20.76,"DIS_AV_CMS":0.002,"ORD_STRA":1,"ORD_FLOW":9},"geometry":{"type":"LineString","coordinates":[[36.65416666666576,26.40624999999978],[36.63958333333238,26.40624999999978],[36.63541666666572,26.41041666666643],[36.62291666666573,26.41041666666643],[36.61874999999898,26.41458333333309]]}},{"type":"Feature","properties":{"HYRIV_ID":20841823,"NEXT_DOWN":20842046,"MAIN_RIV":20847274,"LENGTH_KM":12.01,"CATCH_SKM":64.949997,"DIS_AV_CMS":0.023,"ORD_STRA":1,"ORD_FLOW":8},"geometry":{"type":"LineString","coordinates":[[37.089583333332314,26.495833333333103],[37.089583333332314,26.48958333333311],[37.08541666666565,26.48541666666646],[37.08541666666565,26.481249999999797],[37.08124999999902,26.477083333333134],[37.08124999999902,26.47291666666643],[37.077083333332354,26.46874999999978],[37.077083333332354,26.464583333333117],[37.07291666666569,26.460416666666454],[37.07291666666569,26.447916666666437],[37.05624999999907,26.43124999999977],[37.05624999999907,26.422916666666445],[37.052083333332405,26.418749999999797],[37.052083333332405,26.41041666666643],[37.04791666666574,26.40624999999978],[37.04791666666574,26.402083333333117]]}},{"type":"Feature","properties":{"HYRIV_ID":20841875,"NEXT_DOWN":20842046,"MAIN_RIV":20847274,"LENGTH_KM":2.28,"CATCH_SKM":4.23,"DIS_AV_CMS":0.082,"ORD_STRA":3,"ORD_FLOW":8},"geometry":{"type":"LineString","coordinates":[[37.06874999999903,26.397916666666454],[37.05624999999907,26.397916666666454],[37.052083333332405,26.402083333333117],[37.04791666666574,26.402083333333117]]}},{"type":"Feature","properties":{"HYRIV_ID":20841876,"NEXT_DOWN":20841875,"MAIN_RIV":20847274,"LENGTH_KM":5.4400001,"CATCH_SKM":14.99,"DIS_AV_CMS":0.056,"ORD_STRA":2,"ORD_FLOW":8},"geometry":{"type":"LineString","coordinates":[[37.10624999999905,26.418749999999797],[37.10208333333239,26.41458333333309],[37.097916666665725,26.41458333333309],[37.09374999999906,26.418749999999797],[37.08541666666565,26.418749999999797],[37.08124999999902,26.41458333333309],[37.08124999999902,26.41041666666643],[37.06874999999903,26.397916666666454]]}},{"type":"Feature","properties":{"HYRIV_ID":20841877,"NEXT_DOWN":20841636,"MAIN_RIV":20848032,"LENGTH_KM":4.04,"CATCH_SKM":9.04,"DIS_AV_CMS":0.094,"ORD_STRA":2,"ORD_FLOW":8},"geometry":{"type":"LineString","coordinates":[[37.593749999999005,26.397916666666454],[37.606249999998965,26.41041666666643],[37.606249999998965,26.418749999999797],[37.61041666666563,26.422916666666445],[37.61458333333238,26.418749999999797]]}},{"type":"Feature","properties":{"HYRIV_ID":20841878,"NEXT_DOWN":20842051,"MAIN_RIV":20848032,"LENGTH_KM":16.91,"CATCH_SKM":79.360001,"DIS_AV_CMS":0.043,"ORD_STRA":1,"ORD_FLOW":8},"geometry":{"type":"LineString","coordinates":[[37.90833333333239,26.51666666666643],[37.92708333333235,26.497916666666477],[37.92708333333235,26.49374999999977],[37.935416666665674,26.48541666666646],[37.935416666665674,26.46874999999978],[37.93958333333234,26.464583333333117],[37.93958333333234,26.4520833333331],[37.943749999999,26.447916666666437],[37.943749999999,26.44374999999979],[37.956249999999045,26.43124999999977],[37.956249999999045,26.42708333333311],[37.96041666666571,26.422916666666445],[37.968749999999034,26.422916666666445],[37.97291666666567,26.418749999999797],[37.97291666666567,26.41458333333309],[37.97708333333233,26.41041666666643],[37.97708333333233,26.402083333333117],[37.981249999998994,26.397916666666454],[37.98541666666566,26.397916666666454]]}},{"type":"Feature","properties":{"HYRIV_ID":20841879,"NEXT_DOWN":20842051,"MAIN_RIV":20848032,"LENGTH_KM":4.2,"CATCH_SKM":21.719999,"DIS_AV_CMS":3.4630001,"ORD_STRA":5,"ORD_FLOW":6},"geometry":{"type":"LineString","coordinates":[[38.014583333332354,26.418749999999797],[38.002083333332365,26.40624999999978],[37.98958333333232,26.40624999999978],[37.98541666666566,26.402083333333117],[37.98541666666566,26.397916666666454]]}},{"type":"Feature","properties":{"HYRIV_ID":20841930,"NEXT_DOWN":20842087,"MAIN_RIV":20843264,"LENGTH_KM":5.12,"CATCH_SKM":29.02,"DIS_AV_CMS":0.003,"ORD_STRA":1,"ORD_FLOW":9},"geometry":{"type":"LineString","coordinates":[[36.5916666666657,26.433333333333103],[36.585416666665736,26.42708333333311],[36.585416666665736,26.41458333333309],[36.58124999999907,26.41041666666643],[36.58124999999907,26.402083333333117],[36.57708333333241,26.397916666666454],[36.58124999999907,26.393749999999805]]}},{"type":"Feature","properties":{"HYRIV_ID":20841931,"NEXT_DOWN":20842087,"MAIN_RIV":20843264,"LENGTH_KM":4.77,"CATCH_SKM":15.96,"DIS_AV_CMS":0.014,"ORD_STRA":2,"ORD_FLOW":8},"geometry":{"type":"LineString","coordinates":[[36.61874999999898,26.41458333333309],[36.61458333333235,26.41458333333309],[36.610416666665685,26.41041666666643],[36.60208333333236,26.41041666666643],[36.585416666665736,26.393749999999805],[36.58124999999907,26.393749999999805]]}},{"type":"Feature","properties":{"HYRIV_ID":20841932,"NEXT_DOWN":20842218,"MAIN_RIV":20848032,"LENGTH_KM":6.9400001,"CATCH_SKM":31.33,"DIS_AV_CMS":0.149,"ORD_STRA":2,"ORD_FLOW":7},"geometry":{"type":"LineString","coordinates":[[37.80624999999901,26.43124999999977],[37.810416666665674,26.42708333333311],[37.81458333333234,26.42708333333311],[37.82291666666572,26.418749999999797],[37.82708333333238,26.418749999999797],[37.83958333333237,26.40624999999978],[37.84791666666567,26.40624999999978],[37.85208333333233,26.402083333333117],[37.85208333333233,26.393749999999805]]}},{"type":"Feature","properties":{"HYRIV_ID":20842000,"NEXT_DOWN":20842216,"MAIN_RIV":20845381,"LENGTH_KM":3.6300001,"CATCH_SKM":17.879999,"DIS_AV_CMS":0.003,"ORD_STRA":1,"ORD_FLOW":9},"geometry":{"type":"LineString","coordinates":[[36.85624999999902,26.420833333333114],[36.85624999999902,26.41458333333309],[36.85208333333236,26.41041666666643],[36.85208333333236,26.389583333333142]]}},{"type":"Feature","properties":{"HYRIV_ID":20842001,"NEXT_DOWN":20842216,"MAIN_RIV":20845381,"LENGTH_KM":3.9400001,"CATCH_SKM":32.689999,"DIS_AV_CMS":0.006,"ORD_STRA":1,"ORD_FLOW":9},"geometry":{"type":"LineString","coordinates":[[36.88749999999905,26.389583333333142],[36.87708333333231,26.389583333333142],[36.872916666665674,26.393749999999805],[36.860416666665685,26.393749999999805],[36.85624999999902,26.389583333333142],[36.85208333333236,26.389583333333142]]}},{"type":"Feature","properties":{"HYRIV_ID":20842002,"NEXT_DOWN":20841876,"MAIN_RIV":20847274,"LENGTH_KM":8.9200001,"CATCH_SKM":46.529999,"DIS_AV_CMS":0.018,"ORD_STRA":1,"ORD_FLOW":8},"geometry":{"type":"LineString","coordinates":[[37.179166666665736,26.393749999999805],[37.17291666666574,26.393749999999805],[37.168749999998994,26.389583333333142],[37.16458333333233,26.389583333333142],[37.15208333333237,26.402083333333117],[37.13958333333238,26.402083333333117],[37.13541666666566,26.40624999999978],[37.122916666665674,26.40624999999978],[37.110416666665685,26.418749999999797],[37.10624999999905,26.418749999999797]]}},{"type":"Feature","properties":{"HYRIV_ID":20842045,"NEXT_DOWN":20842310,"MAIN_RIV":20845381,"LENGTH_KM":9.4,"CATCH_SKM":32.490002,"DIS_AV_CMS":0.181,"ORD_STRA":3,"ORD_FLOW":7},"geometry":{"type":"LineString","coordinates":[[36.83124999999907,26.456249999999805],[36.827083333332325,26.4520833333331],[36.827083333332325,26.422916666666445],[36.8104166666657,26.40624999999978],[36.80624999999904,26.40624999999978],[36.80624999999904,26.402083333333117],[36.8104166666657,26.397916666666454],[36.8104166666657,26.389583333333142],[36.814583333332365,26.385416666666437]]}},{"type":"Feature","properties":{"HYRIV_ID":20842046,"NEXT_DOWN":20842744,"MAIN_RIV":20847274,"LENGTH_KM":2.49,"CATCH_SKM":4.23,"DIS_AV_CMS":0.106,"ORD_STRA":3,"ORD_FLOW":7},"geometry":{"type":"LineString","coordinates":[[37.04791666666574,26.402083333333117],[37.031249999999034,26.385416666666437]]}},{"type":"Feature","properties":{"HYRIV_ID":20842047,"NEXT_DOWN":20842048,"MAIN_RIV":20848032,"LENGTH_KM":5.39,"CATCH_SKM":23.65,"DIS_AV_CMS":0.011,"ORD_STRA":1,"ORD_FLOW":8},"geometry":{"type":"LineString","coordinates":[[37.51666666666566,26.397916666666454],[37.531249999999034,26.397916666666454],[37.53958333333236,26.389583333333142],[37.56041666666573,26.389583333333142],[37.56458333333239,26.385416666666437]]}},{"type":"Feature","properties":{"HYRIV_ID":20842048,"NEXT_DOWN":20841877,"MAIN_RIV":20848032,"LENGTH_KM":3.53,"CATCH_SKM":10.38,"DIS_AV_CMS":0.068,"ORD_STRA":2,"ORD_FLOW":8},"geometry":{"type":"LineString","coordinates":[[37.56458333333239,26.385416666666437],[37.57708333333238,26.385416666666437],[37.58958333333234,26.397916666666454],[37.593749999999005,26.397916666666454]]}},{"type":"Feature","properties":{"HYRIV_ID":20842049,"NEXT_DOWN":20842050,"MAIN_RIV":20848032,"LENGTH_KM":6.1100001,"CATCH_SKM":27.110001,"DIS_AV_CMS":3.7650001,"ORD_STRA":5,"ORD_FLOW":6},"geometry":{"type":"LineString","coordinates":[[37.7770833333324,26.41458333333309],[37.7770833333324,26.41041666666643],[37.78124999999906,26.40624999999978],[37.78124999999906,26.402083333333117],[37.78958333333236,26.393749999999805],[37.80208333333235,26.393749999999805],[37.810416666665674,26.385416666666437],[37.81874999999897,26.385416666666437]]}},{"type":"Feature","properties":{"HYRIV_ID":20842050,"NEXT_DOWN":20842218,"MAIN_RIV":20848032,"LENGTH_KM":4.1500001,"CATCH_SKM":7.8800001,"DIS_AV_CMS":3.902,"ORD_STRA":5,"ORD_FLOW":6},"geometry":{"type":"LineString","coordinates":[[37.81874999999897,26.385416666666437],[37.82291666666572,26.389583333333142],[37.831249999999045,26.389583333333142],[37.83541666666571,26.393749999999805],[37.83958333333237,26.393749999999805],[37.843749999999005,26.389583333333142],[37.84791666666567,26.393749999999805],[37.85208333333233,26.393749999999805]]}},{"type":"Feature","properties":{"HYRIV_ID":20842051,"NEXT_DOWN":20842464,"MAIN_RIV":20848032,"LENGTH_KM":1.71,"CATCH_SKM":2.5,"DIS_AV_CMS":3.507,"ORD_STRA":5,"ORD_FLOW":6},"geometry":{"type":"LineString","coordinates":[[37.98541666666566,26.397916666666454],[37.98541666666566,26.393749999999805],[37.98958333333232,26.389583333333142],[37.98541666666566,26.385416666666437]]}},{"type":"Feature","properties":{"HYRIV_ID":20842086,"NEXT_DOWN":20842211,"MAIN_RIV":20842208,"LENGTH_KM":1.16,"CATCH_SKM":11.73,"DIS_AV_CMS":0.002,"ORD_STRA":1,"ORD_FLOW":9},"geometry":{"type":"LineString","coordinates":[[36.468749999999034,26.391666666666474],[36.468749999999034,26.38124999999979]]}},{"type":"Feature","properties":{"HYRIV_ID":20842087,"NEXT_DOWN":20843159,"MAIN_RIV":20843264,"LENGTH_KM":1.71,"CATCH_SKM":2.12,"DIS_AV_CMS":0.017,"ORD_STRA":2,"ORD_FLOW":8},"geometry":{"type":"LineString","coordinates":[[36.58124999999907,26.393749999999805],[36.57708333333241,26.389583333333142],[36.57708333333241,26.385416666666437],[36.57291666666575,26.38124999999979]]}},{"type":"Feature","properties":{"HYRIV_ID":20842088,"NEXT_DOWN":20842313,"MAIN_RIV":20847274,"LENGTH_KM":2.87,"CATCH_SKM":14.42,"DIS_AV_CMS":0.004,"ORD_STRA":1,"ORD_FLOW":9},"geometry":{"type":"LineString","coordinates":[[36.972916666665725,26.40416666666645],[36.972916666665725,26.397916666666454],[36.98124999999902,26.389583333333142],[36.98124999999902,26.38124999999979]]}},{"type":"Feature","properties":{"HYRIV_ID":20842089,"NEXT_DOWN":20842313,"MAIN_RIV":20847274,"LENGTH_KM":12.59,"CATCH_SKM":65.540001,"DIS_AV_CMS":0.019,"ORD_STRA":1,"ORD_FLOW":8},"geometry":{"type":"LineString","coordinates":[[37.02708333333237,26.46666666666645],[37.02708333333237,26.456249999999805],[37.02291666666571,26.4520833333331],[37.01458333333238,26.4520833333331],[37.01041666666572,26.447916666666437],[37.01041666666572,26.43541666666642],[37.006249999999056,26.43124999999977],[37.006249999999056,26.422916666666445],[36.997916666665674,26.41458333333309],[37.00208333333234,26.41041666666643],[36.99374999999901,26.402083333333117],[36.99374999999901,26.385416666666437],[36.98958333333235,26.38124999999979],[36.98124999999902,26.38124999999979]]}},{"type":"Feature","properties":{"HYRIV_ID":20842090,"NEXT_DOWN":20841875,"MAIN_RIV":20847274,"LENGTH_KM":2.9,"CATCH_SKM":6.35,"DIS_AV_CMS":0.025,"ORD_STRA":2,"ORD_FLOW":8},"geometry":{"type":"LineString","coordinates":[[37.089583333332314,26.38124999999979],[37.07291666666569,26.397916666666454],[37.06874999999903,26.397916666666454]]}},{"type":"Feature","properties":{"HYRIV_ID":20842091,"NEXT_DOWN":20842464,"MAIN_RIV":20848032,"LENGTH_KM":1.04,"CATCH_SKM":2.6900001,"DIS_AV_CMS":0.019,"ORD_STRA":2,"ORD_FLOW":8},"geometry":{"type":"LineString","coordinates":[[37.99374999999898,26.38124999999979],[37.98958333333232,26.385416666666437],[37.98541666666566,26.385416666666437]]}},{"type":"Feature","properties":{"HYRIV_ID":20842092,"NEXT_DOWN":20842091,"MAIN_RIV":20848032,"LENGTH_KM":4.3600001,"CATCH_SKM":19.040001,"DIS_AV_CMS":0.011,"ORD_STRA":1,"ORD_FLOW":8},"geometry":{"type":"LineString","coordinates":[[38.029166666665645,26.389583333333142],[38.02291666666568,26.389583333333142],[38.01874999999902,26.385416666666437],[38.014583333332354,26.385416666666437],[38.01041666666569,26.38124999999979],[38.00624999999903,26.385416666666437],[38.002083333332365,26.38124999999979],[37.99374999999898,26.38124999999979]]}},{"type":"Feature","properties":{"HYRIV_ID":20842148,"NEXT_DOWN":20842211,"MAIN_RIV":20842208,"LENGTH_KM":6.33,"CATCH_SKM":33.07,"DIS_AV_CMS":0.004,"ORD_STRA":1,"ORD_FLOW":9},"geometry":{"type":"LineString","coordinates":[[36.52083333333235,26.395833333333123],[36.51041666666569,26.385416666666437],[36.49791666666573,26.385416666666437],[36.49374999999907,26.38124999999979],[36.48958333333232,26.38124999999979],[36.48541666666566,26.377083333333125],[36.48124999999902,26.38124999999979],[36.468749999999034,26.38124999999979]]}},{"type":"Feature","properties":{"HYRIV_ID":20842149,"NEXT_DOWN":20842513,"MAIN_RIV":20848032,"LENGTH_KM":2.8,"CATCH_SKM":17.309999,"DIS_AV_CMS":0.008,"ORD_STRA":1,"ORD_FLOW":9},"geometry":{"type":"LineString","coordinates":[[37.704166666665714,26.38749999999977],[37.71041666666568,26.38124999999979],[37.72291666666575,26.38124999999979],[37.72708333333233,26.377083333333125]]}},{"type":"Feature","properties":{"HYRIV_ID":20842208,"NEXT_DOWN":0,"MAIN_RIV":20842208,"LENGTH_KM":0.83,"CATCH_SKM":0.96,"DIS_AV_CMS":0.065,"ORD_STRA":3,"ORD_FLOW":8},"geometry":{"type":"LineString","coordinates":[[36.37291666666573,26.372916666666463],[36.364583333332405,26.372916666666463]]}},{"type":"Feature","properties":{"HYRIV_ID":20842209,"NEXT_DOWN":20842208,"MAIN_RIV":20842208,"LENGTH_KM":12.53,"CATCH_SKM":47.860001,"DIS_AV_CMS":0.051,"ORD_STRA":3,"ORD_FLOW":8},"geometry":{"type":"LineString","coordinates":[[36.44791666666575,26.44374999999979],[36.443749999999085,26.439583333333083],[36.42708333333238,26.439583333333083],[36.422916666665714,26.43541666666642],[36.41874999999905,26.43541666666642],[36.41458333333239,26.43124999999977],[36.410416666665725,26.43124999999977],[36.39791666666568,26.418749999999797],[36.39791666666568,26.40624999999978],[36.39374999999902,26.402083333333117],[36.39374999999902,26.393749999999805],[36.389583333332354,26.389583333333142],[36.38541666666569,26.389583333333142],[36.37708333333239,26.38124999999979],[36.37708333333239,26.377083333333125],[36.37291666666573,26.372916666666463]]}},{"type":"Feature","properties":{"HYRIV_ID":20842210,"NEXT_DOWN":20842208,"MAIN_RIV":20842208,"LENGTH_KM":0.83,"CATCH_SKM":0.96,"DIS_AV_CMS":0.013,"ORD_STRA":2,"ORD_FLOW":8},"geometry":{"type":"LineString","coordinates":[[36.38124999999903,26.372916666666463],[36.37291666666573,26.372916666666463]]}},{"type":"Feature","properties":{"HYRIV_ID":20842211,"NEXT_DOWN":20842210,"MAIN_RIV":20842208,"LENGTH_KM":10.37,"CATCH_SKM":33.84,"DIS_AV_CMS":0.011,"ORD_STRA":2,"ORD_FLOW":8},"geometry":{"type":"LineString","coordinates":[[36.468749999999034,26.38124999999979],[36.435416666665674,26.38124999999979],[36.43124999999904,26.377083333333125],[36.422916666665714,26.385416666666437],[36.41874999999905,26.385416666666437],[36.41458333333239,26.389583333333142],[36.406249999999005,26.389583333333142],[36.39374999999902,26.377083333333125],[36.38541666666569,26.377083333333125],[36.38124999999903,26.372916666666463]]}},{"type":"Feature","properties":{"HYRIV_ID":20842212,"NEXT_DOWN":20843159,"MAIN_RIV":20843264,"LENGTH_KM":2.3800001,"CATCH_SKM":19.23,"DIS_AV_CMS":0.002,"ORD_STRA":1,"ORD_FLOW":9},"geometry":{"type":"LineString","coordinates":[[36.5916666666657,26.37083333333309],[36.585416666665736,26.377083333333125],[36.58124999999907,26.377083333333125],[36.57708333333241,26.38124999999979],[36.57291666666575,26.38124999999979]]}},{"type":"Feature","properties":{"HYRIV_ID":20842213,"NEXT_DOWN":20842309,"MAIN_RIV":20845381,"LENGTH_KM":6.85,"CATCH_SKM":27.110001,"DIS_AV_CMS":0.004,"ORD_STRA":1,"ORD_FLOW":9},"geometry":{"type":"LineString","coordinates":[[36.74374999999901,26.420833333333114],[36.74374999999901,26.41458333333309],[36.756249999999056,26.402083333333117],[36.76041666666572,26.402083333333117],[36.76041666666572,26.397916666666454],[36.76458333333238,26.393749999999805],[36.76458333333238,26.389583333333142],[36.768749999999045,26.385416666666437],[36.768749999999045,26.38124999999979],[36.77708333333234,26.372916666666463]]}},{"type":"Feature","properties":{"HYRIV_ID":20842214,"NEXT_DOWN":20842309,"MAIN_RIV":20845381,"LENGTH_KM":10.14,"CATCH_SKM":37.669998,"DIS_AV_CMS":0.005,"ORD_STRA":1,"ORD_FLOW":9},"geometry":{"type":"LineString","coordinates":[[36.797916666665714,26.45416666666643],[36.797916666665714,26.447916666666437],[36.79374999999908,26.44374999999979],[36.79374999999908,26.439583333333083],[36.789583333332416,26.43541666666642],[36.789583333332416,26.42708333333311],[36.78541666666575,26.422916666666445],[36.78541666666575,26.418749999999797],[36.78124999999909,26.41458333333309],[36.78124999999909,26.389583333333142],[36.78541666666575,26.385416666666437],[36.78541666666575,26.38124999999979],[36.77708333333234,26.372916666666463]]}},{"type":"Feature","properties":{"HYRIV_ID":20842215,"NEXT_DOWN":20842310,"MAIN_RIV":20845381,"LENGTH_KM":3.53,"CATCH_SKM":8.2700005,"DIS_AV_CMS":0.022,"ORD_STRA":3,"ORD_FLOW":8},"geometry":{"type":"LineString","coordinates":[[36.84374999999906,26.372916666666463],[36.8395833333324,26.372916666666463],[36.835416666665736,26.377083333333125],[36.83124999999907,26.377083333333125],[36.827083333332325,26.38124999999979],[36.82291666666569,26.38124999999979],[36.81874999999903,26.385416666666437],[36.814583333332365,26.385416666666437]]}},{"type":"Feature","properties":{"HYRIV_ID":20842216,"NEXT_DOWN":20842215,"MAIN_RIV":20845381,"LENGTH_KM":2.4300001,"CATCH_SKM":4.62,"DIS_AV_CMS":0.01,"ORD_STRA":2,"ORD_FLOW":8},"geometry":{"type":"LineString","coordinates":[[36.85208333333236,26.389583333333142],[36.847916666665725,26.385416666666437],[36.847916666665725,26.372916666666463],[36.84374999999906,26.372916666666463]]}},{"type":"Feature","properties":{"HYRIV_ID":20842217,"NEXT_DOWN":20842314,"MAIN_RIV":20848032,"LENGTH_KM":13.79,"CATCH_SKM":66.540001,"DIS_AV_CMS":0.03,"ORD_STRA":1,"ORD_FLOW":8},"geometry":{"type":"LineString","coordinates":[[37.39166666666574,26.395833333333123],[37.40208333333237,26.385416666666437],[37.41458333333236,26.385416666666437],[37.41874999999902,26.38124999999979],[37.422916666665685,26.38124999999979],[37.42708333333232,26.385416666666437],[37.43541666666573,26.385416666666437],[37.43958333333239,26.38124999999979],[37.46041666666568,26.38124999999979],[37.46458333333234,26.385416666666437],[37.47291666666567,26.385416666666437],[37.4770833333323,26.38124999999979],[37.48124999999905,26.385416666666437],[37.48958333333238,26.377083333333125],[37.50208333333234,26.377083333333125],[37.506249999999,26.372916666666463]]}},{"type":"Feature","properties":{"HYRIV_ID":20842218,"NEXT_DOWN":20842254,"MAIN_RIV":20848032,"LENGTH_KM":2.79,"CATCH_SKM":9.2299995,"DIS_AV_CMS":4.0560002,"ORD_STRA":5,"ORD_FLOW":6},"geometry":{"type":"LineString","coordinates":[[37.85208333333233,26.393749999999805],[37.856249999998994,26.389583333333142],[37.856249999998994,26.385416666666437],[37.86041666666566,26.38124999999979],[37.86041666666566,26.377083333333125],[37.864583333332405,26.372916666666463]]}},{"type":"Feature","properties":{"HYRIV_ID":20842219,"NEXT_DOWN":20842254,"MAIN_RIV":20848032,"LENGTH_KM":7.87,"CATCH_SKM":41.709999,"DIS_AV_CMS":0.022,"ORD_STRA":1,"ORD_FLOW":8},"geometry":{"type":"LineString","coordinates":[[37.90416666666573,26.424999999999777],[37.89374999999899,26.41458333333309],[37.89791666666565,26.41041666666643],[37.89791666666565,26.40624999999978],[37.89374999999899,26.402083333333117],[37.889583333332354,26.402083333333117],[37.877083333332365,26.389583333333142],[37.877083333332365,26.385416666666437],[37.864583333332405,26.372916666666463]]}},{"type":"Feature","properties":{"HYRIV_ID":20842220,"NEXT_DOWN":20842091,"MAIN_RIV":20848032,"LENGTH_KM":1.55,"CATCH_SKM":13.46,"DIS_AV_CMS":0.007,"ORD_STRA":1,"ORD_FLOW":9},"geometry":{"type":"LineString","coordinates":[[38.0041666666657,26.37083333333309],[37.99374999999898,26.38124999999979]]}},{"type":"Feature","properties":{"HYRIV_ID":20842254,"NEXT_DOWN":20842462,"MAIN_RIV":20848032,"LENGTH_KM":0.46,"CATCH_SKM":1.35,"DIS_AV_CMS":4.0780001,"ORD_STRA":5,"ORD_FLOW":6},"geometry":{"type":"LineString","coordinates":[[37.864583333332405,26.372916666666463],[37.864583333332405,26.368749999999757]]}},{"type":"Feature","properties":{"HYRIV_ID":20842255,"NEXT_DOWN":20842462,"MAIN_RIV":20848032,"LENGTH_KM":2.08,"CATCH_SKM":14.23,"DIS_AV_CMS":0.007,"ORD_STRA":1,"ORD_FLOW":9},"geometry":{"type":"LineString","coordinates":[[37.88333333333236,26.372916666666463],[37.877083333332365,26.372916666666463],[37.8729166666657,26.368749999999757],[37.864583333332405,26.368749999999757]]}},{"type":"Feature","properties":{"HYRIV_ID":20842308,"NEXT_DOWN":20842210,"MAIN_RIV":20842208,"LENGTH_KM":1.87,"CATCH_SKM":14.81,"DIS_AV_CMS":0.002,"ORD_STRA":1,"ORD_FLOW":9},"geometry":{"type":"LineString","coordinates":[[36.39583333333235,26.36458333333311],[36.389583333332354,26.36458333333311],[36.38124999999903,26.372916666666463]]}},{"type":"Feature","properties":{"HYRIV_ID":20842309,"NEXT_DOWN":20842633,"MAIN_RIV":20845381,"LENGTH_KM":1.08,"CATCH_SKM":1.15,"DIS_AV_CMS":0.009,"ORD_STRA":2,"ORD_FLOW":9},"geometry":{"type":"LineString","coordinates":[[36.77708333333234,26.372916666666463],[36.78124999999909,26.368749999999757],[36.78124999999909,26.36458333333311]]}},{"type":"Feature","properties":{"HYRIV_ID":20842310,"NEXT_DOWN":20842633,"MAIN_RIV":20845381,"LENGTH_KM":4.6100001,"CATCH_SKM":18.08,"DIS_AV_CMS":0.2,"ORD_STRA":4,"ORD_FLOW":7},"geometry":{"type":"LineString","coordinates":[[36.814583333332365,26.385416666666437],[36.8104166666657,26.38124999999979],[36.8104166666657,26.377083333333125],[36.80208333333238,26.368749999999757],[36.797916666665714,26.368749999999757],[36.79374999999908,26.36458333333311],[36.78124999999909,26.36458333333311]]}},{"type":"Feature","properties":{"HYRIV_ID":20842311,"NEXT_DOWN":20842215,"MAIN_RIV":20845381,"LENGTH_KM":1.24,"CATCH_SKM":2.31,"DIS_AV_CMS":0.01,"ORD_STRA":2,"ORD_FLOW":8},"geometry":{"type":"LineString","coordinates":[[36.85208333333236,26.36458333333311],[36.84374999999906,26.372916666666463]]}},{"type":"Feature","properties":{"HYRIV_ID":20842312,"NEXT_DOWN":20842743,"MAIN_RIV":20847274,"LENGTH_KM":3.8800001,"CATCH_SKM":29.030001,"DIS_AV_CMS":0.007,"ORD_STRA":1,"ORD_FLOW":9},"geometry":{"type":"LineString","coordinates":[[36.93333333333237,26.391666666666474],[36.939583333332365,26.385416666666437],[36.939583333332365,26.38124999999979],[36.95624999999899,26.36458333333311]]}},{"type":"Feature","properties":{"HYRIV_ID":20842313,"NEXT_DOWN":20842743,"MAIN_RIV":20847274,"LENGTH_KM":3.32,"CATCH_SKM":5.96,"DIS_AV_CMS":0.024,"ORD_STRA":2,"ORD_FLOW":8},"geometry":{"type":"LineString","coordinates":[[36.98124999999902,26.38124999999979],[36.96874999999906,26.368749999999757],[36.960416666665736,26.368749999999757],[36.95624999999899,26.36458333333311]]}},{"type":"Feature","properties":{"HYRIV_ID":20842314,"NEXT_DOWN":20842048,"MAIN_RIV":20848032,"LENGTH_KM":8.6,"CATCH_SKM":17.690001,"DIS_AV_CMS":0.052,"ORD_STRA":2,"ORD_FLOW":8},"geometry":{"type":"LineString","coordinates":[[37.506249999999,26.372916666666463],[37.51041666666566,26.372916666666463],[37.51458333333241,26.368749999999757],[37.51874999999899,26.372916666666463],[37.522916666665736,26.368749999999757],[37.52708333333237,26.372916666666463],[37.5354166666657,26.372916666666463],[37.53958333333236,26.368749999999757],[37.547916666665685,26.368749999999757],[37.55208333333235,26.36458333333311],[37.55624999999898,26.368749999999757],[37.55624999999898,26.377083333333125],[37.56458333333239,26.385416666666437]]}},{"type":"Feature","properties":{"HYRIV_ID":20842366,"NEXT_DOWN":20842744,"MAIN_RIV":20847274,"LENGTH_KM":4.87,"CATCH_SKM":23.27,"DIS_AV_CMS":0.007,"ORD_STRA":1,"ORD_FLOW":9},"geometry":{"type":"LineString","coordinates":[[37.062499999999034,26.360416666666445],[37.05624999999907,26.360416666666445],[37.04791666666574,26.368749999999757],[37.04791666666574,26.372916666666463],[37.04374999999908,26.377083333333125],[37.04374999999908,26.38124999999979],[37.039583333332416,26.38124999999979],[37.03541666666567,26.385416666666437],[37.031249999999034,26.385416666666437]]}},{"type":"Feature","properties":{"HYRIV_ID":20842367,"NEXT_DOWN":20842090,"MAIN_RIV":20847274,"LENGTH_KM":7.8800001,"CATCH_SKM":38.849998,"DIS_AV_CMS":0.014,"ORD_STRA":1,"ORD_FLOW":8},"geometry":{"type":"LineString","coordinates":[[37.1541666666657,26.360416666666445],[37.14791666666571,26.360416666666445],[37.143749999999045,26.36458333333311],[37.131249999999,26.36458333333311],[37.12708333333234,26.360416666666445],[37.11874999999901,26.368749999999757],[37.11458333333235,26.368749999999757],[37.10208333333239,26.38124999999979],[37.089583333332314,26.38124999999979]]}},{"type":"Feature","properties":{"HYRIV_ID":20842368,"NEXT_DOWN":20842314,"MAIN_RIV":20848032,"LENGTH_KM":4.4099998,"CATCH_SKM":28.08,"DIS_AV_CMS":0.013,"ORD_STRA":1,"ORD_FLOW":8},"geometry":{"type":"LineString","coordinates":[[37.47083333333234,26.360416666666445],[37.49374999999904,26.360416666666445],[37.49374999999904,26.36458333333311],[37.50208333333234,26.372916666666463],[37.506249999999,26.372916666666463]]}},{"type":"Feature","properties":{"HYRIV_ID":20842412,"NEXT_DOWN":20842513,"MAIN_RIV":20848032,"LENGTH_KM":7.8800001,"CATCH_SKM":46.549999,"DIS_AV_CMS":0.022,"ORD_STRA":1,"ORD_FLOW":8},"geometry":{"type":"LineString","coordinates":[[37.66249999999903,26.36458333333311],[37.66874999999902,26.36458333333311],[37.67708333333235,26.356249999999783],[37.70208333333238,26.356249999999783],[37.71041666666568,26.36458333333311],[37.71458333333234,26.36458333333311],[37.72708333333233,26.377083333333125]]}},{"type":"Feature","properties":{"HYRIV_ID":20842458,"NEXT_DOWN":20842311,"MAIN_RIV":20845381,"LENGTH_KM":7.4699998,"CATCH_SKM":37.509998,"DIS_AV_CMS":0.007,"ORD_STRA":1,"ORD_FLOW":9},"geometry":{"type":"LineString","coordinates":[[36.91666666666575,26.352083333333134],[36.906249999999005,26.352083333333134],[36.90208333333234,26.356249999999783],[36.88958333333238,26.356249999999783],[36.88541666666572,26.352083333333134],[36.88124999999897,26.356249999999783],[36.87708333333231,26.356249999999783],[36.872916666665674,26.360416666666445],[36.86874999999901,26.360416666666445],[36.86458333333235,26.36458333333311],[36.85208333333236,26.36458333333311]]}},{"type":"Feature","properties":{"HYRIV_ID":20842459,"NEXT_DOWN":20841877,"MAIN_RIV":20848032,"LENGTH_KM":9.58,"CATCH_SKM":47.900002,"DIS_AV_CMS":0.022,"ORD_STRA":1,"ORD_FLOW":8},"geometry":{"type":"LineString","coordinates":[[37.545833333332354,26.34999999999976],[37.55208333333235,26.356249999999783],[37.55624999999898,26.356249999999783],[37.56041666666573,26.360416666666445],[37.57708333333238,26.360416666666445],[37.58124999999902,26.36458333333311],[37.58541666666568,26.36458333333311],[37.58958333333234,26.368749999999757],[37.593749999999005,26.368749999999757],[37.60208333333233,26.377083333333125],[37.60208333333233,26.38124999999979],[37.59791666666567,26.385416666666437],[37.59791666666567,26.389583333333142],[37.593749999999005,26.393749999999805],[37.593749999999005,26.397916666666454]]}},{"type":"Feature","properties":{"HYRIV_ID":20842460,"NEXT_DOWN":20842050,"MAIN_RIV":20848032,"LENGTH_KM":5.0700002,"CATCH_SKM":9.2299995,"DIS_AV_CMS":0.133,"ORD_STRA":3,"ORD_FLOW":7},"geometry":{"type":"LineString","coordinates":[[37.797916666665685,26.352083333333134],[37.80624999999901,26.360416666666445],[37.810416666665674,26.360416666666445],[37.81458333333234,26.36458333333311],[37.81458333333234,26.368749999999757],[37.82291666666572,26.377083333333125],[37.82291666666572,26.38124999999979],[37.81874999999897,26.385416666666437]]}},{"type":"Feature","properties":{"HYRIV_ID":20842461,"NEXT_DOWN":20842679,"MAIN_RIV":20848032,"LENGTH_KM":1.04,"CATCH_SKM":13.66,"DIS_AV_CMS":0.007,"ORD_STRA":1,"ORD_FLOW":9},"geometry":{"type":"LineString","coordinates":[[37.858333333332325,26.352083333333134],[37.86874999999904,26.352083333333134]]}},{"type":"Feature","properties":{"HYRIV_ID":20842462,"NEXT_DOWN":20842679,"MAIN_RIV":20848032,"LENGTH_KM":2.01,"CATCH_SKM":5.3800001,"DIS_AV_CMS":4.0879998,"ORD_STRA":5,"ORD_FLOW":6},"geometry":{"type":"LineString","coordinates":[[37.864583333332405,26.368749999999757],[37.864583333332405,26.360416666666445],[37.86874999999904,26.356249999999783],[37.86874999999904,26.352083333333134]]}},{"type":"Feature","properties":{"HYRIV_ID":20842463,"NEXT_DOWN":20842792,"MAIN_RIV":20848032,"LENGTH_KM":1.87,"CATCH_SKM":19.43,"DIS_AV_CMS":0.01,"ORD_STRA":1,"ORD_FLOW":8},"geometry":{"type":"LineString","coordinates":[[37.949999999998965,26.352083333333134],[37.968749999999034,26.352083333333134]]}},{"type":"Feature","properties":{"HYRIV_ID":20842464,"NEXT_DOWN":20842792,"MAIN_RIV":20848032,"LENGTH_KM":4.3400002,"CATCH_SKM":16.540001,"DIS_AV_CMS":3.5350001,"ORD_STRA":5,"ORD_FLOW":6},"geometry":{"type":"LineString","coordinates":[[37.98541666666566,26.385416666666437],[37.98541666666566,26.38124999999979],[37.981249999998994,26.377083333333125],[37.981249999998994,26.372916666666463],[37.97291666666567,26.36458333333311],[37.97291666666567,26.360416666666445],[37.968749999999034,26.356249999999783],[37.968749999999034,26.352083333333134]]}},{"type":"Feature","properties":{"HYRIV_ID":20842511,"NEXT_DOWN":20842311,"MAIN_RIV":20845381,"LENGTH_KM":2.48,"CATCH_SKM":14.81,"DIS_AV_CMS":0.003,"ORD_STRA":1,"ORD_FLOW":9},"geometry":{"type":"LineString","coordinates":[[36.86249999999902,26.345833333333097],[36.85624999999902,26.352083333333134],[36.85624999999902,26.356249999999783],[36.85208333333236,26.360416666666445],[36.85208333333236,26.36458333333311]]}},{"type":"Feature","properties":{"HYRIV_ID":20842512,"NEXT_DOWN":20841636,"MAIN_RIV":20848032,"LENGTH_KM":9.1400003,"CATCH_SKM":34.43,"DIS_AV_CMS":0.016,"ORD_STRA":1,"ORD_FLOW":8},"geometry":{"type":"LineString","coordinates":[[37.62083333333237,26.345833333333097],[37.627083333332365,26.352083333333134],[37.627083333332365,26.368749999999757],[37.6229166666657,26.372916666666463],[37.6229166666657,26.377083333333125],[37.627083333332365,26.38124999999979],[37.627083333332365,26.393749999999805],[37.61874999999904,26.402083333333117],[37.61874999999904,26.40624999999978],[37.61458333333238,26.41041666666643],[37.61458333333238,26.418749999999797]]}},{"type":"Feature","properties":{"HYRIV_ID":20842513,"NEXT_DOWN":20842514,"MAIN_RIV":20848032,"LENGTH_KM":7.6700001,"CATCH_SKM":23.85,"DIS_AV_CMS":0.042,"ORD_STRA":2,"ORD_FLOW":8},"geometry":{"type":"LineString","coordinates":[[37.72708333333233,26.377083333333125],[37.73541666666566,26.377083333333125],[37.74374999999904,26.368749999999757],[37.76041666666569,26.368749999999757],[37.764583333332325,26.36458333333311],[37.76874999999899,26.36458333333311],[37.7770833333324,26.356249999999783],[37.78124999999906,26.356249999999783],[37.78958333333236,26.34791666666643]]}},{"type":"Feature","properties":{"HYRIV_ID":20842514,"NEXT_DOWN":20842460,"MAIN_RIV":20848032,"LENGTH_KM":1.04,"CATCH_SKM":3.08,"DIS_AV_CMS":0.122,"ORD_STRA":3,"ORD_FLOW":7},"geometry":{"type":"LineString","coordinates":[[37.78958333333236,26.34791666666643],[37.79374999999902,26.352083333333134],[37.797916666665685,26.352083333333134]]}},{"type":"Feature","properties":{"HYRIV_ID":20842515,"NEXT_DOWN":20842460,"MAIN_RIV":20848032,"LENGTH_KM":1.35,"CATCH_SKM":12.12,"DIS_AV_CMS":0.006,"ORD_STRA":1,"ORD_FLOW":9},"geometry":{"type":"LineString","coordinates":[[37.80833333333234,26.345833333333097],[37.80208333333235,26.352083333333134],[37.797916666665685,26.352083333333134]]}},{"type":"Feature","properties":{"HYRIV_ID":20842562,"NEXT_DOWN":20842090,"MAIN_RIV":20847274,"LENGTH_KM":5.9,"CATCH_SKM":24.24,"DIS_AV_CMS":0.009,"ORD_STRA":1,"ORD_FLOW":9},"geometry":{"type":"LineString","coordinates":[[37.124999999999005,26.343749999999766],[37.11874999999901,26.343749999999766],[37.10208333333239,26.360416666666445],[37.10208333333239,26.36458333333311],[37.09374999999906,26.372916666666463],[37.09374999999906,26.377083333333125],[37.089583333332314,26.38124999999979]]}},{"type":"Feature","properties":{"HYRIV_ID":20842598,"NEXT_DOWN":20842792,"MAIN_RIV":20848032,"LENGTH_KM":13.28,"CATCH_SKM":39.82,"DIS_AV_CMS":0.022,"ORD_STRA":1,"ORD_FLOW":8},"geometry":{"type":"LineString","coordinates":[[38.07916666666563,26.356249999999783],[38.07291666666566,26.356249999999783],[38.068749999999,26.352083333333134],[38.06458333333234,26.352083333333134],[38.060416666665674,26.34791666666643],[38.05624999999901,26.34791666666643],[38.05208333333235,26.343749999999766],[38.04374999999905,26.343749999999766],[38.03958333333239,26.339583333333117],[38.03124999999906,26.339583333333117],[38.027083333332314,26.343749999999766],[38.00624999999903,26.343749999999766],[38.002083333332365,26.34791666666643],[37.99791666666562,26.34791666666643],[37.99374999999898,26.343749999999766],[37.98958333333232,26.343749999999766],[37.98541666666566,26.339583333333117],[37.97291666666567,26.352083333333134],[37.968749999999034,26.352083333333134]]}},{"type":"Feature","properties":{"HYRIV_ID":20842632,"NEXT_DOWN":20842964,"MAIN_RIV":20845381,"LENGTH_KM":3.87,"CATCH_SKM":19.809999,"DIS_AV_CMS":0.002,"ORD_STRA":1,"ORD_FLOW":9},"geometry":{"type":"LineString","coordinates":[[36.733333333332354,26.36666666666644],[36.73958333333235,26.360416666666445],[36.73958333333235,26.339583333333117],[36.74374999999901,26.335416666666454]]}},{"type":"Feature","properties":{"HYRIV_ID":20842633,"NEXT_DOWN":20842964,"MAIN_RIV":20845381,"LENGTH_KM":5.4400001,"CATCH_SKM":16.16,"DIS_AV_CMS":0.206,"ORD_STRA":4,"ORD_FLOW":7},"geometry":{"type":"LineString","coordinates":[[36.78124999999909,26.36458333333311],[36.77291666666568,26.356249999999783],[36.77291666666568,26.352083333333134],[36.768749999999045,26.34791666666643],[36.76458333333238,26.34791666666643],[36.756249999999056,26.339583333333117],[36.747916666665645,26.339583333333117],[36.74374999999901,26.335416666666454]]}},{"type":"Feature","properties":{"HYRIV_ID":20842634,"NEXT_DOWN":20842678,"MAIN_RIV":20848032,"LENGTH_KM":8.9799995,"CATCH_SKM":46.529999,"DIS_AV_CMS":0.02,"ORD_STRA":1,"ORD_FLOW":8},"geometry":{"type":"LineString","coordinates":[[37.27499999999904,26.408333333333097],[37.2854166666657,26.397916666666454],[37.2854166666657,26.393749999999805],[37.28958333333236,26.389583333333142],[37.28958333333236,26.38124999999979],[37.2854166666657,26.377083333333125],[37.2854166666657,26.356249999999783],[37.281249999999034,26.352083333333134],[37.281249999999034,26.335416666666454]]}},{"type":"Feature","properties":{"HYRIV_ID":20842635,"NEXT_DOWN":20842678,"MAIN_RIV":20848032,"LENGTH_KM":6.5,"CATCH_SKM":35.580002,"DIS_AV_CMS":0.016,"ORD_STRA":1,"ORD_FLOW":8},"geometry":{"type":"LineString","coordinates":[[37.31458333333239,26.374999999999794],[37.31458333333239,26.368749999999757],[37.30624999999907,26.360416666666445],[37.31041666666573,26.356249999999783],[37.29791666666566,26.343749999999766],[37.28958333333236,26.343749999999766],[37.281249999999034,26.335416666666454]]}},{"type":"Feature","properties":{"HYRIV_ID":20842636,"NEXT_DOWN":20842514,"MAIN_RIV":20848032,"LENGTH_KM":3.9400001,"CATCH_SKM":9.8100004,"DIS_AV_CMS":0.078,"ORD_STRA":2,"ORD_FLOW":8},"geometry":{"type":"LineString","coordinates":[[37.75624999999903,26.335416666666454],[37.764583333332325,26.343749999999766],[37.77291666666565,26.343749999999766],[37.7770833333324,26.34791666666643],[37.78958333333236,26.34791666666643]]}},{"type":"Feature","properties":{"HYRIV_ID":20842676,"NEXT_DOWN":20843105,"MAIN_RIV":20848032,"LENGTH_KM":0.93,"CATCH_SKM":10.39,"DIS_AV_CMS":0.004,"ORD_STRA":1,"ORD_FLOW":9},"geometry":{"type":"LineString","coordinates":[[37.224999999999056,26.337499999999785],[37.23124999999905,26.33124999999979]]}},{"type":"Feature","properties":{"HYRIV_ID":20842677,"NEXT_DOWN":20843105,"MAIN_RIV":20848032,"LENGTH_KM":5.2600002,"CATCH_SKM":29.610001,"DIS_AV_CMS":0.012,"ORD_STRA":1,"ORD_FLOW":8},"geometry":{"type":"LineString","coordinates":[[37.23333333333238,26.374999999999794],[37.22708333333239,26.368749999999757],[37.22708333333239,26.356249999999783],[37.23124999999905,26.352083333333134],[37.23124999999905,26.33124999999979]]}},{"type":"Feature","properties":{"HYRIV_ID":20842678,"NEXT_DOWN":20843269,"MAIN_RIV":20848032,"LENGTH_KM":0.62,"CATCH_SKM":0.39,"DIS_AV_CMS":0.036,"ORD_STRA":2,"ORD_FLOW":8},"geometry":{"type":"LineString","coordinates":[[37.281249999999034,26.335416666666454],[37.27708333333237,26.33124999999979]]}},{"type":"Feature","properties":{"HYRIV_ID":20842679,"NEXT_DOWN":20842791,"MAIN_RIV":20848032,"LENGTH_KM":6.02,"CATCH_SKM":30.969999,"DIS_AV_CMS":4.1110001,"ORD_STRA":5,"ORD_FLOW":6},"geometry":{"type":"LineString","coordinates":[[37.86874999999904,26.352083333333134],[37.88541666666569,26.335416666666454],[37.89374999999899,26.335416666666454],[37.89791666666565,26.33124999999979],[37.91874999999902,26.33124999999979]]}},{"type":"Feature","properties":{"HYRIV_ID":20842743,"NEXT_DOWN":20843266,"MAIN_RIV":20847274,"LENGTH_KM":4.79,"CATCH_SKM":15.0,"DIS_AV_CMS":0.033,"ORD_STRA":2,"ORD_FLOW":8},"geometry":{"type":"LineString","coordinates":[[36.95624999999899,26.36458333333311],[36.95624999999899,26.352083333333134],[36.960416666665736,26.34791666666643],[36.960416666665736,26.322916666666437]]}},{"type":"Feature","properties":{"HYRIV_ID":20842744,"NEXT_DOWN":20843266,"MAIN_RIV":20847274,"LENGTH_KM":10.93,"CATCH_SKM":29.24,"DIS_AV_CMS":0.118,"ORD_STRA":3,"ORD_FLOW":7},"geometry":{"type":"LineString","coordinates":[[37.031249999999034,26.385416666666437],[37.02708333333237,26.38124999999979],[37.02291666666571,26.38124999999979],[37.018749999999045,26.377083333333125],[37.01458333333238,26.377083333333125],[36.98958333333235,26.352083333333134],[36.985416666665685,26.352083333333134],[36.97708333333239,26.343749999999766],[36.97708333333239,26.335416666666454],[36.972916666665725,26.33124999999979],[36.972916666665725,26.3270833333331],[36.96874999999906,26.322916666666437],[36.960416666665736,26.322916666666437]]}},{"type":"Feature","properties":{"HYRIV_ID":20842745,"NEXT_DOWN":20843269,"MAIN_RIV":20848032,"LENGTH_KM":9.3400002,"CATCH_SKM":51.560001,"DIS_AV_CMS":0.022,"ORD_STRA":1,"ORD_FLOW":8},"geometry":{"type":"LineString","coordinates":[[37.35416666666572,26.339583333333117],[37.343749999999005,26.339583333333117],[37.33958333333234,26.335416666666454],[37.33541666666568,26.339583333333117],[37.327083333332354,26.339583333333117],[37.32291666666569,26.335416666666454],[37.31041666666573,26.335416666666454],[37.30624999999907,26.33124999999979],[37.302083333332405,26.33124999999979],[37.293749999998994,26.322916666666437],[37.2854166666657,26.322916666666437],[37.27708333333237,26.33124999999979]]}},{"type":"Feature","properties":{"HYRIV_ID":20842746,"NEXT_DOWN":20842791,"MAIN_RIV":20848032,"LENGTH_KM":1.16,"CATCH_SKM":11.35,"DIS_AV_CMS":0.006,"ORD_STRA":1,"ORD_FLOW":9},"geometry":{"type":"LineString","coordinates":[[37.91874999999902,26.320833333333105],[37.91874999999902,26.33124999999979]]}},{"type":"Feature","properties":{"HYRIV_ID":20842791,"NEXT_DOWN":20843163,"MAIN_RIV":20848032,"LENGTH_KM":5.1900001,"CATCH_SKM":13.66,"DIS_AV_CMS":4.125,"ORD_STRA":5,"ORD_FLOW":6},"geometry":{"type":"LineString","coordinates":[[37.91874999999902,26.33124999999979],[37.947916666665634,26.33124999999979],[37.96041666666571,26.318749999999774],[37.96458333333237,26.318749999999774]]}},{"type":"Feature","properties":{"HYRIV_ID":20842792,"NEXT_DOWN":20843163,"MAIN_RIV":20848032,"LENGTH_KM":4.1799998,"CATCH_SKM":5.0,"DIS_AV_CMS":3.57,"ORD_STRA":5,"ORD_FLOW":6},"geometry":{"type":"LineString","coordinates":[[37.968749999999034,26.352083333333134],[37.968749999999034,26.34791666666643],[37.96458333333237,26.343749999999766],[37.96458333333237,26.335416666666454],[37.96041666666571,26.33124999999979],[37.96458333333237,26.3270833333331],[37.96458333333237,26.318749999999774]]}},{"type":"Feature","properties":{"HYRIV_ID":20842793,"NEXT_DOWN":20843163,"MAIN_RIV":20848032,"LENGTH_KM":6.79,"CATCH_SKM":21.549999,"DIS_AV_CMS":0.012,"ORD_STRA":1,"ORD_FLOW":8},"geometry":{"type":"LineString","coordinates":[[38.016666666665685,26.32499999999981],[38.01041666666569,26.33124999999979],[38.00624999999903,26.33124999999979],[38.002083333332365,26.3270833333331],[37.99791666666562,26.33124999999979],[37.97708333333233,26.33124999999979],[37.968749999999034,26.322916666666437],[37.968749999999034,26.318749999999774],[37.96458333333237,26.318749999999774]]}},{"type":"Feature","properties":{"HYRIV_ID":20842881,"NEXT_DOWN":20842636,"MAIN_RIV":20848032,"LENGTH_KM":5.39,"CATCH_SKM":18.66,"DIS_AV_CMS":0.057,"ORD_STRA":2,"ORD_FLOW":8},"geometry":{"type":"LineString","coordinates":[[37.71458333333234,26.31041666666642],[37.718749999999005,26.31041666666642],[37.72708333333233,26.318749999999774],[37.73541666666566,26.318749999999774],[37.752083333332365,26.335416666666454],[37.75624999999903,26.335416666666454]]}},{"type":"Feature","properties":{"HYRIV_ID":20842963,"NEXT_DOWN":20843100,"MAIN_RIV":20845381,"LENGTH_KM":4.0300002,"CATCH_SKM":24.049999,"DIS_AV_CMS":0.003,"ORD_STRA":1,"ORD_FLOW":9},"geometry":{"type":"LineString","coordinates":[[36.71249999999907,26.333333333333123],[36.718749999999034,26.3270833333331],[36.718749999999034,26.318749999999774],[36.7229166666657,26.314583333333125],[36.7229166666657,26.306249999999757],[36.72708333333236,26.30208333333311]]}},{"type":"Feature","properties":{"HYRIV_ID":20842964,"NEXT_DOWN":20843100,"MAIN_RIV":20845381,"LENGTH_KM":4.6599998,"CATCH_SKM":15.39,"DIS_AV_CMS":0.205,"ORD_STRA":4,"ORD_FLOW":7},"geometry":{"type":"LineString","coordinates":[[36.74374999999901,26.335416666666454],[36.747916666665645,26.33124999999979],[36.747916666665645,26.322916666666437],[36.72708333333236,26.30208333333311]]}},{"type":"Feature","properties":{"HYRIV_ID":20843005,"NEXT_DOWN":20843651,"MAIN_RIV":20848032,"LENGTH_KM":0.69,"CATCH_SKM":11.35,"DIS_AV_CMS":0.005,"ORD_STRA":1,"ORD_FLOW":9},"geometry":{"type":"LineString","coordinates":[[37.485416666665714,26.304166666666426],[37.485416666665714,26.297916666666445]]}},{"type":"Feature","properties":{"HYRIV_ID":20843054,"NEXT_DOWN":20843103,"MAIN_RIV":20847274,"LENGTH_KM":4.5100002,"CATCH_SKM":30.200001,"DIS_AV_CMS":0.009,"ORD_STRA":1,"ORD_FLOW":9},"geometry":{"type":"LineString","coordinates":[[37.054166666665736,26.32499999999981],[37.02708333333237,26.297916666666445],[37.02708333333237,26.293749999999783]]}},{"type":"Feature","properties":{"HYRIV_ID":20843055,"NEXT_DOWN":20843056,"MAIN_RIV":20848032,"LENGTH_KM":1.56,"CATCH_SKM":12.32,"DIS_AV_CMS":0.005,"ORD_STRA":1,"ORD_FLOW":9},"geometry":{"type":"LineString","coordinates":[[37.43749999999906,26.304166666666426],[37.44791666666572,26.293749999999783]]}},{"type":"Feature","properties":{"HYRIV_ID":20843056,"NEXT_DOWN":20843106,"MAIN_RIV":20848032,"LENGTH_KM":0.83,"CATCH_SKM":2.6900001,"DIS_AV_CMS":0.015,"ORD_STRA":2,"ORD_FLOW":8},"geometry":{"type":"LineString","coordinates":[[37.44791666666572,26.293749999999783],[37.45624999999902,26.293749999999783]]}},{"type":"Feature","properties":{"HYRIV_ID":20843057,"NEXT_DOWN":20843106,"MAIN_RIV":20848032,"LENGTH_KM":3.9400001,"CATCH_SKM":20.200001,"DIS_AV_CMS":0.009,"ORD_STRA":1,"ORD_FLOW":9},"geometry":{"type":"LineString","coordinates":[[37.4333333333324,26.316666666666443],[37.443749999999056,26.306249999999757],[37.452083333332354,26.306249999999757],[37.452083333332354,26.297916666666445],[37.45624999999902,26.293749999999783]]}},{"type":"Feature","properties":{"HYRIV_ID":20843058,"NEXT_DOWN":20843059,"MAIN_RIV":20848032,"LENGTH_KM":2.8,"CATCH_SKM":21.549999,"DIS_AV_CMS":0.01,"ORD_STRA":1,"ORD_FLOW":8},"geometry":{"type":"LineString","coordinates":[[37.60416666666566,26.304166666666426],[37.61041666666563,26.297916666666445],[37.6229166666657,26.297916666666445],[37.627083333332365,26.293749999999783]]}},{"type":"Feature","properties":{"HYRIV_ID":20843059,"NEXT_DOWN":20842881,"MAIN_RIV":20848032,"LENGTH_KM":9.96,"CATCH_SKM":41.759998,"DIS_AV_CMS":0.035,"ORD_STRA":2,"ORD_FLOW":8},"geometry":{"type":"LineString","coordinates":[[37.627083333332365,26.293749999999783],[37.63541666666566,26.293749999999783],[37.639583333332325,26.297916666666445],[37.64374999999907,26.297916666666445],[37.647916666665736,26.293749999999783],[37.65624999999906,26.30208333333311],[37.6604166666657,26.30208333333311],[37.66458333333236,26.306249999999757],[37.66874999999902,26.306249999999757],[37.672916666665685,26.31041666666642],[37.71458333333234,26.31041666666642]]}},{"type":"Feature","properties":{"HYRIV_ID":20843099,"NEXT_DOWN":20843605,"MAIN_RIV":20843888,"LENGTH_KM":8.9799995,"CATCH_SKM":47.509998,"DIS_AV_CMS":0.005,"ORD_STRA":1,"ORD_FLOW":9},"geometry":{"type":"LineString","coordinates":[[36.641666666665685,26.362499999999777],[36.631249999999056,26.352083333333134],[36.631249999999056,26.343749999999766],[36.62708333333239,26.339583333333117],[36.62708333333239,26.3270833333331],[36.62291666666573,26.322916666666437],[36.62291666666573,26.306249999999757],[36.61874999999898,26.30208333333311],[36.61874999999898,26.289583333333134]]}},{"type":"Feature","properties":{"HYRIV_ID":20843100,"NEXT_DOWN":20843607,"MAIN_RIV":20845381,"LENGTH_KM":1.55,"CATCH_SKM":2.8900001,"DIS_AV_CMS":0.207,"ORD_STRA":4,"ORD_FLOW":7},"geometry":{"type":"LineString","coordinates":[[36.72708333333236,26.30208333333311],[36.72708333333236,26.297916666666445],[36.73124999999902,26.293749999999783],[36.73124999999902,26.289583333333134]]}},{"type":"Feature","properties":{"HYRIV_ID":20843101,"NEXT_DOWN":20843607,"MAIN_RIV":20845381,"LENGTH_KM":12.52,"CATCH_SKM":51.18,"DIS_AV_CMS":0.007,"ORD_STRA":1,"ORD_FLOW":9},"geometry":{"type":"LineString","coordinates":[[36.82291666666569,26.32499999999981],[36.82291666666569,26.318749999999774],[36.80624999999904,26.30208333333311],[36.80208333333238,26.30208333333311],[36.797916666665714,26.297916666666445],[36.79374999999908,26.297916666666445],[36.789583333332416,26.293749999999783],[36.78541666666575,26.293749999999783],[36.78124999999909,26.289583333333134],[36.77708333333234,26.293749999999783],[36.768749999999045,26.293749999999783],[36.76041666666572,26.30208333333311],[36.747916666665645,26.30208333333311],[36.735416666665685,26.289583333333134],[36.73124999999902,26.289583333333134]]}},{"type":"Feature","properties":{"HYRIV_ID":20843102,"NEXT_DOWN":20843267,"MAIN_RIV":20847274,"LENGTH_KM":4.81,"CATCH_SKM":20.01,"DIS_AV_CMS":0.005,"ORD_STRA":1,"ORD_FLOW":9},"geometry":{"type":"LineString","coordinates":[[37.00833333333239,26.32499999999981],[36.997916666665674,26.314583333333125],[37.00208333333234,26.31041666666642],[37.00208333333234,26.30208333333311],[36.99374999999901,26.293749999999783],[36.99374999999901,26.289583333333134]]}},{"type":"Feature","properties":{"HYRIV_ID":20843103,"NEXT_DOWN":20843267,"MAIN_RIV":20847274,"LENGTH_KM":3.53,"CATCH_SKM":15.21,"DIS_AV_CMS":0.025,"ORD_STRA":2,"ORD_FLOW":8},"geometry":{"type":"LineString","coordinates":[[37.02708333333237,26.293749999999783],[37.01458333333238,26.293749999999783],[37.01041666666572,26.289583333333134],[36.99374999999901,26.289583333333134]]}},{"type":"Feature","properties":{"HYRIV_ID":20843104,"NEXT_DOWN":20843204,"MAIN_RIV":20848032,"LENGTH_KM":6.33,"CATCH_SKM":49.259998,"DIS_AV_CMS":0.019,"ORD_STRA":1,"ORD_FLOW":8},"geometry":{"type":"LineString","coordinates":[[37.179166666665736,26.299999999999777],[37.18541666666573,26.306249999999757],[37.20624999999902,26.306249999999757],[37.21458333333234,26.297916666666445],[37.21874999999898,26.297916666666445],[37.22708333333239,26.289583333333134],[37.23124999999905,26.289583333333134]]}},{"type":"Feature","properties":{"HYRIV_ID":20843105,"NEXT_DOWN":20843204,"MAIN_RIV":20848032,"LENGTH_KM":4.9499998,"CATCH_SKM":8.8500004,"DIS_AV_CMS":0.02,"ORD_STRA":2,"ORD_FLOW":8},"geometry":{"type":"LineString","coordinates":[[37.23124999999905,26.33124999999979],[37.23124999999905,26.314583333333125],[37.235416666665714,26.31041666666642],[37.235416666665714,26.293749999999783],[37.23124999999905,26.289583333333134]]}},{"type":"Feature","properties":{"HYRIV_ID":20843106,"NEXT_DOWN":20843651,"MAIN_RIV":20848032,"LENGTH_KM":3.53,"CATCH_SKM":5.77,"DIS_AV_CMS":0.027,"ORD_STRA":2,"ORD_FLOW":8},"geometry":{"type":"LineString","coordinates":[[37.45624999999902,26.293749999999783],[37.46041666666568,26.293749999999783],[37.46458333333234,26.289583333333134],[37.468749999999005,26.293749999999783],[37.47291666666567,26.293749999999783],[37.4770833333323,26.297916666666445],[37.485416666665714,26.297916666666445]]}},{"type":"Feature","properties":{"HYRIV_ID":20843107,"NEXT_DOWN":20843059,"MAIN_RIV":20848032,"LENGTH_KM":0.69,"CATCH_SKM":11.93,"DIS_AV_CMS":0.005,"ORD_STRA":1,"ORD_FLOW":9},"geometry":{"type":"LineString","coordinates":[[37.627083333332365,26.287499999999802],[37.627083333332365,26.293749999999783]]}},{"type":"Feature","properties":{"HYRIV_ID":20843108,"NEXT_DOWN":20843696,"MAIN_RIV":20848032,"LENGTH_KM":3.49,"CATCH_SKM":19.82,"DIS_AV_CMS":0.01,"ORD_STRA":1,"ORD_FLOW":8},"geometry":{"type":"LineString","coordinates":[[37.856249999998994,26.316666666666443],[37.856249999998994,26.31041666666642],[37.864583333332405,26.30208333333311],[37.864583333332405,26.297916666666445],[37.86041666666566,26.293749999999783],[37.86041666666566,26.289583333333134]]}},{"type":"Feature","properties":{"HYRIV_ID":20843158,"NEXT_DOWN":20843264,"MAIN_RIV":20843264,"LENGTH_KM":9.9399996,"CATCH_SKM":45.59,"DIS_AV_CMS":0.006,"ORD_STRA":1,"ORD_FLOW":9},"geometry":{"type":"LineString","coordinates":[[36.46249999999904,26.34999999999976],[36.45624999999907,26.343749999999766],[36.45624999999907,26.339583333333117],[36.44791666666575,26.33124999999979],[36.43958333333242,26.33124999999979],[36.42708333333238,26.318749999999774],[36.422916666665714,26.318749999999774],[36.422916666665714,26.306249999999757],[36.42708333333238,26.30208333333311],[36.422916666665714,26.297916666666445],[36.422916666665714,26.289583333333134],[36.42708333333238,26.28541666666647]]}},{"type":"Feature","properties":{"HYRIV_ID":20843159,"NEXT_DOWN":20843264,"MAIN_RIV":20843264,"LENGTH_KM":20.57,"CATCH_SKM":88.300003,"DIS_AV_CMS":0.032,"ORD_STRA":2,"ORD_FLOW":8},"geometry":{"type":"LineString","coordinates":[[36.57291666666575,26.38124999999979],[36.57291666666575,26.377083333333125],[36.568749999999,26.372916666666463],[36.56458333333234,26.372916666666463],[36.5604166666657,26.368749999999757],[36.5604166666657,26.360416666666445],[36.55208333333238,26.352083333333134],[36.53958333333239,26.352083333333134],[36.53541666666575,26.34791666666643],[36.52708333333234,26.34791666666643],[36.52291666666568,26.343749999999766],[36.51874999999902,26.343749999999766],[36.51041666666569,26.335416666666454],[36.50208333333239,26.335416666666454],[36.49791666666573,26.33124999999979],[36.49791666666573,26.322916666666437],[36.48541666666566,26.31041666666642],[36.4729166666657,26.31041666666642],[36.46458333333237,26.30208333333311],[36.45208333333241,26.30208333333311],[36.44791666666575,26.297916666666445],[36.443749999999085,26.297916666666445],[36.43958333333242,26.293749999999783],[36.435416666665674,26.293749999999783],[36.42708333333238,26.28541666666647]]}},{"type":"Feature","properties":{"HYRIV_ID":20843160,"NEXT_DOWN":20843605,"MAIN_RIV":20843888,"LENGTH_KM":15.34,"CATCH_SKM":57.709999,"DIS_AV_CMS":0.007,"ORD_STRA":1,"ORD_FLOW":9},"geometry":{"type":"LineString","coordinates":[[36.6854166666657,26.374999999999794],[36.6854166666657,26.368749999999757],[36.68124999999904,26.36458333333311],[36.68124999999904,26.360416666666445],[36.67708333333238,26.356249999999783],[36.67708333333238,26.3270833333331],[36.68124999999904,26.322916666666437],[36.67708333333238,26.318749999999774],[36.67708333333238,26.314583333333125],[36.672916666665714,26.31041666666642],[36.672916666665714,26.30208333333311],[36.66874999999905,26.297916666666445],[36.664583333332416,26.297916666666445],[36.656249999999005,26.289583333333134],[36.63958333333238,26.289583333333134],[36.63541666666572,26.28541666666647],[36.62291666666573,26.28541666666647],[36.61874999999898,26.289583333333134]]}},{"type":"Feature","properties":{"HYRIV_ID":20843161,"NEXT_DOWN":20843103,"MAIN_RIV":20847274,"LENGTH_KM":8.7700005,"CATCH_SKM":38.3,"DIS_AV_CMS":0.012,"ORD_STRA":1,"ORD_FLOW":8},"geometry":{"type":"LineString","coordinates":[[37.09583333333239,26.31041666666642],[37.07291666666569,26.31041666666642],[37.0604166666657,26.297916666666445],[37.0604166666657,26.293749999999783],[37.05624999999907,26.289583333333134],[37.052083333332405,26.289583333333134],[37.04791666666574,26.28541666666647],[37.04374999999908,26.28541666666647],[37.03541666666567,26.293749999999783],[37.02708333333237,26.293749999999783]]}},{"type":"Feature","properties":{"HYRIV_ID":20843162,"NEXT_DOWN":20843696,"MAIN_RIV":20848032,"LENGTH_KM":8.1,"CATCH_SKM":44.650002,"DIS_AV_CMS":0.022,"ORD_STRA":1,"ORD_FLOW":8},"geometry":{"type":"LineString","coordinates":[[37.79166666666569,26.289583333333134],[37.80624999999901,26.289583333333134],[37.810416666665674,26.28541666666647],[37.81458333333234,26.28541666666647],[37.81874999999897,26.289583333333134],[37.82291666666572,26.289583333333134],[37.82708333333238,26.293749999999783],[37.83958333333237,26.293749999999783],[37.843749999999005,26.297916666666445],[37.84791666666567,26.297916666666445],[37.856249999998994,26.289583333333134],[37.86041666666566,26.289583333333134]]}},{"type":"Feature","properties":{"HYRIV_ID":20843163,"NEXT_DOWN":20843423,"MAIN_RIV":20848032,"LENGTH_KM":4.1799998,"CATCH_SKM":15.01,"DIS_AV_CMS":7.7140002,"ORD_STRA":6,"ORD_FLOW":6},"geometry":{"type":"LineString","coordinates":[[37.96458333333237,26.318749999999774],[37.968749999999034,26.314583333333125],[37.968749999999034,26.31041666666642],[37.96458333333237,26.306249999999757],[37.96458333333237,26.293749999999783],[37.968749999999034,26.289583333333134],[37.968749999999034,26.28541666666647]]}},{"type":"Feature","properties":{"HYRIV_ID":20843164,"NEXT_DOWN":20843423,"MAIN_RIV":20848032,"LENGTH_KM":6.23,"CATCH_SKM":27.52,"DIS_AV_CMS":0.015,"ORD_STRA":1,"ORD_FLOW":8},"geometry":{"type":"LineString","coordinates":[[38.02083333333235,26.289583333333134],[38.014583333332354,26.289583333333134],[38.01041666666569,26.28541666666647],[38.00624999999903,26.289583333333134],[37.99374999999898,26.289583333333134],[37.98958333333232,26.28541666666647],[37.98541666666566,26.289583333333134],[37.97708333333233,26.289583333333134],[37.97291666666567,26.28541666666647],[37.968749999999034,26.28541666666647]]}},{"type":"Feature","properties":{"HYRIV_ID":20843203,"NEXT_DOWN":20843268,"MAIN_RIV":20848032,"LENGTH_KM":0.62,"CATCH_SKM":10.78,"DIS_AV_CMS":0.004,"ORD_STRA":1,"ORD_FLOW":9},"geometry":{"type":"LineString","coordinates":[[37.23333333333238,26.281249999999766],[37.23958333333238,26.281249999999766]]}},{"type":"Feature","properties":{"HYRIV_ID":20843204,"NEXT_DOWN":20843268,"MAIN_RIV":20848032,"LENGTH_KM":1.25,"CATCH_SKM":2.6900001,"DIS_AV_CMS":0.04,"ORD_STRA":2,"ORD_FLOW":8},"geometry":{"type":"LineString","coordinates":[[37.23124999999905,26.289583333333134],[37.23958333333238,26.281249999999766]]}},{"type":"Feature","properties":{"HYRIV_ID":20843205,"NEXT_DOWN":20842881,"MAIN_RIV":20848032,"LENGTH_KM":4.6100001,"CATCH_SKM":27.33,"DIS_AV_CMS":0.013,"ORD_STRA":1,"ORD_FLOW":8},"geometry":{"type":"LineString","coordinates":[[37.691666666665725,26.279166666666434],[37.69791666666572,26.28541666666647],[37.70208333333238,26.28541666666647],[37.71458333333234,26.297916666666445],[37.71458333333234,26.31041666666642]]}},{"type":"Feature","properties":{"HYRIV_ID":20843264,"NEXT_DOWN":0,"MAIN_RIV":20843264,"LENGTH_KM":1.09,"CATCH_SKM":0.77,"DIS_AV_CMS":0.038,"ORD_STRA":2,"ORD_FLOW":8},"geometry":{"type":"LineString","coordinates":[[36.42708333333238,26.28541666666647],[36.422916666665714,26.281249999999766],[36.422916666665714,26.277083333333117]]}},{"type":"Feature","properties":{"HYRIV_ID":20843265,"NEXT_DOWN":0,"MAIN_RIV":20843265,"LENGTH_KM":3.11,"CATCH_SKM":15.01,"DIS_AV_CMS":0.002,"ORD_STRA":1,"ORD_FLOW":9},"geometry":{"type":"LineString","coordinates":[[36.445833333332416,26.277083333333117],[36.43958333333242,26.277083333333117],[36.43124999999904,26.28541666666647],[36.422916666665714,26.277083333333117]]}},{"type":"Feature","properties":{"HYRIV_ID":20843266,"NEXT_DOWN":20843470,"MAIN_RIV":20847274,"LENGTH_KM":5.5700002,"CATCH_SKM":18.67,"DIS_AV_CMS":0.152,"ORD_STRA":3,"ORD_FLOW":7},"geometry":{"type":"LineString","coordinates":[[36.960416666665736,26.322916666666437],[36.960416666665736,26.314583333333125],[36.95624999999899,26.31041666666642],[36.95624999999899,26.306249999999757],[36.960416666665736,26.30208333333311],[36.960416666665736,26.28541666666647],[36.95624999999899,26.281249999999766],[36.95624999999899,26.277083333333117]]}},{"type":"Feature","properties":{"HYRIV_ID":20843267,"NEXT_DOWN":20843470,"MAIN_RIV":20847274,"LENGTH_KM":4.77,"CATCH_SKM":18.860001,"DIS_AV_CMS":0.035,"ORD_STRA":2,"ORD_FLOW":8},"geometry":{"type":"LineString","coordinates":[[36.99374999999901,26.289583333333134],[36.98958333333235,26.289583333333134],[36.97708333333239,26.277083333333117],[36.972916666665725,26.277083333333117],[36.96874999999906,26.281249999999766],[36.9645833333324,26.277083333333117],[36.95624999999899,26.277083333333117]]}},{"type":"Feature","properties":{"HYRIV_ID":20843268,"NEXT_DOWN":20843541,"MAIN_RIV":20848032,"LENGTH_KM":1.04,"CATCH_SKM":2.5,"DIS_AV_CMS":0.045,"ORD_STRA":2,"ORD_FLOW":8},"geometry":{"type":"LineString","coordinates":[[37.23958333333238,26.281249999999766],[37.24374999999901,26.277083333333117],[37.247916666665674,26.277083333333117]]}},{"type":"Feature","properties":{"HYRIV_ID":20843269,"NEXT_DOWN":20843541,"MAIN_RIV":20848032,"LENGTH_KM":8.2799997,"CATCH_SKM":37.709999,"DIS_AV_CMS":0.074,"ORD_STRA":2,"ORD_FLOW":8},"geometry":{"type":"LineString","coordinates":[[37.27708333333237,26.33124999999979],[37.27291666666571,26.33124999999979],[37.26041666666575,26.318749999999774],[37.26041666666575,26.314583333333125],[37.247916666665674,26.30208333333311],[37.247916666665674,26.297916666666445],[37.25208333333234,26.297916666666445],[37.256249999999,26.293749999999783],[37.25208333333234,26.289583333333134],[37.25208333333234,26.281249999999766],[37.247916666665674,26.277083333333117]]}},{"type":"Feature","properties":{"HYRIV_ID":20843270,"NEXT_DOWN":20843056,"MAIN_RIV":20848032,"LENGTH_KM":3.3900001,"CATCH_SKM":20.209999,"DIS_AV_CMS":0.009,"ORD_STRA":1,"ORD_FLOW":9},"geometry":{"type":"LineString","coordinates":[[37.42708333333232,26.274999999999785],[37.42708333333232,26.281249999999766],[37.43124999999907,26.28541666666647],[37.43541666666573,26.28541666666647],[37.43958333333239,26.289583333333134],[37.443749999999056,26.289583333333134],[37.44791666666572,26.293749999999783]]}},{"type":"Feature","properties":{"HYRIV_ID":20843322,"NEXT_DOWN":20843651,"MAIN_RIV":20848032,"LENGTH_KM":4.06,"CATCH_SKM":22.139999,"DIS_AV_CMS":0.01,"ORD_STRA":1,"ORD_FLOW":8},"geometry":{"type":"LineString","coordinates":[[37.46458333333234,26.270833333333123],[37.46458333333234,26.277083333333117],[37.4770833333323,26.289583333333134],[37.48124999999905,26.289583333333134],[37.485416666665714,26.293749999999783],[37.485416666665714,26.297916666666445]]}},{"type":"Feature","properties":{"HYRIV_ID":20843323,"NEXT_DOWN":20842636,"MAIN_RIV":20848032,"LENGTH_KM":8.6899996,"CATCH_SKM":33.68,"DIS_AV_CMS":0.016,"ORD_STRA":1,"ORD_FLOW":8},"geometry":{"type":"LineString","coordinates":[[37.724999999999,26.270833333333123],[37.731249999998994,26.277083333333117],[37.731249999998994,26.281249999999766],[37.74374999999904,26.293749999999783],[37.74374999999904,26.30208333333311],[37.7479166666657,26.306249999999757],[37.7479166666657,26.31041666666642],[37.76041666666569,26.322916666666437],[37.76041666666569,26.33124999999979],[37.75624999999903,26.335416666666454]]}},{"type":"Feature","properties":{"HYRIV_ID":20843422,"NEXT_DOWN":20843471,"MAIN_RIV":20848032,"LENGTH_KM":1.04,"CATCH_SKM":11.16,"DIS_AV_CMS":0.006,"ORD_STRA":1,"ORD_FLOW":9},"geometry":{"type":"LineString","coordinates":[[37.96249999999904,26.264583333333128],[37.97291666666567,26.264583333333128]]}},{"type":"Feature","properties":{"HYRIV_ID":20843423,"NEXT_DOWN":20843471,"MAIN_RIV":20848032,"LENGTH_KM":2.48,"CATCH_SKM":6.9299998,"DIS_AV_CMS":7.7329998,"ORD_STRA":6,"ORD_FLOW":6},"geometry":{"type":"LineString","coordinates":[[37.968749999999034,26.28541666666647],[37.968749999999034,26.277083333333117],[37.97291666666567,26.272916666666454],[37.97291666666567,26.264583333333128]]}},{"type":"Feature","properties":{"HYRIV_ID":20843469,"NEXT_DOWN":20843650,"MAIN_RIV":20847274,"LENGTH_KM":4.9699998,"CATCH_SKM":20.59,"DIS_AV_CMS":0.004,"ORD_STRA":1,"ORD_FLOW":9},"geometry":{"type":"LineString","coordinates":[[36.91666666666575,26.295833333333114],[36.9354166666657,26.277083333333117],[36.9354166666657,26.272916666666454],[36.94374999999903,26.264583333333128],[36.94374999999903,26.26041666666648]]}},{"type":"Feature","properties":{"HYRIV_ID":20843470,"NEXT_DOWN":20843650,"MAIN_RIV":20847274,"LENGTH_KM":2.33,"CATCH_SKM":5.39,"DIS_AV_CMS":0.186,"ORD_STRA":3,"ORD_FLOW":7},"geometry":{"type":"LineString","coordinates":[[36.95624999999899,26.277083333333117],[36.94791666666569,26.26874999999979],[36.94791666666569,26.264583333333128],[36.94374999999903,26.26041666666648]]}},{"type":"Feature","properties":{"HYRIV_ID":20843471,"NEXT_DOWN":20843939,"MAIN_RIV":20848032,"LENGTH_KM":0.62,"CATCH_SKM":0.96,"DIS_AV_CMS":7.7389998,"ORD_STRA":6,"ORD_FLOW":6},"geometry":{"type":"LineString","coordinates":[[37.97291666666567,26.264583333333128],[37.97708333333233,26.26041666666648]]}},{"type":"Feature","properties":{"HYRIV_ID":20843539,"NEXT_DOWN":20843932,"MAIN_RIV":20845985,"LENGTH_KM":9.08,"CATCH_SKM":54.66,"DIS_AV_CMS":0.009,"ORD_STRA":1,"ORD_FLOW":9},"geometry":{"type":"LineString","coordinates":[[36.84999999999903,26.274999999999785],[36.84374999999906,26.281249999999766],[36.8395833333324,26.281249999999766],[36.835416666665736,26.28541666666647],[36.83124999999907,26.28541666666647],[36.83124999999907,26.281249999999766],[36.827083333332325,26.277083333333117],[36.81874999999903,26.277083333333117],[36.814583333332365,26.272916666666454],[36.8104166666657,26.272916666666454],[36.80624999999904,26.26874999999979],[36.80208333333238,26.26874999999979],[36.797916666665714,26.264583333333128],[36.789583333332416,26.264583333333128],[36.78124999999909,26.256249999999774]]}},{"type":"Feature","properties":{"HYRIV_ID":20843540,"NEXT_DOWN":20843889,"MAIN_RIV":20847274,"LENGTH_KM":2.6400001,"CATCH_SKM":15.4,"DIS_AV_CMS":0.005,"ORD_STRA":1,"ORD_FLOW":9},"geometry":{"type":"LineString","coordinates":[[37.08749999999898,26.274999999999785],[37.077083333332354,26.264583333333128],[37.077083333332354,26.26041666666648],[37.07291666666569,26.256249999999774]]}},{"type":"Feature","properties":{"HYRIV_ID":20843541,"NEXT_DOWN":20843609,"MAIN_RIV":20848032,"LENGTH_KM":4.3600001,"CATCH_SKM":15.59,"DIS_AV_CMS":0.125,"ORD_STRA":3,"ORD_FLOW":7},"geometry":{"type":"LineString","coordinates":[[37.247916666665674,26.277083333333117],[37.256249999999,26.26874999999979],[37.26041666666575,26.26874999999979],[37.26458333333241,26.264583333333128],[37.268749999999045,26.264583333333128],[37.27291666666571,26.26041666666648],[37.27708333333237,26.26041666666648],[37.281249999999034,26.256249999999774]]}},{"type":"Feature","properties":{"HYRIV_ID":20843542,"NEXT_DOWN":20843609,"MAIN_RIV":20848032,"LENGTH_KM":6.1100001,"CATCH_SKM":24.25,"DIS_AV_CMS":0.01,"ORD_STRA":1,"ORD_FLOW":8},"geometry":{"type":"LineString","coordinates":[[37.32083333333236,26.289583333333134],[37.31458333333239,26.289583333333134],[37.29791666666566,26.272916666666454],[37.29791666666566,26.264583333333128],[37.293749999998994,26.264583333333128],[37.2854166666657,26.256249999999774],[37.281249999999034,26.256249999999774]]}},{"type":"Feature","properties":{"HYRIV_ID":20843543,"NEXT_DOWN":20843939,"MAIN_RIV":20848032,"LENGTH_KM":3.22,"CATCH_SKM":18.860001,"DIS_AV_CMS":0.01,"ORD_STRA":1,"ORD_FLOW":8},"geometry":{"type":"LineString","coordinates":[[37.999999999999034,26.26249999999981],[37.99374999999898,26.256249999999774],[37.98541666666566,26.264583333333128],[37.981249999998994,26.264583333333128],[37.97708333333233,26.26041666666648]]}},{"type":"Feature","properties":{"HYRIV_ID":20843605,"NEXT_DOWN":20843746,"MAIN_RIV":20843888,"LENGTH_KM":13.49,"CATCH_SKM":52.16,"DIS_AV_CMS":0.017,"ORD_STRA":2,"ORD_FLOW":8},"geometry":{"type":"LineString","coordinates":[[36.61874999999898,26.289583333333134],[36.61458333333235,26.28541666666647],[36.610416666665685,26.28541666666647],[36.60624999999902,26.289583333333134],[36.60208333333236,26.28541666666647],[36.5979166666657,26.289583333333134],[36.58958333333237,26.289583333333134],[36.585416666665736,26.28541666666647],[36.58124999999907,26.28541666666647],[36.568749999999,26.272916666666454],[36.56458333333234,26.272916666666454],[36.54374999999905,26.25208333333311],[36.52708333333234,26.25208333333311],[36.52291666666568,26.256249999999774],[36.51874999999902,26.256249999999774],[36.514583333332354,26.25208333333311]]}},{"type":"Feature","properties":{"HYRIV_ID":20843606,"NEXT_DOWN":20843648,"MAIN_RIV":20845381,"LENGTH_KM":2.1800001,"CATCH_SKM":13.47,"DIS_AV_CMS":0.002,"ORD_STRA":1,"ORD_FLOW":9},"geometry":{"type":"LineString","coordinates":[[36.6916666666657,26.26666666666646],[36.70624999999907,26.25208333333311]]}},{"type":"Feature","properties":{"HYRIV_ID":20843607,"NEXT_DOWN":20843648,"MAIN_RIV":20845381,"LENGTH_KM":5.12,"CATCH_SKM":20.02,"DIS_AV_CMS":0.211,"ORD_STRA":4,"ORD_FLOW":7},"geometry":{"type":"LineString","coordinates":[[36.73124999999902,26.289583333333134],[36.73124999999902,26.28541666666647],[36.72708333333236,26.281249999999766],[36.72708333333236,26.277083333333117],[36.718749999999034,26.26874999999979],[36.718749999999034,26.264583333333128],[36.70624999999907,26.25208333333311]]}},{"type":"Feature","properties":{"HYRIV_ID":20843608,"NEXT_DOWN":20843889,"MAIN_RIV":20847274,"LENGTH_KM":2.3900001,"CATCH_SKM":13.67,"DIS_AV_CMS":0.004,"ORD_STRA":1,"ORD_FLOW":9},"geometry":{"type":"LineString","coordinates":[[37.09166666666573,26.258333333333105],[37.08541666666565,26.25208333333311],[37.077083333332354,26.25208333333311],[37.07291666666569,26.256249999999774]]}},{"type":"Feature","properties":{"HYRIV_ID":20843609,"NEXT_DOWN":20843836,"MAIN_RIV":20848032,"LENGTH_KM":0.46,"CATCH_SKM":0.58,"DIS_AV_CMS":0.13500001,"ORD_STRA":3,"ORD_FLOW":7},"geometry":{"type":"LineString","coordinates":[[37.281249999999034,26.256249999999774],[37.281249999999034,26.25208333333311]]}},{"type":"Feature","properties":{"HYRIV_ID":20843648,"NEXT_DOWN":20844197,"MAIN_RIV":20845381,"LENGTH_KM":0.46,"CATCH_SKM":1.16,"DIS_AV_CMS":0.212,"ORD_STRA":4,"ORD_FLOW":7},"geometry":{"type":"LineString","coordinates":[[36.70624999999907,26.25208333333311],[36.70624999999907,26.247916666666463]]}},{"type":"Feature","properties":{"HYRIV_ID":20843649,"NEXT_DOWN":20843993,"MAIN_RIV":20847274,"LENGTH_KM":4.4,"CATCH_SKM":16.75,"DIS_AV_CMS":0.003,"ORD_STRA":1,"ORD_FLOW":9},"geometry":{"type":"LineString","coordinates":[[36.91666666666575,26.274999999999785],[36.92291666666574,26.26874999999979],[36.92291666666574,26.26041666666648],[36.92708333333238,26.256249999999774],[36.9354166666657,26.256249999999774],[36.939583333332365,26.25208333333311],[36.939583333332365,26.247916666666463]]}},{"type":"Feature","properties":{"HYRIV_ID":20843650,"NEXT_DOWN":20843993,"MAIN_RIV":20847274,"LENGTH_KM":1.55,"CATCH_SKM":1.93,"DIS_AV_CMS":0.189,"ORD_STRA":3,"ORD_FLOW":7},"geometry":{"type":"LineString","coordinates":[[36.94374999999903,26.26041666666648],[36.94374999999903,26.25208333333311],[36.939583333332365,26.247916666666463]]}},{"type":"Feature","properties":{"HYRIV_ID":20843651,"NEXT_DOWN":20843994,"MAIN_RIV":20848032,"LENGTH_KM":11.97,"CATCH_SKM":55.049999,"DIS_AV_CMS":0.067,"ORD_STRA":2,"ORD_FLOW":8},"geometry":{"type":"LineString","coordinates":[[37.485416666665714,26.297916666666445],[37.48958333333238,26.293749999999783],[37.49374999999904,26.293749999999783],[37.4979166666657,26.289583333333134],[37.50208333333234,26.289583333333134],[37.506249999999,26.293749999999783],[37.5354166666657,26.293749999999783],[37.547916666665685,26.281249999999766],[37.547916666665685,26.272916666666454],[37.55208333333235,26.26874999999979],[37.55208333333235,26.264583333333128],[37.568749999999056,26.247916666666463]]}},{"type":"Feature","properties":{"HYRIV_ID":20843692,"NEXT_DOWN":20844197,"MAIN_RIV":20845381,"LENGTH_KM":4.5100002,"CATCH_SKM":27.719999,"DIS_AV_CMS":0.003,"ORD_STRA":1,"ORD_FLOW":9},"geometry":{"type":"LineString","coordinates":[[36.73749999999902,26.26249999999981],[36.73124999999902,26.256249999999774],[36.72708333333236,26.256249999999774],[36.72708333333236,26.25208333333311],[36.718749999999034,26.243749999999757],[36.7145833333324,26.243749999999757],[36.710416666665736,26.247916666666463],[36.70624999999907,26.247916666666463]]}},{"type":"Feature","properties":{"HYRIV_ID":20843693,"NEXT_DOWN":20843932,"MAIN_RIV":20845985,"LENGTH_KM":7.58,"CATCH_SKM":24.26,"DIS_AV_CMS":0.004,"ORD_STRA":1,"ORD_FLOW":9},"geometry":{"type":"LineString","coordinates":[[36.84166666666573,26.241666666666426],[36.83124999999907,26.25208333333311],[36.827083333332325,26.25208333333311],[36.82291666666569,26.256249999999774],[36.80624999999904,26.256249999999774],[36.80208333333238,26.25208333333311],[36.797916666665714,26.25208333333311],[36.79374999999908,26.256249999999774],[36.789583333332416,26.25208333333311],[36.78541666666575,26.256249999999774],[36.78124999999909,26.256249999999774]]}},{"type":"Feature","properties":{"HYRIV_ID":20843694,"NEXT_DOWN":20843836,"MAIN_RIV":20848032,"LENGTH_KM":2.7,"CATCH_SKM":15.02,"DIS_AV_CMS":0.006,"ORD_STRA":1,"ORD_FLOW":9},"geometry":{"type":"LineString","coordinates":[[37.25833333333233,26.243749999999757],[37.26458333333241,26.243749999999757],[37.268749999999045,26.247916666666463],[37.27291666666571,26.247916666666463],[37.27708333333237,26.25208333333311],[37.281249999999034,26.25208333333311]]}},{"type":"Feature","properties":{"HYRIV_ID":20843695,"NEXT_DOWN":20843837,"MAIN_RIV":20848032,"LENGTH_KM":2.02,"CATCH_SKM":15.01,"DIS_AV_CMS":0.006,"ORD_STRA":1,"ORD_FLOW":9},"geometry":{"type":"LineString","coordinates":[[37.31249999999906,26.258333333333105],[37.302083333332405,26.247916666666463],[37.302083333332405,26.243749999999757]]}},{"type":"Feature","properties":{"HYRIV_ID":20843696,"NEXT_DOWN":20843938,"MAIN_RIV":20848032,"LENGTH_KM":7.3,"CATCH_SKM":24.83,"DIS_AV_CMS":0.044,"ORD_STRA":2,"ORD_FLOW":8},"geometry":{"type":"LineString","coordinates":[[37.86041666666566,26.289583333333134],[37.864583333332405,26.28541666666647],[37.864583333332405,26.281249999999766],[37.86874999999904,26.277083333333117],[37.8729166666657,26.277083333333117],[37.877083333332365,26.272916666666454],[37.877083333332365,26.26874999999979],[37.88124999999903,26.264583333333128],[37.88124999999903,26.25208333333311],[37.88541666666569,26.247916666666463],[37.89374999999899,26.247916666666463],[37.89791666666565,26.243749999999757]]}},{"type":"Feature","properties":{"HYRIV_ID":20843745,"NEXT_DOWN":20843835,"MAIN_RIV":20843888,"LENGTH_KM":14.1,"CATCH_SKM":54.27,"DIS_AV_CMS":0.007,"ORD_STRA":1,"ORD_FLOW":9},"geometry":{"type":"LineString","coordinates":[[36.57499999999908,26.314583333333125],[36.568749999999,26.314583333333125],[36.5604166666657,26.306249999999757],[36.55208333333238,26.306249999999757],[36.54374999999905,26.297916666666445],[36.52708333333234,26.297916666666445],[36.51874999999902,26.289583333333134],[36.51874999999902,26.28541666666647],[36.514583333332354,26.28541666666647],[36.506249999999056,26.277083333333117],[36.506249999999056,26.272916666666454],[36.48124999999902,26.247916666666463],[36.48124999999902,26.239583333333094]]}},{"type":"Feature","properties":{"HYRIV_ID":20843746,"NEXT_DOWN":20843835,"MAIN_RIV":20843888,"LENGTH_KM":3.9400001,"CATCH_SKM":7.5100002,"DIS_AV_CMS":0.02,"ORD_STRA":2,"ORD_FLOW":8},"geometry":{"type":"LineString","coordinates":[[36.514583333332354,26.25208333333311],[36.50208333333239,26.25208333333311],[36.49791666666573,26.247916666666463],[36.49374999999907,26.247916666666463],[36.48541666666566,26.239583333333094],[36.48124999999902,26.239583333333094]]}},{"type":"Feature","properties":{"HYRIV_ID":20843747,"NEXT_DOWN":20843746,"MAIN_RIV":20843888,"LENGTH_KM":4.1500001,"CATCH_SKM":18.290001,"DIS_AV_CMS":0.002,"ORD_STRA":1,"ORD_FLOW":9},"geometry":{"type":"LineString","coordinates":[[36.54583333333238,26.239583333333094],[36.53541666666575,26.239583333333094],[36.53124999999909,26.243749999999757],[36.52708333333234,26.239583333333094],[36.514583333332354,26.25208333333311]]}},{"type":"Feature","properties":{"HYRIV_ID":20843835,"NEXT_DOWN":20843888,"MAIN_RIV":20843888,"LENGTH_KM":1.66,"CATCH_SKM":9.0500002,"DIS_AV_CMS":0.028,"ORD_STRA":2,"ORD_FLOW":8},"geometry":{"type":"LineString","coordinates":[[36.48124999999902,26.239583333333094],[36.47708333333236,26.239583333333094],[36.468749999999034,26.231249999999783]]}},{"type":"Feature","properties":{"HYRIV_ID":20843836,"NEXT_DOWN":20844254,"MAIN_RIV":20848032,"LENGTH_KM":2.79,"CATCH_SKM":3.27,"DIS_AV_CMS":0.14300001,"ORD_STRA":3,"ORD_FLOW":7},"geometry":{"type":"LineString","coordinates":[[37.281249999999034,26.25208333333311],[37.28958333333236,26.243749999999757],[37.28958333333236,26.235416666666445],[37.293749999998994,26.231249999999783]]}},{"type":"Feature","properties":{"HYRIV_ID":20843837,"NEXT_DOWN":20844254,"MAIN_RIV":20848032,"LENGTH_KM":1.97,"CATCH_SKM":2.8900001,"DIS_AV_CMS":0.106,"ORD_STRA":2,"ORD_FLOW":7},"geometry":{"type":"LineString","coordinates":[[37.302083333332405,26.243749999999757],[37.29791666666566,26.243749999999757],[37.293749999998994,26.239583333333094],[37.293749999998994,26.231249999999783]]}},{"type":"Feature","properties":{"HYRIV_ID":20843838,"NEXT_DOWN":20843994,"MAIN_RIV":20848032,"LENGTH_KM":6.79,"CATCH_SKM":36.009998,"DIS_AV_CMS":0.016,"ORD_STRA":1,"ORD_FLOW":8},"geometry":{"type":"LineString","coordinates":[[37.51666666666566,26.22916666666645],[37.522916666665736,26.235416666666445],[37.531249999999034,26.235416666666445],[37.5354166666657,26.239583333333094],[37.547916666665685,26.239583333333094],[37.55208333333235,26.243749999999757],[37.55624999999898,26.239583333333094],[37.56458333333239,26.239583333333094],[37.568749999999056,26.243749999999757],[37.568749999999056,26.247916666666463]]}},{"type":"Feature","properties":{"HYRIV_ID":20843888,"NEXT_DOWN":0,"MAIN_RIV":20843888,"LENGTH_KM":1.04,"CATCH_SKM":2.12,"DIS_AV_CMS":0.035,"ORD_STRA":2,"ORD_FLOW":8},"geometry":{"type":"LineString","coordinates":[[36.468749999999034,26.231249999999783],[36.46458333333237,26.22708333333312],[36.46041666666571,26.22708333333312]]}},{"type":"Feature","properties":{"HYRIV_ID":20843889,"NEXT_DOWN":20844155,"MAIN_RIV":20847274,"LENGTH_KM":3.98,"CATCH_SKM":15.4,"DIS_AV_CMS":0.014,"ORD_STRA":2,"ORD_FLOW":8},"geometry":{"type":"LineString","coordinates":[[37.07291666666569,26.256249999999774],[37.06874999999903,26.256249999999774],[37.064583333332365,26.25208333333311],[37.064583333332365,26.243749999999757],[37.0604166666657,26.239583333333094],[37.0604166666657,26.22708333333312]]}},{"type":"Feature","properties":{"HYRIV_ID":20843890,"NEXT_DOWN":20844155,"MAIN_RIV":20847274,"LENGTH_KM":1.04,"CATCH_SKM":12.71,"DIS_AV_CMS":0.004,"ORD_STRA":1,"ORD_FLOW":9},"geometry":{"type":"LineString","coordinates":[[37.07083333333236,26.22708333333312],[37.0604166666657,26.22708333333312]]}},{"type":"Feature","properties":{"HYRIV_ID":20843891,"NEXT_DOWN":20843935,"MAIN_RIV":20848032,"LENGTH_KM":5.39,"CATCH_SKM":32.150002,"DIS_AV_CMS":0.014,"ORD_STRA":1,"ORD_FLOW":8},"geometry":{"type":"LineString","coordinates":[[37.36666666666571,26.26249999999981],[37.360416666665714,26.256249999999774],[37.35624999999905,26.256249999999774],[37.34791666666564,26.247916666666463],[37.34791666666564,26.243749999999757],[37.35208333333239,26.239583333333094],[37.343749999999005,26.231249999999783],[37.343749999999005,26.22708333333312]]}},{"type":"Feature","properties":{"HYRIV_ID":20843932,"NEXT_DOWN":20844759,"MAIN_RIV":20845985,"LENGTH_KM":4.5,"CATCH_SKM":15.21,"DIS_AV_CMS":0.014,"ORD_STRA":2,"ORD_FLOW":8},"geometry":{"type":"LineString","coordinates":[[36.78124999999909,26.256249999999774],[36.77291666666568,26.247916666666463],[36.77291666666568,26.243749999999757],[36.768749999999045,26.239583333333094],[36.768749999999045,26.235416666666445],[36.76041666666572,26.22708333333312],[36.76041666666572,26.22291666666647]]}},{"type":"Feature","properties":{"HYRIV_ID":20843933,"NEXT_DOWN":20844716,"MAIN_RIV":20847274,"LENGTH_KM":2.24,"CATCH_SKM":12.32,"DIS_AV_CMS":0.004,"ORD_STRA":1,"ORD_FLOW":9},"geometry":{"type":"LineString","coordinates":[[37.122916666665674,26.241666666666426],[37.122916666665674,26.22708333333312],[37.12708333333234,26.22291666666647]]}},{"type":"Feature","properties":{"HYRIV_ID":20843934,"NEXT_DOWN":20844716,"MAIN_RIV":20847274,"LENGTH_KM":4.4299998,"CATCH_SKM":18.67,"DIS_AV_CMS":0.007,"ORD_STRA":1,"ORD_FLOW":9},"geometry":{"type":"LineString","coordinates":[[37.156249999999034,26.24583333333309],[37.156249999999034,26.239583333333094],[37.14791666666571,26.231249999999783],[37.143749999999045,26.231249999999783],[37.13541666666566,26.22291666666647],[37.12708333333234,26.22291666666647]]}},{"type":"Feature","properties":{"HYRIV_ID":20843935,"NEXT_DOWN":20843837,"MAIN_RIV":20848032,"LENGTH_KM":5.4,"CATCH_SKM":25.42,"DIS_AV_CMS":0.098,"ORD_STRA":2,"ORD_FLOW":8},"geometry":{"type":"LineString","coordinates":[[37.343749999999005,26.22708333333312],[37.33541666666568,26.22708333333312],[37.33124999999902,26.22291666666647],[37.327083333332354,26.22291666666647],[37.31874999999903,26.231249999999783],[37.31458333333239,26.231249999999783],[37.302083333332405,26.243749999999757]]}},{"type":"Feature","properties":{"HYRIV_ID":20843936,"NEXT_DOWN":20843937,"MAIN_RIV":20848032,"LENGTH_KM":15.36,"CATCH_SKM":51.98,"DIS_AV_CMS":0.025,"ORD_STRA":1,"ORD_FLOW":8},"geometry":{"type":"LineString","coordinates":[[37.749999999999034,26.25208333333311],[37.75624999999903,26.25208333333311],[37.76041666666569,26.256249999999774],[37.764583333332325,26.256249999999774],[37.76874999999899,26.25208333333311],[37.77291666666565,26.25208333333311],[37.7770833333324,26.247916666666463],[37.78124999999906,26.247916666666463],[37.785416666665725,26.243749999999757],[37.78958333333236,26.247916666666463],[37.79374999999902,26.243749999999757],[37.80208333333235,26.243749999999757],[37.80624999999901,26.239583333333094],[37.81458333333234,26.239583333333094],[37.81874999999897,26.243749999999757],[37.82291666666572,26.239583333333094],[37.82708333333238,26.239583333333094],[37.831249999999045,26.235416666666445],[37.83541666666571,26.239583333333094],[37.83958333333237,26.235416666666445],[37.843749999999005,26.235416666666445],[37.84791666666567,26.231249999999783],[37.864583333332405,26.231249999999783],[37.8729166666657,26.22291666666647]]}},{"type":"Feature","properties":{"HYRIV_ID":20843937,"NEXT_DOWN":20843938,"MAIN_RIV":20848032,"LENGTH_KM":3.78,"CATCH_SKM":10.4,"DIS_AV_CMS":0.102,"ORD_STRA":2,"ORD_FLOW":7},"geometry":{"type":"LineString","coordinates":[[37.8729166666657,26.22291666666647],[37.88124999999903,26.22291666666647],[37.88541666666569,26.22708333333312],[37.88541666666569,26.231249999999783],[37.89791666666565,26.243749999999757]]}},{"type":"Feature","properties":{"HYRIV_ID":20843938,"NEXT_DOWN":20843996,"MAIN_RIV":20848032,"LENGTH_KM":7.3600001,"CATCH_SKM":30.610001,"DIS_AV_CMS":0.162,"ORD_STRA":3,"ORD_FLOW":7},"geometry":{"type":"LineString","coordinates":[[37.89791666666565,26.243749999999757],[37.9020833333324,26.243749999999757],[37.90624999999906,26.247916666666463],[37.90624999999906,26.25208333333311],[37.91874999999902,26.25208333333311],[37.922916666665685,26.247916666666463],[37.922916666665685,26.243749999999757],[37.92708333333235,26.243749999999757],[37.947916666665634,26.22291666666647]]}},{"type":"Feature","properties":{"HYRIV_ID":20843939,"NEXT_DOWN":20844104,"MAIN_RIV":20848032,"LENGTH_KM":4.81,"CATCH_SKM":12.71,"DIS_AV_CMS":7.7550001,"ORD_STRA":6,"ORD_FLOW":6},"geometry":{"type":"LineString","coordinates":[[37.97708333333233,26.26041666666648],[37.97708333333233,26.25208333333311],[37.97291666666567,26.247916666666463],[37.97708333333233,26.243749999999757],[37.97708333333233,26.231249999999783],[37.98541666666566,26.22291666666647]]}},{"type":"Feature","properties":{"HYRIV_ID":20843992,"NEXT_DOWN":20845046,"MAIN_RIV":20847274,"LENGTH_KM":1.81,"CATCH_SKM":15.21,"DIS_AV_CMS":0.003,"ORD_STRA":1,"ORD_FLOW":9},"geometry":{"type":"LineString","coordinates":[[36.90833333333234,26.22916666666645],[36.91458333333233,26.22291666666647],[36.91874999999908,26.22291666666647],[36.91874999999908,26.218749999999766]]}},{"type":"Feature","properties":{"HYRIV_ID":20843993,"NEXT_DOWN":20845046,"MAIN_RIV":20847274,"LENGTH_KM":4.6100001,"CATCH_SKM":21.57,"DIS_AV_CMS":0.19400001,"ORD_STRA":3,"ORD_FLOW":7},"geometry":{"type":"LineString","coordinates":[[36.939583333332365,26.247916666666463],[36.94374999999903,26.243749999999757],[36.93124999999904,26.231249999999783],[36.92708333333238,26.231249999999783],[36.92291666666574,26.22708333333312],[36.92291666666574,26.22291666666647],[36.91874999999908,26.218749999999766]]}},{"type":"Feature","properties":{"HYRIV_ID":20843994,"NEXT_DOWN":20844719,"MAIN_RIV":20848032,"LENGTH_KM":7.1100001,"CATCH_SKM":35.810001,"DIS_AV_CMS":0.099,"ORD_STRA":2,"ORD_FLOW":8},"geometry":{"type":"LineString","coordinates":[[37.568749999999056,26.247916666666463],[37.57708333333238,26.247916666666463],[37.58958333333234,26.235416666666445],[37.58958333333234,26.231249999999783],[37.59791666666567,26.22291666666647],[37.61041666666563,26.22291666666647],[37.61458333333238,26.218749999999766],[37.6229166666657,26.218749999999766]]}},{"type":"Feature","properties":{"HYRIV_ID":20843995,"NEXT_DOWN":20844719,"MAIN_RIV":20848032,"LENGTH_KM":3.1,"CATCH_SKM":18.290001,"DIS_AV_CMS":0.008,"ORD_STRA":1,"ORD_FLOW":9},"geometry":{"type":"LineString","coordinates":[[37.6291666666657,26.241666666666426],[37.6229166666657,26.235416666666445],[37.6229166666657,26.22708333333312],[37.61874999999904,26.22291666666647],[37.6229166666657,26.218749999999766]]}},{"type":"Feature","properties":{"HYRIV_ID":20843996,"NEXT_DOWN":20844104,"MAIN_RIV":20848032,"LENGTH_KM":4.1500001,"CATCH_SKM":20.8,"DIS_AV_CMS":0.226,"ORD_STRA":3,"ORD_FLOW":7},"geometry":{"type":"LineString","coordinates":[[37.947916666665634,26.22291666666647],[37.95208333333238,26.22291666666647],[37.956249999999045,26.218749999999766],[37.968749999999034,26.218749999999766],[37.97291666666567,26.22291666666647],[37.98541666666566,26.22291666666647]]}},{"type":"Feature","properties":{"HYRIV_ID":20844102,"NEXT_DOWN":20844759,"MAIN_RIV":20845985,"LENGTH_KM":7.6300001,"CATCH_SKM":38.130001,"DIS_AV_CMS":0.006,"ORD_STRA":1,"ORD_FLOW":9},"geometry":{"type":"LineString","coordinates":[[36.82083333333236,26.22499999999979],[36.814583333332365,26.218749999999766],[36.814583333332365,26.214583333333103],[36.8104166666657,26.210416666666454],[36.797916666665714,26.210416666666454],[36.79374999999908,26.214583333333103],[36.78541666666575,26.214583333333103],[36.78124999999909,26.218749999999766],[36.77291666666568,26.218749999999766],[36.768749999999045,26.22291666666647],[36.76041666666572,26.22291666666647]]}},{"type":"Feature","properties":{"HYRIV_ID":20844103,"NEXT_DOWN":20843937,"MAIN_RIV":20848032,"LENGTH_KM":3.11,"CATCH_SKM":8.2799997,"DIS_AV_CMS":0.072,"ORD_STRA":2,"ORD_FLOW":8},"geometry":{"type":"LineString","coordinates":[[37.84791666666567,26.210416666666454],[37.85208333333233,26.210416666666454],[37.856249999998994,26.214583333333103],[37.86041666666566,26.214583333333103],[37.864583333332405,26.218749999999766],[37.86874999999904,26.218749999999766],[37.8729166666657,26.22291666666647]]}},{"type":"Feature","properties":{"HYRIV_ID":20844104,"NEXT_DOWN":20844256,"MAIN_RIV":20848032,"LENGTH_KM":4.7800002,"CATCH_SKM":25.610001,"DIS_AV_CMS":7.994,"ORD_STRA":6,"ORD_FLOW":6},"geometry":{"type":"LineString","coordinates":[[37.98541666666566,26.22291666666647],[37.98958333333232,26.218749999999766],[38.002083333332365,26.218749999999766],[38.00624999999903,26.214583333333103],[38.02291666666568,26.214583333333103],[38.027083333332314,26.210416666666454]]}},{"type":"Feature","properties":{"HYRIV_ID":20844155,"NEXT_DOWN":20844542,"MAIN_RIV":20847274,"LENGTH_KM":2.6300001,"CATCH_SKM":6.7399998,"DIS_AV_CMS":0.02,"ORD_STRA":2,"ORD_FLOW":8},"geometry":{"type":"LineString","coordinates":[[37.0604166666657,26.22708333333312],[37.052083333332405,26.218749999999766],[37.052083333332405,26.20624999999979]]}},{"type":"Feature","properties":{"HYRIV_ID":20844156,"NEXT_DOWN":20844199,"MAIN_RIV":20848032,"LENGTH_KM":2.24,"CATCH_SKM":12.9,"DIS_AV_CMS":0.005,"ORD_STRA":1,"ORD_FLOW":9},"geometry":{"type":"LineString","coordinates":[[37.389583333332325,26.22499999999979],[37.389583333332325,26.214583333333103],[37.38541666666566,26.210416666666454],[37.38541666666566,26.20624999999979]]}},{"type":"Feature","properties":{"HYRIV_ID":20844157,"NEXT_DOWN":20844199,"MAIN_RIV":20848032,"LENGTH_KM":4.98,"CATCH_SKM":24.65,"DIS_AV_CMS":0.011,"ORD_STRA":1,"ORD_FLOW":8},"geometry":{"type":"LineString","coordinates":[[37.42499999999899,26.22708333333312],[37.4104166666657,26.22708333333312],[37.39791666666571,26.214583333333103],[37.39374999999907,26.214583333333103],[37.38541666666566,26.20624999999979]]}},{"type":"Feature","properties":{"HYRIV_ID":20844196,"NEXT_DOWN":20844805,"MAIN_RIV":20845381,"LENGTH_KM":5.3400002,"CATCH_SKM":28.110001,"DIS_AV_CMS":0.003,"ORD_STRA":1,"ORD_FLOW":9},"geometry":{"type":"LineString","coordinates":[[36.63541666666572,26.24583333333309],[36.63541666666572,26.22708333333312],[36.63958333333238,26.22291666666647],[36.63958333333238,26.218749999999766],[36.64791666666568,26.210416666666454],[36.64791666666568,26.202083333333086]]}},{"type":"Feature","properties":{"HYRIV_ID":20844197,"NEXT_DOWN":20844805,"MAIN_RIV":20845381,"LENGTH_KM":8.5100002,"CATCH_SKM":38.900002,"DIS_AV_CMS":0.21,"ORD_STRA":4,"ORD_FLOW":7},"geometry":{"type":"LineString","coordinates":[[36.70624999999907,26.247916666666463],[36.68124999999904,26.22291666666647],[36.67708333333238,26.22291666666647],[36.664583333332416,26.210416666666454],[36.66041666666567,26.214583333333103],[36.64791666666568,26.202083333333086]]}},{"type":"Feature","properties":{"HYRIV_ID":20844198,"NEXT_DOWN":20843935,"MAIN_RIV":20848032,"LENGTH_KM":3.99,"CATCH_SKM":8.8599997,"DIS_AV_CMS":0.074,"ORD_STRA":2,"ORD_FLOW":8},"geometry":{"type":"LineString","coordinates":[[37.36874999999904,26.202083333333086],[37.36458333333238,26.202083333333086],[37.343749999999005,26.22291666666647],[37.343749999999005,26.22708333333312]]}},{"type":"Feature","properties":{"HYRIV_ID":20844199,"NEXT_DOWN":20844198,"MAIN_RIV":20848032,"LENGTH_KM":1.87,"CATCH_SKM":4.2399998,"DIS_AV_CMS":0.063,"ORD_STRA":2,"ORD_FLOW":8},"geometry":{"type":"LineString","coordinates":[[37.38541666666566,26.20624999999979],[37.381249999999,26.202083333333086],[37.36874999999904,26.202083333333086]]}},{"type":"Feature","properties":{"HYRIV_ID":20844200,"NEXT_DOWN":20844201,"MAIN_RIV":20848032,"LENGTH_KM":4.7800002,"CATCH_SKM":27.15,"DIS_AV_CMS":0.013,"ORD_STRA":1,"ORD_FLOW":8},"geometry":{"type":"LineString","coordinates":[[37.704166666665714,26.210416666666454],[37.71041666666568,26.210416666666454],[37.71458333333234,26.214583333333103],[37.718749999999005,26.210416666666454],[37.72291666666575,26.210416666666454],[37.72708333333233,26.20624999999979],[37.73958333333229,26.20624999999979],[37.74374999999904,26.202083333333086]]}},{"type":"Feature","properties":{"HYRIV_ID":20844201,"NEXT_DOWN":20844103,"MAIN_RIV":20848032,"LENGTH_KM":11.63,"CATCH_SKM":45.450001,"DIS_AV_CMS":0.041,"ORD_STRA":2,"ORD_FLOW":8},"geometry":{"type":"LineString","coordinates":[[37.74374999999904,26.202083333333086],[37.7479166666657,26.20624999999979],[37.76041666666569,26.20624999999979],[37.764583333332325,26.210416666666454],[37.76874999999899,26.210416666666454],[37.77291666666565,26.214583333333103],[37.81458333333234,26.214583333333103],[37.81874999999897,26.218749999999766],[37.82291666666572,26.218749999999766],[37.82708333333238,26.214583333333103],[37.83541666666571,26.214583333333103],[37.83958333333237,26.210416666666454],[37.84791666666567,26.210416666666454]]}},{"type":"Feature","properties":{"HYRIV_ID":20844252,"NEXT_DOWN":20844542,"MAIN_RIV":20847274,"LENGTH_KM":1.56,"CATCH_SKM":13.1,"DIS_AV_CMS":0.004,"ORD_STRA":1,"ORD_FLOW":9},"geometry":{"type":"LineString","coordinates":[[37.062499999999034,26.195833333333148],[37.052083333332405,26.20624999999979]]}},{"type":"Feature","properties":{"HYRIV_ID":20844253,"NEXT_DOWN":20844354,"MAIN_RIV":20848032,"LENGTH_KM":2.1800001,"CATCH_SKM":17.139999,"DIS_AV_CMS":0.007,"ORD_STRA":1,"ORD_FLOW":9},"geometry":{"type":"LineString","coordinates":[[37.2791666666657,26.21249999999977],[37.293749999998994,26.19791666666648]]}},{"type":"Feature","properties":{"HYRIV_ID":20844254,"NEXT_DOWN":20844354,"MAIN_RIV":20848032,"LENGTH_KM":4.3400002,"CATCH_SKM":11.17,"DIS_AV_CMS":0.253,"ORD_STRA":3,"ORD_FLOW":7},"geometry":{"type":"LineString","coordinates":[[37.293749999998994,26.231249999999783],[37.293749999998994,26.214583333333103],[37.29791666666566,26.210416666666454],[37.293749999998994,26.20624999999979],[37.29791666666566,26.202083333333086],[37.293749999998994,26.19791666666648]]}},{"type":"Feature","properties":{"HYRIV_ID":20844255,"NEXT_DOWN":20844201,"MAIN_RIV":20848032,"LENGTH_KM":1.35,"CATCH_SKM":15.99,"DIS_AV_CMS":0.007,"ORD_STRA":1,"ORD_FLOW":9},"geometry":{"type":"LineString","coordinates":[[37.733333333332325,26.195833333333148],[37.73958333333229,26.202083333333086],[37.74374999999904,26.202083333333086]]}},{"type":"Feature","properties":{"HYRIV_ID":20844353,"NEXT_DOWN":20843888,"MAIN_RIV":20843888,"LENGTH_KM":6.14,"CATCH_SKM":47.380001,"DIS_AV_CMS":0.006,"ORD_STRA":1,"ORD_FLOW":9},"geometry":{"type":"LineString","coordinates":[[36.50208333333239,26.18749999999978],[36.50208333333239,26.193749999999774],[36.49791666666573,26.19791666666648],[36.49791666666573,26.202083333333086],[36.468749999999034,26.231249999999783]]}},{"type":"Feature","properties":{"HYRIV_ID":20844354,"NEXT_DOWN":20844896,"MAIN_RIV":20848032,"LENGTH_KM":1.09,"CATCH_SKM":4.04,"DIS_AV_CMS":0.26100001,"ORD_STRA":3,"ORD_FLOW":7},"geometry":{"type":"LineString","coordinates":[[37.293749999998994,26.19791666666648],[37.29791666666566,26.193749999999774],[37.29791666666566,26.18958333333311]]}},{"type":"Feature","properties":{"HYRIV_ID":20844355,"NEXT_DOWN":20844896,"MAIN_RIV":20848032,"LENGTH_KM":1.46,"CATCH_SKM":16.76,"DIS_AV_CMS":0.007,"ORD_STRA":1,"ORD_FLOW":9},"geometry":{"type":"LineString","coordinates":[[37.31249999999906,26.18958333333311],[37.29791666666566,26.18958333333311]]}},{"type":"Feature","properties":{"HYRIV_ID":20844356,"NEXT_DOWN":20844199,"MAIN_RIV":20848032,"LENGTH_KM":3.58,"CATCH_SKM":6.9299998,"DIS_AV_CMS":0.046,"ORD_STRA":2,"ORD_FLOW":8},"geometry":{"type":"LineString","coordinates":[[37.4104166666657,26.18958333333311],[37.406249999999034,26.193749999999774],[37.406249999999034,26.19791666666648],[37.40208333333237,26.202083333333086],[37.39791666666571,26.202083333333086],[37.39374999999907,26.20624999999979],[37.38541666666566,26.20624999999979]]}},{"type":"Feature","properties":{"HYRIV_ID":20844357,"NEXT_DOWN":20844356,"MAIN_RIV":20848032,"LENGTH_KM":1.46,"CATCH_SKM":13.87,"DIS_AV_CMS":0.006,"ORD_STRA":1,"ORD_FLOW":9},"geometry":{"type":"LineString","coordinates":[[37.42499999999899,26.18958333333311],[37.4104166666657,26.18958333333311]]}},{"type":"Feature","properties":{"HYRIV_ID":20844488,"NEXT_DOWN":20844198,"MAIN_RIV":20848032,"LENGTH_KM":3.26,"CATCH_SKM":18.3,"DIS_AV_CMS":0.007,"ORD_STRA":1,"ORD_FLOW":9},"geometry":{"type":"LineString","coordinates":[[37.38333333333233,26.1812499999998],[37.37708333333234,26.1812499999998],[37.372916666665674,26.185416666666463],[37.372916666665674,26.193749999999774],[37.36874999999904,26.19791666666648],[37.36874999999904,26.202083333333086]]}},{"type":"Feature","properties":{"HYRIV_ID":20844541,"NEXT_DOWN":20845048,"MAIN_RIV":20847274,"LENGTH_KM":0.69,"CATCH_SKM":10.79,"DIS_AV_CMS":0.003,"ORD_STRA":1,"ORD_FLOW":9},"geometry":{"type":"LineString","coordinates":[[37.01458333333238,26.18333333333313],[37.01458333333238,26.177083333333094]]}},{"type":"Feature","properties":{"HYRIV_ID":20844542,"NEXT_DOWN":20845048,"MAIN_RIV":20847274,"LENGTH_KM":5.4499998,"CATCH_SKM":26.959999,"DIS_AV_CMS":0.031,"ORD_STRA":2,"ORD_FLOW":8},"geometry":{"type":"LineString","coordinates":[[37.052083333332405,26.20624999999979],[37.04791666666574,26.202083333333086],[37.039583333332416,26.202083333333086],[37.03541666666567,26.19791666666648],[37.03541666666567,26.193749999999774],[37.02708333333237,26.185416666666463],[37.02291666666571,26.185416666666463],[37.01458333333238,26.177083333333094]]}},{"type":"Feature","properties":{"HYRIV_ID":20844680,"NEXT_DOWN":20844947,"MAIN_RIV":20846524,"LENGTH_KM":2.4,"CATCH_SKM":14.64,"DIS_AV_CMS":0.002,"ORD_STRA":1,"ORD_FLOW":9},"geometry":{"type":"LineString","coordinates":[[36.85624999999902,26.18333333333313],[36.85624999999902,26.172916666666445],[36.86458333333235,26.16458333333312]]}},{"type":"Feature","properties":{"HYRIV_ID":20844681,"NEXT_DOWN":20844947,"MAIN_RIV":20846524,"LENGTH_KM":1.35,"CATCH_SKM":11.94,"DIS_AV_CMS":0.002,"ORD_STRA":1,"ORD_FLOW":9},"geometry":{"type":"LineString","coordinates":[[36.874999999999005,26.170833333333114],[36.86874999999901,26.16458333333312],[36.86458333333235,26.16458333333312]]}},{"type":"Feature","properties":{"HYRIV_ID":20844682,"NEXT_DOWN":20844683,"MAIN_RIV":20848032,"LENGTH_KM":6.4400001,"CATCH_SKM":21.959999,"DIS_AV_CMS":0.011,"ORD_STRA":1,"ORD_FLOW":8},"geometry":{"type":"LineString","coordinates":[[37.98749999999899,26.16458333333312],[38.01041666666569,26.16458333333312],[38.014583333332354,26.168749999999783],[38.01874999999902,26.168749999999783],[38.02291666666568,26.172916666666445],[38.027083333332314,26.168749999999783],[38.03958333333239,26.168749999999783],[38.04374999999905,26.16458333333312]]}},{"type":"Feature","properties":{"HYRIV_ID":20844716,"NEXT_DOWN":20845114,"MAIN_RIV":20847274,"LENGTH_KM":8.6400003,"CATCH_SKM":17.530001,"DIS_AV_CMS":0.016,"ORD_STRA":2,"ORD_FLOW":8},"geometry":{"type":"LineString","coordinates":[[37.12708333333234,26.22291666666647],[37.11458333333235,26.210416666666454],[37.11458333333235,26.19791666666648],[37.110416666665685,26.193749999999774],[37.10624999999905,26.193749999999774],[37.10208333333239,26.18958333333311],[37.10208333333239,26.172916666666445],[37.11458333333235,26.160416666666457]]}},{"type":"Feature","properties":{"HYRIV_ID":20844717,"NEXT_DOWN":20845114,"MAIN_RIV":20847274,"LENGTH_KM":12.22,"CATCH_SKM":59.700001,"DIS_AV_CMS":0.021,"ORD_STRA":1,"ORD_FLOW":8},"geometry":{"type":"LineString","coordinates":[[37.17499999999907,26.22708333333312],[37.16458333333233,26.22708333333312],[37.156249999999034,26.218749999999766],[37.156249999999034,26.202083333333086],[37.14791666666571,26.193749999999774],[37.143749999999045,26.193749999999774],[37.143749999999045,26.18958333333311],[37.13958333333238,26.185416666666463],[37.11874999999901,26.185416666666463],[37.11458333333235,26.1812499999998],[37.11874999999901,26.177083333333094],[37.11874999999901,26.16458333333312],[37.11458333333235,26.160416666666457]]}},{"type":"Feature","properties":{"HYRIV_ID":20844718,"NEXT_DOWN":20844760,"MAIN_RIV":20848032,"LENGTH_KM":5.5500002,"CATCH_SKM":30.049999,"DIS_AV_CMS":0.013,"ORD_STRA":1,"ORD_FLOW":8},"geometry":{"type":"LineString","coordinates":[[37.6083333333323,26.18749999999978],[37.61874999999904,26.177083333333094],[37.6229166666657,26.177083333333094],[37.627083333332365,26.172916666666445],[37.627083333332365,26.168749999999783],[37.63124999999903,26.16458333333312],[37.63541666666566,26.16458333333312],[37.639583333332325,26.160416666666457],[37.647916666665736,26.160416666666457]]}},{"type":"Feature","properties":{"HYRIV_ID":20844719,"NEXT_DOWN":20844760,"MAIN_RIV":20848032,"LENGTH_KM":7.4400001,"CATCH_SKM":38.52,"DIS_AV_CMS":0.124,"ORD_STRA":2,"ORD_FLOW":7},"geometry":{"type":"LineString","coordinates":[[37.6229166666657,26.218749999999766],[37.63541666666566,26.20624999999979],[37.63541666666566,26.193749999999774],[37.639583333332325,26.18958333333311],[37.639583333332325,26.1812499999998],[37.64374999999907,26.177083333333094],[37.64374999999907,26.16458333333312],[37.647916666665736,26.160416666666457]]}},{"type":"Feature","properties":{"HYRIV_ID":20844720,"NEXT_DOWN":20844103,"MAIN_RIV":20848032,"LENGTH_KM":10.53,"CATCH_SKM":57.41,"DIS_AV_CMS":0.026,"ORD_STRA":1,"ORD_FLOW":8},"geometry":{"type":"LineString","coordinates":[[37.77083333333232,26.15833333333314],[37.78124999999906,26.168749999999783],[37.785416666665725,26.168749999999783],[37.79374999999902,26.177083333333094],[37.797916666665685,26.177083333333094],[37.80208333333235,26.1812499999998],[37.81874999999897,26.1812499999998],[37.82708333333238,26.18958333333311],[37.831249999999045,26.18958333333311],[37.84791666666567,26.20624999999979],[37.84791666666567,26.210416666666454]]}},{"type":"Feature","properties":{"HYRIV_ID":20844759,"NEXT_DOWN":20845382,"MAIN_RIV":20845985,"LENGTH_KM":11.5,"CATCH_SKM":40.450001,"DIS_AV_CMS":0.024,"ORD_STRA":2,"ORD_FLOW":8},"geometry":{"type":"LineString","coordinates":[[36.76041666666572,26.22291666666647],[36.75208333333239,26.22291666666647],[36.747916666665645,26.218749999999766],[36.74374999999901,26.218749999999766],[36.735416666665685,26.210416666666454],[36.72708333333236,26.210416666666454],[36.7229166666657,26.20624999999979],[36.7229166666657,26.202083333333086],[36.718749999999034,26.19791666666648],[36.718749999999034,26.193749999999774],[36.710416666665736,26.185416666666463],[36.70624999999907,26.185416666666463],[36.70208333333241,26.1812499999998],[36.70208333333241,26.168749999999783],[36.693749999999,26.160416666666457],[36.693749999999,26.156249999999808]]}},{"type":"Feature","properties":{"HYRIV_ID":20844760,"NEXT_DOWN":20845118,"MAIN_RIV":20848032,"LENGTH_KM":1.45,"CATCH_SKM":2.31,"DIS_AV_CMS":0.139,"ORD_STRA":2,"ORD_FLOW":7},"geometry":{"type":"LineString","coordinates":[[37.647916666665736,26.160416666666457],[37.65624999999906,26.160416666666457],[37.6604166666657,26.156249999999808]]}},{"type":"Feature","properties":{"HYRIV_ID":20844761,"NEXT_DOWN":20845118,"MAIN_RIV":20848032,"LENGTH_KM":2.02,"CATCH_SKM":21.190001,"DIS_AV_CMS":0.009,"ORD_STRA":1,"ORD_FLOW":9},"geometry":{"type":"LineString","coordinates":[[37.670833333332354,26.170833333333114],[37.6604166666657,26.160416666666457],[37.6604166666657,26.156249999999808]]}},{"type":"Feature","properties":{"HYRIV_ID":20844804,"NEXT_DOWN":20845109,"MAIN_RIV":20845381,"LENGTH_KM":5.98,"CATCH_SKM":28.120001,"DIS_AV_CMS":0.003,"ORD_STRA":1,"ORD_FLOW":9},"geometry":{"type":"LineString","coordinates":[[36.5979166666657,26.195833333333148],[36.5979166666657,26.18958333333311],[36.60624999999902,26.1812499999998],[36.60208333333236,26.177083333333094],[36.60208333333236,26.172916666666445],[36.58958333333237,26.160416666666457],[36.58958333333237,26.156249999999808],[36.593749999999034,26.152083333333103]]}},{"type":"Feature","properties":{"HYRIV_ID":20844805,"NEXT_DOWN":20845109,"MAIN_RIV":20845381,"LENGTH_KM":9.7399998,"CATCH_SKM":34.869999,"DIS_AV_CMS":0.205,"ORD_STRA":4,"ORD_FLOW":7},"geometry":{"type":"LineString","coordinates":[[36.64791666666568,26.202083333333086],[36.63958333333238,26.193749999999774],[36.63958333333238,26.18958333333311],[36.64374999999902,26.185416666666463],[36.64374999999902,26.177083333333094],[36.63541666666572,26.168749999999783],[36.62708333333239,26.168749999999783],[36.62291666666573,26.16458333333312],[36.62291666666573,26.160416666666457],[36.61874999999898,26.156249999999808],[36.61458333333235,26.156249999999808],[36.610416666665685,26.152083333333103],[36.593749999999034,26.152083333333103]]}},{"type":"Feature","properties":{"HYRIV_ID":20844806,"NEXT_DOWN":20845382,"MAIN_RIV":20845985,"LENGTH_KM":1.35,"CATCH_SKM":16.76,"DIS_AV_CMS":0.002,"ORD_STRA":1,"ORD_FLOW":9},"geometry":{"type":"LineString","coordinates":[[36.70416666666574,26.14999999999977],[36.69791666666566,26.156249999999808],[36.693749999999,26.156249999999808]]}},{"type":"Feature","properties":{"HYRIV_ID":20844807,"NEXT_DOWN":20844897,"MAIN_RIV":20848032,"LENGTH_KM":5.9099998,"CATCH_SKM":43.919998,"DIS_AV_CMS":0.019,"ORD_STRA":1,"ORD_FLOW":8},"geometry":{"type":"LineString","coordinates":[[37.49166666666571,26.1812499999998],[37.485416666665714,26.1812499999998],[37.48124999999905,26.177083333333094],[37.4770833333323,26.177083333333094],[37.47291666666567,26.172916666666445],[37.468749999999005,26.172916666666445],[37.46458333333234,26.168749999999783],[37.46041666666568,26.168749999999783],[37.452083333332354,26.160416666666457],[37.452083333332354,26.152083333333103]]}},{"type":"Feature","properties":{"HYRIV_ID":20844808,"NEXT_DOWN":20844897,"MAIN_RIV":20848032,"LENGTH_KM":0.62,"CATCH_SKM":12.14,"DIS_AV_CMS":0.005,"ORD_STRA":1,"ORD_FLOW":9},"geometry":{"type":"LineString","coordinates":[[37.45833333333235,26.152083333333103],[37.452083333332354,26.152083333333103]]}},{"type":"Feature","properties":{"HYRIV_ID":20844809,"NEXT_DOWN":20843996,"MAIN_RIV":20848032,"LENGTH_KM":13.11,"CATCH_SKM":51.82,"DIS_AV_CMS":0.054,"ORD_STRA":2,"ORD_FLOW":8},"geometry":{"type":"LineString","coordinates":[[37.877083333332365,26.152083333333103],[37.88541666666569,26.160416666666457],[37.889583333332354,26.160416666666457],[37.889583333332354,26.16458333333312],[37.88541666666569,26.168749999999783],[37.88541666666569,26.177083333333094],[37.89374999999899,26.185416666666463],[37.89791666666565,26.185416666666463],[37.9020833333324,26.18958333333311],[37.90624999999906,26.18958333333311],[37.90624999999906,26.193749999999774],[37.91458333333239,26.202083333333086],[37.91874999999902,26.202083333333086],[37.922916666665685,26.20624999999979],[37.92708333333235,26.202083333333086],[37.93124999999901,26.202083333333086],[37.947916666665634,26.218749999999766],[37.947916666665634,26.22291666666647]]}},{"type":"Feature","properties":{"HYRIV_ID":20844856,"NEXT_DOWN":20844356,"MAIN_RIV":20848032,"LENGTH_KM":5.5900002,"CATCH_SKM":15.22,"DIS_AV_CMS":0.037,"ORD_STRA":2,"ORD_FLOW":8},"geometry":{"type":"LineString","coordinates":[[37.43541666666573,26.14791666666644],[37.43541666666573,26.152083333333103],[37.41874999999902,26.168749999999783],[37.41874999999902,26.172916666666445],[37.41458333333236,26.177083333333094],[37.41458333333236,26.1812499999998],[37.4104166666657,26.185416666666463],[37.4104166666657,26.18958333333311]]}},{"type":"Feature","properties":{"HYRIV_ID":20844896,"NEXT_DOWN":20845051,"MAIN_RIV":20848032,"LENGTH_KM":5.2600002,"CATCH_SKM":17.92,"DIS_AV_CMS":0.274,"ORD_STRA":3,"ORD_FLOW":7},"geometry":{"type":"LineString","coordinates":[[37.29791666666566,26.18958333333311],[37.29791666666566,26.152083333333103],[37.302083333332405,26.14791666666644],[37.302083333332405,26.14374999999979]]}},{"type":"Feature","properties":{"HYRIV_ID":20844897,"NEXT_DOWN":20844856,"MAIN_RIV":20848032,"LENGTH_KM":2.28,"CATCH_SKM":3.08,"DIS_AV_CMS":0.025,"ORD_STRA":2,"ORD_FLOW":8},"geometry":{"type":"LineString","coordinates":[[37.452083333332354,26.152083333333103],[37.443749999999056,26.14374999999979],[37.43958333333239,26.14374999999979],[37.43541666666573,26.14791666666644]]}},{"type":"Feature","properties":{"HYRIV_ID":20844947,"NEXT_DOWN":20845110,"MAIN_RIV":20846524,"LENGTH_KM":3.1,"CATCH_SKM":5.7800002,"DIS_AV_CMS":0.005,"ORD_STRA":2,"ORD_FLOW":9},"geometry":{"type":"LineString","coordinates":[[36.86458333333235,26.16458333333312],[36.86458333333235,26.152083333333103],[36.86874999999901,26.14791666666644],[36.86874999999901,26.14374999999979],[36.872916666665674,26.139583333333128]]}},{"type":"Feature","properties":{"HYRIV_ID":20844948,"NEXT_DOWN":20845110,"MAIN_RIV":20846524,"LENGTH_KM":1.46,"CATCH_SKM":14.45,"DIS_AV_CMS":0.003,"ORD_STRA":1,"ORD_FLOW":9},"geometry":{"type":"LineString","coordinates":[[36.88749999999905,26.139583333333128],[36.872916666665674,26.139583333333128]]}},{"type":"Feature","properties":{"HYRIV_ID":20844949,"NEXT_DOWN":20844856,"MAIN_RIV":20848032,"LENGTH_KM":1.71,"CATCH_SKM":14.65,"DIS_AV_CMS":0.006,"ORD_STRA":1,"ORD_FLOW":9},"geometry":{"type":"LineString","coordinates":[[37.42499999999899,26.139583333333128],[37.43124999999907,26.139583333333128],[37.43541666666573,26.14374999999979],[37.43541666666573,26.14791666666644]]}},{"type":"Feature","properties":{"HYRIV_ID":20844997,"NEXT_DOWN":20845112,"MAIN_RIV":20847274,"LENGTH_KM":12.88,"CATCH_SKM":52.389999,"DIS_AV_CMS":0.012,"ORD_STRA":1,"ORD_FLOW":8},"geometry":{"type":"LineString","coordinates":[[36.99583333333234,26.22499999999979],[36.985416666665685,26.214583333333103],[36.98124999999902,26.214583333333103],[36.98124999999902,26.210416666666454],[36.97708333333239,26.20624999999979],[36.97708333333239,26.193749999999774],[36.98124999999902,26.18958333333311],[36.98124999999902,26.177083333333094],[36.97708333333239,26.172916666666445],[36.96874999999906,26.172916666666445],[36.9645833333324,26.168749999999783],[36.96874999999906,26.16458333333312],[36.96874999999906,26.160416666666457],[36.97708333333239,26.152083333333103],[36.97708333333239,26.14374999999979],[36.98124999999902,26.139583333333128],[36.98124999999902,26.135416666666423]]}},{"type":"Feature","properties":{"HYRIV_ID":20845045,"NEXT_DOWN":20845111,"MAIN_RIV":20847274,"LENGTH_KM":1.04,"CATCH_SKM":10.79,"DIS_AV_CMS":0.002,"ORD_STRA":1,"ORD_FLOW":9},"geometry":{"type":"LineString","coordinates":[[36.94583333333236,26.131249999999817],[36.95624999999899,26.131249999999817]]}},{"type":"Feature","properties":{"HYRIV_ID":20845046,"NEXT_DOWN":20845111,"MAIN_RIV":20847274,"LENGTH_KM":11.99,"CATCH_SKM":37.759998,"DIS_AV_CMS":0.193,"ORD_STRA":3,"ORD_FLOW":7},"geometry":{"type":"LineString","coordinates":[[36.91874999999908,26.218749999999766],[36.91458333333233,26.214583333333103],[36.91458333333233,26.210416666666454],[36.91874999999908,26.20624999999979],[36.91874999999908,26.1812499999998],[36.92291666666574,26.177083333333094],[36.92291666666574,26.168749999999783],[36.92708333333238,26.16458333333312],[36.93124999999904,26.16458333333312],[36.9354166666657,26.160416666666457],[36.9354166666657,26.156249999999808],[36.939583333332365,26.152083333333103],[36.94374999999903,26.152083333333103],[36.95624999999899,26.139583333333128],[36.95624999999899,26.131249999999817]]}},{"type":"Feature","properties":{"HYRIV_ID":20845047,"NEXT_DOWN":20845112,"MAIN_RIV":20847274,"LENGTH_KM":2.29,"CATCH_SKM":3.85,"DIS_AV_CMS":0.044,"ORD_STRA":2,"ORD_FLOW":8},"geometry":{"type":"LineString","coordinates":[[37.00208333333234,26.131249999999817],[36.997916666665674,26.131249999999817],[36.99374999999901,26.135416666666423],[36.98124999999902,26.135416666666423]]}},{"type":"Feature","properties":{"HYRIV_ID":20845048,"NEXT_DOWN":20845047,"MAIN_RIV":20847274,"LENGTH_KM":6.0900002,"CATCH_SKM":24.860001,"DIS_AV_CMS":0.041,"ORD_STRA":2,"ORD_FLOW":8},"geometry":{"type":"LineString","coordinates":[[37.01458333333238,26.177083333333094],[37.01458333333238,26.14374999999979],[37.01041666666572,26.139583333333128],[37.00208333333234,26.139583333333128],[37.00208333333234,26.131249999999817]]}},{"type":"Feature","properties":{"HYRIV_ID":20845049,"NEXT_DOWN":20845159,"MAIN_RIV":20847274,"LENGTH_KM":6.02,"CATCH_SKM":25.82,"DIS_AV_CMS":0.009,"ORD_STRA":1,"ORD_FLOW":9},"geometry":{"type":"LineString","coordinates":[[37.23333333333238,26.156249999999808],[37.22708333333239,26.156249999999808],[37.21874999999898,26.14791666666644],[37.21458333333234,26.14791666666644],[37.202083333332354,26.135416666666423],[37.189583333332365,26.135416666666423],[37.18541666666573,26.131249999999817]]}},{"type":"Feature","properties":{"HYRIV_ID":20845050,"NEXT_DOWN":20845383,"MAIN_RIV":20848032,"LENGTH_KM":1.86,"CATCH_SKM":17.15,"DIS_AV_CMS":0.006,"ORD_STRA":1,"ORD_FLOW":9},"geometry":{"type":"LineString","coordinates":[[37.27499999999904,26.145833333333123],[37.281249999999034,26.139583333333128],[37.281249999999034,26.131249999999817]]}},{"type":"Feature","properties":{"HYRIV_ID":20845051,"NEXT_DOWN":20845383,"MAIN_RIV":20848032,"LENGTH_KM":2.7,"CATCH_SKM":5.4,"DIS_AV_CMS":0.289,"ORD_STRA":3,"ORD_FLOW":7},"geometry":{"type":"LineString","coordinates":[[37.302083333332405,26.14374999999979],[37.29791666666566,26.139583333333128],[37.28958333333236,26.139583333333128],[37.281249999999034,26.131249999999817]]}},{"type":"Feature","properties":{"HYRIV_ID":20845052,"NEXT_DOWN":20845385,"MAIN_RIV":20848032,"LENGTH_KM":3.33,"CATCH_SKM":17.540001,"DIS_AV_CMS":0.007,"ORD_STRA":1,"ORD_FLOW":9},"geometry":{"type":"LineString","coordinates":[[37.566666666665725,26.135416666666423],[37.58541666666568,26.135416666666423],[37.58958333333234,26.131249999999817],[37.59791666666567,26.131249999999817]]}},{"type":"Feature","properties":{"HYRIV_ID":20845053,"NEXT_DOWN":20845385,"MAIN_RIV":20848032,"LENGTH_KM":6.6799998,"CATCH_SKM":30.440001,"DIS_AV_CMS":0.013,"ORD_STRA":1,"ORD_FLOW":8},"geometry":{"type":"LineString","coordinates":[[37.56249999999906,26.179166666666426],[37.57708333333238,26.16458333333312],[37.57708333333238,26.160416666666457],[37.58958333333234,26.14791666666644],[37.58958333333234,26.14374999999979],[37.59791666666567,26.135416666666423],[37.59791666666567,26.131249999999817]]}},{"type":"Feature","properties":{"HYRIV_ID":20845054,"NEXT_DOWN":20844809,"MAIN_RIV":20848032,"LENGTH_KM":4.1500001,"CATCH_SKM":19.469999,"DIS_AV_CMS":0.009,"ORD_STRA":1,"ORD_FLOW":9},"geometry":{"type":"LineString","coordinates":[[37.85416666666566,26.131249999999817],[37.864583333332405,26.131249999999817],[37.877083333332365,26.14374999999979],[37.8729166666657,26.14791666666644],[37.877083333332365,26.152083333333103]]}},{"type":"Feature","properties":{"HYRIV_ID":20845108,"NEXT_DOWN":20845381,"MAIN_RIV":20845381,"LENGTH_KM":9.6800003,"CATCH_SKM":42.959999,"DIS_AV_CMS":0.005,"ORD_STRA":1,"ORD_FLOW":9},"geometry":{"type":"LineString","coordinates":[[36.56666666666567,26.18958333333311],[36.5604166666657,26.18958333333311],[36.55624999999904,26.185416666666463],[36.55208333333238,26.185416666666463],[36.547916666665714,26.1812499999998],[36.54374999999905,26.1812499999998],[36.54374999999905,26.172916666666445],[36.53958333333239,26.168749999999783],[36.53958333333239,26.16458333333312],[36.54374999999905,26.160416666666457],[36.53958333333239,26.156249999999808],[36.53958333333239,26.152083333333103],[36.54374999999905,26.14791666666644],[36.54374999999905,26.14374999999979],[36.55208333333238,26.135416666666423],[36.55208333333238,26.12708333333311]]}},{"type":"Feature","properties":{"HYRIV_ID":20845109,"NEXT_DOWN":20845381,"MAIN_RIV":20845381,"LENGTH_KM":5.6599998,"CATCH_SKM":19.08,"DIS_AV_CMS":0.203,"ORD_STRA":4,"ORD_FLOW":7},"geometry":{"type":"LineString","coordinates":[[36.593749999999034,26.152083333333103],[36.58958333333237,26.14791666666644],[36.58124999999907,26.14791666666644],[36.57708333333241,26.14374999999979],[36.568749999999,26.14374999999979],[36.56458333333234,26.139583333333128],[36.56458333333234,26.135416666666423],[36.5604166666657,26.131249999999817],[36.55624999999904,26.131249999999817],[36.55208333333238,26.12708333333311]]}},{"type":"Feature","properties":{"HYRIV_ID":20845110,"NEXT_DOWN":20845323,"MAIN_RIV":20846524,"LENGTH_KM":1.55,"CATCH_SKM":3.6600001,"DIS_AV_CMS":0.009,"ORD_STRA":2,"ORD_FLOW":9},"geometry":{"type":"LineString","coordinates":[[36.872916666665674,26.139583333333128],[36.872916666665674,26.135416666666423],[36.86874999999901,26.131249999999817],[36.86874999999901,26.12708333333311]]}},{"type":"Feature","properties":{"HYRIV_ID":20845111,"NEXT_DOWN":20845570,"MAIN_RIV":20847274,"LENGTH_KM":0.46,"CATCH_SKM":0.96,"DIS_AV_CMS":0.195,"ORD_STRA":3,"ORD_FLOW":7},"geometry":{"type":"LineString","coordinates":[[36.95624999999899,26.131249999999817],[36.95624999999899,26.12708333333311]]}},{"type":"Feature","properties":{"HYRIV_ID":20845112,"NEXT_DOWN":20845570,"MAIN_RIV":20847274,"LENGTH_KM":2.9100001,"CATCH_SKM":7.71,"DIS_AV_CMS":0.057,"ORD_STRA":2,"ORD_FLOW":8},"geometry":{"type":"LineString","coordinates":[[36.98124999999902,26.135416666666423],[36.972916666665725,26.12708333333311],[36.95624999999899,26.12708333333311]]}},{"type":"Feature","properties":{"HYRIV_ID":20845113,"NEXT_DOWN":20845047,"MAIN_RIV":20847274,"LENGTH_KM":1.66,"CATCH_SKM":12.53,"DIS_AV_CMS":0.003,"ORD_STRA":1,"ORD_FLOW":9},"geometry":{"type":"LineString","coordinates":[[37.016666666665714,26.12708333333311],[37.006249999999056,26.12708333333311],[37.00208333333234,26.131249999999817]]}},{"type":"Feature","properties":{"HYRIV_ID":20845114,"NEXT_DOWN":20845274,"MAIN_RIV":20847274,"LENGTH_KM":3.87,"CATCH_SKM":7.3200002,"DIS_AV_CMS":0.039,"ORD_STRA":2,"ORD_FLOW":8},"geometry":{"type":"LineString","coordinates":[[37.11458333333235,26.160416666666457],[37.11458333333235,26.156249999999808],[37.11874999999901,26.152083333333103],[37.11874999999901,26.12708333333311]]}},{"type":"Feature","properties":{"HYRIV_ID":20845115,"NEXT_DOWN":20845274,"MAIN_RIV":20847274,"LENGTH_KM":0.83,"CATCH_SKM":1.16,"DIS_AV_CMS":0.042,"ORD_STRA":2,"ORD_FLOW":8},"geometry":{"type":"LineString","coordinates":[[37.12708333333234,26.12708333333311],[37.11874999999901,26.12708333333311]]}},{"type":"Feature","properties":{"HYRIV_ID":20845116,"NEXT_DOWN":20845115,"MAIN_RIV":20847274,"LENGTH_KM":12.56,"CATCH_SKM":60.68,"DIS_AV_CMS":0.021,"ORD_STRA":1,"ORD_FLOW":8},"geometry":{"type":"LineString","coordinates":[[37.202083333332354,26.195833333333148],[37.202083333332354,26.172916666666445],[37.19374999999903,26.16458333333312],[37.18541666666573,26.16458333333312],[37.18124999999907,26.160416666666457],[37.177083333332405,26.160416666666457],[37.168749999998994,26.152083333333103],[37.16458333333233,26.152083333333103],[37.1604166666657,26.14791666666644],[37.156249999999034,26.14791666666644],[37.15208333333237,26.14374999999979],[37.143749999999045,26.14374999999979],[37.13958333333238,26.139583333333128],[37.13541666666566,26.139583333333128],[37.12708333333234,26.131249999999817],[37.12708333333234,26.12708333333311]]}},{"type":"Feature","properties":{"HYRIV_ID":20845117,"NEXT_DOWN":20845051,"MAIN_RIV":20848032,"LENGTH_KM":4.62,"CATCH_SKM":33.529999,"DIS_AV_CMS":0.013,"ORD_STRA":1,"ORD_FLOW":8},"geometry":{"type":"LineString","coordinates":[[37.33749999999901,26.12708333333311],[37.33124999999902,26.12708333333311],[37.327083333332354,26.131249999999817],[37.31874999999903,26.131249999999817],[37.31458333333239,26.135416666666423],[37.31458333333239,26.139583333333128],[37.31041666666573,26.139583333333128],[37.30624999999907,26.14374999999979],[37.302083333332405,26.14374999999979]]}},{"type":"Feature","properties":{"HYRIV_ID":20845118,"NEXT_DOWN":20845386,"MAIN_RIV":20848032,"LENGTH_KM":3.72,"CATCH_SKM":12.33,"DIS_AV_CMS":0.153,"ORD_STRA":2,"ORD_FLOW":7},"geometry":{"type":"LineString","coordinates":[[37.6604166666657,26.156249999999808],[37.66458333333236,26.152083333333103],[37.66458333333236,26.14374999999979],[37.672916666665685,26.135416666666423],[37.672916666665685,26.12708333333311]]}},{"type":"Feature","properties":{"HYRIV_ID":20845158,"NEXT_DOWN":20845323,"MAIN_RIV":20846524,"LENGTH_KM":0.93,"CATCH_SKM":11.56,"DIS_AV_CMS":0.002,"ORD_STRA":1,"ORD_FLOW":9},"geometry":{"type":"LineString","coordinates":[[36.874999999999005,26.120833333333117],[36.86874999999901,26.12708333333311]]}},{"type":"Feature","properties":{"HYRIV_ID":20845159,"NEXT_DOWN":20845115,"MAIN_RIV":20847274,"LENGTH_KM":6.8600001,"CATCH_SKM":14.07,"DIS_AV_CMS":0.02,"ORD_STRA":2,"ORD_FLOW":8},"geometry":{"type":"LineString","coordinates":[[37.18541666666573,26.131249999999817],[37.1604166666657,26.131249999999817],[37.156249999999034,26.135416666666423],[37.14791666666571,26.135416666666423],[37.13958333333238,26.12708333333311],[37.13541666666566,26.12708333333311],[37.131249999999,26.12291666666645],[37.12708333333234,26.12708333333311]]}},{"type":"Feature","properties":{"HYRIV_ID":20845160,"NEXT_DOWN":20845386,"MAIN_RIV":20848032,"LENGTH_KM":2.7,"CATCH_SKM":17.34,"DIS_AV_CMS":0.008,"ORD_STRA":1,"ORD_FLOW":9},"geometry":{"type":"LineString","coordinates":[[37.69583333333239,26.12708333333311],[37.685416666665645,26.12708333333311],[37.68124999999901,26.12291666666645],[37.67708333333235,26.12291666666645],[37.672916666665685,26.12708333333311]]}},{"type":"Feature","properties":{"HYRIV_ID":20845161,"NEXT_DOWN":20844809,"MAIN_RIV":20848032,"LENGTH_KM":10.33,"CATCH_SKM":43.169998,"DIS_AV_CMS":0.02,"ORD_STRA":1,"ORD_FLOW":8},"geometry":{"type":"LineString","coordinates":[[37.795833333332354,26.120833333333117],[37.810416666665674,26.135416666666423],[37.810416666665674,26.139583333333128],[37.81458333333234,26.14374999999979],[37.81874999999897,26.14374999999979],[37.82708333333238,26.152083333333103],[37.84791666666567,26.152083333333103],[37.85208333333233,26.14791666666644],[37.86041666666566,26.14791666666644],[37.864583333332405,26.152083333333103],[37.877083333332365,26.152083333333103]]}},{"type":"Feature","properties":{"HYRIV_ID":20845162,"NEXT_DOWN":20845276,"MAIN_RIV":20848032,"LENGTH_KM":4.7800002,"CATCH_SKM":30.059999,"DIS_AV_CMS":0.014,"ORD_STRA":1,"ORD_FLOW":8},"geometry":{"type":"LineString","coordinates":[[37.912499999999056,26.139583333333128],[37.92708333333235,26.139583333333128],[37.93124999999901,26.135416666666423],[37.935416666665674,26.135416666666423],[37.93958333333234,26.131249999999817],[37.943749999999,26.131249999999817],[37.95208333333238,26.12291666666645]]}},{"type":"Feature","properties":{"HYRIV_ID":20845207,"NEXT_DOWN":20845159,"MAIN_RIV":20847274,"LENGTH_KM":4.9899998,"CATCH_SKM":17.73,"DIS_AV_CMS":0.006,"ORD_STRA":1,"ORD_FLOW":9},"geometry":{"type":"LineString","coordinates":[[37.22916666666572,26.1187499999998],[37.21874999999898,26.1187499999998],[37.21041666666568,26.12708333333311],[37.19374999999903,26.12708333333311],[37.189583333332365,26.131249999999817],[37.18541666666573,26.131249999999817]]}},{"type":"Feature","properties":{"HYRIV_ID":20845273,"NEXT_DOWN":20845324,"MAIN_RIV":20847274,"LENGTH_KM":5.85,"CATCH_SKM":23.889999,"DIS_AV_CMS":0.007,"ORD_STRA":1,"ORD_FLOW":9},"geometry":{"type":"LineString","coordinates":[[37.09166666666573,26.154166666666434],[37.097916666665725,26.14791666666644],[37.10208333333239,26.14791666666644],[37.10624999999905,26.14374999999979],[37.10624999999905,26.135416666666423],[37.10208333333239,26.131249999999817],[37.10208333333239,26.12708333333311],[37.11458333333235,26.114583333333094]]}},{"type":"Feature","properties":{"HYRIV_ID":20845274,"NEXT_DOWN":20845324,"MAIN_RIV":20847274,"LENGTH_KM":1.87,"CATCH_SKM":2.31,"DIS_AV_CMS":0.082,"ORD_STRA":3,"ORD_FLOW":8},"geometry":{"type":"LineString","coordinates":[[37.11874999999901,26.12708333333311],[37.11458333333235,26.12291666666645],[37.11874999999901,26.1187499999998],[37.11458333333235,26.114583333333094]]}},{"type":"Feature","properties":{"HYRIV_ID":20845275,"NEXT_DOWN":20845276,"MAIN_RIV":20848032,"LENGTH_KM":1.09,"CATCH_SKM":1.35,"DIS_AV_CMS":0.022,"ORD_STRA":2,"ORD_FLOW":8},"geometry":{"type":"LineString","coordinates":[[37.947916666665634,26.114583333333094],[37.95208333333238,26.1187499999998],[37.95208333333238,26.12291666666645]]}},{"type":"Feature","properties":{"HYRIV_ID":20845276,"NEXT_DOWN":20845277,"MAIN_RIV":20848032,"LENGTH_KM":4.9899998,"CATCH_SKM":13.3,"DIS_AV_CMS":0.042,"ORD_STRA":2,"ORD_FLOW":8},"geometry":{"type":"LineString","coordinates":[[37.95208333333238,26.12291666666645],[37.956249999999045,26.12291666666645],[37.96041666666571,26.1187499999998],[37.97291666666567,26.1187499999998],[37.97708333333233,26.114583333333094],[37.981249999998994,26.1187499999998],[37.98541666666566,26.114583333333094],[37.99374999999898,26.114583333333094]]}},{"type":"Feature","properties":{"HYRIV_ID":20845277,"NEXT_DOWN":20845278,"MAIN_RIV":20848032,"LENGTH_KM":9.1899996,"CATCH_SKM":15.22,"DIS_AV_CMS":0.059,"ORD_STRA":2,"ORD_FLOW":8},"geometry":{"type":"LineString","coordinates":[[37.99374999999898,26.114583333333094],[38.002083333332365,26.12291666666645],[38.00624999999903,26.12291666666645],[38.01041666666569,26.12708333333311],[38.02291666666568,26.12708333333311],[38.03124999999906,26.135416666666423],[38.035416666665725,26.135416666666423],[38.03958333333239,26.139583333333128],[38.04374999999905,26.139583333333128],[38.047916666665714,26.14374999999979],[38.060416666665674,26.14374999999979],[38.06458333333234,26.14791666666644],[38.06458333333234,26.152083333333103]]}},{"type":"Feature","properties":{"HYRIV_ID":20845322,"NEXT_DOWN":20845518,"MAIN_RIV":20846524,"LENGTH_KM":6.0100002,"CATCH_SKM":26.4,"DIS_AV_CMS":0.004,"ORD_STRA":1,"ORD_FLOW":9},"geometry":{"type":"LineString","coordinates":[[36.812499999999034,26.14999999999977],[36.81874999999903,26.14374999999979],[36.81874999999903,26.139583333333128],[36.83124999999907,26.12708333333311],[36.835416666665736,26.12708333333311],[36.8395833333324,26.12291666666645],[36.8395833333324,26.1187499999998],[36.847916666665725,26.11041666666643]]}},{"type":"Feature","properties":{"HYRIV_ID":20845323,"NEXT_DOWN":20845518,"MAIN_RIV":20846524,"LENGTH_KM":2.9100001,"CATCH_SKM":5.9699998,"DIS_AV_CMS":0.012,"ORD_STRA":2,"ORD_FLOW":8},"geometry":{"type":"LineString","coordinates":[[36.86874999999901,26.12708333333311],[36.85624999999902,26.114583333333094],[36.85208333333236,26.114583333333094],[36.847916666665725,26.11041666666643]]}},{"type":"Feature","properties":{"HYRIV_ID":20845324,"NEXT_DOWN":20845927,"MAIN_RIV":20847274,"LENGTH_KM":0.62,"CATCH_SKM":0.58,"DIS_AV_CMS":0.089,"ORD_STRA":3,"ORD_FLOW":8},"geometry":{"type":"LineString","coordinates":[[37.11458333333235,26.114583333333094],[37.110416666665685,26.11041666666643]]}},{"type":"Feature","properties":{"HYRIV_ID":20845381,"NEXT_DOWN":0,"MAIN_RIV":20845381,"LENGTH_KM":4.7800002,"CATCH_SKM":13.88,"DIS_AV_CMS":0.203,"ORD_STRA":4,"ORD_FLOW":7},"geometry":{"type":"LineString","coordinates":[[36.55208333333238,26.12708333333311],[36.53958333333239,26.12708333333311],[36.53124999999909,26.1187499999998],[36.52708333333234,26.1187499999998],[36.514583333332354,26.106249999999783]]}},{"type":"Feature","properties":{"HYRIV_ID":20845382,"NEXT_DOWN":20845985,"MAIN_RIV":20845985,"LENGTH_KM":7.0900002,"CATCH_SKM":15.03,"DIS_AV_CMS":0.027,"ORD_STRA":2,"ORD_FLOW":8},"geometry":{"type":"LineString","coordinates":[[36.693749999999,26.156249999999808],[36.68124999999904,26.14374999999979],[36.67708333333238,26.14374999999979],[36.664583333332416,26.131249999999817],[36.664583333332416,26.1187499999998],[36.66874999999905,26.114583333333094],[36.66874999999905,26.106249999999783]]}},{"type":"Feature","properties":{"HYRIV_ID":20845383,"NEXT_DOWN":20845928,"MAIN_RIV":20848032,"LENGTH_KM":3.1,"CATCH_SKM":9.25,"DIS_AV_CMS":0.299,"ORD_STRA":3,"ORD_FLOW":7},"geometry":{"type":"LineString","coordinates":[[37.281249999999034,26.131249999999817],[37.281249999999034,26.12708333333311],[37.2854166666657,26.12291666666645],[37.2854166666657,26.1187499999998],[37.28958333333236,26.114583333333094],[37.28958333333236,26.106249999999783]]}},{"type":"Feature","properties":{"HYRIV_ID":20845384,"NEXT_DOWN":20845928,"MAIN_RIV":20848032,"LENGTH_KM":1.87,"CATCH_SKM":12.53,"DIS_AV_CMS":0.005,"ORD_STRA":1,"ORD_FLOW":9},"geometry":{"type":"LineString","coordinates":[[37.304166666665736,26.106249999999783],[37.29791666666566,26.106249999999783],[37.293749999998994,26.11041666666643],[37.28958333333236,26.106249999999783]]}},{"type":"Feature","properties":{"HYRIV_ID":20845385,"NEXT_DOWN":20845990,"MAIN_RIV":20848032,"LENGTH_KM":7.9,"CATCH_SKM":22.549999,"DIS_AV_CMS":0.03,"ORD_STRA":2,"ORD_FLOW":8},"geometry":{"type":"LineString","coordinates":[[37.59791666666567,26.131249999999817],[37.60208333333233,26.12708333333311],[37.61874999999904,26.12708333333311],[37.6229166666657,26.12291666666645],[37.63541666666566,26.12291666666645],[37.639583333332325,26.1187499999998],[37.647916666665736,26.1187499999998],[37.6520833333324,26.114583333333094],[37.65624999999906,26.114583333333094],[37.66458333333236,26.106249999999783]]}},{"type":"Feature","properties":{"HYRIV_ID":20845386,"NEXT_DOWN":20845990,"MAIN_RIV":20848032,"LENGTH_KM":2.6300001,"CATCH_SKM":6.75,"DIS_AV_CMS":0.164,"ORD_STRA":2,"ORD_FLOW":7},"geometry":{"type":"LineString","coordinates":[[37.672916666665685,26.12708333333311],[37.66874999999902,26.12291666666645],[37.66874999999902,26.1187499999998],[37.66458333333236,26.114583333333094],[37.66458333333236,26.106249999999783]]}},{"type":"Feature","properties":{"HYRIV_ID":20845431,"NEXT_DOWN":20845985,"MAIN_RIV":20845985,"LENGTH_KM":18.49,"CATCH_SKM":85.75,"DIS_AV_CMS":0.011,"ORD_STRA":1,"ORD_FLOW":8},"geometry":{"type":"LineString","coordinates":[[36.77291666666568,26.179166666666426],[36.77291666666568,26.168749999999783],[36.768749999999045,26.16458333333312],[36.76458333333238,26.16458333333312],[36.76041666666572,26.160416666666457],[36.756249999999056,26.160416666666457],[36.75208333333239,26.156249999999808],[36.76041666666572,26.14791666666644],[36.747916666665645,26.135416666666423],[36.75208333333239,26.131249999999817],[36.747916666665645,26.12708333333311],[36.747916666665645,26.1187499999998],[36.73958333333235,26.11041666666643],[36.735416666665685,26.11041666666643],[36.73124999999902,26.106249999999783],[36.7229166666657,26.106249999999783],[36.718749999999034,26.10208333333312],[36.70624999999907,26.10208333333312],[36.70208333333241,26.106249999999783],[36.68124999999904,26.106249999999783],[36.67708333333238,26.10208333333312],[36.672916666665714,26.106249999999783],[36.66874999999905,26.106249999999783]]}},{"type":"Feature","properties":{"HYRIV_ID":20845432,"NEXT_DOWN":20845927,"MAIN_RIV":20847274,"LENGTH_KM":4.9899998,"CATCH_SKM":13.69,"DIS_AV_CMS":0.019,"ORD_STRA":2,"ORD_FLOW":8},"geometry":{"type":"LineString","coordinates":[[37.156249999999034,26.10208333333312],[37.12708333333234,26.10208333333312],[37.122916666665674,26.106249999999783],[37.11458333333235,26.106249999999783],[37.110416666665685,26.11041666666643]]}},{"type":"Feature","properties":{"HYRIV_ID":20845433,"NEXT_DOWN":20845778,"MAIN_RIV":20848032,"LENGTH_KM":4.0500002,"CATCH_SKM":28.91,"DIS_AV_CMS":0.011,"ORD_STRA":1,"ORD_FLOW":8},"geometry":{"type":"LineString","coordinates":[[37.44999999999902,26.120833333333117],[37.468749999999005,26.10208333333312],[37.48124999999905,26.10208333333312]]}},{"type":"Feature","properties":{"HYRIV_ID":20845434,"NEXT_DOWN":20845778,"MAIN_RIV":20848032,"LENGTH_KM":6.89,"CATCH_SKM":29.290001,"DIS_AV_CMS":0.012,"ORD_STRA":1,"ORD_FLOW":8},"geometry":{"type":"LineString","coordinates":[[37.520833333332405,26.145833333333123],[37.51458333333241,26.139583333333128],[37.506249999999,26.139583333333128],[37.50208333333234,26.135416666666423],[37.50208333333234,26.131249999999817],[37.48958333333238,26.1187499999998],[37.48958333333238,26.114583333333094],[37.48124999999905,26.106249999999783],[37.48124999999905,26.10208333333312]]}},{"type":"Feature","properties":{"HYRIV_ID":20845435,"NEXT_DOWN":20845275,"MAIN_RIV":20848032,"LENGTH_KM":6.8600001,"CATCH_SKM":26.209999,"DIS_AV_CMS":0.012,"ORD_STRA":1,"ORD_FLOW":8},"geometry":{"type":"LineString","coordinates":[[37.88749999999902,26.106249999999783],[37.89374999999899,26.106249999999783],[37.89791666666565,26.10208333333312],[37.91874999999902,26.10208333333312],[37.92708333333235,26.11041666666643],[37.93124999999901,26.11041666666643],[37.935416666665674,26.114583333333094],[37.947916666665634,26.114583333333094]]}},{"type":"Feature","properties":{"HYRIV_ID":20845517,"NEXT_DOWN":20845879,"MAIN_RIV":20846524,"LENGTH_KM":2.9,"CATCH_SKM":16.379999,"DIS_AV_CMS":0.002,"ORD_STRA":1,"ORD_FLOW":9},"geometry":{"type":"LineString","coordinates":[[36.80833333333237,26.112499999999763],[36.814583333332365,26.106249999999783],[36.81874999999903,26.106249999999783],[36.81874999999903,26.10208333333312],[36.82291666666569,26.097916666666457],[36.82291666666569,26.093749999999808]]}},{"type":"Feature","properties":{"HYRIV_ID":20845518,"NEXT_DOWN":20845879,"MAIN_RIV":20846524,"LENGTH_KM":3.32,"CATCH_SKM":16.77,"DIS_AV_CMS":0.018,"ORD_STRA":2,"ORD_FLOW":8},"geometry":{"type":"LineString","coordinates":[[36.847916666665725,26.11041666666643],[36.835416666665736,26.097916666666457],[36.827083333332325,26.097916666666457],[36.82291666666569,26.093749999999808]]}},{"type":"Feature","properties":{"HYRIV_ID":20845519,"NEXT_DOWN":20845432,"MAIN_RIV":20847274,"LENGTH_KM":6.8600001,"CATCH_SKM":30.84,"DIS_AV_CMS":0.01,"ORD_STRA":1,"ORD_FLOW":8},"geometry":{"type":"LineString","coordinates":[[37.216666666665645,26.093749999999808],[37.19791666666569,26.093749999999808],[37.18541666666573,26.106249999999783],[37.18124999999907,26.10208333333312],[37.156249999999034,26.10208333333312]]}},{"type":"Feature","properties":{"HYRIV_ID":20845520,"NEXT_DOWN":20845275,"MAIN_RIV":20848032,"LENGTH_KM":3.84,"CATCH_SKM":19.469999,"DIS_AV_CMS":0.009,"ORD_STRA":1,"ORD_FLOW":9},"geometry":{"type":"LineString","coordinates":[[37.920833333332354,26.091666666666434],[37.93124999999901,26.10208333333312],[37.935416666665674,26.10208333333312],[37.947916666665634,26.114583333333094]]}},{"type":"Feature","properties":{"HYRIV_ID":20845570,"NEXT_DOWN":20846165,"MAIN_RIV":20847274,"LENGTH_KM":4.6500001,"CATCH_SKM":15.8,"DIS_AV_CMS":0.25,"ORD_STRA":3,"ORD_FLOW":7},"geometry":{"type":"LineString","coordinates":[[36.95624999999899,26.12708333333311],[36.952083333332354,26.12291666666645],[36.952083333332354,26.1187499999998],[36.94374999999903,26.11041666666643],[36.94374999999903,26.089583333333103]]}},{"type":"Feature","properties":{"HYRIV_ID":20845571,"NEXT_DOWN":20845432,"MAIN_RIV":20847274,"LENGTH_KM":2.02,"CATCH_SKM":13.69,"DIS_AV_CMS":0.004,"ORD_STRA":1,"ORD_FLOW":9},"geometry":{"type":"LineString","coordinates":[[37.16666666666566,26.08749999999977],[37.156249999999034,26.097916666666457],[37.156249999999034,26.10208333333312]]}},{"type":"Feature","properties":{"HYRIV_ID":20845572,"NEXT_DOWN":20845277,"MAIN_RIV":20848032,"LENGTH_KM":3.8800001,"CATCH_SKM":18.889999,"DIS_AV_CMS":0.009,"ORD_STRA":1,"ORD_FLOW":9},"geometry":{"type":"LineString","coordinates":[[37.974999999999,26.089583333333103],[37.981249999998994,26.089583333333103],[37.98541666666566,26.093749999999808],[37.98541666666566,26.097916666666457],[37.98958333333232,26.10208333333312],[37.98958333333232,26.106249999999783],[37.99374999999898,26.11041666666643],[37.99374999999898,26.114583333333094]]}},{"type":"Feature","properties":{"HYRIV_ID":20845611,"NEXT_DOWN":20846165,"MAIN_RIV":20847274,"LENGTH_KM":4.5700002,"CATCH_SKM":22.75,"DIS_AV_CMS":0.005,"ORD_STRA":1,"ORD_FLOW":9},"geometry":{"type":"LineString","coordinates":[[36.983333333332354,26.093749999999808],[36.97708333333239,26.093749999999808],[36.972916666665725,26.089583333333103],[36.960416666665736,26.089583333333103],[36.95624999999899,26.08541666666644],[36.952083333332354,26.08541666666644],[36.94791666666569,26.089583333333103],[36.94374999999903,26.089583333333103]]}},{"type":"Feature","properties":{"HYRIV_ID":20845716,"NEXT_DOWN":20845776,"MAIN_RIV":20845776,"LENGTH_KM":4.8200002,"CATCH_SKM":21.59,"DIS_AV_CMS":0.003,"ORD_STRA":1,"ORD_FLOW":9},"geometry":{"type":"LineString","coordinates":[[36.608333333332354,26.106249999999783],[36.60208333333236,26.106249999999783],[36.593749999999034,26.097916666666457],[36.593749999999034,26.093749999999808],[36.58124999999907,26.08124999999979],[36.585416666665736,26.077083333333128]]}},{"type":"Feature","properties":{"HYRIV_ID":20845717,"NEXT_DOWN":20845776,"MAIN_RIV":20845776,"LENGTH_KM":11.02,"CATCH_SKM":31.99,"DIS_AV_CMS":0.004,"ORD_STRA":1,"ORD_FLOW":9},"geometry":{"type":"LineString","coordinates":[[36.65208333333234,26.14166666666646],[36.65208333333234,26.135416666666423],[36.64791666666568,26.131249999999817],[36.64791666666568,26.1187499999998],[36.64374999999902,26.114583333333094],[36.63958333333238,26.114583333333094],[36.61458333333235,26.089583333333103],[36.610416666665685,26.089583333333103],[36.60624999999902,26.08541666666644],[36.60208333333236,26.08541666666644],[36.5979166666657,26.08124999999979],[36.58958333333237,26.08124999999979],[36.585416666665736,26.077083333333128]]}},{"type":"Feature","properties":{"HYRIV_ID":20845776,"NEXT_DOWN":0,"MAIN_RIV":20845776,"LENGTH_KM":1.04,"CATCH_SKM":5.0100002,"DIS_AV_CMS":0.007,"ORD_STRA":2,"ORD_FLOW":9},"geometry":{"type":"LineString","coordinates":[[36.585416666665736,26.077083333333128],[36.58124999999907,26.072916666666465],[36.57708333333241,26.072916666666465]]}},{"type":"Feature","properties":{"HYRIV_ID":20845777,"NEXT_DOWN":20845880,"MAIN_RIV":20848032,"LENGTH_KM":0.62,"CATCH_SKM":17.93,"DIS_AV_CMS":0.007,"ORD_STRA":1,"ORD_FLOW":9},"geometry":{"type":"LineString","coordinates":[[37.50416666666567,26.072916666666465],[37.51041666666566,26.072916666666465]]}},{"type":"Feature","properties":{"HYRIV_ID":20845778,"NEXT_DOWN":20845880,"MAIN_RIV":20848032,"LENGTH_KM":4.62,"CATCH_SKM":27.950001,"DIS_AV_CMS":0.034,"ORD_STRA":2,"ORD_FLOW":8},"geometry":{"type":"LineString","coordinates":[[37.48124999999905,26.10208333333312],[37.485416666665714,26.10208333333312],[37.50208333333234,26.08541666666644],[37.50208333333234,26.08124999999979],[37.51041666666566,26.072916666666465]]}},{"type":"Feature","properties":{"HYRIV_ID":20845823,"NEXT_DOWN":20846034,"MAIN_RIV":20847274,"LENGTH_KM":5.12,"CATCH_SKM":35.849998,"DIS_AV_CMS":0.01,"ORD_STRA":1,"ORD_FLOW":8},"geometry":{"type":"LineString","coordinates":[[37.0666666666657,26.1083333333331],[37.0604166666657,26.10208333333312],[37.0604166666657,26.097916666666457],[37.05624999999907,26.093749999999808],[37.05624999999907,26.089583333333103],[37.04791666666574,26.08124999999979],[37.04791666666574,26.068749999999802]]}},{"type":"Feature","properties":{"HYRIV_ID":20845824,"NEXT_DOWN":20845987,"MAIN_RIV":20848032,"LENGTH_KM":3.57,"CATCH_SKM":28.91,"DIS_AV_CMS":0.012,"ORD_STRA":1,"ORD_FLOW":8},"geometry":{"type":"LineString","coordinates":[[37.54166666666569,26.095833333333125],[37.531249999999034,26.08541666666644],[37.531249999999034,26.077083333333128],[37.5354166666657,26.072916666666465],[37.5354166666657,26.068749999999802]]}},{"type":"Feature","properties":{"HYRIV_ID":20845878,"NEXT_DOWN":20846524,"MAIN_RIV":20846524,"LENGTH_KM":1.16,"CATCH_SKM":14.65,"DIS_AV_CMS":0.002,"ORD_STRA":1,"ORD_FLOW":9},"geometry":{"type":"LineString","coordinates":[[36.78124999999909,26.074999999999797],[36.78124999999909,26.06458333333311]]}},{"type":"Feature","properties":{"HYRIV_ID":20845879,"NEXT_DOWN":20846524,"MAIN_RIV":20846524,"LENGTH_KM":7.0500002,"CATCH_SKM":15.23,"DIS_AV_CMS":0.022,"ORD_STRA":2,"ORD_FLOW":8},"geometry":{"type":"LineString","coordinates":[[36.82291666666569,26.093749999999808],[36.81874999999903,26.089583333333103],[36.81874999999903,26.072916666666465],[36.8104166666657,26.06458333333311],[36.797916666665714,26.06458333333311],[36.79374999999908,26.068749999999802],[36.789583333332416,26.06458333333311],[36.78124999999909,26.06458333333311]]}},{"type":"Feature","properties":{"HYRIV_ID":20845880,"NEXT_DOWN":20845987,"MAIN_RIV":20848032,"LENGTH_KM":3.12,"CATCH_SKM":5.21,"DIS_AV_CMS":0.043,"ORD_STRA":2,"ORD_FLOW":8},"geometry":{"type":"LineString","coordinates":[[37.51041666666566,26.072916666666465],[37.51458333333241,26.072916666666465],[37.51874999999899,26.068749999999802],[37.522916666665736,26.068749999999802],[37.52708333333237,26.06458333333311],[37.531249999999034,26.068749999999802],[37.5354166666657,26.068749999999802]]}},{"type":"Feature","properties":{"HYRIV_ID":20845927,"NEXT_DOWN":20845986,"MAIN_RIV":20847274,"LENGTH_KM":6.52,"CATCH_SKM":21.59,"DIS_AV_CMS":0.115,"ORD_STRA":3,"ORD_FLOW":7},"geometry":{"type":"LineString","coordinates":[[37.110416666665685,26.11041666666643],[37.10624999999905,26.106249999999783],[37.10624999999905,26.097916666666457],[37.10208333333239,26.093749999999808],[37.10208333333239,26.08541666666644],[37.097916666665725,26.08124999999979],[37.097916666665725,26.077083333333128],[37.089583333332314,26.068749999999802],[37.089583333332314,26.06458333333311],[37.08541666666565,26.06041666666645]]}},{"type":"Feature","properties":{"HYRIV_ID":20845928,"NEXT_DOWN":20846216,"MAIN_RIV":20848032,"LENGTH_KM":5.73,"CATCH_SKM":23.129999,"DIS_AV_CMS":0.31200001,"ORD_STRA":3,"ORD_FLOW":7},"geometry":{"type":"LineString","coordinates":[[37.28958333333236,26.106249999999783],[37.28958333333236,26.10208333333312],[37.2854166666657,26.097916666666457],[37.2854166666657,26.08541666666644],[37.28958333333236,26.08124999999979],[37.2854166666657,26.077083333333128],[37.2854166666657,26.06458333333311],[37.28958333333236,26.06041666666645]]}},{"type":"Feature","properties":{"HYRIV_ID":20845929,"NEXT_DOWN":20846216,"MAIN_RIV":20848032,"LENGTH_KM":2.81,"CATCH_SKM":25.84,"DIS_AV_CMS":0.009,"ORD_STRA":1,"ORD_FLOW":9},"geometry":{"type":"LineString","coordinates":[[37.31249999999906,26.070833333333134],[37.302083333332405,26.06041666666645],[37.28958333333236,26.06041666666645]]}},{"type":"Feature","properties":{"HYRIV_ID":20845985,"NEXT_DOWN":0,"MAIN_RIV":20845985,"LENGTH_KM":6.3600001,"CATCH_SKM":15.81,"DIS_AV_CMS":0.039,"ORD_STRA":2,"ORD_FLOW":8},"geometry":{"type":"LineString","coordinates":[[36.66874999999905,26.106249999999783],[36.66874999999905,26.10208333333312],[36.66041666666567,26.093749999999808],[36.664583333332416,26.089583333333103],[36.664583333332416,26.08124999999979],[36.66041666666567,26.077083333333128],[36.66041666666567,26.068749999999802],[36.664583333332416,26.06458333333311],[36.664583333332416,26.056249999999785]]}},{"type":"Feature","properties":{"HYRIV_ID":20845986,"NEXT_DOWN":20846034,"MAIN_RIV":20847274,"LENGTH_KM":4.5700002,"CATCH_SKM":13.69,"DIS_AV_CMS":0.147,"ORD_STRA":3,"ORD_FLOW":7},"geometry":{"type":"LineString","coordinates":[[37.08541666666565,26.06041666666645],[37.08124999999902,26.06041666666645],[37.077083333332354,26.056249999999785],[37.07291666666569,26.056249999999785],[37.0604166666657,26.068749999999802],[37.04791666666574,26.068749999999802]]}},{"type":"Feature","properties":{"HYRIV_ID":20845987,"NEXT_DOWN":20845988,"MAIN_RIV":20848032,"LENGTH_KM":3.79,"CATCH_SKM":12.73,"DIS_AV_CMS":0.059,"ORD_STRA":2,"ORD_FLOW":8},"geometry":{"type":"LineString","coordinates":[[37.5354166666657,26.068749999999802],[37.5354166666657,26.06458333333311],[37.53958333333236,26.06041666666645],[37.54374999999902,26.06041666666645],[37.547916666665685,26.056249999999785],[37.55208333333235,26.056249999999785],[37.55624999999898,26.06041666666645],[37.56041666666573,26.056249999999785]]}},{"type":"Feature","properties":{"HYRIV_ID":20845988,"NEXT_DOWN":20846035,"MAIN_RIV":20848032,"LENGTH_KM":1.67,"CATCH_SKM":13.89,"DIS_AV_CMS":0.07,"ORD_STRA":2,"ORD_FLOW":8},"geometry":{"type":"LineString","coordinates":[[37.56041666666573,26.056249999999785],[37.57708333333238,26.056249999999785]]}},{"type":"Feature","properties":{"HYRIV_ID":20845989,"NEXT_DOWN":20846035,"MAIN_RIV":20848032,"LENGTH_KM":2.71,"CATCH_SKM":22.940001,"DIS_AV_CMS":0.009,"ORD_STRA":1,"ORD_FLOW":9},"geometry":{"type":"LineString","coordinates":[[37.58124999999902,26.07916666666646],[37.58124999999902,26.072916666666465],[37.57708333333238,26.068749999999802],[37.57708333333238,26.056249999999785]]}},{"type":"Feature","properties":{"HYRIV_ID":20845990,"NEXT_DOWN":20846589,"MAIN_RIV":20848032,"LENGTH_KM":6.2,"CATCH_SKM":33.740002,"DIS_AV_CMS":0.208,"ORD_STRA":3,"ORD_FLOW":7},"geometry":{"type":"LineString","coordinates":[[37.66458333333236,26.106249999999783],[37.66458333333236,26.097916666666457],[37.66874999999902,26.093749999999808],[37.66874999999902,26.077083333333128],[37.67708333333235,26.068749999999802],[37.67708333333235,26.06458333333311],[37.672916666665685,26.06041666666645],[37.672916666665685,26.056249999999785]]}},{"type":"Feature","properties":{"HYRIV_ID":20846034,"NEXT_DOWN":20846214,"MAIN_RIV":20847274,"LENGTH_KM":7.3200002,"CATCH_SKM":24.49,"DIS_AV_CMS":0.162,"ORD_STRA":3,"ORD_FLOW":7},"geometry":{"type":"LineString","coordinates":[[37.04791666666574,26.068749999999802],[37.04374999999908,26.068749999999802],[37.039583333332416,26.06458333333311],[37.03541666666567,26.06458333333311],[37.031249999999034,26.068749999999802],[37.01041666666572,26.068749999999802],[37.006249999999056,26.06458333333311],[36.997916666665674,26.06458333333311],[36.99374999999901,26.06041666666645],[36.99374999999901,26.056249999999785],[36.98958333333235,26.052083333333137]]}},{"type":"Feature","properties":{"HYRIV_ID":20846035,"NEXT_DOWN":20846322,"MAIN_RIV":20848032,"LENGTH_KM":2.7,"CATCH_SKM":4.0500002,"DIS_AV_CMS":0.081,"ORD_STRA":2,"ORD_FLOW":8},"geometry":{"type":"LineString","coordinates":[[37.57708333333238,26.056249999999785],[37.58124999999902,26.056249999999785],[37.58541666666568,26.052083333333137],[37.58958333333234,26.056249999999785],[37.593749999999005,26.052083333333137],[37.59791666666567,26.052083333333137]]}},{"type":"Feature","properties":{"HYRIV_ID":20846036,"NEXT_DOWN":20846322,"MAIN_RIV":20848032,"LENGTH_KM":4.83,"CATCH_SKM":27.950001,"DIS_AV_CMS":0.011,"ORD_STRA":1,"ORD_FLOW":8},"geometry":{"type":"LineString","coordinates":[[37.606249999998965,26.08749999999977],[37.606249999998965,26.068749999999802],[37.60208333333233,26.06458333333311],[37.606249999998965,26.06041666666645],[37.606249999998965,26.056249999999785],[37.60208333333233,26.052083333333137],[37.59791666666567,26.052083333333137]]}},{"type":"Feature","properties":{"HYRIV_ID":20846037,"NEXT_DOWN":20846268,"MAIN_RIV":20848032,"LENGTH_KM":10.18,"CATCH_SKM":52.439999,"DIS_AV_CMS":0.023,"ORD_STRA":1,"ORD_FLOW":8},"geometry":{"type":"LineString","coordinates":[[37.79166666666569,26.077083333333128],[37.83541666666571,26.077083333333128],[37.83958333333237,26.072916666666465],[37.843749999999005,26.072916666666465],[37.85208333333233,26.06458333333311],[37.856249999998994,26.06458333333311],[37.86041666666566,26.06041666666645],[37.864583333332405,26.06458333333311],[37.877083333332365,26.052083333333137]]}},{"type":"Feature","properties":{"HYRIV_ID":20846076,"NEXT_DOWN":0,"MAIN_RIV":20846076,"LENGTH_KM":0.93,"CATCH_SKM":12.73,"DIS_AV_CMS":0.002,"ORD_STRA":1,"ORD_FLOW":9},"geometry":{"type":"LineString","coordinates":[[36.6916666666657,26.054166666666468],[36.6854166666657,26.04791666666643]]}},{"type":"Feature","properties":{"HYRIV_ID":20846077,"NEXT_DOWN":20846214,"MAIN_RIV":20847274,"LENGTH_KM":4.9899998,"CATCH_SKM":17.360001,"DIS_AV_CMS":0.004,"ORD_STRA":1,"ORD_FLOW":9},"geometry":{"type":"LineString","coordinates":[[37.03333333333234,26.04791666666643],[37.02708333333237,26.04791666666643],[37.02291666666571,26.052083333333137],[37.01458333333238,26.052083333333137],[37.01041666666572,26.04791666666643],[37.006249999999056,26.052083333333137],[36.98958333333235,26.052083333333137]]}},{"type":"Feature","properties":{"HYRIV_ID":20846078,"NEXT_DOWN":20846268,"MAIN_RIV":20848032,"LENGTH_KM":2.9100001,"CATCH_SKM":16.780001,"DIS_AV_CMS":0.007,"ORD_STRA":1,"ORD_FLOW":9},"geometry":{"type":"LineString","coordinates":[[37.849999999999,26.04791666666643],[37.8729166666657,26.04791666666643],[37.877083333332365,26.052083333333137]]}},{"type":"Feature","properties":{"HYRIV_ID":20846117,"NEXT_DOWN":20845986,"MAIN_RIV":20847274,"LENGTH_KM":6.9099998,"CATCH_SKM":28.16,"DIS_AV_CMS":0.029,"ORD_STRA":2,"ORD_FLOW":8},"geometry":{"type":"LineString","coordinates":[[37.143749999999045,26.04374999999977],[37.13541666666566,26.04374999999977],[37.131249999999,26.04791666666643],[37.11874999999901,26.04791666666643],[37.11458333333235,26.052083333333137],[37.089583333332314,26.052083333333137],[37.08541666666565,26.056249999999785],[37.08541666666565,26.06041666666645]]}},{"type":"Feature","properties":{"HYRIV_ID":20846118,"NEXT_DOWN":20846117,"MAIN_RIV":20847274,"LENGTH_KM":3.52,"CATCH_SKM":23.139999,"DIS_AV_CMS":0.007,"ORD_STRA":1,"ORD_FLOW":9},"geometry":{"type":"LineString","coordinates":[[37.158333333332365,26.06458333333311],[37.14791666666571,26.06458333333311],[37.143749999999045,26.06041666666645],[37.143749999999045,26.04374999999977]]}},{"type":"Feature","properties":{"HYRIV_ID":20846165,"NEXT_DOWN":20846319,"MAIN_RIV":20847274,"LENGTH_KM":6.77,"CATCH_SKM":18.129999,"DIS_AV_CMS":0.251,"ORD_STRA":3,"ORD_FLOW":7},"geometry":{"type":"LineString","coordinates":[[36.94374999999903,26.089583333333103],[36.94374999999903,26.08541666666644],[36.939583333332365,26.08124999999979],[36.939583333332365,26.077083333333128],[36.9354166666657,26.072916666666465],[36.9354166666657,26.06458333333311],[36.939583333332365,26.06041666666645],[36.939583333332365,26.052083333333137],[36.94374999999903,26.04791666666643],[36.939583333332365,26.04374999999977],[36.9354166666657,26.04374999999977],[36.9354166666657,26.03958333333312]]}},{"type":"Feature","properties":{"HYRIV_ID":20846166,"NEXT_DOWN":20846117,"MAIN_RIV":20847274,"LENGTH_KM":0.62,"CATCH_SKM":0.77,"DIS_AV_CMS":0.014,"ORD_STRA":2,"ORD_FLOW":8},"geometry":{"type":"LineString","coordinates":[[37.14791666666571,26.03958333333312],[37.143749999999045,26.04374999999977]]}},{"type":"Feature","properties":{"HYRIV_ID":20846167,"NEXT_DOWN":20845988,"MAIN_RIV":20848032,"LENGTH_KM":2.32,"CATCH_SKM":13.89,"DIS_AV_CMS":0.005,"ORD_STRA":1,"ORD_FLOW":9},"geometry":{"type":"LineString","coordinates":[[37.55416666666565,26.03749999999979],[37.56041666666573,26.04374999999977],[37.56041666666573,26.056249999999785]]}},{"type":"Feature","properties":{"HYRIV_ID":20846214,"NEXT_DOWN":20846319,"MAIN_RIV":20847274,"LENGTH_KM":6.4400001,"CATCH_SKM":14.27,"DIS_AV_CMS":0.16500001,"ORD_STRA":3,"ORD_FLOW":7},"geometry":{"type":"LineString","coordinates":[[36.98958333333235,26.052083333333137],[36.98124999999902,26.052083333333137],[36.97708333333239,26.04791666666643],[36.972916666665725,26.04791666666643],[36.96874999999906,26.04374999999977],[36.95624999999899,26.04374999999977],[36.952083333332354,26.03958333333312],[36.94791666666569,26.03958333333312],[36.94374999999903,26.035416666666457],[36.939583333332365,26.03958333333312],[36.9354166666657,26.03958333333312]]}},{"type":"Feature","properties":{"HYRIV_ID":20846215,"NEXT_DOWN":20847433,"MAIN_RIV":20848032,"LENGTH_KM":3.22,"CATCH_SKM":17.93,"DIS_AV_CMS":0.006,"ORD_STRA":1,"ORD_FLOW":9},"geometry":{"type":"LineString","coordinates":[[37.24583333333234,26.054166666666468],[37.26458333333241,26.035416666666457],[37.268749999999045,26.035416666666457]]}},{"type":"Feature","properties":{"HYRIV_ID":20846216,"NEXT_DOWN":20847433,"MAIN_RIV":20848032,"LENGTH_KM":3.83,"CATCH_SKM":14.66,"DIS_AV_CMS":0.32600001,"ORD_STRA":3,"ORD_FLOW":7},"geometry":{"type":"LineString","coordinates":[[37.28958333333236,26.06041666666645],[37.28958333333236,26.056249999999785],[37.281249999999034,26.04791666666643],[37.27708333333237,26.04791666666643],[37.27291666666571,26.04374999999977],[37.27291666666571,26.03958333333312],[37.268749999999045,26.035416666666457]]}},{"type":"Feature","properties":{"HYRIV_ID":20846267,"NEXT_DOWN":0,"MAIN_RIV":20846267,"LENGTH_KM":2.6400001,"CATCH_SKM":14.85,"DIS_AV_CMS":0.002,"ORD_STRA":1,"ORD_FLOW":9},"geometry":{"type":"LineString","coordinates":[[36.71666666666573,26.049999999999763],[36.70208333333241,26.035416666666457],[36.70208333333241,26.031249999999794]]}},{"type":"Feature","properties":{"HYRIV_ID":20846268,"NEXT_DOWN":20846324,"MAIN_RIV":20848032,"LENGTH_KM":10.19,"CATCH_SKM":32.779999,"DIS_AV_CMS":0.044,"ORD_STRA":2,"ORD_FLOW":8},"geometry":{"type":"LineString","coordinates":[[37.877083333332365,26.052083333333137],[37.89791666666565,26.052083333333137],[37.9020833333324,26.056249999999785],[37.90624999999906,26.052083333333137],[37.910416666665725,26.052083333333137],[37.91458333333239,26.04791666666643],[37.922916666665685,26.04791666666643],[37.92708333333235,26.04374999999977],[37.93124999999901,26.04374999999977],[37.935416666665674,26.03958333333312],[37.947916666665634,26.03958333333312],[37.95208333333238,26.035416666666457],[37.96041666666571,26.035416666666457],[37.96458333333237,26.031249999999794]]}},{"type":"Feature","properties":{"HYRIV_ID":20846318,"NEXT_DOWN":20846527,"MAIN_RIV":20847274,"LENGTH_KM":4.0300002,"CATCH_SKM":21.98,"DIS_AV_CMS":0.004,"ORD_STRA":1,"ORD_FLOW":9},"geometry":{"type":"LineString","coordinates":[[36.87916666666564,26.058333333333117],[36.88541666666572,26.052083333333137],[36.88541666666572,26.03958333333312],[36.87708333333231,26.031249999999794],[36.87708333333231,26.027083333333145]]}},{"type":"Feature","properties":{"HYRIV_ID":20846319,"NEXT_DOWN":20846588,"MAIN_RIV":20847274,"LENGTH_KM":1.87,"CATCH_SKM":2.7,"DIS_AV_CMS":0.413,"ORD_STRA":4,"ORD_FLOW":7},"geometry":{"type":"LineString","coordinates":[[36.9354166666657,26.03958333333312],[36.92291666666574,26.027083333333145]]}},{"type":"Feature","properties":{"HYRIV_ID":20846320,"NEXT_DOWN":20846166,"MAIN_RIV":20847274,"LENGTH_KM":1.78,"CATCH_SKM":20.639999,"DIS_AV_CMS":0.006,"ORD_STRA":1,"ORD_FLOW":9},"geometry":{"type":"LineString","coordinates":[[37.143749999999045,26.024999999999814],[37.143749999999045,26.035416666666457],[37.14791666666571,26.03958333333312]]}},{"type":"Feature","properties":{"HYRIV_ID":20846321,"NEXT_DOWN":20846166,"MAIN_RIV":20847274,"LENGTH_KM":5.0900002,"CATCH_SKM":25.27,"DIS_AV_CMS":0.008,"ORD_STRA":1,"ORD_FLOW":9},"geometry":{"type":"LineString","coordinates":[[37.1916666666657,26.024999999999814],[37.18541666666573,26.031249999999794],[37.18124999999907,26.031249999999794],[37.177083333332405,26.035416666666457],[37.15208333333237,26.035416666666457],[37.14791666666571,26.03958333333312]]}},{"type":"Feature","properties":{"HYRIV_ID":20846322,"NEXT_DOWN":20846589,"MAIN_RIV":20848032,"LENGTH_KM":10.69,"CATCH_SKM":45.130001,"DIS_AV_CMS":0.109,"ORD_STRA":2,"ORD_FLOW":7},"geometry":{"type":"LineString","coordinates":[[37.59791666666567,26.052083333333137],[37.60208333333233,26.04791666666643],[37.60208333333233,26.03958333333312],[37.61458333333238,26.027083333333145],[37.61874999999904,26.031249999999794],[37.63124999999903,26.031249999999794],[37.639583333332325,26.03958333333312],[37.64374999999907,26.03958333333312],[37.6520833333324,26.04791666666643],[37.6604166666657,26.04791666666643],[37.66874999999902,26.056249999999785],[37.672916666665685,26.056249999999785]]}},{"type":"Feature","properties":{"HYRIV_ID":20846323,"NEXT_DOWN":20846324,"MAIN_RIV":20848032,"LENGTH_KM":0.62,"CATCH_SKM":0.58,"DIS_AV_CMS":0.015,"ORD_STRA":2,"ORD_FLOW":8},"geometry":{"type":"LineString","coordinates":[[37.96041666666571,26.027083333333145],[37.96458333333237,26.031249999999794]]}},{"type":"Feature","properties":{"HYRIV_ID":20846324,"NEXT_DOWN":20846038,"MAIN_RIV":20848032,"LENGTH_KM":11.11,"CATCH_SKM":49.369999,"DIS_AV_CMS":0.082,"ORD_STRA":3,"ORD_FLOW":8},"geometry":{"type":"LineString","coordinates":[[37.96458333333237,26.031249999999794],[37.97708333333233,26.031249999999794],[37.981249999998994,26.035416666666457],[37.98541666666566,26.031249999999794],[37.98958333333232,26.031249999999794],[37.99374999999898,26.027083333333145],[38.01041666666569,26.027083333333145],[38.014583333332354,26.031249999999794],[38.02291666666568,26.031249999999794],[38.035416666665725,26.04374999999977],[38.035416666665725,26.052083333333137],[38.04374999999905,26.06041666666645],[38.047916666665714,26.06041666666645]]}},{"type":"Feature","properties":{"HYRIV_ID":20846388,"NEXT_DOWN":20846527,"MAIN_RIV":20847274,"LENGTH_KM":5.5500002,"CATCH_SKM":20.440001,"DIS_AV_CMS":0.004,"ORD_STRA":1,"ORD_FLOW":9},"geometry":{"type":"LineString","coordinates":[[36.912499999999,26.054166666666468],[36.90208333333234,26.04374999999977],[36.90208333333234,26.03958333333312],[36.88958333333238,26.027083333333145],[36.88541666666572,26.027083333333145],[36.88124999999897,26.02291666666644],[36.87708333333231,26.027083333333145]]}},{"type":"Feature","properties":{"HYRIV_ID":20846389,"NEXT_DOWN":20847520,"MAIN_RIV":20848032,"LENGTH_KM":10.65,"CATCH_SKM":42.610001,"DIS_AV_CMS":0.016,"ORD_STRA":1,"ORD_FLOW":8},"geometry":{"type":"LineString","coordinates":[[37.389583333332325,26.091666666666434],[37.389583333332325,26.08541666666644],[37.38541666666566,26.08124999999979],[37.381249999999,26.08124999999979],[37.372916666665674,26.072916666666465],[37.372916666665674,26.06458333333311],[37.36874999999904,26.06041666666645],[37.36874999999904,26.056249999999785],[37.360416666665714,26.04791666666643],[37.35624999999905,26.04791666666643],[37.35208333333239,26.04374999999977],[37.34791666666564,26.04374999999977],[37.34791666666564,26.03958333333312],[37.33958333333234,26.031249999999794],[37.343749999999005,26.027083333333145],[37.33958333333234,26.02291666666644]]}},{"type":"Feature","properties":{"HYRIV_ID":20846390,"NEXT_DOWN":20847520,"MAIN_RIV":20848032,"LENGTH_KM":8.8,"CATCH_SKM":45.900002,"DIS_AV_CMS":0.017,"ORD_STRA":1,"ORD_FLOW":8},"geometry":{"type":"LineString","coordinates":[[37.406249999999034,26.058333333333117],[37.406249999999034,26.052083333333137],[37.40208333333237,26.04791666666643],[37.39791666666571,26.04791666666643],[37.39374999999907,26.04374999999977],[37.389583333332325,26.04374999999977],[37.381249999999,26.035416666666457],[37.36874999999904,26.035416666666457],[37.35624999999905,26.02291666666644],[37.33958333333234,26.02291666666644]]}},{"type":"Feature","properties":{"HYRIV_ID":20846457,"NEXT_DOWN":20846323,"MAIN_RIV":20848032,"LENGTH_KM":3.54,"CATCH_SKM":20.059999,"DIS_AV_CMS":0.009,"ORD_STRA":1,"ORD_FLOW":9},"geometry":{"type":"LineString","coordinates":[[37.92916666666568,26.018749999999777],[37.947916666665634,26.018749999999777],[37.95208333333238,26.02291666666644],[37.956249999999045,26.02291666666644],[37.96041666666571,26.027083333333145]]}},{"type":"Feature","properties":{"HYRIV_ID":20846524,"NEXT_DOWN":0,"MAIN_RIV":20846524,"LENGTH_KM":10.44,"CATCH_SKM":34.52,"DIS_AV_CMS":0.028,"ORD_STRA":2,"ORD_FLOW":8},"geometry":{"type":"LineString","coordinates":[[36.78124999999909,26.06458333333311],[36.77708333333234,26.06041666666645],[36.77291666666568,26.06041666666645],[36.747916666665645,26.035416666666457],[36.73958333333235,26.035416666666457],[36.735416666665685,26.031249999999794],[36.73124999999902,26.031249999999794],[36.7229166666657,26.02291666666644],[36.7229166666657,26.018749999999777],[36.718749999999034,26.014583333333128],[36.7145833333324,26.018749999999777],[36.70624999999907,26.018749999999777]]}},{"type":"Feature","properties":{"HYRIV_ID":20846525,"NEXT_DOWN":20846641,"MAIN_RIV":20847274,"LENGTH_KM":4.58,"CATCH_SKM":21.790001,"DIS_AV_CMS":0.004,"ORD_STRA":1,"ORD_FLOW":9},"geometry":{"type":"LineString","coordinates":[[36.860416666665685,26.049999999999763],[36.860416666665685,26.04374999999977],[36.84374999999906,26.027083333333145],[36.84374999999906,26.014583333333128]]}},{"type":"Feature","properties":{"HYRIV_ID":20846526,"NEXT_DOWN":20846641,"MAIN_RIV":20847274,"LENGTH_KM":1.67,"CATCH_SKM":5.02,"DIS_AV_CMS":0.431,"ORD_STRA":4,"ORD_FLOW":7},"geometry":{"type":"LineString","coordinates":[[36.860416666665685,26.014583333333128],[36.84374999999906,26.014583333333128]]}},{"type":"Feature","properties":{"HYRIV_ID":20846527,"NEXT_DOWN":20846526,"MAIN_RIV":20847274,"LENGTH_KM":2.29,"CATCH_SKM":2.7,"DIS_AV_CMS":0.008,"ORD_STRA":2,"ORD_FLOW":9},"geometry":{"type":"LineString","coordinates":[[36.87708333333231,26.027083333333145],[36.86458333333235,26.014583333333128],[36.860416666665685,26.014583333333128]]}},{"type":"Feature","properties":{"HYRIV_ID":20846588,"NEXT_DOWN":20846526,"MAIN_RIV":20847274,"LENGTH_KM":7.2800002,"CATCH_SKM":17.940001,"DIS_AV_CMS":0.427,"ORD_STRA":4,"ORD_FLOW":7},"geometry":{"type":"LineString","coordinates":[[36.92291666666574,26.027083333333145],[36.91458333333233,26.027083333333145],[36.906249999999005,26.018749999999777],[36.90208333333234,26.018749999999777],[36.89791666666571,26.014583333333128],[36.893749999999045,26.014583333333128],[36.88958333333238,26.010416666666423],[36.86458333333235,26.010416666666423],[36.860416666665685,26.014583333333128]]}},{"type":"Feature","properties":{"HYRIV_ID":20846589,"NEXT_DOWN":20846800,"MAIN_RIV":20848032,"LENGTH_KM":6.21,"CATCH_SKM":26.040001,"DIS_AV_CMS":0.327,"ORD_STRA":3,"ORD_FLOW":7},"geometry":{"type":"LineString","coordinates":[[37.672916666665685,26.056249999999785],[37.693749999999056,26.035416666666457],[37.693749999999056,26.027083333333145],[37.70208333333238,26.018749999999777],[37.70208333333238,26.010416666666423]]}},{"type":"Feature","properties":{"HYRIV_ID":20846640,"NEXT_DOWN":20847276,"MAIN_RIV":20847274,"LENGTH_KM":3.95,"CATCH_SKM":16.969999,"DIS_AV_CMS":0.003,"ORD_STRA":1,"ORD_FLOW":9},"geometry":{"type":"LineString","coordinates":[[36.83124999999907,26.03749999999979],[36.83124999999907,26.031249999999794],[36.827083333332325,26.027083333333145],[36.827083333332325,26.02291666666644],[36.82291666666569,26.018749999999777],[36.82291666666569,26.010416666666423],[36.827083333332325,26.006249999999802]]}},{"type":"Feature","properties":{"HYRIV_ID":20846641,"NEXT_DOWN":20847276,"MAIN_RIV":20847274,"LENGTH_KM":2.08,"CATCH_SKM":4.0500002,"DIS_AV_CMS":0.431,"ORD_STRA":4,"ORD_FLOW":7},"geometry":{"type":"LineString","coordinates":[[36.84374999999906,26.014583333333128],[36.8395833333324,26.014583333333128],[36.83124999999907,26.006249999999802],[36.827083333332325,26.006249999999802]]}},{"type":"Feature","properties":{"HYRIV_ID":20846642,"NEXT_DOWN":20846588,"MAIN_RIV":20847274,"LENGTH_KM":6.8600001,"CATCH_SKM":32.990002,"DIS_AV_CMS":0.027,"ORD_STRA":2,"ORD_FLOW":8},"geometry":{"type":"LineString","coordinates":[[36.97708333333239,26.006249999999802],[36.972916666665725,26.010416666666423],[36.96874999999906,26.006249999999802],[36.9645833333324,26.010416666666423],[36.960416666665736,26.010416666666423],[36.95624999999899,26.014583333333128],[36.94791666666569,26.014583333333128],[36.94374999999903,26.018749999999777],[36.9354166666657,26.018749999999777],[36.92708333333238,26.027083333333145],[36.92291666666574,26.027083333333145]]}},{"type":"Feature","properties":{"HYRIV_ID":20846643,"NEXT_DOWN":20846642,"MAIN_RIV":20847274,"LENGTH_KM":3.95,"CATCH_SKM":19.48,"DIS_AV_CMS":0.005,"ORD_STRA":1,"ORD_FLOW":9},"geometry":{"type":"LineString","coordinates":[[37.00833333333239,26.02291666666644],[37.00208333333234,26.02291666666644],[36.997916666665674,26.018749999999777],[36.98958333333235,26.018749999999777],[36.97708333333239,26.006249999999802]]}},{"type":"Feature","properties":{"HYRIV_ID":20846644,"NEXT_DOWN":20846797,"MAIN_RIV":20848032,"LENGTH_KM":2.25,"CATCH_SKM":16.780001,"DIS_AV_CMS":0.006,"ORD_STRA":1,"ORD_FLOW":9},"geometry":{"type":"LineString","coordinates":[[37.45624999999902,26.024999999999814],[37.45624999999902,26.018749999999777],[37.46041666666568,26.014583333333128],[37.46041666666568,26.006249999999802]]}},{"type":"Feature","properties":{"HYRIV_ID":20846645,"NEXT_DOWN":20846797,"MAIN_RIV":20848032,"LENGTH_KM":3.12,"CATCH_SKM":20.25,"DIS_AV_CMS":0.007,"ORD_STRA":1,"ORD_FLOW":9},"geometry":{"type":"LineString","coordinates":[[37.48333333333238,26.014583333333128],[37.4770833333323,26.014583333333128],[37.468749999999005,26.006249999999802],[37.46458333333234,26.010416666666423],[37.46041666666568,26.006249999999802]]}},{"type":"Feature","properties":{"HYRIV_ID":20846646,"NEXT_DOWN":20846323,"MAIN_RIV":20848032,"LENGTH_KM":3.03,"CATCH_SKM":13.7,"DIS_AV_CMS":0.006,"ORD_STRA":1,"ORD_FLOW":9},"geometry":{"type":"LineString","coordinates":[[37.956249999999045,26.00416666666647],[37.956249999999045,26.010416666666423],[37.96041666666571,26.014583333333128],[37.96041666666571,26.018749999999777],[37.96458333333237,26.02291666666644],[37.96041666666571,26.027083333333145]]}},{"type":"Feature","properties":{"HYRIV_ID":20846741,"NEXT_DOWN":0,"MAIN_RIV":20846741,"LENGTH_KM":8.8199997,"CATCH_SKM":37.040001,"DIS_AV_CMS":0.006,"ORD_STRA":1,"ORD_FLOW":9},"geometry":{"type":"LineString","coordinates":[[36.77083333333238,26.031249999999794],[36.76458333333238,26.031249999999794],[36.75208333333239,26.018749999999777],[36.747916666665645,26.018749999999777],[36.73958333333235,26.010416666666423],[36.73958333333235,26.00208333333311],[36.735416666665685,25.99791666666645],[36.73124999999902,25.99791666666645],[36.7229166666657,26.006249999999802],[36.7145833333324,26.006249999999802],[36.710416666665736,26.00208333333311]]}},{"type":"Feature","properties":{"HYRIV_ID":20846797,"NEXT_DOWN":20847278,"MAIN_RIV":20848032,"LENGTH_KM":2.1300001,"CATCH_SKM":9.0699997,"DIS_AV_CMS":0.017,"ORD_STRA":2,"ORD_FLOW":8},"geometry":{"type":"LineString","coordinates":[[37.46041666666568,26.006249999999802],[37.45624999999902,26.006249999999802],[37.44791666666572,25.99791666666645],[37.44791666666572,25.993749999999785]]}},{"type":"Feature","properties":{"HYRIV_ID":20846799,"NEXT_DOWN":20846800,"MAIN_RIV":20848032,"LENGTH_KM":2.1700001,"CATCH_SKM":3.86,"DIS_AV_CMS":0.015,"ORD_STRA":2,"ORD_FLOW":8},"geometry":{"type":"LineString","coordinates":[[37.693749999999056,25.993749999999785],[37.693749999999056,25.99791666666645],[37.70208333333238,26.006249999999802],[37.70208333333238,26.010416666666423]]}},{"type":"Feature","properties":{"HYRIV_ID":20846800,"NEXT_DOWN":20847030,"MAIN_RIV":20848032,"LENGTH_KM":3.1700001,"CATCH_SKM":12.93,"DIS_AV_CMS":0.347,"ORD_STRA":3,"ORD_FLOW":7},"geometry":{"type":"LineString","coordinates":[[37.70208333333238,26.010416666666423],[37.706249999999045,26.006249999999802],[37.71041666666568,26.006249999999802],[37.71458333333234,26.00208333333311],[37.718749999999005,26.00208333333311],[37.718749999999005,25.99791666666645],[37.72291666666575,25.993749999999785]]}},{"type":"Feature","properties":{"HYRIV_ID":20846801,"NEXT_DOWN":20847030,"MAIN_RIV":20848032,"LENGTH_KM":12.56,"CATCH_SKM":63.630001,"DIS_AV_CMS":0.026,"ORD_STRA":1,"ORD_FLOW":8},"geometry":{"type":"LineString","coordinates":[[37.73749999999896,26.089583333333103],[37.731249999998994,26.089583333333103],[37.72708333333233,26.08541666666644],[37.72708333333233,26.08124999999979],[37.731249999998994,26.077083333333128],[37.731249999998994,26.03958333333312],[37.73541666666566,26.035416666666457],[37.73541666666566,26.031249999999794],[37.72291666666575,26.018749999999777],[37.72291666666575,26.010416666666423],[37.72708333333233,26.006249999999802],[37.72708333333233,25.99791666666645],[37.72291666666575,25.993749999999785]]}},{"type":"Feature","properties":{"HYRIV_ID":20846802,"NEXT_DOWN":20847570,"MAIN_RIV":20848032,"LENGTH_KM":5.7,"CATCH_SKM":22.950001,"DIS_AV_CMS":0.01,"ORD_STRA":1,"ORD_FLOW":8},"geometry":{"type":"LineString","coordinates":[[37.858333333332325,26.033333333333125],[37.864583333332405,26.027083333333145],[37.864583333332405,26.02291666666644],[37.86874999999904,26.018749999999777],[37.86874999999904,26.010416666666423],[37.8729166666657,26.006249999999802],[37.877083333332365,26.006249999999802],[37.88124999999903,26.00208333333311],[37.88124999999903,25.99791666666645],[37.88541666666569,25.993749999999785]]}},{"type":"Feature","properties":{"HYRIV_ID":20846944,"NEXT_DOWN":20846642,"MAIN_RIV":20847274,"LENGTH_KM":14.75,"CATCH_SKM":62.709999,"DIS_AV_CMS":0.015,"ORD_STRA":1,"ORD_FLOW":8},"geometry":{"type":"LineString","coordinates":[[37.08333333333235,25.995833333333117],[37.07291666666569,25.985416666666474],[37.06874999999903,25.985416666666474],[37.064583333332365,25.989583333333137],[37.04374999999908,25.989583333333137],[37.039583333332416,25.993749999999785],[37.031249999999034,25.993749999999785],[37.02708333333237,25.99791666666645],[37.01041666666572,25.98124999999977],[37.006249999999056,25.985416666666474],[36.997916666665674,25.985416666666474],[36.99374999999901,25.98124999999977],[36.97708333333239,25.99791666666645],[36.97708333333239,26.006249999999802]]}},{"type":"Feature","properties":{"HYRIV_ID":20847031,"NEXT_DOWN":20847569,"MAIN_RIV":20848032,"LENGTH_KM":5.9200001,"CATCH_SKM":32.41,"DIS_AV_CMS":0.013,"ORD_STRA":1,"ORD_FLOW":8},"geometry":{"type":"LineString","coordinates":[[37.764583333332325,26.016666666666445],[37.764583333332325,26.00208333333311],[37.76874999999899,25.99791666666645],[37.76874999999899,25.989583333333137],[37.764583333332325,25.985416666666474],[37.764583333332325,25.98124999999977],[37.75624999999903,25.972916666666457],[37.752083333332365,25.972916666666457]]}},{"type":"Feature","properties":{"HYRIV_ID":20847086,"NEXT_DOWN":20847750,"MAIN_RIV":20848032,"LENGTH_KM":7.12,"CATCH_SKM":22.379999,"DIS_AV_CMS":0.004,"ORD_STRA":1,"ORD_FLOW":9},"geometry":{"type":"LineString","coordinates":[[36.89583333333238,26.00208333333311],[36.88541666666572,26.00208333333311],[36.872916666665674,25.989583333333137],[36.860416666665685,25.989583333333137],[36.85208333333236,25.98124999999977],[36.85208333333236,25.97708333333312],[36.84374999999906,25.968749999999794]]}},{"type":"Feature","properties":{"HYRIV_ID":20847276,"NEXT_DOWN":20847274,"MAIN_RIV":20847274,"LENGTH_KM":9.1400003,"CATCH_SKM":33.580002,"DIS_AV_CMS":0.436,"ORD_STRA":4,"ORD_FLOW":7},"geometry":{"type":"LineString","coordinates":[[36.827083333332325,26.006249999999802],[36.82291666666569,26.00208333333311],[36.81874999999903,26.00208333333311],[36.77708333333234,25.960416666666482],[36.77291666666568,25.960416666666482],[36.768749999999045,25.956249999999777],[36.76041666666572,25.956249999999777]]}},{"type":"Feature","properties":{"HYRIV_ID":20847433,"NEXT_DOWN":20847792,"MAIN_RIV":20848032,"LENGTH_KM":12.53,"CATCH_SKM":47.080002,"DIS_AV_CMS":0.347,"ORD_STRA":3,"ORD_FLOW":7},"geometry":{"type":"LineString","coordinates":[[37.268749999999045,26.035416666666457],[37.268749999999045,26.027083333333145],[37.26458333333241,26.027083333333145],[37.26041666666575,26.02291666666644],[37.26041666666575,26.014583333333128],[37.24374999999901,25.99791666666645],[37.24374999999901,25.985416666666474],[37.25208333333234,25.97708333333312],[37.25208333333234,25.972916666666457],[37.23958333333238,25.960416666666482],[37.23958333333238,25.952083333333114],[37.23124999999905,25.943749999999802]]}},{"type":"Feature","properties":{"HYRIV_ID":20847520,"NEXT_DOWN":20847902,"MAIN_RIV":20848032,"LENGTH_KM":12.06,"CATCH_SKM":50.740002,"DIS_AV_CMS":0.049,"ORD_STRA":2,"ORD_FLOW":8},"geometry":{"type":"LineString","coordinates":[[37.33958333333234,26.02291666666644],[37.33541666666568,26.02291666666644],[37.31874999999903,26.006249999999802],[37.31874999999903,26.00208333333311],[37.33124999999902,25.989583333333137],[37.33124999999902,25.98124999999977],[37.34791666666564,25.96458333333309],[37.34791666666564,25.956249999999777],[37.35208333333239,25.952083333333114],[37.35208333333239,25.93541666666649]]}},{"type":"Feature","properties":{"HYRIV_ID":20848035,"NEXT_DOWN":20847435,"MAIN_RIV":20848032,"LENGTH_KM":34.3,"CATCH_SKM":111.0,"DIS_AV_CMS":0.044,"ORD_STRA":1,"ORD_FLOW":8},"geometry":{"type":"LineString","coordinates":[[37.80416666666568,26.00416666666647],[37.81458333333234,25.993749999999785],[37.81458333333234,25.989583333333137],[37.82291666666572,25.98124999999977],[37.82291666666572,25.972916666666457],[37.831249999999045,25.96458333333309],[37.831249999999045,25.960416666666482],[37.83541666666571,25.956249999999777],[37.83541666666571,25.952083333333114],[37.83958333333237,25.947916666666465],[37.83958333333237,25.943749999999802],[37.843749999999005,25.939583333333097],[37.843749999999005,25.93541666666649],[37.84791666666567,25.931249999999785],[37.856249999998994,25.931249999999785],[37.86041666666566,25.927083333333123],[37.864583333332405,25.927083333333123],[37.864583333332405,25.922916666666474],[37.8729166666657,25.914583333333105],[37.8729166666657,25.910416666666457],[37.877083333332365,25.906249999999794],[37.88124999999903,25.906249999999794],[37.88541666666569,25.90208333333313],[37.889583333332354,25.906249999999794],[37.89374999999899,25.90208333333313],[37.89791666666565,25.90208333333313],[37.90624999999906,25.893749999999777],[37.93124999999901,25.893749999999777],[37.935416666665674,25.889583333333114],[37.93958333333234,25.893749999999777],[37.943749999999,25.893749999999777],[37.95208333333238,25.90208333333313],[37.956249999999045,25.90208333333313],[37.96041666666571,25.89791666666644],[37.96458333333237,25.90208333333313],[37.968749999999034,25.90208333333313],[37.97291666666567,25.89791666666644],[37.98958333333232,25.914583333333105],[37.98958333333232,25.922916666666474],[37.99374999999898,25.927083333333123],[37.99791666666562,25.927083333333123],[38.00624999999903,25.93541666666649],[38.01041666666569,25.93541666666649],[38.014583333332354,25.939583333333097],[38.01874999999902,25.939583333333097],[38.02291666666568,25.943749999999802]]}}]}