{"type":"FeatureCollection","features":[{"type":"Feature","properties":{"HYRIV_ID":20757275,"NEXT_DOWN":20757562,"MAIN_RIV":20791150,"LENGTH_KM":6.37,"CATCH_SKM":23.85,"DIS_AV_CMS":0.019,"ORD_STRA":1,"ORD_FLOW":8},"geometry":{"type":"LineString","coordinates":[[42.604166666665634,32.010416666666366],[42.618749999998926,32.010416666666366],[42.62291666666559,32.01458333333303],[42.62708333333225,32.010416666666366],[42.63541666666558,32.010416666666366],[42.6395833333323,32.01458333333303],[42.64374999999896,32.010416666666366],[42.64791666666562,32.010416666666366],[42.64791666666562,31.99791666666635]]}},{"type":"Feature","properties":{"HYRIV_ID":20757276,"NEXT_DOWN":20757501,"MAIN_RIV":20791150,"LENGTH_KM":3.9100001,"CATCH_SKM":16.93,"DIS_AV_CMS":0.025,"ORD_STRA":1,"ORD_FLOW":8},"geometry":{"type":"LineString","coordinates":[[43.90416666666559,31.995833333333017],[43.914583333332246,32.00624999999966],[43.91874999999888,32.00624999999966],[43.92291666666554,32.00208333333304],[43.92708333333229,32.00208333333304],[43.931249999998954,31.99791666666635],[43.93541666666562,31.99791666666635]]}},{"type":"Feature","properties":{"HYRIV_ID":20757340,"NEXT_DOWN":20756972,"MAIN_RIV":20791150,"LENGTH_KM":3.29,"CATCH_SKM":13.84,"DIS_AV_CMS":0.185,"ORD_STRA":3,"ORD_FLOW":7},"geometry":{"type":"LineString","coordinates":[[42.87708333333225,31.993749999999686],[42.88541666666558,32.00208333333304],[42.88958333333224,32.00208333333304],[42.89374999999899,32.00624999999966],[42.89374999999899,32.010416666666366],[42.89791666666565,32.01458333333303]]}},{"type":"Feature","properties":{"HYRIV_ID":20757410,"NEXT_DOWN":20756550,"MAIN_RIV":20791150,"LENGTH_KM":6.2800002,"CATCH_SKM":14.02,"DIS_AV_CMS":0.041,"ORD_STRA":2,"ORD_FLOW":8},"geometry":{"type":"LineString","coordinates":[[41.997916666665645,31.989583333333023],[41.997916666665645,31.99791666666635],[42.00624999999897,32.00624999999966],[42.00624999999897,32.010416666666366],[42.00208333333231,32.01458333333303],[42.00208333333231,32.031249999999694],[41.9937499999989,32.03958333333302]]}},{"type":"Feature","properties":{"HYRIV_ID":20757411,"NEXT_DOWN":20756670,"MAIN_RIV":20791150,"LENGTH_KM":8.0500002,"CATCH_SKM":41.689999,"DIS_AV_CMS":0.027,"ORD_STRA":1,"ORD_FLOW":8},"geometry":{"type":"LineString","coordinates":[[42.52916666666562,31.987499999999706],[42.51874999999896,31.99791666666635],[42.5145833333323,31.993749999999686],[42.50208333333225,31.993749999999686],[42.49791666666559,31.99791666666635],[42.49791666666559,32.00624999999966],[42.48958333333226,32.01458333333303],[42.48958333333226,32.027083333333046],[42.4854166666656,32.031249999999694]]}},{"type":"Feature","properties":{"HYRIV_ID":20757412,"NEXT_DOWN":20757200,"MAIN_RIV":20791150,"LENGTH_KM":1.62,"CATCH_SKM":12.75,"DIS_AV_CMS":0.002,"ORD_STRA":1,"ORD_FLOW":9},"geometry":{"type":"LineString","coordinates":[[43.30208333333226,31.987499999999706],[43.30208333333226,32.00208333333304]]}},{"type":"Feature","properties":{"HYRIV_ID":20757413,"NEXT_DOWN":20755841,"MAIN_RIV":20791150,"LENGTH_KM":15.41,"CATCH_SKM":42.59,"DIS_AV_CMS":0.008,"ORD_STRA":1,"ORD_FLOW":9},"geometry":{"type":"LineString","coordinates":[[43.3687499999989,31.987499999999706],[43.3687499999989,31.993749999999686],[43.37291666666562,31.99791666666635],[43.37291666666562,32.00208333333304],[43.38124999999894,32.010416666666366],[43.37708333333228,32.01458333333303],[43.38124999999894,32.01874999999968],[43.385416666665606,32.01874999999968],[43.38958333333227,32.02291666666634],[43.397916666665566,32.02291666666634],[43.40208333333223,32.027083333333046],[43.40624999999898,32.027083333333046],[43.40624999999898,32.03541666666636],[43.4145833333323,32.04374999999967],[43.4229166666656,32.04374999999967],[43.42708333333226,32.04791666666633],[43.42708333333226,32.05208333333304],[43.4229166666656,32.056249999999686],[43.4229166666656,32.06458333333301],[43.435416666665674,32.07708333333303],[43.435416666665674,32.08124999999968],[43.431249999998926,32.08541666666634]]}},{"type":"Feature","properties":{"HYRIV_ID":20757414,"NEXT_DOWN":20757203,"MAIN_RIV":20791150,"LENGTH_KM":14.99,"CATCH_SKM":44.599998,"DIS_AV_CMS":0.061,"ORD_STRA":1,"ORD_FLOW":8},"geometry":{"type":"LineString","coordinates":[[43.59166666666562,32.010416666666366],[43.60624999999891,32.010416666666366],[43.614583333332234,32.00208333333304],[43.6187499999989,32.00208333333304],[43.62291666666556,32.00624999999966],[43.62708333333231,32.00624999999966],[43.63124999999894,32.00208333333304],[43.635416666665606,32.00208333333304],[43.64374999999893,31.993749999999686],[43.647916666665594,31.993749999999686],[43.65208333333226,31.989583333333023],[43.660416666665554,31.989583333333023],[43.6645833333323,31.993749999999686],[43.668749999998965,31.993749999999686],[43.67291666666563,31.99791666666635],[43.67708333333229,31.99791666666635],[43.681249999998954,32.00208333333304],[43.68541666666559,32.00208333333304],[43.68958333333225,32.00624999999966],[43.70208333333224,32.00624999999966],[43.7062499999989,32.00208333333304],[43.71041666666554,32.00208333333304],[43.714583333332286,31.99791666666635],[43.71874999999895,32.00208333333304]]}},{"type":"Feature","properties":{"HYRIV_ID":20757495,"NEXT_DOWN":20757744,"MAIN_RIV":20791150,"LENGTH_KM":4.0,"CATCH_SKM":15.29,"DIS_AV_CMS":0.039,"ORD_STRA":2,"ORD_FLOW":8},"geometry":{"type":"LineString","coordinates":[[42.68958333333231,32.01874999999968],[42.69374999999894,32.01458333333303],[42.69374999999894,32.00624999999966],[42.697916666665606,32.00208333333304],[42.697916666665606,31.985416666666374]]}},{"type":"Feature","properties":{"HYRIV_ID":20757496,"NEXT_DOWN":20756748,"MAIN_RIV":20791150,"LENGTH_KM":7.8,"CATCH_SKM":28.4,"DIS_AV_CMS":0.018,"ORD_STRA":1,"ORD_FLOW":8},"geometry":{"type":"LineString","coordinates":[[42.929166666665566,31.985416666666374],[42.935416666665645,31.985416666666374],[42.93958333333231,31.989583333333023],[42.93958333333231,31.993749999999686],[42.94374999999897,31.99791666666635],[42.9520833333323,31.99791666666635],[42.95624999999893,32.00208333333304],[42.960416666665594,32.00208333333304],[42.96874999999892,32.010416666666366],[42.97291666666558,32.010416666666366],[42.98124999999888,32.01874999999968],[42.98124999999888,32.027083333333046]]}},{"type":"Feature","properties":{"HYRIV_ID":20757497,"NEXT_DOWN":20757616,"MAIN_RIV":20791150,"LENGTH_KM":0.59,"CATCH_SKM":11.47,"DIS_AV_CMS":0.005,"ORD_STRA":1,"ORD_FLOW":9},"geometry":{"type":"LineString","coordinates":[[43.041666666665606,31.985416666666374],[43.0479166666656,31.985416666666374]]}},{"type":"Feature","properties":{"HYRIV_ID":20757498,"NEXT_DOWN":20757499,"MAIN_RIV":20791150,"LENGTH_KM":3.46,"CATCH_SKM":4.5500002,"DIS_AV_CMS":0.02,"ORD_STRA":2,"ORD_FLOW":8},"geometry":{"type":"LineString","coordinates":[[43.24791666666562,32.00208333333304],[43.25208333333228,32.00208333333304],[43.25624999999894,31.99791666666635],[43.260416666665606,31.99791666666635],[43.26458333333227,31.993749999999686],[43.26458333333227,31.989583333333023],[43.2687499999989,31.989583333333023],[43.272916666665566,31.985416666666374]]}},{"type":"Feature","properties":{"HYRIV_ID":20757499,"NEXT_DOWN":20757200,"MAIN_RIV":20791150,"LENGTH_KM":3.61,"CATCH_SKM":22.93,"DIS_AV_CMS":0.0,"ORD_STRA":4,"ORD_FLOW":10},"geometry":{"type":"LineString","coordinates":[[43.272916666665566,31.985416666666374],[43.28124999999898,31.993749999999686],[43.28541666666564,31.993749999999686],[43.2895833333323,31.99791666666635],[43.2979166666656,31.99791666666635],[43.30208333333226,32.00208333333304]]}},{"type":"Feature","properties":{"HYRIV_ID":20757500,"NEXT_DOWN":20757501,"MAIN_RIV":20791150,"LENGTH_KM":1.77,"CATCH_SKM":13.47,"DIS_AV_CMS":0.016,"ORD_STRA":1,"ORD_FLOW":8},"geometry":{"type":"LineString","coordinates":[[43.931249999998954,31.983333333333043],[43.931249999998954,31.989583333333023],[43.93541666666562,31.993749999999686],[43.93541666666562,31.99791666666635]]}},{"type":"Feature","properties":{"HYRIV_ID":20757501,"NEXT_DOWN":20757502,"MAIN_RIV":20791150,"LENGTH_KM":6.9699998,"CATCH_SKM":21.120001,"DIS_AV_CMS":0.058,"ORD_STRA":2,"ORD_FLOW":8},"geometry":{"type":"LineString","coordinates":[[43.93541666666562,31.99791666666635],[43.943749999998914,31.99791666666635],[43.9562499999989,31.985416666666374],[43.98124999999894,31.985416666666374],[43.9854166666656,31.989583333333023],[43.98958333333226,31.989583333333023],[43.993749999998926,31.985416666666374],[43.99791666666556,31.985416666666374]]}},{"type":"Feature","properties":{"HYRIV_ID":20757502,"NEXT_DOWN":20757341,"MAIN_RIV":20791150,"LENGTH_KM":7.5700002,"CATCH_SKM":11.47,"DIS_AV_CMS":0.188,"ORD_STRA":3,"ORD_FLOW":7},"geometry":{"type":"LineString","coordinates":[[43.99791666666556,31.985416666666374],[44.00208333333222,31.989583333333023],[44.006249999998886,31.985416666666374],[44.010416666665634,31.989583333333023],[44.03124999999892,31.989583333333023],[44.039583333332246,31.99791666666635],[44.06041666666562,31.99791666666635],[44.06458333333228,31.993749999999686]]}},{"type":"Feature","properties":{"HYRIV_ID":20757559,"NEXT_DOWN":20757560,"MAIN_RIV":20791150,"LENGTH_KM":7.7399998,"CATCH_SKM":34.23,"DIS_AV_CMS":0.026,"ORD_STRA":1,"ORD_FLOW":8},"geometry":{"type":"LineString","coordinates":[[42.0458333333323,31.98124999999971],[42.05208333333229,31.98124999999971],[42.056249999998954,31.985416666666374],[42.06458333333228,31.985416666666374],[42.068749999998914,31.989583333333023],[42.09791666666561,31.989583333333023],[42.102083333332274,31.985416666666374],[42.1104166666656,31.985416666666374],[42.11458333333226,31.98124999999971],[42.1187499999989,31.98124999999971]]}},{"type":"Feature","properties":{"HYRIV_ID":20757560,"NEXT_DOWN":20757742,"MAIN_RIV":20791150,"LENGTH_KM":10.22,"CATCH_SKM":31.309999,"DIS_AV_CMS":0.05,"ORD_STRA":2,"ORD_FLOW":8},"geometry":{"type":"LineString","coordinates":[[42.1187499999989,31.98124999999971],[42.12291666666556,31.98124999999971],[42.1395833333323,31.99791666666635],[42.14374999999896,31.993749999999686],[42.147916666665594,31.99791666666635],[42.15208333333226,31.993749999999686],[42.15624999999892,31.993749999999686],[42.16041666666558,31.989583333333023],[42.17291666666563,31.989583333333023],[42.17708333333229,31.993749999999686],[42.181249999998954,31.993749999999686],[42.18958333333228,32.00208333333304],[42.20208333333224,32.00208333333304]]}},{"type":"Feature","properties":{"HYRIV_ID":20757561,"NEXT_DOWN":20757562,"MAIN_RIV":20791150,"LENGTH_KM":2.29,"CATCH_SKM":7.1,"DIS_AV_CMS":0.047,"ORD_STRA":2,"ORD_FLOW":8},"geometry":{"type":"LineString","coordinates":[[42.63541666666558,31.98124999999971],[42.6395833333323,31.985416666666374],[42.6395833333323,31.989583333333023],[42.64791666666562,31.99791666666635]]}},{"type":"Feature","properties":{"HYRIV_ID":20757562,"NEXT_DOWN":20757744,"MAIN_RIV":20791150,"LENGTH_KM":6.2199998,"CATCH_SKM":18.93,"DIS_AV_CMS":0.073,"ORD_STRA":2,"ORD_FLOW":8},"geometry":{"type":"LineString","coordinates":[[42.64791666666562,31.99791666666635],[42.66041666666561,31.99791666666635],[42.67708333333232,31.98124999999971],[42.68124999999898,31.985416666666374],[42.685416666665645,31.98124999999971],[42.68958333333231,31.98124999999971],[42.69374999999894,31.985416666666374],[42.697916666665606,31.985416666666374]]}},{"type":"Feature","properties":{"HYRIV_ID":20757563,"NEXT_DOWN":20756671,"MAIN_RIV":20791150,"LENGTH_KM":10.88,"CATCH_SKM":46.25,"DIS_AV_CMS":0.028,"ORD_STRA":1,"ORD_FLOW":8},"geometry":{"type":"LineString","coordinates":[[42.97083333333225,31.98124999999971],[42.98124999999888,31.98124999999971],[42.98958333333229,31.989583333333023],[42.993749999998954,31.989583333333023],[42.99791666666562,31.993749999999686],[43.006249999998914,31.993749999999686],[43.01041666666558,31.989583333333023],[43.0187499999989,31.989583333333023],[43.02291666666565,31.993749999999686],[43.02291666666565,31.99791666666635],[43.03124999999895,32.00624999999966],[43.03124999999895,32.01458333333303],[43.039583333332274,32.02291666666634],[43.039583333332274,32.027083333333046],[43.03541666666561,32.031249999999694]]}},{"type":"Feature","properties":{"HYRIV_ID":20757564,"NEXT_DOWN":20757498,"MAIN_RIV":20791150,"LENGTH_KM":13.81,"CATCH_SKM":46.970001,"DIS_AV_CMS":0.013,"ORD_STRA":1,"ORD_FLOW":8},"geometry":{"type":"LineString","coordinates":[[43.14166666666557,32.0124999999997],[43.14791666666565,32.00624999999966],[43.152083333332314,32.00624999999966],[43.1729166666656,31.985416666666374],[43.17708333333226,31.985416666666374],[43.181249999998926,31.98124999999971],[43.193749999998886,31.98124999999971],[43.2020833333323,31.989583333333023],[43.20624999999896,31.989583333333023],[43.21458333333226,31.99791666666635],[43.21458333333226,32.00208333333304],[43.21874999999892,32.00624999999966],[43.227083333332246,32.00624999999966],[43.23124999999891,32.00208333333304],[43.23541666666557,32.00624999999966],[43.239583333332234,32.00624999999966],[43.243749999998954,32.00208333333304],[43.24791666666562,32.00208333333304]]}},{"type":"Feature","properties":{"HYRIV_ID":20757612,"NEXT_DOWN":20757613,"MAIN_RIV":20791150,"LENGTH_KM":4.64,"CATCH_SKM":16.93,"DIS_AV_CMS":0.203,"ORD_STRA":3,"ORD_FLOW":7},"geometry":{"type":"LineString","coordinates":[[42.78541666666561,31.977083333333006],[42.789583333332274,31.98124999999971],[42.80624999999898,31.98124999999971],[42.810416666665645,31.985416666666374],[42.81458333333231,31.985416666666374],[42.81874999999897,31.98124999999971],[42.81874999999897,31.977083333333006],[42.822916666665606,31.977083333333006]]}},{"type":"Feature","properties":{"HYRIV_ID":20757613,"NEXT_DOWN":20757340,"MAIN_RIV":20791150,"LENGTH_KM":7.5,"CATCH_SKM":35.139999,"DIS_AV_CMS":0.189,"ORD_STRA":3,"ORD_FLOW":7},"geometry":{"type":"LineString","coordinates":[[42.822916666665606,31.977083333333006],[42.82708333333227,31.977083333333006],[42.835416666665594,31.985416666666374],[42.835416666665594,31.989583333333023],[42.83958333333226,31.993749999999686],[42.84374999999892,31.993749999999686],[42.84791666666558,31.989583333333023],[42.856249999998965,31.99791666666635],[42.86458333333229,31.99791666666635],[42.868749999998954,31.993749999999686],[42.87291666666562,31.99791666666635],[42.87708333333225,31.993749999999686]]}},{"type":"Feature","properties":{"HYRIV_ID":20757614,"NEXT_DOWN":20757340,"MAIN_RIV":20791150,"LENGTH_KM":2.1400001,"CATCH_SKM":3.46,"DIS_AV_CMS":0.016,"ORD_STRA":2,"ORD_FLOW":8},"geometry":{"type":"LineString","coordinates":[[42.87708333333225,31.977083333333006],[42.87708333333225,31.98124999999971],[42.881249999998914,31.985416666666374],[42.881249999998914,31.989583333333023],[42.87708333333225,31.993749999999686]]}},{"type":"Feature","properties":{"HYRIV_ID":20757615,"NEXT_DOWN":20757616,"MAIN_RIV":20791150,"LENGTH_KM":1.16,"CATCH_SKM":12.57,"DIS_AV_CMS":0.005,"ORD_STRA":1,"ORD_FLOW":9},"geometry":{"type":"LineString","coordinates":[[43.0479166666656,31.97499999999969],[43.0479166666656,31.985416666666374]]}},{"type":"Feature","properties":{"HYRIV_ID":20757616,"NEXT_DOWN":20757882,"MAIN_RIV":20791150,"LENGTH_KM":6.25,"CATCH_SKM":19.84,"DIS_AV_CMS":0.02,"ORD_STRA":2,"ORD_FLOW":8},"geometry":{"type":"LineString","coordinates":[[43.0479166666656,31.985416666666374],[43.05208333333226,31.989583333333023],[43.06041666666556,31.989583333333023],[43.06458333333231,31.993749999999686],[43.072916666665634,31.993749999999686],[43.0770833333323,31.989583333333023],[43.0770833333323,31.985416666666374],[43.08124999999896,31.98124999999971],[43.09374999999892,31.98124999999971],[43.09791666666558,31.977083333333006]]}},{"type":"Feature","properties":{"HYRIV_ID":20757680,"NEXT_DOWN":20757614,"MAIN_RIV":20791150,"LENGTH_KM":0.91,"CATCH_SKM":10.75,"DIS_AV_CMS":0.006,"ORD_STRA":1,"ORD_FLOW":9},"geometry":{"type":"LineString","coordinates":[[42.870833333332286,31.970833333333026],[42.87708333333225,31.977083333333006]]}},{"type":"Feature","properties":{"HYRIV_ID":20757681,"NEXT_DOWN":20757614,"MAIN_RIV":20791150,"LENGTH_KM":0.91,"CATCH_SKM":14.21,"DIS_AV_CMS":0.007,"ORD_STRA":1,"ORD_FLOW":9},"geometry":{"type":"LineString","coordinates":[[42.883333333332246,31.970833333333026],[42.87708333333225,31.977083333333006]]}},{"type":"Feature","properties":{"HYRIV_ID":20757682,"NEXT_DOWN":20756672,"MAIN_RIV":20791150,"LENGTH_KM":10.09,"CATCH_SKM":32.77,"DIS_AV_CMS":0.017,"ORD_STRA":1,"ORD_FLOW":8},"geometry":{"type":"LineString","coordinates":[[43.47916666666558,31.972916666666357],[43.4937499999989,31.972916666666357],[43.50208333333228,31.98124999999971],[43.50208333333228,31.985416666666374],[43.50624999999894,31.989583333333023],[43.50208333333228,31.993749999999686],[43.50624999999894,31.99791666666635],[43.50624999999894,32.00208333333304],[43.510416666665606,32.00624999999966],[43.510416666665606,32.010416666666366],[43.51458333333227,32.01458333333303],[43.51458333333227,32.01874999999968],[43.522916666665594,32.027083333333046],[43.52708333333223,32.027083333333046],[43.53124999999889,32.031249999999694],[43.53541666666564,32.031249999999694]]}},{"type":"Feature","properties":{"HYRIV_ID":20757683,"NEXT_DOWN":20757750,"MAIN_RIV":20791150,"LENGTH_KM":5.4899998,"CATCH_SKM":22.950001,"DIS_AV_CMS":0.039,"ORD_STRA":1,"ORD_FLOW":8},"geometry":{"type":"LineString","coordinates":[[43.69999999999891,31.970833333333026],[43.7062499999989,31.977083333333006],[43.72291666666561,31.977083333333006],[43.727083333332274,31.98124999999971],[43.73541666666557,31.98124999999971],[43.7437499999989,31.972916666666357],[43.74791666666556,31.972916666666357]]}},{"type":"Feature","properties":{"HYRIV_ID":20757742,"NEXT_DOWN":20758281,"MAIN_RIV":20791150,"LENGTH_KM":7.71,"CATCH_SKM":36.779999,"DIS_AV_CMS":0.071,"ORD_STRA":2,"ORD_FLOW":8},"geometry":{"type":"LineString","coordinates":[[42.20208333333224,32.00208333333304],[42.227083333332274,32.00208333333304],[42.23124999999894,31.99791666666635],[42.2354166666656,31.99791666666635],[42.23958333333226,31.993749999999686],[42.24374999999901,31.993749999999686],[42.24374999999901,31.989583333333023],[42.260416666665634,31.972916666666357],[42.260416666665634,31.968749999999694]]}},{"type":"Feature","properties":{"HYRIV_ID":20757743,"NEXT_DOWN":20757561,"MAIN_RIV":20791150,"LENGTH_KM":1.62,"CATCH_SKM":12.93,"DIS_AV_CMS":0.011,"ORD_STRA":1,"ORD_FLOW":8},"geometry":{"type":"LineString","coordinates":[[42.63541666666558,31.966666666666363],[42.63541666666558,31.98124999999971]]}},{"type":"Feature","properties":{"HYRIV_ID":20757744,"NEXT_DOWN":20757950,"MAIN_RIV":20791150,"LENGTH_KM":2.82,"CATCH_SKM":5.2800002,"DIS_AV_CMS":0.109,"ORD_STRA":3,"ORD_FLOW":7},"geometry":{"type":"LineString","coordinates":[[42.697916666665606,31.985416666666374],[42.70208333333227,31.98124999999971],[42.70624999999893,31.98124999999971],[42.71874999999889,31.968749999999694]]}},{"type":"Feature","properties":{"HYRIV_ID":20757745,"NEXT_DOWN":20757612,"MAIN_RIV":20791150,"LENGTH_KM":1.22,"CATCH_SKM":0.36,"DIS_AV_CMS":0.058,"ORD_STRA":2,"ORD_FLOW":8},"geometry":{"type":"LineString","coordinates":[[42.78541666666561,31.968749999999694],[42.789583333332274,31.972916666666357],[42.78541666666561,31.977083333333006]]}},{"type":"Feature","properties":{"HYRIV_ID":20757746,"NEXT_DOWN":20757882,"MAIN_RIV":20791150,"LENGTH_KM":1.16,"CATCH_SKM":13.84,"DIS_AV_CMS":0.004,"ORD_STRA":1,"ORD_FLOW":9},"geometry":{"type":"LineString","coordinates":[[43.09791666666558,31.966666666666363],[43.09791666666558,31.977083333333006]]}},{"type":"Feature","properties":{"HYRIV_ID":20757747,"NEXT_DOWN":20757748,"MAIN_RIV":20791150,"LENGTH_KM":0.59,"CATCH_SKM":10.56,"DIS_AV_CMS":0.015,"ORD_STRA":1,"ORD_FLOW":8},"geometry":{"type":"LineString","coordinates":[[43.62083333333223,31.968749999999694],[43.62708333333231,31.968749999999694]]}},{"type":"Feature","properties":{"HYRIV_ID":20757748,"NEXT_DOWN":20757749,"MAIN_RIV":20791150,"LENGTH_KM":1.5700001,"CATCH_SKM":3.1,"DIS_AV_CMS":0.267,"ORD_STRA":3,"ORD_FLOW":7},"geometry":{"type":"LineString","coordinates":[[43.62708333333231,31.968749999999694],[43.64374999999893,31.968749999999694]]}},{"type":"Feature","properties":{"HYRIV_ID":20757749,"NEXT_DOWN":20757203,"MAIN_RIV":20791150,"LENGTH_KM":9.4700003,"CATCH_SKM":27.860001,"DIS_AV_CMS":0.333,"ORD_STRA":3,"ORD_FLOW":7},"geometry":{"type":"LineString","coordinates":[[43.64374999999893,31.968749999999694],[43.647916666665594,31.972916666666357],[43.65208333333226,31.972916666666357],[43.65624999999892,31.977083333333006],[43.6645833333323,31.977083333333006],[43.668749999998965,31.98124999999971],[43.67708333333229,31.98124999999971],[43.681249999998954,31.985416666666374],[43.68541666666559,31.985416666666374],[43.68958333333225,31.989583333333023],[43.693749999998914,31.989583333333023],[43.69791666666558,31.985416666666374],[43.70208333333224,31.989583333333023],[43.7062499999989,31.989583333333023],[43.71041666666554,31.993749999999686],[43.714583333332286,31.993749999999686],[43.71874999999895,31.99791666666635],[43.71874999999895,32.00208333333304]]}},{"type":"Feature","properties":{"HYRIV_ID":20757750,"NEXT_DOWN":20757808,"MAIN_RIV":20791150,"LENGTH_KM":1.39,"CATCH_SKM":2.9100001,"DIS_AV_CMS":0.075,"ORD_STRA":2,"ORD_FLOW":8},"geometry":{"type":"LineString","coordinates":[[43.74791666666556,31.972916666666357],[43.75208333333231,31.972916666666357],[43.75624999999897,31.968749999999694],[43.760416666665634,31.968749999999694]]}},{"type":"Feature","properties":{"HYRIV_ID":20757807,"NEXT_DOWN":20757561,"MAIN_RIV":20791150,"LENGTH_KM":8.5600004,"CATCH_SKM":42.98,"DIS_AV_CMS":0.033,"ORD_STRA":1,"ORD_FLOW":8},"geometry":{"type":"LineString","coordinates":[[42.56666666666561,31.962499999999714],[42.572916666665606,31.968749999999694],[42.58124999999893,31.968749999999694],[42.585416666665594,31.972916666666357],[42.585416666665594,31.977083333333006],[42.58958333333223,31.98124999999971],[42.606249999998965,31.98124999999971],[42.61041666666563,31.977083333333006],[42.62291666666559,31.977083333333006],[42.631249999998914,31.985416666666374],[42.63541666666558,31.98124999999971]]}},{"type":"Feature","properties":{"HYRIV_ID":20757808,"NEXT_DOWN":20757809,"MAIN_RIV":20791150,"LENGTH_KM":5.75,"CATCH_SKM":11.11,"DIS_AV_CMS":0.124,"ORD_STRA":2,"ORD_FLOW":7},"geometry":{"type":"LineString","coordinates":[[43.760416666665634,31.968749999999694],[43.78541666666558,31.968749999999694],[43.78958333333222,31.96458333333303],[43.79374999999888,31.96458333333303],[43.79791666666563,31.968749999999694],[43.81041666666562,31.968749999999694],[43.81458333333225,31.96458333333303]]}},{"type":"Feature","properties":{"HYRIV_ID":20757809,"NEXT_DOWN":20756553,"MAIN_RIV":20791150,"LENGTH_KM":14.86,"CATCH_SKM":34.23,"DIS_AV_CMS":0.56900001,"ORD_STRA":3,"ORD_FLOW":7},"geometry":{"type":"LineString","coordinates":[[43.81458333333225,31.96458333333303],[43.818749999998914,31.968749999999694],[43.82291666666558,31.968749999999694],[43.82708333333224,31.972916666666357],[43.8312499999989,31.972916666666357],[43.86458333333226,32.00624999999966],[43.8687499999989,32.00624999999966],[43.87291666666556,32.010416666666366],[43.87708333333222,32.010416666666366],[43.88124999999897,32.01458333333303],[43.8895833333323,32.01458333333303],[43.89374999999893,32.01874999999968],[43.897916666665594,32.01874999999968],[43.90208333333226,32.02291666666634],[43.91041666666558,32.02291666666634],[43.91874999999888,32.031249999999694],[43.92291666666554,32.031249999999694],[43.931249999998954,32.03958333333302]]}},{"type":"Feature","properties":{"HYRIV_ID":20757880,"NEXT_DOWN":20757560,"MAIN_RIV":20791150,"LENGTH_KM":3.05,"CATCH_SKM":23.309999,"DIS_AV_CMS":0.019,"ORD_STRA":1,"ORD_FLOW":8},"geometry":{"type":"LineString","coordinates":[[42.104166666665606,31.95833333333301],[42.1104166666656,31.96458333333303],[42.1104166666656,31.968749999999694],[42.1187499999989,31.977083333333006],[42.1187499999989,31.98124999999971]]}},{"type":"Feature","properties":{"HYRIV_ID":20757881,"NEXT_DOWN":20757745,"MAIN_RIV":20791150,"LENGTH_KM":1.91,"CATCH_SKM":15.12,"DIS_AV_CMS":0.012,"ORD_STRA":1,"ORD_FLOW":8},"geometry":{"type":"LineString","coordinates":[[42.77083333333229,31.95833333333301],[42.78124999999895,31.968749999999694],[42.78541666666561,31.968749999999694]]}},{"type":"Feature","properties":{"HYRIV_ID":20757882,"NEXT_DOWN":20757951,"MAIN_RIV":20791150,"LENGTH_KM":6.64,"CATCH_SKM":18.030001,"DIS_AV_CMS":0.022,"ORD_STRA":2,"ORD_FLOW":8},"geometry":{"type":"LineString","coordinates":[[43.09791666666558,31.977083333333006],[43.11041666666554,31.977083333333006],[43.114583333332206,31.98124999999971],[43.13124999999894,31.98124999999971],[43.13958333333224,31.972916666666357],[43.13958333333224,31.968749999999694],[43.14791666666565,31.960416666666383],[43.152083333332314,31.960416666666383]]}},{"type":"Feature","properties":{"HYRIV_ID":20757949,"NEXT_DOWN":20758281,"MAIN_RIV":20791150,"LENGTH_KM":3.59,"CATCH_SKM":14.75,"DIS_AV_CMS":0.012,"ORD_STRA":1,"ORD_FLOW":8},"geometry":{"type":"LineString","coordinates":[[42.229166666665606,31.956249999999677],[42.24791666666559,31.956249999999677],[42.260416666665634,31.968749999999694]]}},{"type":"Feature","properties":{"HYRIV_ID":20757950,"NEXT_DOWN":20757612,"MAIN_RIV":20791150,"LENGTH_KM":10.57,"CATCH_SKM":45.52,"DIS_AV_CMS":0.168,"ORD_STRA":3,"ORD_FLOW":7},"geometry":{"type":"LineString","coordinates":[[42.71874999999889,31.968749999999694],[42.722916666665554,31.96458333333303],[42.7270833333323,31.96458333333303],[42.73541666666563,31.956249999999677],[42.743749999998954,31.96458333333303],[42.743749999998954,31.968749999999694],[42.73958333333229,31.972916666666357],[42.73958333333229,31.977083333333006],[42.75208333333225,31.989583333333023],[42.77291666666562,31.989583333333023],[42.78541666666561,31.977083333333006]]}},{"type":"Feature","properties":{"HYRIV_ID":20757951,"NEXT_DOWN":20757952,"MAIN_RIV":20791150,"LENGTH_KM":3.79,"CATCH_SKM":10.56,"DIS_AV_CMS":0.0,"ORD_STRA":4,"ORD_FLOW":10},"geometry":{"type":"LineString","coordinates":[[43.152083333332314,31.960416666666383],[43.15624999999898,31.956249999999677],[43.16041666666564,31.956249999999677],[43.164583333332274,31.960416666666383],[43.16874999999894,31.956249999999677],[43.18541666666559,31.956249999999677]]}},{"type":"Feature","properties":{"HYRIV_ID":20757952,"NEXT_DOWN":20757499,"MAIN_RIV":20791150,"LENGTH_KM":9.7600002,"CATCH_SKM":45.349998,"DIS_AV_CMS":0.0,"ORD_STRA":4,"ORD_FLOW":10},"geometry":{"type":"LineString","coordinates":[[43.18541666666559,31.956249999999677],[43.193749999998886,31.956249999999677],[43.197916666665634,31.960416666666383],[43.20624999999896,31.960416666666383],[43.21458333333226,31.968749999999694],[43.24791666666562,31.968749999999694],[43.260416666665606,31.98124999999971],[43.2687499999989,31.98124999999971],[43.272916666665566,31.985416666666374]]}},{"type":"Feature","properties":{"HYRIV_ID":20758011,"NEXT_DOWN":20758282,"MAIN_RIV":20791150,"LENGTH_KM":2.23,"CATCH_SKM":15.29,"DIS_AV_CMS":0.013,"ORD_STRA":1,"ORD_FLOW":8},"geometry":{"type":"LineString","coordinates":[[42.39374999999896,31.970833333333026],[42.39374999999896,31.96458333333303],[42.39791666666562,31.960416666666383],[42.39791666666562,31.952083333333015]]}},{"type":"Feature","properties":{"HYRIV_ID":20758012,"NEXT_DOWN":20756746,"MAIN_RIV":20791150,"LENGTH_KM":9.0600004,"CATCH_SKM":43.150002,"DIS_AV_CMS":0.0,"ORD_STRA":5,"ORD_FLOW":10},"geometry":{"type":"LineString","coordinates":[[42.42291666666566,31.952083333333015],[42.42291666666566,32.00624999999966],[42.44374999999894,32.027083333333046]]}},{"type":"Feature","properties":{"HYRIV_ID":20758013,"NEXT_DOWN":20758012,"MAIN_RIV":20791150,"LENGTH_KM":6.56,"CATCH_SKM":24.040001,"DIS_AV_CMS":0.018,"ORD_STRA":1,"ORD_FLOW":8},"geometry":{"type":"LineString","coordinates":[[42.48333333333227,31.968749999999694],[42.46874999999898,31.968749999999694],[42.464583333332314,31.96458333333303],[42.460416666665566,31.96458333333303],[42.45624999999893,31.960416666666383],[42.447916666665606,31.960416666666383],[42.44374999999894,31.956249999999677],[42.43958333333228,31.956249999999677],[42.43541666666562,31.952083333333015],[42.42291666666566,31.952083333333015]]}},{"type":"Feature","properties":{"HYRIV_ID":20758014,"NEXT_DOWN":20757749,"MAIN_RIV":20791150,"LENGTH_KM":2.45,"CATCH_SKM":12.75,"DIS_AV_CMS":0.021,"ORD_STRA":1,"ORD_FLOW":8},"geometry":{"type":"LineString","coordinates":[[43.6416666666656,31.949999999999697],[43.647916666665594,31.956249999999677],[43.647916666665594,31.96458333333303],[43.64374999999893,31.968749999999694]]}},{"type":"Feature","properties":{"HYRIV_ID":20758015,"NEXT_DOWN":20757808,"MAIN_RIV":20791150,"LENGTH_KM":2.73,"CATCH_SKM":18.040001,"DIS_AV_CMS":0.03,"ORD_STRA":1,"ORD_FLOW":8},"geometry":{"type":"LineString","coordinates":[[43.7583333333323,31.952083333333015],[43.75208333333231,31.952083333333015],[43.760416666665634,31.960416666666383],[43.760416666665634,31.968749999999694]]}},{"type":"Feature","properties":{"HYRIV_ID":20758016,"NEXT_DOWN":20757502,"MAIN_RIV":20791150,"LENGTH_KM":7.08,"CATCH_SKM":12.57,"DIS_AV_CMS":0.125,"ORD_STRA":3,"ORD_FLOW":7},"geometry":{"type":"LineString","coordinates":[[43.943749999998914,31.952083333333015],[43.94791666666558,31.956249999999677],[43.9562499999989,31.956249999999677],[43.960416666665566,31.960416666666383],[43.96458333333223,31.960416666666383],[43.98124999999894,31.977083333333006],[43.993749999998926,31.977083333333006],[43.99791666666556,31.98124999999971],[43.99791666666556,31.985416666666374]]}},{"type":"Feature","properties":{"HYRIV_ID":20758085,"NEXT_DOWN":20758282,"MAIN_RIV":20791150,"LENGTH_KM":2.48,"CATCH_SKM":16.940001,"DIS_AV_CMS":0.014,"ORD_STRA":1,"ORD_FLOW":8},"geometry":{"type":"LineString","coordinates":[[42.37499999999892,31.945833333333034],[42.381249999998886,31.952083333333015],[42.39791666666562,31.952083333333015]]}},{"type":"Feature","properties":{"HYRIV_ID":20758086,"NEXT_DOWN":20758087,"MAIN_RIV":20791150,"LENGTH_KM":6.1599998,"CATCH_SKM":22.77,"DIS_AV_CMS":0.005,"ORD_STRA":1,"ORD_FLOW":9},"geometry":{"type":"LineString","coordinates":[[43.3624999999989,31.945833333333034],[43.3687499999989,31.952083333333015],[43.37291666666562,31.952083333333015],[43.37708333333228,31.956249999999677],[43.385416666665606,31.956249999999677],[43.38958333333227,31.960416666666383],[43.40208333333223,31.960416666666383],[43.41041666666564,31.952083333333015],[43.41041666666564,31.947916666666366]]}},{"type":"Feature","properties":{"HYRIV_ID":20758087,"NEXT_DOWN":20757202,"MAIN_RIV":20791150,"LENGTH_KM":7.5300002,"CATCH_SKM":18.030001,"DIS_AV_CMS":0.008,"ORD_STRA":2,"ORD_FLOW":9},"geometry":{"type":"LineString","coordinates":[[43.41041666666564,31.947916666666366],[43.418749999998965,31.956249999999677],[43.418749999998965,31.972916666666357],[43.4229166666656,31.977083333333006],[43.431249999998926,31.977083333333006],[43.431249999998926,31.98124999999971],[43.435416666665674,31.985416666666374],[43.431249999998926,31.989583333333023],[43.431249999998926,32.00208333333304]]}},{"type":"Feature","properties":{"HYRIV_ID":20758088,"NEXT_DOWN":20757748,"MAIN_RIV":20791150,"LENGTH_KM":4.0700002,"CATCH_SKM":19.67,"DIS_AV_CMS":0.248,"ORD_STRA":3,"ORD_FLOW":7},"geometry":{"type":"LineString","coordinates":[[43.59791666666561,31.947916666666366],[43.602083333332274,31.947916666666366],[43.60624999999891,31.952083333333015],[43.61041666666557,31.952083333333015],[43.614583333332234,31.956249999999677],[43.614583333332234,31.960416666666383],[43.6187499999989,31.96458333333303],[43.62291666666556,31.96458333333303],[43.62708333333231,31.968749999999694]]}},{"type":"Feature","properties":{"HYRIV_ID":20758089,"NEXT_DOWN":20758016,"MAIN_RIV":20791150,"LENGTH_KM":7.3600001,"CATCH_SKM":14.75,"DIS_AV_CMS":0.089,"ORD_STRA":2,"ORD_FLOW":8},"geometry":{"type":"LineString","coordinates":[[43.87708333333222,31.947916666666366],[43.8895833333323,31.960416666666383],[43.914583333332246,31.960416666666383],[43.91874999999888,31.956249999999677],[43.93958333333228,31.956249999999677],[43.943749999998914,31.952083333333015]]}},{"type":"Feature","properties":{"HYRIV_ID":20758158,"NEXT_DOWN":20757750,"MAIN_RIV":20791150,"LENGTH_KM":5.2,"CATCH_SKM":18.030001,"DIS_AV_CMS":0.03,"ORD_STRA":1,"ORD_FLOW":8},"geometry":{"type":"LineString","coordinates":[[43.71249999999887,31.94166666666633],[43.73541666666557,31.96458333333303],[43.7437499999989,31.96458333333303],[43.74791666666556,31.968749999999694],[43.74791666666556,31.972916666666357]]}},{"type":"Feature","properties":{"HYRIV_ID":20758211,"NEXT_DOWN":20758012,"MAIN_RIV":20791150,"LENGTH_KM":1.39,"CATCH_SKM":1.8200001,"DIS_AV_CMS":0.0,"ORD_STRA":5,"ORD_FLOW":10},"geometry":{"type":"LineString","coordinates":[[42.42291666666566,31.939583333332997],[42.42291666666566,31.952083333333015]]}},{"type":"Feature","properties":{"HYRIV_ID":20758212,"NEXT_DOWN":20757745,"MAIN_RIV":20791150,"LENGTH_KM":3.82,"CATCH_SKM":7.83,"DIS_AV_CMS":0.047,"ORD_STRA":2,"ORD_FLOW":8},"geometry":{"type":"LineString","coordinates":[[42.78541666666561,31.939583333332997],[42.79374999999894,31.947916666666366],[42.78541666666561,31.956249999999677],[42.78541666666561,31.968749999999694]]}},{"type":"Feature","properties":{"HYRIV_ID":20758281,"NEXT_DOWN":20758442,"MAIN_RIV":20791150,"LENGTH_KM":4.2800002,"CATCH_SKM":23.129999,"DIS_AV_CMS":0.077,"ORD_STRA":2,"ORD_FLOW":8},"geometry":{"type":"LineString","coordinates":[[42.260416666665634,31.968749999999694],[42.2645833333323,31.96458333333303],[42.2645833333323,31.952083333333015],[42.27291666666562,31.94374999999966],[42.27291666666562,31.939583333332997],[42.27708333333226,31.93541666666635]]}},{"type":"Feature","properties":{"HYRIV_ID":20758282,"NEXT_DOWN":20758283,"MAIN_RIV":20791150,"LENGTH_KM":2.29,"CATCH_SKM":2.9100001,"DIS_AV_CMS":0.028,"ORD_STRA":2,"ORD_FLOW":8},"geometry":{"type":"LineString","coordinates":[[42.39791666666562,31.952083333333015],[42.40624999999892,31.94374999999966],[42.40624999999892,31.939583333332997],[42.41041666666558,31.93541666666635]]}},{"type":"Feature","properties":{"HYRIV_ID":20758283,"NEXT_DOWN":20758211,"MAIN_RIV":20791150,"LENGTH_KM":1.39,"CATCH_SKM":1.27,"DIS_AV_CMS":0.061,"ORD_STRA":3,"ORD_FLOW":8},"geometry":{"type":"LineString","coordinates":[[42.41041666666558,31.93541666666635],[42.414583333332246,31.93541666666635],[42.418749999998994,31.939583333332997],[42.42291666666566,31.939583333332997]]}},{"type":"Feature","properties":{"HYRIV_ID":20758284,"NEXT_DOWN":20758211,"MAIN_RIV":20791150,"LENGTH_KM":5.7,"CATCH_SKM":18.58,"DIS_AV_CMS":0.014,"ORD_STRA":1,"ORD_FLOW":8},"geometry":{"type":"LineString","coordinates":[[42.47083333333231,31.954166666666346],[42.460416666665566,31.94374999999966],[42.45624999999893,31.94374999999966],[42.447916666665606,31.93541666666635],[42.43541666666562,31.93541666666635],[42.431249999998954,31.939583333332997],[42.42291666666566,31.939583333332997]]}},{"type":"Feature","properties":{"HYRIV_ID":20758285,"NEXT_DOWN":20758212,"MAIN_RIV":20791150,"LENGTH_KM":0.91,"CATCH_SKM":10.75,"DIS_AV_CMS":0.006,"ORD_STRA":1,"ORD_FLOW":9},"geometry":{"type":"LineString","coordinates":[[42.791666666665606,31.933333333333017],[42.78541666666561,31.939583333332997]]}},{"type":"Feature","properties":{"HYRIV_ID":20758286,"NEXT_DOWN":20758287,"MAIN_RIV":20791150,"LENGTH_KM":0.91,"CATCH_SKM":11.11,"DIS_AV_CMS":0.015,"ORD_STRA":1,"ORD_FLOW":8},"geometry":{"type":"LineString","coordinates":[[43.55833333333226,31.94166666666633],[43.56458333333225,31.93541666666635]]}},{"type":"Feature","properties":{"HYRIV_ID":20758287,"NEXT_DOWN":20758088,"MAIN_RIV":20791150,"LENGTH_KM":3.79,"CATCH_SKM":10.38,"DIS_AV_CMS":0.112,"ORD_STRA":3,"ORD_FLOW":7},"geometry":{"type":"LineString","coordinates":[[43.56458333333225,31.93541666666635],[43.57291666666558,31.94374999999966],[43.581249999998875,31.94374999999966],[43.58541666666554,31.947916666666366],[43.59791666666561,31.947916666666366]]}},{"type":"Feature","properties":{"HYRIV_ID":20758350,"NEXT_DOWN":20757341,"MAIN_RIV":20791150,"LENGTH_KM":16.700001,"CATCH_SKM":58.470001,"DIS_AV_CMS":0.015,"ORD_STRA":1,"ORD_FLOW":8},"geometry":{"type":"LineString","coordinates":[[43.95416666666557,31.93541666666635],[43.96458333333223,31.93541666666635],[43.972916666665526,31.94374999999966],[43.99791666666556,31.94374999999966],[44.00208333333222,31.939583333332997],[44.00208333333222,31.93541666666635],[44.006249999998886,31.931249999999686],[44.010416666665634,31.931249999999686],[44.02708333333226,31.947916666666366],[44.02708333333226,31.972916666666357],[44.03124999999892,31.977083333333006],[44.03541666666558,31.977083333333006],[44.039583333332246,31.98124999999971],[44.052083333332206,31.98124999999971],[44.056249999998954,31.985416666666374],[44.06041666666562,31.985416666666374],[44.06458333333228,31.989583333333023],[44.06458333333228,31.993749999999686]]}},{"type":"Feature","properties":{"HYRIV_ID":20758442,"NEXT_DOWN":20758603,"MAIN_RIV":20791150,"LENGTH_KM":7.1500001,"CATCH_SKM":39.349998,"DIS_AV_CMS":0.062,"ORD_STRA":2,"ORD_FLOW":8},"geometry":{"type":"LineString","coordinates":[[42.27708333333226,31.93541666666635],[42.28124999999892,31.931249999999686],[42.28958333333233,31.931249999999686],[42.293749999998994,31.927083333333023],[42.29791666666566,31.927083333333023],[42.30208333333229,31.931249999999686],[42.306249999998954,31.927083333333023],[42.34374999999898,31.927083333333023]]}},{"type":"Feature","properties":{"HYRIV_ID":20758443,"NEXT_DOWN":20758603,"MAIN_RIV":20791150,"LENGTH_KM":10.19,"CATCH_SKM":43.52,"DIS_AV_CMS":0.032,"ORD_STRA":1,"ORD_FLOW":8},"geometry":{"type":"LineString","coordinates":[[42.31249999999895,31.983333333333043],[42.322916666665606,31.993749999999686],[42.32708333333224,31.993749999999686],[42.3312499999989,31.989583333333023],[42.3312499999989,31.968749999999694],[42.32708333333224,31.96458333333303],[42.3312499999989,31.960416666666383],[42.3312499999989,31.956249999999677],[42.33541666666565,31.952083333333015],[42.33541666666565,31.94374999999966],[42.34374999999898,31.93541666666635],[42.34374999999898,31.927083333333023]]}},{"type":"Feature","properties":{"HYRIV_ID":20758444,"NEXT_DOWN":20758211,"MAIN_RIV":20791150,"LENGTH_KM":1.39,"CATCH_SKM":1.8200001,"DIS_AV_CMS":0.0,"ORD_STRA":5,"ORD_FLOW":10},"geometry":{"type":"LineString","coordinates":[[42.42291666666566,31.927083333333023],[42.42291666666566,31.939583333332997]]}},{"type":"Feature","properties":{"HYRIV_ID":20758445,"NEXT_DOWN":20757613,"MAIN_RIV":20791150,"LENGTH_KM":6.2199998,"CATCH_SKM":30.790001,"DIS_AV_CMS":0.015,"ORD_STRA":1,"ORD_FLOW":8},"geometry":{"type":"LineString","coordinates":[[42.82708333333227,31.92499999999969],[42.82708333333227,31.939583333332997],[42.83124999999893,31.94374999999966],[42.822916666665606,31.952083333333015],[42.822916666665606,31.977083333333006]]}},{"type":"Feature","properties":{"HYRIV_ID":20758446,"NEXT_DOWN":20757952,"MAIN_RIV":20791150,"LENGTH_KM":3.62,"CATCH_SKM":23.32,"DIS_AV_CMS":0.004,"ORD_STRA":1,"ORD_FLOW":9},"geometry":{"type":"LineString","coordinates":[[43.181249999998926,31.92499999999969],[43.181249999998926,31.952083333333015],[43.18541666666559,31.956249999999677]]}},{"type":"Feature","properties":{"HYRIV_ID":20758447,"NEXT_DOWN":20758087,"MAIN_RIV":20791150,"LENGTH_KM":3.6800001,"CATCH_SKM":9.4700003,"DIS_AV_CMS":0.051,"ORD_STRA":2,"ORD_FLOW":8},"geometry":{"type":"LineString","coordinates":[[43.385416666665606,31.927083333333023],[43.38958333333227,31.931249999999686],[43.39374999999893,31.931249999999686],[43.40208333333223,31.939583333332997],[43.40624999999898,31.939583333332997],[43.41041666666564,31.94374999999966],[43.41041666666564,31.947916666666366]]}},{"type":"Feature","properties":{"HYRIV_ID":20758448,"NEXT_DOWN":20758089,"MAIN_RIV":20791150,"LENGTH_KM":8.9099998,"CATCH_SKM":33.889999,"DIS_AV_CMS":0.045,"ORD_STRA":1,"ORD_FLOW":8},"geometry":{"type":"LineString","coordinates":[[43.808333333332286,31.927083333333023],[43.818749999998914,31.927083333333023],[43.82291666666558,31.931249999999686],[43.82291666666558,31.939583333332997],[43.82708333333224,31.94374999999966],[43.8312499999989,31.94374999999966],[43.835416666665566,31.947916666666366],[43.84374999999886,31.947916666666366],[43.84791666666561,31.952083333333015],[43.852083333332274,31.952083333333015],[43.85624999999894,31.956249999999677],[43.86458333333226,31.956249999999677],[43.8687499999989,31.952083333333015],[43.87291666666556,31.952083333333015],[43.87708333333222,31.947916666666366]]}},{"type":"Feature","properties":{"HYRIV_ID":20758524,"NEXT_DOWN":20757499,"MAIN_RIV":20791150,"LENGTH_KM":7.6700001,"CATCH_SKM":30.059999,"DIS_AV_CMS":0.036,"ORD_STRA":2,"ORD_FLOW":8},"geometry":{"type":"LineString","coordinates":[[43.277083333332314,31.922916666666374],[43.28124999999898,31.927083333333023],[43.28124999999898,31.939583333332997],[43.28541666666564,31.94374999999966],[43.28541666666564,31.960416666666383],[43.277083333332314,31.968749999999694],[43.277083333332314,31.98124999999971],[43.272916666665566,31.985416666666374]]}},{"type":"Feature","properties":{"HYRIV_ID":20758602,"NEXT_DOWN":20757742,"MAIN_RIV":20791150,"LENGTH_KM":28.209999,"CATCH_SKM":114.41,"DIS_AV_CMS":0.06,"ORD_STRA":1,"ORD_FLOW":8},"geometry":{"type":"LineString","coordinates":[[41.99999999999898,31.927083333333023],[42.00624999999897,31.927083333333023],[42.01874999999893,31.939583333332997],[42.022916666665594,31.939583333332997],[42.02708333333226,31.93541666666635],[42.043749999998965,31.93541666666635],[42.04791666666563,31.931249999999686],[42.05208333333229,31.93541666666635],[42.056249999998954,31.931249999999686],[42.06458333333228,31.931249999999686],[42.07291666666566,31.922916666666374],[42.07291666666566,31.91874999999967],[42.102083333332274,31.91874999999967],[42.10624999999894,31.922916666666374],[42.1104166666656,31.922916666666374],[42.11458333333226,31.927083333333023],[42.12708333333231,31.927083333333023],[42.13124999999897,31.931249999999686],[42.13124999999897,31.93541666666635],[42.14374999999896,31.947916666666366],[42.147916666665594,31.947916666666366],[42.15208333333226,31.952083333333015],[42.15624999999892,31.947916666666366],[42.16458333333233,31.947916666666366],[42.168749999998994,31.952083333333015],[42.168749999998994,31.956249999999677],[42.18541666666562,31.972916666666357],[42.19374999999894,31.972916666666357],[42.20624999999899,31.985416666666374],[42.20624999999899,31.989583333333023],[42.20208333333224,31.993749999999686],[42.20208333333224,32.00208333333304]]}},{"type":"Feature","properties":{"HYRIV_ID":20758603,"NEXT_DOWN":20758283,"MAIN_RIV":20791150,"LENGTH_KM":7.58,"CATCH_SKM":33.529999,"DIS_AV_CMS":0.049,"ORD_STRA":2,"ORD_FLOW":8},"geometry":{"type":"LineString","coordinates":[[42.34374999999898,31.927083333333023],[42.3520833333323,31.927083333333023],[42.35624999999894,31.922916666666374],[42.36458333333226,31.922916666666374],[42.368749999998926,31.91874999999967],[42.385416666665634,31.91874999999967],[42.3895833333323,31.922916666666374],[42.39791666666562,31.922916666666374],[42.41041666666558,31.93541666666635]]}},{"type":"Feature","properties":{"HYRIV_ID":20758604,"NEXT_DOWN":20757809,"MAIN_RIV":20791150,"LENGTH_KM":7.58,"CATCH_SKM":22.41,"DIS_AV_CMS":0.392,"ORD_STRA":3,"ORD_FLOW":7},"geometry":{"type":"LineString","coordinates":[[43.76458333333227,31.91874999999967],[43.76874999999893,31.922916666666374],[43.77708333333226,31.922916666666374],[43.79791666666563,31.94374999999966],[43.79791666666563,31.947916666666366],[43.806249999998954,31.956249999999677],[43.81041666666562,31.956249999999677],[43.81458333333225,31.960416666666383],[43.81458333333225,31.96458333333303]]}},{"type":"Feature","properties":{"HYRIV_ID":20758666,"NEXT_DOWN":20758667,"MAIN_RIV":20791150,"LENGTH_KM":1.38,"CATCH_SKM":12.94,"DIS_AV_CMS":0.01,"ORD_STRA":1,"ORD_FLOW":8},"geometry":{"type":"LineString","coordinates":[[42.604166666665634,31.92499999999969],[42.61041666666563,31.91874999999967],[42.61041666666563,31.914583333333006]]}},{"type":"Feature","properties":{"HYRIV_ID":20758667,"NEXT_DOWN":20757950,"MAIN_RIV":20791150,"LENGTH_KM":14.37,"CATCH_SKM":51.009998,"DIS_AV_CMS":0.076,"ORD_STRA":2,"ORD_FLOW":8},"geometry":{"type":"LineString","coordinates":[[42.61041666666563,31.914583333333006],[42.62708333333225,31.931249999999686],[42.631249999998914,31.927083333333023],[42.64374999999896,31.927083333333023],[42.64791666666562,31.931249999999686],[42.652083333332286,31.931249999999686],[42.65624999999895,31.93541666666635],[42.66041666666561,31.93541666666635],[42.66874999999891,31.94374999999966],[42.66874999999891,31.947916666666366],[42.67708333333232,31.956249999999677],[42.685416666665645,31.956249999999677],[42.68958333333231,31.960416666666383],[42.697916666665606,31.960416666666383],[42.70208333333227,31.96458333333303],[42.70624999999893,31.960416666666383],[42.71458333333226,31.960416666666383],[42.71874999999889,31.96458333333303],[42.71874999999889,31.968749999999694]]}},{"type":"Feature","properties":{"HYRIV_ID":20758668,"NEXT_DOWN":20758447,"MAIN_RIV":20791150,"LENGTH_KM":4.02,"CATCH_SKM":19.129999,"DIS_AV_CMS":0.007,"ORD_STRA":1,"ORD_FLOW":9},"geometry":{"type":"LineString","coordinates":[[43.35416666666558,31.914583333333006],[43.364583333332234,31.914583333333006],[43.37708333333228,31.927083333333023],[43.38124999999894,31.922916666666374],[43.385416666665606,31.927083333333023]]}},{"type":"Feature","properties":{"HYRIV_ID":20758669,"NEXT_DOWN":20758088,"MAIN_RIV":20791150,"LENGTH_KM":4.2800002,"CATCH_SKM":10.2,"DIS_AV_CMS":0.107,"ORD_STRA":2,"ORD_FLOW":7},"geometry":{"type":"LineString","coordinates":[[43.581249999998875,31.914583333333006],[43.581249999998875,31.91874999999967],[43.59374999999895,31.931249999999686],[43.59374999999895,31.939583333332997],[43.59791666666561,31.94374999999966],[43.59791666666561,31.947916666666366]]}},{"type":"Feature","properties":{"HYRIV_ID":20758741,"NEXT_DOWN":20758442,"MAIN_RIV":20791150,"LENGTH_KM":3.95,"CATCH_SKM":16.040001,"DIS_AV_CMS":0.012,"ORD_STRA":1,"ORD_FLOW":8},"geometry":{"type":"LineString","coordinates":[[42.254166666665554,31.910416666666357],[42.260416666665634,31.910416666666357],[42.27291666666562,31.922916666666374],[42.27291666666562,31.927083333333023],[42.27708333333226,31.931249999999686],[42.27708333333226,31.93541666666635]]}},{"type":"Feature","properties":{"HYRIV_ID":20758742,"NEXT_DOWN":20758743,"MAIN_RIV":20791150,"LENGTH_KM":3.99,"CATCH_SKM":18.58,"DIS_AV_CMS":0.003,"ORD_STRA":1,"ORD_FLOW":9},"geometry":{"type":"LineString","coordinates":[[43.099999999998914,31.922916666666374],[43.11041666666554,31.922916666666374],[43.12291666666562,31.910416666666357],[43.13541666666558,31.910416666666357]]}},{"type":"Feature","properties":{"HYRIV_ID":20758743,"NEXT_DOWN":20757951,"MAIN_RIV":20791150,"LENGTH_KM":6.39,"CATCH_SKM":23.68,"DIS_AV_CMS":0.0,"ORD_STRA":4,"ORD_FLOW":10},"geometry":{"type":"LineString","coordinates":[[43.13541666666558,31.910416666666357],[43.13541666666558,31.947916666666366],[43.1437499999989,31.956249999999677],[43.14791666666565,31.956249999999677],[43.152083333332314,31.960416666666383]]}},{"type":"Feature","properties":{"HYRIV_ID":20758744,"NEXT_DOWN":20758287,"MAIN_RIV":20791150,"LENGTH_KM":3.9,"CATCH_SKM":14.76,"DIS_AV_CMS":0.081,"ORD_STRA":3,"ORD_FLOW":8},"geometry":{"type":"LineString","coordinates":[[43.5395833333323,31.910416666666357],[43.543749999998965,31.914583333333006],[43.54791666666563,31.914583333333006],[43.56458333333225,31.931249999999686],[43.56458333333225,31.93541666666635]]}},{"type":"Feature","properties":{"HYRIV_ID":20758811,"NEXT_DOWN":20758212,"MAIN_RIV":20791150,"LENGTH_KM":5.1100001,"CATCH_SKM":10.02,"DIS_AV_CMS":0.038,"ORD_STRA":2,"ORD_FLOW":8},"geometry":{"type":"LineString","coordinates":[[42.75208333333225,31.906249999999694],[42.76041666666558,31.914583333333006],[42.76041666666558,31.91874999999967],[42.76458333333224,31.922916666666374],[42.76874999999899,31.922916666666374],[42.78541666666561,31.939583333332997]]}},{"type":"Feature","properties":{"HYRIV_ID":20758812,"NEXT_DOWN":20758604,"MAIN_RIV":20791150,"LENGTH_KM":3.4,"CATCH_SKM":5.6500001,"DIS_AV_CMS":0.336,"ORD_STRA":3,"ORD_FLOW":7},"geometry":{"type":"LineString","coordinates":[[43.73541666666557,31.906249999999694],[43.739583333332234,31.910416666666357],[43.74791666666556,31.910416666666357],[43.75208333333231,31.914583333333006],[43.760416666665634,31.914583333333006],[43.76458333333227,31.91874999999967]]}},{"type":"Feature","properties":{"HYRIV_ID":20758813,"NEXT_DOWN":20758814,"MAIN_RIV":20791150,"LENGTH_KM":1.98,"CATCH_SKM":15.86,"DIS_AV_CMS":0.01,"ORD_STRA":1,"ORD_FLOW":8},"geometry":{"type":"LineString","coordinates":[[43.87499999999889,31.910416666666357],[43.88124999999897,31.910416666666357],[43.885416666665634,31.906249999999694],[43.89374999999893,31.906249999999694]]}},{"type":"Feature","properties":{"HYRIV_ID":20758814,"NEXT_DOWN":20758016,"MAIN_RIV":20791150,"LENGTH_KM":8.6099997,"CATCH_SKM":28.6,"DIS_AV_CMS":0.031,"ORD_STRA":2,"ORD_FLOW":8},"geometry":{"type":"LineString","coordinates":[[43.89374999999893,31.906249999999694],[43.89374999999893,31.914583333333006],[43.8895833333323,31.91874999999967],[43.897916666665594,31.927083333333023],[43.90208333333226,31.927083333333023],[43.90624999999892,31.931249999999686],[43.914583333332246,31.931249999999686],[43.92708333333229,31.94374999999966],[43.931249999998954,31.94374999999966],[43.93541666666562,31.947916666666366],[43.943749999998914,31.947916666666366],[43.943749999998914,31.952083333333015]]}},{"type":"Feature","properties":{"HYRIV_ID":20758889,"NEXT_DOWN":20758444,"MAIN_RIV":20791150,"LENGTH_KM":8.2,"CATCH_SKM":31.700001,"DIS_AV_CMS":0.022,"ORD_STRA":1,"ORD_FLOW":8},"geometry":{"type":"LineString","coordinates":[[42.48333333333227,31.8999999999997],[42.47291666666564,31.910416666666357],[42.46874999999898,31.910416666666357],[42.460416666665566,31.91874999999967],[42.45624999999893,31.91874999999967],[42.45624999999893,31.922916666666374],[42.45208333333227,31.927083333333023],[42.447916666665606,31.927083333333023],[42.43958333333228,31.91874999999967],[42.43541666666562,31.91874999999967],[42.42708333333232,31.927083333333023],[42.42291666666566,31.927083333333023]]}},{"type":"Feature","properties":{"HYRIV_ID":20758890,"NEXT_DOWN":20758524,"MAIN_RIV":20791150,"LENGTH_KM":4.2199998,"CATCH_SKM":11.66,"DIS_AV_CMS":0.038,"ORD_STRA":2,"ORD_FLOW":8},"geometry":{"type":"LineString","coordinates":[[43.243749999998954,31.90208333333303],[43.24791666666562,31.90208333333303],[43.260416666665606,31.914583333333006],[43.2687499999989,31.914583333333006],[43.277083333332314,31.922916666666374]]}},{"type":"Feature","properties":{"HYRIV_ID":20758891,"NEXT_DOWN":20758892,"MAIN_RIV":20791150,"LENGTH_KM":4.8800001,"CATCH_SKM":18.219999,"DIS_AV_CMS":0.029,"ORD_STRA":1,"ORD_FLOW":8},"geometry":{"type":"LineString","coordinates":[[43.64583333333226,31.910416666666357],[43.65208333333226,31.910416666666357],[43.660416666665554,31.91874999999967],[43.6645833333323,31.91874999999967],[43.668749999998965,31.914583333333006],[43.67291666666563,31.914583333333006],[43.681249999998954,31.906249999999694],[43.681249999998954,31.90208333333303]]}},{"type":"Feature","properties":{"HYRIV_ID":20758892,"NEXT_DOWN":20758893,"MAIN_RIV":20791150,"LENGTH_KM":2.36,"CATCH_SKM":9.1099997,"DIS_AV_CMS":0.229,"ORD_STRA":2,"ORD_FLOW":7},"geometry":{"type":"LineString","coordinates":[[43.681249999998954,31.90208333333303],[43.7062499999989,31.90208333333303]]}},{"type":"Feature","properties":{"HYRIV_ID":20758893,"NEXT_DOWN":20758812,"MAIN_RIV":20791150,"LENGTH_KM":2.97,"CATCH_SKM":6.0100002,"DIS_AV_CMS":0.311,"ORD_STRA":3,"ORD_FLOW":7},"geometry":{"type":"LineString","coordinates":[[43.7062499999989,31.90208333333303],[43.71041666666554,31.90208333333303],[43.714583333332286,31.906249999999694],[43.73541666666557,31.906249999999694]]}},{"type":"Feature","properties":{"HYRIV_ID":20758948,"NEXT_DOWN":20758811,"MAIN_RIV":20791150,"LENGTH_KM":6.1700001,"CATCH_SKM":29.16,"DIS_AV_CMS":0.018,"ORD_STRA":1,"ORD_FLOW":8},"geometry":{"type":"LineString","coordinates":[[42.695833333332274,31.89791666666637],[42.70208333333227,31.89791666666637],[42.70624999999893,31.90208333333303],[42.71874999999889,31.90208333333303],[42.722916666665554,31.906249999999694],[42.7270833333323,31.906249999999694],[42.731249999998965,31.910416666666357],[42.73958333333229,31.910416666666357],[42.743749999998954,31.906249999999694],[42.75208333333225,31.906249999999694]]}},{"type":"Feature","properties":{"HYRIV_ID":20758949,"NEXT_DOWN":20758811,"MAIN_RIV":20791150,"LENGTH_KM":1.52,"CATCH_SKM":12.76,"DIS_AV_CMS":0.005,"ORD_STRA":1,"ORD_FLOW":9},"geometry":{"type":"LineString","coordinates":[[42.76249999999891,31.89583333333305],[42.75208333333225,31.906249999999694]]}},{"type":"Feature","properties":{"HYRIV_ID":20758950,"NEXT_DOWN":20758524,"MAIN_RIV":20791150,"LENGTH_KM":3.3,"CATCH_SKM":16.219999,"DIS_AV_CMS":0.009,"ORD_STRA":1,"ORD_FLOW":9},"geometry":{"type":"LineString","coordinates":[[43.277083333332314,31.89583333333305],[43.277083333332314,31.910416666666357],[43.28124999999898,31.914583333333006],[43.277083333332314,31.91874999999967],[43.277083333332314,31.922916666666374]]}},{"type":"Feature","properties":{"HYRIV_ID":20758951,"NEXT_DOWN":20756672,"MAIN_RIV":20791150,"LENGTH_KM":22.52,"CATCH_SKM":82.339996,"DIS_AV_CMS":0.058,"ORD_STRA":1,"ORD_FLOW":8},"geometry":{"type":"LineString","coordinates":[[43.404166666665645,31.89791666666637],[43.41041666666564,31.89791666666637],[43.4145833333323,31.90208333333303],[43.4229166666656,31.90208333333303],[43.431249999998926,31.910416666666357],[43.431249999998926,31.914583333333006],[43.435416666665674,31.914583333333006],[43.44791666666558,31.927083333333023],[43.45208333333221,31.927083333333023],[43.46041666666562,31.93541666666635],[43.464583333332286,31.93541666666635],[43.46874999999895,31.939583333332997],[43.47291666666561,31.939583333332997],[43.477083333332246,31.94374999999966],[43.48124999999891,31.94374999999966],[43.489583333332234,31.952083333333015],[43.4937499999989,31.952083333333015],[43.50208333333228,31.960416666666383],[43.50624999999894,31.960416666666383],[43.510416666665606,31.96458333333303],[43.51458333333227,31.96458333333303],[43.522916666665594,31.972916666666357],[43.522916666665594,31.977083333333006],[43.51874999999893,31.98124999999971],[43.51874999999893,31.985416666666374],[43.52708333333223,31.993749999999686],[43.52708333333223,32.010416666666366],[43.53541666666564,32.01874999999968],[43.53541666666564,32.031249999999694]]}},{"type":"Feature","properties":{"HYRIV_ID":20758952,"NEXT_DOWN":20758669,"MAIN_RIV":20791150,"LENGTH_KM":2.77,"CATCH_SKM":15.13,"DIS_AV_CMS":0.023,"ORD_STRA":1,"ORD_FLOW":8},"geometry":{"type":"LineString","coordinates":[[43.59374999999895,31.89583333333305],[43.59374999999895,31.90208333333303],[43.589583333332286,31.906249999999694],[43.589583333332286,31.910416666666357],[43.58541666666554,31.914583333333006],[43.581249999998875,31.914583333333006]]}},{"type":"Feature","properties":{"HYRIV_ID":20759011,"NEXT_DOWN":20759311,"MAIN_RIV":20791150,"LENGTH_KM":0.91,"CATCH_SKM":11.85,"DIS_AV_CMS":0.002,"ORD_STRA":1,"ORD_FLOW":9},"geometry":{"type":"LineString","coordinates":[[43.06666666666564,31.891666666666346],[43.072916666665634,31.89791666666637]]}},{"type":"Feature","properties":{"HYRIV_ID":20759012,"NEXT_DOWN":20758890,"MAIN_RIV":20791150,"LENGTH_KM":3.58,"CATCH_SKM":23.33,"DIS_AV_CMS":0.022,"ORD_STRA":2,"ORD_FLOW":8},"geometry":{"type":"LineString","coordinates":[[43.21041666666562,31.89374999999972],[43.21458333333226,31.89791666666637],[43.22291666666558,31.89791666666637],[43.227083333332246,31.90208333333303],[43.243749999998954,31.90208333333303]]}},{"type":"Feature","properties":{"HYRIV_ID":20759013,"NEXT_DOWN":20758744,"MAIN_RIV":20791150,"LENGTH_KM":6.25,"CATCH_SKM":24.780001,"DIS_AV_CMS":0.0,"ORD_STRA":3,"ORD_FLOW":10},"geometry":{"type":"LineString","coordinates":[[43.489583333332234,31.89374999999972],[43.4937499999989,31.89374999999972],[43.50208333333228,31.90208333333303],[43.50624999999894,31.90208333333303],[43.50624999999894,31.906249999999694],[43.510416666665606,31.910416666666357],[43.51458333333227,31.906249999999694],[43.51874999999893,31.910416666666357],[43.5395833333323,31.910416666666357]]}},{"type":"Feature","properties":{"HYRIV_ID":20759150,"NEXT_DOWN":20757277,"MAIN_RIV":20791150,"LENGTH_KM":21.92,"CATCH_SKM":74.889999,"DIS_AV_CMS":0.019,"ORD_STRA":1,"ORD_FLOW":8},"geometry":{"type":"LineString","coordinates":[[43.95416666666557,31.883333333333034],[43.96458333333223,31.89374999999972],[43.96874999999889,31.89374999999972],[43.98124999999894,31.906249999999694],[43.9854166666656,31.906249999999694],[43.993749999998926,31.914583333333006],[44.00208333333222,31.914583333333006],[44.006249999998886,31.91874999999967],[44.0145833333323,31.91874999999967],[44.022916666665594,31.927083333333023],[44.02708333333226,31.927083333333023],[44.03124999999892,31.931249999999686],[44.03541666666558,31.927083333333023],[44.04374999999891,31.927083333333023],[44.052083333332206,31.93541666666635],[44.052083333332206,31.939583333332997],[44.06874999999894,31.956249999999677],[44.072916666665606,31.956249999999677],[44.07708333333224,31.960416666666383],[44.0812499999989,31.960416666666383],[44.085416666665566,31.96458333333303],[44.085416666665566,31.972916666666357],[44.0812499999989,31.977083333333006],[44.085416666665566,31.98124999999971],[44.085416666665566,31.989583333333023],[44.09374999999889,31.99791666666635],[44.097916666665554,31.99791666666635]]}},{"type":"Feature","properties":{"HYRIV_ID":20759228,"NEXT_DOWN":20759229,"MAIN_RIV":20791150,"LENGTH_KM":0.98,"CATCH_SKM":12.21,"DIS_AV_CMS":0.003,"ORD_STRA":1,"ORD_FLOW":9},"geometry":{"type":"LineString","coordinates":[[43.18333333333226,31.881249999999703],[43.193749999998886,31.881249999999703]]}},{"type":"Feature","properties":{"HYRIV_ID":20759229,"NEXT_DOWN":20759012,"MAIN_RIV":20791150,"LENGTH_KM":2.22,"CATCH_SKM":5.6500001,"DIS_AV_CMS":0.009,"ORD_STRA":2,"ORD_FLOW":9},"geometry":{"type":"LineString","coordinates":[[43.193749999998886,31.881249999999703],[43.20624999999896,31.89374999999972],[43.21041666666562,31.89374999999972]]}},{"type":"Feature","properties":{"HYRIV_ID":20759230,"NEXT_DOWN":20758447,"MAIN_RIV":20791150,"LENGTH_KM":8.4,"CATCH_SKM":21.32,"DIS_AV_CMS":0.064,"ORD_STRA":2,"ORD_FLOW":8},"geometry":{"type":"LineString","coordinates":[[43.33124999999896,31.881249999999703],[43.33541666666562,31.881249999999703],[43.33541666666562,31.88541666666635],[43.34374999999895,31.89374999999972],[43.34791666666558,31.89374999999972],[43.352083333332246,31.89791666666637],[43.35624999999891,31.89374999999972],[43.385416666665606,31.922916666666374],[43.385416666665606,31.927083333333023]]}},{"type":"Feature","properties":{"HYRIV_ID":20759231,"NEXT_DOWN":20758892,"MAIN_RIV":20791150,"LENGTH_KM":3.83,"CATCH_SKM":10.21,"DIS_AV_CMS":0.18700001,"ORD_STRA":2,"ORD_FLOW":7},"geometry":{"type":"LineString","coordinates":[[43.65208333333226,31.881249999999703],[43.65624999999892,31.88541666666635],[43.660416666665554,31.88541666666635],[43.67708333333229,31.90208333333303],[43.681249999998954,31.90208333333303]]}},{"type":"Feature","properties":{"HYRIV_ID":20759232,"NEXT_DOWN":20758089,"MAIN_RIV":20791150,"LENGTH_KM":10.67,"CATCH_SKM":35.900002,"DIS_AV_CMS":0.031,"ORD_STRA":1,"ORD_FLOW":8},"geometry":{"type":"LineString","coordinates":[[43.808333333332286,31.881249999999703],[43.81458333333225,31.881249999999703],[43.818749999998914,31.88541666666635],[43.818749999998914,31.889583333333015],[43.82291666666558,31.89374999999972],[43.82708333333224,31.89374999999972],[43.84374999999886,31.910416666666357],[43.84374999999886,31.914583333333006],[43.84791666666561,31.91874999999967],[43.852083333332274,31.91874999999967],[43.852083333332274,31.922916666666374],[43.87708333333222,31.947916666666366]]}},{"type":"Feature","properties":{"HYRIV_ID":20759233,"NEXT_DOWN":20758814,"MAIN_RIV":20791150,"LENGTH_KM":3.6600001,"CATCH_SKM":18.780001,"DIS_AV_CMS":0.006,"ORD_STRA":1,"ORD_FLOW":9},"geometry":{"type":"LineString","coordinates":[[43.8916666666656,31.87916666666637],[43.897916666665594,31.88541666666635],[43.897916666665594,31.889583333333015],[43.90208333333226,31.89374999999972],[43.90208333333226,31.89791666666637],[43.89374999999893,31.906249999999694]]}},{"type":"Feature","properties":{"HYRIV_ID":20759310,"NEXT_DOWN":20758667,"MAIN_RIV":20791150,"LENGTH_KM":11.46,"CATCH_SKM":72.360001,"DIS_AV_CMS":0.05,"ORD_STRA":1,"ORD_FLOW":8},"geometry":{"type":"LineString","coordinates":[[42.543749999998994,31.887499999999683],[42.543749999998994,31.881249999999703],[42.54791666666566,31.87708333333304],[42.55624999999898,31.88541666666635],[42.560416666665645,31.88541666666635],[42.56458333333228,31.889583333333015],[42.56874999999894,31.889583333333015],[42.58124999999893,31.87708333333304],[42.585416666665594,31.881249999999703],[42.58958333333223,31.881249999999703],[42.6020833333323,31.89374999999972],[42.6020833333323,31.89791666666637],[42.606249999998965,31.90208333333303],[42.6020833333323,31.906249999999694],[42.61041666666563,31.914583333333006]]}},{"type":"Feature","properties":{"HYRIV_ID":20759311,"NEXT_DOWN":20759384,"MAIN_RIV":20791150,"LENGTH_KM":4.4699998,"CATCH_SKM":14.76,"DIS_AV_CMS":0.011,"ORD_STRA":2,"ORD_FLOW":8},"geometry":{"type":"LineString","coordinates":[[43.072916666665634,31.89791666666637],[43.08124999999896,31.889583333333015],[43.09791666666558,31.889583333333015],[43.10624999999891,31.881249999999703],[43.10624999999891,31.87708333333304]]}},{"type":"Feature","properties":{"HYRIV_ID":20759312,"NEXT_DOWN":20758743,"MAIN_RIV":20791150,"LENGTH_KM":4.2800002,"CATCH_SKM":12.39,"DIS_AV_CMS":0.0,"ORD_STRA":4,"ORD_FLOW":10},"geometry":{"type":"LineString","coordinates":[[43.118749999998954,31.87708333333304],[43.13541666666558,31.89374999999972],[43.13541666666558,31.910416666666357]]}},{"type":"Feature","properties":{"HYRIV_ID":20759313,"NEXT_DOWN":20759012,"MAIN_RIV":20791150,"LENGTH_KM":2.08,"CATCH_SKM":11.85,"DIS_AV_CMS":0.006,"ORD_STRA":1,"ORD_FLOW":9},"geometry":{"type":"LineString","coordinates":[[43.21041666666562,31.874999999999666],[43.21041666666562,31.89374999999972]]}},{"type":"Feature","properties":{"HYRIV_ID":20759382,"NEXT_DOWN":20759434,"MAIN_RIV":20791150,"LENGTH_KM":19.950001,"CATCH_SKM":67.980003,"DIS_AV_CMS":0.0,"ORD_STRA":4,"ORD_FLOW":10},"geometry":{"type":"LineString","coordinates":[[42.135416666665634,31.881249999999703],[42.15208333333226,31.89791666666637],[42.16041666666558,31.89791666666637],[42.16458333333233,31.90208333333303],[42.168749999998994,31.90208333333303],[42.17291666666563,31.89791666666637],[42.17708333333229,31.89791666666637],[42.181249999998954,31.90208333333303],[42.18541666666562,31.90208333333303],[42.18958333333228,31.89791666666637],[42.20624999999899,31.89791666666637],[42.214583333332314,31.889583333333015],[42.21874999999898,31.889583333333015],[42.22291666666561,31.88541666666635],[42.24374999999901,31.88541666666635],[42.24791666666559,31.881249999999703],[42.260416666665634,31.881249999999703],[42.2645833333323,31.88541666666635],[42.28958333333233,31.88541666666635],[42.293749999998994,31.881249999999703],[42.30208333333229,31.881249999999703],[42.31041666666562,31.872916666666335]]}},{"type":"Feature","properties":{"HYRIV_ID":20759383,"NEXT_DOWN":20758444,"MAIN_RIV":20791150,"LENGTH_KM":6.02,"CATCH_SKM":30.25,"DIS_AV_CMS":0.0,"ORD_STRA":5,"ORD_FLOW":10},"geometry":{"type":"LineString","coordinates":[[42.42291666666566,31.872916666666335],[42.42291666666566,31.927083333333023]]}},{"type":"Feature","properties":{"HYRIV_ID":20759384,"NEXT_DOWN":20759312,"MAIN_RIV":20791150,"LENGTH_KM":1.61,"CATCH_SKM":1.64,"DIS_AV_CMS":0.0,"ORD_STRA":4,"ORD_FLOW":10},"geometry":{"type":"LineString","coordinates":[[43.10624999999891,31.87708333333304],[43.11041666666554,31.872916666666335],[43.114583333332206,31.872916666666335],[43.118749999998954,31.87708333333304]]}},{"type":"Feature","properties":{"HYRIV_ID":20759385,"NEXT_DOWN":20759229,"MAIN_RIV":20791150,"LENGTH_KM":1.52,"CATCH_SKM":11.3,"DIS_AV_CMS":0.005,"ORD_STRA":1,"ORD_FLOW":9},"geometry":{"type":"LineString","coordinates":[[43.191666666665554,31.870833333333017],[43.197916666665634,31.87708333333304],[43.193749999998886,31.881249999999703]]}},{"type":"Feature","properties":{"HYRIV_ID":20759386,"NEXT_DOWN":20758812,"MAIN_RIV":20791150,"LENGTH_KM":4.73,"CATCH_SKM":19.32,"DIS_AV_CMS":0.018,"ORD_STRA":1,"ORD_FLOW":8},"geometry":{"type":"LineString","coordinates":[[43.72499999999894,31.872916666666335],[43.73124999999894,31.872916666666335],[43.739583333332234,31.881249999999703],[43.739583333332234,31.90208333333303],[43.73541666666557,31.906249999999694]]}},{"type":"Feature","properties":{"HYRIV_ID":20759434,"NEXT_DOWN":20759435,"MAIN_RIV":20791150,"LENGTH_KM":12.59,"CATCH_SKM":28.07,"DIS_AV_CMS":0.0,"ORD_STRA":4,"ORD_FLOW":10},"geometry":{"type":"LineString","coordinates":[[42.31041666666562,31.872916666666335],[42.31458333333228,31.872916666666335],[42.322916666665606,31.881249999999703],[42.32708333333224,31.881249999999703],[42.3312499999989,31.88541666666635],[42.33541666666565,31.881249999999703],[42.339583333332314,31.88541666666635],[42.3520833333323,31.88541666666635],[42.35624999999894,31.881249999999703],[42.37291666666559,31.881249999999703],[42.381249999998886,31.872916666666335],[42.39374999999896,31.872916666666335],[42.39791666666562,31.87708333333304],[42.402083333332286,31.87708333333304],[42.40624999999892,31.872916666666335],[42.414583333332246,31.872916666666335],[42.418749999998994,31.868749999999686]]}},{"type":"Feature","properties":{"HYRIV_ID":20759435,"NEXT_DOWN":20759383,"MAIN_RIV":20791150,"LENGTH_KM":0.61,"CATCH_SKM":0.55,"DIS_AV_CMS":0.0,"ORD_STRA":4,"ORD_FLOW":10},"geometry":{"type":"LineString","coordinates":[[42.418749999998994,31.868749999999686],[42.42291666666566,31.872916666666335]]}},{"type":"Feature","properties":{"HYRIV_ID":20759506,"NEXT_DOWN":20759434,"MAIN_RIV":20791150,"LENGTH_KM":1.16,"CATCH_SKM":11.85,"DIS_AV_CMS":0.005,"ORD_STRA":1,"ORD_FLOW":9},"geometry":{"type":"LineString","coordinates":[[42.31041666666562,31.86249999999969],[42.31041666666562,31.872916666666335]]}},{"type":"Feature","properties":{"HYRIV_ID":20759507,"NEXT_DOWN":20759383,"MAIN_RIV":20791150,"LENGTH_KM":0.93,"CATCH_SKM":0.73,"DIS_AV_CMS":0.0,"ORD_STRA":4,"ORD_FLOW":10},"geometry":{"type":"LineString","coordinates":[[42.42291666666566,31.864583333333023],[42.42291666666566,31.872916666666335]]}},{"type":"Feature","properties":{"HYRIV_ID":20759508,"NEXT_DOWN":20759507,"MAIN_RIV":20791150,"LENGTH_KM":4.9200001,"CATCH_SKM":21.51,"DIS_AV_CMS":0.016,"ORD_STRA":1,"ORD_FLOW":8},"geometry":{"type":"LineString","coordinates":[[42.4624999999989,31.866666666666355],[42.45208333333227,31.87708333333304],[42.447916666665606,31.872916666666335],[42.43958333333228,31.872916666666335],[42.43541666666562,31.868749999999686],[42.431249999998954,31.868749999999686],[42.42708333333232,31.864583333333023],[42.42291666666566,31.864583333333023]]}},{"type":"Feature","properties":{"HYRIV_ID":20759509,"NEXT_DOWN":20758811,"MAIN_RIV":20791150,"LENGTH_KM":5.8800001,"CATCH_SKM":34.82,"DIS_AV_CMS":0.012,"ORD_STRA":1,"ORD_FLOW":8},"geometry":{"type":"LineString","coordinates":[[42.722916666665554,31.86249999999969],[42.722916666665554,31.868749999999686],[42.73958333333229,31.88541666666635],[42.73958333333229,31.89374999999972],[42.75208333333225,31.906249999999694]]}},{"type":"Feature","properties":{"HYRIV_ID":20759510,"NEXT_DOWN":20759230,"MAIN_RIV":20791150,"LENGTH_KM":2.23,"CATCH_SKM":16.59,"DIS_AV_CMS":0.015,"ORD_STRA":1,"ORD_FLOW":8},"geometry":{"type":"LineString","coordinates":[[43.3270833333323,31.86249999999969],[43.3270833333323,31.868749999999686],[43.33124999999896,31.872916666666335],[43.33124999999896,31.881249999999703]]}},{"type":"Feature","properties":{"HYRIV_ID":20759511,"NEXT_DOWN":20758744,"MAIN_RIV":20791150,"LENGTH_KM":6.21,"CATCH_SKM":12.39,"DIS_AV_CMS":0.093,"ORD_STRA":2,"ORD_FLOW":8},"geometry":{"type":"LineString","coordinates":[[43.51458333333227,31.864583333333023],[43.522916666665594,31.872916666666335],[43.522916666665594,31.87708333333304],[43.53124999999889,31.88541666666635],[43.53541666666564,31.88541666666635],[43.5395833333323,31.889583333333015],[43.5395833333323,31.910416666666357]]}},{"type":"Feature","properties":{"HYRIV_ID":20759512,"NEXT_DOWN":20758604,"MAIN_RIV":20791150,"LENGTH_KM":7.1900001,"CATCH_SKM":23.33,"DIS_AV_CMS":0.02,"ORD_STRA":1,"ORD_FLOW":8},"geometry":{"type":"LineString","coordinates":[[43.76249999999894,31.86249999999969],[43.76874999999893,31.868749999999686],[43.76874999999893,31.87708333333304],[43.76458333333227,31.881249999999703],[43.76458333333227,31.88541666666635],[43.760416666665634,31.889583333333015],[43.760416666665634,31.89374999999972],[43.76458333333227,31.89791666666637],[43.76458333333227,31.906249999999694],[43.76874999999893,31.910416666666357],[43.76874999999893,31.914583333333006],[43.76458333333227,31.91874999999967]]}},{"type":"Feature","properties":{"HYRIV_ID":20759578,"NEXT_DOWN":20759511,"MAIN_RIV":20791150,"LENGTH_KM":2.9100001,"CATCH_SKM":18.959999,"DIS_AV_CMS":0.024,"ORD_STRA":1,"ORD_FLOW":8},"geometry":{"type":"LineString","coordinates":[[43.491666666665566,31.858333333333043],[43.50208333333228,31.868749999999686],[43.510416666665606,31.868749999999686],[43.51458333333227,31.864583333333023]]}},{"type":"Feature","properties":{"HYRIV_ID":20759579,"NEXT_DOWN":20759581,"MAIN_RIV":20791150,"LENGTH_KM":2.75,"CATCH_SKM":16.959999,"DIS_AV_CMS":0.125,"ORD_STRA":3,"ORD_FLOW":7},"geometry":{"type":"LineString","coordinates":[[43.943749999998914,31.86041666666636],[43.972916666665526,31.86041666666636]]}},{"type":"Feature","properties":{"HYRIV_ID":20759580,"NEXT_DOWN":20759581,"MAIN_RIV":20791150,"LENGTH_KM":0.59,"CATCH_SKM":13.86,"DIS_AV_CMS":0.003,"ORD_STRA":1,"ORD_FLOW":9},"geometry":{"type":"LineString","coordinates":[[43.979166666665606,31.86041666666636],[43.972916666665526,31.86041666666636]]}},{"type":"Feature","properties":{"HYRIV_ID":20759581,"NEXT_DOWN":20757277,"MAIN_RIV":20791150,"LENGTH_KM":23.08,"CATCH_SKM":46.830002,"DIS_AV_CMS":0.139,"ORD_STRA":3,"ORD_FLOW":7},"geometry":{"type":"LineString","coordinates":[[43.972916666665526,31.86041666666636],[43.977083333332274,31.864583333333023],[43.9854166666656,31.864583333333023],[43.98958333333226,31.86041666666636],[43.993749999998926,31.86041666666636],[44.00208333333222,31.868749999999686],[44.0145833333323,31.868749999999686],[44.02708333333226,31.881249999999703],[44.039583333332246,31.881249999999703],[44.04374999999891,31.88541666666635],[44.04374999999891,31.89374999999972],[44.06874999999894,31.91874999999967],[44.06874999999894,31.922916666666374],[44.09374999999889,31.947916666666366],[44.09374999999889,31.956249999999677],[44.102083333332274,31.96458333333303],[44.102083333332274,31.98124999999971],[44.097916666665554,31.985416666666374],[44.097916666665554,31.99791666666635]]}},{"type":"Feature","properties":{"HYRIV_ID":20759653,"NEXT_DOWN":20759654,"MAIN_RIV":20791150,"LENGTH_KM":13.77,"CATCH_SKM":43.200001,"DIS_AV_CMS":0.0,"ORD_STRA":3,"ORD_FLOW":10},"geometry":{"type":"LineString","coordinates":[[41.977083333332274,31.87708333333304],[41.9854166666656,31.88541666666635],[41.997916666665645,31.88541666666635],[42.00208333333231,31.881249999999703],[42.010416666665634,31.881249999999703],[42.01458333333227,31.87708333333304],[42.01874999999893,31.87708333333304],[42.022916666665594,31.881249999999703],[42.02708333333226,31.881249999999703],[42.03124999999892,31.87708333333304],[42.04791666666563,31.87708333333304],[42.05208333333229,31.872916666666335],[42.07291666666566,31.872916666666335],[42.08124999999899,31.864583333333023],[42.089583333332314,31.864583333333023],[42.09791666666561,31.85624999999971]]}},{"type":"Feature","properties":{"HYRIV_ID":20759654,"NEXT_DOWN":20759382,"MAIN_RIV":20791150,"LENGTH_KM":5.08,"CATCH_SKM":16.77,"DIS_AV_CMS":0.0,"ORD_STRA":3,"ORD_FLOW":10},"geometry":{"type":"LineString","coordinates":[[42.09791666666561,31.85624999999971],[42.10624999999894,31.85624999999971],[42.12291666666556,31.872916666666335],[42.12291666666556,31.87708333333304],[42.12708333333231,31.881249999999703],[42.135416666665634,31.881249999999703]]}},{"type":"Feature","properties":{"HYRIV_ID":20759714,"NEXT_DOWN":20760115,"MAIN_RIV":20791150,"LENGTH_KM":5.9200001,"CATCH_SKM":28.99,"DIS_AV_CMS":0.003,"ORD_STRA":1,"ORD_FLOW":9},"geometry":{"type":"LineString","coordinates":[[42.98749999999896,31.858333333333043],[42.99791666666562,31.868749999999686],[43.006249999998914,31.868749999999686],[43.01458333333224,31.86041666666636],[43.0187499999989,31.86041666666636],[43.027083333332314,31.852083333333006],[43.03541666666561,31.852083333333006]]}},{"type":"Feature","properties":{"HYRIV_ID":20759715,"NEXT_DOWN":20760115,"MAIN_RIV":20791150,"LENGTH_KM":14.06,"CATCH_SKM":58.509998,"DIS_AV_CMS":0.006,"ORD_STRA":1,"ORD_FLOW":9},"geometry":{"type":"LineString","coordinates":[[42.933333333332314,31.88541666666635],[42.94374999999897,31.88541666666635],[42.947916666665634,31.881249999999703],[42.9520833333323,31.881249999999703],[42.960416666665594,31.889583333333015],[42.96874999999892,31.889583333333015],[42.97291666666558,31.88541666666635],[42.977083333332246,31.889583333333015],[42.98541666666554,31.889583333333015],[42.98958333333229,31.89374999999972],[43.00208333333228,31.89374999999972],[43.006249999998914,31.889583333333015],[43.01041666666558,31.889583333333015],[43.0187499999989,31.881249999999703],[43.0187499999989,31.87708333333304],[43.027083333332314,31.868749999999686],[43.03124999999895,31.868749999999686],[43.03541666666561,31.864583333333023],[43.03541666666561,31.852083333333006]]}},{"type":"Feature","properties":{"HYRIV_ID":20759716,"NEXT_DOWN":20758890,"MAIN_RIV":20791150,"LENGTH_KM":6.5900002,"CATCH_SKM":23.700001,"DIS_AV_CMS":0.016,"ORD_STRA":1,"ORD_FLOW":8},"geometry":{"type":"LineString","coordinates":[[43.2374999999989,31.849999999999675],[43.24791666666562,31.86041666666636],[43.24791666666562,31.868749999999686],[43.25208333333228,31.872916666666335],[43.24791666666562,31.87708333333304],[43.24791666666562,31.89374999999972],[43.243749999998954,31.89791666666637],[43.243749999998954,31.90208333333303]]}},{"type":"Feature","properties":{"HYRIV_ID":20759717,"NEXT_DOWN":20759579,"MAIN_RIV":20791150,"LENGTH_KM":5.58,"CATCH_SKM":9.6599998,"DIS_AV_CMS":0.118,"ORD_STRA":3,"ORD_FLOW":7},"geometry":{"type":"LineString","coordinates":[[43.89374999999893,31.852083333333006],[43.90208333333226,31.86041666666636],[43.914583333332246,31.86041666666636],[43.91874999999888,31.864583333333023],[43.93958333333228,31.864583333333023],[43.943749999998914,31.86041666666636]]}},{"type":"Feature","properties":{"HYRIV_ID":20759787,"NEXT_DOWN":20759311,"MAIN_RIV":20791150,"LENGTH_KM":35.529999,"CATCH_SKM":127.38,"DIS_AV_CMS":0.013,"ORD_STRA":2,"ORD_FLOW":8},"geometry":{"type":"LineString","coordinates":[[42.80624999999898,31.847916666666343],[42.83124999999893,31.872916666666335],[42.835416666665594,31.872916666666335],[42.83958333333226,31.868749999999686],[42.84374999999892,31.868749999999686],[42.84791666666558,31.872916666666335],[42.85208333333222,31.872916666666335],[42.86041666666563,31.881249999999703],[42.86458333333229,31.881249999999703],[42.868749999998954,31.88541666666635],[42.87291666666562,31.88541666666635],[42.87708333333225,31.889583333333015],[42.87291666666562,31.89374999999972],[42.87708333333225,31.89791666666637],[42.88958333333224,31.89791666666637],[42.89374999999899,31.90208333333303],[42.89791666666565,31.90208333333303],[42.90624999999895,31.910416666666357],[42.91874999999894,31.910416666666357],[42.9229166666656,31.914583333333006],[42.9229166666656,31.922916666666374],[42.927083333332234,31.927083333333023],[42.9312499999989,31.927083333333023],[42.935416666665645,31.931249999999686],[42.95624999999893,31.931249999999686],[42.960416666665594,31.93541666666635],[42.96458333333234,31.93541666666635],[42.96874999999892,31.931249999999686],[42.96874999999892,31.927083333333023],[42.97291666666558,31.922916666666374],[42.98124999999888,31.922916666666374],[42.98958333333229,31.931249999999686],[42.993749999998954,31.931249999999686],[42.99791666666562,31.927083333333023],[43.00208333333228,31.927083333333023],[43.006249999998914,31.931249999999686],[43.0187499999989,31.931249999999686],[43.027083333332314,31.922916666666374],[43.03124999999895,31.922916666666374],[43.03541666666561,31.927083333333023],[43.0479166666656,31.927083333333023],[43.072916666665634,31.90208333333303],[43.072916666665634,31.89791666666637]]}},{"type":"Feature","properties":{"HYRIV_ID":20759788,"NEXT_DOWN":20759231,"MAIN_RIV":20791150,"LENGTH_KM":4.9099998,"CATCH_SKM":21.33,"DIS_AV_CMS":0.028,"ORD_STRA":1,"ORD_FLOW":8},"geometry":{"type":"LineString","coordinates":[[43.63124999999894,31.845833333333026],[43.63124999999894,31.852083333333006],[43.63958333333227,31.86041666666636],[43.64374999999893,31.86041666666636],[43.65208333333226,31.868749999999686],[43.65208333333226,31.881249999999703]]}},{"type":"Feature","properties":{"HYRIV_ID":20759789,"NEXT_DOWN":20758893,"MAIN_RIV":20791150,"LENGTH_KM":7.5700002,"CATCH_SKM":13.49,"DIS_AV_CMS":0.073,"ORD_STRA":2,"ORD_FLOW":8},"geometry":{"type":"LineString","coordinates":[[43.68541666666559,31.847916666666343],[43.68958333333225,31.847916666666343],[43.693749999998914,31.852083333333006],[43.693749999998914,31.86041666666636],[43.7062499999989,31.872916666666335],[43.7062499999989,31.87708333333304],[43.714583333332286,31.88541666666635],[43.7062499999989,31.89374999999972],[43.7062499999989,31.90208333333303]]}},{"type":"Feature","properties":{"HYRIV_ID":20759852,"NEXT_DOWN":20759654,"MAIN_RIV":20791150,"LENGTH_KM":2.77,"CATCH_SKM":15.32,"DIS_AV_CMS":0.008,"ORD_STRA":1,"ORD_FLOW":9},"geometry":{"type":"LineString","coordinates":[[42.07916666666566,31.841666666666363],[42.08541666666565,31.847916666666343],[42.09374999999895,31.847916666666343],[42.09791666666561,31.852083333333006],[42.09791666666561,31.85624999999971]]}},{"type":"Feature","properties":{"HYRIV_ID":20759853,"NEXT_DOWN":20759854,"MAIN_RIV":20791150,"LENGTH_KM":4.8800001,"CATCH_SKM":19.870001,"DIS_AV_CMS":0.009,"ORD_STRA":1,"ORD_FLOW":9},"geometry":{"type":"LineString","coordinates":[[42.21249999999898,31.868749999999686],[42.22291666666561,31.868749999999686],[42.2354166666656,31.85624999999971],[42.23958333333226,31.85624999999971],[42.24791666666559,31.847916666666343],[42.24791666666559,31.843749999999694]]}},{"type":"Feature","properties":{"HYRIV_ID":20759854,"NEXT_DOWN":20759434,"MAIN_RIV":20791150,"LENGTH_KM":7.6500001,"CATCH_SKM":22.059999,"DIS_AV_CMS":0.028,"ORD_STRA":2,"ORD_FLOW":8},"geometry":{"type":"LineString","coordinates":[[42.24791666666559,31.843749999999694],[42.260416666665634,31.843749999999694],[42.2645833333323,31.847916666666343],[42.26874999999896,31.847916666666343],[42.27291666666562,31.852083333333006],[42.28541666666558,31.852083333333006],[42.29791666666566,31.864583333333023],[42.29791666666566,31.868749999999686],[42.30208333333229,31.872916666666335],[42.31041666666562,31.872916666666335]]}},{"type":"Feature","properties":{"HYRIV_ID":20759855,"NEXT_DOWN":20760556,"MAIN_RIV":20791150,"LENGTH_KM":0.59,"CATCH_SKM":10.94,"DIS_AV_CMS":0.005,"ORD_STRA":1,"ORD_FLOW":9},"geometry":{"type":"LineString","coordinates":[[42.66666666666558,31.843749999999694],[42.67291666666566,31.843749999999694]]}},{"type":"Feature","properties":{"HYRIV_ID":20759856,"NEXT_DOWN":20760556,"MAIN_RIV":20791150,"LENGTH_KM":6.4499998,"CATCH_SKM":30.26,"DIS_AV_CMS":0.016,"ORD_STRA":1,"ORD_FLOW":8},"geometry":{"type":"LineString","coordinates":[[42.633333333332246,31.868749999999686],[42.6395833333323,31.868749999999686],[42.64374999999896,31.864583333333023],[42.65624999999895,31.864583333333023],[42.66041666666561,31.868749999999686],[42.664583333332274,31.868749999999686],[42.67291666666566,31.86041666666636],[42.67291666666566,31.843749999999694]]}},{"type":"Feature","properties":{"HYRIV_ID":20759857,"NEXT_DOWN":20759858,"MAIN_RIV":20791150,"LENGTH_KM":0.61,"CATCH_SKM":0.73,"DIS_AV_CMS":0.104,"ORD_STRA":3,"ORD_FLOW":7},"geometry":{"type":"LineString","coordinates":[[43.8604166666656,31.847916666666343],[43.86458333333226,31.843749999999694]]}},{"type":"Feature","properties":{"HYRIV_ID":20759858,"NEXT_DOWN":20759717,"MAIN_RIV":20791150,"LENGTH_KM":3.61,"CATCH_SKM":6.75,"DIS_AV_CMS":0.109,"ORD_STRA":3,"ORD_FLOW":7},"geometry":{"type":"LineString","coordinates":[[43.86458333333226,31.843749999999694],[43.8687499999989,31.843749999999694],[43.87291666666556,31.847916666666343],[43.88124999999897,31.847916666666343],[43.885416666665634,31.843749999999694],[43.89374999999893,31.852083333333006]]}},{"type":"Feature","properties":{"HYRIV_ID":20759922,"NEXT_DOWN":20759789,"MAIN_RIV":20791150,"LENGTH_KM":1.3,"CATCH_SKM":18.610001,"DIS_AV_CMS":0.011,"ORD_STRA":1,"ORD_FLOW":8},"geometry":{"type":"LineString","coordinates":[[43.681249999998954,31.8374999999997],[43.681249999998954,31.843749999999694],[43.68541666666559,31.847916666666343]]}},{"type":"Feature","properties":{"HYRIV_ID":20759923,"NEXT_DOWN":20759579,"MAIN_RIV":20791150,"LENGTH_KM":3.77,"CATCH_SKM":14.04,"DIS_AV_CMS":0.003,"ORD_STRA":1,"ORD_FLOW":9},"geometry":{"type":"LineString","coordinates":[[43.92291666666554,31.8374999999997],[43.92291666666554,31.847916666666343],[43.931249999998954,31.85624999999971],[43.93958333333228,31.85624999999971],[43.943749999998914,31.86041666666636]]}},{"type":"Feature","properties":{"HYRIV_ID":20759980,"NEXT_DOWN":20759854,"MAIN_RIV":20791150,"LENGTH_KM":1.0700001,"CATCH_SKM":3.46,"DIS_AV_CMS":0.017,"ORD_STRA":2,"ORD_FLOW":8},"geometry":{"type":"LineString","coordinates":[[42.24374999999901,31.83541666666637],[42.24374999999901,31.83958333333303],[42.24791666666559,31.843749999999694]]}},{"type":"Feature","properties":{"HYRIV_ID":20759981,"NEXT_DOWN":20759982,"MAIN_RIV":20791150,"LENGTH_KM":0.91,"CATCH_SKM":11.13,"DIS_AV_CMS":0.012,"ORD_STRA":1,"ORD_FLOW":8},"geometry":{"type":"LineString","coordinates":[[43.383333333332274,31.841666666666363],[43.38958333333227,31.83541666666637]]}},{"type":"Feature","properties":{"HYRIV_ID":20759982,"NEXT_DOWN":20759013,"MAIN_RIV":20791150,"LENGTH_KM":13.37,"CATCH_SKM":41.200001,"DIS_AV_CMS":0.0,"ORD_STRA":3,"ORD_FLOW":10},"geometry":{"type":"LineString","coordinates":[[43.38958333333227,31.83541666666637],[43.39374999999893,31.83958333333303],[43.397916666665566,31.83958333333303],[43.40208333333223,31.843749999999694],[43.40208333333223,31.847916666666343],[43.42708333333226,31.872916666666335],[43.42708333333226,31.87708333333304],[43.43958333333225,31.889583333333015],[43.45624999999896,31.889583333333015],[43.46041666666562,31.88541666666635],[43.46874999999895,31.88541666666635],[43.47291666666561,31.889583333333015],[43.48124999999891,31.889583333333015],[43.48541666666557,31.89374999999972],[43.489583333332234,31.89374999999972]]}},{"type":"Feature","properties":{"HYRIV_ID":20759983,"NEXT_DOWN":20759857,"MAIN_RIV":20791150,"LENGTH_KM":10.19,"CATCH_SKM":25.889999,"DIS_AV_CMS":0.095,"ORD_STRA":3,"ORD_FLOW":8},"geometry":{"type":"LineString","coordinates":[[43.772916666665594,31.83541666666637],[43.77708333333226,31.83958333333303],[43.78541666666558,31.83958333333303],[43.80208333333229,31.85624999999971],[43.806249999998954,31.852083333333006],[43.81041666666562,31.852083333333006],[43.81458333333225,31.85624999999971],[43.818749999998914,31.852083333333006],[43.835416666665566,31.852083333333006],[43.83958333333223,31.847916666666343],[43.8604166666656,31.847916666666343]]}},{"type":"Feature","properties":{"HYRIV_ID":20760055,"NEXT_DOWN":20759312,"MAIN_RIV":20791150,"LENGTH_KM":6.21,"CATCH_SKM":18.23,"DIS_AV_CMS":0.017,"ORD_STRA":2,"ORD_FLOW":8},"geometry":{"type":"LineString","coordinates":[[43.12708333333228,31.83124999999972],[43.12708333333228,31.83541666666637],[43.12291666666562,31.83958333333303],[43.12708333333228,31.843749999999694],[43.13124999999894,31.843749999999694],[43.13124999999894,31.864583333333023],[43.118749999998954,31.87708333333304]]}},{"type":"Feature","properties":{"HYRIV_ID":20760056,"NEXT_DOWN":20758669,"MAIN_RIV":20791150,"LENGTH_KM":13.49,"CATCH_SKM":45.580002,"DIS_AV_CMS":0.068,"ORD_STRA":1,"ORD_FLOW":8},"geometry":{"type":"LineString","coordinates":[[43.51874999999893,31.82916666666639],[43.51874999999893,31.83958333333303],[43.52708333333223,31.847916666666343],[43.53124999999889,31.847916666666343],[43.53541666666564,31.852083333333006],[43.5395833333323,31.852083333333006],[43.543749999998965,31.85624999999971],[43.55208333333229,31.85624999999971],[43.556249999998926,31.86041666666636],[43.56041666666559,31.86041666666636],[43.56458333333225,31.864583333333023],[43.56458333333225,31.868749999999686],[43.556249999998926,31.87708333333304],[43.568749999998914,31.889583333333015],[43.568749999998914,31.89374999999972],[43.57708333333224,31.90208333333303],[43.57708333333224,31.906249999999694],[43.581249999998875,31.910416666666357],[43.581249999998875,31.914583333333006]]}},{"type":"Feature","properties":{"HYRIV_ID":20760057,"NEXT_DOWN":20759857,"MAIN_RIV":20791150,"LENGTH_KM":2.6800001,"CATCH_SKM":2.55,"DIS_AV_CMS":0.01,"ORD_STRA":2,"ORD_FLOW":8},"geometry":{"type":"LineString","coordinates":[[43.84374999999886,31.83124999999972],[43.84791666666561,31.83541666666637],[43.852083333332274,31.83541666666637],[43.8604166666656,31.843749999999694],[43.8604166666656,31.847916666666343]]}},{"type":"Feature","properties":{"HYRIV_ID":20760111,"NEXT_DOWN":20760274,"MAIN_RIV":20791150,"LENGTH_KM":0.91,"CATCH_SKM":11.49,"DIS_AV_CMS":0.004,"ORD_STRA":1,"ORD_FLOW":9},"geometry":{"type":"LineString","coordinates":[[42.19999999999891,31.833333333332995],[42.20624999999899,31.827083333333015]]}},{"type":"Feature","properties":{"HYRIV_ID":20760112,"NEXT_DOWN":20759980,"MAIN_RIV":20791150,"LENGTH_KM":2.31,"CATCH_SKM":14.04,"DIS_AV_CMS":0.002,"ORD_STRA":1,"ORD_FLOW":9},"geometry":{"type":"LineString","coordinates":[[42.262499999998965,31.824999999999683],[42.25624999999897,31.83124999999972],[42.25208333333222,31.83124999999972],[42.24791666666559,31.83541666666637],[42.24374999999901,31.83541666666637]]}},{"type":"Feature","properties":{"HYRIV_ID":20760113,"NEXT_DOWN":20759787,"MAIN_RIV":20791150,"LENGTH_KM":4.6700001,"CATCH_SKM":27.719999,"DIS_AV_CMS":0.004,"ORD_STRA":1,"ORD_FLOW":9},"geometry":{"type":"LineString","coordinates":[[42.77083333333229,31.827083333333015],[42.789583333332274,31.827083333333015],[42.79791666666557,31.83541666666637],[42.79791666666557,31.83958333333303],[42.80624999999898,31.847916666666343]]}},{"type":"Feature","properties":{"HYRIV_ID":20760114,"NEXT_DOWN":20759787,"MAIN_RIV":20791150,"LENGTH_KM":2.6900001,"CATCH_SKM":23.889999,"DIS_AV_CMS":0.003,"ORD_STRA":1,"ORD_FLOW":9},"geometry":{"type":"LineString","coordinates":[[42.810416666665645,31.824999999999683],[42.810416666665645,31.843749999999694],[42.80624999999898,31.847916666666343]]}},{"type":"Feature","properties":{"HYRIV_ID":20760115,"NEXT_DOWN":20760193,"MAIN_RIV":20791150,"LENGTH_KM":3.46,"CATCH_SKM":14.04,"DIS_AV_CMS":0.01,"ORD_STRA":2,"ORD_FLOW":8},"geometry":{"type":"LineString","coordinates":[[43.03541666666561,31.852083333333006],[43.03541666666561,31.843749999999694],[43.04374999999894,31.83541666666637],[43.04374999999894,31.827083333333015],[43.0479166666656,31.827083333333015]]}},{"type":"Feature","properties":{"HYRIV_ID":20760116,"NEXT_DOWN":20759230,"MAIN_RIV":20791150,"LENGTH_KM":9.4399996,"CATCH_SKM":32.639999,"DIS_AV_CMS":0.082,"ORD_STRA":2,"ORD_FLOW":8},"geometry":{"type":"LineString","coordinates":[[43.277083333332314,31.827083333333015],[43.272916666665566,31.83124999999972],[43.272916666665566,31.83541666666637],[43.28124999999898,31.843749999999694],[43.28124999999898,31.852083333333006],[43.29374999999894,31.864583333333023],[43.30208333333226,31.864583333333023],[43.306249999998926,31.868749999999686],[43.31458333333225,31.868749999999686],[43.3270833333323,31.881249999999703],[43.33124999999896,31.881249999999703]]}},{"type":"Feature","properties":{"HYRIV_ID":20760117,"NEXT_DOWN":20759231,"MAIN_RIV":20791150,"LENGTH_KM":11.11,"CATCH_SKM":23.700001,"DIS_AV_CMS":0.144,"ORD_STRA":2,"ORD_FLOW":7},"geometry":{"type":"LineString","coordinates":[[43.57708333333224,31.827083333333015],[43.581249999998875,31.827083333333015],[43.589583333332286,31.83541666666637],[43.589583333332286,31.852083333333006],[43.59374999999895,31.85624999999971],[43.59791666666561,31.85624999999971],[43.602083333332274,31.86041666666636],[43.60624999999891,31.86041666666636],[43.61041666666557,31.864583333333023],[43.61041666666557,31.868749999999686],[43.614583333332234,31.872916666666335],[43.6187499999989,31.872916666666335],[43.62291666666556,31.87708333333304],[43.62708333333231,31.87708333333304],[43.63124999999894,31.881249999999703],[43.65208333333226,31.881249999999703]]}},{"type":"Feature","properties":{"HYRIV_ID":20760118,"NEXT_DOWN":20760057,"MAIN_RIV":20791150,"LENGTH_KM":3.99,"CATCH_SKM":16.42,"DIS_AV_CMS":0.004,"ORD_STRA":1,"ORD_FLOW":9},"geometry":{"type":"LineString","coordinates":[[43.808333333332286,31.827083333333015],[43.818749999998914,31.827083333333015],[43.82291666666558,31.83124999999972],[43.835416666665566,31.83124999999972],[43.83958333333223,31.83541666666637],[43.84374999999886,31.83124999999972]]}},{"type":"Feature","properties":{"HYRIV_ID":20760192,"NEXT_DOWN":20760274,"MAIN_RIV":20791150,"LENGTH_KM":0.91,"CATCH_SKM":11.13,"DIS_AV_CMS":0.002,"ORD_STRA":1,"ORD_FLOW":9},"geometry":{"type":"LineString","coordinates":[[42.19999999999891,31.82083333333302],[42.20624999999899,31.827083333333015]]}},{"type":"Feature","properties":{"HYRIV_ID":20760193,"NEXT_DOWN":20760194,"MAIN_RIV":20791150,"LENGTH_KM":0.61,"CATCH_SKM":1.28,"DIS_AV_CMS":0.0,"ORD_STRA":4,"ORD_FLOW":10},"geometry":{"type":"LineString","coordinates":[[43.0479166666656,31.827083333333015],[43.05208333333226,31.82291666666635]]}},{"type":"Feature","properties":{"HYRIV_ID":20760194,"NEXT_DOWN":20759384,"MAIN_RIV":20791150,"LENGTH_KM":11.22,"CATCH_SKM":45.959999,"DIS_AV_CMS":0.0,"ORD_STRA":4,"ORD_FLOW":10},"geometry":{"type":"LineString","coordinates":[[43.05208333333226,31.82291666666635],[43.09791666666558,31.82291666666635],[43.102083333332246,31.827083333333015],[43.102083333332246,31.83124999999972],[43.11041666666554,31.83958333333303],[43.11041666666554,31.843749999999694],[43.10624999999891,31.847916666666343],[43.10624999999891,31.85624999999971],[43.102083333332246,31.86041666666636],[43.102083333332246,31.872916666666335],[43.10624999999891,31.87708333333304]]}},{"type":"Feature","properties":{"HYRIV_ID":20760195,"NEXT_DOWN":20760055,"MAIN_RIV":20791150,"LENGTH_KM":4.7,"CATCH_SKM":29.190001,"DIS_AV_CMS":0.009,"ORD_STRA":1,"ORD_FLOW":9},"geometry":{"type":"LineString","coordinates":[[43.166666666665606,31.82083333333302],[43.16041666666564,31.827083333333015],[43.13958333333224,31.827083333333015],[43.13541666666558,31.82291666666635],[43.12708333333228,31.83124999999972]]}},{"type":"Feature","properties":{"HYRIV_ID":20760196,"NEXT_DOWN":20759858,"MAIN_RIV":20791150,"LENGTH_KM":2.6900001,"CATCH_SKM":13.13,"DIS_AV_CMS":0.003,"ORD_STRA":1,"ORD_FLOW":9},"geometry":{"type":"LineString","coordinates":[[43.8604166666656,31.82083333333302],[43.8604166666656,31.83124999999972],[43.86458333333226,31.83541666666637],[43.86458333333226,31.843749999999694]]}},{"type":"Feature","properties":{"HYRIV_ID":20760273,"NEXT_DOWN":20759382,"MAIN_RIV":20791150,"LENGTH_KM":8.1099997,"CATCH_SKM":21.34,"DIS_AV_CMS":0.042,"ORD_STRA":3,"ORD_FLOW":8},"geometry":{"type":"LineString","coordinates":[[42.12708333333231,31.818749999999703],[42.13124999999897,31.82291666666635],[42.13124999999897,31.827083333333015],[42.1395833333323,31.83541666666637],[42.1395833333323,31.83958333333303],[42.135416666665634,31.843749999999694],[42.135416666665634,31.847916666666343],[42.13124999999897,31.852083333333006],[42.1395833333323,31.86041666666636],[42.1395833333323,31.868749999999686],[42.135416666665634,31.872916666666335],[42.135416666665634,31.881249999999703]]}},{"type":"Feature","properties":{"HYRIV_ID":20760274,"NEXT_DOWN":20760275,"MAIN_RIV":20791150,"LENGTH_KM":4.0100002,"CATCH_SKM":9.8500004,"DIS_AV_CMS":0.008,"ORD_STRA":2,"ORD_FLOW":9},"geometry":{"type":"LineString","coordinates":[[42.20624999999899,31.827083333333015],[42.214583333332314,31.827083333333015],[42.21874999999898,31.83124999999972],[42.22291666666561,31.827083333333015],[42.227083333332274,31.827083333333015],[42.2354166666656,31.818749999999703],[42.23958333333226,31.818749999999703]]}},{"type":"Feature","properties":{"HYRIV_ID":20760275,"NEXT_DOWN":20759980,"MAIN_RIV":20791150,"LENGTH_KM":2.0,"CATCH_SKM":4.2,"DIS_AV_CMS":0.014,"ORD_STRA":2,"ORD_FLOW":8},"geometry":{"type":"LineString","coordinates":[[42.23958333333226,31.818749999999703],[42.23958333333226,31.82291666666635],[42.24374999999901,31.827083333333015],[42.24374999999901,31.83541666666637]]}},{"type":"Feature","properties":{"HYRIV_ID":20760276,"NEXT_DOWN":20759789,"MAIN_RIV":20791150,"LENGTH_KM":7.4299998,"CATCH_SKM":13.31,"DIS_AV_CMS":0.047,"ORD_STRA":2,"ORD_FLOW":8},"geometry":{"type":"LineString","coordinates":[[43.63958333333227,31.818749999999703],[43.64374999999893,31.818749999999703],[43.647916666665594,31.82291666666635],[43.647916666665594,31.827083333333015],[43.65624999999892,31.83541666666637],[43.65624999999892,31.843749999999694],[43.6645833333323,31.852083333333006],[43.668749999998965,31.852083333333006],[43.67291666666563,31.847916666666343],[43.67708333333229,31.852083333333006],[43.681249999998954,31.852083333333006],[43.68541666666559,31.847916666666343]]}},{"type":"Feature","properties":{"HYRIV_ID":20760342,"NEXT_DOWN":20760555,"MAIN_RIV":20791150,"LENGTH_KM":3.49,"CATCH_SKM":22.98,"DIS_AV_CMS":0.017,"ORD_STRA":1,"ORD_FLOW":8},"geometry":{"type":"LineString","coordinates":[[42.52916666666562,31.83541666666637],[42.53541666666561,31.83541666666637],[42.539583333332246,31.83124999999972],[42.539583333332246,31.827083333333015],[42.55208333333232,31.814583333332997]]}},{"type":"Feature","properties":{"HYRIV_ID":20760343,"NEXT_DOWN":20760116,"MAIN_RIV":20791150,"LENGTH_KM":1.68,"CATCH_SKM":3.28,"DIS_AV_CMS":0.057,"ORD_STRA":2,"ORD_FLOW":8},"geometry":{"type":"LineString","coordinates":[[43.28541666666564,31.814583333332997],[43.28124999999898,31.818749999999703],[43.28124999999898,31.82291666666635],[43.277083333332314,31.827083333333015]]}},{"type":"Feature","properties":{"HYRIV_ID":20760344,"NEXT_DOWN":20759013,"MAIN_RIV":20791150,"LENGTH_KM":12.51,"CATCH_SKM":30.450001,"DIS_AV_CMS":0.052,"ORD_STRA":2,"ORD_FLOW":8},"geometry":{"type":"LineString","coordinates":[[43.418749999998965,31.814583333332997],[43.418749999998965,31.818749999999703],[43.431249999998926,31.83124999999972],[43.431249999998926,31.83541666666637],[43.435416666665674,31.83958333333303],[43.435416666665674,31.847916666666343],[43.443749999998914,31.85624999999971],[43.45208333333221,31.85624999999971],[43.46041666666562,31.864583333333023],[43.464583333332286,31.864583333333023],[43.46874999999895,31.868749999999686],[43.47291666666561,31.868749999999686],[43.477083333332246,31.872916666666335],[43.477083333332246,31.87708333333304],[43.48124999999891,31.881249999999703],[43.48541666666557,31.881249999999703],[43.489583333332234,31.88541666666635],[43.489583333332234,31.89374999999972]]}},{"type":"Feature","properties":{"HYRIV_ID":20760414,"NEXT_DOWN":20760055,"MAIN_RIV":20791150,"LENGTH_KM":2.61,"CATCH_SKM":4.9200001,"DIS_AV_CMS":0.016,"ORD_STRA":2,"ORD_FLOW":8},"geometry":{"type":"LineString","coordinates":[[43.118749999998954,31.810416666666377],[43.118749999998954,31.814583333332997],[43.12291666666562,31.818749999999703],[43.12291666666562,31.827083333333015],[43.12708333333228,31.83124999999972]]}},{"type":"Feature","properties":{"HYRIV_ID":20760415,"NEXT_DOWN":20760276,"MAIN_RIV":20791150,"LENGTH_KM":3.81,"CATCH_SKM":18.24,"DIS_AV_CMS":0.018,"ORD_STRA":1,"ORD_FLOW":8},"geometry":{"type":"LineString","coordinates":[[43.60833333333224,31.810416666666377],[43.6187499999989,31.810416666666377],[43.63124999999894,31.82291666666635],[43.635416666665606,31.818749999999703],[43.63958333333227,31.818749999999703]]}},{"type":"Feature","properties":{"HYRIV_ID":20760485,"NEXT_DOWN":20760486,"MAIN_RIV":20791150,"LENGTH_KM":4.9899998,"CATCH_SKM":20.059999,"DIS_AV_CMS":0.009,"ORD_STRA":1,"ORD_FLOW":9},"geometry":{"type":"LineString","coordinates":[[42.0395833333323,31.8374999999997],[42.0395833333323,31.83124999999972],[42.04791666666563,31.82291666666635],[42.05208333333229,31.82291666666635],[42.05208333333229,31.818749999999703],[42.06458333333228,31.806249999999686],[42.068749999998914,31.806249999999686]]}},{"type":"Feature","properties":{"HYRIV_ID":20760486,"NEXT_DOWN":20760273,"MAIN_RIV":20791150,"LENGTH_KM":7.0100002,"CATCH_SKM":24.620001,"DIS_AV_CMS":0.053,"ORD_STRA":3,"ORD_FLOW":8},"geometry":{"type":"LineString","coordinates":[[42.068749999998914,31.806249999999686],[42.077083333332325,31.814583333332997],[42.08541666666565,31.814583333332997],[42.089583333332314,31.818749999999703],[42.09374999999895,31.818749999999703],[42.102083333332274,31.827083333333015],[42.1104166666656,31.827083333333015],[42.11458333333226,31.82291666666635],[42.1187499999989,31.82291666666635],[42.12291666666556,31.818749999999703],[42.12708333333231,31.818749999999703]]}},{"type":"Feature","properties":{"HYRIV_ID":20760487,"NEXT_DOWN":20759435,"MAIN_RIV":20791150,"LENGTH_KM":10.36,"CATCH_SKM":40.849998,"DIS_AV_CMS":0.008,"ORD_STRA":2,"ORD_FLOW":9},"geometry":{"type":"LineString","coordinates":[[42.36458333333226,31.806249999999686],[42.37291666666559,31.814583333332997],[42.37291666666559,31.818749999999703],[42.368749999998926,31.82291666666635],[42.368749999998926,31.83541666666637],[42.37291666666559,31.83958333333303],[42.37291666666559,31.843749999999694],[42.381249999998886,31.852083333333006],[42.3895833333323,31.852083333333006],[42.39374999999896,31.85624999999971],[42.39791666666562,31.85624999999971],[42.40624999999892,31.864583333333023],[42.41041666666558,31.864583333333023],[42.414583333332246,31.868749999999686],[42.418749999998994,31.868749999999686]]}},{"type":"Feature","properties":{"HYRIV_ID":20760488,"NEXT_DOWN":20759507,"MAIN_RIV":20791150,"LENGTH_KM":7.35,"CATCH_SKM":40.669998,"DIS_AV_CMS":0.0,"ORD_STRA":4,"ORD_FLOW":10},"geometry":{"type":"LineString","coordinates":[[42.42291666666566,31.806249999999686],[42.418749999998994,31.810416666666377],[42.418749999998994,31.83124999999972],[42.42708333333232,31.83958333333303],[42.42291666666566,31.843749999999694],[42.42291666666566,31.85624999999971],[42.42708333333232,31.86041666666636],[42.42291666666566,31.864583333333023]]}},{"type":"Feature","properties":{"HYRIV_ID":20760489,"NEXT_DOWN":20760488,"MAIN_RIV":20791150,"LENGTH_KM":4.81,"CATCH_SKM":20.790001,"DIS_AV_CMS":0.015,"ORD_STRA":1,"ORD_FLOW":8},"geometry":{"type":"LineString","coordinates":[[42.4624999999989,31.818749999999703],[42.45624999999893,31.818749999999703],[42.45208333333227,31.82291666666635],[42.447916666665606,31.818749999999703],[42.43958333333228,31.818749999999703],[42.42708333333232,31.806249999999686],[42.42291666666566,31.806249999999686]]}},{"type":"Feature","properties":{"HYRIV_ID":20760490,"NEXT_DOWN":20760899,"MAIN_RIV":20791150,"LENGTH_KM":6.1300001,"CATCH_SKM":41.950001,"DIS_AV_CMS":0.005,"ORD_STRA":1,"ORD_FLOW":9},"geometry":{"type":"LineString","coordinates":[[42.86666666666562,31.827083333333015],[42.87708333333225,31.827083333333015],[42.881249999998914,31.82291666666635],[42.88541666666558,31.827083333333015],[42.88958333333224,31.827083333333015],[42.89374999999899,31.82291666666635],[42.902083333332286,31.82291666666635],[42.90624999999895,31.818749999999703],[42.902083333332286,31.814583333332997],[42.902083333332286,31.806249999999686]]}},{"type":"Feature","properties":{"HYRIV_ID":20760491,"NEXT_DOWN":20759717,"MAIN_RIV":20791150,"LENGTH_KM":5.83,"CATCH_SKM":28.459999,"DIS_AV_CMS":0.007,"ORD_STRA":1,"ORD_FLOW":9},"geometry":{"type":"LineString","coordinates":[[43.887499999998965,31.804166666666355],[43.89374999999893,31.810416666666377],[43.89374999999893,31.814583333332997],[43.8895833333323,31.818749999999703],[43.8895833333323,31.83124999999972],[43.89374999999893,31.83541666666637],[43.89374999999893,31.852083333333006]]}},{"type":"Feature","properties":{"HYRIV_ID":20760553,"NEXT_DOWN":20760554,"MAIN_RIV":20791150,"LENGTH_KM":10.93,"CATCH_SKM":39.759998,"DIS_AV_CMS":0.017,"ORD_STRA":1,"ORD_FLOW":8},"geometry":{"type":"LineString","coordinates":[[41.962499999998954,31.847916666666343],[41.989583333332234,31.847916666666343],[41.997916666665645,31.83958333333303],[42.00624999999897,31.83958333333303],[42.01874999999893,31.827083333333015],[42.01874999999893,31.82291666666635],[42.022916666665594,31.818749999999703],[42.022916666665594,31.814583333332997],[42.03541666666567,31.802083333333023],[42.04791666666563,31.802083333333023]]}},{"type":"Feature","properties":{"HYRIV_ID":20760554,"NEXT_DOWN":20760486,"MAIN_RIV":20791150,"LENGTH_KM":2.1800001,"CATCH_SKM":8.3900003,"DIS_AV_CMS":0.056,"ORD_STRA":3,"ORD_FLOW":8},"geometry":{"type":"LineString","coordinates":[[42.04791666666563,31.802083333333023],[42.06458333333228,31.802083333333023],[42.068749999998914,31.806249999999686]]}},{"type":"Feature","properties":{"HYRIV_ID":20760555,"NEXT_DOWN":20760682,"MAIN_RIV":20791150,"LENGTH_KM":5.7600002,"CATCH_SKM":25.35,"DIS_AV_CMS":0.057,"ORD_STRA":2,"ORD_FLOW":8},"geometry":{"type":"LineString","coordinates":[[42.55208333333232,31.814583333332997],[42.56874999999894,31.814583333332997],[42.572916666665606,31.810416666666377],[42.58124999999893,31.810416666666377],[42.585416666665594,31.806249999999686],[42.6020833333323,31.806249999999686],[42.606249999998965,31.802083333333023]]}},{"type":"Feature","properties":{"HYRIV_ID":20760556,"NEXT_DOWN":20760754,"MAIN_RIV":20791150,"LENGTH_KM":5.89,"CATCH_SKM":21.16,"DIS_AV_CMS":0.024,"ORD_STRA":2,"ORD_FLOW":8},"geometry":{"type":"LineString","coordinates":[[42.67291666666566,31.843749999999694],[42.67291666666566,31.83958333333303],[42.67708333333232,31.83541666666637],[42.67708333333232,31.83124999999972],[42.68124999999898,31.827083333333015],[42.685416666665645,31.827083333333015],[42.68958333333231,31.82291666666635],[42.68958333333231,31.814583333332997],[42.67708333333232,31.802083333333023]]}},{"type":"Feature","properties":{"HYRIV_ID":20760557,"NEXT_DOWN":20760899,"MAIN_RIV":20791150,"LENGTH_KM":1.7,"CATCH_SKM":17.700001,"DIS_AV_CMS":0.002,"ORD_STRA":1,"ORD_FLOW":9},"geometry":{"type":"LineString","coordinates":[[42.88749999999891,31.79999999999969],[42.89374999999899,31.806249999999686],[42.902083333332286,31.806249999999686]]}},{"type":"Feature","properties":{"HYRIV_ID":20760558,"NEXT_DOWN":20760343,"MAIN_RIV":20791150,"LENGTH_KM":2.3800001,"CATCH_SKM":20.25,"DIS_AV_CMS":0.021,"ORD_STRA":1,"ORD_FLOW":8},"geometry":{"type":"LineString","coordinates":[[43.270833333332234,31.79999999999969],[43.277083333332314,31.806249999999686],[43.28124999999898,31.806249999999686],[43.28541666666564,31.810416666666377],[43.28541666666564,31.814583333332997]]}},{"type":"Feature","properties":{"HYRIV_ID":20760559,"NEXT_DOWN":20760560,"MAIN_RIV":20791150,"LENGTH_KM":2.3800001,"CATCH_SKM":14.23,"DIS_AV_CMS":0.016,"ORD_STRA":1,"ORD_FLOW":8},"geometry":{"type":"LineString","coordinates":[[43.349999999998914,31.804166666666355],[43.35624999999891,31.810416666666377],[43.36041666666557,31.810416666666377],[43.364583333332234,31.806249999999686],[43.364583333332234,31.802083333333023]]}},{"type":"Feature","properties":{"HYRIV_ID":20760560,"NEXT_DOWN":20759982,"MAIN_RIV":20791150,"LENGTH_KM":5.0700002,"CATCH_SKM":10.03,"DIS_AV_CMS":0.076,"ORD_STRA":3,"ORD_FLOW":8},"geometry":{"type":"LineString","coordinates":[[43.364583333332234,31.802083333333023],[43.3687499999989,31.806249999999686],[43.3687499999989,31.810416666666377],[43.37291666666562,31.814583333332997],[43.38124999999894,31.814583333332997],[43.385416666665606,31.818749999999703],[43.385416666665606,31.827083333333015],[43.38958333333227,31.83124999999972],[43.38958333333227,31.83541666666637]]}},{"type":"Feature","properties":{"HYRIV_ID":20760620,"NEXT_DOWN":20760194,"MAIN_RIV":20791150,"LENGTH_KM":3.61,"CATCH_SKM":9.8500004,"DIS_AV_CMS":0.006,"ORD_STRA":2,"ORD_FLOW":9},"geometry":{"type":"LineString","coordinates":[[43.03541666666561,31.79791666666636],[43.039583333332274,31.802083333333023],[43.039583333332274,31.810416666666377],[43.04374999999894,31.814583333332997],[43.0479166666656,31.814583333332997],[43.05208333333226,31.818749999999703],[43.05208333333226,31.82291666666635]]}},{"type":"Feature","properties":{"HYRIV_ID":20760621,"NEXT_DOWN":20760414,"MAIN_RIV":20791150,"LENGTH_KM":2.52,"CATCH_SKM":18.790001,"DIS_AV_CMS":0.004,"ORD_STRA":1,"ORD_FLOW":9},"geometry":{"type":"LineString","coordinates":[[43.13749999999891,31.79583333333303],[43.12291666666562,31.810416666666377],[43.118749999998954,31.810416666666377]]}},{"type":"Feature","properties":{"HYRIV_ID":20760622,"NEXT_DOWN":20760343,"MAIN_RIV":20791150,"LENGTH_KM":3.1300001,"CATCH_SKM":32.110001,"DIS_AV_CMS":0.035,"ORD_STRA":1,"ORD_FLOW":8},"geometry":{"type":"LineString","coordinates":[[43.30833333333226,31.79583333333303],[43.2979166666656,31.806249999999686],[43.29374999999894,31.806249999999686],[43.28541666666564,31.814583333332997]]}},{"type":"Feature","properties":{"HYRIV_ID":20760681,"NEXT_DOWN":20760554,"MAIN_RIV":20791150,"LENGTH_KM":1.22,"CATCH_SKM":3.83,"DIS_AV_CMS":0.043,"ORD_STRA":3,"ORD_FLOW":8},"geometry":{"type":"LineString","coordinates":[[42.0395833333323,31.793749999999697],[42.04791666666563,31.802083333333023]]}},{"type":"Feature","properties":{"HYRIV_ID":20760682,"NEXT_DOWN":20760683,"MAIN_RIV":20791150,"LENGTH_KM":3.97,"CATCH_SKM":13.5,"DIS_AV_CMS":0.101,"ORD_STRA":3,"ORD_FLOW":7},"geometry":{"type":"LineString","coordinates":[[42.606249999998965,31.802083333333023],[42.61041666666563,31.79791666666636],[42.62291666666559,31.79791666666636],[42.62708333333225,31.793749999999697],[42.64374999999896,31.793749999999697]]}},{"type":"Feature","properties":{"HYRIV_ID":20760683,"NEXT_DOWN":20760754,"MAIN_RIV":20791150,"LENGTH_KM":3.58,"CATCH_SKM":20.98,"DIS_AV_CMS":0.117,"ORD_STRA":3,"ORD_FLOW":7},"geometry":{"type":"LineString","coordinates":[[42.64374999999896,31.793749999999697],[42.65624999999895,31.793749999999697],[42.664583333332274,31.802083333333023],[42.67708333333232,31.802083333333023]]}},{"type":"Feature","properties":{"HYRIV_ID":20760684,"NEXT_DOWN":20759983,"MAIN_RIV":20791150,"LENGTH_KM":10.16,"CATCH_SKM":32.290001,"DIS_AV_CMS":0.081,"ORD_STRA":3,"ORD_FLOW":8},"geometry":{"type":"LineString","coordinates":[[43.69791666666558,31.793749999999697],[43.70208333333224,31.79791666666636],[43.7062499999989,31.79791666666636],[43.71041666666554,31.802083333333023],[43.714583333332286,31.802083333333023],[43.727083333332274,31.814583333332997],[43.727083333332274,31.818749999999703],[43.73124999999894,31.82291666666635],[43.73124999999894,31.827083333333015],[43.739583333332234,31.83541666666637],[43.7437499999989,31.83541666666637],[43.74791666666556,31.83958333333303],[43.76874999999893,31.83958333333303],[43.772916666665594,31.83541666666637]]}},{"type":"Feature","properties":{"HYRIV_ID":20760685,"NEXT_DOWN":20759983,"MAIN_RIV":20791150,"LENGTH_KM":5.8,"CATCH_SKM":22.08,"DIS_AV_CMS":0.005,"ORD_STRA":1,"ORD_FLOW":9},"geometry":{"type":"LineString","coordinates":[[43.74583333333223,31.79166666666638],[43.75208333333231,31.79791666666636],[43.75208333333231,31.802083333333023],[43.75624999999897,31.806249999999686],[43.75624999999897,31.810416666666377],[43.76874999999893,31.82291666666635],[43.76874999999893,31.827083333333015],[43.772916666665594,31.83124999999972],[43.772916666665594,31.83541666666637]]}},{"type":"Feature","properties":{"HYRIV_ID":20760686,"NEXT_DOWN":20760057,"MAIN_RIV":20791150,"LENGTH_KM":5.9200001,"CATCH_SKM":22.99,"DIS_AV_CMS":0.005,"ORD_STRA":1,"ORD_FLOW":9},"geometry":{"type":"LineString","coordinates":[[43.80416666666562,31.793749999999697],[43.81041666666562,31.793749999999697],[43.84374999999886,31.827083333333015],[43.84374999999886,31.83124999999972]]}},{"type":"Feature","properties":{"HYRIV_ID":20760753,"NEXT_DOWN":20760273,"MAIN_RIV":20791150,"LENGTH_KM":5.2,"CATCH_SKM":23.719999,"DIS_AV_CMS":0.003,"ORD_STRA":1,"ORD_FLOW":9},"geometry":{"type":"LineString","coordinates":[[42.09166666666562,31.787499999999717],[42.102083333332274,31.79791666666636],[42.10624999999894,31.79791666666636],[42.1104166666656,31.802083333333023],[42.11458333333226,31.802083333333023],[42.1187499999989,31.806249999999686],[42.1187499999989,31.810416666666377],[42.12708333333231,31.818749999999703]]}},{"type":"Feature","properties":{"HYRIV_ID":20760754,"NEXT_DOWN":20760969,"MAIN_RIV":20791150,"LENGTH_KM":6.5500002,"CATCH_SKM":41.049999,"DIS_AV_CMS":0.115,"ORD_STRA":3,"ORD_FLOW":7},"geometry":{"type":"LineString","coordinates":[[42.67708333333232,31.802083333333023],[42.68124999999898,31.79791666666636],[42.685416666665645,31.79791666666636],[42.68958333333231,31.793749999999697],[42.697916666665606,31.793749999999697],[42.70208333333227,31.78958333333305],[42.73958333333229,31.78958333333305]]}},{"type":"Feature","properties":{"HYRIV_ID":20760755,"NEXT_DOWN":20760620,"MAIN_RIV":20791150,"LENGTH_KM":1.61,"CATCH_SKM":3.47,"DIS_AV_CMS":0.004,"ORD_STRA":2,"ORD_FLOW":9},"geometry":{"type":"LineString","coordinates":[[43.02291666666565,31.78958333333305],[43.027083333332314,31.793749999999697],[43.03124999999895,31.793749999999697],[43.03541666666561,31.79791666666636]]}},{"type":"Feature","properties":{"HYRIV_ID":20760756,"NEXT_DOWN":20760344,"MAIN_RIV":20791150,"LENGTH_KM":3.45,"CATCH_SKM":21.709999,"DIS_AV_CMS":0.02,"ORD_STRA":1,"ORD_FLOW":8},"geometry":{"type":"LineString","coordinates":[[43.431249999998926,31.787499999999717],[43.431249999998926,31.79791666666636],[43.418749999998965,31.810416666666377],[43.418749999998965,31.814583333332997]]}},{"type":"Feature","properties":{"HYRIV_ID":20760757,"NEXT_DOWN":20760684,"MAIN_RIV":20791150,"LENGTH_KM":0.61,"CATCH_SKM":0.91,"DIS_AV_CMS":0.065,"ORD_STRA":3,"ORD_FLOW":8},"geometry":{"type":"LineString","coordinates":[[43.693749999998914,31.78958333333305],[43.69791666666558,31.793749999999697]]}},{"type":"Feature","properties":{"HYRIV_ID":20760758,"NEXT_DOWN":20759014,"MAIN_RIV":20791150,"LENGTH_KM":21.200001,"CATCH_SKM":52.700001,"DIS_AV_CMS":0.147,"ORD_STRA":3,"ORD_FLOW":7},"geometry":{"type":"LineString","coordinates":[[43.9562499999989,31.78958333333305],[43.96874999999889,31.802083333333023],[43.972916666665526,31.802083333333023],[43.977083333332274,31.806249999999686],[43.977083333332274,31.810416666666377],[43.98124999999894,31.814583333332997],[43.9854166666656,31.814583333332997],[43.98958333333226,31.818749999999703],[43.993749999998926,31.814583333332997],[44.00208333333222,31.814583333332997],[44.006249999998886,31.818749999999703],[44.010416666665634,31.818749999999703],[44.01874999999896,31.827083333333015],[44.022916666665594,31.827083333333015],[44.02708333333226,31.83124999999972],[44.02708333333226,31.83958333333303],[44.04791666666557,31.86041666666636],[44.04791666666557,31.864583333333023],[44.056249999998954,31.872916666666335],[44.056249999998954,31.87708333333304],[44.06458333333228,31.88541666666635],[44.06874999999894,31.88541666666635],[44.07708333333224,31.89374999999972],[44.10624999999894,31.89374999999972]]}},{"type":"Feature","properties":{"HYRIV_ID":20760822,"NEXT_DOWN":20760823,"MAIN_RIV":20791150,"LENGTH_KM":9.0900002,"CATCH_SKM":25.540001,"DIS_AV_CMS":0.02,"ORD_STRA":2,"ORD_FLOW":8},"geometry":{"type":"LineString","coordinates":[[41.952083333332325,31.818749999999703],[41.95624999999899,31.814583333332997],[41.96041666666565,31.818749999999703],[41.977083333332274,31.818749999999703],[41.98124999999894,31.814583333332997],[41.9854166666656,31.814583333332997],[41.989583333332234,31.810416666666377],[41.997916666665645,31.810416666666377],[42.01458333333227,31.793749999999697],[42.01458333333227,31.78958333333305],[42.01874999999893,31.785416666666343],[42.022916666665594,31.785416666666343]]}},{"type":"Feature","properties":{"HYRIV_ID":20760823,"NEXT_DOWN":20760681,"MAIN_RIV":20791150,"LENGTH_KM":2.0,"CATCH_SKM":3.28,"DIS_AV_CMS":0.041,"ORD_STRA":3,"ORD_FLOW":8},"geometry":{"type":"LineString","coordinates":[[42.022916666665594,31.785416666666343],[42.02708333333226,31.78958333333305],[42.03541666666567,31.78958333333305],[42.0395833333323,31.793749999999697]]}},{"type":"Feature","properties":{"HYRIV_ID":20760824,"NEXT_DOWN":20760414,"MAIN_RIV":20791150,"LENGTH_KM":4.0,"CATCH_SKM":7.3,"DIS_AV_CMS":0.014,"ORD_STRA":2,"ORD_FLOW":8},"geometry":{"type":"LineString","coordinates":[[43.09791666666558,31.785416666666343],[43.09791666666558,31.793749999999697],[43.102083333332246,31.79791666666636],[43.10624999999891,31.79791666666636],[43.11041666666554,31.802083333333023],[43.114583333332206,31.802083333333023],[43.118749999998954,31.806249999999686],[43.118749999998954,31.810416666666377]]}},{"type":"Feature","properties":{"HYRIV_ID":20760895,"NEXT_DOWN":20760896,"MAIN_RIV":20791150,"LENGTH_KM":1.62,"CATCH_SKM":11.68,"DIS_AV_CMS":0.002,"ORD_STRA":1,"ORD_FLOW":9},"geometry":{"type":"LineString","coordinates":[[42.31874999999894,31.79583333333303],[42.31874999999894,31.78124999999968]]}},{"type":"Feature","properties":{"HYRIV_ID":20760896,"NEXT_DOWN":20760487,"MAIN_RIV":20791150,"LENGTH_KM":5.62,"CATCH_SKM":14.41,"DIS_AV_CMS":0.005,"ORD_STRA":2,"ORD_FLOW":9},"geometry":{"type":"LineString","coordinates":[[42.31874999999894,31.78124999999968],[42.3312499999989,31.78124999999968],[42.33541666666565,31.785416666666343],[42.339583333332314,31.785416666666343],[42.3520833333323,31.79791666666636],[42.35624999999894,31.79791666666636],[42.36458333333226,31.806249999999686]]}},{"type":"Feature","properties":{"HYRIV_ID":20760897,"NEXT_DOWN":20760488,"MAIN_RIV":20791150,"LENGTH_KM":3.36,"CATCH_SKM":9.12,"DIS_AV_CMS":0.0,"ORD_STRA":4,"ORD_FLOW":10},"geometry":{"type":"LineString","coordinates":[[42.43958333333228,31.78124999999968],[42.43958333333228,31.785416666666343],[42.43541666666562,31.78958333333305],[42.43541666666562,31.793749999999697],[42.42291666666566,31.806249999999686]]}},{"type":"Feature","properties":{"HYRIV_ID":20760898,"NEXT_DOWN":20760897,"MAIN_RIV":20791150,"LENGTH_KM":1.31,"CATCH_SKM":14.6,"DIS_AV_CMS":0.011,"ORD_STRA":1,"ORD_FLOW":8},"geometry":{"type":"LineString","coordinates":[[42.44999999999894,31.787499999999717],[42.44374999999894,31.78124999999968],[42.43958333333228,31.78124999999968]]}},{"type":"Feature","properties":{"HYRIV_ID":20760899,"NEXT_DOWN":20760900,"MAIN_RIV":20791150,"LENGTH_KM":10.98,"CATCH_SKM":38.669998,"DIS_AV_CMS":0.009,"ORD_STRA":2,"ORD_FLOW":9},"geometry":{"type":"LineString","coordinates":[[42.902083333332286,31.806249999999686],[42.91041666666561,31.806249999999686],[42.91874999999894,31.814583333332997],[42.9229166666656,31.814583333332997],[42.927083333332234,31.818749999999703],[42.9312499999989,31.818749999999703],[42.94374999999897,31.806249999999686],[42.947916666665634,31.806249999999686],[42.9520833333323,31.802083333333023],[42.9520833333323,31.79791666666636],[42.95624999999893,31.793749999999697],[42.960416666665594,31.793749999999697],[42.96458333333234,31.79791666666636],[42.97291666666558,31.78958333333305],[42.97291666666558,31.785416666666343],[42.977083333332246,31.78124999999968],[42.98124999999888,31.78124999999968]]}},{"type":"Feature","properties":{"HYRIV_ID":20760900,"NEXT_DOWN":20760193,"MAIN_RIV":20791150,"LENGTH_KM":8.9099998,"CATCH_SKM":41.23,"DIS_AV_CMS":0.0,"ORD_STRA":4,"ORD_FLOW":10},"geometry":{"type":"LineString","coordinates":[[42.98124999999888,31.78124999999968],[42.98541666666554,31.785416666666343],[42.98541666666554,31.78958333333305],[42.99791666666562,31.802083333333023],[43.00208333333228,31.802083333333023],[43.01458333333224,31.814583333332997],[43.0187499999989,31.814583333332997],[43.02291666666565,31.818749999999703],[43.027083333332314,31.818749999999703],[43.03124999999895,31.82291666666635],[43.04374999999894,31.82291666666635],[43.0479166666656,31.827083333333015]]}},{"type":"Feature","properties":{"HYRIV_ID":20760901,"NEXT_DOWN":20760560,"MAIN_RIV":20791150,"LENGTH_KM":2.61,"CATCH_SKM":5.1100001,"DIS_AV_CMS":0.125,"ORD_STRA":3,"ORD_FLOW":7},"geometry":{"type":"LineString","coordinates":[[43.35624999999891,31.78124999999968],[43.36041666666557,31.785416666666343],[43.36041666666557,31.78958333333305],[43.364583333332234,31.793749999999697],[43.364583333332234,31.802083333333023]]}},{"type":"Feature","properties":{"HYRIV_ID":20760967,"NEXT_DOWN":20760897,"MAIN_RIV":20791150,"LENGTH_KM":0.46,"CATCH_SKM":0.55,"DIS_AV_CMS":0.0,"ORD_STRA":4,"ORD_FLOW":10},"geometry":{"type":"LineString","coordinates":[[42.43958333333228,31.77708333333303],[42.43958333333228,31.78124999999968]]}},{"type":"Feature","properties":{"HYRIV_ID":20760968,"NEXT_DOWN":20760555,"MAIN_RIV":20791150,"LENGTH_KM":7.8800001,"CATCH_SKM":42.700001,"DIS_AV_CMS":0.029,"ORD_STRA":1,"ORD_FLOW":8},"geometry":{"type":"LineString","coordinates":[[42.508333333332246,31.7749999999997],[42.5145833333323,31.78124999999968],[42.51874999999896,31.77708333333303],[42.527083333332286,31.77708333333303],[42.53124999999895,31.78124999999968],[42.53124999999895,31.785416666666343],[42.527083333332286,31.78958333333305],[42.539583333332246,31.802083333333023],[42.543749999998994,31.802083333333023],[42.54791666666566,31.806249999999686],[42.54791666666566,31.810416666666377],[42.55208333333232,31.814583333332997]]}},{"type":"Feature","properties":{"HYRIV_ID":20760969,"NEXT_DOWN":20762161,"MAIN_RIV":20791150,"LENGTH_KM":2.22,"CATCH_SKM":6.39,"DIS_AV_CMS":0.118,"ORD_STRA":3,"ORD_FLOW":7},"geometry":{"type":"LineString","coordinates":[[42.73958333333229,31.78958333333305],[42.74791666666559,31.78124999999968],[42.75208333333225,31.78124999999968],[42.756249999998914,31.77708333333303]]}},{"type":"Feature","properties":{"HYRIV_ID":20760970,"NEXT_DOWN":20762161,"MAIN_RIV":20791150,"LENGTH_KM":2.06,"CATCH_SKM":15.33,"DIS_AV_CMS":0.002,"ORD_STRA":1,"ORD_FLOW":9},"geometry":{"type":"LineString","coordinates":[[42.77083333333229,31.785416666666343],[42.76041666666558,31.785416666666343],[42.756249999998914,31.78124999999968],[42.756249999998914,31.77708333333303]]}},{"type":"Feature","properties":{"HYRIV_ID":20761027,"NEXT_DOWN":20760824,"MAIN_RIV":20791150,"LENGTH_KM":3.06,"CATCH_SKM":17.700001,"DIS_AV_CMS":0.003,"ORD_STRA":1,"ORD_FLOW":9},"geometry":{"type":"LineString","coordinates":[[43.120833333332286,31.77291666666637],[43.11041666666554,31.77291666666637],[43.102083333332246,31.78124999999968],[43.09791666666558,31.78124999999968],[43.09791666666558,31.785416666666343]]}},{"type":"Feature","properties":{"HYRIV_ID":20761028,"NEXT_DOWN":20760276,"MAIN_RIV":20791150,"LENGTH_KM":7.31,"CATCH_SKM":21.17,"DIS_AV_CMS":0.015,"ORD_STRA":1,"ORD_FLOW":8},"geometry":{"type":"LineString","coordinates":[[43.604166666665606,31.770833333333037],[43.614583333332234,31.78124999999968],[43.62291666666556,31.78124999999968],[43.62708333333231,31.785416666666343],[43.62708333333231,31.78958333333305],[43.63124999999894,31.793749999999697],[43.635416666665606,31.793749999999697],[43.635416666665606,31.806249999999686],[43.63958333333227,31.810416666666377],[43.63958333333227,31.818749999999703]]}},{"type":"Feature","properties":{"HYRIV_ID":20761087,"NEXT_DOWN":20760681,"MAIN_RIV":20791150,"LENGTH_KM":3.1600001,"CATCH_SKM":16.610001,"DIS_AV_CMS":0.003,"ORD_STRA":1,"ORD_FLOW":9},"geometry":{"type":"LineString","coordinates":[[42.03541666666567,31.76666666666639],[42.03541666666567,31.78124999999968],[42.0395833333323,31.785416666666343],[42.0395833333323,31.793749999999697]]}},{"type":"Feature","properties":{"HYRIV_ID":20761088,"NEXT_DOWN":20760755,"MAIN_RIV":20791150,"LENGTH_KM":2.9100001,"CATCH_SKM":13.69,"DIS_AV_CMS":0.002,"ORD_STRA":1,"ORD_FLOW":9},"geometry":{"type":"LineString","coordinates":[[43.01249999999891,31.76666666666639],[43.0187499999989,31.77291666666637],[43.0187499999989,31.78124999999968],[43.02291666666565,31.785416666666343],[43.02291666666565,31.78958333333305]]}},{"type":"Feature","properties":{"HYRIV_ID":20761089,"NEXT_DOWN":20760620,"MAIN_RIV":20791150,"LENGTH_KM":4.1300001,"CATCH_SKM":16.059999,"DIS_AV_CMS":0.002,"ORD_STRA":1,"ORD_FLOW":9},"geometry":{"type":"LineString","coordinates":[[43.04583333333227,31.76666666666639],[43.039583333332274,31.77291666666637],[43.039583333332274,31.77708333333303],[43.04374999999894,31.78124999999968],[43.039583333332274,31.785416666666343],[43.039583333332274,31.78958333333305],[43.03541666666561,31.793749999999697],[43.03541666666561,31.79791666666636]]}},{"type":"Feature","properties":{"HYRIV_ID":20761090,"NEXT_DOWN":20760757,"MAIN_RIV":20791150,"LENGTH_KM":5.4,"CATCH_SKM":11.13,"DIS_AV_CMS":0.059,"ORD_STRA":3,"ORD_FLOW":8},"geometry":{"type":"LineString","coordinates":[[43.647916666665594,31.768749999999706],[43.65208333333226,31.768749999999706],[43.65624999999892,31.77291666666637],[43.660416666665554,31.77291666666637],[43.6645833333323,31.77708333333303],[43.668749999998965,31.77708333333303],[43.681249999998954,31.78958333333305],[43.693749999998914,31.78958333333305]]}},{"type":"Feature","properties":{"HYRIV_ID":20761148,"NEXT_DOWN":20760275,"MAIN_RIV":20791150,"LENGTH_KM":9.6400003,"CATCH_SKM":57.84,"DIS_AV_CMS":0.006,"ORD_STRA":1,"ORD_FLOW":9},"geometry":{"type":"LineString","coordinates":[[42.183333333332286,31.764583333333015],[42.19374999999894,31.764583333333015],[42.20208333333224,31.77291666666637],[42.20208333333224,31.77708333333303],[42.20624999999899,31.78124999999968],[42.20208333333224,31.785416666666343],[42.20624999999899,31.78958333333305],[42.21041666666565,31.78958333333305],[42.214583333332314,31.793749999999697],[42.21874999999898,31.793749999999697],[42.22291666666561,31.79791666666636],[42.227083333332274,31.79791666666636],[42.23124999999894,31.802083333333023],[42.23124999999894,31.806249999999686],[42.2354166666656,31.810416666666377],[42.2354166666656,31.814583333332997],[42.23958333333226,31.818749999999703]]}},{"type":"Feature","properties":{"HYRIV_ID":20761149,"NEXT_DOWN":20760755,"MAIN_RIV":20791150,"LENGTH_KM":3.45,"CATCH_SKM":13.87,"DIS_AV_CMS":0.002,"ORD_STRA":1,"ORD_FLOW":9},"geometry":{"type":"LineString","coordinates":[[43.027083333332314,31.762499999999683],[43.027083333332314,31.77291666666637],[43.03124999999895,31.77708333333303],[43.03124999999895,31.78124999999968],[43.02291666666565,31.78958333333305]]}},{"type":"Feature","properties":{"HYRIV_ID":20761217,"NEXT_DOWN":20760896,"MAIN_RIV":20791150,"LENGTH_KM":4.33,"CATCH_SKM":15.88,"DIS_AV_CMS":0.01,"ORD_STRA":2,"ORD_FLOW":8},"geometry":{"type":"LineString","coordinates":[[42.28958333333233,31.76041666666635],[42.29791666666566,31.76041666666635],[42.30208333333229,31.764583333333015],[42.30208333333229,31.768749999999706],[42.306249999998954,31.77291666666637],[42.306249999998954,31.77708333333303],[42.31041666666562,31.78124999999968],[42.31874999999894,31.78124999999968]]}},{"type":"Feature","properties":{"HYRIV_ID":20761218,"NEXT_DOWN":20760116,"MAIN_RIV":20791150,"LENGTH_KM":13.18,"CATCH_SKM":54.200001,"DIS_AV_CMS":0.033,"ORD_STRA":1,"ORD_FLOW":8},"geometry":{"type":"LineString","coordinates":[[43.1958333333323,31.75833333333302],[43.2020833333323,31.764583333333015],[43.20624999999896,31.764583333333015],[43.21458333333226,31.77291666666637],[43.21874999999892,31.77291666666637],[43.227083333332246,31.78124999999968],[43.227083333332246,31.785416666666343],[43.23541666666557,31.793749999999697],[43.23124999999891,31.79791666666636],[43.23124999999891,31.802083333333023],[43.23541666666557,31.806249999999686],[43.239583333332234,31.806249999999686],[43.243749999998954,31.810416666666377],[43.24791666666562,31.810416666666377],[43.260416666665606,31.82291666666635],[43.2687499999989,31.82291666666635],[43.272916666665566,31.818749999999703],[43.277083333332314,31.82291666666635],[43.277083333332314,31.827083333333015]]}},{"type":"Feature","properties":{"HYRIV_ID":20761219,"NEXT_DOWN":20761220,"MAIN_RIV":20791150,"LENGTH_KM":1.38,"CATCH_SKM":11.68,"DIS_AV_CMS":0.003,"ORD_STRA":1,"ORD_FLOW":9},"geometry":{"type":"LineString","coordinates":[[43.77083333333226,31.76041666666635],[43.78541666666558,31.76041666666635]]}},{"type":"Feature","properties":{"HYRIV_ID":20761220,"NEXT_DOWN":20761221,"MAIN_RIV":20791150,"LENGTH_KM":11.24,"CATCH_SKM":30.85,"DIS_AV_CMS":0.093,"ORD_STRA":3,"ORD_FLOW":8},"geometry":{"type":"LineString","coordinates":[[43.78541666666558,31.76041666666635],[43.78958333333222,31.764583333333015],[43.78958333333222,31.768749999999706],[43.81041666666562,31.768749999999706],[43.81458333333225,31.77291666666637],[43.82291666666558,31.77291666666637],[43.82291666666558,31.768749999999706],[43.82708333333224,31.764583333333015],[43.87708333333222,31.764583333333015],[43.88124999999897,31.76041666666635],[43.885416666665634,31.76041666666635]]}},{"type":"Feature","properties":{"HYRIV_ID":20761221,"NEXT_DOWN":20760758,"MAIN_RIV":20791150,"LENGTH_KM":9.5500002,"CATCH_SKM":23.360001,"DIS_AV_CMS":0.108,"ORD_STRA":3,"ORD_FLOW":7},"geometry":{"type":"LineString","coordinates":[[43.885416666665634,31.76041666666635],[43.8895833333323,31.764583333333015],[43.8895833333323,31.768749999999706],[43.89374999999893,31.77291666666637],[43.90624999999892,31.77291666666637],[43.91041666666558,31.77708333333303],[43.91874999999888,31.77708333333303],[43.92291666666554,31.77291666666637],[43.92708333333229,31.77708333333303],[43.92708333333229,31.78124999999968],[43.931249999998954,31.785416666666343],[43.93958333333228,31.785416666666343],[43.94791666666558,31.793749999999697],[43.95208333333224,31.78958333333305],[43.9562499999989,31.78958333333305]]}},{"type":"Feature","properties":{"HYRIV_ID":20761284,"NEXT_DOWN":20761217,"MAIN_RIV":20791150,"LENGTH_KM":0.69,"CATCH_SKM":10.95,"DIS_AV_CMS":0.001,"ORD_STRA":1,"ORD_FLOW":9},"geometry":{"type":"LineString","coordinates":[[42.28958333333233,31.75416666666637],[42.28958333333233,31.76041666666635]]}},{"type":"Feature","properties":{"HYRIV_ID":20761285,"NEXT_DOWN":20760683,"MAIN_RIV":20791150,"LENGTH_KM":6.2199998,"CATCH_SKM":14.96,"DIS_AV_CMS":0.022,"ORD_STRA":2,"ORD_FLOW":8},"geometry":{"type":"LineString","coordinates":[[42.61458333333226,31.75624999999969],[42.61458333333226,31.76041666666635],[42.61041666666563,31.764583333333015],[42.62291666666559,31.77708333333303],[42.62291666666559,31.78124999999968],[42.62708333333225,31.785416666666343],[42.6395833333323,31.785416666666343],[42.64374999999896,31.78958333333305],[42.64374999999896,31.793749999999697]]}},{"type":"Feature","properties":{"HYRIV_ID":20761286,"NEXT_DOWN":20760824,"MAIN_RIV":20791150,"LENGTH_KM":3.53,"CATCH_SKM":10.95,"DIS_AV_CMS":0.015,"ORD_STRA":2,"ORD_FLOW":8},"geometry":{"type":"LineString","coordinates":[[43.08958333333226,31.75624999999969],[43.08958333333226,31.76041666666635],[43.09374999999892,31.764583333333015],[43.09374999999892,31.78124999999968],[43.09791666666558,31.785416666666343]]}},{"type":"Feature","properties":{"HYRIV_ID":20761287,"NEXT_DOWN":20761090,"MAIN_RIV":20791150,"LENGTH_KM":6.14,"CATCH_SKM":18.8,"DIS_AV_CMS":0.01,"ORD_STRA":1,"ORD_FLOW":8},"geometry":{"type":"LineString","coordinates":[[43.59999999999894,31.75416666666637],[43.60624999999891,31.76041666666635],[43.61041666666557,31.75624999999969],[43.614583333332234,31.75624999999969],[43.62708333333231,31.768749999999706],[43.63124999999894,31.768749999999706],[43.635416666665606,31.77291666666637],[43.63958333333227,31.77291666666637],[43.64374999999893,31.768749999999706],[43.647916666665594,31.768749999999706]]}},{"type":"Feature","properties":{"HYRIV_ID":20761288,"NEXT_DOWN":20760757,"MAIN_RIV":20791150,"LENGTH_KM":7.3200002,"CATCH_SKM":21.91,"DIS_AV_CMS":0.005,"ORD_STRA":1,"ORD_FLOW":9},"geometry":{"type":"LineString","coordinates":[[43.649999999998926,31.75624999999969],[43.65624999999892,31.75624999999969],[43.660416666665554,31.76041666666635],[43.668749999998965,31.76041666666635],[43.67291666666563,31.75624999999969],[43.68958333333225,31.77291666666637],[43.68958333333225,31.77708333333303],[43.69791666666558,31.785416666666343],[43.693749999998914,31.78958333333305]]}},{"type":"Feature","properties":{"HYRIV_ID":20761351,"NEXT_DOWN":20761285,"MAIN_RIV":20791150,"LENGTH_KM":0.91,"CATCH_SKM":10.22,"DIS_AV_CMS":0.006,"ORD_STRA":1,"ORD_FLOW":9},"geometry":{"type":"LineString","coordinates":[[42.6083333333323,31.74999999999971],[42.61458333333226,31.75624999999969]]}},{"type":"Feature","properties":{"HYRIV_ID":20761422,"NEXT_DOWN":20760682,"MAIN_RIV":20791150,"LENGTH_KM":9.29,"CATCH_SKM":33.400002,"DIS_AV_CMS":0.049,"ORD_STRA":2,"ORD_FLOW":8},"geometry":{"type":"LineString","coordinates":[[42.54791666666566,31.747916666666335],[42.54791666666566,31.76041666666635],[42.55624999999898,31.76041666666635],[42.560416666665645,31.764583333333015],[42.56458333333228,31.764583333333015],[42.56874999999894,31.768749999999706],[42.56874999999894,31.77291666666637],[42.58124999999893,31.785416666666343],[42.58958333333223,31.785416666666343],[42.606249999998965,31.802083333333023]]}},{"type":"Feature","properties":{"HYRIV_ID":20761423,"NEXT_DOWN":20761286,"MAIN_RIV":20791150,"LENGTH_KM":1.81,"CATCH_SKM":14.06,"DIS_AV_CMS":0.002,"ORD_STRA":1,"ORD_FLOW":9},"geometry":{"type":"LineString","coordinates":[[43.10416666666558,31.747916666666335],[43.09791666666558,31.747916666666335],[43.08958333333226,31.75624999999969]]}},{"type":"Feature","properties":{"HYRIV_ID":20761424,"NEXT_DOWN":20760758,"MAIN_RIV":20791150,"LENGTH_KM":7.12,"CATCH_SKM":14.97,"DIS_AV_CMS":0.026,"ORD_STRA":2,"ORD_FLOW":8},"geometry":{"type":"LineString","coordinates":[[43.92291666666554,31.747916666666335],[43.93958333333228,31.764583333333015],[43.943749999998914,31.764583333333015],[43.95208333333224,31.77291666666637],[43.9562499999989,31.77291666666637],[43.960416666665566,31.77708333333303],[43.960416666665566,31.78124999999968],[43.96458333333223,31.785416666666343],[43.960416666665566,31.78958333333305],[43.9562499999989,31.78958333333305]]}},{"type":"Feature","properties":{"HYRIV_ID":20761482,"NEXT_DOWN":20760487,"MAIN_RIV":20791150,"LENGTH_KM":11.1,"CATCH_SKM":33.950001,"DIS_AV_CMS":0.007,"ORD_STRA":1,"ORD_FLOW":9},"geometry":{"type":"LineString","coordinates":[[42.32499999999894,31.741666666666355],[42.339583333332314,31.75624999999969],[42.34374999999898,31.75208333333304],[42.34791666666564,31.75208333333304],[42.35624999999894,31.76041666666635],[42.3604166666656,31.76041666666635],[42.36458333333226,31.764583333333015],[42.36458333333226,31.768749999999706],[42.37291666666559,31.77708333333303],[42.37291666666559,31.78958333333305],[42.37708333333225,31.793749999999697],[42.37291666666559,31.79791666666636],[42.37291666666559,31.802083333333023],[42.368749999998926,31.806249999999686],[42.36458333333226,31.806249999999686]]}},{"type":"Feature","properties":{"HYRIV_ID":20761483,"NEXT_DOWN":20761484,"MAIN_RIV":20791150,"LENGTH_KM":2.84,"CATCH_SKM":29.200001,"DIS_AV_CMS":0.003,"ORD_STRA":1,"ORD_FLOW":9},"geometry":{"type":"LineString","coordinates":[[42.929166666665566,31.762499999999683],[42.9229166666656,31.75624999999969],[42.9229166666656,31.747916666666335],[42.927083333332234,31.74374999999967],[42.9312499999989,31.74374999999967]]}},{"type":"Feature","properties":{"HYRIV_ID":20761484,"NEXT_DOWN":20760900,"MAIN_RIV":20791150,"LENGTH_KM":7.1500001,"CATCH_SKM":36.509998,"DIS_AV_CMS":0.0,"ORD_STRA":4,"ORD_FLOW":10},"geometry":{"type":"LineString","coordinates":[[42.9312499999989,31.74374999999967],[42.9312499999989,31.747916666666335],[42.935416666665645,31.75208333333304],[42.9520833333323,31.75208333333304],[42.96874999999892,31.768749999999706],[42.97291666666558,31.768749999999706],[42.977083333332246,31.77291666666637],[42.977083333332246,31.77708333333303],[42.98124999999888,31.78124999999968]]}},{"type":"Feature","properties":{"HYRIV_ID":20761485,"NEXT_DOWN":20760117,"MAIN_RIV":20791150,"LENGTH_KM":14.05,"CATCH_SKM":35.950001,"DIS_AV_CMS":0.063,"ORD_STRA":2,"ORD_FLOW":8},"geometry":{"type":"LineString","coordinates":[[43.497916666665645,31.74374999999967],[43.497916666665645,31.747916666666335],[43.50208333333228,31.75208333333304],[43.50208333333228,31.75624999999969],[43.510416666665606,31.764583333333015],[43.510416666665606,31.768749999999706],[43.51874999999893,31.77708333333303],[43.51874999999893,31.78124999999968],[43.522916666665594,31.785416666666343],[43.51874999999893,31.78958333333305],[43.522916666665594,31.793749999999697],[43.522916666665594,31.79791666666636],[43.53541666666564,31.810416666666377],[43.5395833333323,31.810416666666377],[43.5395833333323,31.814583333332997],[43.543749999998965,31.818749999999703],[43.55208333333229,31.818749999999703],[43.556249999998926,31.82291666666635],[43.56041666666559,31.82291666666635],[43.56458333333225,31.827083333333015],[43.57708333333224,31.827083333333015]]}},{"type":"Feature","properties":{"HYRIV_ID":20761486,"NEXT_DOWN":20761424,"MAIN_RIV":20791150,"LENGTH_KM":0.69,"CATCH_SKM":11.5,"DIS_AV_CMS":0.003,"ORD_STRA":1,"ORD_FLOW":9},"geometry":{"type":"LineString","coordinates":[[43.92291666666554,31.741666666666355],[43.92291666666554,31.747916666666335]]}},{"type":"Feature","properties":{"HYRIV_ID":20761551,"NEXT_DOWN":20761422,"MAIN_RIV":20791150,"LENGTH_KM":1.38,"CATCH_SKM":14.61,"DIS_AV_CMS":0.008,"ORD_STRA":1,"ORD_FLOW":9},"geometry":{"type":"LineString","coordinates":[[42.55416666666565,31.73749999999969],[42.54791666666566,31.74374999999967],[42.54791666666566,31.747916666666335]]}},{"type":"Feature","properties":{"HYRIV_ID":20761661,"NEXT_DOWN":20760823,"MAIN_RIV":20791150,"LENGTH_KM":8.5500002,"CATCH_SKM":39.060001,"DIS_AV_CMS":0.024,"ORD_STRA":2,"ORD_FLOW":8},"geometry":{"type":"LineString","coordinates":[[41.964583333332286,31.731249999999697],[41.96874999999895,31.73541666666636],[41.96874999999895,31.739583333333023],[41.97291666666561,31.739583333333023],[41.989583333332234,31.75624999999969],[41.9937499999989,31.75624999999969],[42.022916666665594,31.785416666666343]]}},{"type":"Feature","properties":{"HYRIV_ID":20761662,"NEXT_DOWN":20762158,"MAIN_RIV":20791150,"LENGTH_KM":5.8400002,"CATCH_SKM":27.01,"DIS_AV_CMS":0.003,"ORD_STRA":1,"ORD_FLOW":9},"geometry":{"type":"LineString","coordinates":[[42.13124999999897,31.76666666666639],[42.13124999999897,31.76041666666635],[42.14374999999896,31.747916666666335],[42.15624999999892,31.747916666666335],[42.16041666666558,31.74374999999967],[42.16041666666558,31.739583333333023],[42.16458333333233,31.73541666666636],[42.16458333333233,31.731249999999697]]}},{"type":"Feature","properties":{"HYRIV_ID":20761737,"NEXT_DOWN":20761217,"MAIN_RIV":20791150,"LENGTH_KM":8.08,"CATCH_SKM":39.060001,"DIS_AV_CMS":0.017,"ORD_STRA":2,"ORD_FLOW":8},"geometry":{"type":"LineString","coordinates":[[42.24374999999901,31.72708333333305],[42.24791666666559,31.731249999999697],[42.24791666666559,31.75208333333304],[42.24374999999901,31.75624999999969],[42.24791666666559,31.76041666666635],[42.28958333333233,31.76041666666635]]}},{"type":"Feature","properties":{"HYRIV_ID":20761738,"NEXT_DOWN":20761285,"MAIN_RIV":20791150,"LENGTH_KM":3.84,"CATCH_SKM":20.27,"DIS_AV_CMS":0.009,"ORD_STRA":1,"ORD_FLOW":9},"geometry":{"type":"LineString","coordinates":[[42.604166666665634,31.724999999999717],[42.61458333333226,31.73541666666636],[42.61458333333226,31.75624999999969]]}},{"type":"Feature","properties":{"HYRIV_ID":20761739,"NEXT_DOWN":20760969,"MAIN_RIV":20791150,"LENGTH_KM":12.07,"CATCH_SKM":47.099998,"DIS_AV_CMS":0.011,"ORD_STRA":1,"ORD_FLOW":8},"geometry":{"type":"LineString","coordinates":[[42.65624999999895,31.724999999999717],[42.65624999999895,31.731249999999697],[42.66041666666561,31.73541666666636],[42.664583333332274,31.73541666666636],[42.66874999999891,31.739583333333023],[42.66874999999891,31.74374999999967],[42.67291666666566,31.747916666666335],[42.67708333333232,31.747916666666335],[42.68124999999898,31.75208333333304],[42.68958333333231,31.75208333333304],[42.69374999999894,31.75624999999969],[42.697916666665606,31.75624999999969],[42.70624999999893,31.764583333333015],[42.71458333333226,31.764583333333015],[42.731249999998965,31.78124999999968],[42.73541666666563,31.78124999999968],[42.73958333333229,31.785416666666343],[42.73958333333229,31.78958333333305]]}},{"type":"Feature","properties":{"HYRIV_ID":20761740,"NEXT_DOWN":20761286,"MAIN_RIV":20791150,"LENGTH_KM":3.6800001,"CATCH_SKM":9.1300001,"DIS_AV_CMS":0.014,"ORD_STRA":2,"ORD_FLOW":8},"geometry":{"type":"LineString","coordinates":[[43.0770833333323,31.72708333333305],[43.0770833333323,31.74374999999967],[43.08958333333226,31.75624999999969]]}},{"type":"Feature","properties":{"HYRIV_ID":20761741,"NEXT_DOWN":20760901,"MAIN_RIV":20791150,"LENGTH_KM":8.5100002,"CATCH_SKM":30.120001,"DIS_AV_CMS":0.119,"ORD_STRA":3,"ORD_FLOW":7},"geometry":{"type":"LineString","coordinates":[[43.306249999998926,31.72708333333305],[43.31458333333225,31.73541666666636],[43.31458333333225,31.739583333333023],[43.318749999998886,31.74374999999967],[43.318749999998886,31.75208333333304],[43.3270833333323,31.76041666666635],[43.3270833333323,31.764583333333015],[43.33124999999896,31.764583333333015],[43.33541666666562,31.768749999999706],[43.339583333332286,31.768749999999706],[43.34791666666558,31.77708333333303],[43.352083333332246,31.77708333333303],[43.35624999999891,31.78124999999968]]}},{"type":"Feature","properties":{"HYRIV_ID":20761742,"NEXT_DOWN":20761819,"MAIN_RIV":20791150,"LENGTH_KM":4.1,"CATCH_SKM":17.889999,"DIS_AV_CMS":0.004,"ORD_STRA":1,"ORD_FLOW":9},"geometry":{"type":"LineString","coordinates":[[43.70416666666557,31.724999999999717],[43.71041666666554,31.731249999999697],[43.714583333332286,31.731249999999697],[43.71874999999895,31.73541666666636],[43.73124999999894,31.73541666666636],[43.73541666666557,31.731249999999697],[43.739583333332234,31.731249999999697]]}},{"type":"Feature","properties":{"HYRIV_ID":20761815,"NEXT_DOWN":20761737,"MAIN_RIV":20791150,"LENGTH_KM":0.69,"CATCH_SKM":11.69,"DIS_AV_CMS":0.002,"ORD_STRA":1,"ORD_FLOW":9},"geometry":{"type":"LineString","coordinates":[[42.24374999999901,31.72083333333301],[42.24374999999901,31.72708333333305]]}},{"type":"Feature","properties":{"HYRIV_ID":20761816,"NEXT_DOWN":20761940,"MAIN_RIV":20791150,"LENGTH_KM":3.99,"CATCH_SKM":17.889999,"DIS_AV_CMS":0.002,"ORD_STRA":1,"ORD_FLOW":9},"geometry":{"type":"LineString","coordinates":[[42.870833333332286,31.745833333333003],[42.87708333333225,31.739583333333023],[42.881249999998914,31.739583333333023],[42.88541666666558,31.73541666666636],[42.88958333333224,31.73541666666636],[42.89791666666565,31.72708333333305],[42.89791666666565,31.722916666666343]]}},{"type":"Feature","properties":{"HYRIV_ID":20761817,"NEXT_DOWN":20760117,"MAIN_RIV":20791150,"LENGTH_KM":15.78,"CATCH_SKM":52.389999,"DIS_AV_CMS":0.047,"ORD_STRA":1,"ORD_FLOW":8},"geometry":{"type":"LineString","coordinates":[[43.53333333333231,31.72083333333301],[43.543749999998965,31.731249999999697],[43.54791666666563,31.731249999999697],[43.55208333333229,31.73541666666636],[43.55208333333229,31.739583333333023],[43.5395833333323,31.75208333333304],[43.5395833333323,31.764583333333015],[43.54791666666563,31.77291666666637],[43.55208333333229,31.77291666666637],[43.556249999998926,31.77708333333303],[43.556249999998926,31.78124999999968],[43.56041666666559,31.785416666666343],[43.568749999998914,31.785416666666343],[43.57708333333224,31.793749999999697],[43.568749999998914,31.802083333333023],[43.568749999998914,31.810416666666377],[43.57291666666558,31.814583333332997],[43.57291666666558,31.818749999999703],[43.57708333333224,31.82291666666635],[43.57708333333224,31.827083333333015]]}},{"type":"Feature","properties":{"HYRIV_ID":20761818,"NEXT_DOWN":20760684,"MAIN_RIV":20791150,"LENGTH_KM":10.2,"CATCH_SKM":30.85,"DIS_AV_CMS":0.007,"ORD_STRA":1,"ORD_FLOW":9},"geometry":{"type":"LineString","coordinates":[[43.668749999998965,31.72083333333301],[43.668749999998965,31.72708333333305],[43.67708333333229,31.73541666666636],[43.681249999998954,31.73541666666636],[43.681249999998954,31.74374999999967],[43.68541666666559,31.747916666666335],[43.68958333333225,31.747916666666335],[43.69791666666558,31.75624999999969],[43.69791666666558,31.76041666666635],[43.70208333333224,31.764583333333015],[43.70208333333224,31.77291666666637],[43.7062499999989,31.77708333333303],[43.7062499999989,31.78124999999968],[43.70208333333224,31.785416666666343],[43.70208333333224,31.78958333333305],[43.69791666666558,31.793749999999697]]}},{"type":"Feature","properties":{"HYRIV_ID":20761819,"NEXT_DOWN":20761820,"MAIN_RIV":20791150,"LENGTH_KM":2.25,"CATCH_SKM":2.9200001,"DIS_AV_CMS":0.012,"ORD_STRA":2,"ORD_FLOW":8},"geometry":{"type":"LineString","coordinates":[[43.739583333332234,31.731249999999697],[43.75208333333231,31.731249999999697],[43.75624999999897,31.72708333333305],[43.75624999999897,31.722916666666343]]}},{"type":"Feature","properties":{"HYRIV_ID":20761820,"NEXT_DOWN":20761220,"MAIN_RIV":20791150,"LENGTH_KM":5.1799998,"CATCH_SKM":12.23,"DIS_AV_CMS":0.084,"ORD_STRA":3,"ORD_FLOW":8},"geometry":{"type":"LineString","coordinates":[[43.75624999999897,31.722916666666343],[43.760416666665634,31.72708333333305],[43.760416666665634,31.731249999999697],[43.76874999999893,31.739583333333023],[43.76874999999893,31.74374999999967],[43.78541666666558,31.76041666666635]]}},{"type":"Feature","properties":{"HYRIV_ID":20761868,"NEXT_DOWN":20760967,"MAIN_RIV":20791150,"LENGTH_KM":13.68,"CATCH_SKM":59.52,"DIS_AV_CMS":0.016,"ORD_STRA":1,"ORD_FLOW":8},"geometry":{"type":"LineString","coordinates":[[42.354166666665606,31.71874999999968],[42.3604166666656,31.71874999999968],[42.37291666666559,31.731249999999697],[42.381249999998886,31.731249999999697],[42.3895833333323,31.722916666666343],[42.402083333332286,31.722916666666343],[42.40624999999892,31.72708333333305],[42.40624999999892,31.74374999999967],[42.41041666666558,31.747916666666335],[42.41041666666558,31.75208333333304],[42.418749999998994,31.75208333333304],[42.42291666666566,31.75624999999969],[42.42291666666566,31.764583333333015],[42.431249999998954,31.77291666666637],[42.43541666666562,31.77291666666637],[42.43958333333228,31.77708333333303]]}},{"type":"Feature","properties":{"HYRIV_ID":20761869,"NEXT_DOWN":20761484,"MAIN_RIV":20791150,"LENGTH_KM":3.07,"CATCH_SKM":5.8400002,"DIS_AV_CMS":0.0,"ORD_STRA":4,"ORD_FLOW":10},"geometry":{"type":"LineString","coordinates":[[42.9312499999989,31.71874999999968],[42.9312499999989,31.731249999999697],[42.935416666665645,31.73541666666636],[42.9312499999989,31.739583333333023],[42.9312499999989,31.74374999999967]]}},{"type":"Feature","properties":{"HYRIV_ID":20761940,"NEXT_DOWN":20761941,"MAIN_RIV":20791150,"LENGTH_KM":2.79,"CATCH_SKM":5.29,"DIS_AV_CMS":0.0,"ORD_STRA":3,"ORD_FLOW":10},"geometry":{"type":"LineString","coordinates":[[42.89791666666565,31.722916666666343],[42.902083333332286,31.71874999999968],[42.90624999999895,31.71874999999968],[42.91041666666561,31.71458333333303],[42.9229166666656,31.71458333333303]]}},{"type":"Feature","properties":{"HYRIV_ID":20761941,"NEXT_DOWN":20761869,"MAIN_RIV":20791150,"LENGTH_KM":1.0,"CATCH_SKM":0.91,"DIS_AV_CMS":0.0,"ORD_STRA":4,"ORD_FLOW":10},"geometry":{"type":"LineString","coordinates":[[42.9229166666656,31.71458333333303],[42.927083333332234,31.71458333333303],[42.9312499999989,31.71874999999968]]}},{"type":"Feature","properties":{"HYRIV_ID":20761942,"NEXT_DOWN":20761869,"MAIN_RIV":20791150,"LENGTH_KM":0.91,"CATCH_SKM":14.06,"DIS_AV_CMS":0.002,"ORD_STRA":1,"ORD_FLOW":9},"geometry":{"type":"LineString","coordinates":[[42.93749999999898,31.7124999999997],[42.9312499999989,31.71874999999968]]}},{"type":"Feature","properties":{"HYRIV_ID":20761943,"NEXT_DOWN":20761090,"MAIN_RIV":20791150,"LENGTH_KM":7.7199998,"CATCH_SKM":19.540001,"DIS_AV_CMS":0.046,"ORD_STRA":3,"ORD_FLOW":8},"geometry":{"type":"LineString","coordinates":[[43.60624999999891,31.71458333333303],[43.62291666666556,31.731249999999697],[43.62291666666556,31.739583333333023],[43.62708333333231,31.74374999999967],[43.62708333333231,31.747916666666335],[43.635416666665606,31.75624999999969],[43.635416666665606,31.76041666666635],[43.63958333333227,31.764583333333015],[43.64374999999893,31.764583333333015],[43.647916666665594,31.768749999999706]]}},{"type":"Feature","properties":{"HYRIV_ID":20762009,"NEXT_DOWN":20762158,"MAIN_RIV":20791150,"LENGTH_KM":17.49,"CATCH_SKM":81.800003,"DIS_AV_CMS":0.017,"ORD_STRA":1,"ORD_FLOW":8},"geometry":{"type":"LineString","coordinates":[[42.02083333333226,31.71041666666637],[42.02708333333226,31.71041666666637],[42.03124999999892,31.71458333333303],[42.0395833333323,31.71458333333303],[42.043749999998965,31.71041666666637],[42.04791666666563,31.71041666666637],[42.05208333333229,31.71458333333303],[42.056249999998954,31.71458333333303],[42.06041666666562,31.71874999999968],[42.068749999998914,31.71874999999968],[42.07291666666566,31.722916666666343],[42.077083333332325,31.722916666666343],[42.08541666666565,31.731249999999697],[42.089583333332314,31.72708333333305],[42.09791666666561,31.72708333333305],[42.102083333332274,31.731249999999697],[42.1104166666656,31.731249999999697],[42.11458333333226,31.72708333333305],[42.11458333333226,31.722916666666343],[42.12291666666556,31.71458333333303],[42.13124999999897,31.71458333333303],[42.135416666665634,31.71874999999968],[42.14374999999896,31.71874999999968],[42.15624999999892,31.731249999999697],[42.16458333333233,31.731249999999697]]}},{"type":"Feature","properties":{"HYRIV_ID":20762010,"NEXT_DOWN":20761422,"MAIN_RIV":20791150,"LENGTH_KM":6.9899998,"CATCH_SKM":42.360001,"DIS_AV_CMS":0.026,"ORD_STRA":1,"ORD_FLOW":8},"geometry":{"type":"LineString","coordinates":[[42.52291666666562,31.708333333333037],[42.52291666666562,31.71874999999968],[42.51874999999896,31.722916666666343],[42.51874999999896,31.73541666666636],[42.52291666666562,31.739583333333023],[42.527083333332286,31.73541666666636],[42.53124999999895,31.73541666666636],[42.543749999998994,31.747916666666335],[42.54791666666566,31.747916666666335]]}},{"type":"Feature","properties":{"HYRIV_ID":20762011,"NEXT_DOWN":20762012,"MAIN_RIV":20791150,"LENGTH_KM":0.91,"CATCH_SKM":10.78,"DIS_AV_CMS":0.004,"ORD_STRA":1,"ORD_FLOW":9},"geometry":{"type":"LineString","coordinates":[[43.59583333333228,31.71666666666635],[43.602083333332274,31.71041666666637]]}},{"type":"Feature","properties":{"HYRIV_ID":20762012,"NEXT_DOWN":20761943,"MAIN_RIV":20791150,"LENGTH_KM":0.61,"CATCH_SKM":0.36,"DIS_AV_CMS":0.038,"ORD_STRA":3,"ORD_FLOW":8},"geometry":{"type":"LineString","coordinates":[[43.602083333332274,31.71041666666637],[43.60624999999891,31.71458333333303]]}},{"type":"Feature","properties":{"HYRIV_ID":20762013,"NEXT_DOWN":20761943,"MAIN_RIV":20791150,"LENGTH_KM":0.69,"CATCH_SKM":10.23,"DIS_AV_CMS":0.002,"ORD_STRA":1,"ORD_FLOW":9},"geometry":{"type":"LineString","coordinates":[[43.60624999999891,31.708333333333037],[43.60624999999891,31.71458333333303]]}},{"type":"Feature","properties":{"HYRIV_ID":20762014,"NEXT_DOWN":20761221,"MAIN_RIV":20791150,"LENGTH_KM":12.19,"CATCH_SKM":47.110001,"DIS_AV_CMS":0.01,"ORD_STRA":1,"ORD_FLOW":8},"geometry":{"type":"LineString","coordinates":[[43.787499999998914,31.708333333333037],[43.79791666666563,31.71874999999968],[43.80208333333229,31.71874999999968],[43.806249999998954,31.722916666666343],[43.81041666666562,31.722916666666343],[43.818749999998914,31.731249999999697],[43.835416666665566,31.731249999999697],[43.84374999999886,31.739583333333023],[43.85624999999894,31.739583333333023],[43.8604166666656,31.74374999999967],[43.86458333333226,31.74374999999967],[43.8687499999989,31.747916666666335],[43.87708333333222,31.747916666666335],[43.885416666665634,31.75624999999969],[43.885416666665634,31.76041666666635]]}},{"type":"Feature","properties":{"HYRIV_ID":20762081,"NEXT_DOWN":20760967,"MAIN_RIV":20791150,"LENGTH_KM":8.46,"CATCH_SKM":32.130001,"DIS_AV_CMS":0.0,"ORD_STRA":4,"ORD_FLOW":10},"geometry":{"type":"LineString","coordinates":[[42.43958333333228,31.706249999999706],[42.43958333333228,31.73541666666636],[42.431249999998954,31.74374999999967],[42.431249999998954,31.75624999999969],[42.43541666666562,31.76041666666635],[42.43541666666562,31.768749999999706],[42.43958333333228,31.77291666666637],[42.43958333333228,31.77708333333303]]}},{"type":"Feature","properties":{"HYRIV_ID":20762082,"NEXT_DOWN":20762081,"MAIN_RIV":20791150,"LENGTH_KM":2.3800001,"CATCH_SKM":12.96,"DIS_AV_CMS":0.009,"ORD_STRA":1,"ORD_FLOW":9},"geometry":{"type":"LineString","coordinates":[[42.4624999999989,31.71041666666637],[42.447916666665606,31.71041666666637],[42.44374999999894,31.706249999999706],[42.43958333333228,31.706249999999706]]}},{"type":"Feature","properties":{"HYRIV_ID":20762083,"NEXT_DOWN":20762160,"MAIN_RIV":20791150,"LENGTH_KM":2.45,"CATCH_SKM":14.24,"DIS_AV_CMS":0.003,"ORD_STRA":1,"ORD_FLOW":9},"geometry":{"type":"LineString","coordinates":[[42.712499999998926,31.724999999999717],[42.71874999999889,31.71874999999968],[42.71874999999889,31.71458333333303],[42.722916666665554,31.71041666666637],[42.722916666665554,31.706249999999706]]}},{"type":"Feature","properties":{"HYRIV_ID":20762084,"NEXT_DOWN":20762085,"MAIN_RIV":20791150,"LENGTH_KM":3.49,"CATCH_SKM":24.83,"DIS_AV_CMS":0.003,"ORD_STRA":1,"ORD_FLOW":9},"geometry":{"type":"LineString","coordinates":[[42.80416666666565,31.71666666666635],[42.810416666665645,31.71041666666637],[42.81874999999897,31.71041666666637],[42.822916666665606,31.706249999999706],[42.835416666665594,31.706249999999706]]}},{"type":"Feature","properties":{"HYRIV_ID":20762085,"NEXT_DOWN":20761940,"MAIN_RIV":20791150,"LENGTH_KM":7.02,"CATCH_SKM":29.030001,"DIS_AV_CMS":0.0,"ORD_STRA":3,"ORD_FLOW":10},"geometry":{"type":"LineString","coordinates":[[42.835416666665594,31.706249999999706],[42.835416666665594,31.71041666666637],[42.84374999999892,31.71874999999968],[42.85208333333222,31.71874999999968],[42.856249999998965,31.722916666666343],[42.89791666666565,31.722916666666343]]}},{"type":"Feature","properties":{"HYRIV_ID":20762086,"NEXT_DOWN":20761741,"MAIN_RIV":20791150,"LENGTH_KM":15.47,"CATCH_SKM":65.18,"DIS_AV_CMS":0.041,"ORD_STRA":1,"ORD_FLOW":8},"geometry":{"type":"LineString","coordinates":[[43.199999999998965,31.704166666666374],[43.20624999999896,31.71041666666637],[43.21458333333226,31.71041666666637],[43.22291666666558,31.71874999999968],[43.22291666666558,31.722916666666343],[43.227083333332246,31.72708333333305],[43.227083333332246,31.73541666666636],[43.23124999999891,31.739583333333023],[43.23124999999891,31.74374999999967],[43.23541666666557,31.747916666666335],[43.239583333332234,31.74374999999967],[43.243749999998954,31.74374999999967],[43.24791666666562,31.747916666666335],[43.25624999999894,31.747916666666335],[43.260416666665606,31.74374999999967],[43.26458333333227,31.74374999999967],[43.272916666665566,31.73541666666636],[43.28124999999898,31.73541666666636],[43.28541666666564,31.731249999999697],[43.2895833333323,31.73541666666636],[43.30208333333226,31.73541666666636],[43.306249999998926,31.731249999999697],[43.306249999998926,31.72708333333305]]}},{"type":"Feature","properties":{"HYRIV_ID":20762158,"NEXT_DOWN":20762206,"MAIN_RIV":20791150,"LENGTH_KM":5.4,"CATCH_SKM":18.620001,"DIS_AV_CMS":0.018,"ORD_STRA":2,"ORD_FLOW":8},"geometry":{"type":"LineString","coordinates":[[42.16458333333233,31.731249999999697],[42.17708333333229,31.731249999999697],[42.181249999998954,31.72708333333305],[42.18541666666562,31.72708333333305],[42.18958333333228,31.722916666666343],[42.18958333333228,31.71874999999968],[42.19791666666558,31.71041666666637],[42.19791666666558,31.702083333333057]]}},{"type":"Feature","properties":{"HYRIV_ID":20762159,"NEXT_DOWN":20762081,"MAIN_RIV":20791150,"LENGTH_KM":0.46,"CATCH_SKM":1.28,"DIS_AV_CMS":0.0,"ORD_STRA":4,"ORD_FLOW":10},"geometry":{"type":"LineString","coordinates":[[42.43958333333228,31.702083333333057],[42.43958333333228,31.706249999999706]]}},{"type":"Feature","properties":{"HYRIV_ID":20762160,"NEXT_DOWN":20762332,"MAIN_RIV":20791150,"LENGTH_KM":1.0,"CATCH_SKM":0.36,"DIS_AV_CMS":0.018,"ORD_STRA":2,"ORD_FLOW":8},"geometry":{"type":"LineString","coordinates":[[42.722916666665554,31.706249999999706],[42.7270833333323,31.702083333333057],[42.731249999998965,31.702083333333057]]}},{"type":"Feature","properties":{"HYRIV_ID":20762161,"NEXT_DOWN":20762332,"MAIN_RIV":20791150,"LENGTH_KM":10.83,"CATCH_SKM":43.450001,"DIS_AV_CMS":0.076,"ORD_STRA":3,"ORD_FLOW":8},"geometry":{"type":"LineString","coordinates":[[42.756249999998914,31.77708333333303],[42.76874999999899,31.764583333333015],[42.76874999999899,31.747916666666335],[42.76458333333224,31.74374999999967],[42.76458333333224,31.731249999999697],[42.76041666666558,31.731249999999697],[42.756249999998914,31.72708333333305],[42.74791666666559,31.72708333333305],[42.731249999998965,31.71041666666637],[42.731249999998965,31.702083333333057]]}},{"type":"Feature","properties":{"HYRIV_ID":20762162,"NEXT_DOWN":20761485,"MAIN_RIV":20791150,"LENGTH_KM":6.06,"CATCH_SKM":24.84,"DIS_AV_CMS":0.009,"ORD_STRA":1,"ORD_FLOW":9},"geometry":{"type":"LineString","coordinates":[[43.4874999999989,31.699999999999726],[43.50208333333228,31.71458333333303],[43.50208333333228,31.71874999999968],[43.50624999999894,31.722916666666343],[43.50624999999894,31.739583333333023],[43.50208333333228,31.74374999999967],[43.497916666665645,31.74374999999967]]}},{"type":"Feature","properties":{"HYRIV_ID":20762206,"NEXT_DOWN":20761737,"MAIN_RIV":20791150,"LENGTH_KM":6.8,"CATCH_SKM":27.030001,"DIS_AV_CMS":0.029,"ORD_STRA":2,"ORD_FLOW":8},"geometry":{"type":"LineString","coordinates":[[42.19791666666558,31.702083333333057],[42.20208333333224,31.69791666666635],[42.21874999999898,31.69791666666635],[42.22291666666561,31.702083333333057],[42.23124999999894,31.702083333333057],[42.23958333333226,31.71041666666637],[42.23958333333226,31.722916666666343],[42.24374999999901,31.72708333333305]]}},{"type":"Feature","properties":{"HYRIV_ID":20762260,"NEXT_DOWN":20761941,"MAIN_RIV":20791150,"LENGTH_KM":2.9,"CATCH_SKM":5.48,"DIS_AV_CMS":0.0,"ORD_STRA":4,"ORD_FLOW":10},"geometry":{"type":"LineString","coordinates":[[42.90624999999895,31.69374999999969],[42.9229166666656,31.71041666666637],[42.9229166666656,31.71458333333303]]}},{"type":"Feature","properties":{"HYRIV_ID":20762261,"NEXT_DOWN":20761740,"MAIN_RIV":20791150,"LENGTH_KM":4.14,"CATCH_SKM":29.950001,"DIS_AV_CMS":0.01,"ORD_STRA":2,"ORD_FLOW":8},"geometry":{"type":"LineString","coordinates":[[43.06458333333231,31.69374999999969],[43.06458333333231,31.69791666666635],[43.06874999999897,31.702083333333057],[43.06874999999897,31.71458333333303],[43.072916666665634,31.71874999999968],[43.072916666665634,31.722916666666343],[43.0770833333323,31.72708333333305]]}},{"type":"Feature","properties":{"HYRIV_ID":20762262,"NEXT_DOWN":20761740,"MAIN_RIV":20791150,"LENGTH_KM":6.9200001,"CATCH_SKM":28.129999,"DIS_AV_CMS":0.005,"ORD_STRA":1,"ORD_FLOW":9},"geometry":{"type":"LineString","coordinates":[[43.114583333332206,31.691666666666357],[43.114583333332206,31.706249999999706],[43.11041666666554,31.71041666666637],[43.11041666666554,31.71458333333303],[43.102083333332246,31.722916666666343],[43.09791666666558,31.722916666666343],[43.08958333333226,31.731249999999697],[43.085416666665594,31.72708333333305],[43.0770833333323,31.72708333333305]]}},{"type":"Feature","properties":{"HYRIV_ID":20762263,"NEXT_DOWN":20761820,"MAIN_RIV":20791150,"LENGTH_KM":3.82,"CATCH_SKM":16.620001,"DIS_AV_CMS":0.069,"ORD_STRA":3,"ORD_FLOW":8},"geometry":{"type":"LineString","coordinates":[[43.739583333332234,31.69374999999969],[43.75208333333231,31.706249999999706],[43.75208333333231,31.71874999999968],[43.75624999999897,31.722916666666343]]}},{"type":"Feature","properties":{"HYRIV_ID":20762332,"NEXT_DOWN":20762524,"MAIN_RIV":20791150,"LENGTH_KM":1.39,"CATCH_SKM":6.58,"DIS_AV_CMS":0.088,"ORD_STRA":3,"ORD_FLOW":8},"geometry":{"type":"LineString","coordinates":[[42.731249999998965,31.702083333333057],[42.731249999998965,31.689583333333026]]}},{"type":"Feature","properties":{"HYRIV_ID":20762390,"NEXT_DOWN":20762391,"MAIN_RIV":20791150,"LENGTH_KM":1.66,"CATCH_SKM":11.14,"DIS_AV_CMS":0.001,"ORD_STRA":1,"ORD_FLOW":9},"geometry":{"type":"LineString","coordinates":[[42.81249999999898,31.69374999999969],[42.81874999999897,31.69374999999969],[42.822916666665606,31.689583333333026],[42.822916666665606,31.685416666666377]]}},{"type":"Feature","properties":{"HYRIV_ID":20762391,"NEXT_DOWN":20762085,"MAIN_RIV":20791150,"LENGTH_KM":2.75,"CATCH_SKM":12.42,"DIS_AV_CMS":0.039,"ORD_STRA":3,"ORD_FLOW":8},"geometry":{"type":"LineString","coordinates":[[42.822916666665606,31.685416666666377],[42.835416666665594,31.69791666666635],[42.835416666665594,31.706249999999706]]}},{"type":"Feature","properties":{"HYRIV_ID":20762392,"NEXT_DOWN":20762260,"MAIN_RIV":20791150,"LENGTH_KM":0.93,"CATCH_SKM":1.64,"DIS_AV_CMS":0.008,"ORD_STRA":2,"ORD_FLOW":9},"geometry":{"type":"LineString","coordinates":[[42.90624999999895,31.685416666666377],[42.90624999999895,31.69374999999969]]}},{"type":"Feature","properties":{"HYRIV_ID":20762393,"NEXT_DOWN":20762261,"MAIN_RIV":20791150,"LENGTH_KM":1.38,"CATCH_SKM":14.62,"DIS_AV_CMS":0.002,"ORD_STRA":1,"ORD_FLOW":9},"geometry":{"type":"LineString","coordinates":[[43.05833333333223,31.683333333333046],[43.06458333333231,31.689583333333026],[43.06458333333231,31.69374999999969]]}},{"type":"Feature","properties":{"HYRIV_ID":20762394,"NEXT_DOWN":20762263,"MAIN_RIV":20791150,"LENGTH_KM":1.16,"CATCH_SKM":11.51,"DIS_AV_CMS":0.002,"ORD_STRA":1,"ORD_FLOW":9},"geometry":{"type":"LineString","coordinates":[[43.739583333332234,31.683333333333046],[43.739583333332234,31.69374999999969]]}},{"type":"Feature","properties":{"HYRIV_ID":20762453,"NEXT_DOWN":20762012,"MAIN_RIV":20791150,"LENGTH_KM":3.82,"CATCH_SKM":6.9400001,"DIS_AV_CMS":0.034,"ORD_STRA":3,"ORD_FLOW":8},"geometry":{"type":"LineString","coordinates":[[43.58541666666554,31.68124999999967],[43.59374999999895,31.689583333333026],[43.59374999999895,31.69374999999969],[43.602083333332274,31.702083333333057],[43.602083333332274,31.71041666666637]]}},{"type":"Feature","properties":{"HYRIV_ID":20762454,"NEXT_DOWN":20762455,"MAIN_RIV":20791150,"LENGTH_KM":1.38,"CATCH_SKM":11.51,"DIS_AV_CMS":0.01,"ORD_STRA":1,"ORD_FLOW":8},"geometry":{"type":"LineString","coordinates":[[43.99999999999889,31.691666666666357],[44.006249999998886,31.685416666666377],[44.006249999998886,31.68124999999967]]}},{"type":"Feature","properties":{"HYRIV_ID":20762521,"NEXT_DOWN":20762206,"MAIN_RIV":20791150,"LENGTH_KM":21.860001,"CATCH_SKM":65.209999,"DIS_AV_CMS":0.018,"ORD_STRA":1,"ORD_FLOW":8},"geometry":{"type":"LineString","coordinates":[[42.0083333333323,31.67708333333301],[42.0395833333323,31.67708333333301],[42.043749999998965,31.68124999999967],[42.04791666666563,31.67708333333301],[42.056249999998954,31.67708333333301],[42.06041666666562,31.68124999999967],[42.06041666666562,31.685416666666377],[42.06458333333228,31.689583333333026],[42.07291666666566,31.689583333333026],[42.077083333332325,31.69374999999969],[42.09374999999895,31.69374999999969],[42.09791666666561,31.689583333333026],[42.13124999999897,31.689583333333026],[42.135416666665634,31.685416666666377],[42.1395833333323,31.685416666666377],[42.14374999999896,31.68124999999967],[42.147916666665594,31.68124999999967],[42.15208333333226,31.67708333333301],[42.15624999999892,31.68124999999967],[42.15624999999892,31.685416666666377],[42.168749999998994,31.69791666666635],[42.17291666666563,31.69791666666635],[42.17708333333229,31.702083333333057],[42.19791666666558,31.702083333333057]]}},{"type":"Feature","properties":{"HYRIV_ID":20762522,"NEXT_DOWN":20762159,"MAIN_RIV":20791150,"LENGTH_KM":2.9200001,"CATCH_SKM":4.9299998,"DIS_AV_CMS":0.0,"ORD_STRA":4,"ORD_FLOW":10},"geometry":{"type":"LineString","coordinates":[[42.44374999999894,31.67708333333301],[42.44374999999894,31.69791666666635],[42.43958333333228,31.702083333333057]]}},{"type":"Feature","properties":{"HYRIV_ID":20762523,"NEXT_DOWN":20762160,"MAIN_RIV":20791150,"LENGTH_KM":7.96,"CATCH_SKM":45.3,"DIS_AV_CMS":0.015,"ORD_STRA":1,"ORD_FLOW":8},"geometry":{"type":"LineString","coordinates":[[42.65833333333228,31.67499999999969],[42.664583333332274,31.68124999999967],[42.67708333333232,31.68124999999967],[42.68124999999898,31.685416666666377],[42.68124999999898,31.689583333333026],[42.685416666665645,31.69374999999969],[42.697916666665606,31.69374999999969],[42.70208333333227,31.69791666666635],[42.70624999999893,31.69791666666635],[42.71458333333226,31.706249999999706],[42.722916666665554,31.706249999999706]]}},{"type":"Feature","properties":{"HYRIV_ID":20762524,"NEXT_DOWN":20762801,"MAIN_RIV":20791150,"LENGTH_KM":1.68,"CATCH_SKM":2.74,"DIS_AV_CMS":0.096,"ORD_STRA":3,"ORD_FLOW":8},"geometry":{"type":"LineString","coordinates":[[42.731249999998965,31.689583333333026],[42.731249999998965,31.685416666666377],[42.73958333333229,31.67708333333301]]}},{"type":"Feature","properties":{"HYRIV_ID":20762525,"NEXT_DOWN":20762260,"MAIN_RIV":20791150,"LENGTH_KM":4.6500001,"CATCH_SKM":12.24,"DIS_AV_CMS":0.0,"ORD_STRA":4,"ORD_FLOW":10},"geometry":{"type":"LineString","coordinates":[[42.87708333333225,31.67708333333301],[42.87291666666562,31.68124999999967],[42.87291666666562,31.685416666666377],[42.87708333333225,31.689583333333026],[42.88541666666558,31.689583333333026],[42.88958333333224,31.69374999999969],[42.90624999999895,31.69374999999969]]}},{"type":"Feature","properties":{"HYRIV_ID":20762526,"NEXT_DOWN":20762392,"MAIN_RIV":20791150,"LENGTH_KM":11.3,"CATCH_SKM":47.490002,"DIS_AV_CMS":0.005,"ORD_STRA":1,"ORD_FLOW":9},"geometry":{"type":"LineString","coordinates":[[43.00416666666561,31.691666666666357],[42.99791666666562,31.685416666666377],[42.98958333333229,31.685416666666377],[42.98541666666554,31.68124999999967],[42.977083333332246,31.68124999999967],[42.97291666666558,31.685416666666377],[42.960416666665594,31.685416666666377],[42.9520833333323,31.67708333333301],[42.94374999999897,31.67708333333301],[42.935416666665645,31.685416666666377],[42.9312499999989,31.685416666666377],[42.927083333332234,31.68124999999967],[42.91041666666561,31.68124999999967],[42.90624999999895,31.685416666666377]]}},{"type":"Feature","properties":{"HYRIV_ID":20762527,"NEXT_DOWN":20762453,"MAIN_RIV":20791150,"LENGTH_KM":5.5300002,"CATCH_SKM":22.110001,"DIS_AV_CMS":0.006,"ORD_STRA":1,"ORD_FLOW":9},"geometry":{"type":"LineString","coordinates":[[43.541666666665634,31.67916666666634],[43.54791666666563,31.685416666666377],[43.55208333333229,31.68124999999967],[43.56041666666559,31.68124999999967],[43.56458333333225,31.685416666666377],[43.568749999998914,31.685416666666377],[43.57708333333224,31.67708333333301],[43.581249999998875,31.68124999999967],[43.58541666666554,31.68124999999967]]}},{"type":"Feature","properties":{"HYRIV_ID":20762604,"NEXT_DOWN":20762800,"MAIN_RIV":20791150,"LENGTH_KM":1.38,"CATCH_SKM":19.540001,"DIS_AV_CMS":0.003,"ORD_STRA":1,"ORD_FLOW":9},"geometry":{"type":"LineString","coordinates":[[42.29999999999899,31.683333333333046],[42.293749999998994,31.67708333333301],[42.293749999998994,31.67291666666636]]}},{"type":"Feature","properties":{"HYRIV_ID":20762605,"NEXT_DOWN":20762606,"MAIN_RIV":20791150,"LENGTH_KM":12.2,"CATCH_SKM":50.599998,"DIS_AV_CMS":0.033,"ORD_STRA":1,"ORD_FLOW":8},"geometry":{"type":"LineString","coordinates":[[43.166666666665606,31.67291666666636],[43.1729166666656,31.67291666666636],[43.18541666666559,31.685416666666377],[43.21041666666562,31.685416666666377],[43.21458333333226,31.68124999999967],[43.21874999999892,31.68124999999967],[43.22291666666558,31.67708333333301],[43.239583333332234,31.67708333333301],[43.243749999998954,31.68124999999967],[43.24791666666562,31.67708333333301],[43.25624999999894,31.67708333333301],[43.260416666665606,31.68124999999967],[43.2687499999989,31.67291666666636],[43.272916666665566,31.67291666666636]]}},{"type":"Feature","properties":{"HYRIV_ID":20762606,"NEXT_DOWN":20761741,"MAIN_RIV":20791150,"LENGTH_KM":7.1799998,"CATCH_SKM":46.580002,"DIS_AV_CMS":0.13600001,"ORD_STRA":3,"ORD_FLOW":7},"geometry":{"type":"LineString","coordinates":[[43.272916666665566,31.67291666666636],[43.28541666666564,31.685416666666377],[43.28541666666564,31.69374999999969],[43.29374999999894,31.702083333333057],[43.29374999999894,31.706249999999706],[43.30208333333226,31.71458333333303],[43.30208333333226,31.71874999999968],[43.306249999998926,31.722916666666343],[43.306249999998926,31.72708333333305]]}},{"type":"Feature","properties":{"HYRIV_ID":20762607,"NEXT_DOWN":20759511,"MAIN_RIV":20791150,"LENGTH_KM":26.07,"CATCH_SKM":86.709999,"DIS_AV_CMS":0.05,"ORD_STRA":1,"ORD_FLOW":8},"geometry":{"type":"LineString","coordinates":[[43.4208333333323,31.67083333333303],[43.4145833333323,31.67708333333301],[43.4145833333323,31.68124999999967],[43.431249999998926,31.69791666666635],[43.431249999998926,31.702083333333057],[43.435416666665674,31.706249999999706],[43.435416666665674,31.71458333333303],[43.443749999998914,31.722916666666343],[43.443749999998914,31.72708333333305],[43.45208333333221,31.73541666666636],[43.45208333333221,31.739583333333023],[43.45624999999896,31.74374999999967],[43.45624999999896,31.75208333333304],[43.45208333333221,31.75624999999969],[43.45624999999896,31.76041666666635],[43.45208333333221,31.764583333333015],[43.45208333333221,31.78124999999968],[43.46874999999895,31.79791666666636],[43.47291666666561,31.79791666666636],[43.489583333332234,31.814583333332997],[43.489583333332234,31.818749999999703],[43.4937499999989,31.82291666666635],[43.4937499999989,31.827083333333015],[43.510416666665606,31.843749999999694],[43.510416666665606,31.847916666666343],[43.51458333333227,31.852083333333006],[43.51458333333227,31.864583333333023]]}},{"type":"Feature","properties":{"HYRIV_ID":20762608,"NEXT_DOWN":20761819,"MAIN_RIV":20791150,"LENGTH_KM":11.86,"CATCH_SKM":35.25,"DIS_AV_CMS":0.007,"ORD_STRA":1,"ORD_FLOW":9},"geometry":{"type":"LineString","coordinates":[[43.65833333333222,31.67291666666636],[43.668749999998965,31.67291666666636],[43.67291666666563,31.67708333333301],[43.67708333333229,31.67708333333301],[43.681249999998954,31.68124999999967],[43.68541666666559,31.68124999999967],[43.68958333333225,31.685416666666377],[43.68958333333225,31.689583333333026],[43.70208333333224,31.702083333333057],[43.71041666666554,31.702083333333057],[43.714583333332286,31.69791666666635],[43.72291666666561,31.706249999999706],[43.72291666666561,31.71458333333303],[43.739583333332234,31.731249999999697]]}},{"type":"Feature","properties":{"HYRIV_ID":20762609,"NEXT_DOWN":20762610,"MAIN_RIV":20791150,"LENGTH_KM":6.6100001,"CATCH_SKM":26.49,"DIS_AV_CMS":0.017,"ORD_STRA":1,"ORD_FLOW":8},"geometry":{"type":"LineString","coordinates":[[43.933333333332286,31.68124999999967],[43.93958333333228,31.68124999999967],[43.943749999998914,31.685416666666377],[43.9562499999989,31.685416666666377],[43.96458333333223,31.67708333333301],[43.96874999999889,31.67708333333301],[43.972916666665526,31.68124999999967],[43.98124999999894,31.68124999999967],[43.98958333333226,31.67291666666636]]}},{"type":"Feature","properties":{"HYRIV_ID":20762610,"NEXT_DOWN":20762455,"MAIN_RIV":20791150,"LENGTH_KM":2.0,"CATCH_SKM":5.48,"DIS_AV_CMS":1.408,"ORD_STRA":4,"ORD_FLOW":6},"geometry":{"type":"LineString","coordinates":[[43.98958333333226,31.67291666666636],[43.993749999998926,31.67708333333301],[43.99791666666556,31.67708333333301],[44.00208333333222,31.68124999999967],[44.006249999998886,31.68124999999967]]}},{"type":"Feature","properties":{"HYRIV_ID":20762674,"NEXT_DOWN":20762522,"MAIN_RIV":20791150,"LENGTH_KM":7.1100001,"CATCH_SKM":31.059999,"DIS_AV_CMS":0.017,"ORD_STRA":1,"ORD_FLOW":8},"geometry":{"type":"LineString","coordinates":[[42.50416666666558,31.666666666666366],[42.49791666666559,31.67291666666636],[42.493749999998926,31.67291666666636],[42.48958333333226,31.67708333333301],[42.481249999998965,31.67708333333301],[42.47291666666564,31.685416666666377],[42.45624999999893,31.685416666666377],[42.447916666665606,31.67708333333301],[42.44374999999894,31.67708333333301]]}},{"type":"Feature","properties":{"HYRIV_ID":20762747,"NEXT_DOWN":20762261,"MAIN_RIV":20791150,"LENGTH_KM":4.2199998,"CATCH_SKM":11.51,"DIS_AV_CMS":0.006,"ORD_STRA":2,"ORD_FLOW":9},"geometry":{"type":"LineString","coordinates":[[43.0770833333323,31.664583333333034],[43.08124999999896,31.668749999999697],[43.0770833333323,31.67291666666636],[43.0770833333323,31.68124999999967],[43.072916666665634,31.685416666666377],[43.072916666665634,31.689583333333026],[43.06874999999897,31.69374999999969],[43.06458333333231,31.69374999999969]]}},{"type":"Feature","properties":{"HYRIV_ID":20762800,"NEXT_DOWN":20762159,"MAIN_RIV":20791150,"LENGTH_KM":18.120001,"CATCH_SKM":65.769997,"DIS_AV_CMS":0.026,"ORD_STRA":2,"ORD_FLOW":8},"geometry":{"type":"LineString","coordinates":[[42.293749999998994,31.67291666666636],[42.29791666666566,31.668749999999697],[42.31041666666562,31.668749999999697],[42.31458333333228,31.664583333333034],[42.31874999999894,31.664583333333034],[42.322916666665606,31.660416666666386],[42.32708333333224,31.660416666666386],[42.339583333332314,31.67291666666636],[42.34374999999898,31.67291666666636],[42.34791666666564,31.67708333333301],[42.3604166666656,31.67708333333301],[42.36458333333226,31.67291666666636],[42.37291666666559,31.67291666666636],[42.37708333333225,31.67708333333301],[42.381249999998886,31.67708333333301],[42.39791666666562,31.69374999999969],[42.39791666666562,31.69791666666635],[42.402083333332286,31.702083333333057],[42.414583333332246,31.702083333333057],[42.418749999998994,31.706249999999706],[42.42708333333232,31.69791666666635],[42.43541666666562,31.69791666666635],[42.43958333333228,31.702083333333057]]}},{"type":"Feature","properties":{"HYRIV_ID":20762801,"NEXT_DOWN":20762802,"MAIN_RIV":20791150,"LENGTH_KM":5.5900002,"CATCH_SKM":21.93,"DIS_AV_CMS":0.075,"ORD_STRA":3,"ORD_FLOW":8},"geometry":{"type":"LineString","coordinates":[[42.73958333333229,31.67708333333301],[42.74791666666559,31.67708333333301],[42.75208333333225,31.67291666666636],[42.756249999998914,31.67291666666636],[42.76041666666558,31.668749999999697],[42.76874999999899,31.668749999999697],[42.77291666666562,31.664583333333034],[42.777083333332286,31.664583333333034],[42.78124999999895,31.660416666666386],[42.789583333332274,31.660416666666386]]}},{"type":"Feature","properties":{"HYRIV_ID":20762802,"NEXT_DOWN":20762391,"MAIN_RIV":20791150,"LENGTH_KM":4.6900001,"CATCH_SKM":14.25,"DIS_AV_CMS":0.052,"ORD_STRA":3,"ORD_FLOW":8},"geometry":{"type":"LineString","coordinates":[[42.789583333332274,31.660416666666386],[42.802083333332234,31.660416666666386],[42.81874999999897,31.67708333333301],[42.81874999999897,31.68124999999967],[42.822916666665606,31.685416666666377]]}},{"type":"Feature","properties":{"HYRIV_ID":20762803,"NEXT_DOWN":20762606,"MAIN_RIV":20791150,"LENGTH_KM":1.68,"CATCH_SKM":5.48,"DIS_AV_CMS":0.103,"ORD_STRA":3,"ORD_FLOW":7},"geometry":{"type":"LineString","coordinates":[[43.26458333333227,31.660416666666386],[43.26458333333227,31.664583333333034],[43.272916666665566,31.67291666666636]]}},{"type":"Feature","properties":{"HYRIV_ID":20762804,"NEXT_DOWN":20762453,"MAIN_RIV":20791150,"LENGTH_KM":2.61,"CATCH_SKM":3.6500001,"DIS_AV_CMS":0.027,"ORD_STRA":3,"ORD_FLOW":8},"geometry":{"type":"LineString","coordinates":[[43.57708333333224,31.660416666666386],[43.57708333333224,31.664583333333034],[43.58541666666554,31.67291666666636],[43.58541666666554,31.68124999999967]]}},{"type":"Feature","properties":{"HYRIV_ID":20762805,"NEXT_DOWN":20762263,"MAIN_RIV":20791150,"LENGTH_KM":6.3,"CATCH_SKM":15.71,"DIS_AV_CMS":0.063,"ORD_STRA":3,"ORD_FLOW":8},"geometry":{"type":"LineString","coordinates":[[43.693749999998914,31.660416666666386],[43.69791666666558,31.660416666666386],[43.70208333333224,31.664583333333034],[43.70208333333224,31.668749999999697],[43.72291666666561,31.689583333333026],[43.727083333332274,31.689583333333026],[43.73124999999894,31.69374999999969],[43.739583333332234,31.69374999999969]]}},{"type":"Feature","properties":{"HYRIV_ID":20762877,"NEXT_DOWN":20762800,"MAIN_RIV":20791150,"LENGTH_KM":9.62,"CATCH_SKM":47.5,"DIS_AV_CMS":0.016,"ORD_STRA":1,"ORD_FLOW":8},"geometry":{"type":"LineString","coordinates":[[42.20833333333232,31.664583333333034],[42.227083333332274,31.664583333333034],[42.23124999999894,31.660416666666386],[42.24791666666559,31.660416666666386],[42.25208333333222,31.65624999999968],[42.26874999999896,31.65624999999968],[42.27708333333226,31.664583333333034],[42.27708333333226,31.668749999999697],[42.28124999999892,31.67291666666636],[42.293749999998994,31.67291666666636]]}},{"type":"Feature","properties":{"HYRIV_ID":20762878,"NEXT_DOWN":20762522,"MAIN_RIV":20791150,"LENGTH_KM":2.61,"CATCH_SKM":12.42,"DIS_AV_CMS":0.0,"ORD_STRA":4,"ORD_FLOW":10},"geometry":{"type":"LineString","coordinates":[[42.44374999999894,31.65624999999968],[42.447916666665606,31.660416666666386],[42.44374999999894,31.664583333333034],[42.44374999999894,31.67708333333301]]}},{"type":"Feature","properties":{"HYRIV_ID":20762879,"NEXT_DOWN":20762525,"MAIN_RIV":20791150,"LENGTH_KM":4.3800001,"CATCH_SKM":25.030001,"DIS_AV_CMS":0.003,"ORD_STRA":1,"ORD_FLOW":9},"geometry":{"type":"LineString","coordinates":[[42.84583333333225,31.65416666666635],[42.856249999998965,31.664583333333034],[42.856249999998965,31.668749999999697],[42.86041666666563,31.67291666666636],[42.87291666666562,31.67291666666636],[42.87708333333225,31.67708333333301]]}},{"type":"Feature","properties":{"HYRIV_ID":20762952,"NEXT_DOWN":20760901,"MAIN_RIV":20791150,"LENGTH_KM":17.450001,"CATCH_SKM":55.709999,"DIS_AV_CMS":0.035,"ORD_STRA":1,"ORD_FLOW":8},"geometry":{"type":"LineString","coordinates":[[43.339583333332286,31.6499999999997],[43.339583333332286,31.65624999999968],[43.34374999999895,31.660416666666386],[43.339583333332286,31.664583333333034],[43.34374999999895,31.668749999999697],[43.34791666666558,31.668749999999697],[43.35624999999891,31.67708333333301],[43.35624999999891,31.68124999999967],[43.352083333332246,31.685416666666377],[43.35624999999891,31.689583333333026],[43.35624999999891,31.69374999999969],[43.352083333332246,31.69791666666635],[43.352083333332246,31.702083333333057],[43.35624999999891,31.706249999999706],[43.352083333332246,31.71041666666637],[43.352083333332246,31.71458333333303],[43.364583333332234,31.72708333333305],[43.364583333332234,31.74374999999967],[43.3687499999989,31.747916666666335],[43.3687499999989,31.76041666666635],[43.364583333332234,31.764583333333015],[43.364583333332234,31.768749999999706],[43.36041666666557,31.77291666666637],[43.36041666666557,31.77708333333303],[43.35624999999891,31.78124999999968]]}},{"type":"Feature","properties":{"HYRIV_ID":20762953,"NEXT_DOWN":20762954,"MAIN_RIV":20791150,"LENGTH_KM":5.0,"CATCH_SKM":20.65,"DIS_AV_CMS":0.016,"ORD_STRA":1,"ORD_FLOW":8},"geometry":{"type":"LineString","coordinates":[[43.933333333332286,31.660416666666386],[43.94791666666558,31.660416666666386],[43.95208333333224,31.664583333333034],[43.9562499999989,31.660416666666386],[43.960416666665566,31.660416666666386],[43.96874999999889,31.652083333333017],[43.977083333332274,31.652083333333017]]}},{"type":"Feature","properties":{"HYRIV_ID":20762954,"NEXT_DOWN":20762610,"MAIN_RIV":20791150,"LENGTH_KM":3.29,"CATCH_SKM":8.7700005,"DIS_AV_CMS":1.383,"ORD_STRA":4,"ORD_FLOW":6},"geometry":{"type":"LineString","coordinates":[[43.977083333332274,31.652083333333017],[43.977083333332274,31.65624999999968],[43.972916666665526,31.660416666666386],[43.98124999999894,31.668749999999697],[43.9854166666656,31.668749999999697],[43.98958333333226,31.67291666666636]]}},{"type":"Feature","properties":{"HYRIV_ID":20763030,"NEXT_DOWN":20762878,"MAIN_RIV":20791150,"LENGTH_KM":1.47,"CATCH_SKM":1.28,"DIS_AV_CMS":0.027,"ORD_STRA":2,"ORD_FLOW":8},"geometry":{"type":"LineString","coordinates":[[42.45208333333227,31.64791666666637],[42.45208333333227,31.652083333333017],[42.447916666665606,31.65624999999968],[42.44374999999894,31.65624999999968]]}},{"type":"Feature","properties":{"HYRIV_ID":20763031,"NEXT_DOWN":20763030,"MAIN_RIV":20791150,"LENGTH_KM":1.31,"CATCH_SKM":10.96,"DIS_AV_CMS":0.007,"ORD_STRA":1,"ORD_FLOW":9},"geometry":{"type":"LineString","coordinates":[[42.4624999999989,31.65416666666635],[42.45624999999893,31.64791666666637],[42.45208333333227,31.64791666666637]]}},{"type":"Feature","properties":{"HYRIV_ID":20763032,"NEXT_DOWN":20762524,"MAIN_RIV":20791150,"LENGTH_KM":7.62,"CATCH_SKM":24.85,"DIS_AV_CMS":0.015,"ORD_STRA":2,"ORD_FLOW":8},"geometry":{"type":"LineString","coordinates":[[42.68124999999898,31.64791666666637],[42.685416666665645,31.652083333333017],[42.685416666665645,31.660416666666386],[42.69374999999894,31.668749999999697],[42.697916666665606,31.668749999999697],[42.710416666665594,31.68124999999967],[42.710416666665594,31.685416666666377],[42.71458333333226,31.689583333333026],[42.731249999998965,31.689583333333026]]}},{"type":"Feature","properties":{"HYRIV_ID":20763033,"NEXT_DOWN":20762747,"MAIN_RIV":20791150,"LENGTH_KM":2.99,"CATCH_SKM":13.16,"DIS_AV_CMS":0.002,"ORD_STRA":1,"ORD_FLOW":9},"geometry":{"type":"LineString","coordinates":[[43.09583333333225,31.645833333333037],[43.08958333333226,31.652083333333017],[43.085416666665594,31.652083333333017],[43.0770833333323,31.660416666666386],[43.0770833333323,31.664583333333034]]}},{"type":"Feature","properties":{"HYRIV_ID":20763034,"NEXT_DOWN":20762804,"MAIN_RIV":20791150,"LENGTH_KM":5.4099998,"CATCH_SKM":18.27,"DIS_AV_CMS":0.014,"ORD_STRA":2,"ORD_FLOW":8},"geometry":{"type":"LineString","coordinates":[[43.53124999999889,31.64791666666637],[43.5395833333323,31.64791666666637],[43.543749999998965,31.652083333333017],[43.54791666666563,31.652083333333017],[43.55208333333229,31.65624999999968],[43.56041666666559,31.65624999999968],[43.56458333333225,31.660416666666386],[43.568749999998914,31.65624999999968],[43.57291666666558,31.660416666666386],[43.57708333333224,31.660416666666386]]}},{"type":"Feature","properties":{"HYRIV_ID":20763035,"NEXT_DOWN":20762805,"MAIN_RIV":20791150,"LENGTH_KM":3.4,"CATCH_SKM":9.1400003,"DIS_AV_CMS":0.057,"ORD_STRA":3,"ORD_FLOW":8},"geometry":{"type":"LineString","coordinates":[[43.6645833333323,31.64791666666637],[43.668749999998965,31.64791666666637],[43.67291666666563,31.652083333333017],[43.67708333333229,31.652083333333017],[43.68541666666559,31.660416666666386],[43.693749999998914,31.660416666666386]]}},{"type":"Feature","properties":{"HYRIV_ID":20763088,"NEXT_DOWN":20763032,"MAIN_RIV":20791150,"LENGTH_KM":1.31,"CATCH_SKM":12.06,"DIS_AV_CMS":0.003,"ORD_STRA":1,"ORD_FLOW":9},"geometry":{"type":"LineString","coordinates":[[42.67083333333224,31.641666666666374],[42.67708333333232,31.64791666666637],[42.68124999999898,31.64791666666637]]}},{"type":"Feature","properties":{"HYRIV_ID":20763089,"NEXT_DOWN":20762392,"MAIN_RIV":20791150,"LENGTH_KM":5.0100002,"CATCH_SKM":22.66,"DIS_AV_CMS":0.003,"ORD_STRA":1,"ORD_FLOW":9},"geometry":{"type":"LineString","coordinates":[[42.902083333332286,31.641666666666374],[42.902083333332286,31.67708333333301],[42.90624999999895,31.68124999999967],[42.90624999999895,31.685416666666377]]}},{"type":"Feature","properties":{"HYRIV_ID":20763090,"NEXT_DOWN":20760344,"MAIN_RIV":20791150,"LENGTH_KM":24.75,"CATCH_SKM":82.550003,"DIS_AV_CMS":0.037,"ORD_STRA":1,"ORD_FLOW":8},"geometry":{"type":"LineString","coordinates":[[43.35416666666558,31.641666666666374],[43.36041666666557,31.64791666666637],[43.36041666666557,31.652083333333017],[43.37291666666562,31.664583333333034],[43.37708333333228,31.664583333333034],[43.38124999999894,31.668749999999697],[43.385416666665606,31.668749999999697],[43.38958333333227,31.67291666666636],[43.38958333333227,31.67708333333301],[43.39374999999893,31.68124999999967],[43.39374999999893,31.685416666666377],[43.397916666665566,31.689583333333026],[43.397916666665566,31.69374999999969],[43.40208333333223,31.69791666666635],[43.40208333333223,31.702083333333057],[43.397916666665566,31.706249999999706],[43.39374999999893,31.706249999999706],[43.38958333333227,31.71041666666637],[43.38958333333227,31.72708333333305],[43.39374999999893,31.731249999999697],[43.39374999999893,31.739583333333023],[43.385416666665606,31.747916666666335],[43.385416666665606,31.75624999999969],[43.37708333333228,31.764583333333015],[43.37708333333228,31.77291666666637],[43.38124999999894,31.77708333333303],[43.38124999999894,31.78124999999968],[43.385416666665606,31.785416666666343],[43.385416666665606,31.78958333333305],[43.397916666665566,31.802083333333023],[43.40208333333223,31.802083333333023],[43.41041666666564,31.810416666666377],[43.4145833333323,31.810416666666377],[43.418749999998965,31.814583333332997]]}},{"type":"Feature","properties":{"HYRIV_ID":20763091,"NEXT_DOWN":20762805,"MAIN_RIV":20791150,"LENGTH_KM":2.45,"CATCH_SKM":12.25,"DIS_AV_CMS":0.003,"ORD_STRA":1,"ORD_FLOW":9},"geometry":{"type":"LineString","coordinates":[[43.69166666666558,31.641666666666374],[43.69791666666558,31.64791666666637],[43.69791666666558,31.652083333333017],[43.693749999998914,31.65624999999968],[43.693749999998914,31.660416666666386]]}},{"type":"Feature","properties":{"HYRIV_ID":20763151,"NEXT_DOWN":20762802,"MAIN_RIV":20791150,"LENGTH_KM":2.9100001,"CATCH_SKM":20.469999,"DIS_AV_CMS":0.003,"ORD_STRA":1,"ORD_FLOW":9},"geometry":{"type":"LineString","coordinates":[[42.78749999999894,31.63749999999971],[42.79374999999894,31.643749999999706],[42.79374999999894,31.652083333333017],[42.789583333332274,31.65624999999968],[42.789583333332274,31.660416666666386]]}},{"type":"Feature","properties":{"HYRIV_ID":20763209,"NEXT_DOWN":20761424,"MAIN_RIV":20791150,"LENGTH_KM":26.18,"CATCH_SKM":90.610001,"DIS_AV_CMS":0.02,"ORD_STRA":1,"ORD_FLOW":8},"geometry":{"type":"LineString","coordinates":[[43.729166666665606,31.63333333333302],[43.739583333332234,31.643749999999706],[43.760416666665634,31.643749999999706],[43.76458333333227,31.64791666666637],[43.76874999999893,31.64791666666637],[43.772916666665594,31.652083333333017],[43.77708333333226,31.652083333333017],[43.78124999999892,31.65624999999968],[43.78541666666558,31.652083333333017],[43.79791666666563,31.652083333333017],[43.806249999998954,31.660416666666386],[43.806249999998954,31.664583333333034],[43.80208333333229,31.668749999999697],[43.806249999998954,31.67291666666636],[43.806249999998954,31.68124999999967],[43.81041666666562,31.685416666666377],[43.81458333333225,31.685416666666377],[43.82708333333224,31.69791666666635],[43.8312499999989,31.69791666666635],[43.835416666665566,31.702083333333057],[43.83958333333223,31.702083333333057],[43.84374999999886,31.706249999999706],[43.85624999999894,31.706249999999706],[43.87291666666556,31.722916666666343],[43.88124999999897,31.722916666666343],[43.90208333333226,31.74374999999967],[43.91041666666558,31.74374999999967],[43.914583333332246,31.747916666666335],[43.92291666666554,31.747916666666335]]}},{"type":"Feature","properties":{"HYRIV_ID":20763275,"NEXT_DOWN":20762747,"MAIN_RIV":20791150,"LENGTH_KM":4.6599998,"CATCH_SKM":23.030001,"DIS_AV_CMS":0.003,"ORD_STRA":1,"ORD_FLOW":9},"geometry":{"type":"LineString","coordinates":[[43.06458333333231,31.629166666666357],[43.06458333333231,31.635416666666394],[43.06041666666556,31.639583333333],[43.06041666666556,31.643749999999706],[43.072916666665634,31.65624999999968],[43.072916666665634,31.660416666666386],[43.0770833333323,31.664583333333034]]}},{"type":"Feature","properties":{"HYRIV_ID":20763276,"NEXT_DOWN":20762803,"MAIN_RIV":20791150,"LENGTH_KM":4.7600002,"CATCH_SKM":10.6,"DIS_AV_CMS":0.06,"ORD_STRA":2,"ORD_FLOW":8},"geometry":{"type":"LineString","coordinates":[[43.23541666666557,31.63124999999969],[43.239583333332234,31.635416666666394],[43.239583333332234,31.639583333333],[43.243749999998954,31.643749999999706],[43.243749999998954,31.64791666666637],[43.25624999999894,31.660416666666386],[43.26458333333227,31.660416666666386]]}},{"type":"Feature","properties":{"HYRIV_ID":20763277,"NEXT_DOWN":20762803,"MAIN_RIV":20791150,"LENGTH_KM":3.3900001,"CATCH_SKM":6.4,"DIS_AV_CMS":0.045,"ORD_STRA":2,"ORD_FLOW":8},"geometry":{"type":"LineString","coordinates":[[43.260416666665606,31.63124999999969],[43.260416666665606,31.635416666666394],[43.26458333333227,31.639583333333],[43.26458333333227,31.660416666666386]]}},{"type":"Feature","properties":{"HYRIV_ID":20763278,"NEXT_DOWN":20763034,"MAIN_RIV":20791150,"LENGTH_KM":8.29,"CATCH_SKM":40.759998,"DIS_AV_CMS":0.007,"ORD_STRA":1,"ORD_FLOW":9},"geometry":{"type":"LineString","coordinates":[[43.45833333333229,31.629166666666357],[43.464583333332286,31.635416666666394],[43.46874999999895,31.635416666666394],[43.47291666666561,31.639583333333],[43.477083333332246,31.639583333333],[43.48124999999891,31.643749999999706],[43.48541666666557,31.643749999999706],[43.489583333332234,31.64791666666637],[43.50208333333228,31.64791666666637],[43.50624999999894,31.652083333333017],[43.510416666665606,31.652083333333017],[43.51458333333227,31.64791666666637],[43.53124999999889,31.64791666666637]]}},{"type":"Feature","properties":{"HYRIV_ID":20763374,"NEXT_DOWN":20762801,"MAIN_RIV":20791150,"LENGTH_KM":7.6700001,"CATCH_SKM":32.169998,"DIS_AV_CMS":0.009,"ORD_STRA":1,"ORD_FLOW":9},"geometry":{"type":"LineString","coordinates":[[42.72499999999897,31.624999999999694],[42.73541666666563,31.635416666666394],[42.731249999998965,31.639583333333],[42.731249999998965,31.643749999999706],[42.7270833333323,31.64791666666637],[42.7270833333323,31.660416666666386],[42.731249999998965,31.664583333333034],[42.7270833333323,31.668749999999697],[42.7270833333323,31.67291666666636],[42.731249999998965,31.67708333333301],[42.73958333333229,31.67708333333301]]}},{"type":"Feature","properties":{"HYRIV_ID":20763375,"NEXT_DOWN":20763276,"MAIN_RIV":20791150,"LENGTH_KM":6.3600001,"CATCH_SKM":38.009998,"DIS_AV_CMS":0.026,"ORD_STRA":1,"ORD_FLOW":8},"geometry":{"type":"LineString","coordinates":[[43.17499999999893,31.627083333333026],[43.181249999998926,31.627083333333026],[43.18541666666559,31.63124999999969],[43.18958333333222,31.63124999999969],[43.193749999998886,31.635416666666394],[43.23124999999891,31.635416666666394],[43.23541666666557,31.63124999999969]]}},{"type":"Feature","properties":{"HYRIV_ID":20763376,"NEXT_DOWN":20762954,"MAIN_RIV":20791150,"LENGTH_KM":3.21,"CATCH_SKM":8.2200003,"DIS_AV_CMS":1.358,"ORD_STRA":4,"ORD_FLOW":6},"geometry":{"type":"LineString","coordinates":[[43.98124999999894,31.627083333333026],[43.9854166666656,31.63124999999969],[43.9854166666656,31.643749999999706],[43.977083333332274,31.652083333333017]]}},{"type":"Feature","properties":{"HYRIV_ID":20763510,"NEXT_DOWN":20762878,"MAIN_RIV":20791150,"LENGTH_KM":5.54,"CATCH_SKM":26.139999,"DIS_AV_CMS":0.0,"ORD_STRA":4,"ORD_FLOW":10},"geometry":{"type":"LineString","coordinates":[[42.418749999998994,31.61874999999967],[42.42708333333232,31.61874999999967],[42.431249999998954,31.622916666666377],[42.431249999998954,31.627083333333026],[42.43541666666562,31.63124999999969],[42.43541666666562,31.635416666666394],[42.43958333333228,31.639583333333],[42.43958333333228,31.643749999999706],[42.44374999999894,31.64791666666637],[42.44374999999894,31.65624999999968]]}},{"type":"Feature","properties":{"HYRIV_ID":20763511,"NEXT_DOWN":20763584,"MAIN_RIV":20763584,"LENGTH_KM":0.91,"CATCH_SKM":12.25,"DIS_AV_CMS":0.002,"ORD_STRA":1,"ORD_FLOW":9},"geometry":{"type":"LineString","coordinates":[[42.962499999998926,31.624999999999694],[42.96874999999892,31.61874999999967]]}},{"type":"Feature","properties":{"HYRIV_ID":20763512,"NEXT_DOWN":20763277,"MAIN_RIV":20791150,"LENGTH_KM":1.68,"CATCH_SKM":2.3800001,"DIS_AV_CMS":0.027,"ORD_STRA":2,"ORD_FLOW":8},"geometry":{"type":"LineString","coordinates":[[43.2687499999989,31.61874999999967],[43.260416666665606,31.627083333333026],[43.260416666665606,31.63124999999969]]}},{"type":"Feature","properties":{"HYRIV_ID":20763513,"NEXT_DOWN":20763512,"MAIN_RIV":20791150,"LENGTH_KM":2.52,"CATCH_SKM":14.63,"DIS_AV_CMS":0.013,"ORD_STRA":1,"ORD_FLOW":8},"geometry":{"type":"LineString","coordinates":[[43.28749999999897,31.620833333333046],[43.28124999999898,31.627083333333026],[43.272916666665566,31.61874999999967],[43.2687499999989,31.61874999999967]]}},{"type":"Feature","properties":{"HYRIV_ID":20763514,"NEXT_DOWN":20763034,"MAIN_RIV":20791150,"LENGTH_KM":4.3,"CATCH_SKM":18.1,"DIS_AV_CMS":0.004,"ORD_STRA":1,"ORD_FLOW":9},"geometry":{"type":"LineString","coordinates":[[43.51458333333227,31.61666666666634],[43.51458333333227,31.622916666666377],[43.51874999999893,31.627083333333026],[43.522916666665594,31.627083333333026],[43.52708333333223,31.63124999999969],[43.52708333333223,31.639583333333],[43.53124999999889,31.643749999999706],[43.53124999999889,31.64791666666637]]}},{"type":"Feature","properties":{"HYRIV_ID":20763515,"NEXT_DOWN":20763376,"MAIN_RIV":20791150,"LENGTH_KM":1.61,"CATCH_SKM":1.65,"DIS_AV_CMS":0.11,"ORD_STRA":2,"ORD_FLOW":7},"geometry":{"type":"LineString","coordinates":[[43.993749999998926,31.61874999999967],[43.9854166666656,31.627083333333026],[43.98124999999894,31.627083333333026]]}},{"type":"Feature","properties":{"HYRIV_ID":20763578,"NEXT_DOWN":20763640,"MAIN_RIV":20791150,"LENGTH_KM":17.42,"CATCH_SKM":67.790001,"DIS_AV_CMS":0.029,"ORD_STRA":1,"ORD_FLOW":8},"geometry":{"type":"LineString","coordinates":[[42.074999999998994,31.660416666666386],[42.09374999999895,31.660416666666386],[42.102083333332274,31.652083333333017],[42.1104166666656,31.652083333333017],[42.11458333333226,31.65624999999968],[42.13124999999897,31.65624999999968],[42.135416666665634,31.652083333333017],[42.1395833333323,31.652083333333017],[42.1395833333323,31.643749999999706],[42.14374999999896,31.639583333333],[42.147916666665594,31.639583333333],[42.15624999999892,31.63124999999969],[42.168749999998994,31.63124999999969],[42.17291666666563,31.635416666666394],[42.181249999998954,31.635416666666394],[42.18541666666562,31.63124999999969],[42.18541666666562,31.627083333333026],[42.19374999999894,31.627083333333026],[42.19791666666558,31.622916666666377],[42.21041666666565,31.622916666666377],[42.214583333332314,31.61874999999967],[42.214583333332314,31.61458333333301]]}},{"type":"Feature","properties":{"HYRIV_ID":20763579,"NEXT_DOWN":20763580,"MAIN_RIV":20791150,"LENGTH_KM":6.4499998,"CATCH_SKM":25.950001,"DIS_AV_CMS":0.0,"ORD_STRA":4,"ORD_FLOW":10},"geometry":{"type":"LineString","coordinates":[[42.322916666665606,31.61458333333301],[42.33541666666565,31.61458333333301],[42.3520833333323,31.63124999999969],[42.368749999998926,31.61458333333301],[42.37291666666559,31.61458333333301]]}},{"type":"Feature","properties":{"HYRIV_ID":20763580,"NEXT_DOWN":20763510,"MAIN_RIV":20791150,"LENGTH_KM":4.98,"CATCH_SKM":23.389999,"DIS_AV_CMS":0.0,"ORD_STRA":4,"ORD_FLOW":10},"geometry":{"type":"LineString","coordinates":[[42.37291666666559,31.61458333333301],[42.385416666665634,31.61458333333301],[42.3895833333323,31.61874999999967],[42.39374999999896,31.61874999999967],[42.39791666666562,31.61458333333301],[42.402083333332286,31.61874999999967],[42.418749999998994,31.61874999999967]]}},{"type":"Feature","properties":{"HYRIV_ID":20763581,"NEXT_DOWN":20763641,"MAIN_RIV":20791150,"LENGTH_KM":0.69,"CATCH_SKM":10.6,"DIS_AV_CMS":0.004,"ORD_STRA":1,"ORD_FLOW":9},"geometry":{"type":"LineString","coordinates":[[42.54791666666566,31.620833333333046],[42.54791666666566,31.61458333333301]]}},{"type":"Feature","properties":{"HYRIV_ID":20763582,"NEXT_DOWN":20763032,"MAIN_RIV":20791150,"LENGTH_KM":4.5900002,"CATCH_SKM":22.48,"DIS_AV_CMS":0.005,"ORD_STRA":1,"ORD_FLOW":9},"geometry":{"type":"LineString","coordinates":[[42.69166666666561,31.612499999999677],[42.685416666665645,31.61874999999967],[42.685416666665645,31.63124999999969],[42.68958333333231,31.635416666666394],[42.685416666665645,31.639583333333],[42.685416666665645,31.643749999999706],[42.68124999999898,31.64791666666637]]}},{"type":"Feature","properties":{"HYRIV_ID":20763583,"NEXT_DOWN":20762525,"MAIN_RIV":20791150,"LENGTH_KM":8.5500002,"CATCH_SKM":25.59,"DIS_AV_CMS":0.006,"ORD_STRA":4,"ORD_FLOW":9},"geometry":{"type":"LineString","coordinates":[[42.86458333333229,31.61458333333301],[42.881249999998914,31.63124999999969],[42.881249999998914,31.639583333333],[42.87291666666562,31.64791666666637],[42.87291666666562,31.652083333333017],[42.88541666666558,31.664583333333034],[42.88541666666558,31.668749999999697],[42.87708333333225,31.67708333333301]]}},{"type":"Feature","properties":{"HYRIV_ID":20763584,"NEXT_DOWN":0,"MAIN_RIV":20763584,"LENGTH_KM":1.0,"CATCH_SKM":1.65,"DIS_AV_CMS":0.004,"ORD_STRA":2,"ORD_FLOW":9},"geometry":{"type":"LineString","coordinates":[[42.96874999999892,31.61874999999967],[42.97291666666558,31.61874999999967],[42.977083333332246,31.61458333333301]]}},{"type":"Feature","properties":{"HYRIV_ID":20763585,"NEXT_DOWN":0,"MAIN_RIV":20763585,"LENGTH_KM":1.84,"CATCH_SKM":14.25,"DIS_AV_CMS":0.002,"ORD_STRA":1,"ORD_FLOW":9},"geometry":{"type":"LineString","coordinates":[[42.97083333333225,31.629166666666357],[42.977083333332246,31.622916666666377],[42.977083333332246,31.61458333333301]]}},{"type":"Feature","properties":{"HYRIV_ID":20763586,"NEXT_DOWN":0,"MAIN_RIV":20763586,"LENGTH_KM":6.0,"CATCH_SKM":34.540001,"DIS_AV_CMS":0.004,"ORD_STRA":1,"ORD_FLOW":9},"geometry":{"type":"LineString","coordinates":[[43.02083333333232,31.63749999999971],[43.01041666666558,31.627083333333026],[43.01041666666558,31.622916666666377],[43.006249999998914,31.61874999999967],[42.98958333333229,31.61874999999967],[42.98541666666554,31.622916666666377],[42.977083333332246,31.61458333333301]]}},{"type":"Feature","properties":{"HYRIV_ID":20763587,"NEXT_DOWN":20761485,"MAIN_RIV":20791150,"LENGTH_KM":21.74,"CATCH_SKM":61.939999,"DIS_AV_CMS":0.011,"ORD_STRA":2,"ORD_FLOW":8},"geometry":{"type":"LineString","coordinates":[[43.39374999999893,31.61458333333301],[43.397916666665566,31.61458333333301],[43.40208333333223,31.61874999999967],[43.40624999999898,31.61874999999967],[43.41041666666564,31.622916666666377],[43.4145833333323,31.622916666666377],[43.431249999998926,31.639583333333],[43.443749999998914,31.639583333333],[43.44791666666558,31.643749999999706],[43.45208333333221,31.643749999999706],[43.45624999999896,31.64791666666637],[43.45624999999896,31.652083333333017],[43.46041666666562,31.65624999999968],[43.46041666666562,31.660416666666386],[43.45624999999896,31.664583333333034],[43.45624999999896,31.67708333333301],[43.464583333332286,31.685416666666377],[43.46041666666562,31.689583333333026],[43.46041666666562,31.69374999999969],[43.464583333332286,31.69791666666635],[43.464583333332286,31.71041666666637],[43.46874999999895,31.71458333333303],[43.46874999999895,31.731249999999697],[43.47291666666561,31.73541666666636],[43.477083333332246,31.73541666666636],[43.48124999999891,31.731249999999697],[43.48541666666557,31.731249999999697],[43.497916666665645,31.74374999999967]]}},{"type":"Feature","properties":{"HYRIV_ID":20763640,"NEXT_DOWN":20763579,"MAIN_RIV":20791150,"LENGTH_KM":15.29,"CATCH_SKM":37.470001,"DIS_AV_CMS":0.0,"ORD_STRA":4,"ORD_FLOW":10},"geometry":{"type":"LineString","coordinates":[[42.214583333332314,31.61458333333301],[42.21874999999898,31.61874999999967],[42.22291666666561,31.61874999999967],[42.24374999999901,31.639583333333],[42.24791666666559,31.639583333333],[42.25624999999897,31.63124999999969],[42.25624999999897,31.627083333333026],[42.260416666665634,31.622916666666377],[42.2645833333323,31.627083333333026],[42.26874999999896,31.627083333333026],[42.27708333333226,31.635416666666394],[42.28124999999892,31.63124999999969],[42.28124999999892,31.627083333333026],[42.28541666666558,31.622916666666377],[42.28958333333233,31.622916666666377],[42.293749999998994,31.61874999999967],[42.293749999998994,31.61458333333301],[42.29791666666566,31.61041666666636],[42.306249999998954,31.61041666666636],[42.31041666666562,31.61458333333301],[42.322916666665606,31.61458333333301]]}},{"type":"Feature","properties":{"HYRIV_ID":20763641,"NEXT_DOWN":20764000,"MAIN_RIV":20791150,"LENGTH_KM":6.2,"CATCH_SKM":27.6,"DIS_AV_CMS":0.015,"ORD_STRA":2,"ORD_FLOW":8},"geometry":{"type":"LineString","coordinates":[[42.54791666666566,31.61458333333301],[42.55208333333232,31.61874999999967],[42.55624999999898,31.61874999999967],[42.560416666665645,31.622916666666377],[42.572916666665606,31.622916666666377],[42.585416666665594,31.61041666666636],[42.6020833333323,31.61041666666636]]}},{"type":"Feature","properties":{"HYRIV_ID":20763642,"NEXT_DOWN":20764000,"MAIN_RIV":20791150,"LENGTH_KM":9.37,"CATCH_SKM":54.990002,"DIS_AV_CMS":0.012,"ORD_STRA":1,"ORD_FLOW":8},"geometry":{"type":"LineString","coordinates":[[42.572916666665606,31.683333333333046],[42.572916666665606,31.668749999999697],[42.58124999999893,31.660416666666386],[42.58124999999893,31.643749999999706],[42.58958333333223,31.635416666666394],[42.59374999999889,31.635416666666394],[42.59791666666564,31.63124999999969],[42.59791666666564,31.61874999999967],[42.6020833333323,31.61458333333301],[42.6020833333323,31.61041666666636]]}},{"type":"Feature","properties":{"HYRIV_ID":20763643,"NEXT_DOWN":20763587,"MAIN_RIV":20791150,"LENGTH_KM":0.69,"CATCH_SKM":15.18,"DIS_AV_CMS":0.002,"ORD_STRA":1,"ORD_FLOW":9},"geometry":{"type":"LineString","coordinates":[[43.39374999999893,31.60833333333303],[43.39374999999893,31.61458333333301]]}},{"type":"Feature","properties":{"HYRIV_ID":20763644,"NEXT_DOWN":20763035,"MAIN_RIV":20791150,"LENGTH_KM":4.9,"CATCH_SKM":17.549999,"DIS_AV_CMS":0.029,"ORD_STRA":2,"ORD_FLOW":8},"geometry":{"type":"LineString","coordinates":[[43.65208333333226,31.61041666666636],[43.647916666665594,31.61458333333301],[43.65208333333226,31.61874999999967],[43.65208333333226,31.627083333333026],[43.660416666665554,31.635416666666394],[43.660416666665554,31.639583333333],[43.6645833333323,31.643749999999706],[43.6645833333323,31.64791666666637]]}},{"type":"Feature","properties":{"HYRIV_ID":20763645,"NEXT_DOWN":20763376,"MAIN_RIV":20791150,"LENGTH_KM":5.0500002,"CATCH_SKM":19.379999,"DIS_AV_CMS":1.237,"ORD_STRA":4,"ORD_FLOW":6},"geometry":{"type":"LineString","coordinates":[[43.93958333333228,31.61041666666636],[43.943749999998914,31.61041666666636],[43.94791666666558,31.61458333333301],[43.960416666665566,31.61458333333301],[43.96458333333223,31.61874999999967],[43.977083333332274,31.61874999999967],[43.98124999999894,31.622916666666377],[43.98124999999894,31.627083333333026]]}},{"type":"Feature","properties":{"HYRIV_ID":20763719,"NEXT_DOWN":20763796,"MAIN_RIV":20791150,"LENGTH_KM":2.1,"CATCH_SKM":14.63,"DIS_AV_CMS":0.008,"ORD_STRA":1,"ORD_FLOW":9},"geometry":{"type":"LineString","coordinates":[[42.0458333333323,31.612499999999677],[42.05208333333229,31.606249999999697],[42.06458333333228,31.606249999999697]]}},{"type":"Feature","properties":{"HYRIV_ID":20763720,"NEXT_DOWN":20763796,"MAIN_RIV":20791150,"LENGTH_KM":14.29,"CATCH_SKM":48.240002,"DIS_AV_CMS":0.0,"ORD_STRA":4,"ORD_FLOW":10},"geometry":{"type":"LineString","coordinates":[[41.94791666666566,31.664583333333034],[41.964583333332286,31.664583333333034],[41.96874999999895,31.660416666666386],[41.97291666666561,31.660416666666386],[41.977083333332274,31.65624999999968],[41.9854166666656,31.65624999999968],[41.997916666665645,31.643749999999706],[42.00208333333231,31.643749999999706],[42.010416666665634,31.635416666666394],[42.03124999999892,31.635416666666394],[42.03541666666567,31.63124999999969],[42.043749999998965,31.63124999999969],[42.06041666666562,31.61458333333301],[42.06041666666562,31.61041666666636],[42.06458333333228,31.606249999999697]]}},{"type":"Feature","properties":{"HYRIV_ID":20763721,"NEXT_DOWN":20763510,"MAIN_RIV":20791150,"LENGTH_KM":1.84,"CATCH_SKM":14.81,"DIS_AV_CMS":0.009,"ORD_STRA":1,"ORD_FLOW":9},"geometry":{"type":"LineString","coordinates":[[42.42499999999899,31.604166666666366],[42.418749999998994,31.61041666666636],[42.418749999998994,31.61874999999967]]}},{"type":"Feature","properties":{"HYRIV_ID":20763722,"NEXT_DOWN":20763512,"MAIN_RIV":20791150,"LENGTH_KM":1.99,"CATCH_SKM":13.71,"DIS_AV_CMS":0.013,"ORD_STRA":1,"ORD_FLOW":8},"geometry":{"type":"LineString","coordinates":[[43.258333333332274,31.604166666666366],[43.2687499999989,31.61458333333301],[43.2687499999989,31.61874999999967]]}},{"type":"Feature","properties":{"HYRIV_ID":20763723,"NEXT_DOWN":20763644,"MAIN_RIV":20791150,"LENGTH_KM":0.69,"CATCH_SKM":11.15,"DIS_AV_CMS":0.002,"ORD_STRA":1,"ORD_FLOW":9},"geometry":{"type":"LineString","coordinates":[[43.65208333333226,31.604166666666366],[43.65208333333226,31.61041666666636]]}},{"type":"Feature","properties":{"HYRIV_ID":20763724,"NEXT_DOWN":20759234,"MAIN_RIV":20791150,"LENGTH_KM":58.040001,"CATCH_SKM":168.17,"DIS_AV_CMS":0.049,"ORD_STRA":1,"ORD_FLOW":8},"geometry":{"type":"LineString","coordinates":[[43.7583333333323,31.604166666666366],[43.76874999999893,31.61458333333301],[43.772916666665594,31.61458333333301],[43.79791666666563,31.639583333333],[43.80208333333229,31.635416666666394],[43.806249999998954,31.639583333333],[43.81458333333225,31.639583333333],[43.818749999998914,31.635416666666394],[43.82291666666558,31.635416666666394],[43.82708333333224,31.63124999999969],[43.8312499999989,31.63124999999969],[43.835416666665566,31.635416666666394],[43.835416666665566,31.639583333333],[43.84374999999886,31.64791666666637],[43.84374999999886,31.652083333333017],[43.84791666666561,31.652083333333017],[43.8604166666656,31.664583333333034],[43.8604166666656,31.668749999999697],[43.86458333333226,31.67291666666636],[43.8687499999989,31.67291666666636],[43.87291666666556,31.67708333333301],[43.88124999999897,31.67708333333301],[43.8895833333323,31.685416666666377],[43.89374999999893,31.685416666666377],[43.897916666665594,31.68124999999967],[43.90208333333226,31.685416666666377],[43.90624999999892,31.685416666666377],[43.91874999999888,31.69791666666635],[43.91874999999888,31.702083333333057],[43.92291666666554,31.702083333333057],[43.92708333333229,31.706249999999706],[43.931249999998954,31.706249999999706],[43.93958333333228,31.71458333333303],[43.93958333333228,31.71874999999968],[43.95208333333224,31.731249999999697],[43.95208333333224,31.73541666666636],[43.9562499999989,31.739583333333023],[43.960416666665566,31.739583333333023],[43.96874999999889,31.747916666666335],[43.96874999999889,31.75208333333304],[43.98124999999894,31.75208333333304],[43.9854166666656,31.75624999999969],[43.98958333333226,31.75624999999969],[44.00208333333222,31.768749999999706],[44.006249999998886,31.768749999999706],[44.010416666665634,31.77291666666637],[44.010416666665634,31.78124999999968],[44.006249999998886,31.785416666666343],[44.006249999998886,31.78958333333305],[44.010416666665634,31.78958333333305],[44.010416666665634,31.79791666666636],[44.0145833333323,31.802083333333023],[44.0145833333323,31.806249999999686],[44.022916666665594,31.814583333332997],[44.02708333333226,31.810416666666377],[44.03541666666558,31.810416666666377],[44.039583333332246,31.814583333332997],[44.04374999999891,31.814583333332997],[44.04791666666557,31.818749999999703],[44.052083333332206,31.818749999999703],[44.056249999998954,31.82291666666635],[44.06874999999894,31.82291666666635],[44.07708333333224,31.83124999999972],[44.0812499999989,31.83124999999972],[44.097916666665554,31.847916666666343],[44.102083333332274,31.847916666666343],[44.10624999999894,31.852083333333006],[44.11458333333226,31.852083333333006],[44.118749999998926,31.85624999999971],[44.12291666666559,31.85624999999971],[44.1395833333323,31.872916666666335],[44.14374999999896,31.872916666666335],[44.152083333332286,31.881249999999703],[44.15624999999892,31.881249999999703]]}},{"type":"Feature","properties":{"HYRIV_ID":20763796,"NEXT_DOWN":20764269,"MAIN_RIV":20791150,"LENGTH_KM":3.01,"CATCH_SKM":4.39,"DIS_AV_CMS":0.0,"ORD_STRA":4,"ORD_FLOW":10},"geometry":{"type":"LineString","coordinates":[[42.06458333333228,31.606249999999697],[42.068749999998914,31.602083333333034],[42.07291666666566,31.606249999999697],[42.077083333332325,31.606249999999697],[42.08124999999899,31.602083333333034],[42.089583333332314,31.602083333333034]]}},{"type":"Feature","properties":{"HYRIV_ID":20763797,"NEXT_DOWN":20764269,"MAIN_RIV":20791150,"LENGTH_KM":0.91,"CATCH_SKM":12.43,"DIS_AV_CMS":0.009,"ORD_STRA":1,"ORD_FLOW":9},"geometry":{"type":"LineString","coordinates":[[42.09583333333228,31.60833333333303],[42.089583333332314,31.602083333333034]]}},{"type":"Feature","properties":{"HYRIV_ID":20763798,"NEXT_DOWN":20763799,"MAIN_RIV":20791150,"LENGTH_KM":2.9200001,"CATCH_SKM":15.54,"DIS_AV_CMS":0.01,"ORD_STRA":1,"ORD_FLOW":8},"geometry":{"type":"LineString","coordinates":[[42.162499999999,31.604166666666366],[42.168749999998994,31.61041666666636],[42.17291666666563,31.61041666666636],[42.181249999998954,31.602083333333034],[42.18541666666562,31.602083333333034]]}},{"type":"Feature","properties":{"HYRIV_ID":20763799,"NEXT_DOWN":20763640,"MAIN_RIV":20791150,"LENGTH_KM":4.08,"CATCH_SKM":11.7,"DIS_AV_CMS":0.0,"ORD_STRA":4,"ORD_FLOW":10},"geometry":{"type":"LineString","coordinates":[[42.18541666666562,31.602083333333034],[42.18958333333228,31.606249999999697],[42.20208333333224,31.606249999999697],[42.20624999999899,31.61041666666636],[42.21041666666565,31.606249999999697],[42.214583333332314,31.61041666666636],[42.214583333332314,31.61458333333301]]}},{"type":"Feature","properties":{"HYRIV_ID":20763800,"NEXT_DOWN":20763801,"MAIN_RIV":20791150,"LENGTH_KM":0.69,"CATCH_SKM":12.61,"DIS_AV_CMS":0.001,"ORD_STRA":1,"ORD_FLOW":9},"geometry":{"type":"LineString","coordinates":[[42.822916666665606,31.60833333333303],[42.822916666665606,31.602083333333034]]}},{"type":"Feature","properties":{"HYRIV_ID":20763801,"NEXT_DOWN":20763583,"MAIN_RIV":20791150,"LENGTH_KM":4.5900002,"CATCH_SKM":19.57,"DIS_AV_CMS":0.023,"ORD_STRA":4,"ORD_FLOW":8},"geometry":{"type":"LineString","coordinates":[[42.822916666665606,31.602083333333034],[42.84374999999892,31.602083333333034],[42.85208333333222,31.61041666666636],[42.86041666666563,31.61041666666636],[42.86458333333229,31.61458333333301]]}},{"type":"Feature","properties":{"HYRIV_ID":20763863,"NEXT_DOWN":20763580,"MAIN_RIV":20791150,"LENGTH_KM":2.08,"CATCH_SKM":16.09,"DIS_AV_CMS":0.008,"ORD_STRA":1,"ORD_FLOW":9},"geometry":{"type":"LineString","coordinates":[[42.37291666666559,31.595833333333054],[42.37291666666559,31.61458333333301]]}},{"type":"Feature","properties":{"HYRIV_ID":20763864,"NEXT_DOWN":20763641,"MAIN_RIV":20791150,"LENGTH_KM":2.59,"CATCH_SKM":21.940001,"DIS_AV_CMS":0.007,"ORD_STRA":1,"ORD_FLOW":9},"geometry":{"type":"LineString","coordinates":[[42.53333333333228,31.595833333333054],[42.543749999998994,31.606249999999697],[42.543749999998994,31.61041666666636],[42.54791666666566,31.61458333333301]]}},{"type":"Feature","properties":{"HYRIV_ID":20763865,"NEXT_DOWN":20763584,"MAIN_RIV":20763584,"LENGTH_KM":3.59,"CATCH_SKM":20.3,"DIS_AV_CMS":0.002,"ORD_STRA":1,"ORD_FLOW":9},"geometry":{"type":"LineString","coordinates":[[42.949999999998965,31.59791666666637],[42.960416666665594,31.59791666666637],[42.96458333333234,31.602083333333034],[42.96458333333234,31.61041666666636],[42.96874999999892,31.61458333333301],[42.96874999999892,31.61874999999967]]}},{"type":"Feature","properties":{"HYRIV_ID":20763866,"NEXT_DOWN":20763867,"MAIN_RIV":20791150,"LENGTH_KM":0.99,"CATCH_SKM":13.16,"DIS_AV_CMS":0.012,"ORD_STRA":1,"ORD_FLOW":8},"geometry":{"type":"LineString","coordinates":[[43.212499999998954,31.59791666666637],[43.22291666666558,31.59791666666637]]}},{"type":"Feature","properties":{"HYRIV_ID":20763867,"NEXT_DOWN":20763276,"MAIN_RIV":20791150,"LENGTH_KM":4.14,"CATCH_SKM":10.05,"DIS_AV_CMS":0.033,"ORD_STRA":2,"ORD_FLOW":8},"geometry":{"type":"LineString","coordinates":[[43.22291666666558,31.59791666666637],[43.227083333332246,31.602083333333034],[43.227083333332246,31.606249999999697],[43.23124999999891,31.61041666666636],[43.23124999999891,31.61874999999967],[43.23541666666557,31.622916666666377],[43.23541666666557,31.63124999999969]]}},{"type":"Feature","properties":{"HYRIV_ID":20763868,"NEXT_DOWN":20763645,"MAIN_RIV":20791150,"LENGTH_KM":17.41,"CATCH_SKM":39.669998,"DIS_AV_CMS":0.037,"ORD_STRA":2,"ORD_FLOW":8},"geometry":{"type":"LineString","coordinates":[[43.78958333333222,31.59791666666637],[43.79374999999888,31.602083333333034],[43.806249999998954,31.602083333333034],[43.81041666666562,31.606249999999697],[43.81458333333225,31.606249999999697],[43.818749999998914,31.61041666666636],[43.8312499999989,31.61041666666636],[43.835416666665566,31.61458333333301],[43.83958333333223,31.61458333333301],[43.84374999999886,31.61874999999967],[43.8687499999989,31.61874999999967],[43.87291666666556,31.622916666666377],[43.87708333333222,31.622916666666377],[43.8895833333323,31.635416666666394],[43.90624999999892,31.635416666666394],[43.91041666666558,31.63124999999969],[43.914583333332246,31.63124999999969],[43.931249999998954,31.61458333333301],[43.93541666666562,31.61458333333301],[43.93958333333228,31.61041666666636]]}},{"type":"Feature","properties":{"HYRIV_ID":20763922,"NEXT_DOWN":0,"MAIN_RIV":20763922,"LENGTH_KM":3.06,"CATCH_SKM":23.77,"DIS_AV_CMS":0.003,"ORD_STRA":1,"ORD_FLOW":9},"geometry":{"type":"LineString","coordinates":[[42.97083333333225,31.59166666666635],[42.977083333332246,31.59791666666637],[42.977083333332246,31.602083333333034],[42.98124999999888,31.606249999999697],[42.977083333332246,31.61041666666636],[42.977083333332246,31.61458333333301]]}},{"type":"Feature","properties":{"HYRIV_ID":20763923,"NEXT_DOWN":20763277,"MAIN_RIV":20791150,"LENGTH_KM":5.23,"CATCH_SKM":19.93,"DIS_AV_CMS":0.018,"ORD_STRA":1,"ORD_FLOW":8},"geometry":{"type":"LineString","coordinates":[[43.25208333333228,31.59166666666635],[43.25208333333228,31.61458333333301],[43.24791666666562,31.61874999999967],[43.24791666666562,31.622916666666377],[43.25624999999894,31.63124999999969],[43.260416666665606,31.63124999999969]]}},{"type":"Feature","properties":{"HYRIV_ID":20763924,"NEXT_DOWN":20763868,"MAIN_RIV":20791150,"LENGTH_KM":0.69,"CATCH_SKM":10.79,"DIS_AV_CMS":0.002,"ORD_STRA":1,"ORD_FLOW":9},"geometry":{"type":"LineString","coordinates":[[43.78958333333222,31.59166666666635],[43.78958333333222,31.59791666666637]]}},{"type":"Feature","properties":{"HYRIV_ID":20763925,"NEXT_DOWN":20763515,"MAIN_RIV":20791150,"LENGTH_KM":5.7800002,"CATCH_SKM":25.24,"DIS_AV_CMS":0.028,"ORD_STRA":1,"ORD_FLOW":8},"geometry":{"type":"LineString","coordinates":[[44.012499999998965,31.59166666666635],[44.01874999999896,31.59791666666637],[44.01874999999896,31.61458333333301],[44.0145833333323,31.61874999999967],[44.010416666665634,31.61874999999967],[44.006249999998886,31.61458333333301],[44.00208333333222,31.61874999999967],[43.993749999998926,31.61874999999967]]}},{"type":"Feature","properties":{"HYRIV_ID":20763999,"NEXT_DOWN":20764540,"MAIN_RIV":20791150,"LENGTH_KM":1.38,"CATCH_SKM":13.53,"DIS_AV_CMS":0.001,"ORD_STRA":1,"ORD_FLOW":9},"geometry":{"type":"LineString","coordinates":[[42.61249999999896,31.589583333333017],[42.62708333333225,31.589583333333017]]}},{"type":"Feature","properties":{"HYRIV_ID":20764000,"NEXT_DOWN":20764540,"MAIN_RIV":20791150,"LENGTH_KM":3.6900001,"CATCH_SKM":11.88,"DIS_AV_CMS":0.026,"ORD_STRA":2,"ORD_FLOW":8},"geometry":{"type":"LineString","coordinates":[[42.6020833333323,31.61041666666636],[42.61041666666563,31.61041666666636],[42.62708333333225,31.59374999999968],[42.62708333333225,31.589583333333017]]}},{"type":"Feature","properties":{"HYRIV_ID":20764001,"NEXT_DOWN":20763801,"MAIN_RIV":20791150,"LENGTH_KM":3.01,"CATCH_SKM":6.7600002,"DIS_AV_CMS":0.034,"ORD_STRA":4,"ORD_FLOW":8},"geometry":{"type":"LineString","coordinates":[[42.79791666666557,31.589583333333017],[42.810416666665645,31.602083333333034],[42.822916666665606,31.602083333333034]]}},{"type":"Feature","properties":{"HYRIV_ID":20764002,"NEXT_DOWN":20763583,"MAIN_RIV":20791150,"LENGTH_KM":3.6700001,"CATCH_SKM":20.66,"DIS_AV_CMS":0.002,"ORD_STRA":1,"ORD_FLOW":9},"geometry":{"type":"LineString","coordinates":[[42.883333333332246,31.587499999999686],[42.868749999998954,31.602083333333034],[42.868749999998954,31.61041666666636],[42.86458333333229,31.61458333333301]]}},{"type":"Feature","properties":{"HYRIV_ID":20764003,"NEXT_DOWN":20763867,"MAIN_RIV":20791150,"LENGTH_KM":1.16,"CATCH_SKM":13.72,"DIS_AV_CMS":0.015,"ORD_STRA":1,"ORD_FLOW":8},"geometry":{"type":"LineString","coordinates":[[43.22291666666558,31.587499999999686],[43.22291666666558,31.59791666666637]]}},{"type":"Feature","properties":{"HYRIV_ID":20764004,"NEXT_DOWN":20763587,"MAIN_RIV":20791150,"LENGTH_KM":4.29,"CATCH_SKM":14.81,"DIS_AV_CMS":0.016,"ORD_STRA":2,"ORD_FLOW":8},"geometry":{"type":"LineString","coordinates":[[43.364583333332234,31.589583333333017],[43.364583333332234,31.59374999999968],[43.385416666665606,31.61458333333301],[43.39374999999893,31.61458333333301]]}},{"type":"Feature","properties":{"HYRIV_ID":20764077,"NEXT_DOWN":20764765,"MAIN_RIV":20791150,"LENGTH_KM":2.52,"CATCH_SKM":16.09,"DIS_AV_CMS":0.007,"ORD_STRA":1,"ORD_FLOW":9},"geometry":{"type":"LineString","coordinates":[[41.997916666665645,31.604166666666366],[41.997916666665645,31.59791666666637],[42.00624999999897,31.589583333333017],[42.00208333333231,31.585416666666355]]}},{"type":"Feature","properties":{"HYRIV_ID":20764078,"NEXT_DOWN":20764079,"MAIN_RIV":20791150,"LENGTH_KM":1.59,"CATCH_SKM":14.63,"DIS_AV_CMS":0.008,"ORD_STRA":1,"ORD_FLOW":9},"geometry":{"type":"LineString","coordinates":[[42.27916666666559,31.589583333333017],[42.28958333333233,31.589583333333017],[42.293749999998994,31.585416666666355]]}},{"type":"Feature","properties":{"HYRIV_ID":20764079,"NEXT_DOWN":20763579,"MAIN_RIV":20791150,"LENGTH_KM":4.5100002,"CATCH_SKM":16.82,"DIS_AV_CMS":0.04,"ORD_STRA":2,"ORD_FLOW":8},"geometry":{"type":"LineString","coordinates":[[42.293749999998994,31.585416666666355],[42.29791666666566,31.585416666666355],[42.322916666665606,31.61041666666636],[42.322916666665606,31.61458333333301]]}},{"type":"Feature","properties":{"HYRIV_ID":20764080,"NEXT_DOWN":20763030,"MAIN_RIV":20791150,"LENGTH_KM":9.4099998,"CATCH_SKM":39.310001,"DIS_AV_CMS":0.021,"ORD_STRA":1,"ORD_FLOW":8},"geometry":{"type":"LineString","coordinates":[[42.481249999998965,31.583333333333037],[42.481249999998965,31.589583333333017],[42.4854166666656,31.59374999999968],[42.4854166666656,31.606249999999697],[42.481249999998965,31.61041666666636],[42.4770833333323,31.606249999999697],[42.47291666666564,31.61041666666636],[42.47291666666564,31.627083333333026],[42.45208333333227,31.64791666666637]]}},{"type":"Feature","properties":{"HYRIV_ID":20764081,"NEXT_DOWN":20764082,"MAIN_RIV":20791150,"LENGTH_KM":2.99,"CATCH_SKM":17.0,"DIS_AV_CMS":0.003,"ORD_STRA":1,"ORD_FLOW":9},"geometry":{"type":"LineString","coordinates":[[43.57916666666554,31.59166666666635],[43.58541666666554,31.59791666666637],[43.589583333332286,31.59374999999968],[43.59374999999895,31.59374999999968],[43.59791666666561,31.589583333333017],[43.59791666666561,31.585416666666355]]}},{"type":"Feature","properties":{"HYRIV_ID":20764082,"NEXT_DOWN":20763035,"MAIN_RIV":20791150,"LENGTH_KM":10.77,"CATCH_SKM":34.360001,"DIS_AV_CMS":0.026,"ORD_STRA":2,"ORD_FLOW":8},"geometry":{"type":"LineString","coordinates":[[43.59791666666561,31.585416666666355],[43.602083333332274,31.585416666666355],[43.60624999999891,31.589583333333017],[43.60624999999891,31.59374999999968],[43.61041666666557,31.59791666666637],[43.61041666666557,31.602083333333034],[43.62708333333231,31.61874999999967],[43.62708333333231,31.622916666666377],[43.635416666665606,31.63124999999969],[43.635416666665606,31.635416666666394],[43.63958333333227,31.639583333333],[43.63958333333227,31.643749999999706],[43.64374999999893,31.64791666666637],[43.6645833333323,31.64791666666637]]}},{"type":"Feature","properties":{"HYRIV_ID":20764083,"NEXT_DOWN":20764084,"MAIN_RIV":20791150,"LENGTH_KM":2.8900001,"CATCH_SKM":16.459999,"DIS_AV_CMS":0.007,"ORD_STRA":1,"ORD_FLOW":9},"geometry":{"type":"LineString","coordinates":[[43.84166666666553,31.59166666666635],[43.84791666666561,31.585416666666355],[43.8687499999989,31.585416666666355]]}},{"type":"Feature","properties":{"HYRIV_ID":20764084,"NEXT_DOWN":20764085,"MAIN_RIV":20791150,"LENGTH_KM":5.2,"CATCH_SKM":17.549999,"DIS_AV_CMS":0.109,"ORD_STRA":3,"ORD_FLOW":7},"geometry":{"type":"LineString","coordinates":[[43.8687499999989,31.585416666666355],[43.87291666666556,31.589583333333017],[43.87708333333222,31.589583333333017],[43.88124999999897,31.59374999999968],[43.89374999999893,31.59374999999968],[43.897916666665594,31.589583333333017],[43.90208333333226,31.589583333333017],[43.90624999999892,31.585416666666355],[43.914583333332246,31.585416666666355]]}},{"type":"Feature","properties":{"HYRIV_ID":20764085,"NEXT_DOWN":20764086,"MAIN_RIV":20791150,"LENGTH_KM":1.58,"CATCH_SKM":2.1900001,"DIS_AV_CMS":0.173,"ORD_STRA":3,"ORD_FLOW":7},"geometry":{"type":"LineString","coordinates":[[43.914583333332246,31.585416666666355],[43.931249999998954,31.585416666666355]]}},{"type":"Feature","properties":{"HYRIV_ID":20764086,"NEXT_DOWN":20763645,"MAIN_RIV":20791150,"LENGTH_KM":3.07,"CATCH_SKM":13.35,"DIS_AV_CMS":1.177,"ORD_STRA":4,"ORD_FLOW":6},"geometry":{"type":"LineString","coordinates":[[43.931249999998954,31.585416666666355],[43.931249999998954,31.602083333333034],[43.93958333333228,31.61041666666636]]}},{"type":"Feature","properties":{"HYRIV_ID":20764142,"NEXT_DOWN":20764079,"MAIN_RIV":20791150,"LENGTH_KM":1.0,"CATCH_SKM":1.46,"DIS_AV_CMS":0.031,"ORD_STRA":2,"ORD_FLOW":8},"geometry":{"type":"LineString","coordinates":[[42.28541666666558,31.581249999999706],[42.28958333333233,31.581249999999706],[42.293749999998994,31.585416666666355]]}},{"type":"Feature","properties":{"HYRIV_ID":20764143,"NEXT_DOWN":20764001,"MAIN_RIV":20791150,"LENGTH_KM":4.85,"CATCH_SKM":23.219999,"DIS_AV_CMS":0.003,"ORD_STRA":1,"ORD_FLOW":9},"geometry":{"type":"LineString","coordinates":[[42.76666666666566,31.587499999999686],[42.77291666666562,31.59374999999968],[42.777083333332286,31.589583333333017],[42.777083333332286,31.585416666666355],[42.78124999999895,31.581249999999706],[42.789583333332274,31.581249999999706],[42.79374999999894,31.585416666666355],[42.79791666666557,31.585416666666355],[42.79791666666557,31.589583333333017]]}},{"type":"Feature","properties":{"HYRIV_ID":20764144,"NEXT_DOWN":0,"MAIN_RIV":20764144,"LENGTH_KM":1.3,"CATCH_SKM":15.91,"DIS_AV_CMS":0.002,"ORD_STRA":1,"ORD_FLOW":9},"geometry":{"type":"LineString","coordinates":[[43.04374999999894,31.59166666666635],[43.04374999999894,31.585416666666355],[43.0479166666656,31.581249999999706]]}},{"type":"Feature","properties":{"HYRIV_ID":20764201,"NEXT_DOWN":20764142,"MAIN_RIV":20791150,"LENGTH_KM":4.8400002,"CATCH_SKM":12.8,"DIS_AV_CMS":0.029,"ORD_STRA":2,"ORD_FLOW":8},"geometry":{"type":"LineString","coordinates":[[42.24374999999901,31.577083333333043],[42.24374999999901,31.581249999999706],[42.24791666666559,31.585416666666355],[42.25624999999897,31.585416666666355],[42.260416666665634,31.581249999999706],[42.28541666666558,31.581249999999706]]}},{"type":"Feature","properties":{"HYRIV_ID":20764202,"NEXT_DOWN":0,"MAIN_RIV":20764202,"LENGTH_KM":1.79,"CATCH_SKM":4.5700002,"DIS_AV_CMS":0.014,"ORD_STRA":2,"ORD_FLOW":8},"geometry":{"type":"LineString","coordinates":[[43.06458333333231,31.577083333333043],[43.06041666666556,31.581249999999706],[43.0479166666656,31.581249999999706]]}},{"type":"Feature","properties":{"HYRIV_ID":20764268,"NEXT_DOWN":20764765,"MAIN_RIV":20791150,"LENGTH_KM":17.700001,"CATCH_SKM":79.540001,"DIS_AV_CMS":0.018,"ORD_STRA":1,"ORD_FLOW":8},"geometry":{"type":"LineString","coordinates":[[41.883333333332274,31.57083333333302],[41.89374999999893,31.581249999999706],[41.897916666665594,31.581249999999706],[41.90208333333226,31.585416666666355],[41.90208333333226,31.589583333333017],[41.897916666665594,31.59374999999968],[41.90208333333226,31.59791666666637],[41.90624999999892,31.59791666666637],[41.91041666666564,31.602083333333034],[41.91041666666564,31.606249999999697],[41.9145833333323,31.61041666666636],[41.931249999998954,31.61041666666636],[41.93541666666562,31.606249999999697],[41.93541666666562,31.59791666666637],[41.93958333333225,31.59374999999968],[41.93958333333225,31.589583333333017],[41.94791666666566,31.581249999999706],[41.94791666666566,31.577083333333043],[41.96874999999895,31.577083333333043],[41.97291666666561,31.581249999999706],[41.98124999999894,31.581249999999706],[41.9854166666656,31.585416666666355],[42.00208333333231,31.585416666666355]]}},{"type":"Feature","properties":{"HYRIV_ID":20764269,"NEXT_DOWN":20764328,"MAIN_RIV":20791150,"LENGTH_KM":7.4200001,"CATCH_SKM":15.36,"DIS_AV_CMS":0.0,"ORD_STRA":4,"ORD_FLOW":10},"geometry":{"type":"LineString","coordinates":[[42.089583333332314,31.602083333333034],[42.09374999999895,31.59791666666637],[42.11458333333226,31.59791666666637],[42.13124999999897,31.581249999999706],[42.135416666665634,31.581249999999706],[42.1395833333323,31.577083333333043],[42.147916666665594,31.577083333333043],[42.15208333333226,31.57291666666638]]}},{"type":"Feature","properties":{"HYRIV_ID":20764270,"NEXT_DOWN":20764201,"MAIN_RIV":20791150,"LENGTH_KM":1.31,"CATCH_SKM":12.44,"DIS_AV_CMS":0.008,"ORD_STRA":1,"ORD_FLOW":9},"geometry":{"type":"LineString","coordinates":[[42.23333333333227,31.57083333333302],[42.23958333333226,31.577083333333043],[42.24374999999901,31.577083333333043]]}},{"type":"Feature","properties":{"HYRIV_ID":20764271,"NEXT_DOWN":0,"MAIN_RIV":20764271,"LENGTH_KM":2.2,"CATCH_SKM":13.35,"DIS_AV_CMS":0.002,"ORD_STRA":1,"ORD_FLOW":9},"geometry":{"type":"LineString","coordinates":[[43.029166666665645,31.57291666666638],[43.03541666666561,31.57291666666638],[43.04374999999894,31.581249999999706],[43.0479166666656,31.581249999999706]]}},{"type":"Feature","properties":{"HYRIV_ID":20764272,"NEXT_DOWN":20764202,"MAIN_RIV":20764202,"LENGTH_KM":4.7399998,"CATCH_SKM":33.099998,"DIS_AV_CMS":0.006,"ORD_STRA":1,"ORD_FLOW":9},"geometry":{"type":"LineString","coordinates":[[43.09791666666558,31.587499999999686],[43.09791666666558,31.577083333333043],[43.09374999999892,31.57291666666638],[43.08958333333226,31.577083333333043],[43.06458333333231,31.577083333333043]]}},{"type":"Feature","properties":{"HYRIV_ID":20764273,"NEXT_DOWN":20764004,"MAIN_RIV":20791150,"LENGTH_KM":5.9,"CATCH_SKM":21.4,"DIS_AV_CMS":0.01,"ORD_STRA":1,"ORD_FLOW":8},"geometry":{"type":"LineString","coordinates":[[43.31249999999892,31.57083333333302],[43.318749999998886,31.577083333333043],[43.32291666666555,31.577083333333043],[43.3270833333323,31.581249999999706],[43.33124999999896,31.581249999999706],[43.33541666666562,31.585416666666355],[43.36041666666557,31.585416666666355],[43.364583333332234,31.589583333333017]]}},{"type":"Feature","properties":{"HYRIV_ID":20764328,"NEXT_DOWN":20764329,"MAIN_RIV":20791150,"LENGTH_KM":0.61,"CATCH_SKM":1.1,"DIS_AV_CMS":0.0,"ORD_STRA":4,"ORD_FLOW":10},"geometry":{"type":"LineString","coordinates":[[42.15208333333226,31.57291666666638],[42.15624999999892,31.56874999999969]]}},{"type":"Feature","properties":{"HYRIV_ID":20764329,"NEXT_DOWN":20763799,"MAIN_RIV":20791150,"LENGTH_KM":4.9699998,"CATCH_SKM":21.030001,"DIS_AV_CMS":0.0,"ORD_STRA":4,"ORD_FLOW":10},"geometry":{"type":"LineString","coordinates":[[42.15624999999892,31.56874999999969],[42.16458333333233,31.577083333333043],[42.168749999998994,31.577083333333043],[42.17708333333229,31.585416666666355],[42.17708333333229,31.59374999999968],[42.18541666666562,31.602083333333034]]}},{"type":"Feature","properties":{"HYRIV_ID":20764330,"NEXT_DOWN":20764142,"MAIN_RIV":20791150,"LENGTH_KM":1.62,"CATCH_SKM":13.17,"DIS_AV_CMS":0.003,"ORD_STRA":1,"ORD_FLOW":9},"geometry":{"type":"LineString","coordinates":[[42.28541666666558,31.566666666666357],[42.28541666666558,31.581249999999706]]}},{"type":"Feature","properties":{"HYRIV_ID":20764331,"NEXT_DOWN":20764001,"MAIN_RIV":20791150,"LENGTH_KM":2.61,"CATCH_SKM":4.5700002,"DIS_AV_CMS":0.039,"ORD_STRA":4,"ORD_FLOW":8},"geometry":{"type":"LineString","coordinates":[[42.80624999999898,31.56874999999969],[42.80624999999898,31.577083333333043],[42.802083333332234,31.581249999999706],[42.802083333332234,31.585416666666355],[42.79791666666557,31.589583333333017]]}},{"type":"Feature","properties":{"HYRIV_ID":20764332,"NEXT_DOWN":20764004,"MAIN_RIV":20791150,"LENGTH_KM":3.2,"CATCH_SKM":17.190001,"DIS_AV_CMS":0.005,"ORD_STRA":1,"ORD_FLOW":9},"geometry":{"type":"LineString","coordinates":[[43.35416666666558,31.566666666666357],[43.3687499999989,31.581249999999706],[43.364583333332234,31.585416666666355],[43.364583333332234,31.589583333333017]]}},{"type":"Feature","properties":{"HYRIV_ID":20764398,"NEXT_DOWN":20764331,"MAIN_RIV":20791150,"LENGTH_KM":2.99,"CATCH_SKM":12.8,"DIS_AV_CMS":0.001,"ORD_STRA":1,"ORD_FLOW":9},"geometry":{"type":"LineString","coordinates":[[42.77916666666562,31.56874999999969],[42.78541666666561,31.56874999999969],[42.789583333332274,31.564583333333026],[42.79791666666557,31.564583333333026],[42.802083333332234,31.56874999999969],[42.80624999999898,31.56874999999969]]}},{"type":"Feature","properties":{"HYRIV_ID":20764399,"NEXT_DOWN":20762804,"MAIN_RIV":20791150,"LENGTH_KM":18.25,"CATCH_SKM":42.23,"DIS_AV_CMS":0.012,"ORD_STRA":2,"ORD_FLOW":8},"geometry":{"type":"LineString","coordinates":[[43.48541666666557,31.564583333333026],[43.4937499999989,31.564583333333026],[43.50208333333228,31.57291666666638],[43.50208333333228,31.577083333333043],[43.50624999999894,31.581249999999706],[43.50624999999894,31.585416666666355],[43.522916666665594,31.602083333333034],[43.52708333333223,31.602083333333034],[43.53124999999889,31.606249999999697],[43.543749999998965,31.606249999999697],[43.54791666666563,31.61041666666636],[43.556249999998926,31.61041666666636],[43.56041666666559,31.61458333333301],[43.56458333333225,31.61458333333301],[43.568749999998914,31.61874999999967],[43.57291666666558,31.61874999999967],[43.57708333333224,31.622916666666377],[43.58541666666554,31.622916666666377],[43.59374999999895,31.63124999999969],[43.59374999999895,31.64791666666637],[43.589583333332286,31.652083333333017],[43.58541666666554,31.652083333333017],[43.57708333333224,31.660416666666386]]}},{"type":"Feature","properties":{"HYRIV_ID":20764400,"NEXT_DOWN":20764082,"MAIN_RIV":20791150,"LENGTH_KM":3.83,"CATCH_SKM":6.04,"DIS_AV_CMS":0.016,"ORD_STRA":2,"ORD_FLOW":8},"geometry":{"type":"LineString","coordinates":[[43.568749999998914,31.564583333333026],[43.57291666666558,31.56874999999969],[43.57708333333224,31.56874999999969],[43.581249999998875,31.57291666666638],[43.58541666666554,31.57291666666638],[43.59791666666561,31.585416666666355]]}},{"type":"Feature","properties":{"HYRIV_ID":20764401,"NEXT_DOWN":20764084,"MAIN_RIV":20791150,"LENGTH_KM":3.29,"CATCH_SKM":5.4899998,"DIS_AV_CMS":0.088,"ORD_STRA":3,"ORD_FLOW":8},"geometry":{"type":"LineString","coordinates":[[43.84791666666561,31.564583333333026],[43.8604166666656,31.577083333333043],[43.86458333333226,31.577083333333043],[43.86458333333226,31.581249999999706],[43.8687499999989,31.585416666666355]]}},{"type":"Feature","properties":{"HYRIV_ID":20764540,"NEXT_DOWN":20764620,"MAIN_RIV":20791150,"LENGTH_KM":6.3,"CATCH_SKM":20.66,"DIS_AV_CMS":0.025,"ORD_STRA":2,"ORD_FLOW":8},"geometry":{"type":"LineString","coordinates":[[42.62708333333225,31.589583333333017],[42.631249999998914,31.585416666666355],[42.63541666666558,31.585416666666355],[42.64374999999896,31.577083333333043],[42.64374999999896,31.57291666666638],[42.66041666666561,31.556249999999714],[42.67291666666566,31.556249999999714]]}},{"type":"Feature","properties":{"HYRIV_ID":20764541,"NEXT_DOWN":20764620,"MAIN_RIV":20791150,"LENGTH_KM":0.91,"CATCH_SKM":10.61,"DIS_AV_CMS":0.001,"ORD_STRA":1,"ORD_FLOW":9},"geometry":{"type":"LineString","coordinates":[[42.67916666666565,31.562499999999694],[42.67291666666566,31.556249999999714]]}},{"type":"Feature","properties":{"HYRIV_ID":20764620,"NEXT_DOWN":20764847,"MAIN_RIV":20791150,"LENGTH_KM":0.61,"CATCH_SKM":2.74,"DIS_AV_CMS":0.027,"ORD_STRA":2,"ORD_FLOW":8},"geometry":{"type":"LineString","coordinates":[[42.67291666666566,31.556249999999714],[42.67708333333232,31.55208333333301]]}},{"type":"Feature","properties":{"HYRIV_ID":20764621,"NEXT_DOWN":0,"MAIN_RIV":20764621,"LENGTH_KM":3.78,"CATCH_SKM":26.16,"DIS_AV_CMS":0.003,"ORD_STRA":1,"ORD_FLOW":9},"geometry":{"type":"LineString","coordinates":[[42.85416666666555,31.55208333333301],[42.868749999998954,31.55208333333301],[42.87291666666562,31.556249999999714],[42.88541666666558,31.556249999999714],[42.88958333333224,31.55208333333301]]}},{"type":"Feature","properties":{"HYRIV_ID":20764622,"NEXT_DOWN":0,"MAIN_RIV":20764622,"LENGTH_KM":0.4,"CATCH_SKM":0.18,"DIS_AV_CMS":0.03,"ORD_STRA":2,"ORD_FLOW":8},"geometry":{"type":"LineString","coordinates":[[43.14791666666565,31.55208333333301],[43.1437499999989,31.55208333333301]]}},{"type":"Feature","properties":{"HYRIV_ID":20764623,"NEXT_DOWN":20764622,"MAIN_RIV":20764622,"LENGTH_KM":3.35,"CATCH_SKM":24.870001,"DIS_AV_CMS":0.01,"ORD_STRA":1,"ORD_FLOW":8},"geometry":{"type":"LineString","coordinates":[[43.133333333332274,31.57499999999971],[43.152083333332314,31.556249999999714],[43.14791666666565,31.55208333333301]]}},{"type":"Feature","properties":{"HYRIV_ID":20764624,"NEXT_DOWN":20764622,"MAIN_RIV":20764622,"LENGTH_KM":4.1,"CATCH_SKM":27.620001,"DIS_AV_CMS":0.021,"ORD_STRA":1,"ORD_FLOW":8},"geometry":{"type":"LineString","coordinates":[[43.18333333333226,31.566666666666357],[43.17708333333226,31.560416666666363],[43.16874999999894,31.560416666666363],[43.16041666666564,31.55208333333301],[43.14791666666565,31.55208333333301]]}},{"type":"Feature","properties":{"HYRIV_ID":20764625,"NEXT_DOWN":20764399,"MAIN_RIV":20791150,"LENGTH_KM":3.83,"CATCH_SKM":18.290001,"DIS_AV_CMS":0.006,"ORD_STRA":2,"ORD_FLOW":9},"geometry":{"type":"LineString","coordinates":[[43.45624999999896,31.55208333333301],[43.46041666666562,31.556249999999714],[43.464583333332286,31.556249999999714],[43.47291666666561,31.564583333333026],[43.477083333332246,31.564583333333026],[43.48124999999891,31.56874999999969],[43.48541666666557,31.564583333333026]]}},{"type":"Feature","properties":{"HYRIV_ID":20764626,"NEXT_DOWN":20763868,"MAIN_RIV":20791150,"LENGTH_KM":14.67,"CATCH_SKM":53.959999,"DIS_AV_CMS":0.011,"ORD_STRA":1,"ORD_FLOW":8},"geometry":{"type":"LineString","coordinates":[[43.67499999999896,31.549999999999677],[43.681249999998954,31.556249999999714],[43.693749999998914,31.556249999999714],[43.693749999998914,31.560416666666363],[43.70208333333224,31.56874999999969],[43.7062499999989,31.56874999999969],[43.71041666666554,31.564583333333026],[43.714583333332286,31.564583333333026],[43.71874999999895,31.56874999999969],[43.71874999999895,31.57291666666638],[43.727083333332274,31.581249999999706],[43.760416666665634,31.581249999999706],[43.772916666665594,31.59374999999968],[43.77708333333226,31.589583333333017],[43.78541666666558,31.59791666666637],[43.78958333333222,31.59791666666637]]}},{"type":"Feature","properties":{"HYRIV_ID":20764696,"NEXT_DOWN":20764697,"MAIN_RIV":20791150,"LENGTH_KM":3.1700001,"CATCH_SKM":15.18,"DIS_AV_CMS":0.005,"ORD_STRA":1,"ORD_FLOW":9},"geometry":{"type":"LineString","coordinates":[[42.06249999999895,31.562499999999694],[42.068749999998914,31.556249999999714],[42.08124999999899,31.556249999999714],[42.08541666666565,31.55208333333301],[42.08541666666565,31.547916666666346]]}},{"type":"Feature","properties":{"HYRIV_ID":20764697,"NEXT_DOWN":20764328,"MAIN_RIV":20791150,"LENGTH_KM":7.6,"CATCH_SKM":29.99,"DIS_AV_CMS":0.046,"ORD_STRA":3,"ORD_FLOW":8},"geometry":{"type":"LineString","coordinates":[[42.08541666666565,31.547916666666346],[42.09374999999895,31.556249999999714],[42.1104166666656,31.556249999999714],[42.1187499999989,31.564583333333026],[42.12291666666556,31.564583333333026],[42.12708333333231,31.56874999999969],[42.147916666665594,31.56874999999969],[42.15208333333226,31.57291666666638]]}},{"type":"Feature","properties":{"HYRIV_ID":20764698,"NEXT_DOWN":0,"MAIN_RIV":20764698,"LENGTH_KM":1.31,"CATCH_SKM":13.54,"DIS_AV_CMS":0.002,"ORD_STRA":1,"ORD_FLOW":9},"geometry":{"type":"LineString","coordinates":[[42.87916666666558,31.54583333333303],[42.88541666666558,31.55208333333301],[42.88958333333224,31.55208333333301]]}},{"type":"Feature","properties":{"HYRIV_ID":20764699,"NEXT_DOWN":20763644,"MAIN_RIV":20791150,"LENGTH_KM":8.6499996,"CATCH_SKM":32.009998,"DIS_AV_CMS":0.023,"ORD_STRA":2,"ORD_FLOW":8},"geometry":{"type":"LineString","coordinates":[[43.61041666666557,31.547916666666346],[43.61041666666557,31.55208333333301],[43.62291666666556,31.564583333333026],[43.62291666666556,31.57291666666638],[43.62708333333231,31.57291666666638],[43.63124999999894,31.577083333333043],[43.63124999999894,31.581249999999706],[43.64374999999893,31.59374999999968],[43.64374999999893,31.602083333333034],[43.65208333333226,31.61041666666636]]}},{"type":"Feature","properties":{"HYRIV_ID":20764700,"NEXT_DOWN":20764086,"MAIN_RIV":20791150,"LENGTH_KM":4.46,"CATCH_SKM":16.1,"DIS_AV_CMS":0.99,"ORD_STRA":4,"ORD_FLOW":7},"geometry":{"type":"LineString","coordinates":[[43.93958333333228,31.547916666666346],[43.93958333333228,31.564583333333026],[43.93541666666562,31.56874999999969],[43.93541666666562,31.581249999999706],[43.931249999998954,31.585416666666355]]}},{"type":"Feature","properties":{"HYRIV_ID":20764765,"NEXT_DOWN":20764988,"MAIN_RIV":20791150,"LENGTH_KM":6.5900002,"CATCH_SKM":26.15,"DIS_AV_CMS":0.025,"ORD_STRA":2,"ORD_FLOW":8},"geometry":{"type":"LineString","coordinates":[[42.00208333333231,31.585416666666355],[42.010416666665634,31.577083333333043],[42.01458333333227,31.577083333333043],[42.01874999999893,31.57291666666638],[42.01874999999893,31.56874999999969],[42.022916666665594,31.564583333333026],[42.02708333333226,31.564583333333026],[42.03124999999892,31.560416666666363],[42.03124999999892,31.556249999999714],[42.043749999998965,31.543749999999697]]}},{"type":"Feature","properties":{"HYRIV_ID":20764766,"NEXT_DOWN":20764202,"MAIN_RIV":20764202,"LENGTH_KM":4.6799998,"CATCH_SKM":11.34,"DIS_AV_CMS":0.01,"ORD_STRA":2,"ORD_FLOW":8},"geometry":{"type":"LineString","coordinates":[[43.04374999999894,31.543749999999697],[43.0479166666656,31.547916666666346],[43.0479166666656,31.564583333333026],[43.056249999998926,31.57291666666638],[43.06041666666556,31.57291666666638],[43.06458333333231,31.577083333333043]]}},{"type":"Feature","properties":{"HYRIV_ID":20764767,"NEXT_DOWN":20764768,"MAIN_RIV":20791150,"LENGTH_KM":4.8200002,"CATCH_SKM":19.76,"DIS_AV_CMS":0.004,"ORD_STRA":1,"ORD_FLOW":9},"geometry":{"type":"LineString","coordinates":[[43.7583333333323,31.547916666666346],[43.76874999999893,31.547916666666346],[43.772916666665594,31.543749999999697],[43.77708333333226,31.543749999999697],[43.78541666666558,31.55208333333301],[43.78958333333222,31.55208333333301],[43.79791666666563,31.543749999999697]]}},{"type":"Feature","properties":{"HYRIV_ID":20764768,"NEXT_DOWN":20764401,"MAIN_RIV":20791150,"LENGTH_KM":6.06,"CATCH_SKM":15.55,"DIS_AV_CMS":0.055,"ORD_STRA":2,"ORD_FLOW":8},"geometry":{"type":"LineString","coordinates":[[43.79791666666563,31.543749999999697],[43.81458333333225,31.543749999999697],[43.818749999998914,31.547916666666346],[43.818749999998914,31.55208333333301],[43.82291666666558,31.556249999999714],[43.8312499999989,31.556249999999714],[43.83958333333223,31.564583333333026],[43.84791666666561,31.564583333333026]]}},{"type":"Feature","properties":{"HYRIV_ID":20764847,"NEXT_DOWN":20765245,"MAIN_RIV":20791150,"LENGTH_KM":1.83,"CATCH_SKM":4.21,"DIS_AV_CMS":0.037,"ORD_STRA":3,"ORD_FLOW":8},"geometry":{"type":"LineString","coordinates":[[42.67708333333232,31.55208333333301],[42.68958333333231,31.539583333333034]]}},{"type":"Feature","properties":{"HYRIV_ID":20764848,"NEXT_DOWN":20765245,"MAIN_RIV":20791150,"LENGTH_KM":1.3,"CATCH_SKM":13.17,"DIS_AV_CMS":0.002,"ORD_STRA":1,"ORD_FLOW":9},"geometry":{"type":"LineString","coordinates":[[42.69374999999894,31.549999999999677],[42.69374999999894,31.543749999999697],[42.68958333333231,31.539583333333034]]}},{"type":"Feature","properties":{"HYRIV_ID":20764849,"NEXT_DOWN":20764766,"MAIN_RIV":20764202,"LENGTH_KM":2.52,"CATCH_SKM":17.75,"DIS_AV_CMS":0.002,"ORD_STRA":1,"ORD_FLOW":9},"geometry":{"type":"LineString","coordinates":[[43.02499999999898,31.537499999999703],[43.03541666666561,31.547916666666346],[43.039583333332274,31.547916666666346],[43.04374999999894,31.543749999999697]]}},{"type":"Feature","properties":{"HYRIV_ID":20764850,"NEXT_DOWN":20764625,"MAIN_RIV":20791150,"LENGTH_KM":4.9299998,"CATCH_SKM":24.51,"DIS_AV_CMS":0.004,"ORD_STRA":1,"ORD_FLOW":9},"geometry":{"type":"LineString","coordinates":[[43.416666666665634,31.537499999999703],[43.4229166666656,31.543749999999697],[43.42708333333226,31.543749999999697],[43.435416666665674,31.55208333333301],[43.443749999998914,31.55208333333301],[43.44791666666558,31.556249999999714],[43.45208333333221,31.556249999999714],[43.45624999999896,31.55208333333301]]}},{"type":"Feature","properties":{"HYRIV_ID":20764923,"NEXT_DOWN":20764988,"MAIN_RIV":20791150,"LENGTH_KM":2.99,"CATCH_SKM":14.64,"DIS_AV_CMS":0.003,"ORD_STRA":1,"ORD_FLOW":9},"geometry":{"type":"LineString","coordinates":[[42.0166666666656,31.53541666666637],[42.02708333333226,31.53541666666637],[42.03124999999892,31.539583333333034],[42.0395833333323,31.539583333333034],[42.043749999998965,31.543749999999697]]}},{"type":"Feature","properties":{"HYRIV_ID":20764924,"NEXT_DOWN":20764400,"MAIN_RIV":20791150,"LENGTH_KM":3.62,"CATCH_SKM":17.57,"DIS_AV_CMS":0.004,"ORD_STRA":1,"ORD_FLOW":9},"geometry":{"type":"LineString","coordinates":[[43.57291666666558,31.53333333333304],[43.57291666666558,31.556249999999714],[43.568749999998914,31.560416666666363],[43.568749999998914,31.564583333333026]]}},{"type":"Feature","properties":{"HYRIV_ID":20764988,"NEXT_DOWN":20765157,"MAIN_RIV":20791150,"LENGTH_KM":1.83,"CATCH_SKM":4.21,"DIS_AV_CMS":0.026,"ORD_STRA":2,"ORD_FLOW":8},"geometry":{"type":"LineString","coordinates":[[42.043749999998965,31.543749999999697],[42.056249999998954,31.531249999999723]]}},{"type":"Feature","properties":{"HYRIV_ID":20764989,"NEXT_DOWN":20764329,"MAIN_RIV":20791150,"LENGTH_KM":5.83,"CATCH_SKM":20.860001,"DIS_AV_CMS":0.027,"ORD_STRA":2,"ORD_FLOW":8},"geometry":{"type":"LineString","coordinates":[[42.12291666666556,31.531249999999723],[42.12291666666556,31.53541666666637],[42.12708333333231,31.539583333333034],[42.135416666665634,31.539583333333034],[42.1395833333323,31.543749999999697],[42.1395833333323,31.55208333333301],[42.15624999999892,31.56874999999969]]}},{"type":"Feature","properties":{"HYRIV_ID":20764990,"NEXT_DOWN":20765063,"MAIN_RIV":20791150,"LENGTH_KM":0.91,"CATCH_SKM":12.8,"DIS_AV_CMS":0.001,"ORD_STRA":1,"ORD_FLOW":9},"geometry":{"type":"LineString","coordinates":[[42.59166666666556,31.537499999999703],[42.59791666666564,31.531249999999723]]}},{"type":"Feature","properties":{"HYRIV_ID":20764991,"NEXT_DOWN":20764700,"MAIN_RIV":20791150,"LENGTH_KM":2.1400001,"CATCH_SKM":1.83,"DIS_AV_CMS":0.059,"ORD_STRA":2,"ORD_FLOW":8},"geometry":{"type":"LineString","coordinates":[[43.931249999998954,31.531249999999723],[43.93541666666562,31.53541666666637],[43.93541666666562,31.539583333333034],[43.93958333333228,31.543749999999697],[43.93958333333228,31.547916666666346]]}},{"type":"Feature","properties":{"HYRIV_ID":20765062,"NEXT_DOWN":20765157,"MAIN_RIV":20791150,"LENGTH_KM":0.61,"CATCH_SKM":0.18,"DIS_AV_CMS":0.04,"ORD_STRA":2,"ORD_FLOW":8},"geometry":{"type":"LineString","coordinates":[[42.05208333333229,31.527083333333017],[42.056249999998954,31.531249999999723]]}},{"type":"Feature","properties":{"HYRIV_ID":20765063,"NEXT_DOWN":20765064,"MAIN_RIV":20791150,"LENGTH_KM":3.8,"CATCH_SKM":26.35,"DIS_AV_CMS":0.01,"ORD_STRA":2,"ORD_FLOW":8},"geometry":{"type":"LineString","coordinates":[[42.59791666666564,31.531249999999723],[42.6020833333323,31.53541666666637],[42.61041666666563,31.53541666666637],[42.618749999998926,31.527083333333017],[42.631249999998914,31.527083333333017]]}},{"type":"Feature","properties":{"HYRIV_ID":20765064,"NEXT_DOWN":20764847,"MAIN_RIV":20791150,"LENGTH_KM":5.6300001,"CATCH_SKM":18.110001,"DIS_AV_CMS":0.012,"ORD_STRA":2,"ORD_FLOW":8},"geometry":{"type":"LineString","coordinates":[[42.631249999998914,31.527083333333017],[42.6395833333323,31.527083333333017],[42.64374999999896,31.531249999999723],[42.65624999999895,31.531249999999723],[42.67708333333232,31.55208333333301]]}},{"type":"Feature","properties":{"HYRIV_ID":20765065,"NEXT_DOWN":0,"MAIN_RIV":20765065,"LENGTH_KM":4.0900002,"CATCH_SKM":22.139999,"DIS_AV_CMS":0.003,"ORD_STRA":1,"ORD_FLOW":9},"geometry":{"type":"LineString","coordinates":[[42.90624999999895,31.524999999999686],[42.90624999999895,31.53541666666637],[42.902083333332286,31.539583333333034],[42.902083333332286,31.543749999999697],[42.89791666666565,31.547916666666346],[42.89791666666565,31.55208333333301],[42.88958333333224,31.55208333333301]]}},{"type":"Feature","properties":{"HYRIV_ID":20765066,"NEXT_DOWN":20764399,"MAIN_RIV":20791150,"LENGTH_KM":5.52,"CATCH_SKM":19.950001,"DIS_AV_CMS":0.003,"ORD_STRA":1,"ORD_FLOW":9},"geometry":{"type":"LineString","coordinates":[[43.46041666666562,31.524999999999686],[43.46041666666562,31.53541666666637],[43.46874999999895,31.543749999999697],[43.47291666666561,31.543749999999697],[43.48124999999891,31.55208333333301],[43.48124999999891,31.556249999999714],[43.48541666666557,31.560416666666363],[43.48541666666557,31.564583333333026]]}},{"type":"Feature","properties":{"HYRIV_ID":20765067,"NEXT_DOWN":20764991,"MAIN_RIV":20791150,"LENGTH_KM":3.71,"CATCH_SKM":18.110001,"DIS_AV_CMS":0.019,"ORD_STRA":1,"ORD_FLOW":8},"geometry":{"type":"LineString","coordinates":[[43.899999999998926,31.524999999999686],[43.90624999999892,31.531249999999723],[43.91041666666558,31.531249999999723],[43.914583333332246,31.527083333333017],[43.91874999999888,31.531249999999723],[43.931249999998954,31.531249999999723]]}},{"type":"Feature","properties":{"HYRIV_ID":20765157,"NEXT_DOWN":20764697,"MAIN_RIV":20791150,"LENGTH_KM":5.7600002,"CATCH_SKM":11.16,"DIS_AV_CMS":0.053,"ORD_STRA":3,"ORD_FLOW":8},"geometry":{"type":"LineString","coordinates":[[42.056249999998954,31.531249999999723],[42.06041666666562,31.527083333333017],[42.06458333333228,31.527083333333017],[42.068749999998914,31.522916666666355],[42.077083333332325,31.522916666666355],[42.08541666666565,31.531249999999723],[42.08541666666565,31.539583333333034],[42.089583333332314,31.543749999999697],[42.08541666666565,31.547916666666346]]}},{"type":"Feature","properties":{"HYRIV_ID":20765158,"NEXT_DOWN":20764201,"MAIN_RIV":20791150,"LENGTH_KM":10.18,"CATCH_SKM":49.029999,"DIS_AV_CMS":0.02,"ORD_STRA":1,"ORD_FLOW":8},"geometry":{"type":"LineString","coordinates":[[42.183333333332286,31.522916666666355],[42.19374999999894,31.522916666666355],[42.20208333333224,31.531249999999723],[42.20624999999899,31.527083333333017],[42.214583333332314,31.527083333333017],[42.21874999999898,31.531249999999723],[42.21874999999898,31.53541666666637],[42.23958333333226,31.556249999999714],[42.23958333333226,31.560416666666363],[42.24374999999901,31.564583333333026],[42.24374999999901,31.577083333333043]]}},{"type":"Feature","properties":{"HYRIV_ID":20765159,"NEXT_DOWN":20765063,"MAIN_RIV":20791150,"LENGTH_KM":8.3900003,"CATCH_SKM":47.200001,"DIS_AV_CMS":0.007,"ORD_STRA":1,"ORD_FLOW":9},"geometry":{"type":"LineString","coordinates":[[42.545833333332325,31.55416666666634],[42.55208333333232,31.547916666666346],[42.55208333333232,31.531249999999723],[42.55624999999898,31.527083333333017],[42.560416666665645,31.527083333333017],[42.56458333333228,31.522916666666355],[42.56874999999894,31.527083333333017],[42.572916666665606,31.522916666666355],[42.57708333333227,31.522916666666355],[42.58124999999893,31.527083333333017],[42.59374999999889,31.527083333333017],[42.59791666666564,31.531249999999723]]}},{"type":"Feature","properties":{"HYRIV_ID":20765245,"NEXT_DOWN":20765246,"MAIN_RIV":20791150,"LENGTH_KM":3.29,"CATCH_SKM":13.18,"DIS_AV_CMS":0.037,"ORD_STRA":3,"ORD_FLOW":8},"geometry":{"type":"LineString","coordinates":[[42.68958333333231,31.539583333333034],[42.69374999999894,31.53541666666637],[42.69374999999894,31.531249999999723],[42.70624999999893,31.518749999999706],[42.710416666665594,31.518749999999706]]}},{"type":"Feature","properties":{"HYRIV_ID":20765246,"NEXT_DOWN":20765335,"MAIN_RIV":20791150,"LENGTH_KM":1.1900001,"CATCH_SKM":2.9300001,"DIS_AV_CMS":0.037,"ORD_STRA":3,"ORD_FLOW":8},"geometry":{"type":"LineString","coordinates":[[42.710416666665594,31.518749999999706],[42.722916666665554,31.518749999999706]]}},{"type":"Feature","properties":{"HYRIV_ID":20765247,"NEXT_DOWN":20765335,"MAIN_RIV":20791150,"LENGTH_KM":1.62,"CATCH_SKM":14.82,"DIS_AV_CMS":0.002,"ORD_STRA":1,"ORD_FLOW":9},"geometry":{"type":"LineString","coordinates":[[42.722916666665554,31.53333333333304],[42.722916666665554,31.518749999999706]]}},{"type":"Feature","properties":{"HYRIV_ID":20765248,"NEXT_DOWN":20764331,"MAIN_RIV":20791150,"LENGTH_KM":6.54,"CATCH_SKM":23.6,"DIS_AV_CMS":0.044,"ORD_STRA":4,"ORD_FLOW":8},"geometry":{"type":"LineString","coordinates":[[42.78541666666561,31.518749999999706],[42.789583333332274,31.522916666666355],[42.79374999999894,31.522916666666355],[42.802083333332234,31.531249999999723],[42.802083333332234,31.55208333333301],[42.80624999999898,31.556249999999714],[42.80624999999898,31.56874999999969]]}},{"type":"Feature","properties":{"HYRIV_ID":20765249,"NEXT_DOWN":20765250,"MAIN_RIV":20791150,"LENGTH_KM":0.4,"CATCH_SKM":0.18,"DIS_AV_CMS":0.011,"ORD_STRA":2,"ORD_FLOW":8},"geometry":{"type":"LineString","coordinates":[[43.4145833333323,31.518749999999706],[43.418749999998965,31.518749999999706]]}},{"type":"Feature","properties":{"HYRIV_ID":20765250,"NEXT_DOWN":20764625,"MAIN_RIV":20791150,"LENGTH_KM":6.0100002,"CATCH_SKM":11.71,"DIS_AV_CMS":0.006,"ORD_STRA":2,"ORD_FLOW":9},"geometry":{"type":"LineString","coordinates":[[43.418749999998965,31.518749999999706],[43.418749999998965,31.527083333333017],[43.4229166666656,31.531249999999723],[43.42708333333226,31.531249999999723],[43.431249999998926,31.53541666666637],[43.43958333333225,31.53541666666637],[43.443749999998914,31.539583333333034],[43.44791666666558,31.539583333333034],[43.45624999999896,31.547916666666346],[43.45624999999896,31.55208333333301]]}},{"type":"Feature","properties":{"HYRIV_ID":20765251,"NEXT_DOWN":20764699,"MAIN_RIV":20791150,"LENGTH_KM":3.98,"CATCH_SKM":16.469999,"DIS_AV_CMS":0.003,"ORD_STRA":1,"ORD_FLOW":9},"geometry":{"type":"LineString","coordinates":[[43.6124999999989,31.516666666666374],[43.6187499999989,31.522916666666355],[43.6187499999989,31.53541666666637],[43.614583333332234,31.539583333333034],[43.614583333332234,31.543749999999697],[43.61041666666557,31.547916666666346]]}},{"type":"Feature","properties":{"HYRIV_ID":20765334,"NEXT_DOWN":20765064,"MAIN_RIV":20791150,"LENGTH_KM":2.52,"CATCH_SKM":15.74,"DIS_AV_CMS":0.002,"ORD_STRA":1,"ORD_FLOW":9},"geometry":{"type":"LineString","coordinates":[[42.616666666665594,31.514583333333],[42.62708333333225,31.514583333333],[42.631249999998914,31.518749999999706],[42.631249999998914,31.527083333333017]]}},{"type":"Feature","properties":{"HYRIV_ID":20765335,"NEXT_DOWN":20765336,"MAIN_RIV":20791150,"LENGTH_KM":4.1599998,"CATCH_SKM":22.879999,"DIS_AV_CMS":0.035,"ORD_STRA":3,"ORD_FLOW":8},"geometry":{"type":"LineString","coordinates":[[42.722916666665554,31.518749999999706],[42.7270833333323,31.518749999999706],[42.731249999998965,31.514583333333],[42.76458333333224,31.514583333333]]}},{"type":"Feature","properties":{"HYRIV_ID":20765336,"NEXT_DOWN":20765337,"MAIN_RIV":20791150,"LENGTH_KM":0.79,"CATCH_SKM":1.65,"DIS_AV_CMS":0.054,"ORD_STRA":4,"ORD_FLOW":8},"geometry":{"type":"LineString","coordinates":[[42.76458333333224,31.514583333333],[42.77291666666562,31.514583333333]]}},{"type":"Feature","properties":{"HYRIV_ID":20765337,"NEXT_DOWN":20765248,"MAIN_RIV":20791150,"LENGTH_KM":1.4,"CATCH_SKM":2.9300001,"DIS_AV_CMS":0.052,"ORD_STRA":4,"ORD_FLOW":8},"geometry":{"type":"LineString","coordinates":[[42.77291666666562,31.514583333333],[42.78124999999895,31.514583333333],[42.78541666666561,31.518749999999706]]}},{"type":"Feature","properties":{"HYRIV_ID":20765338,"NEXT_DOWN":0,"MAIN_RIV":20765338,"LENGTH_KM":7.2800002,"CATCH_SKM":39.529999,"DIS_AV_CMS":0.02,"ORD_STRA":1,"ORD_FLOW":8},"geometry":{"type":"LineString","coordinates":[[43.102083333332246,31.51249999999971],[43.102083333332246,31.518749999999706],[43.114583333332206,31.531249999999723],[43.118749999998954,31.527083333333017],[43.12291666666562,31.527083333333017],[43.12708333333228,31.531249999999723],[43.13124999999894,31.531249999999723],[43.1437499999989,31.543749999999697],[43.1437499999989,31.55208333333301]]}},{"type":"Feature","properties":{"HYRIV_ID":20765339,"NEXT_DOWN":20765340,"MAIN_RIV":20791150,"LENGTH_KM":2.31,"CATCH_SKM":14.64,"DIS_AV_CMS":0.003,"ORD_STRA":1,"ORD_FLOW":9},"geometry":{"type":"LineString","coordinates":[[43.370833333332286,31.524999999999686],[43.37708333333228,31.518749999999706],[43.38124999999894,31.518749999999706],[43.385416666665606,31.514583333333],[43.38958333333227,31.514583333333]]}},{"type":"Feature","properties":{"HYRIV_ID":20765340,"NEXT_DOWN":20765249,"MAIN_RIV":20791150,"LENGTH_KM":3.01,"CATCH_SKM":4.58,"DIS_AV_CMS":0.008,"ORD_STRA":2,"ORD_FLOW":9},"geometry":{"type":"LineString","coordinates":[[43.38958333333227,31.514583333333],[43.39374999999893,31.514583333333],[43.397916666665566,31.518749999999706],[43.40208333333223,31.518749999999706],[43.40624999999898,31.522916666666355],[43.41041666666564,31.522916666666355],[43.4145833333323,31.518749999999706]]}},{"type":"Feature","properties":{"HYRIV_ID":20765415,"NEXT_DOWN":20765062,"MAIN_RIV":20791150,"LENGTH_KM":15.43,"CATCH_SKM":62.209999,"DIS_AV_CMS":0.014,"ORD_STRA":1,"ORD_FLOW":8},"geometry":{"type":"LineString","coordinates":[[41.92916666666562,31.54583333333303],[41.93958333333225,31.53541666666637],[41.94791666666566,31.53541666666637],[41.95624999999899,31.527083333333017],[41.96041666666565,31.527083333333017],[41.964583333332286,31.522916666666355],[41.964583333332286,31.518749999999706],[41.97291666666561,31.51041666666638],[41.989583333332234,31.51041666666638],[41.997916666665645,31.518749999999706],[42.00624999999897,31.518749999999706],[42.010416666665634,31.522916666666355],[42.01874999999893,31.514583333333],[42.022916666665594,31.514583333333],[42.03124999999892,31.522916666666355],[42.03541666666567,31.522916666666355],[42.0395833333323,31.527083333333017],[42.05208333333229,31.527083333333017]]}},{"type":"Feature","properties":{"HYRIV_ID":20765473,"NEXT_DOWN":20765553,"MAIN_RIV":20767464,"LENGTH_KM":7.2199998,"CATCH_SKM":21.959999,"DIS_AV_CMS":0.002,"ORD_STRA":1,"ORD_FLOW":9},"geometry":{"type":"LineString","coordinates":[[42.32916666666557,31.51041666666638],[42.33541666666565,31.51041666666638],[42.339583333332314,31.50624999999969],[42.34374999999898,31.50624999999969],[42.34791666666564,31.51041666666638],[42.3520833333323,31.51041666666638],[42.35624999999894,31.50624999999969],[42.3604166666656,31.51041666666638],[42.36458333333226,31.50624999999969],[42.368749999998926,31.50624999999969],[42.37291666666559,31.51041666666638],[42.37708333333225,31.51041666666638],[42.381249999998886,31.50624999999969],[42.3895833333323,31.50624999999969]]}},{"type":"Feature","properties":{"HYRIV_ID":20765474,"NEXT_DOWN":20765553,"MAIN_RIV":20767464,"LENGTH_KM":3.3800001,"CATCH_SKM":13.91,"DIS_AV_CMS":0.002,"ORD_STRA":1,"ORD_FLOW":9},"geometry":{"type":"LineString","coordinates":[[42.366666666665594,31.524999999999686],[42.37291666666559,31.518749999999706],[42.381249999998886,31.518749999999706],[42.3895833333323,31.51041666666638],[42.3895833333323,31.50624999999969]]}},{"type":"Feature","properties":{"HYRIV_ID":20765475,"NEXT_DOWN":20765340,"MAIN_RIV":20791150,"LENGTH_KM":3.79,"CATCH_SKM":16.65,"DIS_AV_CMS":0.005,"ORD_STRA":1,"ORD_FLOW":9},"geometry":{"type":"LineString","coordinates":[[43.35416666666558,31.50624999999969],[43.37291666666562,31.50624999999969],[43.37708333333228,31.51041666666638],[43.385416666665606,31.51041666666638],[43.38958333333227,31.514583333333]]}},{"type":"Feature","properties":{"HYRIV_ID":20765552,"NEXT_DOWN":20764989,"MAIN_RIV":20791150,"LENGTH_KM":3.83,"CATCH_SKM":8.0500002,"DIS_AV_CMS":0.011,"ORD_STRA":2,"ORD_FLOW":8},"geometry":{"type":"LineString","coordinates":[[42.11458333333226,31.502083333333026],[42.12291666666556,31.51041666666638],[42.12291666666556,31.514583333333],[42.1187499999989,31.518749999999706],[42.12291666666556,31.522916666666355],[42.12291666666556,31.531249999999723]]}},{"type":"Feature","properties":{"HYRIV_ID":20765553,"NEXT_DOWN":20765621,"MAIN_RIV":20767464,"LENGTH_KM":0.61,"CATCH_SKM":0.18,"DIS_AV_CMS":0.004,"ORD_STRA":2,"ORD_FLOW":9},"geometry":{"type":"LineString","coordinates":[[42.3895833333323,31.50624999999969],[42.39374999999896,31.502083333333026]]}},{"type":"Feature","properties":{"HYRIV_ID":20765554,"NEXT_DOWN":20765779,"MAIN_RIV":20767464,"LENGTH_KM":10.96,"CATCH_SKM":64.019997,"DIS_AV_CMS":0.017,"ORD_STRA":1,"ORD_FLOW":8},"geometry":{"type":"LineString","coordinates":[[42.36249999999893,31.55416666666634],[42.368749999998926,31.560416666666363],[42.37291666666559,31.560416666666363],[42.37708333333225,31.564583333333026],[42.381249999998886,31.564583333333026],[42.39374999999896,31.55208333333301],[42.39374999999896,31.547916666666346],[42.39791666666562,31.543749999999697],[42.39791666666562,31.53541666666637],[42.402083333332286,31.531249999999723],[42.402083333332286,31.527083333333017],[42.40624999999892,31.522916666666355],[42.41041666666558,31.522916666666355],[42.41041666666558,31.514583333333],[42.418749999998994,31.50624999999969],[42.414583333332246,31.502083333333026]]}},{"type":"Feature","properties":{"HYRIV_ID":20765555,"NEXT_DOWN":20764766,"MAIN_RIV":20764202,"LENGTH_KM":5.52,"CATCH_SKM":37.52,"DIS_AV_CMS":0.008,"ORD_STRA":1,"ORD_FLOW":9},"geometry":{"type":"LineString","coordinates":[[43.054166666665594,31.499999999999694],[43.0479166666656,31.50624999999969],[43.0479166666656,31.518749999999706],[43.05208333333226,31.522916666666355],[43.05208333333226,31.527083333333017],[43.04374999999894,31.53541666666637],[43.04374999999894,31.543749999999697]]}},{"type":"Feature","properties":{"HYRIV_ID":20765621,"NEXT_DOWN":20765779,"MAIN_RIV":20767464,"LENGTH_KM":2.4,"CATCH_SKM":5.6700001,"DIS_AV_CMS":0.017,"ORD_STRA":3,"ORD_FLOW":8},"geometry":{"type":"LineString","coordinates":[[42.39374999999896,31.502083333333026],[42.39791666666562,31.502083333333026],[42.402083333332286,31.497916666666363],[42.40624999999892,31.497916666666363],[42.41041666666558,31.502083333333026],[42.414583333332246,31.502083333333026]]}},{"type":"Feature","properties":{"HYRIV_ID":20765622,"NEXT_DOWN":20765248,"MAIN_RIV":20791150,"LENGTH_KM":6.6300001,"CATCH_SKM":16.290001,"DIS_AV_CMS":0.006,"ORD_STRA":2,"ORD_FLOW":9},"geometry":{"type":"LineString","coordinates":[[42.83958333333226,31.497916666666363],[42.835416666665594,31.502083333333026],[42.83124999999893,31.502083333333026],[42.82708333333227,31.50624999999969],[42.822916666665606,31.50624999999969],[42.81874999999897,31.502083333333026],[42.81458333333231,31.502083333333026],[42.810416666665645,31.50624999999969],[42.80624999999898,31.50624999999969],[42.79791666666557,31.514583333333],[42.79374999999894,31.514583333333],[42.789583333332274,31.518749999999706],[42.78541666666561,31.518749999999706]]}},{"type":"Feature","properties":{"HYRIV_ID":20765710,"NEXT_DOWN":20765552,"MAIN_RIV":20791150,"LENGTH_KM":1.67,"CATCH_SKM":12.81,"DIS_AV_CMS":0.005,"ORD_STRA":1,"ORD_FLOW":9},"geometry":{"type":"LineString","coordinates":[[42.104166666665606,31.4937499999997],[42.1104166666656,31.4937499999997],[42.11458333333226,31.497916666666363],[42.11458333333226,31.502083333333026]]}},{"type":"Feature","properties":{"HYRIV_ID":20765711,"NEXT_DOWN":20765991,"MAIN_RIV":20767464,"LENGTH_KM":2.98,"CATCH_SKM":14.27,"DIS_AV_CMS":0.002,"ORD_STRA":1,"ORD_FLOW":9},"geometry":{"type":"LineString","coordinates":[[42.28541666666558,31.516666666666374],[42.28541666666558,31.51041666666638],[42.28124999999892,31.50624999999969],[42.28124999999892,31.502083333333026],[42.28541666666558,31.497916666666363],[42.28124999999892,31.4937499999997]]}},{"type":"Feature","properties":{"HYRIV_ID":20765712,"NEXT_DOWN":20765246,"MAIN_RIV":20791150,"LENGTH_KM":3.3800001,"CATCH_SKM":18.85,"DIS_AV_CMS":0.002,"ORD_STRA":1,"ORD_FLOW":9},"geometry":{"type":"LineString","coordinates":[[42.69999999999894,31.491666666666383],[42.70624999999893,31.497916666666363],[42.70624999999893,31.50624999999969],[42.710416666665594,31.51041666666638],[42.710416666665594,31.518749999999706]]}},{"type":"Feature","properties":{"HYRIV_ID":20765713,"NEXT_DOWN":20765337,"MAIN_RIV":20791150,"LENGTH_KM":2.98,"CATCH_SKM":14.1,"DIS_AV_CMS":0.002,"ORD_STRA":1,"ORD_FLOW":9},"geometry":{"type":"LineString","coordinates":[[42.777083333332286,31.491666666666383],[42.777083333332286,31.497916666666363],[42.76874999999899,31.50624999999969],[42.76874999999899,31.51041666666638],[42.77291666666562,31.514583333333]]}},{"type":"Feature","properties":{"HYRIV_ID":20765714,"NEXT_DOWN":20764400,"MAIN_RIV":20791150,"LENGTH_KM":17.66,"CATCH_SKM":69.720001,"DIS_AV_CMS":0.011,"ORD_STRA":1,"ORD_FLOW":8},"geometry":{"type":"LineString","coordinates":[[43.46666666666562,31.491666666666383],[43.47291666666561,31.497916666666363],[43.47291666666561,31.50624999999969],[43.46874999999895,31.51041666666638],[43.477083333332246,31.518749999999706],[43.48124999999891,31.518749999999706],[43.48124999999891,31.522916666666355],[43.48541666666557,31.527083333333017],[43.48541666666557,31.531249999999723],[43.489583333332234,31.53541666666637],[43.489583333332234,31.543749999999697],[43.50208333333228,31.556249999999714],[43.50624999999894,31.556249999999714],[43.51874999999893,31.56874999999969],[43.522916666665594,31.564583333333026],[43.52708333333223,31.564583333333026],[43.53541666666564,31.556249999999714],[43.5395833333323,31.560416666666363],[43.5395833333323,31.564583333333026],[43.543749999998965,31.56874999999969],[43.56041666666559,31.56874999999969],[43.56458333333225,31.564583333333026],[43.568749999998914,31.564583333333026]]}},{"type":"Feature","properties":{"HYRIV_ID":20765778,"NEXT_DOWN":20765552,"MAIN_RIV":20791150,"LENGTH_KM":4.5300002,"CATCH_SKM":15.74,"DIS_AV_CMS":0.005,"ORD_STRA":1,"ORD_FLOW":9},"geometry":{"type":"LineString","coordinates":[[42.07916666666566,31.487499999999677],[42.09791666666561,31.50624999999969],[42.1104166666656,31.50624999999969],[42.11458333333226,31.502083333333026]]}},{"type":"Feature","properties":{"HYRIV_ID":20765779,"NEXT_DOWN":20766188,"MAIN_RIV":20767464,"LENGTH_KM":1.53,"CATCH_SKM":3.29,"DIS_AV_CMS":0.033,"ORD_STRA":3,"ORD_FLOW":8},"geometry":{"type":"LineString","coordinates":[[42.414583333332246,31.502083333333026],[42.418749999998994,31.497916666666363],[42.418749999998994,31.48958333333305]]}},{"type":"Feature","properties":{"HYRIV_ID":20765780,"NEXT_DOWN":20766188,"MAIN_RIV":20767464,"LENGTH_KM":9.0900002,"CATCH_SKM":69.349998,"DIS_AV_CMS":0.012,"ORD_STRA":1,"ORD_FLOW":8},"geometry":{"type":"LineString","coordinates":[[42.493749999998926,31.520833333333023],[42.493749999998926,31.514583333333],[42.48958333333226,31.514583333333],[42.4854166666656,31.51041666666638],[42.44374999999894,31.51041666666638],[42.42708333333232,31.4937499999997],[42.42291666666566,31.4937499999997],[42.418749999998994,31.48958333333305]]}},{"type":"Feature","properties":{"HYRIV_ID":20765781,"NEXT_DOWN":0,"MAIN_RIV":20765781,"LENGTH_KM":5.04,"CATCH_SKM":39.34,"DIS_AV_CMS":0.02,"ORD_STRA":3,"ORD_FLOW":8},"geometry":{"type":"LineString","coordinates":[[42.960416666665594,31.48958333333305],[42.947916666665634,31.502083333333026],[42.947916666665634,31.51041666666638],[42.93958333333231,31.518749999999706],[42.93958333333231,31.522916666666355],[42.94374999999897,31.527083333333017]]}},{"type":"Feature","properties":{"HYRIV_ID":20765782,"NEXT_DOWN":20765783,"MAIN_RIV":20791150,"LENGTH_KM":0.91,"CATCH_SKM":13.91,"DIS_AV_CMS":0.002,"ORD_STRA":1,"ORD_FLOW":9},"geometry":{"type":"LineString","coordinates":[[43.53749999999897,31.49583333333303],[43.543749999998965,31.48958333333305]]}},{"type":"Feature","properties":{"HYRIV_ID":20765783,"NEXT_DOWN":20764699,"MAIN_RIV":20791150,"LENGTH_KM":10.31,"CATCH_SKM":22.690001,"DIS_AV_CMS":0.013,"ORD_STRA":2,"ORD_FLOW":8},"geometry":{"type":"LineString","coordinates":[[43.543749999998965,31.48958333333305],[43.556249999998926,31.48958333333305],[43.56041666666559,31.4937499999997],[43.56041666666559,31.497916666666363],[43.581249999998875,31.518749999999706],[43.581249999998875,31.527083333333017],[43.58541666666554,31.531249999999723],[43.58541666666554,31.53541666666637],[43.59374999999895,31.543749999999697],[43.60624999999891,31.543749999999697],[43.61041666666557,31.547916666666346]]}},{"type":"Feature","properties":{"HYRIV_ID":20765784,"NEXT_DOWN":20765917,"MAIN_RIV":20791150,"LENGTH_KM":0.99,"CATCH_SKM":18.49,"DIS_AV_CMS":0.004,"ORD_STRA":1,"ORD_FLOW":9},"geometry":{"type":"LineString","coordinates":[[43.6416666666656,31.48958333333305],[43.65208333333226,31.48958333333305]]}},{"type":"Feature","properties":{"HYRIV_ID":20765785,"NEXT_DOWN":20764085,"MAIN_RIV":20791150,"LENGTH_KM":15.6,"CATCH_SKM":41.720001,"DIS_AV_CMS":0.06,"ORD_STRA":2,"ORD_FLOW":8},"geometry":{"type":"LineString","coordinates":[[43.82291666666558,31.48958333333305],[43.82708333333224,31.4937499999997],[43.835416666665566,31.4937499999997],[43.83958333333223,31.497916666666363],[43.83958333333223,31.522916666666355],[43.86458333333226,31.547916666666346],[43.86458333333226,31.55208333333301],[43.8687499999989,31.556249999999714],[43.87291666666556,31.556249999999714],[43.87708333333222,31.560416666666363],[43.8895833333323,31.560416666666363],[43.89374999999893,31.564583333333026],[43.897916666665594,31.564583333333026],[43.914583333332246,31.581249999999706],[43.914583333332246,31.585416666666355]]}},{"type":"Feature","properties":{"HYRIV_ID":20765786,"NEXT_DOWN":20765787,"MAIN_RIV":20791150,"LENGTH_KM":0.59,"CATCH_SKM":10.8,"DIS_AV_CMS":0.01,"ORD_STRA":1,"ORD_FLOW":8},"geometry":{"type":"LineString","coordinates":[[43.8833333333323,31.48958333333305],[43.8895833333323,31.48958333333305]]}},{"type":"Feature","properties":{"HYRIV_ID":20765787,"NEXT_DOWN":20764991,"MAIN_RIV":20791150,"LENGTH_KM":6.0900002,"CATCH_SKM":10.8,"DIS_AV_CMS":0.037,"ORD_STRA":2,"ORD_FLOW":8},"geometry":{"type":"LineString","coordinates":[[43.8895833333323,31.48958333333305],[43.931249999998954,31.531249999999723]]}},{"type":"Feature","properties":{"HYRIV_ID":20765788,"NEXT_DOWN":20764700,"MAIN_RIV":20791150,"LENGTH_KM":7.3600001,"CATCH_SKM":26.17,"DIS_AV_CMS":0.91,"ORD_STRA":4,"ORD_FLOW":7},"geometry":{"type":"LineString","coordinates":[[43.93958333333228,31.48958333333305],[43.95208333333224,31.502083333333026],[43.95208333333224,31.522916666666355],[43.943749999998914,31.531249999999723],[43.943749999998914,31.543749999999697],[43.93958333333228,31.547916666666346]]}},{"type":"Feature","properties":{"HYRIV_ID":20765869,"NEXT_DOWN":20765622,"MAIN_RIV":20791150,"LENGTH_KM":1.99,"CATCH_SKM":21.6,"DIS_AV_CMS":0.003,"ORD_STRA":1,"ORD_FLOW":9},"geometry":{"type":"LineString","coordinates":[[42.8291666666656,31.483333333333015],[42.83958333333226,31.4937499999997],[42.83958333333226,31.497916666666363]]}},{"type":"Feature","properties":{"HYRIV_ID":20765870,"NEXT_DOWN":20766192,"MAIN_RIV":20766192,"LENGTH_KM":13.84,"CATCH_SKM":68.610001,"DIS_AV_CMS":0.043,"ORD_STRA":1,"ORD_FLOW":8},"geometry":{"type":"LineString","coordinates":[[43.270833333332234,31.53541666666637],[43.260416666665606,31.53541666666637],[43.25624999999894,31.539583333333034],[43.25208333333228,31.539583333333034],[43.243749999998954,31.547916666666346],[43.227083333332246,31.547916666666346],[43.22291666666558,31.543749999999697],[43.22291666666558,31.527083333333017],[43.21874999999892,31.522916666666355],[43.22291666666558,31.518749999999706],[43.21874999999892,31.514583333333],[43.21874999999892,31.51041666666638],[43.21041666666562,31.502083333333026],[43.20624999999896,31.502083333333026],[43.2020833333323,31.497916666666363],[43.197916666665634,31.497916666666363],[43.193749999998886,31.4937499999997],[43.197916666665634,31.48958333333305],[43.197916666665634,31.485416666666346]]}},{"type":"Feature","properties":{"HYRIV_ID":20765871,"NEXT_DOWN":20765785,"MAIN_RIV":20791150,"LENGTH_KM":0.69,"CATCH_SKM":10.8,"DIS_AV_CMS":0.008,"ORD_STRA":1,"ORD_FLOW":9},"geometry":{"type":"LineString","coordinates":[[43.82291666666558,31.483333333333015],[43.82291666666558,31.48958333333305]]}},{"type":"Feature","properties":{"HYRIV_ID":20765917,"NEXT_DOWN":20765918,"MAIN_RIV":20791150,"LENGTH_KM":3.4400001,"CATCH_SKM":12.99,"DIS_AV_CMS":0.022,"ORD_STRA":2,"ORD_FLOW":8},"geometry":{"type":"LineString","coordinates":[[43.65208333333226,31.48958333333305],[43.67708333333229,31.48958333333305],[43.681249999998954,31.485416666666346],[43.681249999998954,31.481249999999683]]}},{"type":"Feature","properties":{"HYRIV_ID":20765918,"NEXT_DOWN":20764768,"MAIN_RIV":20791150,"LENGTH_KM":15.44,"CATCH_SKM":55.09,"DIS_AV_CMS":0.045,"ORD_STRA":2,"ORD_FLOW":8},"geometry":{"type":"LineString","coordinates":[[43.681249999998954,31.481249999999683],[43.693749999998914,31.4937499999997],[43.71041666666554,31.4937499999997],[43.714583333332286,31.497916666666363],[43.727083333332274,31.497916666666363],[43.73124999999894,31.4937499999997],[43.73541666666557,31.4937499999997],[43.739583333332234,31.497916666666363],[43.739583333332234,31.50624999999969],[43.74791666666556,31.514583333333],[43.75208333333231,31.514583333333],[43.75624999999897,31.518749999999706],[43.760416666665634,31.518749999999706],[43.76458333333227,31.522916666666355],[43.77708333333226,31.522916666666355],[43.78541666666558,31.531249999999723],[43.78541666666558,31.53541666666637],[43.78958333333222,31.539583333333034],[43.79374999999888,31.539583333333034],[43.79791666666563,31.543749999999697]]}},{"type":"Feature","properties":{"HYRIV_ID":20765919,"NEXT_DOWN":20765787,"MAIN_RIV":20791150,"LENGTH_KM":1.38,"CATCH_SKM":12.63,"DIS_AV_CMS":0.014,"ORD_STRA":1,"ORD_FLOW":8},"geometry":{"type":"LineString","coordinates":[[43.8833333333323,31.479166666666366],[43.8895833333323,31.485416666666346],[43.8895833333323,31.48958333333305]]}},{"type":"Feature","properties":{"HYRIV_ID":20765920,"NEXT_DOWN":20765788,"MAIN_RIV":20791150,"LENGTH_KM":1.92,"CATCH_SKM":14.83,"DIS_AV_CMS":0.02,"ORD_STRA":1,"ORD_FLOW":8},"geometry":{"type":"LineString","coordinates":[[43.92499999999896,31.479166666666366],[43.93541666666562,31.48958333333305],[43.93958333333228,31.48958333333305]]}},{"type":"Feature","properties":{"HYRIV_ID":20765991,"NEXT_DOWN":20765621,"MAIN_RIV":20767464,"LENGTH_KM":13.66,"CATCH_SKM":32.580002,"DIS_AV_CMS":0.015,"ORD_STRA":2,"ORD_FLOW":8},"geometry":{"type":"LineString","coordinates":[[42.28124999999892,31.4937499999997],[42.28958333333233,31.485416666666346],[42.293749999998994,31.485416666666346],[42.29791666666566,31.48958333333305],[42.30208333333229,31.485416666666346],[42.306249999998954,31.485416666666346],[42.31041666666562,31.48958333333305],[42.322916666665606,31.48958333333305],[42.32708333333224,31.485416666666346],[42.3312499999989,31.485416666666346],[42.33541666666565,31.481249999999683],[42.34791666666564,31.481249999999683],[42.3520833333323,31.477083333333034],[42.35624999999894,31.477083333333034],[42.3604166666656,31.481249999999683],[42.36458333333226,31.481249999999683],[42.37708333333225,31.4937499999997],[42.385416666665634,31.4937499999997],[42.39374999999896,31.502083333333026]]}},{"type":"Feature","properties":{"HYRIV_ID":20765992,"NEXT_DOWN":20765622,"MAIN_RIV":20791150,"LENGTH_KM":5.4299998,"CATCH_SKM":24.530001,"DIS_AV_CMS":0.003,"ORD_STRA":1,"ORD_FLOW":9},"geometry":{"type":"LineString","coordinates":[[42.87916666666558,31.474999999999703],[42.87291666666562,31.481249999999683],[42.86041666666563,31.481249999999683],[42.856249999998965,31.485416666666346],[42.856249999998965,31.4937499999997],[42.85208333333222,31.497916666666363],[42.83958333333226,31.497916666666363]]}},{"type":"Feature","properties":{"HYRIV_ID":20765993,"NEXT_DOWN":20766192,"MAIN_RIV":20766192,"LENGTH_KM":7.5500002,"CATCH_SKM":45.220001,"DIS_AV_CMS":0.026,"ORD_STRA":1,"ORD_FLOW":8},"geometry":{"type":"LineString","coordinates":[[43.258333333332274,31.474999999999703],[43.23541666666557,31.497916666666363],[43.227083333332246,31.497916666666363],[43.21458333333226,31.485416666666346],[43.197916666665634,31.485416666666346]]}},{"type":"Feature","properties":{"HYRIV_ID":20766124,"NEXT_DOWN":20765336,"MAIN_RIV":20791150,"LENGTH_KM":5.9699998,"CATCH_SKM":15.56,"DIS_AV_CMS":0.021,"ORD_STRA":3,"ORD_FLOW":8},"geometry":{"type":"LineString","coordinates":[[42.74791666666559,31.46874999999971],[42.75208333333225,31.47291666666637],[42.75208333333225,31.485416666666346],[42.74791666666559,31.48958333333305],[42.74791666666559,31.4937499999997],[42.76458333333224,31.51041666666638],[42.76458333333224,31.514583333333]]}},{"type":"Feature","properties":{"HYRIV_ID":20766125,"NEXT_DOWN":20765781,"MAIN_RIV":20765781,"LENGTH_KM":3.83,"CATCH_SKM":12.08,"DIS_AV_CMS":0.009,"ORD_STRA":2,"ORD_FLOW":9},"geometry":{"type":"LineString","coordinates":[[42.9312499999989,31.46874999999971],[42.93958333333231,31.477083333333034],[42.947916666665634,31.477083333333034],[42.960416666665594,31.48958333333305]]}},{"type":"Feature","properties":{"HYRIV_ID":20766188,"NEXT_DOWN":20766897,"MAIN_RIV":20767464,"LENGTH_KM":2.78,"CATCH_SKM":7.87,"DIS_AV_CMS":0.039,"ORD_STRA":3,"ORD_FLOW":8},"geometry":{"type":"LineString","coordinates":[[42.418749999998994,31.48958333333305],[42.418749999998994,31.46458333333306]]}},{"type":"Feature","properties":{"HYRIV_ID":20766189,"NEXT_DOWN":20766897,"MAIN_RIV":20767464,"LENGTH_KM":3.0,"CATCH_SKM":20.139999,"DIS_AV_CMS":0.002,"ORD_STRA":1,"ORD_FLOW":9},"geometry":{"type":"LineString","coordinates":[[42.445833333332274,31.47291666666637],[42.43541666666562,31.47291666666637],[42.431249999998954,31.46874999999971],[42.42708333333232,31.46874999999971],[42.42291666666566,31.46458333333306],[42.418749999998994,31.46458333333306]]}},{"type":"Feature","properties":{"HYRIV_ID":20766190,"NEXT_DOWN":20765781,"MAIN_RIV":20765781,"LENGTH_KM":5.73,"CATCH_SKM":26.360001,"DIS_AV_CMS":0.014,"ORD_STRA":2,"ORD_FLOW":8},"geometry":{"type":"LineString","coordinates":[[42.993749999998954,31.46458333333306],[42.993749999998954,31.47291666666637],[42.99791666666562,31.477083333333034],[42.98958333333229,31.485416666666346],[42.977083333332246,31.485416666666346],[42.97291666666558,31.48958333333305],[42.960416666665594,31.48958333333305]]}},{"type":"Feature","properties":{"HYRIV_ID":20766191,"NEXT_DOWN":0,"MAIN_RIV":20766191,"LENGTH_KM":2.84,"CATCH_SKM":25.440001,"DIS_AV_CMS":0.019,"ORD_STRA":1,"ORD_FLOW":8},"geometry":{"type":"LineString","coordinates":[[43.1729166666656,31.487499999999677],[43.1729166666656,31.481249999999683],[43.17708333333226,31.477083333333034],[43.17708333333226,31.47291666666637],[43.181249999998926,31.46874999999971],[43.181249999998926,31.46458333333306]]}},{"type":"Feature","properties":{"HYRIV_ID":20766192,"NEXT_DOWN":0,"MAIN_RIV":20766192,"LENGTH_KM":3.1500001,"CATCH_SKM":8.9700003,"DIS_AV_CMS":0.05,"ORD_STRA":2,"ORD_FLOW":8},"geometry":{"type":"LineString","coordinates":[[43.197916666665634,31.485416666666346],[43.197916666665634,31.481249999999683],[43.193749999998886,31.477083333333034],[43.193749999998886,31.47291666666637],[43.18958333333222,31.46874999999971],[43.18541666666559,31.46874999999971],[43.181249999998926,31.46458333333306]]}},{"type":"Feature","properties":{"HYRIV_ID":20766267,"NEXT_DOWN":20765062,"MAIN_RIV":20791150,"LENGTH_KM":15.52,"CATCH_SKM":58.580002,"DIS_AV_CMS":0.027,"ORD_STRA":1,"ORD_FLOW":8},"geometry":{"type":"LineString","coordinates":[[41.949999999998994,31.474999999999703],[41.95624999999899,31.46874999999971],[41.96041666666565,31.46874999999971],[41.96874999999895,31.460416666666355],[41.97291666666561,31.46458333333306],[41.977083333332274,31.46458333333306],[41.98124999999894,31.460416666666355],[41.989583333332234,31.46874999999971],[41.9937499999989,31.46874999999971],[41.997916666665645,31.47291666666637],[42.00208333333231,31.47291666666637],[42.00624999999897,31.477083333333034],[42.00624999999897,31.48958333333305],[42.010416666665634,31.4937499999997],[42.022916666665594,31.4937499999997],[42.02708333333226,31.497916666666363],[42.03124999999892,31.497916666666363],[42.0395833333323,31.50624999999969],[42.0395833333323,31.51041666666638],[42.05208333333229,31.522916666666355],[42.05208333333229,31.527083333333017]]}},{"type":"Feature","properties":{"HYRIV_ID":20766268,"NEXT_DOWN":20764989,"MAIN_RIV":20791150,"LENGTH_KM":13.13,"CATCH_SKM":36.25,"DIS_AV_CMS":0.012,"ORD_STRA":1,"ORD_FLOW":8},"geometry":{"type":"LineString","coordinates":[[42.02916666666559,31.458333333333023],[42.03541666666567,31.46458333333306],[42.03541666666567,31.46874999999971],[42.06041666666562,31.4937499999997],[42.068749999998914,31.4937499999997],[42.077083333332325,31.502083333333026],[42.077083333332325,31.50624999999969],[42.08124999999899,31.51041666666638],[42.08541666666565,31.51041666666638],[42.09791666666561,31.522916666666355],[42.1104166666656,31.522916666666355],[42.1187499999989,31.531249999999723],[42.12291666666556,31.531249999999723]]}},{"type":"Feature","properties":{"HYRIV_ID":20766269,"NEXT_DOWN":20766124,"MAIN_RIV":20791150,"LENGTH_KM":2.31,"CATCH_SKM":13.55,"DIS_AV_CMS":0.001,"ORD_STRA":1,"ORD_FLOW":9},"geometry":{"type":"LineString","coordinates":[[42.729166666665634,31.458333333333023],[42.73958333333229,31.46874999999971],[42.74791666666559,31.46874999999971]]}},{"type":"Feature","properties":{"HYRIV_ID":20766270,"NEXT_DOWN":20765249,"MAIN_RIV":20791150,"LENGTH_KM":13.7,"CATCH_SKM":58.400002,"DIS_AV_CMS":0.004,"ORD_STRA":1,"ORD_FLOW":9},"geometry":{"type":"LineString","coordinates":[[43.324999999998965,31.462499999999686],[43.33124999999896,31.46874999999971],[43.33541666666562,31.46874999999971],[43.339583333332286,31.47291666666637],[43.34374999999895,31.46874999999971],[43.34374999999895,31.46458333333306],[43.34791666666558,31.460416666666355],[43.35624999999891,31.46874999999971],[43.36041666666557,31.46874999999971],[43.37708333333228,31.485416666666346],[43.37291666666562,31.48958333333305],[43.37708333333228,31.4937499999997],[43.38958333333227,31.4937499999997],[43.4145833333323,31.518749999999706]]}},{"type":"Feature","properties":{"HYRIV_ID":20766332,"NEXT_DOWN":20766820,"MAIN_RIV":20791150,"LENGTH_KM":2.08,"CATCH_SKM":16.110001,"DIS_AV_CMS":0.002,"ORD_STRA":1,"ORD_FLOW":9},"geometry":{"type":"LineString","coordinates":[[42.652083333332286,31.474999999999703],[42.652083333332286,31.45624999999969]]}},{"type":"Feature","properties":{"HYRIV_ID":20766333,"NEXT_DOWN":20766469,"MAIN_RIV":20766470,"LENGTH_KM":1.99,"CATCH_SKM":13.18,"DIS_AV_CMS":0.01,"ORD_STRA":1,"ORD_FLOW":8},"geometry":{"type":"LineString","coordinates":[[43.14999999999898,31.47083333333304],[43.16041666666564,31.460416666666355],[43.16041666666564,31.45624999999969]]}},{"type":"Feature","properties":{"HYRIV_ID":20766403,"NEXT_DOWN":20765991,"MAIN_RIV":20767464,"LENGTH_KM":19.42,"CATCH_SKM":92.269997,"DIS_AV_CMS":0.021,"ORD_STRA":1,"ORD_FLOW":8},"geometry":{"type":"LineString","coordinates":[[42.11249999999893,31.452083333333043],[42.1187499999989,31.452083333333043],[42.13124999999897,31.46458333333306],[42.1395833333323,31.46458333333306],[42.15208333333226,31.477083333333034],[42.16458333333233,31.477083333333034],[42.17708333333229,31.48958333333305],[42.19374999999894,31.48958333333305],[42.19791666666558,31.4937499999997],[42.21041666666565,31.4937499999997],[42.214583333332314,31.48958333333305],[42.21874999999898,31.48958333333305],[42.22291666666561,31.485416666666346],[42.227083333332274,31.48958333333305],[42.23958333333226,31.48958333333305],[42.24791666666559,31.497916666666363],[42.25624999999897,31.497916666666363],[42.260416666665634,31.4937499999997],[42.28124999999892,31.4937499999997]]}},{"type":"Feature","properties":{"HYRIV_ID":20766404,"NEXT_DOWN":20766820,"MAIN_RIV":20791150,"LENGTH_KM":4.58,"CATCH_SKM":36.619999,"DIS_AV_CMS":0.004,"ORD_STRA":1,"ORD_FLOW":9},"geometry":{"type":"LineString","coordinates":[[42.6083333333323,31.45624999999969],[42.618749999998926,31.45624999999969],[42.62291666666559,31.452083333333043],[42.631249999998914,31.452083333333043],[42.63541666666558,31.45624999999969],[42.652083333332286,31.45624999999969]]}},{"type":"Feature","properties":{"HYRIV_ID":20766405,"NEXT_DOWN":20766125,"MAIN_RIV":20765781,"LENGTH_KM":2.8800001,"CATCH_SKM":17.77,"DIS_AV_CMS":0.003,"ORD_STRA":1,"ORD_FLOW":9},"geometry":{"type":"LineString","coordinates":[[42.949999999998965,31.452083333333043],[42.94374999999897,31.452083333333043],[42.935416666665645,31.460416666666355],[42.935416666665645,31.46458333333306],[42.9312499999989,31.46874999999971]]}},{"type":"Feature","properties":{"HYRIV_ID":20766406,"NEXT_DOWN":20764401,"MAIN_RIV":20791150,"LENGTH_KM":19.3,"CATCH_SKM":53.27,"DIS_AV_CMS":0.029,"ORD_STRA":2,"ORD_FLOW":8},"geometry":{"type":"LineString","coordinates":[[43.73124999999894,31.452083333333043],[43.75624999999897,31.477083333333034],[43.760416666665634,31.47291666666637],[43.76874999999893,31.47291666666637],[43.772916666665594,31.477083333333034],[43.77708333333226,31.477083333333034],[43.78124999999892,31.481249999999683],[43.78124999999892,31.485416666666346],[43.78958333333222,31.4937499999997],[43.78958333333222,31.497916666666363],[43.80208333333229,31.51041666666638],[43.80208333333229,31.514583333333],[43.81458333333225,31.527083333333017],[43.82291666666558,31.527083333333017],[43.835416666665566,31.539583333333034],[43.835416666665566,31.543749999999697],[43.83958333333223,31.547916666666346],[43.84374999999886,31.547916666666346],[43.852083333332274,31.556249999999714],[43.852083333332274,31.560416666666363],[43.84791666666561,31.564583333333026]]}},{"type":"Feature","properties":{"HYRIV_ID":20766407,"NEXT_DOWN":20763515,"MAIN_RIV":20791150,"LENGTH_KM":21.49,"CATCH_SKM":69.540001,"DIS_AV_CMS":0.079,"ORD_STRA":1,"ORD_FLOW":8},"geometry":{"type":"LineString","coordinates":[[43.96458333333223,31.44999999999971],[43.96458333333223,31.46874999999971],[43.96874999999889,31.47291666666637],[43.972916666665526,31.47291666666637],[43.972916666665526,31.477083333333034],[43.98124999999894,31.485416666666346],[43.98124999999894,31.48958333333305],[43.9854166666656,31.4937499999997],[43.98124999999894,31.497916666666363],[43.98124999999894,31.514583333333],[43.977083333332274,31.518749999999706],[43.98124999999894,31.522916666666355],[43.98124999999894,31.531249999999723],[43.977083333332274,31.53541666666637],[43.977083333332274,31.539583333333034],[43.972916666665526,31.543749999999697],[43.972916666665526,31.547916666666346],[43.96874999999889,31.55208333333301],[43.96874999999889,31.556249999999714],[43.977083333332274,31.564583333333026],[43.977083333332274,31.56874999999969],[43.98124999999894,31.57291666666638],[43.98124999999894,31.589583333333017],[43.98958333333226,31.59791666666637],[43.98958333333226,31.61458333333301],[43.993749999998926,31.61874999999967]]}},{"type":"Feature","properties":{"HYRIV_ID":20766408,"NEXT_DOWN":20764005,"MAIN_RIV":20791150,"LENGTH_KM":28.469999,"CATCH_SKM":81.43,"DIS_AV_CMS":0.353,"ORD_STRA":3,"ORD_FLOW":7},"geometry":{"type":"LineString","coordinates":[[43.99791666666556,31.452083333333043],[44.00208333333222,31.45624999999969],[44.00208333333222,31.46874999999971],[44.006249999998886,31.47291666666637],[44.006249999998886,31.477083333333034],[44.010416666665634,31.481249999999683],[44.0145833333323,31.481249999999683],[44.01874999999896,31.485416666666346],[44.01874999999896,31.48958333333305],[44.02708333333226,31.497916666666363],[44.03124999999892,31.497916666666363],[44.03541666666558,31.502083333333026],[44.03541666666558,31.50624999999969],[44.039583333332246,31.51041666666638],[44.06041666666562,31.51041666666638],[44.06458333333228,31.514583333333],[44.06874999999894,31.514583333333],[44.072916666665606,31.518749999999706],[44.07708333333224,31.518749999999706],[44.0812499999989,31.522916666666355],[44.085416666665566,31.522916666666355],[44.09374999999889,31.531249999999723],[44.097916666665554,31.531249999999723],[44.10624999999894,31.539583333333034],[44.1104166666656,31.539583333333034],[44.118749999998926,31.547916666666346],[44.118749999998926,31.55208333333301],[44.12291666666559,31.556249999999714],[44.12708333333222,31.55208333333301],[44.131249999998886,31.55208333333301],[44.135416666665634,31.556249999999714],[44.1395833333323,31.55208333333301],[44.14374999999896,31.556249999999714],[44.15624999999892,31.556249999999714],[44.164583333332246,31.564583333333026],[44.16874999999891,31.564583333333026],[44.17291666666557,31.56874999999969],[44.177083333332234,31.56874999999969],[44.18124999999887,31.57291666666638],[44.18124999999887,31.577083333333043],[44.19374999999894,31.589583333333017]]}},{"type":"Feature","properties":{"HYRIV_ID":20766465,"NEXT_DOWN":20766124,"MAIN_RIV":20791150,"LENGTH_KM":2.61,"CATCH_SKM":4.21,"DIS_AV_CMS":0.025,"ORD_STRA":3,"ORD_FLOW":8},"geometry":{"type":"LineString","coordinates":[[42.756249999998914,31.44791666666638],[42.756249999998914,31.452083333333043],[42.74791666666559,31.460416666666355],[42.74791666666559,31.46874999999971]]}},{"type":"Feature","properties":{"HYRIV_ID":20766466,"NEXT_DOWN":20766465,"MAIN_RIV":20791150,"LENGTH_KM":0.4,"CATCH_SKM":0.55,"DIS_AV_CMS":0.016,"ORD_STRA":2,"ORD_FLOW":8},"geometry":{"type":"LineString","coordinates":[[42.76041666666558,31.44791666666638],[42.756249999998914,31.44791666666638]]}},{"type":"Feature","properties":{"HYRIV_ID":20766467,"NEXT_DOWN":20766468,"MAIN_RIV":20766470,"LENGTH_KM":0.91,"CATCH_SKM":15.56,"DIS_AV_CMS":0.007,"ORD_STRA":1,"ORD_FLOW":9},"geometry":{"type":"LineString","coordinates":[[43.087499999998926,31.454166666666374],[43.09374999999892,31.44791666666638]]}},{"type":"Feature","properties":{"HYRIV_ID":20766468,"NEXT_DOWN":20766534,"MAIN_RIV":20766470,"LENGTH_KM":1.58,"CATCH_SKM":7.14,"DIS_AV_CMS":0.021,"ORD_STRA":2,"ORD_FLOW":8},"geometry":{"type":"LineString","coordinates":[[43.09374999999892,31.44791666666638],[43.11041666666554,31.44791666666638]]}},{"type":"Feature","properties":{"HYRIV_ID":20766469,"NEXT_DOWN":20766470,"MAIN_RIV":20766470,"LENGTH_KM":1.61,"CATCH_SKM":2.75,"DIS_AV_CMS":0.025,"ORD_STRA":2,"ORD_FLOW":8},"geometry":{"type":"LineString","coordinates":[[43.16041666666564,31.45624999999969],[43.164583333332274,31.45624999999969],[43.1729166666656,31.44791666666638]]}},{"type":"Feature","properties":{"HYRIV_ID":20766470,"NEXT_DOWN":0,"MAIN_RIV":20766470,"LENGTH_KM":2.1500001,"CATCH_SKM":8.9700003,"DIS_AV_CMS":0.0,"ORD_STRA":4,"ORD_FLOW":10},"geometry":{"type":"LineString","coordinates":[[43.1729166666656,31.44791666666638],[43.17708333333226,31.452083333333043],[43.17708333333226,31.460416666666355],[43.181249999998926,31.46458333333306]]}},{"type":"Feature","properties":{"HYRIV_ID":20766471,"NEXT_DOWN":20765785,"MAIN_RIV":20791150,"LENGTH_KM":6.21,"CATCH_SKM":39.740002,"DIS_AV_CMS":0.02,"ORD_STRA":1,"ORD_FLOW":8},"geometry":{"type":"LineString","coordinates":[[43.79166666666555,31.445833333333006],[43.79791666666563,31.452083333333043],[43.79791666666563,31.46874999999971],[43.80208333333229,31.47291666666637],[43.806249999998954,31.47291666666637],[43.82291666666558,31.48958333333305]]}},{"type":"Feature","properties":{"HYRIV_ID":20766472,"NEXT_DOWN":20766408,"MAIN_RIV":20791150,"LENGTH_KM":0.91,"CATCH_SKM":10.81,"DIS_AV_CMS":0.012,"ORD_STRA":1,"ORD_FLOW":8},"geometry":{"type":"LineString","coordinates":[[44.004166666665554,31.445833333333006],[43.99791666666556,31.452083333333043]]}},{"type":"Feature","properties":{"HYRIV_ID":20766531,"NEXT_DOWN":20766750,"MAIN_RIV":20767336,"LENGTH_KM":2.23,"CATCH_SKM":12.45,"DIS_AV_CMS":0.001,"ORD_STRA":1,"ORD_FLOW":9},"geometry":{"type":"LineString","coordinates":[[42.5145833333323,31.462499999999686],[42.5145833333323,31.452083333333043],[42.51874999999896,31.44791666666638],[42.51874999999896,31.443749999999675]]}},{"type":"Feature","properties":{"HYRIV_ID":20766532,"NEXT_DOWN":20766750,"MAIN_RIV":20767336,"LENGTH_KM":3.53,"CATCH_SKM":27.1,"DIS_AV_CMS":0.003,"ORD_STRA":1,"ORD_FLOW":9},"geometry":{"type":"LineString","coordinates":[[42.545833333332325,31.462499999999686],[42.53541666666561,31.452083333333043],[42.53124999999895,31.452083333333043],[42.527083333332286,31.44791666666638],[42.52291666666562,31.44791666666638],[42.51874999999896,31.443749999999675]]}},{"type":"Feature","properties":{"HYRIV_ID":20766533,"NEXT_DOWN":20766468,"MAIN_RIV":20766470,"LENGTH_KM":1.31,"CATCH_SKM":19.41,"DIS_AV_CMS":0.012,"ORD_STRA":1,"ORD_FLOW":8},"geometry":{"type":"LineString","coordinates":[[43.08333333333226,31.441666666666386],[43.08958333333226,31.44791666666638],[43.09374999999892,31.44791666666638]]}},{"type":"Feature","properties":{"HYRIV_ID":20766534,"NEXT_DOWN":20766469,"MAIN_RIV":20766470,"LENGTH_KM":5.85,"CATCH_SKM":17.76,"DIS_AV_CMS":0.021,"ORD_STRA":2,"ORD_FLOW":8},"geometry":{"type":"LineString","coordinates":[[43.11041666666554,31.44791666666638],[43.114583333332206,31.44791666666638],[43.118749999998954,31.443749999999675],[43.13541666666558,31.443749999999675],[43.13958333333224,31.44791666666638],[43.1437499999989,31.44791666666638],[43.1437499999989,31.452083333333043],[43.14791666666565,31.45624999999969],[43.16041666666564,31.45624999999969]]}},{"type":"Feature","properties":{"HYRIV_ID":20766601,"NEXT_DOWN":20766534,"MAIN_RIV":20766470,"LENGTH_KM":1.38,"CATCH_SKM":11.91,"DIS_AV_CMS":0.009,"ORD_STRA":1,"ORD_FLOW":9},"geometry":{"type":"LineString","coordinates":[[43.10416666666558,31.437499999999694],[43.11041666666554,31.443749999999675],[43.11041666666554,31.44791666666638]]}},{"type":"Feature","properties":{"HYRIV_ID":20766602,"NEXT_DOWN":20765917,"MAIN_RIV":20791150,"LENGTH_KM":14.33,"CATCH_SKM":76.730003,"DIS_AV_CMS":0.015,"ORD_STRA":1,"ORD_FLOW":8},"geometry":{"type":"LineString","coordinates":[[43.53749999999897,31.437499999999694],[43.543749999998965,31.443749999999675],[43.556249999998926,31.443749999999675],[43.56458333333225,31.452083333333043],[43.57708333333224,31.452083333333043],[43.58541666666554,31.460416666666355],[43.6187499999989,31.460416666666355],[43.62708333333231,31.46874999999971],[43.63958333333227,31.46874999999971],[43.64374999999893,31.47291666666637],[43.63958333333227,31.477083333333034],[43.65208333333226,31.48958333333305]]}},{"type":"Feature","properties":{"HYRIV_ID":20766677,"NEXT_DOWN":20766190,"MAIN_RIV":20765781,"LENGTH_KM":3.84,"CATCH_SKM":19.42,"DIS_AV_CMS":0.005,"ORD_STRA":1,"ORD_FLOW":9},"geometry":{"type":"LineString","coordinates":[[42.995833333332286,31.43333333333303],[42.98958333333229,31.439583333333026],[42.98958333333229,31.460416666666355],[42.993749999998954,31.46458333333306]]}},{"type":"Feature","properties":{"HYRIV_ID":20766748,"NEXT_DOWN":20767190,"MAIN_RIV":20767336,"LENGTH_KM":2.74,"CATCH_SKM":14.28,"DIS_AV_CMS":0.002,"ORD_STRA":1,"ORD_FLOW":9},"geometry":{"type":"LineString","coordinates":[[42.50416666666558,31.44999999999971],[42.49791666666559,31.443749999999675],[42.51041666666555,31.4312499999997]]}},{"type":"Feature","properties":{"HYRIV_ID":20766749,"NEXT_DOWN":20767190,"MAIN_RIV":20767336,"LENGTH_KM":0.79,"CATCH_SKM":2.9300001,"DIS_AV_CMS":0.008,"ORD_STRA":2,"ORD_FLOW":9},"geometry":{"type":"LineString","coordinates":[[42.51874999999896,31.4312499999997],[42.51041666666555,31.4312499999997]]}},{"type":"Feature","properties":{"HYRIV_ID":20766750,"NEXT_DOWN":20766749,"MAIN_RIV":20767336,"LENGTH_KM":1.68,"CATCH_SKM":3.3,"DIS_AV_CMS":0.004,"ORD_STRA":2,"ORD_FLOW":9},"geometry":{"type":"LineString","coordinates":[[42.51874999999896,31.443749999999675],[42.52291666666562,31.439583333333026],[42.52291666666562,31.435416666666363],[42.51874999999896,31.4312499999997]]}},{"type":"Feature","properties":{"HYRIV_ID":20766751,"NEXT_DOWN":20766466,"MAIN_RIV":20791150,"LENGTH_KM":2.29,"CATCH_SKM":6.5900002,"DIS_AV_CMS":0.012,"ORD_STRA":2,"ORD_FLOW":8},"geometry":{"type":"LineString","coordinates":[[42.77291666666562,31.4312499999997],[42.76874999999899,31.435416666666363],[42.76874999999899,31.439583333333026],[42.76041666666558,31.44791666666638]]}},{"type":"Feature","properties":{"HYRIV_ID":20766818,"NEXT_DOWN":20766894,"MAIN_RIV":20767464,"LENGTH_KM":7.58,"CATCH_SKM":28.209999,"DIS_AV_CMS":0.006,"ORD_STRA":1,"ORD_FLOW":9},"geometry":{"type":"LineString","coordinates":[[42.17916666666562,31.42916666666637],[42.18541666666562,31.435416666666363],[42.19374999999894,31.435416666666363],[42.19791666666558,31.4312499999997],[42.20208333333224,31.435416666666363],[42.20624999999899,31.4312499999997],[42.214583333332314,31.4312499999997],[42.21874999999898,31.435416666666363],[42.227083333332274,31.435416666666363],[42.227083333332274,31.4312499999997],[42.23124999999894,31.42708333333305],[42.23958333333226,31.42708333333305]]}},{"type":"Feature","properties":{"HYRIV_ID":20766819,"NEXT_DOWN":20766749,"MAIN_RIV":20767336,"LENGTH_KM":2.3900001,"CATCH_SKM":22.530001,"DIS_AV_CMS":0.004,"ORD_STRA":1,"ORD_FLOW":9},"geometry":{"type":"LineString","coordinates":[[42.54166666666558,31.42708333333305],[42.527083333332286,31.42708333333305],[42.52291666666562,31.4312499999997],[42.51874999999896,31.4312499999997]]}},{"type":"Feature","properties":{"HYRIV_ID":20766820,"NEXT_DOWN":20766821,"MAIN_RIV":20791150,"LENGTH_KM":6.4899998,"CATCH_SKM":22.889999,"DIS_AV_CMS":0.007,"ORD_STRA":2,"ORD_FLOW":9},"geometry":{"type":"LineString","coordinates":[[42.652083333332286,31.45624999999969],[42.664583333332274,31.45624999999969],[42.66874999999891,31.452083333333043],[42.66874999999891,31.44791666666638],[42.67291666666566,31.44791666666638],[42.69374999999894,31.42708333333305],[42.70208333333227,31.42708333333305]]}},{"type":"Feature","properties":{"HYRIV_ID":20766821,"NEXT_DOWN":20766465,"MAIN_RIV":20791150,"LENGTH_KM":6.21,"CATCH_SKM":17.030001,"DIS_AV_CMS":0.013,"ORD_STRA":3,"ORD_FLOW":8},"geometry":{"type":"LineString","coordinates":[[42.70208333333227,31.42708333333305],[42.710416666665594,31.435416666666363],[42.73541666666563,31.435416666666363],[42.73958333333229,31.439583333333026],[42.743749999998954,31.439583333333026],[42.74791666666559,31.443749999999675],[42.75208333333225,31.443749999999675],[42.756249999998914,31.44791666666638]]}},{"type":"Feature","properties":{"HYRIV_ID":20766822,"NEXT_DOWN":20766751,"MAIN_RIV":20791150,"LENGTH_KM":1.99,"CATCH_SKM":17.4,"DIS_AV_CMS":0.002,"ORD_STRA":1,"ORD_FLOW":9},"geometry":{"type":"LineString","coordinates":[[42.791666666665606,31.42708333333305],[42.777083333332286,31.42708333333305],[42.77291666666562,31.4312499999997]]}},{"type":"Feature","properties":{"HYRIV_ID":20766823,"NEXT_DOWN":20765783,"MAIN_RIV":20791150,"LENGTH_KM":12.49,"CATCH_SKM":49.27,"DIS_AV_CMS":0.006,"ORD_STRA":1,"ORD_FLOW":9},"geometry":{"type":"LineString","coordinates":[[43.45624999999896,31.42499999999972],[43.45624999999896,31.435416666666363],[43.464583333332286,31.435416666666363],[43.47291666666561,31.443749999999675],[43.48541666666557,31.443749999999675],[43.50208333333228,31.460416666666355],[43.50208333333228,31.46458333333306],[43.510416666665606,31.47291666666637],[43.51874999999893,31.47291666666637],[43.522916666665594,31.477083333333034],[43.52708333333223,31.477083333333034],[43.53124999999889,31.481249999999683],[43.53541666666564,31.481249999999683],[43.543749999998965,31.48958333333305]]}},{"type":"Feature","properties":{"HYRIV_ID":20766824,"NEXT_DOWN":20766406,"MAIN_RIV":20791150,"LENGTH_KM":8.2600002,"CATCH_SKM":41.209999,"DIS_AV_CMS":0.009,"ORD_STRA":1,"ORD_FLOW":9},"geometry":{"type":"LineString","coordinates":[[43.67708333333229,31.42499999999972],[43.67708333333229,31.4312499999997],[43.693749999998914,31.4312499999997],[43.7062499999989,31.443749999999675],[43.7062499999989,31.452083333333043],[43.71041666666554,31.45624999999969],[43.71874999999895,31.44791666666638],[43.72291666666561,31.452083333333043],[43.73124999999894,31.452083333333043]]}},{"type":"Feature","properties":{"HYRIV_ID":20766825,"NEXT_DOWN":20765788,"MAIN_RIV":20791150,"LENGTH_KM":8.5500002,"CATCH_SKM":29.85,"DIS_AV_CMS":0.85600001,"ORD_STRA":4,"ORD_FLOW":7},"geometry":{"type":"LineString","coordinates":[[43.89374999999893,31.42708333333305],[43.93541666666562,31.46874999999971],[43.93541666666562,31.47291666666637],[43.93958333333228,31.477083333333034],[43.93958333333228,31.48958333333305]]}},{"type":"Feature","properties":{"HYRIV_ID":20766894,"NEXT_DOWN":20767186,"MAIN_RIV":20767464,"LENGTH_KM":4.2,"CATCH_SKM":7.8800001,"DIS_AV_CMS":0.028,"ORD_STRA":2,"ORD_FLOW":8},"geometry":{"type":"LineString","coordinates":[[42.23958333333226,31.42708333333305],[42.24374999999901,31.4312499999997],[42.25208333333222,31.4312499999997],[42.260416666665634,31.422916666666346],[42.27708333333226,31.422916666666346]]}},{"type":"Feature","properties":{"HYRIV_ID":20766895,"NEXT_DOWN":20767186,"MAIN_RIV":20767464,"LENGTH_KM":6.96,"CATCH_SKM":38.82,"DIS_AV_CMS":0.005,"ORD_STRA":1,"ORD_FLOW":9},"geometry":{"type":"LineString","coordinates":[[42.24583333333226,31.462499999999686],[42.260416666665634,31.44791666666638],[42.2645833333323,31.452083333333043],[42.26874999999896,31.44791666666638],[42.27291666666562,31.44791666666638],[42.28124999999892,31.439583333333026],[42.27708333333226,31.435416666666363],[42.27708333333226,31.422916666666346]]}},{"type":"Feature","properties":{"HYRIV_ID":20766896,"NEXT_DOWN":20767188,"MAIN_RIV":20767464,"LENGTH_KM":10.45,"CATCH_SKM":40.099998,"DIS_AV_CMS":0.004,"ORD_STRA":1,"ORD_FLOW":9},"geometry":{"type":"LineString","coordinates":[[42.31249999999895,31.458333333333023],[42.322916666665606,31.44791666666638],[42.339583333332314,31.44791666666638],[42.34374999999898,31.443749999999675],[42.34791666666564,31.443749999999675],[42.3520833333323,31.439583333333026],[42.35624999999894,31.443749999999675],[42.37291666666559,31.443749999999675],[42.37708333333225,31.439583333333026],[42.381249999998886,31.439583333333026],[42.385416666665634,31.435416666666363],[42.385416666665634,31.42708333333305],[42.3895833333323,31.422916666666346],[42.39374999999896,31.422916666666346]]}},{"type":"Feature","properties":{"HYRIV_ID":20766897,"NEXT_DOWN":20767188,"MAIN_RIV":20767464,"LENGTH_KM":5.7600002,"CATCH_SKM":25.09,"DIS_AV_CMS":0.033,"ORD_STRA":3,"ORD_FLOW":8},"geometry":{"type":"LineString","coordinates":[[42.418749999998994,31.46458333333306],[42.418749999998994,31.45624999999969],[42.414583333332246,31.452083333333043],[42.414583333332246,31.44791666666638],[42.402083333332286,31.435416666666363],[42.39791666666562,31.435416666666363],[42.39374999999896,31.4312499999997],[42.39374999999896,31.422916666666346]]}},{"type":"Feature","properties":{"HYRIV_ID":20766898,"NEXT_DOWN":20766466,"MAIN_RIV":20791150,"LENGTH_KM":12.52,"CATCH_SKM":44.880001,"DIS_AV_CMS":0.004,"ORD_STRA":1,"ORD_FLOW":9},"geometry":{"type":"LineString","coordinates":[[42.849999999998886,31.420833333333015],[42.84374999999892,31.42708333333305],[42.84374999999892,31.4312499999997],[42.835416666665594,31.439583333333026],[42.835416666665594,31.443749999999675],[42.83124999999893,31.443749999999675],[42.82708333333227,31.44791666666638],[42.822916666665606,31.443749999999675],[42.81874999999897,31.44791666666638],[42.81458333333231,31.443749999999675],[42.810416666665645,31.443749999999675],[42.80624999999898,31.44791666666638],[42.802083333332234,31.443749999999675],[42.789583333332274,31.45624999999969],[42.76874999999899,31.45624999999969],[42.76041666666558,31.44791666666638]]}},{"type":"Feature","properties":{"HYRIV_ID":20766899,"NEXT_DOWN":20766190,"MAIN_RIV":20765781,"LENGTH_KM":6.4400001,"CATCH_SKM":20.51,"DIS_AV_CMS":0.012,"ORD_STRA":2,"ORD_FLOW":8},"geometry":{"type":"LineString","coordinates":[[43.03124999999895,31.422916666666346],[43.027083333332314,31.42708333333305],[43.027083333332314,31.4312499999997],[43.0187499999989,31.439583333333026],[43.0187499999989,31.44791666666638],[43.01041666666558,31.45624999999969],[43.006249999998914,31.45624999999969],[43.00208333333228,31.460416666666355],[42.99791666666562,31.460416666666355],[42.993749999998954,31.46458333333306]]}},{"type":"Feature","properties":{"HYRIV_ID":20766972,"NEXT_DOWN":20766470,"MAIN_RIV":20766470,"LENGTH_KM":3.6800001,"CATCH_SKM":10.62,"DIS_AV_CMS":0.0,"ORD_STRA":4,"ORD_FLOW":10},"geometry":{"type":"LineString","coordinates":[[43.16874999999894,31.418749999999683],[43.164583333332274,31.422916666666346],[43.16874999999894,31.42708333333305],[43.16874999999894,31.443749999999675],[43.1729166666656,31.44791666666638]]}},{"type":"Feature","properties":{"HYRIV_ID":20766973,"NEXT_DOWN":20767040,"MAIN_RIV":20766470,"LENGTH_KM":2.1300001,"CATCH_SKM":14.65,"DIS_AV_CMS":0.013,"ORD_STRA":1,"ORD_FLOW":8},"geometry":{"type":"LineString","coordinates":[[43.224999999998914,31.43333333333303],[43.21041666666562,31.418749999999683]]}},{"type":"Feature","properties":{"HYRIV_ID":20767037,"NEXT_DOWN":20767333,"MAIN_RIV":20767849,"LENGTH_KM":0.69,"CATCH_SKM":15.75,"DIS_AV_CMS":0.01,"ORD_STRA":1,"ORD_FLOW":8},"geometry":{"type":"LineString","coordinates":[[42.056249999998954,31.420833333333015],[42.056249999998954,31.414583333333034]]}},{"type":"Feature","properties":{"HYRIV_ID":20767038,"NEXT_DOWN":20766125,"MAIN_RIV":20765781,"LENGTH_KM":7.9899998,"CATCH_SKM":41.759998,"DIS_AV_CMS":0.006,"ORD_STRA":1,"ORD_FLOW":9},"geometry":{"type":"LineString","coordinates":[[42.91249999999894,31.412499999999703],[42.91874999999894,31.418749999999683],[42.91874999999894,31.42708333333305],[42.927083333332234,31.435416666666363],[42.927083333332234,31.443749999999675],[42.9229166666656,31.44791666666638],[42.9229166666656,31.452083333333043],[42.91874999999894,31.45624999999969],[42.91874999999894,31.46458333333306],[42.9229166666656,31.46874999999971],[42.9312499999989,31.46874999999971]]}},{"type":"Feature","properties":{"HYRIV_ID":20767039,"NEXT_DOWN":20766899,"MAIN_RIV":20765781,"LENGTH_KM":1.3,"CATCH_SKM":13.38,"DIS_AV_CMS":0.008,"ORD_STRA":1,"ORD_FLOW":9},"geometry":{"type":"LineString","coordinates":[[43.03541666666561,31.412499999999703],[43.03541666666561,31.418749999999683],[43.03124999999895,31.422916666666346]]}},{"type":"Feature","properties":{"HYRIV_ID":20767040,"NEXT_DOWN":20766972,"MAIN_RIV":20766470,"LENGTH_KM":5.2399998,"CATCH_SKM":15.02,"DIS_AV_CMS":0.017,"ORD_STRA":2,"ORD_FLOW":8},"geometry":{"type":"LineString","coordinates":[[43.21041666666562,31.418749999999683],[43.20624999999896,31.422916666666346],[43.197916666665634,31.422916666666346],[43.18958333333222,31.414583333333034],[43.18541666666559,31.414583333333034],[43.17708333333226,31.422916666666346],[43.1729166666656,31.422916666666346],[43.16874999999894,31.418749999999683]]}},{"type":"Feature","properties":{"HYRIV_ID":20767041,"NEXT_DOWN":20765250,"MAIN_RIV":20791150,"LENGTH_KM":13.59,"CATCH_SKM":65.559998,"DIS_AV_CMS":0.004,"ORD_STRA":1,"ORD_FLOW":9},"geometry":{"type":"LineString","coordinates":[[43.383333333332274,31.412499999999703],[43.39374999999893,31.422916666666346],[43.39374999999893,31.42708333333305],[43.397916666665566,31.42708333333305],[43.40208333333223,31.4312499999997],[43.40208333333223,31.435416666666363],[43.40624999999898,31.439583333333026],[43.40624999999898,31.44791666666638],[43.4145833333323,31.45624999999969],[43.4145833333323,31.460416666666355],[43.418749999998965,31.46458333333306],[43.418749999998965,31.47291666666637],[43.4229166666656,31.477083333333034],[43.4229166666656,31.51041666666638],[43.418749999998965,31.514583333333],[43.418749999998965,31.518749999999706]]}},{"type":"Feature","properties":{"HYRIV_ID":20767185,"NEXT_DOWN":20767333,"MAIN_RIV":20767849,"LENGTH_KM":16.93,"CATCH_SKM":46.34,"DIS_AV_CMS":6.3839998,"ORD_STRA":5,"ORD_FLOW":6},"geometry":{"type":"LineString","coordinates":[[41.918749999998965,31.435416666666363],[41.92291666666563,31.439583333333026],[41.92708333333229,31.439583333333026],[41.931249999998954,31.435416666666363],[41.93958333333225,31.435416666666363],[41.943749999999,31.439583333333026],[41.95624999999899,31.439583333333026],[41.964583333332286,31.4312499999997],[41.964583333332286,31.42708333333305],[41.97291666666561,31.418749999999683],[41.9937499999989,31.418749999999683],[42.00624999999897,31.40624999999971],[42.01874999999893,31.418749999999683],[42.02708333333226,31.418749999999683],[42.03124999999892,31.422916666666346],[42.03541666666567,31.422916666666346],[42.043749999998965,31.414583333333034],[42.056249999998954,31.414583333333034]]}},{"type":"Feature","properties":{"HYRIV_ID":20767186,"NEXT_DOWN":20767263,"MAIN_RIV":20767464,"LENGTH_KM":2.54,"CATCH_SKM":3.6600001,"DIS_AV_CMS":0.03,"ORD_STRA":2,"ORD_FLOW":8},"geometry":{"type":"LineString","coordinates":[[42.27708333333226,31.422916666666346],[42.28124999999892,31.422916666666346],[42.28541666666558,31.418749999999683],[42.28541666666558,31.41041666666637],[42.28958333333233,31.40624999999971]]}},{"type":"Feature","properties":{"HYRIV_ID":20767187,"NEXT_DOWN":20767463,"MAIN_RIV":20767464,"LENGTH_KM":2.8,"CATCH_SKM":4.4,"DIS_AV_CMS":0.046,"ORD_STRA":3,"ORD_FLOW":8},"geometry":{"type":"LineString","coordinates":[[42.381249999998886,31.40624999999971],[42.385416666665634,31.41041666666637],[42.3895833333323,31.41041666666637],[42.39374999999896,31.40624999999971],[42.40624999999892,31.40624999999971]]}},{"type":"Feature","properties":{"HYRIV_ID":20767188,"NEXT_DOWN":20767463,"MAIN_RIV":20767464,"LENGTH_KM":2.29,"CATCH_SKM":4.4,"DIS_AV_CMS":0.033,"ORD_STRA":3,"ORD_FLOW":8},"geometry":{"type":"LineString","coordinates":[[42.39374999999896,31.422916666666346],[42.39791666666562,31.418749999999683],[42.39791666666562,31.414583333333034],[42.40624999999892,31.40624999999971]]}},{"type":"Feature","properties":{"HYRIV_ID":20767189,"NEXT_DOWN":20767336,"MAIN_RIV":20767336,"LENGTH_KM":3.6,"CATCH_SKM":15.94,"DIS_AV_CMS":0.003,"ORD_STRA":1,"ORD_FLOW":9},"geometry":{"type":"LineString","coordinates":[[42.466666666665645,31.42916666666637],[42.47291666666564,31.422916666666346],[42.47291666666564,31.418749999999683],[42.481249999998965,31.41041666666637],[42.4854166666656,31.41041666666637],[42.48958333333226,31.40624999999971]]}},{"type":"Feature","properties":{"HYRIV_ID":20767190,"NEXT_DOWN":20767336,"MAIN_RIV":20767336,"LENGTH_KM":3.51,"CATCH_SKM":14.29,"DIS_AV_CMS":0.012,"ORD_STRA":2,"ORD_FLOW":8},"geometry":{"type":"LineString","coordinates":[[42.51041666666555,31.4312499999997],[42.50208333333225,31.422916666666346],[42.50208333333225,31.418749999999683],[42.48958333333226,31.40624999999971]]}},{"type":"Feature","properties":{"HYRIV_ID":20767191,"NEXT_DOWN":20767192,"MAIN_RIV":20791150,"LENGTH_KM":5.6500001,"CATCH_SKM":28.030001,"DIS_AV_CMS":0.004,"ORD_STRA":1,"ORD_FLOW":9},"geometry":{"type":"LineString","coordinates":[[42.587499999998926,31.40624999999971],[42.59374999999889,31.40624999999971],[42.61041666666563,31.422916666666346],[42.618749999998926,31.422916666666346],[42.631249999998914,31.41041666666637]]}},{"type":"Feature","properties":{"HYRIV_ID":20767192,"NEXT_DOWN":20766821,"MAIN_RIV":20791150,"LENGTH_KM":9.3599997,"CATCH_SKM":40.669998,"DIS_AV_CMS":0.008,"ORD_STRA":2,"ORD_FLOW":9},"geometry":{"type":"LineString","coordinates":[[42.631249999998914,31.41041666666637],[42.64791666666562,31.41041666666637],[42.652083333332286,31.414583333333034],[42.66041666666561,31.414583333333034],[42.664583333332274,31.41041666666637],[42.67708333333232,31.41041666666637],[42.68124999999898,31.414583333333034],[42.68958333333231,31.40624999999971],[42.70208333333227,31.418749999999683],[42.70208333333227,31.42708333333305]]}},{"type":"Feature","properties":{"HYRIV_ID":20767193,"NEXT_DOWN":20767040,"MAIN_RIV":20766470,"LENGTH_KM":12.75,"CATCH_SKM":50.189999,"DIS_AV_CMS":0.018,"ORD_STRA":1,"ORD_FLOW":8},"geometry":{"type":"LineString","coordinates":[[43.30833333333226,31.4312499999997],[43.30208333333226,31.4312499999997],[43.2979166666656,31.42708333333305],[43.2979166666656,31.422916666666346],[43.2895833333323,31.414583333333034],[43.28541666666564,31.414583333333034],[43.277083333332314,31.40624999999971],[43.272916666665566,31.41041666666637],[43.26458333333227,31.41041666666637],[43.260416666665606,31.414583333333034],[43.25624999999894,31.414583333333034],[43.25208333333228,31.41041666666637],[43.239583333332234,31.41041666666637],[43.23124999999891,31.418749999999683],[43.227083333332246,31.414583333333034],[43.22291666666558,31.414583333333034],[43.21874999999892,31.41041666666637],[43.21041666666562,31.418749999999683]]}},{"type":"Feature","properties":{"HYRIV_ID":20767194,"NEXT_DOWN":20766408,"MAIN_RIV":20791150,"LENGTH_KM":7.1599998,"CATCH_SKM":15.2,"DIS_AV_CMS":0.313,"ORD_STRA":3,"ORD_FLOW":7},"geometry":{"type":"LineString","coordinates":[[43.960416666665566,31.40624999999971],[43.96874999999889,31.414583333333034],[43.96874999999889,31.422916666666346],[43.977083333332274,31.4312499999997],[43.977083333332274,31.443749999999675],[43.98124999999894,31.44791666666638],[43.9854166666656,31.44791666666638],[43.98958333333226,31.452083333333043],[43.99791666666556,31.452083333333043]]}},{"type":"Feature","properties":{"HYRIV_ID":20767262,"NEXT_DOWN":20767263,"MAIN_RIV":20767464,"LENGTH_KM":0.91,"CATCH_SKM":11.18,"DIS_AV_CMS":0.001,"ORD_STRA":1,"ORD_FLOW":9},"geometry":{"type":"LineString","coordinates":[[42.28333333333225,31.399999999999686],[42.28958333333233,31.40624999999971]]}},{"type":"Feature","properties":{"HYRIV_ID":20767263,"NEXT_DOWN":20767187,"MAIN_RIV":20767464,"LENGTH_KM":10.41,"CATCH_SKM":35.169998,"DIS_AV_CMS":0.022,"ORD_STRA":2,"ORD_FLOW":8},"geometry":{"type":"LineString","coordinates":[[42.28958333333233,31.40624999999971],[42.29791666666566,31.40624999999971],[42.30208333333229,31.402083333333017],[42.306249999998954,31.402083333333017],[42.31874999999894,31.414583333333034],[42.339583333332314,31.414583333333034],[42.34374999999898,31.418749999999683],[42.3520833333323,31.418749999999683],[42.35624999999894,31.414583333333034],[42.368749999998926,31.414583333333034],[42.37291666666559,31.41041666666637],[42.37708333333225,31.41041666666637],[42.381249999998886,31.40624999999971]]}},{"type":"Feature","properties":{"HYRIV_ID":20767264,"NEXT_DOWN":20767192,"MAIN_RIV":20791150,"LENGTH_KM":1.3,"CATCH_SKM":14.29,"DIS_AV_CMS":0.002,"ORD_STRA":1,"ORD_FLOW":9},"geometry":{"type":"LineString","coordinates":[[42.62708333333225,31.399999999999686],[42.62708333333225,31.40624999999971],[42.631249999998914,31.41041666666637]]}},{"type":"Feature","properties":{"HYRIV_ID":20767265,"NEXT_DOWN":20766899,"MAIN_RIV":20765781,"LENGTH_KM":3.49,"CATCH_SKM":19.969999,"DIS_AV_CMS":0.009,"ORD_STRA":1,"ORD_FLOW":9},"geometry":{"type":"LineString","coordinates":[[43.008333333332246,31.402083333333017],[43.01458333333224,31.402083333333017],[43.03124999999895,31.418749999999683],[43.03124999999895,31.422916666666346]]}},{"type":"Feature","properties":{"HYRIV_ID":20767266,"NEXT_DOWN":20766406,"MAIN_RIV":20791150,"LENGTH_KM":9.1499996,"CATCH_SKM":25.65,"DIS_AV_CMS":0.006,"ORD_STRA":1,"ORD_FLOW":9},"geometry":{"type":"LineString","coordinates":[[43.69166666666558,31.402083333333017],[43.69791666666558,31.402083333333017],[43.70208333333224,31.40624999999971],[43.7062499999989,31.40624999999971],[43.714583333332286,31.414583333333034],[43.73124999999894,31.414583333333034],[43.73541666666557,31.418749999999683],[43.73541666666557,31.435416666666363],[43.73124999999894,31.439583333333026],[43.73124999999894,31.443749999999675],[43.73541666666557,31.44791666666638],[43.73124999999894,31.452083333333043]]}},{"type":"Feature","properties":{"HYRIV_ID":20767333,"NEXT_DOWN":20768124,"MAIN_RIV":20767849,"LENGTH_KM":2.6900001,"CATCH_SKM":3.85,"DIS_AV_CMS":5.9699998,"ORD_STRA":5,"ORD_FLOW":6},"geometry":{"type":"LineString","coordinates":[[42.056249999998954,31.414583333333034],[42.06041666666562,31.414583333333034],[42.068749999998914,31.40624999999971],[42.068749999998914,31.402083333333017],[42.07291666666566,31.397916666666397]]}},{"type":"Feature","properties":{"HYRIV_ID":20767334,"NEXT_DOWN":20768124,"MAIN_RIV":20767849,"LENGTH_KM":2.9100001,"CATCH_SKM":23.809999,"DIS_AV_CMS":0.016,"ORD_STRA":1,"ORD_FLOW":8},"geometry":{"type":"LineString","coordinates":[[42.08333333333232,31.420833333333015],[42.077083333332325,31.414583333333034],[42.077083333332325,31.402083333333017],[42.07291666666566,31.397916666666397]]}},{"type":"Feature","properties":{"HYRIV_ID":20767335,"NEXT_DOWN":20766894,"MAIN_RIV":20767464,"LENGTH_KM":5.3,"CATCH_SKM":13.01,"DIS_AV_CMS":0.026,"ORD_STRA":2,"ORD_FLOW":8},"geometry":{"type":"LineString","coordinates":[[42.20208333333224,31.397916666666397],[42.21041666666565,31.40624999999971],[42.214583333332314,31.40624999999971],[42.21874999999898,31.41041666666637],[42.227083333332274,31.41041666666637],[42.2354166666656,31.418749999999683],[42.2354166666656,31.422916666666346],[42.23958333333226,31.42708333333305]]}},{"type":"Feature","properties":{"HYRIV_ID":20767336,"NEXT_DOWN":0,"MAIN_RIV":20767336,"LENGTH_KM":1.22,"CATCH_SKM":3.6600001,"DIS_AV_CMS":0.016,"ORD_STRA":2,"ORD_FLOW":8},"geometry":{"type":"LineString","coordinates":[[42.48958333333226,31.40624999999971],[42.481249999998965,31.397916666666397]]}},{"type":"Feature","properties":{"HYRIV_ID":20767337,"NEXT_DOWN":20766751,"MAIN_RIV":20791150,"LENGTH_KM":4.4299998,"CATCH_SKM":9.71,"DIS_AV_CMS":0.01,"ORD_STRA":2,"ORD_FLOW":8},"geometry":{"type":"LineString","coordinates":[[42.777083333332286,31.397916666666397],[42.78541666666561,31.40624999999971],[42.78541666666561,31.41041666666637],[42.77291666666562,31.422916666666346],[42.77291666666562,31.4312499999997]]}},{"type":"Feature","properties":{"HYRIV_ID":20767391,"NEXT_DOWN":20767335,"MAIN_RIV":20767464,"LENGTH_KM":4.6100001,"CATCH_SKM":19.790001,"DIS_AV_CMS":0.009,"ORD_STRA":1,"ORD_FLOW":9},"geometry":{"type":"LineString","coordinates":[[42.162499999999,31.397916666666397],[42.168749999998994,31.397916666666397],[42.17291666666563,31.39374999999969],[42.181249999998954,31.39374999999969],[42.18541666666562,31.397916666666397],[42.19374999999894,31.397916666666397],[42.19791666666558,31.39374999999969],[42.20208333333224,31.397916666666397]]}},{"type":"Feature","properties":{"HYRIV_ID":20767392,"NEXT_DOWN":20765918,"MAIN_RIV":20791150,"LENGTH_KM":16.209999,"CATCH_SKM":58.25,"DIS_AV_CMS":0.012,"ORD_STRA":1,"ORD_FLOW":8},"geometry":{"type":"LineString","coordinates":[[43.57916666666554,31.39166666666636],[43.58541666666554,31.397916666666397],[43.589583333332286,31.397916666666397],[43.59374999999895,31.402083333333017],[43.602083333332274,31.402083333333017],[43.61041666666557,31.41041666666637],[43.61041666666557,31.418749999999683],[43.62708333333231,31.435416666666363],[43.63124999999894,31.435416666666363],[43.635416666665606,31.4312499999997],[43.64374999999893,31.4312499999997],[43.647916666665594,31.435416666666363],[43.65208333333226,31.435416666666363],[43.65624999999892,31.439583333333026],[43.65624999999892,31.443749999999675],[43.668749999998965,31.45624999999969],[43.668749999998965,31.46458333333306],[43.67291666666563,31.46874999999971],[43.67291666666563,31.47291666666637],[43.681249999998954,31.481249999999683]]}},{"type":"Feature","properties":{"HYRIV_ID":20767463,"NEXT_DOWN":20767464,"MAIN_RIV":20767464,"LENGTH_KM":2.83,"CATCH_SKM":15.39,"DIS_AV_CMS":0.071,"ORD_STRA":4,"ORD_FLOW":8},"geometry":{"type":"LineString","coordinates":[[42.40624999999892,31.40624999999971],[42.414583333332246,31.397916666666397],[42.418749999998994,31.397916666666397],[42.42708333333232,31.38958333333303]]}},{"type":"Feature","properties":{"HYRIV_ID":20767464,"NEXT_DOWN":0,"MAIN_RIV":20767464,"LENGTH_KM":5.5700002,"CATCH_SKM":18.870001,"DIS_AV_CMS":0.053,"ORD_STRA":4,"ORD_FLOW":8},"geometry":{"type":"LineString","coordinates":[[42.42708333333232,31.38958333333303],[42.431249999998954,31.38958333333303],[42.43541666666562,31.39374999999969],[42.43958333333228,31.39374999999969],[42.44374999999894,31.397916666666397],[42.481249999998965,31.397916666666397]]}},{"type":"Feature","properties":{"HYRIV_ID":20767541,"NEXT_DOWN":20766825,"MAIN_RIV":20791150,"LENGTH_KM":22.25,"CATCH_SKM":70.910004,"DIS_AV_CMS":0.053,"ORD_STRA":1,"ORD_FLOW":8},"geometry":{"type":"LineString","coordinates":[[43.729166666665606,31.38541666666638],[43.7437499999989,31.38541666666638],[43.74791666666556,31.38958333333303],[43.75624999999897,31.38958333333303],[43.760416666665634,31.39374999999969],[43.760416666665634,31.402083333333017],[43.76874999999893,31.39374999999969],[43.772916666665594,31.39374999999969],[43.77708333333226,31.397916666666397],[43.80208333333229,31.397916666666397],[43.806249999998954,31.402083333333017],[43.81041666666562,31.397916666666397],[43.818749999998914,31.397916666666397],[43.82708333333224,31.40624999999971],[43.82708333333224,31.41041666666637],[43.8312499999989,31.414583333333034],[43.8312499999989,31.422916666666346],[43.835416666665566,31.42708333333305],[43.83958333333223,31.422916666666346],[43.84374999999886,31.422916666666346],[43.84791666666561,31.42708333333305],[43.85624999999894,31.42708333333305],[43.86458333333226,31.435416666666363],[43.8687499999989,31.435416666666363],[43.87291666666556,31.439583333333026],[43.88124999999897,31.439583333333026],[43.885416666665634,31.435416666666363],[43.8895833333323,31.435416666666363],[43.89374999999893,31.4312499999997],[43.89374999999893,31.42708333333305]]}},{"type":"Feature","properties":{"HYRIV_ID":20767591,"NEXT_DOWN":20767337,"MAIN_RIV":20791150,"LENGTH_KM":2.4,"CATCH_SKM":7.33,"DIS_AV_CMS":0.004,"ORD_STRA":2,"ORD_FLOW":9},"geometry":{"type":"LineString","coordinates":[[42.78541666666561,31.381249999999717],[42.78541666666561,31.39374999999969],[42.78124999999895,31.397916666666397],[42.777083333332286,31.397916666666397]]}},{"type":"Feature","properties":{"HYRIV_ID":20767650,"NEXT_DOWN":20767591,"MAIN_RIV":20791150,"LENGTH_KM":0.91,"CATCH_SKM":11.18,"DIS_AV_CMS":0.001,"ORD_STRA":1,"ORD_FLOW":9},"geometry":{"type":"LineString","coordinates":[[42.791666666665606,31.374999999999694],[42.78541666666561,31.381249999999717]]}},{"type":"Feature","properties":{"HYRIV_ID":20767651,"NEXT_DOWN":20767194,"MAIN_RIV":20791150,"LENGTH_KM":3.6800001,"CATCH_SKM":6.6,"DIS_AV_CMS":0.222,"ORD_STRA":3,"ORD_FLOW":7},"geometry":{"type":"LineString","coordinates":[[43.96458333333223,31.37708333333301],[43.96874999999889,31.381249999999717],[43.960416666665566,31.38958333333303],[43.960416666665566,31.40624999999971]]}},{"type":"Feature","properties":{"HYRIV_ID":20767719,"NEXT_DOWN":20767720,"MAIN_RIV":20791150,"LENGTH_KM":2.9200001,"CATCH_SKM":14.11,"DIS_AV_CMS":0.017,"ORD_STRA":1,"ORD_FLOW":8},"geometry":{"type":"LineString","coordinates":[[43.820833333332246,31.38749999999971],[43.82708333333224,31.381249999999717],[43.8312499999989,31.381249999999717],[43.835416666665566,31.37708333333301],[43.83958333333223,31.37708333333301],[43.84374999999886,31.372916666666406]]}},{"type":"Feature","properties":{"HYRIV_ID":20767720,"NEXT_DOWN":20766825,"MAIN_RIV":20791150,"LENGTH_KM":7.77,"CATCH_SKM":34.080002,"DIS_AV_CMS":0.76,"ORD_STRA":4,"ORD_FLOW":7},"geometry":{"type":"LineString","coordinates":[[43.84374999999886,31.372916666666406],[43.885416666665634,31.414583333333034],[43.885416666665634,31.418749999999683],[43.89374999999893,31.42708333333305]]}},{"type":"Feature","properties":{"HYRIV_ID":20767777,"NEXT_DOWN":20767778,"MAIN_RIV":20767464,"LENGTH_KM":3.6800001,"CATCH_SKM":29.32,"DIS_AV_CMS":0.005,"ORD_STRA":1,"ORD_FLOW":9},"geometry":{"type":"LineString","coordinates":[[42.274999999998926,31.374999999999694],[42.28124999999892,31.3687499999997],[42.31041666666562,31.3687499999997]]}},{"type":"Feature","properties":{"HYRIV_ID":20767778,"NEXT_DOWN":20767779,"MAIN_RIV":20767464,"LENGTH_KM":4.02,"CATCH_SKM":11.55,"DIS_AV_CMS":0.025,"ORD_STRA":2,"ORD_FLOW":8},"geometry":{"type":"LineString","coordinates":[[42.31041666666562,31.3687499999997],[42.31458333333228,31.3687499999997],[42.322916666665606,31.37708333333301],[42.3312499999989,31.37708333333301],[42.33541666666565,31.372916666666406],[42.339583333332314,31.372916666666406],[42.34374999999898,31.3687499999997]]}},{"type":"Feature","properties":{"HYRIV_ID":20767779,"NEXT_DOWN":20767187,"MAIN_RIV":20767464,"LENGTH_KM":7.02,"CATCH_SKM":29.690001,"DIS_AV_CMS":0.03,"ORD_STRA":2,"ORD_FLOW":8},"geometry":{"type":"LineString","coordinates":[[42.34374999999898,31.3687499999997],[42.34791666666564,31.3687499999997],[42.35624999999894,31.37708333333301],[42.37291666666559,31.37708333333301],[42.381249999998886,31.38541666666638],[42.381249999998886,31.39374999999969],[42.37708333333225,31.397916666666397],[42.381249999998886,31.402083333333017],[42.381249999998886,31.40624999999971]]}},{"type":"Feature","properties":{"HYRIV_ID":20767849,"NEXT_DOWN":0,"MAIN_RIV":20767849,"LENGTH_KM":4.14,"CATCH_SKM":19.43,"DIS_AV_CMS":0.0,"ORD_STRA":6,"ORD_FLOW":10},"geometry":{"type":"LineString","coordinates":[[42.46874999999898,31.364583333333037],[42.4770833333323,31.372916666666406],[42.4770833333323,31.381249999999717],[42.481249999998965,31.38541666666638],[42.481249999998965,31.397916666666397]]}},{"type":"Feature","properties":{"HYRIV_ID":20767850,"NEXT_DOWN":20767591,"MAIN_RIV":20791150,"LENGTH_KM":2.3,"CATCH_SKM":17.23,"DIS_AV_CMS":0.002,"ORD_STRA":1,"ORD_FLOW":9},"geometry":{"type":"LineString","coordinates":[[42.77916666666562,31.36249999999972],[42.78541666666561,31.3687499999997],[42.78541666666561,31.381249999999717]]}},{"type":"Feature","properties":{"HYRIV_ID":20767851,"NEXT_DOWN":20767194,"MAIN_RIV":20791150,"LENGTH_KM":9.54,"CATCH_SKM":33.720001,"DIS_AV_CMS":0.072,"ORD_STRA":2,"ORD_FLOW":8},"geometry":{"type":"LineString","coordinates":[[43.8895833333323,31.364583333333037],[43.90208333333226,31.37708333333301],[43.91041666666558,31.37708333333301],[43.914583333332246,31.381249999999717],[43.92708333333229,31.381249999999717],[43.93541666666562,31.38958333333303],[43.93958333333228,31.38958333333303],[43.94791666666558,31.397916666666397],[43.94791666666558,31.402083333333017],[43.9562499999989,31.41041666666637],[43.960416666665566,31.40624999999971]]}},{"type":"Feature","properties":{"HYRIV_ID":20767933,"NEXT_DOWN":20767851,"MAIN_RIV":20791150,"LENGTH_KM":0.91,"CATCH_SKM":11.0,"DIS_AV_CMS":0.012,"ORD_STRA":1,"ORD_FLOW":8},"geometry":{"type":"LineString","coordinates":[[43.89583333333226,31.358333333333015],[43.8895833333323,31.364583333333037]]}},{"type":"Feature","properties":{"HYRIV_ID":20767996,"NEXT_DOWN":20767779,"MAIN_RIV":20767464,"LENGTH_KM":1.77,"CATCH_SKM":12.1,"DIS_AV_CMS":0.005,"ORD_STRA":1,"ORD_FLOW":9},"geometry":{"type":"LineString","coordinates":[[42.339583333332314,31.35416666666635],[42.339583333332314,31.364583333333037],[42.34374999999898,31.3687499999997]]}},{"type":"Feature","properties":{"HYRIV_ID":20767997,"NEXT_DOWN":20767849,"MAIN_RIV":20767849,"LENGTH_KM":1.0700001,"CATCH_SKM":2.57,"DIS_AV_CMS":0.0,"ORD_STRA":6,"ORD_FLOW":10},"geometry":{"type":"LineString","coordinates":[[42.464583333332314,31.356249999999683],[42.46874999999898,31.36041666666639],[42.46874999999898,31.364583333333037]]}},{"type":"Feature","properties":{"HYRIV_ID":20767998,"NEXT_DOWN":20767849,"MAIN_RIV":20767849,"LENGTH_KM":4.1900001,"CATCH_SKM":21.27,"DIS_AV_CMS":0.011,"ORD_STRA":1,"ORD_FLOW":8},"geometry":{"type":"LineString","coordinates":[[42.508333333332246,31.356249999999683],[42.50208333333225,31.356249999999683],[42.49791666666559,31.36041666666639],[42.4854166666656,31.36041666666639],[42.481249999998965,31.364583333333037],[42.46874999999898,31.364583333333037]]}},{"type":"Feature","properties":{"HYRIV_ID":20767999,"NEXT_DOWN":20768186,"MAIN_RIV":20791150,"LENGTH_KM":5.75,"CATCH_SKM":39.950001,"DIS_AV_CMS":0.008,"ORD_STRA":1,"ORD_FLOW":9},"geometry":{"type":"LineString","coordinates":[[43.51249999999894,31.37708333333301],[43.51874999999893,31.37708333333301],[43.522916666665594,31.372916666666406],[43.52708333333223,31.372916666666406],[43.53541666666564,31.364583333333037],[43.5395833333323,31.364583333333037],[43.543749999998965,31.3687499999997],[43.54791666666563,31.364583333333037],[43.55208333333229,31.364583333333037],[43.55208333333229,31.356249999999683]]}},{"type":"Feature","properties":{"HYRIV_ID":20768000,"NEXT_DOWN":20768188,"MAIN_RIV":20791150,"LENGTH_KM":3.56,"CATCH_SKM":10.81,"DIS_AV_CMS":0.116,"ORD_STRA":3,"ORD_FLOW":7},"geometry":{"type":"LineString","coordinates":[[43.647916666665594,31.356249999999683],[43.68541666666559,31.356249999999683]]}},{"type":"Feature","properties":{"HYRIV_ID":20768052,"NEXT_DOWN":20767778,"MAIN_RIV":20767464,"LENGTH_KM":2.6900001,"CATCH_SKM":12.1,"DIS_AV_CMS":0.021,"ORD_STRA":2,"ORD_FLOW":8},"geometry":{"type":"LineString","coordinates":[[42.293749999998994,31.35208333333302],[42.30208333333229,31.36041666666639],[42.306249999998954,31.36041666666639],[42.306249999998954,31.364583333333037],[42.31041666666562,31.3687499999997]]}},{"type":"Feature","properties":{"HYRIV_ID":20768053,"NEXT_DOWN":20767464,"MAIN_RIV":20767464,"LENGTH_KM":5.3800001,"CATCH_SKM":17.959999,"DIS_AV_CMS":0.008,"ORD_STRA":1,"ORD_FLOW":9},"geometry":{"type":"LineString","coordinates":[[42.42291666666566,31.349999999999703],[42.42291666666566,31.356249999999683],[42.414583333332246,31.364583333333037],[42.418749999998994,31.3687499999997],[42.42291666666566,31.3687499999997],[42.42291666666566,31.372916666666406],[42.42708333333232,31.37708333333301],[42.42708333333232,31.38958333333303]]}},{"type":"Feature","properties":{"HYRIV_ID":20768054,"NEXT_DOWN":20767997,"MAIN_RIV":20767849,"LENGTH_KM":1.31,"CATCH_SKM":11.18,"DIS_AV_CMS":0.007,"ORD_STRA":1,"ORD_FLOW":9},"geometry":{"type":"LineString","coordinates":[[42.47499999999897,31.349999999999703],[42.46874999999898,31.356249999999683],[42.464583333332314,31.356249999999683]]}},{"type":"Feature","properties":{"HYRIV_ID":20768055,"NEXT_DOWN":20768608,"MAIN_RIV":20791150,"LENGTH_KM":0.91,"CATCH_SKM":10.45,"DIS_AV_CMS":0.001,"ORD_STRA":1,"ORD_FLOW":9},"geometry":{"type":"LineString","coordinates":[[43.491666666665566,31.358333333333015],[43.48541666666557,31.35208333333302]]}},{"type":"Feature","properties":{"HYRIV_ID":20768122,"NEXT_DOWN":20768182,"MAIN_RIV":20767849,"LENGTH_KM":1.84,"CATCH_SKM":14.29,"DIS_AV_CMS":0.011,"ORD_STRA":1,"ORD_FLOW":8},"geometry":{"type":"LineString","coordinates":[[42.0166666666656,31.36249999999972],[42.022916666665594,31.356249999999683],[42.022916666665594,31.34791666666637]]}},{"type":"Feature","properties":{"HYRIV_ID":20768123,"NEXT_DOWN":20768267,"MAIN_RIV":20767849,"LENGTH_KM":1.71,"CATCH_SKM":11.36,"DIS_AV_CMS":0.008,"ORD_STRA":1,"ORD_FLOW":9},"geometry":{"type":"LineString","coordinates":[[42.04999999999896,31.35416666666635],[42.056249999998954,31.34791666666637],[42.06458333333228,31.34791666666637]]}},{"type":"Feature","properties":{"HYRIV_ID":20768124,"NEXT_DOWN":20768267,"MAIN_RIV":20767849,"LENGTH_KM":6.6799998,"CATCH_SKM":20.709999,"DIS_AV_CMS":4.8860002,"ORD_STRA":5,"ORD_FLOW":6},"geometry":{"type":"LineString","coordinates":[[42.07291666666566,31.397916666666397],[42.07291666666566,31.39374999999969],[42.068749999998914,31.38958333333303],[42.06458333333228,31.38958333333303],[42.06458333333228,31.38541666666638],[42.068749999998914,31.381249999999717],[42.068749999998914,31.3687499999997],[42.06458333333228,31.364583333333037],[42.06458333333228,31.36041666666639],[42.068749999998914,31.356249999999683],[42.068749999998914,31.35208333333302],[42.06458333333228,31.34791666666637]]}},{"type":"Feature","properties":{"HYRIV_ID":20768125,"NEXT_DOWN":20767337,"MAIN_RIV":20791150,"LENGTH_KM":14.24,"CATCH_SKM":64.150002,"DIS_AV_CMS":0.006,"ORD_STRA":1,"ORD_FLOW":9},"geometry":{"type":"LineString","coordinates":[[42.68749999999898,31.37083333333303],[42.69374999999894,31.364583333333037],[42.69374999999894,31.36041666666639],[42.697916666665606,31.356249999999683],[42.70208333333227,31.356249999999683],[42.710416666665594,31.34791666666637],[42.71458333333226,31.35208333333302],[42.71458333333226,31.364583333333037],[42.71874999999889,31.3687499999997],[42.71874999999889,31.372916666666406],[42.722916666665554,31.37708333333301],[42.722916666665554,31.38958333333303],[42.731249999998965,31.38958333333303],[42.73958333333229,31.397916666666397],[42.777083333332286,31.397916666666397]]}},{"type":"Feature","properties":{"HYRIV_ID":20768126,"NEXT_DOWN":20768608,"MAIN_RIV":20791150,"LENGTH_KM":3.78,"CATCH_SKM":22.73,"DIS_AV_CMS":0.002,"ORD_STRA":1,"ORD_FLOW":9},"geometry":{"type":"LineString","coordinates":[[43.464583333332286,31.36666666666637],[43.464583333332286,31.356249999999683],[43.47291666666561,31.34791666666637],[43.477083333332246,31.34791666666637],[43.48124999999891,31.35208333333302],[43.48541666666557,31.35208333333302]]}},{"type":"Feature","properties":{"HYRIV_ID":20768182,"NEXT_DOWN":20768332,"MAIN_RIV":20767849,"LENGTH_KM":0.61,"CATCH_SKM":2.3800001,"DIS_AV_CMS":0.57,"ORD_STRA":4,"ORD_FLOW":7},"geometry":{"type":"LineString","coordinates":[[42.022916666665594,31.34791666666637],[42.02708333333226,31.34374999999971]]}},{"type":"Feature","properties":{"HYRIV_ID":20768183,"NEXT_DOWN":20767335,"MAIN_RIV":20767464,"LENGTH_KM":9.2200003,"CATCH_SKM":38.860001,"DIS_AV_CMS":0.018,"ORD_STRA":1,"ORD_FLOW":8},"geometry":{"type":"LineString","coordinates":[[42.19166666666561,31.34374999999971],[42.20624999999899,31.34374999999971],[42.214583333332314,31.35208333333302],[42.214583333332314,31.356249999999683],[42.21041666666565,31.36041666666639],[42.20208333333224,31.36041666666639],[42.19791666666558,31.364583333333037],[42.19791666666558,31.37708333333301],[42.20208333333224,31.381249999999717],[42.19791666666558,31.38541666666638],[42.19791666666558,31.38958333333303],[42.20208333333224,31.39374999999969],[42.20208333333224,31.397916666666397]]}},{"type":"Feature","properties":{"HYRIV_ID":20768184,"NEXT_DOWN":20768052,"MAIN_RIV":20767464,"LENGTH_KM":3.6400001,"CATCH_SKM":19.620001,"DIS_AV_CMS":0.008,"ORD_STRA":1,"ORD_FLOW":9},"geometry":{"type":"LineString","coordinates":[[42.262499999998965,31.34374999999971],[42.26874999999896,31.34374999999971],[42.26874999999896,31.34791666666637],[42.27291666666562,31.35208333333302],[42.293749999998994,31.35208333333302]]}},{"type":"Feature","properties":{"HYRIV_ID":20768185,"NEXT_DOWN":20768052,"MAIN_RIV":20767464,"LENGTH_KM":1.16,"CATCH_SKM":18.15,"DIS_AV_CMS":0.009,"ORD_STRA":1,"ORD_FLOW":9},"geometry":{"type":"LineString","coordinates":[[42.293749999998994,31.341666666666377],[42.293749999998994,31.35208333333302]]}},{"type":"Feature","properties":{"HYRIV_ID":20768186,"NEXT_DOWN":20768187,"MAIN_RIV":20791150,"LENGTH_KM":4.0900002,"CATCH_SKM":11.73,"DIS_AV_CMS":0.01,"ORD_STRA":3,"ORD_FLOW":8},"geometry":{"type":"LineString","coordinates":[[43.55208333333229,31.356249999999683],[43.556249999998926,31.35208333333302],[43.556249999998926,31.34791666666637],[43.56041666666559,31.34374999999971],[43.568749999998914,31.34374999999971],[43.57291666666558,31.34791666666637],[43.57708333333224,31.34791666666637],[43.581249999998875,31.34374999999971]]}},{"type":"Feature","properties":{"HYRIV_ID":20768187,"NEXT_DOWN":20768000,"MAIN_RIV":20791150,"LENGTH_KM":8.0699997,"CATCH_SKM":36.66,"DIS_AV_CMS":0.029,"ORD_STRA":3,"ORD_FLOW":8},"geometry":{"type":"LineString","coordinates":[[43.581249999998875,31.34374999999971],[43.58541666666554,31.34791666666637],[43.58541666666554,31.35208333333302],[43.59791666666561,31.364583333333037],[43.614583333332234,31.364583333333037],[43.62291666666556,31.356249999999683],[43.647916666665594,31.356249999999683]]}},{"type":"Feature","properties":{"HYRIV_ID":20768188,"NEXT_DOWN":20768269,"MAIN_RIV":20791150,"LENGTH_KM":3.4100001,"CATCH_SKM":13.01,"DIS_AV_CMS":0.127,"ORD_STRA":3,"ORD_FLOW":7},"geometry":{"type":"LineString","coordinates":[[43.68541666666559,31.356249999999683],[43.693749999998914,31.356249999999683],[43.69791666666558,31.35208333333302],[43.70208333333224,31.35208333333302],[43.71041666666554,31.34374999999971],[43.714583333332286,31.34374999999971]]}},{"type":"Feature","properties":{"HYRIV_ID":20768189,"NEXT_DOWN":20767720,"MAIN_RIV":20791150,"LENGTH_KM":8.04,"CATCH_SKM":45.470001,"DIS_AV_CMS":0.695,"ORD_STRA":4,"ORD_FLOW":7},"geometry":{"type":"LineString","coordinates":[[43.77708333333226,31.34791666666637],[43.79374999999888,31.34791666666637],[43.79791666666563,31.34374999999971],[43.81041666666562,31.34374999999971],[43.81458333333225,31.34791666666637],[43.818749999998914,31.34791666666637],[43.84374999999886,31.372916666666406]]}},{"type":"Feature","properties":{"HYRIV_ID":20768190,"NEXT_DOWN":20767851,"MAIN_RIV":20791150,"LENGTH_KM":3.6,"CATCH_SKM":14.48,"DIS_AV_CMS":0.019,"ORD_STRA":1,"ORD_FLOW":8},"geometry":{"type":"LineString","coordinates":[[43.866666666665566,31.341666666666377],[43.87708333333222,31.35208333333302],[43.88124999999897,31.35208333333302],[43.8895833333323,31.36041666666639],[43.8895833333323,31.364583333333037]]}},{"type":"Feature","properties":{"HYRIV_ID":20768191,"NEXT_DOWN":20767651,"MAIN_RIV":20791150,"LENGTH_KM":4.81,"CATCH_SKM":20.35,"DIS_AV_CMS":0.011,"ORD_STRA":1,"ORD_FLOW":8},"geometry":{"type":"LineString","coordinates":[[43.972916666665526,31.341666666666377],[43.972916666665526,31.34791666666637],[43.977083333332274,31.35208333333302],[43.972916666665526,31.356249999999683],[43.977083333332274,31.36041666666639],[43.96458333333223,31.372916666666406],[43.96458333333223,31.37708333333301]]}},{"type":"Feature","properties":{"HYRIV_ID":20768266,"NEXT_DOWN":20768182,"MAIN_RIV":20767849,"LENGTH_KM":4.4200001,"CATCH_SKM":7.1500001,"DIS_AV_CMS":0.56599998,"ORD_STRA":4,"ORD_FLOW":7},"geometry":{"type":"LineString","coordinates":[[41.9854166666656,31.339583333333046],[41.989583333332234,31.339583333333046],[41.997916666665645,31.34791666666637],[42.00208333333231,31.34791666666637],[42.00624999999897,31.34374999999971],[42.01874999999893,31.34374999999971],[42.022916666665594,31.34791666666637]]}},{"type":"Feature","properties":{"HYRIV_ID":20768267,"NEXT_DOWN":20768333,"MAIN_RIV":20767849,"LENGTH_KM":1.0700001,"CATCH_SKM":1.65,"DIS_AV_CMS":4.7259998,"ORD_STRA":5,"ORD_FLOW":6},"geometry":{"type":"LineString","coordinates":[[42.06458333333228,31.34791666666637],[42.06458333333228,31.34374999999971],[42.068749999998914,31.339583333333046]]}},{"type":"Feature","properties":{"HYRIV_ID":20768268,"NEXT_DOWN":20768188,"MAIN_RIV":20791150,"LENGTH_KM":2.23,"CATCH_SKM":16.32,"DIS_AV_CMS":0.007,"ORD_STRA":1,"ORD_FLOW":9},"geometry":{"type":"LineString","coordinates":[[43.681249999998954,31.337499999999714],[43.681249999998954,31.34374999999971],[43.68541666666559,31.34791666666637],[43.68541666666559,31.356249999999683]]}},{"type":"Feature","properties":{"HYRIV_ID":20768269,"NEXT_DOWN":20768189,"MAIN_RIV":20791150,"LENGTH_KM":6.58,"CATCH_SKM":26.219999,"DIS_AV_CMS":0.168,"ORD_STRA":3,"ORD_FLOW":7},"geometry":{"type":"LineString","coordinates":[[43.714583333332286,31.34374999999971],[43.71874999999895,31.339583333333046],[43.75208333333231,31.339583333333046],[43.75624999999897,31.34374999999971],[43.76874999999893,31.34374999999971],[43.772916666665594,31.34791666666637],[43.77708333333226,31.34791666666637]]}},{"type":"Feature","properties":{"HYRIV_ID":20768332,"NEXT_DOWN":20768333,"MAIN_RIV":20767849,"LENGTH_KM":5.0300002,"CATCH_SKM":9.1700001,"DIS_AV_CMS":0.53500003,"ORD_STRA":4,"ORD_FLOW":7},"geometry":{"type":"LineString","coordinates":[[42.02708333333226,31.34374999999971],[42.03541666666567,31.34374999999971],[42.0395833333323,31.34791666666637],[42.043749999998965,31.34374999999971],[42.04791666666563,31.34374999999971],[42.056249999998954,31.335416666666355],[42.06041666666562,31.335416666666355],[42.06458333333228,31.339583333333046],[42.068749999998914,31.339583333333046]]}},{"type":"Feature","properties":{"HYRIV_ID":20768333,"NEXT_DOWN":20768527,"MAIN_RIV":20767849,"LENGTH_KM":1.0,"CATCH_SKM":1.83,"DIS_AV_CMS":6.8579998,"ORD_STRA":5,"ORD_FLOW":6},"geometry":{"type":"LineString","coordinates":[[42.068749999998914,31.339583333333046],[42.07291666666566,31.335416666666355],[42.077083333332325,31.335416666666355]]}},{"type":"Feature","properties":{"HYRIV_ID":20768334,"NEXT_DOWN":20768462,"MAIN_RIV":20768678,"LENGTH_KM":7.64,"CATCH_SKM":33.720001,"DIS_AV_CMS":0.021,"ORD_STRA":1,"ORD_FLOW":8},"geometry":{"type":"LineString","coordinates":[[43.23333333333224,31.39166666666636],[43.227083333332246,31.38541666666638],[43.227083333332246,31.381249999999717],[43.21458333333226,31.3687499999997],[43.21458333333226,31.36041666666639],[43.23541666666557,31.339583333333046],[43.23541666666557,31.335416666666355]]}},{"type":"Feature","properties":{"HYRIV_ID":20768335,"NEXT_DOWN":20768462,"MAIN_RIV":20768678,"LENGTH_KM":8.1499996,"CATCH_SKM":39.59,"DIS_AV_CMS":0.023,"ORD_STRA":1,"ORD_FLOW":8},"geometry":{"type":"LineString","coordinates":[[43.28749999999897,31.374999999999694],[43.28124999999898,31.3687499999997],[43.2687499999989,31.3687499999997],[43.260416666665606,31.36041666666639],[43.25624999999894,31.36041666666639],[43.25208333333228,31.356249999999683],[43.24791666666562,31.36041666666639],[43.243749999998954,31.356249999999683],[43.243749999998954,31.35208333333302],[43.239583333332234,31.34791666666637],[43.239583333332234,31.339583333333046],[43.23541666666557,31.335416666666355]]}},{"type":"Feature","properties":{"HYRIV_ID":20768336,"NEXT_DOWN":20768534,"MAIN_RIV":20791150,"LENGTH_KM":8.2200003,"CATCH_SKM":49.849998,"DIS_AV_CMS":0.007,"ORD_STRA":1,"ORD_FLOW":9},"geometry":{"type":"LineString","coordinates":[[43.3624999999989,31.38749999999971],[43.3687499999989,31.381249999999717],[43.3687499999989,31.37708333333301],[43.37291666666562,31.372916666666406],[43.385416666665606,31.372916666666406],[43.39374999999893,31.364583333333037],[43.39374999999893,31.356249999999683],[43.397916666665566,31.35208333333302],[43.397916666665566,31.34791666666637],[43.41041666666564,31.335416666666355]]}},{"type":"Feature","properties":{"HYRIV_ID":20768401,"NEXT_DOWN":20768000,"MAIN_RIV":20791150,"LENGTH_KM":3.9100001,"CATCH_SKM":15.22,"DIS_AV_CMS":0.086,"ORD_STRA":2,"ORD_FLOW":8},"geometry":{"type":"LineString","coordinates":[[43.63124999999894,31.33124999999969],[43.635416666665606,31.335416666666355],[43.63958333333227,31.335416666666355],[43.65208333333226,31.34791666666637],[43.647916666665594,31.35208333333302],[43.647916666665594,31.356249999999683]]}},{"type":"Feature","properties":{"HYRIV_ID":20768459,"NEXT_DOWN":20768527,"MAIN_RIV":20767849,"LENGTH_KM":1.38,"CATCH_SKM":11.74,"DIS_AV_CMS":0.009,"ORD_STRA":1,"ORD_FLOW":9},"geometry":{"type":"LineString","coordinates":[[42.070833333332246,31.324999999999697],[42.077083333332325,31.33124999999969],[42.077083333332325,31.335416666666355]]}},{"type":"Feature","properties":{"HYRIV_ID":20768460,"NEXT_DOWN":20768528,"MAIN_RIV":20768762,"LENGTH_KM":3.53,"CATCH_SKM":30.610001,"DIS_AV_CMS":0.008,"ORD_STRA":1,"ORD_FLOW":9},"geometry":{"type":"LineString","coordinates":[[42.56666666666561,31.34583333333304],[42.57708333333227,31.335416666666355],[42.585416666665594,31.335416666666355],[42.59374999999889,31.32708333333303]]}},{"type":"Feature","properties":{"HYRIV_ID":20768461,"NEXT_DOWN":20768604,"MAIN_RIV":20768762,"LENGTH_KM":6.12,"CATCH_SKM":40.509998,"DIS_AV_CMS":0.007,"ORD_STRA":1,"ORD_FLOW":9},"geometry":{"type":"LineString","coordinates":[[42.8291666666656,31.34791666666637],[42.86458333333229,31.34791666666637],[42.868749999998954,31.34374999999971],[42.86458333333229,31.339583333333046],[42.86458333333229,31.335416666666355],[42.868749999998954,31.33124999999969],[42.868749999998954,31.32708333333303]]}},{"type":"Feature","properties":{"HYRIV_ID":20768462,"NEXT_DOWN":20768533,"MAIN_RIV":20768678,"LENGTH_KM":1.22,"CATCH_SKM":1.83,"DIS_AV_CMS":0.04,"ORD_STRA":2,"ORD_FLOW":8},"geometry":{"type":"LineString","coordinates":[[43.23541666666557,31.335416666666355],[43.227083333332246,31.32708333333303]]}},{"type":"Feature","properties":{"HYRIV_ID":20768463,"NEXT_DOWN":20768607,"MAIN_RIV":20791150,"LENGTH_KM":1.52,"CATCH_SKM":13.93,"DIS_AV_CMS":0.002,"ORD_STRA":1,"ORD_FLOW":9},"geometry":{"type":"LineString","coordinates":[[43.43333333333226,31.337499999999714],[43.443749999998914,31.32708333333303]]}},{"type":"Feature","properties":{"HYRIV_ID":20768527,"NEXT_DOWN":20768602,"MAIN_RIV":20767849,"LENGTH_KM":3.81,"CATCH_SKM":19.98,"DIS_AV_CMS":6.1209998,"ORD_STRA":5,"ORD_FLOW":6},"geometry":{"type":"LineString","coordinates":[[42.077083333332325,31.335416666666355],[42.08124999999899,31.33124999999969],[42.09791666666561,31.33124999999969],[42.102083333332274,31.32708333333303],[42.10624999999894,31.32708333333303],[42.1104166666656,31.32291666666638]]}},{"type":"Feature","properties":{"HYRIV_ID":20768528,"NEXT_DOWN":20769252,"MAIN_RIV":20768762,"LENGTH_KM":7.4,"CATCH_SKM":21.450001,"DIS_AV_CMS":0.015,"ORD_STRA":2,"ORD_FLOW":8},"geometry":{"type":"LineString","coordinates":[[42.59374999999889,31.32708333333303],[42.6020833333323,31.32708333333303],[42.606249999998965,31.32291666666638],[42.61041666666563,31.32708333333303],[42.61458333333226,31.32291666666638],[42.62708333333225,31.32291666666638],[42.631249999998914,31.32708333333303],[42.63541666666558,31.32291666666638],[42.66041666666561,31.32291666666638]]}},{"type":"Feature","properties":{"HYRIV_ID":20768529,"NEXT_DOWN":20769252,"MAIN_RIV":20768762,"LENGTH_KM":0.91,"CATCH_SKM":11.92,"DIS_AV_CMS":0.001,"ORD_STRA":1,"ORD_FLOW":9},"geometry":{"type":"LineString","coordinates":[[42.66666666666558,31.32916666666636],[42.66041666666561,31.32291666666638]]}},{"type":"Feature","properties":{"HYRIV_ID":20768530,"NEXT_DOWN":0,"MAIN_RIV":20768530,"LENGTH_KM":9.6400003,"CATCH_SKM":39.77,"DIS_AV_CMS":0.019,"ORD_STRA":1,"ORD_FLOW":8},"geometry":{"type":"LineString","coordinates":[[42.933333333332314,31.395833333333023],[42.9520833333323,31.37708333333301],[42.9520833333323,31.372916666666406],[42.95624999999893,31.3687499999997],[42.95624999999893,31.364583333333037],[42.96458333333234,31.356249999999683],[42.96458333333234,31.34791666666637],[42.97291666666558,31.339583333333046],[42.97291666666558,31.32708333333303],[42.977083333332246,31.32291666666638]]}},{"type":"Feature","properties":{"HYRIV_ID":20768531,"NEXT_DOWN":0,"MAIN_RIV":20768531,"LENGTH_KM":9.96,"CATCH_SKM":65.629997,"DIS_AV_CMS":0.038,"ORD_STRA":1,"ORD_FLOW":8},"geometry":{"type":"LineString","coordinates":[[43.05833333333223,31.36666666666637],[43.05208333333226,31.36041666666639],[43.0479166666656,31.36041666666639],[43.02291666666565,31.335416666666355],[43.01041666666558,31.335416666666355],[43.006249999998914,31.33124999999969],[42.98958333333229,31.33124999999969],[42.98541666666554,31.32708333333303],[42.98124999999888,31.32708333333303],[42.977083333332246,31.32291666666638]]}},{"type":"Feature","properties":{"HYRIV_ID":20768532,"NEXT_DOWN":20768678,"MAIN_RIV":20768678,"LENGTH_KM":1.99,"CATCH_SKM":14.48,"DIS_AV_CMS":0.012,"ORD_STRA":1,"ORD_FLOW":8},"geometry":{"type":"LineString","coordinates":[[43.212499999998954,31.337499999999714],[43.22291666666558,31.32708333333303],[43.22291666666558,31.32291666666638]]}},{"type":"Feature","properties":{"HYRIV_ID":20768533,"NEXT_DOWN":20768678,"MAIN_RIV":20768678,"LENGTH_KM":0.61,"CATCH_SKM":0.55,"DIS_AV_CMS":0.057,"ORD_STRA":2,"ORD_FLOW":8},"geometry":{"type":"LineString","coordinates":[[43.227083333332246,31.32708333333303],[43.22291666666558,31.32291666666638]]}},{"type":"Feature","properties":{"HYRIV_ID":20768534,"NEXT_DOWN":20768607,"MAIN_RIV":20791150,"LENGTH_KM":4.02,"CATCH_SKM":11.37,"DIS_AV_CMS":0.005,"ORD_STRA":2,"ORD_FLOW":9},"geometry":{"type":"LineString","coordinates":[[43.41041666666564,31.335416666666355],[43.418749999998965,31.32708333333303],[43.431249999998926,31.32708333333303],[43.435416666665674,31.32291666666638],[43.43958333333225,31.32291666666638],[43.443749999998914,31.32708333333303]]}},{"type":"Feature","properties":{"HYRIV_ID":20768535,"NEXT_DOWN":20767651,"MAIN_RIV":20791150,"LENGTH_KM":7.4400001,"CATCH_SKM":25.85,"DIS_AV_CMS":0.204,"ORD_STRA":3,"ORD_FLOW":7},"geometry":{"type":"LineString","coordinates":[[43.931249999998954,31.32291666666638],[43.93958333333228,31.33124999999969],[43.943749999998914,31.33124999999969],[43.94791666666558,31.335416666666355],[43.94791666666558,31.34374999999971],[43.9562499999989,31.35208333333302],[43.9562499999989,31.36041666666639],[43.960416666665566,31.364583333333037],[43.960416666665566,31.372916666666406],[43.96458333333223,31.37708333333301]]}},{"type":"Feature","properties":{"HYRIV_ID":20768602,"NEXT_DOWN":20769691,"MAIN_RIV":20767849,"LENGTH_KM":3.4100001,"CATCH_SKM":10.09,"DIS_AV_CMS":5.4840002,"ORD_STRA":5,"ORD_FLOW":6},"geometry":{"type":"LineString","coordinates":[[42.1104166666656,31.32291666666638],[42.11458333333226,31.32291666666638],[42.1187499999989,31.32708333333303],[42.12708333333231,31.32708333333303],[42.13124999999897,31.32291666666638],[42.135416666665634,31.32291666666638],[42.1395833333323,31.318749999999717]]}},{"type":"Feature","properties":{"HYRIV_ID":20768603,"NEXT_DOWN":20769691,"MAIN_RIV":20767849,"LENGTH_KM":3.48,"CATCH_SKM":31.16,"DIS_AV_CMS":0.021,"ORD_STRA":1,"ORD_FLOW":8},"geometry":{"type":"LineString","coordinates":[[42.1395833333323,31.349999999999703],[42.1395833333323,31.318749999999717]]}},{"type":"Feature","properties":{"HYRIV_ID":20768604,"NEXT_DOWN":20768762,"MAIN_RIV":20768762,"LENGTH_KM":2.01,"CATCH_SKM":4.58,"DIS_AV_CMS":0.012,"ORD_STRA":3,"ORD_FLOW":8},"geometry":{"type":"LineString","coordinates":[[42.868749999998954,31.32708333333303],[42.87708333333225,31.32708333333303],[42.88541666666558,31.318749999999717]]}},{"type":"Feature","properties":{"HYRIV_ID":20768605,"NEXT_DOWN":20768762,"MAIN_RIV":20768762,"LENGTH_KM":4.75,"CATCH_SKM":26.209999,"DIS_AV_CMS":0.013,"ORD_STRA":1,"ORD_FLOW":8},"geometry":{"type":"LineString","coordinates":[[42.916666666665606,31.34374999999971],[42.91041666666561,31.34374999999971],[42.90624999999895,31.339583333333046],[42.89791666666565,31.339583333333046],[42.89374999999899,31.335416666666355],[42.89374999999899,31.32708333333303],[42.88541666666558,31.318749999999717]]}},{"type":"Feature","properties":{"HYRIV_ID":20768606,"NEXT_DOWN":20768533,"MAIN_RIV":20768678,"LENGTH_KM":4.7199998,"CATCH_SKM":29.530001,"DIS_AV_CMS":0.021,"ORD_STRA":1,"ORD_FLOW":8},"geometry":{"type":"LineString","coordinates":[[43.26666666666557,31.316666666666386],[43.260416666665606,31.32291666666638],[43.24791666666562,31.32291666666638],[43.243749999998954,31.318749999999717],[43.239583333332234,31.32291666666638],[43.23124999999891,31.32291666666638],[43.227083333332246,31.32708333333303]]}},{"type":"Feature","properties":{"HYRIV_ID":20768607,"NEXT_DOWN":20768839,"MAIN_RIV":20791150,"LENGTH_KM":6.0300002,"CATCH_SKM":15.4,"DIS_AV_CMS":0.0,"ORD_STRA":2,"ORD_FLOW":10},"geometry":{"type":"LineString","coordinates":[[43.443749999998914,31.32708333333303],[43.44791666666558,31.32708333333303],[43.45208333333221,31.32291666666638],[43.45624999999896,31.32708333333303],[43.46041666666562,31.32708333333303],[43.464583333332286,31.33124999999969],[43.477083333332246,31.33124999999969],[43.489583333332234,31.318749999999717],[43.4937499999989,31.318749999999717]]}},{"type":"Feature","properties":{"HYRIV_ID":20768608,"NEXT_DOWN":20768839,"MAIN_RIV":20791150,"LENGTH_KM":4.83,"CATCH_SKM":7.33,"DIS_AV_CMS":0.003,"ORD_STRA":2,"ORD_FLOW":9},"geometry":{"type":"LineString","coordinates":[[43.48541666666557,31.35208333333302],[43.489583333332234,31.34791666666637],[43.4937499999989,31.34791666666637],[43.497916666665645,31.34374999999971],[43.497916666665645,31.33124999999969],[43.489583333332234,31.32291666666638],[43.4937499999989,31.318749999999717]]}},{"type":"Feature","properties":{"HYRIV_ID":20768609,"NEXT_DOWN":20768189,"MAIN_RIV":20791150,"LENGTH_KM":3.54,"CATCH_SKM":8.0699997,"DIS_AV_CMS":0.46900001,"ORD_STRA":3,"ORD_FLOW":7},"geometry":{"type":"LineString","coordinates":[[43.76874999999893,31.318749999999717],[43.76874999999893,31.32291666666638],[43.77708333333226,31.33124999999969],[43.77708333333226,31.34791666666637]]}},{"type":"Feature","properties":{"HYRIV_ID":20768676,"NEXT_DOWN":0,"MAIN_RIV":20768676,"LENGTH_KM":1.22,"CATCH_SKM":3.48,"DIS_AV_CMS":0.067,"ORD_STRA":3,"ORD_FLOW":8},"geometry":{"type":"LineString","coordinates":[[42.96874999999892,31.31458333333301],[42.977083333332246,31.32291666666638]]}},{"type":"Feature","properties":{"HYRIV_ID":20768677,"NEXT_DOWN":20766972,"MAIN_RIV":20766470,"LENGTH_KM":14.06,"CATCH_SKM":96.779999,"DIS_AV_CMS":0.0,"ORD_STRA":4,"ORD_FLOW":10},"geometry":{"type":"LineString","coordinates":[[43.09791666666558,31.31458333333301],[43.102083333332246,31.318749999999717],[43.102083333332246,31.32291666666638],[43.10624999999891,31.32708333333303],[43.10624999999891,31.33124999999969],[43.11041666666554,31.335416666666355],[43.11041666666554,31.339583333333046],[43.114583333332206,31.34374999999971],[43.114583333332206,31.34791666666637],[43.152083333332314,31.38541666666638],[43.152083333332314,31.38958333333303],[43.15624999999898,31.39374999999969],[43.15624999999898,31.397916666666397],[43.164583333332274,31.40624999999971],[43.164583333332274,31.414583333333034],[43.16874999999894,31.418749999999683]]}},{"type":"Feature","properties":{"HYRIV_ID":20768678,"NEXT_DOWN":0,"MAIN_RIV":20768678,"LENGTH_KM":2.8,"CATCH_SKM":17.42,"DIS_AV_CMS":0.044,"ORD_STRA":2,"ORD_FLOW":8},"geometry":{"type":"LineString","coordinates":[[43.22291666666558,31.32291666666638],[43.21874999999892,31.318749999999717],[43.21041666666562,31.318749999999717],[43.20624999999896,31.31458333333301],[43.197916666665634,31.31458333333301]]}},{"type":"Feature","properties":{"HYRIV_ID":20768679,"NEXT_DOWN":20768534,"MAIN_RIV":20791150,"LENGTH_KM":5.3600001,"CATCH_SKM":35.939999,"DIS_AV_CMS":0.007,"ORD_STRA":1,"ORD_FLOW":9},"geometry":{"type":"LineString","coordinates":[[43.37916666666561,31.31249999999968],[43.38958333333227,31.32291666666638],[43.385416666665606,31.32708333333303],[43.39374999999893,31.335416666666355],[43.397916666665566,31.335416666666355],[43.40208333333223,31.33124999999969],[43.40624999999898,31.335416666666355],[43.41041666666564,31.335416666666355]]}},{"type":"Feature","properties":{"HYRIV_ID":20768680,"NEXT_DOWN":20768401,"MAIN_RIV":20791150,"LENGTH_KM":2.23,"CATCH_SKM":15.41,"DIS_AV_CMS":0.006,"ORD_STRA":1,"ORD_FLOW":9},"geometry":{"type":"LineString","coordinates":[[43.635416666665606,31.31249999999968],[43.635416666665606,31.32291666666638],[43.63124999999894,31.32708333333303],[43.63124999999894,31.33124999999969]]}},{"type":"Feature","properties":{"HYRIV_ID":20768760,"NEXT_DOWN":20768528,"MAIN_RIV":20768762,"LENGTH_KM":3.9300001,"CATCH_SKM":28.610001,"DIS_AV_CMS":0.009,"ORD_STRA":1,"ORD_FLOW":9},"geometry":{"type":"LineString","coordinates":[[42.56249999999895,31.30833333333303],[42.58124999999893,31.32708333333303],[42.59374999999889,31.32708333333303]]}},{"type":"Feature","properties":{"HYRIV_ID":20768761,"NEXT_DOWN":20768604,"MAIN_RIV":20768762,"LENGTH_KM":4.4200001,"CATCH_SKM":17.42,"DIS_AV_CMS":0.009,"ORD_STRA":3,"ORD_FLOW":9},"geometry":{"type":"LineString","coordinates":[[42.83124999999893,31.310416666666363],[42.835416666665594,31.310416666666363],[42.83958333333226,31.31458333333301],[42.85208333333222,31.31458333333301],[42.86458333333229,31.32708333333303],[42.868749999998954,31.32708333333303]]}},{"type":"Feature","properties":{"HYRIV_ID":20768762,"NEXT_DOWN":0,"MAIN_RIV":20768762,"LENGTH_KM":1.22,"CATCH_SKM":4.58,"DIS_AV_CMS":0.024,"ORD_STRA":3,"ORD_FLOW":8},"geometry":{"type":"LineString","coordinates":[[42.88541666666558,31.318749999999717],[42.881249999998914,31.31458333333301],[42.88541666666558,31.310416666666363]]}},{"type":"Feature","properties":{"HYRIV_ID":20768763,"NEXT_DOWN":20768764,"MAIN_RIV":20768676,"LENGTH_KM":0.59,"CATCH_SKM":10.82,"DIS_AV_CMS":0.01,"ORD_STRA":1,"ORD_FLOW":8},"geometry":{"type":"LineString","coordinates":[[42.962499999998926,31.310416666666363],[42.96874999999892,31.310416666666363]]}},{"type":"Feature","properties":{"HYRIV_ID":20768764,"NEXT_DOWN":20768676,"MAIN_RIV":20768676,"LENGTH_KM":0.46,"CATCH_SKM":0.18,"DIS_AV_CMS":0.029,"ORD_STRA":2,"ORD_FLOW":8},"geometry":{"type":"LineString","coordinates":[[42.96874999999892,31.310416666666363],[42.96874999999892,31.31458333333301]]}},{"type":"Feature","properties":{"HYRIV_ID":20768765,"NEXT_DOWN":20768186,"MAIN_RIV":20791150,"LENGTH_KM":6.81,"CATCH_SKM":22.0,"DIS_AV_CMS":0.0,"ORD_STRA":3,"ORD_FLOW":10},"geometry":{"type":"LineString","coordinates":[[43.510416666665606,31.310416666666363],[43.53124999999889,31.33124999999969],[43.53124999999889,31.335416666666355],[43.53541666666564,31.339583333333046],[43.53541666666564,31.34374999999971],[43.54791666666563,31.356249999999683],[43.55208333333229,31.356249999999683]]}},{"type":"Feature","properties":{"HYRIV_ID":20768838,"NEXT_DOWN":20768677,"MAIN_RIV":20766470,"LENGTH_KM":4.98,"CATCH_SKM":28.98,"DIS_AV_CMS":0.02,"ORD_STRA":1,"ORD_FLOW":8},"geometry":{"type":"LineString","coordinates":[[43.04999999999893,31.3062499999997],[43.06458333333231,31.3062499999997],[43.06874999999897,31.310416666666363],[43.085416666665594,31.310416666666363],[43.08958333333226,31.31458333333301],[43.09791666666558,31.31458333333301]]}},{"type":"Feature","properties":{"HYRIV_ID":20768839,"NEXT_DOWN":20768840,"MAIN_RIV":20791150,"LENGTH_KM":1.68,"CATCH_SKM":2.2,"DIS_AV_CMS":0.0,"ORD_STRA":3,"ORD_FLOW":10},"geometry":{"type":"LineString","coordinates":[[43.4937499999989,31.318749999999717],[43.497916666665645,31.31458333333301],[43.497916666665645,31.310416666666363],[43.50208333333228,31.3062499999997]]}},{"type":"Feature","properties":{"HYRIV_ID":20768840,"NEXT_DOWN":20768765,"MAIN_RIV":20791150,"LENGTH_KM":1.0,"CATCH_SKM":1.28,"DIS_AV_CMS":0.0,"ORD_STRA":3,"ORD_FLOW":10},"geometry":{"type":"LineString","coordinates":[[43.50208333333228,31.3062499999997],[43.50624999999894,31.310416666666363],[43.510416666665606,31.310416666666363]]}},{"type":"Feature","properties":{"HYRIV_ID":20768841,"NEXT_DOWN":20768535,"MAIN_RIV":20791150,"LENGTH_KM":4.27,"CATCH_SKM":8.62,"DIS_AV_CMS":0.092,"ORD_STRA":2,"ORD_FLOW":8},"geometry":{"type":"LineString","coordinates":[[43.897916666665594,31.3062499999997],[43.90208333333226,31.3062499999997],[43.90624999999892,31.310416666666363],[43.91041666666558,31.310416666666363],[43.914583333332246,31.31458333333301],[43.92291666666554,31.31458333333301],[43.92708333333229,31.318749999999717],[43.92708333333229,31.32291666666638],[43.931249999998954,31.32291666666638]]}},{"type":"Feature","properties":{"HYRIV_ID":20768915,"NEXT_DOWN":20768916,"MAIN_RIV":20768762,"LENGTH_KM":1.16,"CATCH_SKM":18.15,"DIS_AV_CMS":0.002,"ORD_STRA":1,"ORD_FLOW":9},"geometry":{"type":"LineString","coordinates":[[42.777083333332286,31.31249999999968],[42.777083333332286,31.302083333333037]]}},{"type":"Feature","properties":{"HYRIV_ID":20768916,"NEXT_DOWN":20768761,"MAIN_RIV":20768762,"LENGTH_KM":6.4299998,"CATCH_SKM":21.639999,"DIS_AV_CMS":0.012,"ORD_STRA":3,"ORD_FLOW":8},"geometry":{"type":"LineString","coordinates":[[42.777083333332286,31.302083333333037],[42.78541666666561,31.302083333333037],[42.789583333332274,31.3062499999997],[42.79374999999894,31.302083333333037],[42.802083333332234,31.302083333333037],[42.80624999999898,31.3062499999997],[42.810416666665645,31.302083333333037],[42.81458333333231,31.302083333333037],[42.822916666665606,31.310416666666363],[42.83124999999893,31.310416666666363]]}},{"type":"Feature","properties":{"HYRIV_ID":20768917,"NEXT_DOWN":20768840,"MAIN_RIV":20791150,"LENGTH_KM":3.3800001,"CATCH_SKM":18.34,"DIS_AV_CMS":0.004,"ORD_STRA":2,"ORD_FLOW":9},"geometry":{"type":"LineString","coordinates":[[43.46874999999895,31.302083333333037],[43.47291666666561,31.302083333333037],[43.477083333332246,31.3062499999997],[43.50208333333228,31.3062499999997]]}},{"type":"Feature","properties":{"HYRIV_ID":20768918,"NEXT_DOWN":20768765,"MAIN_RIV":20791150,"LENGTH_KM":1.3,"CATCH_SKM":11.56,"DIS_AV_CMS":0.002,"ORD_STRA":1,"ORD_FLOW":9},"geometry":{"type":"LineString","coordinates":[[43.51458333333227,31.299999999999706],[43.51458333333227,31.3062499999997],[43.510416666665606,31.310416666666363]]}},{"type":"Feature","properties":{"HYRIV_ID":20768981,"NEXT_DOWN":20768982,"MAIN_RIV":20767849,"LENGTH_KM":0.69,"CATCH_SKM":10.45,"DIS_AV_CMS":0.006,"ORD_STRA":1,"ORD_FLOW":9},"geometry":{"type":"LineString","coordinates":[[42.381249999998886,31.30416666666637],[42.381249999998886,31.29791666666639]]}},{"type":"Feature","properties":{"HYRIV_ID":20768982,"NEXT_DOWN":20767997,"MAIN_RIV":20767849,"LENGTH_KM":11.15,"CATCH_SKM":54.099998,"DIS_AV_CMS":0.0,"ORD_STRA":6,"ORD_FLOW":10},"geometry":{"type":"LineString","coordinates":[[42.381249999998886,31.29791666666639],[42.385416666665634,31.302083333333037],[42.39791666666562,31.302083333333037],[42.402083333332286,31.3062499999997],[42.40624999999892,31.3062499999997],[42.414583333332246,31.31458333333301],[42.418749999998994,31.31458333333301],[42.43958333333228,31.335416666666355],[42.44374999999894,31.335416666666355],[42.447916666665606,31.339583333333046],[42.45208333333227,31.339583333333046],[42.464583333332314,31.35208333333302],[42.464583333332314,31.356249999999683]]}},{"type":"Feature","properties":{"HYRIV_ID":20768983,"NEXT_DOWN":0,"MAIN_RIV":20768983,"LENGTH_KM":1.68,"CATCH_SKM":2.02,"DIS_AV_CMS":0.051,"ORD_STRA":2,"ORD_FLOW":8},"geometry":{"type":"LineString","coordinates":[[42.89374999999899,31.29791666666639],[42.88541666666558,31.3062499999997],[42.88541666666558,31.310416666666363]]}},{"type":"Feature","properties":{"HYRIV_ID":20769053,"NEXT_DOWN":20768982,"MAIN_RIV":20767849,"LENGTH_KM":1.0,"CATCH_SKM":2.2,"DIS_AV_CMS":3.707,"ORD_STRA":6,"ORD_FLOW":6},"geometry":{"type":"LineString","coordinates":[[42.37291666666559,31.293749999999726],[42.37708333333225,31.29791666666639],[42.381249999998886,31.29791666666639]]}},{"type":"Feature","properties":{"HYRIV_ID":20769054,"NEXT_DOWN":20768761,"MAIN_RIV":20768762,"LENGTH_KM":2.45,"CATCH_SKM":13.94,"DIS_AV_CMS":0.003,"ORD_STRA":1,"ORD_FLOW":9},"geometry":{"type":"LineString","coordinates":[[42.8208333333323,31.29166666666635],[42.83124999999893,31.302083333333037],[42.83124999999893,31.310416666666363]]}},{"type":"Feature","properties":{"HYRIV_ID":20769055,"NEXT_DOWN":20768677,"MAIN_RIV":20766470,"LENGTH_KM":2.32,"CATCH_SKM":5.6900001,"DIS_AV_CMS":0.0,"ORD_STRA":4,"ORD_FLOW":10},"geometry":{"type":"LineString","coordinates":[[43.09791666666558,31.293749999999726],[43.09791666666558,31.31458333333301]]}},{"type":"Feature","properties":{"HYRIV_ID":20769056,"NEXT_DOWN":20768841,"MAIN_RIV":20791150,"LENGTH_KM":5.8200002,"CATCH_SKM":13.94,"DIS_AV_CMS":0.077,"ORD_STRA":2,"ORD_FLOW":8},"geometry":{"type":"LineString","coordinates":[[43.84791666666561,31.293749999999726],[43.852083333332274,31.29791666666639],[43.85624999999894,31.29791666666639],[43.86458333333226,31.3062499999997],[43.8687499999989,31.3062499999997],[43.87291666666556,31.310416666666363],[43.89374999999893,31.310416666666363],[43.897916666665594,31.3062499999997]]}},{"type":"Feature","properties":{"HYRIV_ID":20769057,"NEXT_DOWN":20768841,"MAIN_RIV":20791150,"LENGTH_KM":2.28,"CATCH_SKM":13.39,"DIS_AV_CMS":0.008,"ORD_STRA":1,"ORD_FLOW":9},"geometry":{"type":"LineString","coordinates":[[43.8833333333323,31.293749999999726],[43.8895833333323,31.293749999999726],[43.897916666665594,31.302083333333037],[43.897916666665594,31.3062499999997]]}},{"type":"Feature","properties":{"HYRIV_ID":20769116,"NEXT_DOWN":20768681,"MAIN_RIV":20791150,"LENGTH_KM":7.9499998,"CATCH_SKM":31.549999,"DIS_AV_CMS":0.009,"ORD_STRA":1,"ORD_FLOW":9},"geometry":{"type":"LineString","coordinates":[[43.94999999999891,31.28749999999969],[43.9562499999989,31.293749999999726],[43.960416666665566,31.293749999999726],[43.96458333333223,31.29791666666639],[43.98124999999894,31.29791666666639],[43.98958333333226,31.3062499999997],[43.993749999998926,31.3062499999997],[44.006249999998886,31.318749999999717],[44.010416666665634,31.31458333333301],[44.0145833333323,31.31458333333301]]}},{"type":"Feature","properties":{"HYRIV_ID":20769183,"NEXT_DOWN":20769053,"MAIN_RIV":20767849,"LENGTH_KM":1.16,"CATCH_SKM":12.29,"DIS_AV_CMS":0.007,"ORD_STRA":1,"ORD_FLOW":9},"geometry":{"type":"LineString","coordinates":[[42.37291666666559,31.28333333333304],[42.37291666666559,31.293749999999726]]}},{"type":"Feature","properties":{"HYRIV_ID":20769184,"NEXT_DOWN":20768764,"MAIN_RIV":20768676,"LENGTH_KM":3.3800001,"CATCH_SKM":20.360001,"DIS_AV_CMS":0.019,"ORD_STRA":1,"ORD_FLOW":8},"geometry":{"type":"LineString","coordinates":[[42.95833333333226,31.28333333333304],[42.96874999999892,31.293749999999726],[42.96874999999892,31.310416666666363]]}},{"type":"Feature","properties":{"HYRIV_ID":20769185,"NEXT_DOWN":20769055,"MAIN_RIV":20766470,"LENGTH_KM":2.31,"CATCH_SKM":14.31,"DIS_AV_CMS":0.012,"ORD_STRA":1,"ORD_FLOW":8},"geometry":{"type":"LineString","coordinates":[[43.07916666666563,31.28333333333304],[43.085416666665594,31.28958333333302],[43.08958333333226,31.28958333333302],[43.09374999999892,31.293749999999726],[43.09791666666558,31.293749999999726]]}},{"type":"Feature","properties":{"HYRIV_ID":20769251,"NEXT_DOWN":20768602,"MAIN_RIV":20767849,"LENGTH_KM":6.25,"CATCH_SKM":28.610001,"DIS_AV_CMS":0.02,"ORD_STRA":1,"ORD_FLOW":8},"geometry":{"type":"LineString","coordinates":[[42.074999999998994,31.28124999999971],[42.08124999999899,31.28124999999971],[42.08541666666565,31.285416666666357],[42.08541666666565,31.293749999999726],[42.1104166666656,31.318749999999717],[42.1104166666656,31.32291666666638]]}},{"type":"Feature","properties":{"HYRIV_ID":20769252,"NEXT_DOWN":20769693,"MAIN_RIV":20768762,"LENGTH_KM":5.3600001,"CATCH_SKM":22.190001,"DIS_AV_CMS":0.015,"ORD_STRA":2,"ORD_FLOW":8},"geometry":{"type":"LineString","coordinates":[[42.66041666666561,31.32291666666638],[42.66874999999891,31.31458333333301],[42.66874999999891,31.310416666666363],[42.67291666666566,31.3062499999997],[42.67291666666566,31.302083333333037],[42.67708333333232,31.29791666666639],[42.67708333333232,31.285416666666357],[42.68124999999898,31.28124999999971]]}},{"type":"Feature","properties":{"HYRIV_ID":20769314,"NEXT_DOWN":20769053,"MAIN_RIV":20767849,"LENGTH_KM":5.21,"CATCH_SKM":29.709999,"DIS_AV_CMS":4.059,"ORD_STRA":6,"ORD_FLOW":6},"geometry":{"type":"LineString","coordinates":[[42.32708333333224,31.277083333333046],[42.339583333332314,31.28958333333302],[42.3520833333323,31.28958333333302],[42.35624999999894,31.293749999999726],[42.37291666666559,31.293749999999726]]}},{"type":"Feature","properties":{"HYRIV_ID":20769315,"NEXT_DOWN":20769316,"MAIN_RIV":20768762,"LENGTH_KM":2.21,"CATCH_SKM":16.879999,"DIS_AV_CMS":0.002,"ORD_STRA":1,"ORD_FLOW":9},"geometry":{"type":"LineString","coordinates":[[42.65416666666562,31.285416666666357],[42.66041666666561,31.285416666666357],[42.66874999999891,31.277083333333046],[42.67291666666566,31.277083333333046]]}},{"type":"Feature","properties":{"HYRIV_ID":20769316,"NEXT_DOWN":20769693,"MAIN_RIV":20768762,"LENGTH_KM":1.0,"CATCH_SKM":1.83,"DIS_AV_CMS":0.015,"ORD_STRA":2,"ORD_FLOW":8},"geometry":{"type":"LineString","coordinates":[[42.67291666666566,31.277083333333046],[42.67708333333232,31.277083333333046],[42.68124999999898,31.28124999999971]]}},{"type":"Feature","properties":{"HYRIV_ID":20769317,"NEXT_DOWN":20768917,"MAIN_RIV":20791150,"LENGTH_KM":6.6300001,"CATCH_SKM":44.759998,"DIS_AV_CMS":0.005,"ORD_STRA":1,"ORD_FLOW":9},"geometry":{"type":"LineString","coordinates":[[43.41249999999897,31.277083333333046],[43.418749999998965,31.277083333333046],[43.431249999998926,31.28958333333302],[43.44791666666558,31.28958333333302],[43.46041666666562,31.302083333333037],[43.46874999999895,31.302083333333037]]}},{"type":"Feature","properties":{"HYRIV_ID":20769318,"NEXT_DOWN":20768269,"MAIN_RIV":20791150,"LENGTH_KM":10.3,"CATCH_SKM":32.470001,"DIS_AV_CMS":0.023,"ORD_STRA":1,"ORD_FLOW":8},"geometry":{"type":"LineString","coordinates":[[43.67499999999896,31.277083333333046],[43.681249999998954,31.277083333333046],[43.68541666666559,31.28124999999971],[43.68541666666559,31.285416666666357],[43.69791666666558,31.29791666666639],[43.693749999998914,31.302083333333037],[43.69791666666558,31.3062499999997],[43.69791666666558,31.310416666666363],[43.70208333333224,31.31458333333301],[43.7062499999989,31.31458333333301],[43.71041666666554,31.318749999999717],[43.70208333333224,31.32708333333303],[43.714583333332286,31.339583333333046],[43.714583333332286,31.34374999999971]]}},{"type":"Feature","properties":{"HYRIV_ID":20769394,"NEXT_DOWN":20768916,"MAIN_RIV":20768762,"LENGTH_KM":4.52,"CATCH_SKM":7.89,"DIS_AV_CMS":0.022,"ORD_STRA":3,"ORD_FLOW":8},"geometry":{"type":"LineString","coordinates":[[42.74791666666559,31.272916666666383],[42.76458333333224,31.28958333333302],[42.76874999999899,31.28958333333302],[42.777083333332286,31.29791666666639],[42.777083333332286,31.302083333333037]]}},{"type":"Feature","properties":{"HYRIV_ID":20769395,"NEXT_DOWN":20768676,"MAIN_RIV":20768676,"LENGTH_KM":5.6599998,"CATCH_SKM":15.59,"DIS_AV_CMS":0.037,"ORD_STRA":2,"ORD_FLOW":8},"geometry":{"type":"LineString","coordinates":[[42.99791666666562,31.272916666666383],[42.99791666666562,31.28124999999971],[42.993749999998954,31.285416666666357],[42.993749999998954,31.28958333333302],[42.96874999999892,31.31458333333301]]}},{"type":"Feature","properties":{"HYRIV_ID":20769396,"NEXT_DOWN":20769395,"MAIN_RIV":20768676,"LENGTH_KM":0.59,"CATCH_SKM":16.33,"DIS_AV_CMS":0.014,"ORD_STRA":1,"ORD_FLOW":8},"geometry":{"type":"LineString","coordinates":[[43.00416666666561,31.272916666666383],[42.99791666666562,31.272916666666383]]}},{"type":"Feature","properties":{"HYRIV_ID":20769397,"NEXT_DOWN":20769055,"MAIN_RIV":20766470,"LENGTH_KM":2.46,"CATCH_SKM":11.38,"DIS_AV_CMS":0.0,"ORD_STRA":4,"ORD_FLOW":10},"geometry":{"type":"LineString","coordinates":[[43.102083333332246,31.272916666666383],[43.102083333332246,31.277083333333046],[43.09791666666558,31.28124999999971],[43.09791666666558,31.293749999999726]]}},{"type":"Feature","properties":{"HYRIV_ID":20769398,"NEXT_DOWN":20769397,"MAIN_RIV":20766470,"LENGTH_KM":14.46,"CATCH_SKM":83.830002,"DIS_AV_CMS":0.019,"ORD_STRA":1,"ORD_FLOW":8},"geometry":{"type":"LineString","coordinates":[[43.224999999998914,31.277083333333046],[43.18541666666559,31.277083333333046],[43.16041666666564,31.302083333333037],[43.15624999999898,31.302083333333037],[43.152083333332314,31.29791666666639],[43.13541666666558,31.29791666666639],[43.12291666666562,31.285416666666357],[43.118749999998954,31.285416666666357],[43.10624999999891,31.272916666666383],[43.102083333332246,31.272916666666383]]}},{"type":"Feature","properties":{"HYRIV_ID":20769399,"NEXT_DOWN":0,"MAIN_RIV":20769399,"LENGTH_KM":0.91,"CATCH_SKM":24.030001,"DIS_AV_CMS":0.006,"ORD_STRA":1,"ORD_FLOW":9},"geometry":{"type":"LineString","coordinates":[[43.34166666666562,31.279166666666377],[43.34791666666558,31.272916666666383]]}},{"type":"Feature","properties":{"HYRIV_ID":20769400,"NEXT_DOWN":20768401,"MAIN_RIV":20791150,"LENGTH_KM":9.3800001,"CATCH_SKM":31.549999,"DIS_AV_CMS":0.076,"ORD_STRA":2,"ORD_FLOW":8},"geometry":{"type":"LineString","coordinates":[[43.58541666666554,31.272916666666383],[43.58541666666554,31.28124999999971],[43.589583333332286,31.285416666666357],[43.59374999999895,31.285416666666357],[43.59791666666561,31.28958333333302],[43.59791666666561,31.293749999999726],[43.602083333332274,31.29791666666639],[43.602083333332274,31.302083333333037],[43.59791666666561,31.3062499999997],[43.59791666666561,31.310416666666363],[43.60624999999891,31.318749999999717],[43.61041666666557,31.318749999999717],[43.62291666666556,31.33124999999969],[43.63124999999894,31.33124999999969]]}},{"type":"Feature","properties":{"HYRIV_ID":20769401,"NEXT_DOWN":20768681,"MAIN_RIV":20791150,"LENGTH_KM":5.52,"CATCH_SKM":22.57,"DIS_AV_CMS":0.005,"ORD_STRA":1,"ORD_FLOW":9},"geometry":{"type":"LineString","coordinates":[[43.99583333333226,31.270833333333066],[44.010416666665634,31.285416666666357],[44.010416666665634,31.29791666666639],[44.0145833333323,31.302083333333037],[44.0145833333323,31.31458333333301]]}},{"type":"Feature","properties":{"HYRIV_ID":20769454,"NEXT_DOWN":20769455,"MAIN_RIV":20768762,"LENGTH_KM":4.85,"CATCH_SKM":17.610001,"DIS_AV_CMS":0.002,"ORD_STRA":1,"ORD_FLOW":9},"geometry":{"type":"LineString","coordinates":[[42.74791666666559,31.299999999999706],[42.74791666666559,31.293749999999726],[42.75208333333225,31.28958333333302],[42.74791666666559,31.285416666666357],[42.743749999998954,31.285416666666357],[42.73958333333229,31.28124999999971],[42.73958333333229,31.277083333333046],[42.73541666666563,31.272916666666383],[42.73541666666563,31.26874999999969],[42.73958333333229,31.26874999999969]]}},{"type":"Feature","properties":{"HYRIV_ID":20769455,"NEXT_DOWN":20769394,"MAIN_RIV":20768762,"LENGTH_KM":1.01,"CATCH_SKM":1.47,"DIS_AV_CMS":0.028,"ORD_STRA":3,"ORD_FLOW":8},"geometry":{"type":"LineString","coordinates":[[42.73958333333229,31.26874999999969],[42.743749999998954,31.26874999999969],[42.74791666666559,31.272916666666383]]}},{"type":"Feature","properties":{"HYRIV_ID":20769456,"NEXT_DOWN":20769394,"MAIN_RIV":20768762,"LENGTH_KM":1.2,"CATCH_SKM":12.48,"DIS_AV_CMS":0.002,"ORD_STRA":1,"ORD_FLOW":9},"geometry":{"type":"LineString","coordinates":[[42.758333333332246,31.26874999999969],[42.75208333333225,31.26874999999969],[42.74791666666559,31.272916666666383]]}},{"type":"Feature","properties":{"HYRIV_ID":20769457,"NEXT_DOWN":20769395,"MAIN_RIV":20768676,"LENGTH_KM":0.91,"CATCH_SKM":11.93,"DIS_AV_CMS":0.012,"ORD_STRA":1,"ORD_FLOW":8},"geometry":{"type":"LineString","coordinates":[[42.99166666666562,31.26666666666636],[42.99791666666562,31.272916666666383]]}},{"type":"Feature","properties":{"HYRIV_ID":20769458,"NEXT_DOWN":20769833,"MAIN_RIV":20769833,"LENGTH_KM":8.1099997,"CATCH_SKM":33.740002,"DIS_AV_CMS":0.017,"ORD_STRA":1,"ORD_FLOW":8},"geometry":{"type":"LineString","coordinates":[[43.31249999999892,31.32916666666636],[43.306249999998926,31.32291666666638],[43.306249999998926,31.310416666666363],[43.31041666666559,31.3062499999997],[43.31041666666559,31.302083333333037],[43.28541666666564,31.277083333333046],[43.28541666666564,31.272916666666383],[43.28124999999898,31.26874999999969]]}},{"type":"Feature","properties":{"HYRIV_ID":20769534,"NEXT_DOWN":20769621,"MAIN_RIV":20769832,"LENGTH_KM":2.82,"CATCH_SKM":14.13,"DIS_AV_CMS":0.006,"ORD_STRA":1,"ORD_FLOW":9},"geometry":{"type":"LineString","coordinates":[[42.445833333332274,31.277083333333046],[42.45624999999893,31.277083333333046],[42.46874999999898,31.26458333333303]]}},{"type":"Feature","properties":{"HYRIV_ID":20769535,"NEXT_DOWN":20769621,"MAIN_RIV":20769832,"LENGTH_KM":4.3800001,"CATCH_SKM":31.360001,"DIS_AV_CMS":0.016,"ORD_STRA":1,"ORD_FLOW":8},"geometry":{"type":"LineString","coordinates":[[42.481249999998965,31.299999999999706],[42.481249999998965,31.293749999999726],[42.4770833333323,31.28958333333302],[42.4770833333323,31.285416666666357],[42.47291666666564,31.28124999999971],[42.47291666666564,31.272916666666383],[42.46874999999898,31.26874999999969],[42.46874999999898,31.26458333333303]]}},{"type":"Feature","properties":{"HYRIV_ID":20769536,"NEXT_DOWN":20769316,"MAIN_RIV":20768762,"LENGTH_KM":4.21,"CATCH_SKM":7.71,"DIS_AV_CMS":0.014,"ORD_STRA":2,"ORD_FLOW":8},"geometry":{"type":"LineString","coordinates":[[42.63541666666558,31.26458333333303],[42.6395833333323,31.26874999999969],[42.65624999999895,31.26874999999969],[42.66041666666561,31.272916666666383],[42.66874999999891,31.272916666666383],[42.67291666666566,31.277083333333046]]}},{"type":"Feature","properties":{"HYRIV_ID":20769537,"NEXT_DOWN":20769833,"MAIN_RIV":20769833,"LENGTH_KM":1.31,"CATCH_SKM":11.56,"DIS_AV_CMS":0.007,"ORD_STRA":1,"ORD_FLOW":9},"geometry":{"type":"LineString","coordinates":[[43.291666666665606,31.262499999999697],[43.28541666666564,31.26874999999969],[43.28124999999898,31.26874999999969]]}},{"type":"Feature","properties":{"HYRIV_ID":20769538,"NEXT_DOWN":20768187,"MAIN_RIV":20791150,"LENGTH_KM":11.95,"CATCH_SKM":45.130001,"DIS_AV_CMS":0.011,"ORD_STRA":1,"ORD_FLOW":8},"geometry":{"type":"LineString","coordinates":[[43.52083333333226,31.262499999999697],[43.53124999999889,31.272916666666383],[43.53541666666564,31.272916666666383],[43.5395833333323,31.277083333333046],[43.5395833333323,31.28124999999971],[43.556249999998926,31.29791666666639],[43.556249999998926,31.3062499999997],[43.56458333333225,31.31458333333301],[43.56458333333225,31.318749999999717],[43.568749999998914,31.32291666666638],[43.57291666666558,31.32291666666638],[43.57708333333224,31.32708333333303],[43.57291666666558,31.33124999999969],[43.57291666666558,31.335416666666355],[43.581249999998875,31.34374999999971]]}},{"type":"Feature","properties":{"HYRIV_ID":20769539,"NEXT_DOWN":20769400,"MAIN_RIV":20791150,"LENGTH_KM":2.21,"CATCH_SKM":13.4,"DIS_AV_CMS":0.007,"ORD_STRA":1,"ORD_FLOW":9},"geometry":{"type":"LineString","coordinates":[[43.604166666665606,31.26458333333303],[43.59791666666561,31.26458333333303],[43.59374999999895,31.26874999999969],[43.589583333332286,31.26874999999969],[43.58541666666554,31.272916666666383]]}},{"type":"Feature","properties":{"HYRIV_ID":20769540,"NEXT_DOWN":20769056,"MAIN_RIV":20791150,"LENGTH_KM":4.1300001,"CATCH_SKM":25.690001,"DIS_AV_CMS":0.014,"ORD_STRA":1,"ORD_FLOW":8},"geometry":{"type":"LineString","coordinates":[[43.8374999999989,31.262499999999697],[43.84374999999886,31.26874999999969],[43.84374999999886,31.277083333333046],[43.84791666666561,31.28124999999971],[43.84791666666561,31.285416666666357],[43.852083333332274,31.28958333333302],[43.84791666666561,31.293749999999726]]}},{"type":"Feature","properties":{"HYRIV_ID":20769618,"NEXT_DOWN":20769903,"MAIN_RIV":20767849,"LENGTH_KM":0.69,"CATCH_SKM":10.64,"DIS_AV_CMS":0.008,"ORD_STRA":1,"ORD_FLOW":9},"geometry":{"type":"LineString","coordinates":[[42.214583333332314,31.26666666666636],[42.214583333332314,31.260416666666366]]}},{"type":"Feature","properties":{"HYRIV_ID":20769619,"NEXT_DOWN":20769620,"MAIN_RIV":20767849,"LENGTH_KM":8.5200005,"CATCH_SKM":36.869999,"DIS_AV_CMS":0.023,"ORD_STRA":1,"ORD_FLOW":8},"geometry":{"type":"LineString","coordinates":[[42.22499999999894,31.29166666666635],[42.2354166666656,31.28124999999971],[42.2354166666656,31.26874999999969],[42.23958333333226,31.26874999999969],[42.24374999999901,31.272916666666383],[42.25208333333222,31.272916666666383],[42.260416666665634,31.26458333333303],[42.2645833333323,31.26458333333303],[42.26874999999896,31.260416666666366],[42.28541666666558,31.260416666666366]]}},{"type":"Feature","properties":{"HYRIV_ID":20769620,"NEXT_DOWN":20769314,"MAIN_RIV":20767849,"LENGTH_KM":4.81,"CATCH_SKM":24.4,"DIS_AV_CMS":6.007,"ORD_STRA":6,"ORD_FLOW":6},"geometry":{"type":"LineString","coordinates":[[42.28541666666558,31.260416666666366],[42.28958333333233,31.26458333333303],[42.293749999998994,31.26458333333303],[42.29791666666566,31.26874999999969],[42.30208333333229,31.26874999999969],[42.31041666666562,31.277083333333046],[42.32708333333224,31.277083333333046]]}},{"type":"Feature","properties":{"HYRIV_ID":20769621,"NEXT_DOWN":20769832,"MAIN_RIV":20769832,"LENGTH_KM":0.46,"CATCH_SKM":2.02,"DIS_AV_CMS":0.022,"ORD_STRA":2,"ORD_FLOW":8},"geometry":{"type":"LineString","coordinates":[[42.46874999999898,31.26458333333303],[42.46874999999898,31.260416666666366]]}},{"type":"Feature","properties":{"HYRIV_ID":20769622,"NEXT_DOWN":20769832,"MAIN_RIV":20769832,"LENGTH_KM":4.02,"CATCH_SKM":7.52,"DIS_AV_CMS":0.009,"ORD_STRA":2,"ORD_FLOW":9},"geometry":{"type":"LineString","coordinates":[[42.50208333333225,31.260416666666366],[42.49791666666559,31.26458333333303],[42.4854166666656,31.26458333333303],[42.481249999998965,31.26874999999969],[42.47291666666564,31.260416666666366],[42.46874999999898,31.260416666666366]]}},{"type":"Feature","properties":{"HYRIV_ID":20769623,"NEXT_DOWN":20769622,"MAIN_RIV":20769832,"LENGTH_KM":5.3600001,"CATCH_SKM":26.42,"DIS_AV_CMS":0.006,"ORD_STRA":1,"ORD_FLOW":9},"geometry":{"type":"LineString","coordinates":[[42.54166666666558,31.27499999999967],[42.53541666666561,31.26874999999969],[42.53124999999895,31.26874999999969],[42.527083333332286,31.272916666666383],[42.52291666666562,31.272916666666383],[42.5145833333323,31.26458333333303],[42.51041666666555,31.26874999999969],[42.50208333333225,31.260416666666366]]}},{"type":"Feature","properties":{"HYRIV_ID":20769624,"NEXT_DOWN":20769536,"MAIN_RIV":20768762,"LENGTH_KM":6.4299998,"CATCH_SKM":35.779999,"DIS_AV_CMS":0.004,"ORD_STRA":1,"ORD_FLOW":9},"geometry":{"type":"LineString","coordinates":[[42.59791666666564,31.262499999999697],[42.59791666666564,31.272916666666383],[42.606249999998965,31.28124999999971],[42.61041666666563,31.277083333333046],[42.61458333333226,31.277083333333046],[42.631249999998914,31.260416666666366],[42.63541666666558,31.26458333333303]]}},{"type":"Feature","properties":{"HYRIV_ID":20769625,"NEXT_DOWN":20768983,"MAIN_RIV":20768983,"LENGTH_KM":8.0200005,"CATCH_SKM":37.43,"DIS_AV_CMS":0.016,"ORD_STRA":1,"ORD_FLOW":8},"geometry":{"type":"LineString","coordinates":[[42.84166666666559,31.25833333333305],[42.85208333333222,31.26874999999969],[42.856249999998965,31.26874999999969],[42.86041666666563,31.272916666666383],[42.86458333333229,31.272916666666383],[42.87291666666562,31.28124999999971],[42.87291666666562,31.285416666666357],[42.87708333333225,31.28958333333302],[42.89374999999899,31.28958333333302],[42.89791666666565,31.293749999999726],[42.89374999999899,31.29791666666639]]}},{"type":"Feature","properties":{"HYRIV_ID":20769691,"NEXT_DOWN":20769692,"MAIN_RIV":20767849,"LENGTH_KM":8.7600002,"CATCH_SKM":36.5,"DIS_AV_CMS":3.9,"ORD_STRA":5,"ORD_FLOW":6},"geometry":{"type":"LineString","coordinates":[[42.1395833333323,31.318749999999717],[42.14374999999896,31.31458333333301],[42.14374999999896,31.302083333333037],[42.15208333333226,31.293749999999726],[42.15624999999892,31.293749999999726],[42.16041666666558,31.28958333333302],[42.16041666666558,31.285416666666357],[42.16458333333233,31.28124999999971],[42.168749999998994,31.28124999999971],[42.17291666666563,31.277083333333046],[42.17291666666563,31.260416666666366],[42.17708333333229,31.256249999999717]]}},{"type":"Feature","properties":{"HYRIV_ID":20769692,"NEXT_DOWN":20769903,"MAIN_RIV":20767849,"LENGTH_KM":4.21,"CATCH_SKM":16.33,"DIS_AV_CMS":10.931,"ORD_STRA":6,"ORD_FLOW":5},"geometry":{"type":"LineString","coordinates":[[42.17708333333229,31.256249999999717],[42.181249999998954,31.260416666666366],[42.18541666666562,31.260416666666366],[42.18958333333228,31.26458333333303],[42.19374999999894,31.26458333333303],[42.19791666666558,31.260416666666366],[42.214583333332314,31.260416666666366]]}},{"type":"Feature","properties":{"HYRIV_ID":20769693,"NEXT_DOWN":20769694,"MAIN_RIV":20768762,"LENGTH_KM":4.4499998,"CATCH_SKM":17.07,"DIS_AV_CMS":0.026,"ORD_STRA":3,"ORD_FLOW":8},"geometry":{"type":"LineString","coordinates":[[42.68124999999898,31.28124999999971],[42.685416666665645,31.28124999999971],[42.710416666665594,31.256249999999717],[42.71458333333226,31.256249999999717]]}},{"type":"Feature","properties":{"HYRIV_ID":20769694,"NEXT_DOWN":20769455,"MAIN_RIV":20768762,"LENGTH_KM":3.02,"CATCH_SKM":17.8,"DIS_AV_CMS":0.028,"ORD_STRA":3,"ORD_FLOW":8},"geometry":{"type":"LineString","coordinates":[[42.71458333333226,31.256249999999717],[42.71874999999889,31.256249999999717],[42.722916666665554,31.260416666666366],[42.7270833333323,31.260416666666366],[42.731249999998965,31.26458333333303],[42.73541666666563,31.26458333333303],[42.73958333333229,31.26874999999969]]}},{"type":"Feature","properties":{"HYRIV_ID":20769695,"NEXT_DOWN":20768983,"MAIN_RIV":20768983,"LENGTH_KM":7.2800002,"CATCH_SKM":44.580002,"DIS_AV_CMS":0.036,"ORD_STRA":1,"ORD_FLOW":8},"geometry":{"type":"LineString","coordinates":[[42.90833333333228,31.254166666666386],[42.914583333332274,31.260416666666366],[42.91041666666561,31.26458333333303],[42.91041666666561,31.26874999999969],[42.90624999999895,31.272916666666383],[42.91041666666561,31.277083333333046],[42.91041666666561,31.293749999999726],[42.90624999999895,31.29791666666639],[42.902083333332286,31.29791666666639],[42.89791666666565,31.302083333333037],[42.89374999999899,31.29791666666639]]}},{"type":"Feature","properties":{"HYRIV_ID":20769696,"NEXT_DOWN":20769400,"MAIN_RIV":20791150,"LENGTH_KM":2.0,"CATCH_SKM":4.5900002,"DIS_AV_CMS":0.06,"ORD_STRA":2,"ORD_FLOW":8},"geometry":{"type":"LineString","coordinates":[[43.581249999998875,31.256249999999717],[43.581249999998875,31.26874999999969],[43.58541666666554,31.272916666666383]]}},{"type":"Feature","properties":{"HYRIV_ID":20769759,"NEXT_DOWN":20768332,"MAIN_RIV":20767849,"LENGTH_KM":15.49,"CATCH_SKM":66.589996,"DIS_AV_CMS":0.045,"ORD_STRA":1,"ORD_FLOW":8},"geometry":{"type":"LineString","coordinates":[[41.94583333333233,31.24999999999968],[41.952083333332325,31.256249999999717],[41.952083333332325,31.260416666666366],[41.96041666666565,31.26874999999969],[41.964583333332286,31.26874999999969],[41.97291666666561,31.277083333333046],[41.98124999999894,31.277083333333046],[41.9854166666656,31.28124999999971],[41.9854166666656,31.285416666666357],[41.997916666665645,31.29791666666639],[41.997916666665645,31.302083333333037],[42.00208333333231,31.3062499999997],[42.00208333333231,31.310416666666363],[41.997916666665645,31.31458333333301],[41.997916666665645,31.32291666666638],[42.010416666665634,31.335416666666355],[42.01458333333227,31.33124999999969],[42.01874999999893,31.33124999999969],[42.02708333333226,31.339583333333046],[42.02708333333226,31.34374999999971]]}},{"type":"Feature","properties":{"HYRIV_ID":20769760,"NEXT_DOWN":20769622,"MAIN_RIV":20769832,"LENGTH_KM":1.67,"CATCH_SKM":13.03,"DIS_AV_CMS":0.002,"ORD_STRA":1,"ORD_FLOW":9},"geometry":{"type":"LineString","coordinates":[[42.512499999998965,31.25208333333301],[42.506249999998914,31.25208333333301],[42.50208333333225,31.256249999999717],[42.50208333333225,31.260416666666366]]}},{"type":"Feature","properties":{"HYRIV_ID":20769829,"NEXT_DOWN":20769830,"MAIN_RIV":20767849,"LENGTH_KM":3.6300001,"CATCH_SKM":20.18,"DIS_AV_CMS":0.015,"ORD_STRA":1,"ORD_FLOW":8},"geometry":{"type":"LineString","coordinates":[[42.135416666665634,31.26666666666636],[42.135416666665634,31.25208333333301],[42.1395833333323,31.24791666666639],[42.14374999999896,31.25208333333301],[42.15208333333226,31.25208333333301]]}},{"type":"Feature","properties":{"HYRIV_ID":20769830,"NEXT_DOWN":20769831,"MAIN_RIV":20767849,"LENGTH_KM":3.02,"CATCH_SKM":5.14,"DIS_AV_CMS":0.221,"ORD_STRA":5,"ORD_FLOW":7},"geometry":{"type":"LineString","coordinates":[[42.15208333333226,31.25208333333301],[42.15624999999892,31.256249999999717],[42.16041666666558,31.25208333333301],[42.16458333333233,31.25208333333301],[42.168749999998994,31.24791666666639],[42.17708333333229,31.24791666666639]]}},{"type":"Feature","properties":{"HYRIV_ID":20769831,"NEXT_DOWN":20769692,"MAIN_RIV":20767849,"LENGTH_KM":1.22,"CATCH_SKM":1.1,"DIS_AV_CMS":0.062,"ORD_STRA":5,"ORD_FLOW":8},"geometry":{"type":"LineString","coordinates":[[42.17708333333229,31.24791666666639],[42.181249999998954,31.25208333333301],[42.17708333333229,31.256249999999717]]}},{"type":"Feature","properties":{"HYRIV_ID":20769832,"NEXT_DOWN":0,"MAIN_RIV":20769832,"LENGTH_KM":1.54,"CATCH_SKM":3.3,"DIS_AV_CMS":0.031,"ORD_STRA":3,"ORD_FLOW":8},"geometry":{"type":"LineString","coordinates":[[42.46874999999898,31.260416666666366],[42.46874999999898,31.25208333333301],[42.464583333332314,31.24791666666639]]}},{"type":"Feature","properties":{"HYRIV_ID":20769833,"NEXT_DOWN":0,"MAIN_RIV":20769833,"LENGTH_KM":3.3,"CATCH_SKM":8.4399996,"DIS_AV_CMS":0.022,"ORD_STRA":2,"ORD_FLOW":8},"geometry":{"type":"LineString","coordinates":[[43.28124999999898,31.26874999999969],[43.277083333332314,31.26874999999969],[43.260416666665606,31.25208333333301],[43.260416666665606,31.24791666666639]]}},{"type":"Feature","properties":{"HYRIV_ID":20769834,"NEXT_DOWN":20769696,"MAIN_RIV":20791150,"LENGTH_KM":2.21,"CATCH_SKM":16.889999,"DIS_AV_CMS":0.007,"ORD_STRA":1,"ORD_FLOW":9},"geometry":{"type":"LineString","coordinates":[[43.56249999999892,31.24791666666639],[43.568749999998914,31.24791666666639],[43.57708333333224,31.256249999999717],[43.581249999998875,31.256249999999717]]}},{"type":"Feature","properties":{"HYRIV_ID":20769903,"NEXT_DOWN":20770051,"MAIN_RIV":20767849,"LENGTH_KM":3.08,"CATCH_SKM":7.71,"DIS_AV_CMS":9.8620005,"ORD_STRA":6,"ORD_FLOW":6},"geometry":{"type":"LineString","coordinates":[[42.214583333332314,31.260416666666366],[42.22291666666561,31.260416666666366],[42.227083333332274,31.256249999999717],[42.227083333332274,31.25208333333301],[42.2354166666656,31.2437499999997]]}},{"type":"Feature","properties":{"HYRIV_ID":20769904,"NEXT_DOWN":0,"MAIN_RIV":20769904,"LENGTH_KM":0.46,"CATCH_SKM":0.37,"DIS_AV_CMS":0.017,"ORD_STRA":2,"ORD_FLOW":8},"geometry":{"type":"LineString","coordinates":[[42.464583333332314,31.2437499999997],[42.464583333332314,31.24791666666639]]}},{"type":"Feature","properties":{"HYRIV_ID":20769905,"NEXT_DOWN":0,"MAIN_RIV":20769905,"LENGTH_KM":2.53,"CATCH_SKM":23.309999,"DIS_AV_CMS":0.013,"ORD_STRA":1,"ORD_FLOW":8},"geometry":{"type":"LineString","coordinates":[[43.24166666666554,31.24166666666637],[43.25208333333228,31.25208333333301],[43.25624999999894,31.25208333333301],[43.260416666665606,31.24791666666639]]}},{"type":"Feature","properties":{"HYRIV_ID":20769906,"NEXT_DOWN":20768917,"MAIN_RIV":20791150,"LENGTH_KM":8.1400003,"CATCH_SKM":34.689999,"DIS_AV_CMS":0.004,"ORD_STRA":1,"ORD_FLOW":9},"geometry":{"type":"LineString","coordinates":[[43.46041666666562,31.24166666666637],[43.46041666666562,31.24791666666639],[43.464583333332286,31.25208333333301],[43.46041666666562,31.256249999999717],[43.45624999999896,31.256249999999717],[43.45624999999896,31.26874999999969],[43.46874999999895,31.28124999999971],[43.46874999999895,31.28958333333302],[43.464583333332286,31.293749999999726],[43.46874999999895,31.29791666666639],[43.46874999999895,31.302083333333037]]}},{"type":"Feature","properties":{"HYRIV_ID":20769907,"NEXT_DOWN":20769908,"MAIN_RIV":20791150,"LENGTH_KM":1.2,"CATCH_SKM":12.66,"DIS_AV_CMS":0.013,"ORD_STRA":1,"ORD_FLOW":8},"geometry":{"type":"LineString","coordinates":[[43.67499999999896,31.24791666666639],[43.681249999998954,31.24791666666639],[43.68541666666559,31.2437499999997]]}},{"type":"Feature","properties":{"HYRIV_ID":20769908,"NEXT_DOWN":20768609,"MAIN_RIV":20791150,"LENGTH_KM":12.76,"CATCH_SKM":26.790001,"DIS_AV_CMS":0.057,"ORD_STRA":2,"ORD_FLOW":8},"geometry":{"type":"LineString","coordinates":[[43.68541666666559,31.2437499999997],[43.693749999998914,31.25208333333301],[43.693749999998914,31.256249999999717],[43.69791666666558,31.260416666666366],[43.70208333333224,31.260416666666366],[43.71041666666554,31.26874999999969],[43.71874999999895,31.26874999999969],[43.727083333332274,31.277083333333046],[43.727083333332274,31.28124999999971],[43.73124999999894,31.285416666666357],[43.73124999999894,31.28958333333302],[43.7437499999989,31.302083333333037],[43.74791666666556,31.302083333333037],[43.75208333333231,31.3062499999997],[43.75624999999897,31.3062499999997],[43.75624999999897,31.310416666666363],[43.76458333333227,31.318749999999717],[43.76874999999893,31.318749999999717]]}},{"type":"Feature","properties":{"HYRIV_ID":20769956,"NEXT_DOWN":20769831,"MAIN_RIV":20767849,"LENGTH_KM":1.38,"CATCH_SKM":12.12,"DIS_AV_CMS":0.007,"ORD_STRA":1,"ORD_FLOW":9},"geometry":{"type":"LineString","coordinates":[[42.1708333333323,31.237499999999706],[42.17708333333229,31.2437499999997],[42.17708333333229,31.24791666666639]]}},{"type":"Feature","properties":{"HYRIV_ID":20769957,"NEXT_DOWN":20769314,"MAIN_RIV":20767849,"LENGTH_KM":6.79,"CATCH_SKM":32.3,"DIS_AV_CMS":0.015,"ORD_STRA":1,"ORD_FLOW":8},"geometry":{"type":"LineString","coordinates":[[42.36249999999893,31.239583333333037],[42.34374999999898,31.239583333333037],[42.339583333332314,31.2437499999997],[42.33541666666565,31.2437499999997],[42.3312499999989,31.24791666666639],[42.3312499999989,31.260416666666366],[42.32708333333224,31.26458333333303],[42.32708333333224,31.277083333333046]]}},{"type":"Feature","properties":{"HYRIV_ID":20769958,"NEXT_DOWN":20769904,"MAIN_RIV":20769904,"LENGTH_KM":0.91,"CATCH_SKM":10.64,"DIS_AV_CMS":0.003,"ORD_STRA":1,"ORD_FLOW":9},"geometry":{"type":"LineString","coordinates":[[42.458333333332234,31.237499999999706],[42.464583333332314,31.2437499999997]]}},{"type":"Feature","properties":{"HYRIV_ID":20769959,"NEXT_DOWN":0,"MAIN_RIV":20769959,"LENGTH_KM":1.52,"CATCH_SKM":13.4,"DIS_AV_CMS":0.005,"ORD_STRA":1,"ORD_FLOW":9},"geometry":{"type":"LineString","coordinates":[[43.26249999999894,31.237499999999706],[43.25624999999894,31.2437499999997],[43.260416666665606,31.24791666666639]]}},{"type":"Feature","properties":{"HYRIV_ID":20769960,"NEXT_DOWN":20769908,"MAIN_RIV":20791150,"LENGTH_KM":0.91,"CATCH_SKM":11.56,"DIS_AV_CMS":0.014,"ORD_STRA":1,"ORD_FLOW":8},"geometry":{"type":"LineString","coordinates":[[43.67916666666562,31.237499999999706],[43.68541666666559,31.2437499999997]]}},{"type":"Feature","properties":{"HYRIV_ID":20770051,"NEXT_DOWN":20769620,"MAIN_RIV":20767849,"LENGTH_KM":6.71,"CATCH_SKM":21.290001,"DIS_AV_CMS":7.7719998,"ORD_STRA":6,"ORD_FLOW":6},"geometry":{"type":"LineString","coordinates":[[42.2354166666656,31.2437499999997],[42.23958333333226,31.239583333333037],[42.24374999999901,31.239583333333037],[42.24791666666559,31.235416666666374],[42.260416666665634,31.235416666666374],[42.2645833333323,31.239583333333037],[42.26874999999896,31.239583333333037],[42.28541666666558,31.256249999999717],[42.28541666666558,31.260416666666366]]}},{"type":"Feature","properties":{"HYRIV_ID":20770120,"NEXT_DOWN":20769696,"MAIN_RIV":20791150,"LENGTH_KM":3.07,"CATCH_SKM":4.4099998,"DIS_AV_CMS":0.052,"ORD_STRA":2,"ORD_FLOW":8},"geometry":{"type":"LineString","coordinates":[[43.581249999998875,31.231249999999726],[43.58541666666554,31.235416666666374],[43.581249999998875,31.239583333333037],[43.581249999998875,31.256249999999717]]}},{"type":"Feature","properties":{"HYRIV_ID":20770121,"NEXT_DOWN":20770325,"MAIN_RIV":20791150,"LENGTH_KM":2.0,"CATCH_SKM":12.67,"DIS_AV_CMS":0.003,"ORD_STRA":1,"ORD_FLOW":9},"geometry":{"type":"LineString","coordinates":[[43.8916666666656,31.235416666666374],[43.90624999999892,31.235416666666374],[43.91041666666558,31.231249999999726]]}},{"type":"Feature","properties":{"HYRIV_ID":20770122,"NEXT_DOWN":20770123,"MAIN_RIV":20791150,"LENGTH_KM":0.59,"CATCH_SKM":10.83,"DIS_AV_CMS":0.002,"ORD_STRA":1,"ORD_FLOW":9},"geometry":{"type":"LineString","coordinates":[[43.979166666665606,31.231249999999726],[43.9854166666656,31.231249999999726]]}},{"type":"Feature","properties":{"HYRIV_ID":20770123,"NEXT_DOWN":20770205,"MAIN_RIV":20791150,"LENGTH_KM":4.8200002,"CATCH_SKM":8.8100004,"DIS_AV_CMS":0.033,"ORD_STRA":2,"ORD_FLOW":8},"geometry":{"type":"LineString","coordinates":[[43.9854166666656,31.231249999999726],[43.99791666666556,31.231249999999726],[44.00208333333222,31.235416666666374],[44.006249999998886,31.235416666666374],[44.010416666665634,31.231249999999726],[44.0145833333323,31.231249999999726],[44.01874999999896,31.235416666666374],[44.022916666665594,31.231249999999726],[44.02708333333226,31.231249999999726]]}},{"type":"Feature","properties":{"HYRIV_ID":20770203,"NEXT_DOWN":0,"MAIN_RIV":20770203,"LENGTH_KM":1.2,"CATCH_SKM":13.95,"DIS_AV_CMS":0.002,"ORD_STRA":1,"ORD_FLOW":9},"geometry":{"type":"LineString","coordinates":[[42.78749999999894,31.231249999999726],[42.78124999999895,31.231249999999726],[42.777083333332286,31.22708333333302]]}},{"type":"Feature","properties":{"HYRIV_ID":20770204,"NEXT_DOWN":20770120,"MAIN_RIV":20791150,"LENGTH_KM":1.31,"CATCH_SKM":10.83,"DIS_AV_CMS":0.007,"ORD_STRA":1,"ORD_FLOW":9},"geometry":{"type":"LineString","coordinates":[[43.570833333332246,31.22499999999969],[43.57708333333224,31.231249999999726],[43.581249999998875,31.231249999999726]]}},{"type":"Feature","properties":{"HYRIV_ID":20770319,"NEXT_DOWN":20770320,"MAIN_RIV":20767849,"LENGTH_KM":12.07,"CATCH_SKM":28.450001,"DIS_AV_CMS":2.8789999,"ORD_STRA":5,"ORD_FLOW":6},"geometry":{"type":"LineString","coordinates":[[41.95624999999899,31.21874999999971],[41.977083333332274,31.239583333333037],[41.98124999999894,31.239583333333037],[41.989583333332234,31.24791666666639],[41.997916666665645,31.24791666666639],[42.00624999999897,31.256249999999717],[42.010416666665634,31.256249999999717],[42.01874999999893,31.26458333333303],[42.02708333333226,31.26458333333303],[42.03124999999892,31.26874999999969],[42.056249999998954,31.26874999999969]]}},{"type":"Feature","properties":{"HYRIV_ID":20770320,"NEXT_DOWN":20770321,"MAIN_RIV":20767849,"LENGTH_KM":9.5299997,"CATCH_SKM":35.970001,"DIS_AV_CMS":1.821,"ORD_STRA":5,"ORD_FLOW":6},"geometry":{"type":"LineString","coordinates":[[42.056249999998954,31.26874999999969],[42.06041666666562,31.26874999999969],[42.06458333333228,31.26458333333303],[42.068749999998914,31.26458333333303],[42.08124999999899,31.25208333333301],[42.08541666666565,31.25208333333301],[42.089583333332314,31.256249999999717],[42.09374999999895,31.25208333333301],[42.09791666666561,31.25208333333301],[42.102083333332274,31.24791666666639],[42.102083333332274,31.239583333333037],[42.1104166666656,31.231249999999726],[42.1104166666656,31.222916666666357],[42.11458333333226,31.21874999999971]]}},{"type":"Feature","properties":{"HYRIV_ID":20770321,"NEXT_DOWN":20770322,"MAIN_RIV":20767849,"LENGTH_KM":1.58,"CATCH_SKM":2.2,"DIS_AV_CMS":1.626,"ORD_STRA":5,"ORD_FLOW":6},"geometry":{"type":"LineString","coordinates":[[42.11458333333226,31.21874999999971],[42.13124999999897,31.21874999999971]]}},{"type":"Feature","properties":{"HYRIV_ID":20770322,"NEXT_DOWN":20769830,"MAIN_RIV":20767849,"LENGTH_KM":4.4400001,"CATCH_SKM":6.6100001,"DIS_AV_CMS":0.70200002,"ORD_STRA":5,"ORD_FLOW":7},"geometry":{"type":"LineString","coordinates":[[42.13124999999897,31.21874999999971],[42.147916666665594,31.235416666666374],[42.147916666665594,31.2437499999997],[42.15208333333226,31.24791666666639],[42.15208333333226,31.25208333333301]]}},{"type":"Feature","properties":{"HYRIV_ID":20770323,"NEXT_DOWN":20769056,"MAIN_RIV":20791150,"LENGTH_KM":13.46,"CATCH_SKM":55.599998,"DIS_AV_CMS":0.05,"ORD_STRA":1,"ORD_FLOW":8},"geometry":{"type":"LineString","coordinates":[[43.7583333333323,31.216666666666377],[43.76458333333227,31.222916666666357],[43.76458333333227,31.22708333333302],[43.77708333333226,31.239583333333037],[43.77708333333226,31.2437499999997],[43.79374999999888,31.260416666666366],[43.79374999999888,31.26458333333303],[43.81041666666562,31.28124999999971],[43.818749999998914,31.28124999999971],[43.82291666666558,31.285416666666357],[43.82291666666558,31.28958333333302],[43.82708333333224,31.293749999999726],[43.84791666666561,31.293749999999726]]}},{"type":"Feature","properties":{"HYRIV_ID":20770324,"NEXT_DOWN":20768535,"MAIN_RIV":20791150,"LENGTH_KM":17.34,"CATCH_SKM":44.220001,"DIS_AV_CMS":0.091,"ORD_STRA":2,"ORD_FLOW":8},"geometry":{"type":"LineString","coordinates":[[43.8312499999989,31.21874999999971],[43.83958333333223,31.21874999999971],[43.84791666666561,31.22708333333302],[43.852083333332274,31.22708333333302],[43.85624999999894,31.231249999999726],[43.8604166666656,31.231249999999726],[43.87291666666556,31.2437499999997],[43.87291666666556,31.24791666666639],[43.87708333333222,31.25208333333301],[43.8895833333323,31.25208333333301],[43.8895833333323,31.256249999999717],[43.89374999999893,31.260416666666366],[43.89374999999893,31.26874999999969],[43.897916666665594,31.272916666666383],[43.897916666665594,31.277083333333046],[43.90208333333226,31.28124999999971],[43.90208333333226,31.285416666666357],[43.914583333332246,31.29791666666639],[43.91874999999888,31.29791666666639],[43.92291666666554,31.302083333333037],[43.92708333333229,31.302083333333037],[43.92708333333229,31.3062499999997],[43.931249999998954,31.310416666666363],[43.931249999998954,31.32291666666638]]}},{"type":"Feature","properties":{"HYRIV_ID":20770325,"NEXT_DOWN":20770326,"MAIN_RIV":20791150,"LENGTH_KM":5.0300002,"CATCH_SKM":9.54,"DIS_AV_CMS":0.02,"ORD_STRA":2,"ORD_FLOW":8},"geometry":{"type":"LineString","coordinates":[[43.91041666666558,31.231249999999726],[43.914583333332246,31.231249999999726],[43.92708333333229,31.21874999999971],[43.931249999998954,31.222916666666357],[43.93541666666562,31.222916666666357],[43.93958333333228,31.21874999999971],[43.95208333333224,31.21874999999971]]}},{"type":"Feature","properties":{"HYRIV_ID":20770326,"NEXT_DOWN":20770123,"MAIN_RIV":20791150,"LENGTH_KM":3.81,"CATCH_SKM":7.1599998,"DIS_AV_CMS":0.029,"ORD_STRA":2,"ORD_FLOW":8},"geometry":{"type":"LineString","coordinates":[[43.95208333333224,31.21874999999971],[43.9562499999989,31.222916666666357],[43.96458333333223,31.222916666666357],[43.96874999999889,31.22708333333302],[43.98124999999894,31.22708333333302],[43.9854166666656,31.231249999999726]]}},{"type":"Feature","properties":{"HYRIV_ID":20770399,"NEXT_DOWN":20769694,"MAIN_RIV":20768762,"LENGTH_KM":6.6799998,"CATCH_SKM":46.630001,"DIS_AV_CMS":0.005,"ORD_STRA":1,"ORD_FLOW":9},"geometry":{"type":"LineString","coordinates":[[42.67708333333232,31.212499999999714],[42.67708333333232,31.222916666666357],[42.685416666665645,31.231249999999726],[42.68958333333231,31.231249999999726],[42.70208333333227,31.2437499999997],[42.70624999999893,31.2437499999997],[42.71458333333226,31.25208333333301],[42.71458333333226,31.256249999999717]]}},{"type":"Feature","properties":{"HYRIV_ID":20770400,"NEXT_DOWN":0,"MAIN_RIV":20770400,"LENGTH_KM":1.68,"CATCH_SKM":3.3,"DIS_AV_CMS":0.048,"ORD_STRA":3,"ORD_FLOW":8},"geometry":{"type":"LineString","coordinates":[[42.777083333332286,31.214583333333046],[42.777083333332286,31.21874999999971],[42.77291666666562,31.222916666666357],[42.777083333332286,31.22708333333302]]}},{"type":"Feature","properties":{"HYRIV_ID":20770401,"NEXT_DOWN":20771014,"MAIN_RIV":20766470,"LENGTH_KM":0.59,"CATCH_SKM":14.87,"DIS_AV_CMS":0.013,"ORD_STRA":1,"ORD_FLOW":8},"geometry":{"type":"LineString","coordinates":[[43.02499999999898,31.214583333333046],[43.03124999999895,31.214583333333046]]}},{"type":"Feature","properties":{"HYRIV_ID":20770402,"NEXT_DOWN":20771014,"MAIN_RIV":20766470,"LENGTH_KM":1.38,"CATCH_SKM":12.66,"DIS_AV_CMS":0.011,"ORD_STRA":1,"ORD_FLOW":8},"geometry":{"type":"LineString","coordinates":[[43.03749999999894,31.22499999999969],[43.03124999999895,31.21874999999971],[43.03124999999895,31.214583333333046]]}},{"type":"Feature","properties":{"HYRIV_ID":20770403,"NEXT_DOWN":20771014,"MAIN_RIV":20766470,"LENGTH_KM":1.39,"CATCH_SKM":11.56,"DIS_AV_CMS":0.01,"ORD_STRA":1,"ORD_FLOW":8},"geometry":{"type":"LineString","coordinates":[[43.04583333333227,31.214583333333046],[43.03124999999895,31.214583333333046]]}},{"type":"Feature","properties":{"HYRIV_ID":20770462,"NEXT_DOWN":20770051,"MAIN_RIV":20767849,"LENGTH_KM":4.0,"CATCH_SKM":11.93,"DIS_AV_CMS":0.037,"ORD_STRA":2,"ORD_FLOW":8},"geometry":{"type":"LineString","coordinates":[[42.2354166666656,31.21041666666634],[42.2354166666656,31.21874999999971],[42.23124999999894,31.222916666666357],[42.23124999999894,31.231249999999726],[42.2354166666656,31.235416666666374],[42.2354166666656,31.2437499999997]]}},{"type":"Feature","properties":{"HYRIV_ID":20770463,"NEXT_DOWN":20769904,"MAIN_RIV":20769904,"LENGTH_KM":4.73,"CATCH_SKM":14.13,"DIS_AV_CMS":0.015,"ORD_STRA":2,"ORD_FLOW":8},"geometry":{"type":"LineString","coordinates":[[42.44374999999894,31.21041666666634],[42.46874999999898,31.235416666666374],[42.46874999999898,31.239583333333037],[42.464583333332314,31.2437499999997]]}},{"type":"Feature","properties":{"HYRIV_ID":20770464,"NEXT_DOWN":20769536,"MAIN_RIV":20768762,"LENGTH_KM":8.2799997,"CATCH_SKM":29.0,"DIS_AV_CMS":0.012,"ORD_STRA":2,"ORD_FLOW":8},"geometry":{"type":"LineString","coordinates":[[42.6020833333323,31.21041666666634],[42.606249999998965,31.21041666666634],[42.63541666666558,31.239583333333037],[42.6395833333323,31.239583333333037],[42.64374999999896,31.2437499999997],[42.6395833333323,31.24791666666639],[42.6395833333323,31.260416666666366],[42.63541666666558,31.26458333333303]]}},{"type":"Feature","properties":{"HYRIV_ID":20770465,"NEXT_DOWN":20770400,"MAIN_RIV":20770400,"LENGTH_KM":0.69,"CATCH_SKM":10.83,"DIS_AV_CMS":0.001,"ORD_STRA":1,"ORD_FLOW":9},"geometry":{"type":"LineString","coordinates":[[42.777083333332286,31.20833333333301],[42.777083333332286,31.214583333333046]]}},{"type":"Feature","properties":{"HYRIV_ID":20770466,"NEXT_DOWN":0,"MAIN_RIV":20770466,"LENGTH_KM":1.2,"CATCH_SKM":15.42,"DIS_AV_CMS":0.003,"ORD_STRA":1,"ORD_FLOW":9},"geometry":{"type":"LineString","coordinates":[[42.837499999998926,31.21041666666634],[42.84374999999892,31.21041666666634],[42.84791666666558,31.214583333333046]]}},{"type":"Feature","properties":{"HYRIV_ID":20770522,"NEXT_DOWN":20770756,"MAIN_RIV":20769904,"LENGTH_KM":2.71,"CATCH_SKM":20.01,"DIS_AV_CMS":0.002,"ORD_STRA":1,"ORD_FLOW":9},"geometry":{"type":"LineString","coordinates":[[42.49999999999892,31.216666666666377],[42.493749999998926,31.21041666666634],[42.481249999998965,31.21041666666634],[42.4770833333323,31.20624999999969]]}},{"type":"Feature","properties":{"HYRIV_ID":20770523,"NEXT_DOWN":20770464,"MAIN_RIV":20768762,"LENGTH_KM":0.61,"CATCH_SKM":0.73,"DIS_AV_CMS":0.007,"ORD_STRA":2,"ORD_FLOW":9},"geometry":{"type":"LineString","coordinates":[[42.59791666666564,31.20624999999969],[42.6020833333323,31.21041666666634]]}},{"type":"Feature","properties":{"HYRIV_ID":20770524,"NEXT_DOWN":0,"MAIN_RIV":20770524,"LENGTH_KM":3.55,"CATCH_SKM":21.66,"DIS_AV_CMS":0.041,"ORD_STRA":2,"ORD_FLOW":8},"geometry":{"type":"LineString","coordinates":[[42.95624999999893,31.20624999999969],[42.95624999999893,31.21041666666634],[42.9520833333323,31.214583333333046],[42.947916666665634,31.214583333333046],[42.94374999999897,31.21874999999971],[42.94374999999897,31.222916666666357],[42.947916666665634,31.22708333333302],[42.9520833333323,31.22708333333302]]}},{"type":"Feature","properties":{"HYRIV_ID":20770603,"NEXT_DOWN":20770320,"MAIN_RIV":20767849,"LENGTH_KM":10.36,"CATCH_SKM":30.469999,"DIS_AV_CMS":0.048,"ORD_STRA":2,"ORD_FLOW":8},"geometry":{"type":"LineString","coordinates":[[42.01874999999893,31.20208333333303],[42.01874999999893,31.21874999999971],[42.00624999999897,31.231249999999726],[42.02708333333226,31.25208333333301],[42.03541666666567,31.25208333333301],[42.0395833333323,31.256249999999717],[42.043749999998965,31.256249999999717],[42.056249999998954,31.26874999999969]]}},{"type":"Feature","properties":{"HYRIV_ID":20770604,"NEXT_DOWN":20770321,"MAIN_RIV":20767849,"LENGTH_KM":2.1500001,"CATCH_SKM":3.31,"DIS_AV_CMS":0.061,"ORD_STRA":2,"ORD_FLOW":8},"geometry":{"type":"LineString","coordinates":[[42.10624999999894,31.20208333333303],[42.1104166666656,31.20624999999969],[42.1104166666656,31.21041666666634],[42.11458333333226,31.214583333333046],[42.11458333333226,31.21874999999971]]}},{"type":"Feature","properties":{"HYRIV_ID":20770605,"NEXT_DOWN":20771231,"MAIN_RIV":20771231,"LENGTH_KM":1.38,"CATCH_SKM":17.440001,"DIS_AV_CMS":0.006,"ORD_STRA":1,"ORD_FLOW":9},"geometry":{"type":"LineString","coordinates":[[42.320833333332274,31.212499999999714],[42.32708333333224,31.20624999999969],[42.32708333333224,31.20208333333303]]}},{"type":"Feature","properties":{"HYRIV_ID":20770606,"NEXT_DOWN":20770523,"MAIN_RIV":20768762,"LENGTH_KM":0.69,"CATCH_SKM":11.2,"DIS_AV_CMS":0.001,"ORD_STRA":1,"ORD_FLOW":9},"geometry":{"type":"LineString","coordinates":[[42.59791666666564,31.199999999999697],[42.59791666666564,31.20624999999969]]}},{"type":"Feature","properties":{"HYRIV_ID":20770607,"NEXT_DOWN":20770400,"MAIN_RIV":20770400,"LENGTH_KM":1.68,"CATCH_SKM":12.85,"DIS_AV_CMS":0.05,"ORD_STRA":3,"ORD_FLOW":8},"geometry":{"type":"LineString","coordinates":[[42.76874999999899,31.20208333333303],[42.76874999999899,31.20624999999969],[42.777083333332286,31.214583333333046]]}},{"type":"Feature","properties":{"HYRIV_ID":20770608,"NEXT_DOWN":20770524,"MAIN_RIV":20770524,"LENGTH_KM":0.92,"CATCH_SKM":12.49,"DIS_AV_CMS":0.013,"ORD_STRA":1,"ORD_FLOW":8},"geometry":{"type":"LineString","coordinates":[[42.962499999998926,31.199999999999697],[42.95624999999893,31.20624999999969]]}},{"type":"Feature","properties":{"HYRIV_ID":20770609,"NEXT_DOWN":20770525,"MAIN_RIV":20791150,"LENGTH_KM":1.8,"CATCH_SKM":3.31,"DIS_AV_CMS":0.011,"ORD_STRA":2,"ORD_FLOW":8},"geometry":{"type":"LineString","coordinates":[[43.99791666666556,31.20208333333303],[44.00208333333222,31.20208333333303],[44.006249999998886,31.20624999999969],[44.0145833333323,31.20624999999969]]}},{"type":"Feature","properties":{"HYRIV_ID":20770673,"NEXT_DOWN":20770603,"MAIN_RIV":20767849,"LENGTH_KM":2.5,"CATCH_SKM":16.34,"DIS_AV_CMS":0.013,"ORD_STRA":1,"ORD_FLOW":8},"geometry":{"type":"LineString","coordinates":[[41.995833333332314,31.195833333333034],[42.00208333333231,31.20208333333303],[42.01874999999893,31.20208333333303]]}},{"type":"Feature","properties":{"HYRIV_ID":20770674,"NEXT_DOWN":0,"MAIN_RIV":20770674,"LENGTH_KM":5.4699998,"CATCH_SKM":27.17,"DIS_AV_CMS":0.006,"ORD_STRA":1,"ORD_FLOW":9},"geometry":{"type":"LineString","coordinates":[[43.291666666665606,31.195833333333034],[43.2979166666656,31.20208333333303],[43.2979166666656,31.21041666666634],[43.31458333333225,31.22708333333302],[43.3270833333323,31.22708333333302]]}},{"type":"Feature","properties":{"HYRIV_ID":20770675,"NEXT_DOWN":0,"MAIN_RIV":20770675,"LENGTH_KM":5.3200002,"CATCH_SKM":28.639999,"DIS_AV_CMS":0.005,"ORD_STRA":1,"ORD_FLOW":9},"geometry":{"type":"LineString","coordinates":[[43.39374999999893,31.220833333333026],[43.39374999999893,31.20208333333303],[43.397916666665566,31.197916666666366],[43.40624999999898,31.197916666666366],[43.4145833333323,31.20624999999969],[43.418749999998965,31.20208333333303]]}},{"type":"Feature","properties":{"HYRIV_ID":20770755,"NEXT_DOWN":20770463,"MAIN_RIV":20769904,"LENGTH_KM":3.79,"CATCH_SKM":38.93,"DIS_AV_CMS":0.007,"ORD_STRA":1,"ORD_FLOW":9},"geometry":{"type":"LineString","coordinates":[[42.41666666666566,31.191666666666386],[42.42291666666566,31.197916666666366],[42.42291666666566,31.20208333333303],[42.431249999998954,31.21041666666634],[42.44374999999894,31.21041666666634]]}},{"type":"Feature","properties":{"HYRIV_ID":20770756,"NEXT_DOWN":20770463,"MAIN_RIV":20769904,"LENGTH_KM":5.96,"CATCH_SKM":20.75,"DIS_AV_CMS":0.008,"ORD_STRA":2,"ORD_FLOW":9},"geometry":{"type":"LineString","coordinates":[[42.4770833333323,31.20624999999969],[42.46874999999898,31.197916666666366],[42.460416666665566,31.197916666666366],[42.45624999999893,31.193749999999703],[42.44374999999894,31.193749999999703],[42.43958333333228,31.197916666666366],[42.43958333333228,31.20624999999969],[42.44374999999894,31.21041666666634]]}},{"type":"Feature","properties":{"HYRIV_ID":20770757,"NEXT_DOWN":20770524,"MAIN_RIV":20770524,"LENGTH_KM":2.4200001,"CATCH_SKM":20.02,"DIS_AV_CMS":0.019,"ORD_STRA":1,"ORD_FLOW":8},"geometry":{"type":"LineString","coordinates":[[42.93749999999898,31.193749999999703],[42.94374999999897,31.193749999999703],[42.95624999999893,31.20624999999969]]}},{"type":"Feature","properties":{"HYRIV_ID":20770758,"NEXT_DOWN":20770120,"MAIN_RIV":20791150,"LENGTH_KM":7.3800001,"CATCH_SKM":43.150002,"DIS_AV_CMS":0.042,"ORD_STRA":1,"ORD_FLOW":8},"geometry":{"type":"LineString","coordinates":[[43.541666666665634,31.191666666666386],[43.54791666666563,31.197916666666366],[43.55208333333229,31.197916666666366],[43.556249999998926,31.20208333333303],[43.56041666666559,31.20208333333303],[43.568749999998914,31.21041666666634],[43.57291666666558,31.21041666666634],[43.581249999998875,31.21874999999971],[43.58541666666554,31.21874999999971],[43.589583333332286,31.222916666666357],[43.581249999998875,31.231249999999726]]}},{"type":"Feature","properties":{"HYRIV_ID":20770759,"NEXT_DOWN":20768609,"MAIN_RIV":20791150,"LENGTH_KM":17.07,"CATCH_SKM":62.029999,"DIS_AV_CMS":0.403,"ORD_STRA":3,"ORD_FLOW":7},"geometry":{"type":"LineString","coordinates":[[43.693749999998914,31.193749999999703],[43.69791666666558,31.197916666666366],[43.69791666666558,31.20208333333303],[43.70208333333224,31.20624999999969],[43.70208333333224,31.21874999999971],[43.71041666666554,31.22708333333302],[43.714583333332286,31.22708333333302],[43.75208333333231,31.26458333333303],[43.75208333333231,31.26874999999969],[43.75624999999897,31.272916666666383],[43.75624999999897,31.277083333333046],[43.760416666665634,31.28124999999971],[43.760416666665634,31.28958333333302],[43.76458333333227,31.293749999999726],[43.76458333333227,31.29791666666639],[43.772916666665594,31.3062499999997],[43.772916666665594,31.31458333333301],[43.76874999999893,31.318749999999717]]}},{"type":"Feature","properties":{"HYRIV_ID":20770760,"NEXT_DOWN":20770609,"MAIN_RIV":20791150,"LENGTH_KM":1.52,"CATCH_SKM":13.96,"DIS_AV_CMS":0.003,"ORD_STRA":1,"ORD_FLOW":9},"geometry":{"type":"LineString","coordinates":[[43.98749999999893,31.191666666666386],[43.99791666666556,31.20208333333303]]}},{"type":"Feature","properties":{"HYRIV_ID":20770885,"NEXT_DOWN":0,"MAIN_RIV":20770885,"LENGTH_KM":3.54,"CATCH_SKM":10.83,"DIS_AV_CMS":0.024,"ORD_STRA":2,"ORD_FLOW":8},"geometry":{"type":"LineString","coordinates":[[42.856249999998965,31.18541666666635],[42.856249999998965,31.20624999999969],[42.84791666666558,31.214583333333046]]}},{"type":"Feature","properties":{"HYRIV_ID":20770886,"NEXT_DOWN":20770887,"MAIN_RIV":20791150,"LENGTH_KM":5.2199998,"CATCH_SKM":26.99,"DIS_AV_CMS":0.033,"ORD_STRA":1,"ORD_FLOW":8},"geometry":{"type":"LineString","coordinates":[[43.633333333332274,31.197916666666366],[43.63958333333227,31.197916666666366],[43.64374999999893,31.20208333333303],[43.647916666665594,31.20208333333303],[43.65208333333226,31.20624999999969],[43.65624999999892,31.20624999999969],[43.6645833333323,31.197916666666366],[43.6645833333323,31.18541666666635]]}},{"type":"Feature","properties":{"HYRIV_ID":20770887,"NEXT_DOWN":20770759,"MAIN_RIV":20791150,"LENGTH_KM":3.6300001,"CATCH_SKM":7.71,"DIS_AV_CMS":0.29300001,"ORD_STRA":3,"ORD_FLOW":7},"geometry":{"type":"LineString","coordinates":[[43.6645833333323,31.18541666666635],[43.67291666666563,31.18541666666635],[43.67708333333229,31.189583333333054],[43.681249999998954,31.18541666666635],[43.68541666666559,31.189583333333054],[43.68958333333225,31.189583333333054],[43.693749999998914,31.193749999999703]]}},{"type":"Feature","properties":{"HYRIV_ID":20770888,"NEXT_DOWN":20770324,"MAIN_RIV":20791150,"LENGTH_KM":7.0,"CATCH_SKM":26.450001,"DIS_AV_CMS":0.006,"ORD_STRA":1,"ORD_FLOW":9},"geometry":{"type":"LineString","coordinates":[[43.79999999999896,31.183333333333017],[43.806249999998954,31.189583333333054],[43.81041666666562,31.18541666666635],[43.82291666666558,31.18541666666635],[43.8312499999989,31.193749999999703],[43.8312499999989,31.21041666666634],[43.82708333333224,31.214583333333046],[43.8312499999989,31.21874999999971]]}},{"type":"Feature","properties":{"HYRIV_ID":20771013,"NEXT_DOWN":20770604,"MAIN_RIV":20767849,"LENGTH_KM":3.52,"CATCH_SKM":23.33,"DIS_AV_CMS":0.017,"ORD_STRA":1,"ORD_FLOW":8},"geometry":{"type":"LineString","coordinates":[[42.09583333333228,31.177083333333037],[42.102083333332274,31.177083333333037],[42.10624999999894,31.181249999999686],[42.10624999999894,31.20208333333303]]}},{"type":"Feature","properties":{"HYRIV_ID":20771014,"NEXT_DOWN":20771102,"MAIN_RIV":20766470,"LENGTH_KM":4.75,"CATCH_SKM":17.440001,"DIS_AV_CMS":0.032,"ORD_STRA":2,"ORD_FLOW":8},"geometry":{"type":"LineString","coordinates":[[43.03124999999895,31.214583333333046],[43.03124999999895,31.197916666666366],[43.027083333332314,31.193749999999703],[43.027083333332314,31.189583333333054],[43.03541666666561,31.181249999999686],[43.03124999999895,31.177083333333037]]}},{"type":"Feature","properties":{"HYRIV_ID":20771015,"NEXT_DOWN":0,"MAIN_RIV":20771015,"LENGTH_KM":5.75,"CATCH_SKM":24.42,"DIS_AV_CMS":0.014,"ORD_STRA":1,"ORD_FLOW":8},"geometry":{"type":"LineString","coordinates":[[43.17083333333227,31.216666666666377],[43.16041666666564,31.20624999999969],[43.16041666666564,31.20208333333303],[43.164583333332274,31.197916666666366],[43.164583333332274,31.193749999999703],[43.16874999999894,31.189583333333054],[43.16874999999894,31.18541666666635],[43.1729166666656,31.18541666666635],[43.181249999998926,31.177083333333037]]}},{"type":"Feature","properties":{"HYRIV_ID":20771016,"NEXT_DOWN":0,"MAIN_RIV":20771016,"LENGTH_KM":1.2,"CATCH_SKM":31.219999,"DIS_AV_CMS":0.01,"ORD_STRA":1,"ORD_FLOW":8},"geometry":{"type":"LineString","coordinates":[[43.191666666665554,31.181249999999686],[43.18541666666559,31.181249999999686],[43.181249999998926,31.177083333333037]]}},{"type":"Feature","properties":{"HYRIV_ID":20771017,"NEXT_DOWN":0,"MAIN_RIV":20771017,"LENGTH_KM":9.2600002,"CATCH_SKM":29.01,"DIS_AV_CMS":0.012,"ORD_STRA":2,"ORD_FLOW":8},"geometry":{"type":"LineString","coordinates":[[43.47291666666561,31.177083333333037],[43.46874999999895,31.181249999999686],[43.47291666666561,31.18541666666635],[43.47291666666561,31.193749999999703],[43.46041666666562,31.20624999999969],[43.45624999999896,31.20624999999969],[43.45208333333221,31.21041666666634],[43.443749999998914,31.21041666666634],[43.43958333333225,31.214583333333046],[43.435416666665674,31.214583333333046],[43.431249999998926,31.21041666666634],[43.4229166666656,31.21041666666634],[43.418749999998965,31.20624999999969],[43.418749999998965,31.20208333333303]]}},{"type":"Feature","properties":{"HYRIV_ID":20771018,"NEXT_DOWN":20771017,"MAIN_RIV":20771017,"LENGTH_KM":1.31,"CATCH_SKM":12.67,"DIS_AV_CMS":0.01,"ORD_STRA":1,"ORD_FLOW":8},"geometry":{"type":"LineString","coordinates":[[43.48333333333224,31.183333333333017],[43.477083333332246,31.177083333333037],[43.47291666666561,31.177083333333037]]}},{"type":"Feature","properties":{"HYRIV_ID":20771099,"NEXT_DOWN":20770464,"MAIN_RIV":20768762,"LENGTH_KM":12.21,"CATCH_SKM":49.939999,"DIS_AV_CMS":0.005,"ORD_STRA":1,"ORD_FLOW":9},"geometry":{"type":"LineString","coordinates":[[42.54791666666566,31.170833333333043],[42.54791666666566,31.177083333333037],[42.539583333332246,31.18541666666635],[42.539583333332246,31.189583333333054],[42.53541666666561,31.193749999999703],[42.53541666666561,31.20624999999969],[42.539583333332246,31.21041666666634],[42.543749999998994,31.21041666666634],[42.55208333333232,31.21874999999971],[42.55624999999898,31.21874999999971],[42.560416666665645,31.222916666666357],[42.585416666665594,31.222916666666357],[42.59374999999889,31.214583333333046],[42.59791666666564,31.214583333333046],[42.6020833333323,31.21041666666634]]}},{"type":"Feature","properties":{"HYRIV_ID":20771100,"NEXT_DOWN":20770607,"MAIN_RIV":20770400,"LENGTH_KM":4.08,"CATCH_SKM":9.7299995,"DIS_AV_CMS":0.042,"ORD_STRA":2,"ORD_FLOW":8},"geometry":{"type":"LineString","coordinates":[[42.78541666666561,31.172916666666374],[42.777083333332286,31.181249999999686],[42.77291666666562,31.181249999999686],[42.76874999999899,31.18541666666635],[42.76874999999899,31.20208333333303]]}},{"type":"Feature","properties":{"HYRIV_ID":20771101,"NEXT_DOWN":20770885,"MAIN_RIV":20770885,"LENGTH_KM":2.1300001,"CATCH_SKM":12.49,"DIS_AV_CMS":0.004,"ORD_STRA":1,"ORD_FLOW":9},"geometry":{"type":"LineString","coordinates":[[42.84166666666559,31.170833333333043],[42.856249999998965,31.18541666666635]]}},{"type":"Feature","properties":{"HYRIV_ID":20771102,"NEXT_DOWN":20769397,"MAIN_RIV":20766470,"LENGTH_KM":16.74,"CATCH_SKM":105.94,"DIS_AV_CMS":0.0,"ORD_STRA":4,"ORD_FLOW":10},"geometry":{"type":"LineString","coordinates":[[43.03124999999895,31.177083333333037],[43.03541666666561,31.172916666666374],[43.06041666666556,31.172916666666374],[43.10624999999891,31.21874999999971],[43.10624999999891,31.222916666666357],[43.11041666666554,31.22708333333302],[43.11041666666554,31.231249999999726],[43.118749999998954,31.239583333333037],[43.118749999998954,31.24791666666639],[43.10624999999891,31.260416666666366],[43.10624999999891,31.26874999999969],[43.102083333332246,31.272916666666383]]}},{"type":"Feature","properties":{"HYRIV_ID":20771103,"NEXT_DOWN":20770324,"MAIN_RIV":20791150,"LENGTH_KM":10.92,"CATCH_SKM":20.57,"DIS_AV_CMS":0.068,"ORD_STRA":2,"ORD_FLOW":8},"geometry":{"type":"LineString","coordinates":[[43.7437499999989,31.172916666666374],[43.74791666666556,31.172916666666374],[43.760416666665634,31.18541666666635],[43.76874999999893,31.18541666666635],[43.772916666665594,31.189583333333054],[43.772916666665594,31.193749999999703],[43.78124999999892,31.20208333333303],[43.78958333333222,31.20208333333303],[43.79374999999888,31.20624999999969],[43.79791666666563,31.20624999999969],[43.80208333333229,31.21041666666634],[43.81041666666562,31.21041666666634],[43.818749999998914,31.21874999999971],[43.8312499999989,31.21874999999971]]}},{"type":"Feature","properties":{"HYRIV_ID":20771104,"NEXT_DOWN":20770326,"MAIN_RIV":20791150,"LENGTH_KM":8.2,"CATCH_SKM":33.610001,"DIS_AV_CMS":0.007,"ORD_STRA":1,"ORD_FLOW":9},"geometry":{"type":"LineString","coordinates":[[43.89583333333226,31.172916666666374],[43.90208333333226,31.172916666666374],[43.91041666666558,31.181249999999686],[43.914583333332246,31.181249999999686],[43.92291666666554,31.189583333333054],[43.92291666666554,31.193749999999703],[43.92708333333229,31.197916666666366],[43.931249999998954,31.197916666666366],[43.93541666666562,31.20208333333303],[43.93958333333228,31.20208333333303],[43.95208333333224,31.214583333333046],[43.95208333333224,31.21874999999971]]}},{"type":"Feature","properties":{"HYRIV_ID":20771162,"NEXT_DOWN":20770603,"MAIN_RIV":20767849,"LENGTH_KM":6.6100001,"CATCH_SKM":29.76,"DIS_AV_CMS":0.022,"ORD_STRA":1,"ORD_FLOW":8},"geometry":{"type":"LineString","coordinates":[[41.991666666665566,31.166666666666394],[41.997916666665645,31.172916666666374],[42.00208333333231,31.172916666666374],[42.00624999999897,31.16874999999971],[42.01458333333227,31.177083333333037],[42.01874999999893,31.177083333333037],[42.022916666665594,31.181249999999686],[42.022916666665594,31.193749999999703],[42.01874999999893,31.197916666666366],[42.01874999999893,31.20208333333303]]}},{"type":"Feature","properties":{"HYRIV_ID":20771163,"NEXT_DOWN":20770607,"MAIN_RIV":20770400,"LENGTH_KM":6.3200002,"CATCH_SKM":18.549999,"DIS_AV_CMS":0.011,"ORD_STRA":2,"ORD_FLOW":8},"geometry":{"type":"LineString","coordinates":[[42.722916666665554,31.16874999999971],[42.73541666666563,31.16874999999971],[42.743749999998954,31.177083333333037],[42.743749999998954,31.181249999999686],[42.76458333333224,31.20208333333303],[42.76874999999899,31.20208333333303]]}},{"type":"Feature","properties":{"HYRIV_ID":20771164,"NEXT_DOWN":20770609,"MAIN_RIV":20791150,"LENGTH_KM":9.8100004,"CATCH_SKM":33.419998,"DIS_AV_CMS":0.007,"ORD_STRA":1,"ORD_FLOW":9},"geometry":{"type":"LineString","coordinates":[[43.94166666666561,31.166666666666394],[43.94791666666558,31.172916666666374],[43.94791666666558,31.177083333333037],[43.943749999998914,31.181249999999686],[43.943749999998914,31.189583333333054],[43.94791666666558,31.193749999999703],[43.960416666665566,31.193749999999703],[43.96458333333223,31.197916666666366],[43.96458333333223,31.20208333333303],[43.96874999999889,31.20624999999969],[43.972916666665526,31.20624999999969],[43.977083333332274,31.20208333333303],[43.98124999999894,31.20624999999969],[43.993749999998926,31.20624999999969],[43.99791666666556,31.20208333333303]]}},{"type":"Feature","properties":{"HYRIV_ID":20771229,"NEXT_DOWN":20770462,"MAIN_RIV":20767849,"LENGTH_KM":6.9200001,"CATCH_SKM":41.689999,"DIS_AV_CMS":0.008,"ORD_STRA":1,"ORD_FLOW":9},"geometry":{"type":"LineString","coordinates":[[42.22499999999894,31.164583333333063],[42.2354166666656,31.164583333333063],[42.23958333333226,31.16874999999971],[42.23958333333226,31.189583333333054],[42.24374999999901,31.193749999999703],[42.24374999999901,31.20624999999969],[42.23958333333226,31.21041666666634],[42.2354166666656,31.21041666666634]]}},{"type":"Feature","properties":{"HYRIV_ID":20771230,"NEXT_DOWN":0,"MAIN_RIV":20771230,"LENGTH_KM":2.58,"CATCH_SKM":20.02,"DIS_AV_CMS":0.003,"ORD_STRA":1,"ORD_FLOW":9},"geometry":{"type":"LineString","coordinates":[[42.32499999999894,31.164583333333063],[42.3520833333323,31.164583333333063]]}},{"type":"Feature","properties":{"HYRIV_ID":20771231,"NEXT_DOWN":0,"MAIN_RIV":20771231,"LENGTH_KM":7.85,"CATCH_SKM":31.77,"DIS_AV_CMS":0.022,"ORD_STRA":2,"ORD_FLOW":8},"geometry":{"type":"LineString","coordinates":[[42.32708333333224,31.20208333333303],[42.3312499999989,31.20208333333303],[42.33541666666565,31.197916666666366],[42.34374999999898,31.197916666666366],[42.3520833333323,31.189583333333054],[42.35624999999894,31.189583333333054],[42.3604166666656,31.193749999999703],[42.36458333333226,31.189583333333054],[42.36458333333226,31.177083333333037],[42.3520833333323,31.164583333333063]]}},{"type":"Feature","properties":{"HYRIV_ID":20771232,"NEXT_DOWN":20771233,"MAIN_RIV":20766470,"LENGTH_KM":0.59,"CATCH_SKM":10.47,"DIS_AV_CMS":0.01,"ORD_STRA":1,"ORD_FLOW":8},"geometry":{"type":"LineString","coordinates":[[43.01249999999891,31.164583333333063],[43.0187499999989,31.164583333333063]]}},{"type":"Feature","properties":{"HYRIV_ID":20771233,"NEXT_DOWN":20771102,"MAIN_RIV":20766470,"LENGTH_KM":2.08,"CATCH_SKM":5.5100002,"DIS_AV_CMS":0.0,"ORD_STRA":4,"ORD_FLOW":10},"geometry":{"type":"LineString","coordinates":[[43.0187499999989,31.164583333333063],[43.0187499999989,31.16874999999971],[43.027083333332314,31.177083333333037],[43.03124999999895,31.177083333333037]]}},{"type":"Feature","properties":{"HYRIV_ID":20771297,"NEXT_DOWN":20770885,"MAIN_RIV":20770885,"LENGTH_KM":3.81,"CATCH_SKM":27.74,"DIS_AV_CMS":0.018,"ORD_STRA":1,"ORD_FLOW":8},"geometry":{"type":"LineString","coordinates":[[42.87499999999892,31.160416666666357],[42.868749999998954,31.160416666666357],[42.868749999998954,31.164583333333063],[42.86041666666563,31.172916666666374],[42.86041666666563,31.181249999999686],[42.856249999998965,31.18541666666635]]}},{"type":"Feature","properties":{"HYRIV_ID":20771298,"NEXT_DOWN":20771103,"MAIN_RIV":20791150,"LENGTH_KM":1.62,"CATCH_SKM":13.6,"DIS_AV_CMS":0.006,"ORD_STRA":1,"ORD_FLOW":9},"geometry":{"type":"LineString","coordinates":[[43.7437499999989,31.158333333333026],[43.7437499999989,31.172916666666374]]}},{"type":"Feature","properties":{"HYRIV_ID":20771372,"NEXT_DOWN":20770756,"MAIN_RIV":20769904,"LENGTH_KM":7.4299998,"CATCH_SKM":36.0,"DIS_AV_CMS":0.004,"ORD_STRA":1,"ORD_FLOW":9},"geometry":{"type":"LineString","coordinates":[[42.479166666665634,31.154166666666377],[42.48958333333226,31.164583333333063],[42.48958333333226,31.16874999999971],[42.493749999998926,31.172916666666374],[42.493749999998926,31.177083333333037],[42.49791666666559,31.181249999999686],[42.49791666666559,31.189583333333054],[42.4854166666656,31.20208333333303],[42.481249999998965,31.20208333333303],[42.4770833333323,31.20624999999969]]}},{"type":"Feature","properties":{"HYRIV_ID":20771373,"NEXT_DOWN":20770759,"MAIN_RIV":20791150,"LENGTH_KM":6.83,"CATCH_SKM":32.700001,"DIS_AV_CMS":0.037,"ORD_STRA":1,"ORD_FLOW":8},"geometry":{"type":"LineString","coordinates":[[43.65833333333222,31.156249999999694],[43.6645833333323,31.156249999999694],[43.67291666666563,31.164583333333063],[43.67708333333229,31.164583333333063],[43.681249999998954,31.16874999999971],[43.68958333333225,31.16874999999971],[43.693749999998914,31.172916666666374],[43.693749999998914,31.177083333333037],[43.69791666666558,31.181249999999686],[43.69791666666558,31.189583333333054],[43.693749999998914,31.193749999999703]]}},{"type":"Feature","properties":{"HYRIV_ID":20771441,"NEXT_DOWN":20770322,"MAIN_RIV":20767849,"LENGTH_KM":9.2700005,"CATCH_SKM":27.360001,"DIS_AV_CMS":0.0,"ORD_STRA":4,"ORD_FLOW":10},"geometry":{"type":"LineString","coordinates":[[42.1187499999989,31.152083333333046],[42.135416666665634,31.16874999999971],[42.1395833333323,31.16874999999971],[42.14374999999896,31.172916666666374],[42.14374999999896,31.197916666666366],[42.12708333333231,31.214583333333046],[42.13124999999897,31.21874999999971]]}},{"type":"Feature","properties":{"HYRIV_ID":20771442,"NEXT_DOWN":20771163,"MAIN_RIV":20770400,"LENGTH_KM":9.33,"CATCH_SKM":40.23,"DIS_AV_CMS":0.004,"ORD_STRA":1,"ORD_FLOW":9},"geometry":{"type":"LineString","coordinates":[[42.64166666666563,31.154166666666377],[42.64791666666562,31.160416666666357],[42.652083333332286,31.160416666666357],[42.65624999999895,31.156249999999694],[42.664583333332274,31.156249999999694],[42.66874999999891,31.152083333333046],[42.67291666666566,31.152083333333046],[42.68124999999898,31.160416666666357],[42.685416666665645,31.160416666666357],[42.68958333333231,31.164583333333063],[42.69374999999894,31.164583333333063],[42.697916666665606,31.16874999999971],[42.722916666665554,31.16874999999971]]}},{"type":"Feature","properties":{"HYRIV_ID":20771522,"NEXT_DOWN":20771441,"MAIN_RIV":20767849,"LENGTH_KM":0.69,"CATCH_SKM":11.03,"DIS_AV_CMS":0.006,"ORD_STRA":1,"ORD_FLOW":9},"geometry":{"type":"LineString","coordinates":[[42.1187499999989,31.14583333333305],[42.1187499999989,31.152083333333046]]}},{"type":"Feature","properties":{"HYRIV_ID":20771523,"NEXT_DOWN":20771017,"MAIN_RIV":20771017,"LENGTH_KM":4.6799998,"CATCH_SKM":29.209999,"DIS_AV_CMS":0.025,"ORD_STRA":1,"ORD_FLOW":8},"geometry":{"type":"LineString","coordinates":[[43.491666666665566,31.14583333333305],[43.48124999999891,31.156249999999694],[43.477083333332246,31.156249999999694],[43.47291666666561,31.160416666666357],[43.47291666666561,31.164583333333063],[43.477083333332246,31.16874999999971],[43.477083333332246,31.172916666666374],[43.47291666666561,31.177083333333037]]}},{"type":"Feature","properties":{"HYRIV_ID":20771584,"NEXT_DOWN":20770604,"MAIN_RIV":20767849,"LENGTH_KM":12.47,"CATCH_SKM":42.049999,"DIS_AV_CMS":0.045,"ORD_STRA":2,"ORD_FLOW":8},"geometry":{"type":"LineString","coordinates":[[42.03124999999892,31.14374999999972],[42.0395833333323,31.152083333333046],[42.043749999998965,31.152083333333046],[42.056249999998954,31.164583333333063],[42.056249999998954,31.181249999999686],[42.06458333333228,31.189583333333054],[42.06458333333228,31.197916666666366],[42.068749999998914,31.20208333333303],[42.07291666666566,31.20208333333303],[42.077083333332325,31.20624999999969],[42.08124999999899,31.20624999999969],[42.08541666666565,31.20208333333303],[42.09374999999895,31.20208333333303],[42.09791666666561,31.20624999999969],[42.102083333332274,31.20208333333303],[42.10624999999894,31.20208333333303]]}},{"type":"Feature","properties":{"HYRIV_ID":20771585,"NEXT_DOWN":0,"MAIN_RIV":20771585,"LENGTH_KM":7.0300002,"CATCH_SKM":24.07,"DIS_AV_CMS":0.006,"ORD_STRA":1,"ORD_FLOW":9},"geometry":{"type":"LineString","coordinates":[[42.3833333333323,31.14374999999972],[42.3895833333323,31.14374999999972],[42.39374999999896,31.147916666666383],[42.42291666666566,31.147916666666383],[42.42708333333232,31.14374999999972],[42.44374999999894,31.160416666666357]]}},{"type":"Feature","properties":{"HYRIV_ID":20771586,"NEXT_DOWN":20771233,"MAIN_RIV":20766470,"LENGTH_KM":2.76,"CATCH_SKM":6.98,"DIS_AV_CMS":0.0,"ORD_STRA":4,"ORD_FLOW":10},"geometry":{"type":"LineString","coordinates":[[43.006249999998914,31.14374999999972],[43.0187499999989,31.156249999999694],[43.0187499999989,31.164583333333063]]}},{"type":"Feature","properties":{"HYRIV_ID":20771587,"NEXT_DOWN":0,"MAIN_RIV":20771587,"LENGTH_KM":11.32,"CATCH_SKM":48.669998,"DIS_AV_CMS":0.005,"ORD_STRA":2,"ORD_FLOW":9},"geometry":{"type":"LineString","coordinates":[[43.352083333332246,31.14374999999972],[43.352083333332246,31.147916666666383],[43.36041666666557,31.156249999999694],[43.36041666666557,31.160416666666357],[43.352083333332246,31.16874999999971],[43.352083333332246,31.172916666666374],[43.34374999999895,31.181249999999686],[43.352083333332246,31.189583333333054],[43.34374999999895,31.197916666666366],[43.34374999999895,31.20208333333303],[43.33541666666562,31.21041666666634],[43.33541666666562,31.214583333333046],[43.3270833333323,31.222916666666357],[43.3270833333323,31.22708333333302]]}},{"type":"Feature","properties":{"HYRIV_ID":20771588,"NEXT_DOWN":0,"MAIN_RIV":20771588,"LENGTH_KM":0.92,"CATCH_SKM":12.49,"DIS_AV_CMS":0.005,"ORD_STRA":1,"ORD_FLOW":9},"geometry":{"type":"LineString","coordinates":[[43.40833333333231,31.149999999999714],[43.4145833333323,31.14374999999972]]}},{"type":"Feature","properties":{"HYRIV_ID":20771661,"NEXT_DOWN":20771584,"MAIN_RIV":20767849,"LENGTH_KM":0.69,"CATCH_SKM":11.03,"DIS_AV_CMS":0.009,"ORD_STRA":1,"ORD_FLOW":9},"geometry":{"type":"LineString","coordinates":[[42.03124999999892,31.137499999999697],[42.03124999999892,31.14374999999972]]}},{"type":"Feature","properties":{"HYRIV_ID":20771662,"NEXT_DOWN":20771586,"MAIN_RIV":20766470,"LENGTH_KM":5.46,"CATCH_SKM":11.39,"DIS_AV_CMS":0.02,"ORD_STRA":4,"ORD_FLOW":8},"geometry":{"type":"LineString","coordinates":[[42.96458333333234,31.13958333333303],[42.96874999999892,31.14374999999972],[42.97291666666558,31.13958333333303],[42.98124999999888,31.13958333333303],[42.98958333333229,31.147916666666383],[42.993749999998954,31.14374999999972],[42.99791666666562,31.147916666666383],[43.00208333333228,31.147916666666383],[43.006249999998914,31.14374999999972]]}},{"type":"Feature","properties":{"HYRIV_ID":20771663,"NEXT_DOWN":20771993,"MAIN_RIV":20772240,"LENGTH_KM":2.84,"CATCH_SKM":26.450001,"DIS_AV_CMS":0.004,"ORD_STRA":1,"ORD_FLOW":9},"geometry":{"type":"LineString","coordinates":[[43.25624999999894,31.16249999999969],[43.25624999999894,31.156249999999694],[43.24791666666562,31.147916666666383],[43.24791666666562,31.13958333333303]]}},{"type":"Feature","properties":{"HYRIV_ID":20771664,"NEXT_DOWN":20771587,"MAIN_RIV":20771587,"LENGTH_KM":2.1,"CATCH_SKM":22.23,"DIS_AV_CMS":0.003,"ORD_STRA":1,"ORD_FLOW":9},"geometry":{"type":"LineString","coordinates":[[43.33333333333229,31.137499999999697],[43.339583333332286,31.14374999999972],[43.352083333332246,31.14374999999972]]}},{"type":"Feature","properties":{"HYRIV_ID":20771733,"NEXT_DOWN":20771584,"MAIN_RIV":20767849,"LENGTH_KM":2.32,"CATCH_SKM":17.09,"DIS_AV_CMS":0.013,"ORD_STRA":1,"ORD_FLOW":8},"geometry":{"type":"LineString","coordinates":[[42.012499999998965,31.133333333333034],[42.01874999999893,31.13958333333303],[42.022916666665594,31.13958333333303],[42.02708333333226,31.14374999999972],[42.03124999999892,31.14374999999972]]}},{"type":"Feature","properties":{"HYRIV_ID":20771734,"NEXT_DOWN":0,"MAIN_RIV":20771734,"LENGTH_KM":9.0699997,"CATCH_SKM":74.410004,"DIS_AV_CMS":0.022,"ORD_STRA":1,"ORD_FLOW":8},"geometry":{"type":"LineString","coordinates":[[43.10833333333224,31.135416666666366],[43.13124999999894,31.135416666666366],[43.15624999999898,31.160416666666357],[43.16041666666564,31.160416666666357],[43.1729166666656,31.172916666666374],[43.17708333333226,31.172916666666374],[43.181249999998926,31.177083333333037]]}},{"type":"Feature","properties":{"HYRIV_ID":20771779,"NEXT_DOWN":20771100,"MAIN_RIV":20770400,"LENGTH_KM":4.9299998,"CATCH_SKM":19.110001,"DIS_AV_CMS":0.029,"ORD_STRA":2,"ORD_FLOW":8},"geometry":{"type":"LineString","coordinates":[[42.78541666666561,31.131249999999703],[42.78541666666561,31.13958333333303],[42.789583333332274,31.14374999999972],[42.789583333332274,31.152083333333046],[42.78541666666561,31.156249999999694],[42.78541666666561,31.172916666666374]]}},{"type":"Feature","properties":{"HYRIV_ID":20771780,"NEXT_DOWN":20771781,"MAIN_RIV":20791150,"LENGTH_KM":4.7600002,"CATCH_SKM":19.110001,"DIS_AV_CMS":0.026,"ORD_STRA":1,"ORD_FLOW":8},"geometry":{"type":"LineString","coordinates":[[43.56666666666558,31.14583333333305],[43.57291666666558,31.152083333333046],[43.57708333333224,31.152083333333046],[43.59791666666561,31.131249999999703],[43.602083333332274,31.131249999999703]]}},{"type":"Feature","properties":{"HYRIV_ID":20771781,"NEXT_DOWN":20771782,"MAIN_RIV":20791150,"LENGTH_KM":0.79,"CATCH_SKM":2.21,"DIS_AV_CMS":0.102,"ORD_STRA":3,"ORD_FLOW":7},"geometry":{"type":"LineString","coordinates":[[43.602083333332274,31.131249999999703],[43.61041666666557,31.131249999999703]]}},{"type":"Feature","properties":{"HYRIV_ID":20771782,"NEXT_DOWN":20770887,"MAIN_RIV":20791150,"LENGTH_KM":9.4300003,"CATCH_SKM":35.27,"DIS_AV_CMS":0.251,"ORD_STRA":3,"ORD_FLOW":7},"geometry":{"type":"LineString","coordinates":[[43.61041666666557,31.131249999999703],[43.6187499999989,31.131249999999703],[43.62291666666556,31.135416666666366],[43.62291666666556,31.14374999999972],[43.62708333333231,31.147916666666383],[43.62708333333231,31.160416666666357],[43.63124999999894,31.164583333333063],[43.635416666665606,31.164583333333063],[43.63958333333227,31.16874999999971],[43.63958333333227,31.172916666666374],[43.647916666665594,31.181249999999686],[43.65624999999892,31.181249999999686],[43.660416666665554,31.18541666666635],[43.6645833333323,31.18541666666635]]}},{"type":"Feature","properties":{"HYRIV_ID":20771783,"NEXT_DOWN":20771374,"MAIN_RIV":20791150,"LENGTH_KM":10.83,"CATCH_SKM":42.810001,"DIS_AV_CMS":0.373,"ORD_STRA":3,"ORD_FLOW":7},"geometry":{"type":"LineString","coordinates":[[43.91874999999888,31.131249999999703],[43.92708333333229,31.131249999999703],[43.93541666666562,31.13958333333303],[43.96458333333223,31.13958333333303],[43.972916666665526,31.147916666666383],[43.993749999998926,31.147916666666383],[43.99791666666556,31.14374999999972],[44.00208333333222,31.14374999999972],[44.0145833333323,31.156249999999694]]}},{"type":"Feature","properties":{"HYRIV_ID":20771855,"NEXT_DOWN":20771231,"MAIN_RIV":20771231,"LENGTH_KM":12.43,"CATCH_SKM":46.84,"DIS_AV_CMS":0.016,"ORD_STRA":2,"ORD_FLOW":8},"geometry":{"type":"LineString","coordinates":[[42.26874999999896,31.127083333333054],[42.2645833333323,31.131249999999703],[42.2645833333323,31.13958333333303],[42.26874999999896,31.14374999999972],[42.26874999999896,31.164583333333063],[42.27291666666562,31.16874999999971],[42.27291666666562,31.177083333333037],[42.27708333333226,31.181249999999686],[42.28958333333233,31.181249999999686],[42.306249999998954,31.197916666666366],[42.31874999999894,31.197916666666366],[42.322916666665606,31.20208333333303],[42.32708333333224,31.20208333333303]]}},{"type":"Feature","properties":{"HYRIV_ID":20771856,"NEXT_DOWN":0,"MAIN_RIV":20771856,"LENGTH_KM":6.08,"CATCH_SKM":45.939999,"DIS_AV_CMS":0.011,"ORD_STRA":1,"ORD_FLOW":8},"geometry":{"type":"LineString","coordinates":[[42.412499999998914,31.124999999999723],[42.418749999998994,31.131249999999703],[42.42291666666566,31.131249999999703],[42.42708333333232,31.135416666666366],[42.431249999998954,31.135416666666366],[42.43541666666562,31.13958333333303],[42.43958333333228,31.13958333333303],[42.44374999999894,31.14374999999972],[42.44374999999894,31.147916666666383],[42.447916666665606,31.152083333333046],[42.447916666665606,31.156249999999694],[42.44374999999894,31.160416666666357]]}},{"type":"Feature","properties":{"HYRIV_ID":20771857,"NEXT_DOWN":0,"MAIN_RIV":20771857,"LENGTH_KM":4.21,"CATCH_SKM":38.029999,"DIS_AV_CMS":0.024,"ORD_STRA":1,"ORD_FLOW":8},"geometry":{"type":"LineString","coordinates":[[43.43958333333225,31.124999999999723],[43.43958333333225,31.135416666666366],[43.435416666665674,31.13958333333303],[43.435416666665674,31.14374999999972],[43.4145833333323,31.14374999999972]]}},{"type":"Feature","properties":{"HYRIV_ID":20771914,"NEXT_DOWN":20770325,"MAIN_RIV":20791150,"LENGTH_KM":22.370001,"CATCH_SKM":68.330002,"DIS_AV_CMS":0.015,"ORD_STRA":1,"ORD_FLOW":8},"geometry":{"type":"LineString","coordinates":[[43.7583333333323,31.12291666666639],[43.76458333333227,31.12291666666639],[43.77708333333226,31.135416666666366],[43.78124999999892,31.135416666666366],[43.78958333333222,31.14374999999972],[43.79791666666563,31.14374999999972],[43.806249999998954,31.152083333333046],[43.81041666666562,31.147916666666383],[43.81458333333225,31.152083333333046],[43.818749999998914,31.152083333333046],[43.818749999998914,31.156249999999694],[43.82291666666558,31.160416666666357],[43.82291666666558,31.164583333333063],[43.8312499999989,31.172916666666374],[43.835416666665566,31.16874999999971],[43.852083333332274,31.16874999999971],[43.8604166666656,31.177083333333037],[43.8604166666656,31.18541666666635],[43.87291666666556,31.197916666666366],[43.885416666665634,31.197916666666366],[43.89374999999893,31.20624999999969],[43.89374999999893,31.21041666666634],[43.897916666665594,31.214583333333046],[43.897916666665594,31.21874999999971],[43.91041666666558,31.231249999999726]]}},{"type":"Feature","properties":{"HYRIV_ID":20771990,"NEXT_DOWN":20771855,"MAIN_RIV":20771231,"LENGTH_KM":2.5,"CATCH_SKM":15.99,"DIS_AV_CMS":0.004,"ORD_STRA":1,"ORD_FLOW":9},"geometry":{"type":"LineString","coordinates":[[42.28541666666558,31.116666666666355],[42.28541666666558,31.12291666666639],[42.28124999999892,31.127083333333054],[42.26874999999896,31.127083333333054]]}},{"type":"Feature","properties":{"HYRIV_ID":20771991,"NEXT_DOWN":20771992,"MAIN_RIV":20770400,"LENGTH_KM":5.08,"CATCH_SKM":27.93,"DIS_AV_CMS":0.004,"ORD_STRA":1,"ORD_FLOW":9},"geometry":{"type":"LineString","coordinates":[[42.73749999999896,31.12291666666639],[42.74791666666559,31.12291666666639],[42.75208333333225,31.127083333333054],[42.75208333333225,31.131249999999703],[42.756249999998914,31.131249999999703],[42.76041666666558,31.127083333333054],[42.76874999999899,31.127083333333054],[42.777083333332286,31.118749999999686]]}},{"type":"Feature","properties":{"HYRIV_ID":20771992,"NEXT_DOWN":20771779,"MAIN_RIV":20770400,"LENGTH_KM":1.68,"CATCH_SKM":3.12,"DIS_AV_CMS":0.025,"ORD_STRA":2,"ORD_FLOW":8},"geometry":{"type":"LineString","coordinates":[[42.777083333332286,31.118749999999686],[42.78124999999895,31.12291666666639],[42.78124999999895,31.127083333333054],[42.78541666666561,31.131249999999703]]}},{"type":"Feature","properties":{"HYRIV_ID":20771993,"NEXT_DOWN":20772240,"MAIN_RIV":20772240,"LENGTH_KM":2.9,"CATCH_SKM":8.0900002,"DIS_AV_CMS":0.0,"ORD_STRA":2,"ORD_FLOW":10},"geometry":{"type":"LineString","coordinates":[[43.24791666666562,31.13958333333303],[43.239583333332234,31.131249999999703],[43.239583333332234,31.127083333333054],[43.23124999999891,31.118749999999686]]}},{"type":"Feature","properties":{"HYRIV_ID":20771994,"NEXT_DOWN":20771587,"MAIN_RIV":20771587,"LENGTH_KM":3.6700001,"CATCH_SKM":24.450001,"DIS_AV_CMS":0.003,"ORD_STRA":1,"ORD_FLOW":9},"geometry":{"type":"LineString","coordinates":[[43.337499999998954,31.118749999999686],[43.34374999999895,31.118749999999686],[43.34374999999895,31.127083333333054],[43.352083333332246,31.135416666666366],[43.352083333332246,31.14374999999972]]}},{"type":"Feature","properties":{"HYRIV_ID":20771995,"NEXT_DOWN":0,"MAIN_RIV":20771995,"LENGTH_KM":3.76,"CATCH_SKM":7.5300002,"DIS_AV_CMS":0.013,"ORD_STRA":2,"ORD_FLOW":8},"geometry":{"type":"LineString","coordinates":[[43.40208333333223,31.118749999999686],[43.40624999999898,31.118749999999686],[43.418749999998965,31.131249999999703],[43.418749999998965,31.135416666666366],[43.4145833333323,31.13958333333303],[43.4145833333323,31.14374999999972]]}},{"type":"Feature","properties":{"HYRIV_ID":20772075,"NEXT_DOWN":20772240,"MAIN_RIV":20772240,"LENGTH_KM":0.92,"CATCH_SKM":11.21,"DIS_AV_CMS":0.002,"ORD_STRA":1,"ORD_FLOW":9},"geometry":{"type":"LineString","coordinates":[[43.2374999999989,31.112499999999706],[43.23124999999891,31.118749999999686]]}},{"type":"Feature","properties":{"HYRIV_ID":20772155,"NEXT_DOWN":20770523,"MAIN_RIV":20768762,"LENGTH_KM":12.75,"CATCH_SKM":60.450001,"DIS_AV_CMS":0.006,"ORD_STRA":1,"ORD_FLOW":9},"geometry":{"type":"LineString","coordinates":[[42.57708333333227,31.108333333333043],[42.57708333333227,31.114583333333037],[42.56458333333228,31.127083333333054],[42.56458333333228,31.13958333333303],[42.572916666665606,31.147916666666383],[42.572916666665606,31.164583333333063],[42.58124999999893,31.172916666666374],[42.58124999999893,31.18541666666635],[42.58958333333223,31.193749999999703],[42.58958333333223,31.20208333333303],[42.59374999999889,31.20624999999969],[42.59791666666564,31.20624999999969]]}},{"type":"Feature","properties":{"HYRIV_ID":20772156,"NEXT_DOWN":20771783,"MAIN_RIV":20791150,"LENGTH_KM":3.1500001,"CATCH_SKM":3.6700001,"DIS_AV_CMS":0.058,"ORD_STRA":2,"ORD_FLOW":8},"geometry":{"type":"LineString","coordinates":[[43.90208333333226,31.110416666666374],[43.90208333333226,31.114583333333037],[43.91041666666558,31.12291666666639],[43.914583333332246,31.12291666666639],[43.91874999999888,31.127083333333054],[43.91874999999888,31.131249999999703]]}},{"type":"Feature","properties":{"HYRIV_ID":20772238,"NEXT_DOWN":20771662,"MAIN_RIV":20766470,"LENGTH_KM":9.29,"CATCH_SKM":45.759998,"DIS_AV_CMS":0.037,"ORD_STRA":1,"ORD_FLOW":8},"geometry":{"type":"LineString","coordinates":[[42.88749999999891,31.10624999999971],[42.89374999999899,31.10624999999971],[42.89791666666565,31.110416666666374],[42.90624999999895,31.110416666666374],[42.91041666666561,31.114583333333037],[42.927083333332234,31.114583333333037],[42.935416666665645,31.12291666666639],[42.935416666665645,31.127083333333054],[42.94374999999897,31.135416666666366],[42.9520833333323,31.135416666666366],[42.95624999999893,31.13958333333303],[42.96458333333234,31.13958333333303]]}},{"type":"Feature","properties":{"HYRIV_ID":20772239,"NEXT_DOWN":20771586,"MAIN_RIV":20766470,"LENGTH_KM":4.9200001,"CATCH_SKM":36.939999,"DIS_AV_CMS":0.028,"ORD_STRA":1,"ORD_FLOW":8},"geometry":{"type":"LineString","coordinates":[[43.00416666666561,31.10416666666638],[42.99791666666562,31.110416666666374],[42.99791666666562,31.118749999999686],[43.00208333333228,31.12291666666639],[43.00208333333228,31.131249999999703],[43.006249999998914,31.135416666666366],[43.006249999998914,31.14374999999972]]}},{"type":"Feature","properties":{"HYRIV_ID":20772240,"NEXT_DOWN":0,"MAIN_RIV":20772240,"LENGTH_KM":2.23,"CATCH_SKM":10.11,"DIS_AV_CMS":0.0,"ORD_STRA":2,"ORD_FLOW":10},"geometry":{"type":"LineString","coordinates":[[43.23124999999891,31.118749999999686],[43.227083333332246,31.114583333333037],[43.22291666666558,31.114583333333037],[43.21458333333226,31.10624999999971]]}},{"type":"Feature","properties":{"HYRIV_ID":20772241,"NEXT_DOWN":20772156,"MAIN_RIV":20791150,"LENGTH_KM":4.58,"CATCH_SKM":20.4,"DIS_AV_CMS":0.004,"ORD_STRA":1,"ORD_FLOW":9},"geometry":{"type":"LineString","coordinates":[[43.87291666666556,31.10416666666638],[43.87291666666556,31.114583333333037],[43.885416666665634,31.114583333333037],[43.8895833333323,31.118749999999686],[43.897916666665594,31.110416666666374],[43.90208333333226,31.110416666666374]]}},{"type":"Feature","properties":{"HYRIV_ID":20772242,"NEXT_DOWN":20772156,"MAIN_RIV":20791150,"LENGTH_KM":0.46,"CATCH_SKM":0.37,"DIS_AV_CMS":0.053,"ORD_STRA":2,"ORD_FLOW":8},"geometry":{"type":"LineString","coordinates":[[43.90208333333226,31.10624999999971],[43.90208333333226,31.110416666666374]]}},{"type":"Feature","properties":{"HYRIV_ID":20772303,"NEXT_DOWN":20771783,"MAIN_RIV":20791150,"LENGTH_KM":12.23,"CATCH_SKM":40.240002,"DIS_AV_CMS":0.304,"ORD_STRA":3,"ORD_FLOW":7},"geometry":{"type":"LineString","coordinates":[[43.81041666666562,31.102083333333063],[43.81458333333225,31.102083333333063],[43.82291666666558,31.110416666666374],[43.82708333333224,31.110416666666374],[43.8312499999989,31.114583333333037],[43.835416666665566,31.114583333333037],[43.84791666666561,31.127083333333054],[43.8604166666656,31.127083333333054],[43.86458333333226,31.131249999999703],[43.88124999999897,31.131249999999703],[43.885416666665634,31.135416666666366],[43.89374999999893,31.135416666666366],[43.897916666665594,31.131249999999703],[43.91874999999888,31.131249999999703]]}},{"type":"Feature","properties":{"HYRIV_ID":20772374,"NEXT_DOWN":20771100,"MAIN_RIV":20770400,"LENGTH_KM":10.95,"CATCH_SKM":56.970001,"DIS_AV_CMS":0.021,"ORD_STRA":1,"ORD_FLOW":8},"geometry":{"type":"LineString","coordinates":[[42.84583333333225,31.095833333333026],[42.835416666665594,31.10624999999971],[42.83124999999893,31.10624999999971],[42.822916666665606,31.114583333333037],[42.822916666665606,31.118749999999686],[42.81874999999897,31.12291666666639],[42.81874999999897,31.127083333333054],[42.81458333333231,31.131249999999703],[42.81458333333231,31.14374999999972],[42.78541666666561,31.172916666666374]]}},{"type":"Feature","properties":{"HYRIV_ID":20772375,"NEXT_DOWN":0,"MAIN_RIV":20772375,"LENGTH_KM":2.71,"CATCH_SKM":35.84,"DIS_AV_CMS":0.005,"ORD_STRA":1,"ORD_FLOW":9},"geometry":{"type":"LineString","coordinates":[[43.191666666665554,31.095833333333026],[43.197916666665634,31.102083333333063],[43.21041666666562,31.102083333333063],[43.21458333333226,31.10624999999971]]}},{"type":"Feature","properties":{"HYRIV_ID":20772376,"NEXT_DOWN":20771995,"MAIN_RIV":20771995,"LENGTH_KM":5.9899998,"CATCH_SKM":13.41,"DIS_AV_CMS":0.011,"ORD_STRA":2,"ORD_FLOW":8},"geometry":{"type":"LineString","coordinates":[[43.37291666666562,31.097916666666357],[43.37291666666562,31.102083333333063],[43.37708333333228,31.10624999999971],[43.37708333333228,31.110416666666374],[43.38124999999894,31.114583333333037],[43.37708333333228,31.118749999999686],[43.385416666665606,31.127083333333054],[43.39374999999893,31.127083333333054],[43.40208333333223,31.118749999999686]]}},{"type":"Feature","properties":{"HYRIV_ID":20772438,"NEXT_DOWN":20771779,"MAIN_RIV":20770400,"LENGTH_KM":5.1300001,"CATCH_SKM":20.219999,"DIS_AV_CMS":0.008,"ORD_STRA":1,"ORD_FLOW":9},"geometry":{"type":"LineString","coordinates":[[42.79791666666557,31.091666666666363],[42.79791666666557,31.102083333333063],[42.802083333332234,31.10624999999971],[42.802083333332234,31.114583333333037],[42.78541666666561,31.131249999999703]]}},{"type":"Feature","properties":{"HYRIV_ID":20772439,"NEXT_DOWN":0,"MAIN_RIV":20772439,"LENGTH_KM":2.08,"CATCH_SKM":3.1300001,"DIS_AV_CMS":0.0,"ORD_STRA":2,"ORD_FLOW":10},"geometry":{"type":"LineString","coordinates":[[43.227083333332246,31.093749999999694],[43.227083333332246,31.097916666666357],[43.21874999999892,31.10624999999971],[43.21458333333226,31.10624999999971]]}},{"type":"Feature","properties":{"HYRIV_ID":20772440,"NEXT_DOWN":20772441,"MAIN_RIV":20791150,"LENGTH_KM":2.79,"CATCH_SKM":19.3,"DIS_AV_CMS":0.021,"ORD_STRA":1,"ORD_FLOW":8},"geometry":{"type":"LineString","coordinates":[[43.49583333333223,31.097916666666357],[43.51874999999893,31.097916666666357],[43.522916666665594,31.093749999999694]]}},{"type":"Feature","properties":{"HYRIV_ID":20772441,"NEXT_DOWN":20771781,"MAIN_RIV":20791150,"LENGTH_KM":10.13,"CATCH_SKM":45.400002,"DIS_AV_CMS":0.073,"ORD_STRA":3,"ORD_FLOW":8},"geometry":{"type":"LineString","coordinates":[[43.522916666665594,31.093749999999694],[43.53541666666564,31.093749999999694],[43.5395833333323,31.097916666666357],[43.54791666666563,31.097916666666357],[43.55208333333229,31.093749999999694],[43.56458333333225,31.10624999999971],[43.56458333333225,31.110416666666374],[43.57708333333224,31.12291666666639],[43.58541666666554,31.12291666666639],[43.589583333332286,31.127083333333054],[43.59791666666561,31.127083333333054],[43.602083333332274,31.131249999999703]]}},{"type":"Feature","properties":{"HYRIV_ID":20772442,"NEXT_DOWN":20772443,"MAIN_RIV":20791150,"LENGTH_KM":0.69,"CATCH_SKM":10.66,"DIS_AV_CMS":0.002,"ORD_STRA":1,"ORD_FLOW":9},"geometry":{"type":"LineString","coordinates":[[43.78958333333222,31.09999999999969],[43.78958333333222,31.093749999999694]]}},{"type":"Feature","properties":{"HYRIV_ID":20772443,"NEXT_DOWN":20772303,"MAIN_RIV":20791150,"LENGTH_KM":2.84,"CATCH_SKM":6.4299998,"DIS_AV_CMS":0.292,"ORD_STRA":3,"ORD_FLOW":7},"geometry":{"type":"LineString","coordinates":[[43.78958333333222,31.093749999999694],[43.79791666666563,31.102083333333063],[43.80208333333229,31.102083333333063],[43.806249999998954,31.10624999999971],[43.81041666666562,31.102083333333063]]}},{"type":"Feature","properties":{"HYRIV_ID":20772510,"NEXT_DOWN":20772573,"MAIN_RIV":20767849,"LENGTH_KM":8.6800003,"CATCH_SKM":30.15,"DIS_AV_CMS":0.022,"ORD_STRA":1,"ORD_FLOW":8},"geometry":{"type":"LineString","coordinates":[[41.995833333332314,31.091666666666363],[42.00208333333231,31.097916666666357],[42.01458333333227,31.097916666666357],[42.01874999999893,31.093749999999694],[42.022916666665594,31.097916666666357],[42.022916666665594,31.102083333333063],[42.03541666666567,31.102083333333063],[42.0395833333323,31.097916666666357],[42.043749999998965,31.097916666666357],[42.04791666666563,31.102083333333063],[42.05208333333229,31.102083333333063],[42.06041666666562,31.093749999999694],[42.06041666666562,31.08958333333303]]}},{"type":"Feature","properties":{"HYRIV_ID":20772511,"NEXT_DOWN":20772376,"MAIN_RIV":20771995,"LENGTH_KM":2.61,"CATCH_SKM":16.360001,"DIS_AV_CMS":0.009,"ORD_STRA":1,"ORD_FLOW":9},"geometry":{"type":"LineString","coordinates":[[43.39583333333226,31.08958333333303],[43.38958333333227,31.08958333333303],[43.38124999999894,31.097916666666357],[43.37291666666562,31.097916666666357]]}},{"type":"Feature","properties":{"HYRIV_ID":20772573,"NEXT_DOWN":20772638,"MAIN_RIV":20767849,"LENGTH_KM":0.61,"CATCH_SKM":0.73,"DIS_AV_CMS":0.056,"ORD_STRA":2,"ORD_FLOW":8},"geometry":{"type":"LineString","coordinates":[[42.06041666666562,31.08958333333303],[42.06458333333228,31.085416666666383]]}},{"type":"Feature","properties":{"HYRIV_ID":20772574,"NEXT_DOWN":20771441,"MAIN_RIV":20767849,"LENGTH_KM":9.3800001,"CATCH_SKM":31.790001,"DIS_AV_CMS":0.029,"ORD_STRA":4,"ORD_FLOW":8},"geometry":{"type":"LineString","coordinates":[[42.077083333332325,31.085416666666383],[42.08124999999899,31.08958333333303],[42.08124999999899,31.102083333333063],[42.09791666666561,31.118749999999686],[42.09791666666561,31.131249999999703],[42.102083333332274,31.135416666666366],[42.102083333332274,31.14374999999972],[42.10624999999894,31.147916666666383],[42.1104166666656,31.147916666666383],[42.11458333333226,31.152083333333046],[42.1187499999989,31.152083333333046]]}},{"type":"Feature","properties":{"HYRIV_ID":20772575,"NEXT_DOWN":20772574,"MAIN_RIV":20767849,"LENGTH_KM":0.59,"CATCH_SKM":11.03,"DIS_AV_CMS":0.007,"ORD_STRA":1,"ORD_FLOW":9},"geometry":{"type":"LineString","coordinates":[[42.08333333333232,31.085416666666383],[42.077083333332325,31.085416666666383]]}},{"type":"Feature","properties":{"HYRIV_ID":20772576,"NEXT_DOWN":20772577,"MAIN_RIV":20767849,"LENGTH_KM":1.92,"CATCH_SKM":13.97,"DIS_AV_CMS":0.006,"ORD_STRA":1,"ORD_FLOW":9},"geometry":{"type":"LineString","coordinates":[[42.14166666666563,31.095833333333026],[42.15208333333226,31.085416666666383],[42.15624999999892,31.085416666666383]]}},{"type":"Feature","properties":{"HYRIV_ID":20772577,"NEXT_DOWN":20770462,"MAIN_RIV":20767849,"LENGTH_KM":19.450001,"CATCH_SKM":78.629997,"DIS_AV_CMS":0.029,"ORD_STRA":2,"ORD_FLOW":8},"geometry":{"type":"LineString","coordinates":[[42.15624999999892,31.085416666666383],[42.168749999998994,31.097916666666357],[42.168749999998994,31.102083333333063],[42.18541666666562,31.118749999999686],[42.18541666666562,31.147916666666383],[42.17708333333229,31.156249999999694],[42.17708333333229,31.164583333333063],[42.181249999998954,31.16874999999971],[42.18541666666562,31.16874999999971],[42.19374999999894,31.177083333333037],[42.19374999999894,31.181249999999686],[42.19791666666558,31.18541666666635],[42.19791666666558,31.189583333333054],[42.20624999999899,31.197916666666366],[42.21874999999898,31.197916666666366],[42.22291666666561,31.193749999999703],[42.227083333332274,31.193749999999703],[42.2354166666656,31.20208333333303],[42.2354166666656,31.21041666666634]]}},{"type":"Feature","properties":{"HYRIV_ID":20772578,"NEXT_DOWN":20771662,"MAIN_RIV":20766470,"LENGTH_KM":8.0900002,"CATCH_SKM":35.66,"DIS_AV_CMS":0.146,"ORD_STRA":4,"ORD_FLOW":7},"geometry":{"type":"LineString","coordinates":[[42.927083333332234,31.085416666666383],[42.9312499999989,31.08958333333303],[42.9312499999989,31.097916666666357],[42.93958333333231,31.10624999999971],[42.94374999999897,31.10624999999971],[42.947916666665634,31.110416666666374],[42.95624999999893,31.110416666666374],[42.96458333333234,31.118749999999686],[42.96458333333234,31.13958333333303]]}},{"type":"Feature","properties":{"HYRIV_ID":20772579,"NEXT_DOWN":20772441,"MAIN_RIV":20791150,"LENGTH_KM":1.0700001,"CATCH_SKM":1.29,"DIS_AV_CMS":0.0,"ORD_STRA":3,"ORD_FLOW":10},"geometry":{"type":"LineString","coordinates":[[43.51874999999893,31.085416666666383],[43.51874999999893,31.08958333333303],[43.522916666665594,31.093749999999694]]}},{"type":"Feature","properties":{"HYRIV_ID":20772638,"NEXT_DOWN":20772639,"MAIN_RIV":20767849,"LENGTH_KM":1.01,"CATCH_SKM":1.29,"DIS_AV_CMS":0.075,"ORD_STRA":2,"ORD_FLOW":8},"geometry":{"type":"LineString","coordinates":[[42.06458333333228,31.085416666666383],[42.068749999998914,31.085416666666383],[42.07291666666566,31.081249999999677]]}},{"type":"Feature","properties":{"HYRIV_ID":20772639,"NEXT_DOWN":20772574,"MAIN_RIV":20767849,"LENGTH_KM":0.61,"CATCH_SKM":0.92,"DIS_AV_CMS":0.32800001,"ORD_STRA":4,"ORD_FLOW":7},"geometry":{"type":"LineString","coordinates":[[42.07291666666566,31.081249999999677],[42.077083333332325,31.085416666666383]]}},{"type":"Feature","properties":{"HYRIV_ID":20772640,"NEXT_DOWN":20772577,"MAIN_RIV":20767849,"LENGTH_KM":0.46,"CATCH_SKM":1.1,"DIS_AV_CMS":0.015,"ORD_STRA":2,"ORD_FLOW":8},"geometry":{"type":"LineString","coordinates":[[42.15624999999892,31.081249999999677],[42.15624999999892,31.085416666666383]]}},{"type":"Feature","properties":{"HYRIV_ID":20772641,"NEXT_DOWN":20771855,"MAIN_RIV":20771231,"LENGTH_KM":8.04,"CATCH_SKM":44.119999,"DIS_AV_CMS":0.008,"ORD_STRA":1,"ORD_FLOW":9},"geometry":{"type":"LineString","coordinates":[[42.22499999999894,31.07916666666639],[42.2354166666656,31.08958333333303],[42.23958333333226,31.085416666666383],[42.24374999999901,31.08958333333303],[42.24374999999901,31.093749999999694],[42.24791666666559,31.097916666666357],[42.24791666666559,31.10624999999971],[42.25208333333222,31.110416666666374],[42.25208333333222,31.114583333333037],[42.260416666665634,31.12291666666639],[42.2645833333323,31.12291666666639],[42.26874999999896,31.127083333333054]]}},{"type":"Feature","properties":{"HYRIV_ID":20772642,"NEXT_DOWN":20771995,"MAIN_RIV":20771995,"LENGTH_KM":6.2199998,"CATCH_SKM":23.530001,"DIS_AV_CMS":0.013,"ORD_STRA":1,"ORD_FLOW":8},"geometry":{"type":"LineString","coordinates":[[43.431249999998926,31.07916666666639],[43.431249999998926,31.085416666666383],[43.4229166666656,31.093749999999694],[43.418749999998965,31.093749999999694],[43.4145833333323,31.097916666666357],[43.4145833333323,31.102083333333063],[43.41041666666564,31.10624999999971],[43.40624999999898,31.10624999999971],[43.397916666665566,31.114583333333037],[43.40208333333223,31.118749999999686]]}},{"type":"Feature","properties":{"HYRIV_ID":20772715,"NEXT_DOWN":20772640,"MAIN_RIV":20767849,"LENGTH_KM":0.61,"CATCH_SKM":0.37,"DIS_AV_CMS":0.012,"ORD_STRA":2,"ORD_FLOW":8},"geometry":{"type":"LineString","coordinates":[[42.15208333333226,31.077083333333015],[42.15624999999892,31.081249999999677]]}},{"type":"Feature","properties":{"HYRIV_ID":20772716,"NEXT_DOWN":20772856,"MAIN_RIV":20773008,"LENGTH_KM":3.6700001,"CATCH_SKM":23.34,"DIS_AV_CMS":0.003,"ORD_STRA":1,"ORD_FLOW":9},"geometry":{"type":"LineString","coordinates":[[42.51666666666563,31.10416666666638],[42.52291666666562,31.097916666666357],[42.52291666666562,31.08958333333303],[42.53541666666561,31.077083333333015]]}},{"type":"Feature","properties":{"HYRIV_ID":20772717,"NEXT_DOWN":20772856,"MAIN_RIV":20773008,"LENGTH_KM":0.59,"CATCH_SKM":15.99,"DIS_AV_CMS":0.002,"ORD_STRA":1,"ORD_FLOW":9},"geometry":{"type":"LineString","coordinates":[[42.54166666666558,31.077083333333015],[42.53541666666561,31.077083333333015]]}},{"type":"Feature","properties":{"HYRIV_ID":20772718,"NEXT_DOWN":20771163,"MAIN_RIV":20770400,"LENGTH_KM":18.309999,"CATCH_SKM":79.209999,"DIS_AV_CMS":0.008,"ORD_STRA":1,"ORD_FLOW":9},"geometry":{"type":"LineString","coordinates":[[42.616666666665594,31.074999999999697],[42.62291666666559,31.081249999999677],[42.62291666666559,31.093749999999694],[42.618749999998926,31.097916666666357],[42.618749999998926,31.102083333333063],[42.62708333333225,31.110416666666374],[42.631249999998914,31.110416666666374],[42.63541666666558,31.114583333333037],[42.6395833333323,31.114583333333037],[42.64374999999896,31.118749999999686],[42.64791666666562,31.118749999999686],[42.65624999999895,31.127083333333054],[42.67291666666566,31.127083333333054],[42.67708333333232,31.131249999999703],[42.68124999999898,31.127083333333054],[42.685416666665645,31.127083333333054],[42.68958333333231,31.12291666666639],[42.69374999999894,31.127083333333054],[42.69374999999894,31.135416666666366],[42.722916666665554,31.164583333333063],[42.722916666665554,31.16874999999971]]}},{"type":"Feature","properties":{"HYRIV_ID":20772719,"NEXT_DOWN":20772242,"MAIN_RIV":20791150,"LENGTH_KM":3.83,"CATCH_SKM":10.48,"DIS_AV_CMS":0.033,"ORD_STRA":2,"ORD_FLOW":8},"geometry":{"type":"LineString","coordinates":[[43.89374999999893,31.077083333333015],[43.897916666665594,31.081249999999677],[43.897916666665594,31.085416666666383],[43.89374999999893,31.08958333333303],[43.89374999999893,31.093749999999694],[43.90208333333226,31.102083333333063],[43.90208333333226,31.10624999999971]]}},{"type":"Feature","properties":{"HYRIV_ID":20772720,"NEXT_DOWN":20771374,"MAIN_RIV":20791150,"LENGTH_KM":12.16,"CATCH_SKM":40.439999,"DIS_AV_CMS":0.025,"ORD_STRA":1,"ORD_FLOW":8},"geometry":{"type":"LineString","coordinates":[[43.98749999999893,31.074999999999697],[43.993749999998926,31.081249999999677],[43.99791666666556,31.081249999999677],[44.00208333333222,31.085416666666383],[44.00208333333222,31.110416666666374],[44.010416666665634,31.118749999999686],[44.01874999999896,31.118749999999686],[44.022916666665594,31.12291666666639],[44.022916666665594,31.135416666666366],[44.03124999999892,31.14374999999972],[44.01874999999896,31.156249999999694],[44.0145833333323,31.156249999999694]]}},{"type":"Feature","properties":{"HYRIV_ID":20772781,"NEXT_DOWN":20772782,"MAIN_RIV":20770400,"LENGTH_KM":5.9200001,"CATCH_SKM":31.8,"DIS_AV_CMS":0.008,"ORD_STRA":1,"ORD_FLOW":9},"geometry":{"type":"LineString","coordinates":[[42.7041666666656,31.091666666666363],[42.71458333333226,31.081249999999677],[42.74791666666559,31.081249999999677],[42.756249999998914,31.072916666666366]]}},{"type":"Feature","properties":{"HYRIV_ID":20772782,"NEXT_DOWN":20771992,"MAIN_RIV":20770400,"LENGTH_KM":6.12,"CATCH_SKM":18.02,"DIS_AV_CMS":0.023,"ORD_STRA":2,"ORD_FLOW":8},"geometry":{"type":"LineString","coordinates":[[42.756249999998914,31.072916666666366],[42.77291666666562,31.08958333333303],[42.77291666666562,31.093749999999694],[42.777083333332286,31.097916666666357],[42.777083333332286,31.110416666666374],[42.77291666666562,31.114583333333037],[42.777083333332286,31.118749999999686]]}},{"type":"Feature","properties":{"HYRIV_ID":20772783,"NEXT_DOWN":20772857,"MAIN_RIV":20772940,"LENGTH_KM":3.23,"CATCH_SKM":24.26,"DIS_AV_CMS":0.015,"ORD_STRA":1,"ORD_FLOW":8},"geometry":{"type":"LineString","coordinates":[[43.06249999999889,31.09999999999969],[43.06874999999897,31.093749999999694],[43.06874999999897,31.072916666666366]]}},{"type":"Feature","properties":{"HYRIV_ID":20772784,"NEXT_DOWN":20772785,"MAIN_RIV":20791150,"LENGTH_KM":3.01,"CATCH_SKM":14.71,"DIS_AV_CMS":0.004,"ORD_STRA":1,"ORD_FLOW":9},"geometry":{"type":"LineString","coordinates":[[43.74166666666565,31.081249999999677],[43.74791666666556,31.081249999999677],[43.75208333333231,31.077083333333015],[43.76458333333227,31.077083333333015],[43.76874999999893,31.072916666666366]]}},{"type":"Feature","properties":{"HYRIV_ID":20772785,"NEXT_DOWN":20772443,"MAIN_RIV":20791150,"LENGTH_KM":3.3,"CATCH_SKM":5.5100002,"DIS_AV_CMS":0.288,"ORD_STRA":3,"ORD_FLOW":7},"geometry":{"type":"LineString","coordinates":[[43.76874999999893,31.072916666666366],[43.772916666665594,31.072916666666366],[43.77708333333226,31.077083333333015],[43.77708333333226,31.081249999999677],[43.78958333333222,31.093749999999694]]}},{"type":"Feature","properties":{"HYRIV_ID":20772855,"NEXT_DOWN":20772939,"MAIN_RIV":20772939,"LENGTH_KM":4.6100001,"CATCH_SKM":22.43,"DIS_AV_CMS":0.004,"ORD_STRA":1,"ORD_FLOW":9},"geometry":{"type":"LineString","coordinates":[[42.4541666666656,31.085416666666383],[42.447916666665606,31.085416666666383],[42.44374999999894,31.081249999999677],[42.43958333333228,31.085416666666383],[42.431249999998954,31.085416666666383],[42.42708333333232,31.081249999999677],[42.42708333333232,31.068749999999703]]}},{"type":"Feature","properties":{"HYRIV_ID":20772856,"NEXT_DOWN":20773008,"MAIN_RIV":20773008,"LENGTH_KM":1.22,"CATCH_SKM":2.3900001,"DIS_AV_CMS":0.005,"ORD_STRA":2,"ORD_FLOW":9},"geometry":{"type":"LineString","coordinates":[[42.53541666666561,31.077083333333015],[42.527083333332286,31.068749999999703]]}},{"type":"Feature","properties":{"HYRIV_ID":20772857,"NEXT_DOWN":20772940,"MAIN_RIV":20772940,"LENGTH_KM":1.8,"CATCH_SKM":1.84,"DIS_AV_CMS":0.026,"ORD_STRA":2,"ORD_FLOW":8},"geometry":{"type":"LineString","coordinates":[[43.06874999999897,31.072916666666366],[43.08124999999896,31.072916666666366],[43.085416666665594,31.068749999999703]]}},{"type":"Feature","properties":{"HYRIV_ID":20772858,"NEXT_DOWN":20772940,"MAIN_RIV":20772940,"LENGTH_KM":1.38,"CATCH_SKM":15.63,"DIS_AV_CMS":0.007,"ORD_STRA":1,"ORD_FLOW":9},"geometry":{"type":"LineString","coordinates":[[43.09166666666559,31.07916666666639],[43.085416666665594,31.072916666666366],[43.085416666665594,31.068749999999703]]}},{"type":"Feature","properties":{"HYRIV_ID":20772859,"NEXT_DOWN":20772579,"MAIN_RIV":20791150,"LENGTH_KM":3.54,"CATCH_SKM":15.26,"DIS_AV_CMS":0.016,"ORD_STRA":1,"ORD_FLOW":8},"geometry":{"type":"LineString","coordinates":[[43.491666666665566,31.06666666666637],[43.50624999999894,31.081249999999677],[43.510416666665606,31.081249999999677],[43.51458333333227,31.085416666666383],[43.51874999999893,31.085416666666383]]}},{"type":"Feature","properties":{"HYRIV_ID":20772860,"NEXT_DOWN":20772303,"MAIN_RIV":20791150,"LENGTH_KM":4.9200001,"CATCH_SKM":23.17,"DIS_AV_CMS":0.005,"ORD_STRA":1,"ORD_FLOW":9},"geometry":{"type":"LineString","coordinates":[[43.806249999998954,31.06666666666637],[43.806249999998954,31.072916666666366],[43.81041666666562,31.077083333333015],[43.806249999998954,31.081249999999677],[43.81041666666562,31.085416666666383],[43.81041666666562,31.08958333333303],[43.806249999998954,31.093749999999694],[43.806249999998954,31.102083333333063],[43.81041666666562,31.102083333333063]]}},{"type":"Feature","properties":{"HYRIV_ID":20772861,"NEXT_DOWN":20772719,"MAIN_RIV":20791150,"LENGTH_KM":1.16,"CATCH_SKM":18.76,"DIS_AV_CMS":0.01,"ORD_STRA":1,"ORD_FLOW":8},"geometry":{"type":"LineString","coordinates":[[43.89374999999893,31.06666666666637],[43.89374999999893,31.077083333333015]]}},{"type":"Feature","properties":{"HYRIV_ID":20772862,"NEXT_DOWN":20772242,"MAIN_RIV":20791150,"LENGTH_KM":7.9099998,"CATCH_SKM":39.16,"DIS_AV_CMS":0.02,"ORD_STRA":1,"ORD_FLOW":8},"geometry":{"type":"LineString","coordinates":[[43.93541666666562,31.06666666666637],[43.93541666666562,31.072916666666366],[43.93958333333228,31.077083333333015],[43.93958333333228,31.08958333333303],[43.943749999998914,31.093749999999694],[43.93958333333228,31.097916666666357],[43.93541666666562,31.097916666666357],[43.931249999998954,31.102083333333063],[43.92708333333229,31.102083333333063],[43.92291666666554,31.10624999999971],[43.90208333333226,31.10624999999971]]}},{"type":"Feature","properties":{"HYRIV_ID":20772937,"NEXT_DOWN":20772715,"MAIN_RIV":20767849,"LENGTH_KM":3.5,"CATCH_SKM":16.18,"DIS_AV_CMS":0.006,"ORD_STRA":1,"ORD_FLOW":9},"geometry":{"type":"LineString","coordinates":[[42.12708333333231,31.062499999999723],[42.12708333333231,31.068749999999703],[42.13124999999897,31.072916666666366],[42.1395833333323,31.072916666666366],[42.14374999999896,31.077083333333015],[42.15208333333226,31.077083333333015]]}},{"type":"Feature","properties":{"HYRIV_ID":20772938,"NEXT_DOWN":0,"MAIN_RIV":20772938,"LENGTH_KM":6.9099998,"CATCH_SKM":34.189999,"DIS_AV_CMS":0.013,"ORD_STRA":1,"ORD_FLOW":8},"geometry":{"type":"LineString","coordinates":[[42.320833333332274,31.108333333333043],[42.32708333333224,31.102083333333063],[42.32708333333224,31.097916666666357],[42.33541666666565,31.08958333333303],[42.339583333332314,31.08958333333303],[42.34374999999898,31.085416666666383],[42.34374999999898,31.081249999999677],[42.3604166666656,31.06458333333304],[42.36458333333226,31.06458333333304]]}},{"type":"Feature","properties":{"HYRIV_ID":20772939,"NEXT_DOWN":0,"MAIN_RIV":20772939,"LENGTH_KM":7.02,"CATCH_SKM":30.15,"DIS_AV_CMS":0.019,"ORD_STRA":2,"ORD_FLOW":8},"geometry":{"type":"LineString","coordinates":[[42.42708333333232,31.068749999999703],[42.42291666666566,31.068749999999703],[42.418749999998994,31.06458333333304],[42.414583333332246,31.06458333333304],[42.40624999999892,31.072916666666366],[42.385416666665634,31.072916666666366],[42.381249999998886,31.068749999999703],[42.37291666666559,31.068749999999703],[42.368749999998926,31.06458333333304],[42.36458333333226,31.06458333333304]]}},{"type":"Feature","properties":{"HYRIV_ID":20772940,"NEXT_DOWN":0,"MAIN_RIV":20772940,"LENGTH_KM":0.46,"CATCH_SKM":0.18,"DIS_AV_CMS":0.03,"ORD_STRA":2,"ORD_FLOW":8},"geometry":{"type":"LineString","coordinates":[[43.085416666665594,31.068749999999703],[43.085416666665594,31.06458333333304]]}},{"type":"Feature","properties":{"HYRIV_ID":20772941,"NEXT_DOWN":20772439,"MAIN_RIV":20772439,"LENGTH_KM":4.1300001,"CATCH_SKM":25.01,"DIS_AV_CMS":0.003,"ORD_STRA":1,"ORD_FLOW":9},"geometry":{"type":"LineString","coordinates":[[43.21666666666559,31.062499999999723],[43.22291666666558,31.068749999999703],[43.22291666666558,31.072916666666366],[43.227083333332246,31.077083333333015],[43.22291666666558,31.081249999999677],[43.22291666666558,31.085416666666383],[43.227083333332246,31.08958333333303],[43.227083333332246,31.093749999999694]]}},{"type":"Feature","properties":{"HYRIV_ID":20772942,"NEXT_DOWN":20771103,"MAIN_RIV":20791150,"LENGTH_KM":17.98,"CATCH_SKM":73.330002,"DIS_AV_CMS":0.055,"ORD_STRA":1,"ORD_FLOW":8},"geometry":{"type":"LineString","coordinates":[[43.63958333333227,31.062499999999723],[43.63958333333227,31.068749999999703],[43.64374999999893,31.072916666666366],[43.64374999999893,31.077083333333015],[43.660416666665554,31.093749999999694],[43.6645833333323,31.093749999999694],[43.668749999998965,31.097916666666357],[43.668749999998965,31.102083333333063],[43.67291666666563,31.10624999999971],[43.67708333333229,31.10624999999971],[43.693749999998914,31.12291666666639],[43.69791666666558,31.12291666666639],[43.7062499999989,31.131249999999703],[43.7062499999989,31.14374999999972],[43.714583333332286,31.152083333333046],[43.71874999999895,31.152083333333046],[43.727083333332274,31.160416666666357],[43.72291666666561,31.164583333333063],[43.73124999999894,31.172916666666374],[43.7437499999989,31.172916666666374]]}},{"type":"Feature","properties":{"HYRIV_ID":20772943,"NEXT_DOWN":20772785,"MAIN_RIV":20791150,"LENGTH_KM":1.62,"CATCH_SKM":3.31,"DIS_AV_CMS":0.283,"ORD_STRA":3,"ORD_FLOW":7},"geometry":{"type":"LineString","coordinates":[[43.75624999999897,31.06458333333304],[43.760416666665634,31.068749999999703],[43.76458333333227,31.068749999999703],[43.76874999999893,31.072916666666366]]}},{"type":"Feature","properties":{"HYRIV_ID":20773007,"NEXT_DOWN":0,"MAIN_RIV":20773007,"LENGTH_KM":0.59,"CATCH_SKM":16.360001,"DIS_AV_CMS":0.002,"ORD_STRA":1,"ORD_FLOW":9},"geometry":{"type":"LineString","coordinates":[[42.508333333332246,31.06041666666639],[42.5145833333323,31.06041666666639]]}},{"type":"Feature","properties":{"HYRIV_ID":20773008,"NEXT_DOWN":0,"MAIN_RIV":20773008,"LENGTH_KM":1.62,"CATCH_SKM":3.6800001,"DIS_AV_CMS":0.007,"ORD_STRA":2,"ORD_FLOW":9},"geometry":{"type":"LineString","coordinates":[[42.527083333332286,31.068749999999703],[42.52291666666562,31.068749999999703],[42.5145833333323,31.06041666666639]]}},{"type":"Feature","properties":{"HYRIV_ID":20773009,"NEXT_DOWN":20772857,"MAIN_RIV":20772940,"LENGTH_KM":4.0100002,"CATCH_SKM":32.0,"DIS_AV_CMS":0.017,"ORD_STRA":1,"ORD_FLOW":8},"geometry":{"type":"LineString","coordinates":[[43.03333333333228,31.06041666666639],[43.0479166666656,31.06041666666639],[43.06041666666556,31.072916666666366],[43.06874999999897,31.072916666666366]]}},{"type":"Feature","properties":{"HYRIV_ID":20773010,"NEXT_DOWN":20772376,"MAIN_RIV":20771995,"LENGTH_KM":5.06,"CATCH_SKM":34.200001,"DIS_AV_CMS":0.01,"ORD_STRA":1,"ORD_FLOW":8},"geometry":{"type":"LineString","coordinates":[[43.35416666666558,31.058333333333017],[43.3687499999989,31.072916666666366],[43.3687499999989,31.077083333333015],[43.37291666666562,31.081249999999677],[43.37291666666562,31.097916666666357]]}},{"type":"Feature","properties":{"HYRIV_ID":20773083,"NEXT_DOWN":20772943,"MAIN_RIV":20791150,"LENGTH_KM":2.81,"CATCH_SKM":10.3,"DIS_AV_CMS":0.19400001,"ORD_STRA":3,"ORD_FLOW":7},"geometry":{"type":"LineString","coordinates":[[43.73124999999894,31.056249999999686],[43.73541666666557,31.06041666666639],[43.75208333333231,31.06041666666639],[43.75624999999897,31.06458333333304]]}},{"type":"Feature","properties":{"HYRIV_ID":20773138,"NEXT_DOWN":20773216,"MAIN_RIV":20773217,"LENGTH_KM":3.99,"CATCH_SKM":20.41,"DIS_AV_CMS":0.011,"ORD_STRA":1,"ORD_FLOW":8},"geometry":{"type":"LineString","coordinates":[[42.32499999999894,31.08333333333301],[42.31874999999894,31.077083333333015],[42.31874999999894,31.072916666666366],[42.322916666665606,31.068749999999703],[42.322916666665606,31.06458333333304],[42.32708333333224,31.06041666666639],[42.32708333333224,31.052083333333023]]}},{"type":"Feature","properties":{"HYRIV_ID":20773139,"NEXT_DOWN":20772939,"MAIN_RIV":20772939,"LENGTH_KM":3.32,"CATCH_SKM":18.57,"DIS_AV_CMS":0.003,"ORD_STRA":1,"ORD_FLOW":9},"geometry":{"type":"LineString","coordinates":[[42.447916666665606,31.049999999999706],[42.447916666665606,31.056249999999686],[42.44374999999894,31.06041666666639],[42.43958333333228,31.06041666666639],[42.43541666666562,31.06458333333304],[42.431249999998954,31.06458333333304],[42.42708333333232,31.068749999999703]]}},{"type":"Feature","properties":{"HYRIV_ID":20773140,"NEXT_DOWN":20773008,"MAIN_RIV":20773008,"LENGTH_KM":3.29,"CATCH_SKM":17.84,"DIS_AV_CMS":0.002,"ORD_STRA":1,"ORD_FLOW":9},"geometry":{"type":"LineString","coordinates":[[42.54999999999899,31.052083333333023],[42.543749999998994,31.052083333333023],[42.539583333332246,31.056249999999686],[42.53541666666561,31.056249999999686],[42.53124999999895,31.06041666666639],[42.53124999999895,31.06458333333304],[42.527083333332286,31.068749999999703]]}},{"type":"Feature","properties":{"HYRIV_ID":20773141,"NEXT_DOWN":20772782,"MAIN_RIV":20770400,"LENGTH_KM":6.9200001,"CATCH_SKM":31.26,"DIS_AV_CMS":0.012,"ORD_STRA":1,"ORD_FLOW":8},"geometry":{"type":"LineString","coordinates":[[42.70833333333226,31.052083333333023],[42.71874999999889,31.052083333333023],[42.722916666665554,31.056249999999686],[42.722916666665554,31.06041666666639],[42.71874999999889,31.06458333333304],[42.71874999999889,31.068749999999703],[42.722916666665554,31.072916666666366],[42.756249999998914,31.072916666666366]]}},{"type":"Feature","properties":{"HYRIV_ID":20773216,"NEXT_DOWN":20773217,"MAIN_RIV":20773217,"LENGTH_KM":0.46,"CATCH_SKM":0.37,"DIS_AV_CMS":0.034,"ORD_STRA":2,"ORD_FLOW":8},"geometry":{"type":"LineString","coordinates":[[42.32708333333224,31.052083333333023],[42.32708333333224,31.047916666666374]]}},{"type":"Feature","properties":{"HYRIV_ID":20773217,"NEXT_DOWN":0,"MAIN_RIV":20773217,"LENGTH_KM":4.4200001,"CATCH_SKM":10.48,"DIS_AV_CMS":0.0,"ORD_STRA":5,"ORD_FLOW":10},"geometry":{"type":"LineString","coordinates":[[42.32708333333224,31.047916666666374],[42.3312499999989,31.052083333333023],[42.34791666666564,31.052083333333023],[42.3520833333323,31.056249999999686],[42.35624999999894,31.056249999999686],[42.36458333333226,31.06458333333304]]}},{"type":"Feature","properties":{"HYRIV_ID":20773218,"NEXT_DOWN":20772578,"MAIN_RIV":20766470,"LENGTH_KM":4.9,"CATCH_SKM":24.82,"DIS_AV_CMS":0.297,"ORD_STRA":4,"ORD_FLOW":7},"geometry":{"type":"LineString","coordinates":[[42.90624999999895,31.047916666666374],[42.91041666666561,31.052083333333023],[42.91041666666561,31.06041666666639],[42.91874999999894,31.068749999999703],[42.91874999999894,31.077083333333015],[42.927083333332234,31.085416666666383]]}},{"type":"Feature","properties":{"HYRIV_ID":20773294,"NEXT_DOWN":20772640,"MAIN_RIV":20767849,"LENGTH_KM":5.9,"CATCH_SKM":23.91,"DIS_AV_CMS":0.004,"ORD_STRA":1,"ORD_FLOW":9},"geometry":{"type":"LineString","coordinates":[[42.17499999999896,31.04166666666638],[42.16458333333233,31.052083333333023],[42.16458333333233,31.056249999999686],[42.168749999998994,31.06041666666639],[42.16458333333233,31.06458333333304],[42.168749999998994,31.068749999999703],[42.168749999998994,31.072916666666366],[42.16458333333233,31.077083333333015],[42.16041666666558,31.077083333333015],[42.15624999999892,31.081249999999677]]}},{"type":"Feature","properties":{"HYRIV_ID":20773295,"NEXT_DOWN":20773296,"MAIN_RIV":20773217,"LENGTH_KM":6.7399998,"CATCH_SKM":34.939999,"DIS_AV_CMS":0.012,"ORD_STRA":1,"ORD_FLOW":8},"geometry":{"type":"LineString","coordinates":[[42.229166666665606,31.049999999999706],[42.2354166666656,31.056249999999686],[42.25624999999897,31.056249999999686],[42.260416666665634,31.052083333333023],[42.2645833333323,31.056249999999686],[42.26874999999896,31.052083333333023],[42.27291666666562,31.052083333333023],[42.27708333333226,31.047916666666374],[42.28124999999892,31.047916666666374],[42.28541666666558,31.04374999999971]]}},{"type":"Feature","properties":{"HYRIV_ID":20773296,"NEXT_DOWN":20773216,"MAIN_RIV":20773217,"LENGTH_KM":4.8200002,"CATCH_SKM":9.0100002,"DIS_AV_CMS":0.023,"ORD_STRA":2,"ORD_FLOW":8},"geometry":{"type":"LineString","coordinates":[[42.28541666666558,31.04374999999971],[42.293749999998994,31.04374999999971],[42.29791666666566,31.047916666666374],[42.30208333333229,31.047916666666374],[42.31041666666562,31.056249999999686],[42.322916666665606,31.056249999999686],[42.32708333333224,31.052083333333023]]}},{"type":"Feature","properties":{"HYRIV_ID":20773297,"NEXT_DOWN":20772578,"MAIN_RIV":20766470,"LENGTH_KM":6.2,"CATCH_SKM":13.97,"DIS_AV_CMS":0.039,"ORD_STRA":2,"ORD_FLOW":8},"geometry":{"type":"LineString","coordinates":[[42.96458333333234,31.04374999999971],[42.95624999999893,31.052083333333023],[42.95624999999893,31.056249999999686],[42.9520833333323,31.06041666666639],[42.947916666665634,31.06041666666639],[42.9312499999989,31.077083333333015],[42.9312499999989,31.081249999999677],[42.927083333332234,31.085416666666383]]}},{"type":"Feature","properties":{"HYRIV_ID":20773298,"NEXT_DOWN":20773297,"MAIN_RIV":20766470,"LENGTH_KM":0.59,"CATCH_SKM":12.14,"DIS_AV_CMS":0.011,"ORD_STRA":1,"ORD_FLOW":8},"geometry":{"type":"LineString","coordinates":[[42.97083333333225,31.04374999999971],[42.96458333333234,31.04374999999971]]}},{"type":"Feature","properties":{"HYRIV_ID":20773361,"NEXT_DOWN":0,"MAIN_RIV":20773361,"LENGTH_KM":3.47,"CATCH_SKM":6.62,"DIS_AV_CMS":0.01,"ORD_STRA":2,"ORD_FLOW":8},"geometry":{"type":"LineString","coordinates":[[43.072916666665634,31.03958333333305],[43.072916666665634,31.052083333333023],[43.0770833333323,31.056249999999686],[43.0770833333323,31.06041666666639],[43.08124999999896,31.06458333333304],[43.085416666665594,31.06458333333304]]}},{"type":"Feature","properties":{"HYRIV_ID":20773428,"NEXT_DOWN":20772573,"MAIN_RIV":20767849,"LENGTH_KM":13.44,"CATCH_SKM":48.0,"DIS_AV_CMS":0.034,"ORD_STRA":1,"ORD_FLOW":8},"geometry":{"type":"LineString","coordinates":[[41.97083333333228,31.03333333333307],[41.9854166666656,31.047916666666374],[41.989583333332234,31.047916666666374],[41.9937499999989,31.052083333333023],[41.997916666665645,31.047916666666374],[42.00208333333231,31.047916666666374],[42.00624999999897,31.052083333333023],[42.010416666665634,31.047916666666374],[42.01874999999893,31.056249999999686],[42.02708333333226,31.056249999999686],[42.03124999999892,31.052083333333023],[42.0395833333323,31.06041666666639],[42.0395833333323,31.06458333333304],[42.043749999998965,31.068749999999703],[42.043749999998965,31.072916666666366],[42.05208333333229,31.081249999999677],[42.05208333333229,31.085416666666383],[42.056249999998954,31.08958333333303],[42.06041666666562,31.08958333333303]]}},{"type":"Feature","properties":{"HYRIV_ID":20773429,"NEXT_DOWN":20773296,"MAIN_RIV":20773217,"LENGTH_KM":1.52,"CATCH_SKM":11.96,"DIS_AV_CMS":0.007,"ORD_STRA":1,"ORD_FLOW":9},"geometry":{"type":"LineString","coordinates":[[42.274999999998926,31.03333333333307],[42.28541666666558,31.04374999999971]]}},{"type":"Feature","properties":{"HYRIV_ID":20773430,"NEXT_DOWN":20773218,"MAIN_RIV":20766470,"LENGTH_KM":1.39,"CATCH_SKM":3.6800001,"DIS_AV_CMS":0.371,"ORD_STRA":4,"ORD_FLOW":7},"geometry":{"type":"LineString","coordinates":[[42.90624999999895,31.0354166666664],[42.90624999999895,31.047916666666374]]}},{"type":"Feature","properties":{"HYRIV_ID":20773431,"NEXT_DOWN":20773218,"MAIN_RIV":20766470,"LENGTH_KM":3.72,"CATCH_SKM":17.48,"DIS_AV_CMS":0.017,"ORD_STRA":1,"ORD_FLOW":8},"geometry":{"type":"LineString","coordinates":[[42.93749999999898,31.03333333333307],[42.9312499999989,31.03958333333305],[42.91874999999894,31.03958333333305],[42.91041666666561,31.047916666666374],[42.90624999999895,31.047916666666374]]}},{"type":"Feature","properties":{"HYRIV_ID":20773432,"NEXT_DOWN":20773361,"MAIN_RIV":20773361,"LENGTH_KM":0.69,"CATCH_SKM":11.59,"DIS_AV_CMS":0.002,"ORD_STRA":1,"ORD_FLOW":9},"geometry":{"type":"LineString","coordinates":[[43.072916666665634,31.03333333333307],[43.072916666665634,31.03958333333305]]}},{"type":"Feature","properties":{"HYRIV_ID":20773516,"NEXT_DOWN":20772638,"MAIN_RIV":20767849,"LENGTH_KM":8.8400002,"CATCH_SKM":28.690001,"DIS_AV_CMS":0.02,"ORD_STRA":1,"ORD_FLOW":8},"geometry":{"type":"LineString","coordinates":[[42.0166666666656,31.031249999999694],[42.03124999999892,31.031249999999694],[42.03541666666567,31.0354166666664],[42.0395833333323,31.0354166666664],[42.04791666666563,31.04374999999971],[42.04791666666563,31.047916666666374],[42.06041666666562,31.06041666666639],[42.06041666666562,31.081249999999677],[42.06458333333228,31.085416666666383]]}},{"type":"Feature","properties":{"HYRIV_ID":20773517,"NEXT_DOWN":20772715,"MAIN_RIV":20767849,"LENGTH_KM":5.9200001,"CATCH_SKM":25.02,"DIS_AV_CMS":0.006,"ORD_STRA":1,"ORD_FLOW":9},"geometry":{"type":"LineString","coordinates":[[42.14374999999896,31.029166666666363],[42.14374999999896,31.03958333333305],[42.1395833333323,31.04374999999971],[42.147916666665594,31.052083333333023],[42.147916666665594,31.068749999999703],[42.15208333333226,31.072916666666366],[42.15208333333226,31.077083333333015]]}},{"type":"Feature","properties":{"HYRIV_ID":20773518,"NEXT_DOWN":20772579,"MAIN_RIV":20791150,"LENGTH_KM":7.1500001,"CATCH_SKM":37.700001,"DIS_AV_CMS":0.0,"ORD_STRA":3,"ORD_FLOW":10},"geometry":{"type":"LineString","coordinates":[[43.4937499999989,31.031249999999694],[43.50208333333228,31.03958333333305],[43.50624999999894,31.03958333333305],[43.510416666665606,31.04374999999971],[43.510416666665606,31.052083333333023],[43.51458333333227,31.056249999999686],[43.51458333333227,31.06458333333304],[43.51874999999893,31.068749999999703],[43.51874999999893,31.085416666666383]]}},{"type":"Feature","properties":{"HYRIV_ID":20773588,"NEXT_DOWN":20772639,"MAIN_RIV":20767849,"LENGTH_KM":6.6100001,"CATCH_SKM":18.57,"DIS_AV_CMS":0.27,"ORD_STRA":4,"ORD_FLOW":7},"geometry":{"type":"LineString","coordinates":[[42.07291666666566,31.02708333333303],[42.07291666666566,31.03958333333305],[42.08124999999899,31.047916666666374],[42.08124999999899,31.06041666666639],[42.077083333332325,31.06458333333304],[42.077083333332325,31.068749999999703],[42.07291666666566,31.072916666666366],[42.07291666666566,31.081249999999677]]}},{"type":"Feature","properties":{"HYRIV_ID":20773589,"NEXT_DOWN":20773518,"MAIN_RIV":20791150,"LENGTH_KM":3.81,"CATCH_SKM":14.35,"DIS_AV_CMS":0.0,"ORD_STRA":3,"ORD_FLOW":10},"geometry":{"type":"LineString","coordinates":[[43.46041666666562,31.02708333333303],[43.46874999999895,31.0354166666664],[43.47291666666561,31.0354166666664],[43.477083333332246,31.031249999999694],[43.4937499999989,31.031249999999694]]}},{"type":"Feature","properties":{"HYRIV_ID":20773590,"NEXT_DOWN":20772943,"MAIN_RIV":20791150,"LENGTH_KM":4.6100001,"CATCH_SKM":8.6400003,"DIS_AV_CMS":0.088,"ORD_STRA":2,"ORD_FLOW":8},"geometry":{"type":"LineString","coordinates":[[43.760416666665634,31.02708333333303],[43.76458333333227,31.031249999999694],[43.76458333333227,31.056249999999686],[43.75624999999897,31.06458333333304]]}},{"type":"Feature","properties":{"HYRIV_ID":20773669,"NEXT_DOWN":20773083,"MAIN_RIV":20791150,"LENGTH_KM":12.48,"CATCH_SKM":49.84,"DIS_AV_CMS":0.169,"ORD_STRA":2,"ORD_FLOW":7},"geometry":{"type":"LineString","coordinates":[[43.62708333333231,31.022916666666383],[43.63124999999894,31.02708333333303],[43.635416666665606,31.02708333333303],[43.63958333333227,31.031249999999694],[43.64374999999893,31.031249999999694],[43.647916666665594,31.0354166666664],[43.6645833333323,31.0354166666664],[43.67708333333229,31.047916666666374],[43.68541666666559,31.047916666666374],[43.68958333333225,31.052083333333023],[43.693749999998914,31.047916666666374],[43.69791666666558,31.052083333333023],[43.70208333333224,31.047916666666374],[43.7062499999989,31.047916666666374],[43.714583333332286,31.056249999999686],[43.73124999999894,31.056249999999686]]}},{"type":"Feature","properties":{"HYRIV_ID":20773737,"NEXT_DOWN":20773518,"MAIN_RIV":20791150,"LENGTH_KM":2.31,"CATCH_SKM":13.25,"DIS_AV_CMS":0.017,"ORD_STRA":1,"ORD_FLOW":8},"geometry":{"type":"LineString","coordinates":[[43.50624999999894,31.016666666666346],[43.50624999999894,31.022916666666383],[43.497916666665645,31.031249999999694],[43.4937499999989,31.031249999999694]]}},{"type":"Feature","properties":{"HYRIV_ID":20773738,"NEXT_DOWN":20773669,"MAIN_RIV":20791150,"LENGTH_KM":4.0100002,"CATCH_SKM":25.57,"DIS_AV_CMS":0.031,"ORD_STRA":1,"ORD_FLOW":8},"geometry":{"type":"LineString","coordinates":[[43.59166666666562,31.01874999999972],[43.602083333332274,31.01874999999972],[43.60624999999891,31.022916666666383],[43.614583333332234,31.022916666666383],[43.6187499999989,31.02708333333303],[43.62291666666556,31.02708333333303],[43.62708333333231,31.022916666666383]]}},{"type":"Feature","properties":{"HYRIV_ID":20773739,"NEXT_DOWN":20773083,"MAIN_RIV":20791150,"LENGTH_KM":5.9899998,"CATCH_SKM":12.14,"DIS_AV_CMS":0.023,"ORD_STRA":2,"ORD_FLOW":8},"geometry":{"type":"LineString","coordinates":[[43.693749999998914,31.01874999999972],[43.70208333333224,31.02708333333303],[43.71041666666554,31.02708333333303],[43.72291666666561,31.03958333333305],[43.72291666666561,31.04374999999971],[43.73124999999894,31.052083333333023],[43.73124999999894,31.056249999999686]]}},{"type":"Feature","properties":{"HYRIV_ID":20773808,"NEXT_DOWN":0,"MAIN_RIV":20773808,"LENGTH_KM":5.85,"CATCH_SKM":16.74,"DIS_AV_CMS":0.14,"ORD_STRA":3,"ORD_FLOW":7},"geometry":{"type":"LineString","coordinates":[[42.37291666666559,31.014583333333015],[42.37291666666559,31.04374999999971],[42.36458333333226,31.052083333333023],[42.36458333333226,31.06458333333304]]}},{"type":"Feature","properties":{"HYRIV_ID":20773809,"NEXT_DOWN":20773810,"MAIN_RIV":20766470,"LENGTH_KM":4.5500002,"CATCH_SKM":22.07,"DIS_AV_CMS":0.015,"ORD_STRA":1,"ORD_FLOW":8},"geometry":{"type":"LineString","coordinates":[[42.758333333332246,31.0249999999997],[42.76458333333224,31.031249999999694],[42.777083333332286,31.031249999999694],[42.79374999999894,31.014583333333015]]}},{"type":"Feature","properties":{"HYRIV_ID":20773810,"NEXT_DOWN":20773811,"MAIN_RIV":20766470,"LENGTH_KM":5.25,"CATCH_SKM":32.189999,"DIS_AV_CMS":0.144,"ORD_STRA":3,"ORD_FLOW":7},"geometry":{"type":"LineString","coordinates":[[42.79374999999894,31.014583333333015],[42.80624999999898,31.02708333333303],[42.822916666665606,31.02708333333303],[42.835416666665594,31.014583333333015]]}},{"type":"Feature","properties":{"HYRIV_ID":20773811,"NEXT_DOWN":20773812,"MAIN_RIV":20766470,"LENGTH_KM":0.79,"CATCH_SKM":0.74,"DIS_AV_CMS":0.167,"ORD_STRA":3,"ORD_FLOW":7},"geometry":{"type":"LineString","coordinates":[[42.835416666665594,31.014583333333015],[42.84374999999892,31.014583333333015]]}},{"type":"Feature","properties":{"HYRIV_ID":20773812,"NEXT_DOWN":20773430,"MAIN_RIV":20766470,"LENGTH_KM":8.12,"CATCH_SKM":29.43,"DIS_AV_CMS":0.119,"ORD_STRA":3,"ORD_FLOW":7},"geometry":{"type":"LineString","coordinates":[[42.84374999999892,31.014583333333015],[42.84791666666558,31.01874999999972],[42.85208333333222,31.01874999999972],[42.856249999998965,31.022916666666383],[42.87708333333225,31.022916666666383],[42.88541666666558,31.014583333333015],[42.88958333333224,31.01874999999972],[42.88958333333224,31.022916666666383],[42.89374999999899,31.02708333333303],[42.89791666666565,31.02708333333303],[42.90624999999895,31.0354166666664]]}},{"type":"Feature","properties":{"HYRIV_ID":20773813,"NEXT_DOWN":20773589,"MAIN_RIV":20791150,"LENGTH_KM":4.81,"CATCH_SKM":20.42,"DIS_AV_CMS":0.014,"ORD_STRA":1,"ORD_FLOW":8},"geometry":{"type":"LineString","coordinates":[[43.416666666665634,31.014583333333015],[43.4229166666656,31.014583333333015],[43.42708333333226,31.01874999999972],[43.435416666665674,31.01874999999972],[43.443749999998914,31.02708333333303],[43.46041666666562,31.02708333333303]]}},{"type":"Feature","properties":{"HYRIV_ID":20773814,"NEXT_DOWN":20773739,"MAIN_RIV":20791150,"LENGTH_KM":2.1400001,"CATCH_SKM":20.059999,"DIS_AV_CMS":0.012,"ORD_STRA":1,"ORD_FLOW":8},"geometry":{"type":"LineString","coordinates":[[43.67916666666562,31.012499999999683],[43.68541666666559,31.01874999999972],[43.68958333333225,31.014583333333015],[43.693749999998914,31.01874999999972]]}},{"type":"Feature","properties":{"HYRIV_ID":20773871,"NEXT_DOWN":20773588,"MAIN_RIV":20767849,"LENGTH_KM":2.1500001,"CATCH_SKM":5.52,"DIS_AV_CMS":0.472,"ORD_STRA":4,"ORD_FLOW":7},"geometry":{"type":"LineString","coordinates":[[42.06458333333228,31.010416666666366],[42.06458333333228,31.01874999999972],[42.07291666666566,31.02708333333303]]}},{"type":"Feature","properties":{"HYRIV_ID":20773872,"NEXT_DOWN":20773588,"MAIN_RIV":20767849,"LENGTH_KM":3.9400001,"CATCH_SKM":22.82,"DIS_AV_CMS":0.006,"ORD_STRA":1,"ORD_FLOW":9},"geometry":{"type":"LineString","coordinates":[[42.104166666665606,31.008333333333034],[42.09374999999895,31.01874999999972],[42.089583333332314,31.01874999999972],[42.08541666666565,31.022916666666383],[42.08124999999899,31.022916666666383],[42.077083333332325,31.02708333333303],[42.07291666666566,31.02708333333303]]}},{"type":"Feature","properties":{"HYRIV_ID":20773873,"NEXT_DOWN":20774350,"MAIN_RIV":20774716,"LENGTH_KM":0.6,"CATCH_SKM":13.43,"DIS_AV_CMS":0.002,"ORD_STRA":1,"ORD_FLOW":9},"geometry":{"type":"LineString","coordinates":[[42.5791666666656,31.010416666666366],[42.585416666665594,31.010416666666366]]}},{"type":"Feature","properties":{"HYRIV_ID":20773874,"NEXT_DOWN":20774350,"MAIN_RIV":20774716,"LENGTH_KM":7.2800002,"CATCH_SKM":50.950001,"DIS_AV_CMS":0.007,"ORD_STRA":1,"ORD_FLOW":9},"geometry":{"type":"LineString","coordinates":[[42.64166666666563,31.047916666666374],[42.63541666666558,31.047916666666374],[42.62291666666559,31.0354166666664],[42.61458333333226,31.0354166666664],[42.61041666666563,31.031249999999694],[42.606249999998965,31.031249999999694],[42.585416666665594,31.010416666666366]]}},{"type":"Feature","properties":{"HYRIV_ID":20773941,"NEXT_DOWN":20773871,"MAIN_RIV":20767849,"LENGTH_KM":1.8,"CATCH_SKM":2.21,"DIS_AV_CMS":0.49200001,"ORD_STRA":4,"ORD_FLOW":7},"geometry":{"type":"LineString","coordinates":[[42.04791666666563,31.006249999999703],[42.06041666666562,31.006249999999703],[42.06458333333228,31.010416666666366]]}},{"type":"Feature","properties":{"HYRIV_ID":20773942,"NEXT_DOWN":20773297,"MAIN_RIV":20766470,"LENGTH_KM":5.21,"CATCH_SKM":22.08,"DIS_AV_CMS":0.02,"ORD_STRA":1,"ORD_FLOW":8},"geometry":{"type":"LineString","coordinates":[[42.97083333333225,31.00416666666637],[42.96458333333234,31.010416666666366],[42.97291666666558,31.01874999999972],[42.97291666666558,31.022916666666383],[42.96458333333234,31.031249999999694],[42.96458333333234,31.04374999999971]]}},{"type":"Feature","properties":{"HYRIV_ID":20773943,"NEXT_DOWN":20773669,"MAIN_RIV":20791150,"LENGTH_KM":3.09,"CATCH_SKM":10.67,"DIS_AV_CMS":0.116,"ORD_STRA":2,"ORD_FLOW":7},"geometry":{"type":"LineString","coordinates":[[43.60624999999891,31.006249999999703],[43.60624999999891,31.010416666666366],[43.61041666666557,31.014583333333015],[43.6187499999989,31.014583333333015],[43.62708333333231,31.022916666666383]]}},{"type":"Feature","properties":{"HYRIV_ID":20773997,"NEXT_DOWN":20773812,"MAIN_RIV":20766470,"LENGTH_KM":1.99,"CATCH_SKM":12.88,"DIS_AV_CMS":0.012,"ORD_STRA":1,"ORD_FLOW":8},"geometry":{"type":"LineString","coordinates":[[42.85416666666555,30.99999999999971],[42.84374999999892,31.010416666666366],[42.84374999999892,31.014583333333015]]}},{"type":"Feature","properties":{"HYRIV_ID":20773998,"NEXT_DOWN":20773361,"MAIN_RIV":20773361,"LENGTH_KM":7.9299998,"CATCH_SKM":59.619999,"DIS_AV_CMS":0.015,"ORD_STRA":1,"ORD_FLOW":8},"geometry":{"type":"LineString","coordinates":[[43.01249999999891,31.00208333333304],[43.027083333332314,31.00208333333304],[43.03124999999895,31.006249999999703],[43.03541666666561,31.006249999999703],[43.0479166666656,31.01874999999972],[43.0479166666656,31.022916666666383],[43.05208333333226,31.02708333333303],[43.056249999998926,31.02708333333303],[43.06041666666556,31.031249999999694],[43.06458333333231,31.031249999999694],[43.072916666665634,31.03958333333305]]}},{"type":"Feature","properties":{"HYRIV_ID":20773999,"NEXT_DOWN":20773589,"MAIN_RIV":20791150,"LENGTH_KM":3.51,"CATCH_SKM":9.5699997,"DIS_AV_CMS":0.0,"ORD_STRA":3,"ORD_FLOW":10},"geometry":{"type":"LineString","coordinates":[[43.43958333333225,31.00208333333304],[43.43958333333225,31.006249999999703],[43.46041666666562,31.02708333333303]]}},{"type":"Feature","properties":{"HYRIV_ID":20774064,"NEXT_DOWN":20773941,"MAIN_RIV":20767849,"LENGTH_KM":4.8200002,"CATCH_SKM":8.6499996,"DIS_AV_CMS":0.519,"ORD_STRA":4,"ORD_FLOW":7},"geometry":{"type":"LineString","coordinates":[[42.00624999999897,30.99791666666639],[42.010416666665634,31.00208333333304],[42.022916666665594,31.00208333333304],[42.03124999999892,31.010416666666366],[42.03541666666567,31.010416666666366],[42.0395833333323,31.006249999999703],[42.04791666666563,31.006249999999703]]}},{"type":"Feature","properties":{"HYRIV_ID":20774065,"NEXT_DOWN":20773808,"MAIN_RIV":20773808,"LENGTH_KM":12.72,"CATCH_SKM":56.66,"DIS_AV_CMS":0.146,"ORD_STRA":3,"ORD_FLOW":7},"geometry":{"type":"LineString","coordinates":[[42.464583333332314,30.99791666666639],[42.460416666665566,30.99791666666639],[42.45624999999893,31.00208333333304],[42.447916666665606,31.00208333333304],[42.44374999999894,31.006249999999703],[42.44374999999894,31.01874999999972],[42.43541666666562,31.02708333333303],[42.431249999998954,31.02708333333303],[42.42708333333232,31.031249999999694],[42.418749999998994,31.022916666666383],[42.418749999998994,31.01874999999972],[42.41041666666558,31.010416666666366],[42.381249999998886,31.010416666666366],[42.37708333333225,31.014583333333015],[42.37291666666559,31.014583333333015]]}},{"type":"Feature","properties":{"HYRIV_ID":20774066,"NEXT_DOWN":20774065,"MAIN_RIV":20773808,"LENGTH_KM":4.83,"CATCH_SKM":20.049999,"DIS_AV_CMS":0.002,"ORD_STRA":1,"ORD_FLOW":9},"geometry":{"type":"LineString","coordinates":[[42.49583333333226,31.029166666666363],[42.4854166666656,31.01874999999972],[42.481249999998965,31.01874999999972],[42.47291666666564,31.010416666666366],[42.47291666666564,31.006249999999703],[42.464583333332314,30.99791666666639]]}},{"type":"Feature","properties":{"HYRIV_ID":20774146,"NEXT_DOWN":20773871,"MAIN_RIV":20767849,"LENGTH_KM":3.34,"CATCH_SKM":8.1,"DIS_AV_CMS":0.043,"ORD_STRA":3,"ORD_FLOW":8},"geometry":{"type":"LineString","coordinates":[[42.08541666666565,30.99374999999973],[42.08541666666565,30.99791666666639],[42.08124999999899,31.00208333333304],[42.068749999998914,31.00208333333304],[42.06458333333228,31.006249999999703],[42.06458333333228,31.010416666666366]]}},{"type":"Feature","properties":{"HYRIV_ID":20774147,"NEXT_DOWN":20774065,"MAIN_RIV":20773808,"LENGTH_KM":0.61,"CATCH_SKM":0.55,"DIS_AV_CMS":0.195,"ORD_STRA":3,"ORD_FLOW":7},"geometry":{"type":"LineString","coordinates":[[42.46874999999898,30.99374999999973],[42.464583333332314,30.99791666666639]]}},{"type":"Feature","properties":{"HYRIV_ID":20774148,"NEXT_DOWN":20774147,"MAIN_RIV":20773808,"LENGTH_KM":4.7800002,"CATCH_SKM":27.049999,"DIS_AV_CMS":0.004,"ORD_STRA":1,"ORD_FLOW":9},"geometry":{"type":"LineString","coordinates":[[42.51666666666563,30.99791666666639],[42.47291666666564,30.99791666666639],[42.46874999999898,30.99374999999973]]}},{"type":"Feature","properties":{"HYRIV_ID":20774212,"NEXT_DOWN":20771993,"MAIN_RIV":20772240,"LENGTH_KM":21.67,"CATCH_SKM":101.69,"DIS_AV_CMS":0.0,"ORD_STRA":1,"ORD_FLOW":10},"geometry":{"type":"LineString","coordinates":[[43.31041666666559,30.98749999999969],[43.31041666666559,30.99791666666639],[43.31458333333225,31.00208333333304],[43.31458333333225,31.010416666666366],[43.318749999998886,31.014583333333015],[43.318749999998886,31.022916666666383],[43.31458333333225,31.02708333333303],[43.31458333333225,31.031249999999694],[43.318749999998886,31.0354166666664],[43.318749999998886,31.04374999999971],[43.31458333333225,31.047916666666374],[43.31458333333225,31.06458333333304],[43.2979166666656,31.081249999999677],[43.29374999999894,31.081249999999677],[43.2895833333323,31.085416666666383],[43.2895833333323,31.093749999999694],[43.28541666666564,31.097916666666357],[43.28541666666564,31.110416666666374],[43.28124999999898,31.114583333333037],[43.28124999999898,31.12291666666639],[43.260416666665606,31.14374999999972],[43.25208333333228,31.14374999999972],[43.24791666666562,31.13958333333303]]}},{"type":"Feature","properties":{"HYRIV_ID":20774213,"NEXT_DOWN":20774214,"MAIN_RIV":20791150,"LENGTH_KM":1.21,"CATCH_SKM":14.9,"DIS_AV_CMS":0.008,"ORD_STRA":1,"ORD_FLOW":9},"geometry":{"type":"LineString","coordinates":[[43.383333333332274,30.99374999999973],[43.38958333333227,30.99374999999973],[43.39374999999893,30.989583333333023]]}},{"type":"Feature","properties":{"HYRIV_ID":20774214,"NEXT_DOWN":20773999,"MAIN_RIV":20791150,"LENGTH_KM":5.4299998,"CATCH_SKM":16.190001,"DIS_AV_CMS":0.022,"ORD_STRA":2,"ORD_FLOW":8},"geometry":{"type":"LineString","coordinates":[[43.39374999999893,30.989583333333023],[43.40208333333223,30.989583333333023],[43.40624999999898,30.99374999999973],[43.4145833333323,30.99374999999973],[43.418749999998965,30.989583333333023],[43.42708333333226,30.99791666666639],[43.435416666665674,30.99791666666639],[43.43958333333225,31.00208333333304]]}},{"type":"Feature","properties":{"HYRIV_ID":20774215,"NEXT_DOWN":20774000,"MAIN_RIV":20791150,"LENGTH_KM":20.24,"CATCH_SKM":72.860001,"DIS_AV_CMS":0.069,"ORD_STRA":1,"ORD_FLOW":8},"geometry":{"type":"LineString","coordinates":[[43.8374999999989,30.98749999999969],[43.85624999999894,31.006249999999703],[43.86458333333226,31.006249999999703],[43.87291666666556,31.014583333333015],[43.87708333333222,31.010416666666366],[43.90208333333226,31.010416666666366],[43.91874999999888,31.02708333333303],[43.931249999998954,31.02708333333303],[43.93958333333228,31.01874999999972],[43.9562499999989,31.01874999999972],[43.960416666665566,31.014583333333015],[43.96458333333223,31.01874999999972],[43.96874999999889,31.014583333333015],[43.98124999999894,31.014583333333015],[43.98958333333226,31.006249999999703],[44.00208333333222,31.006249999999703],[44.006249999998886,31.00208333333304]]}},{"type":"Feature","properties":{"HYRIV_ID":20774216,"NEXT_DOWN":20774217,"MAIN_RIV":20791150,"LENGTH_KM":6.4299998,"CATCH_SKM":25.58,"DIS_AV_CMS":0.032,"ORD_STRA":1,"ORD_FLOW":8},"geometry":{"type":"LineString","coordinates":[[43.92916666666562,31.00208333333304],[43.93958333333228,31.00208333333304],[43.943749999998914,30.99791666666639],[43.95208333333224,30.99791666666639],[43.9562499999989,31.00208333333304],[43.960416666665566,31.00208333333304],[43.96458333333223,30.99791666666639],[43.972916666665526,30.99791666666639],[43.977083333332274,30.99374999999973],[43.98124999999894,30.99374999999973],[43.9854166666656,30.989583333333023]]}},{"type":"Feature","properties":{"HYRIV_ID":20774217,"NEXT_DOWN":20774000,"MAIN_RIV":20791150,"LENGTH_KM":2.6300001,"CATCH_SKM":3.86,"DIS_AV_CMS":0.289,"ORD_STRA":3,"ORD_FLOW":7},"geometry":{"type":"LineString","coordinates":[[43.9854166666656,30.989583333333023],[43.993749999998926,30.989583333333023],[44.006249999998886,31.00208333333304]]}},{"type":"Feature","properties":{"HYRIV_ID":20774292,"NEXT_DOWN":20774064,"MAIN_RIV":20767849,"LENGTH_KM":1.62,"CATCH_SKM":12.33,"DIS_AV_CMS":0.011,"ORD_STRA":1,"ORD_FLOW":8},"geometry":{"type":"LineString","coordinates":[[42.00624999999897,30.983333333333043],[42.00624999999897,30.99791666666639]]}},{"type":"Feature","properties":{"HYRIV_ID":20774293,"NEXT_DOWN":20773739,"MAIN_RIV":20791150,"LENGTH_KM":4.89,"CATCH_SKM":18.77,"DIS_AV_CMS":0.008,"ORD_STRA":1,"ORD_FLOW":9},"geometry":{"type":"LineString","coordinates":[[43.68333333333226,30.983333333333043],[43.70208333333224,31.00208333333304],[43.693749999998914,31.010416666666366],[43.693749999998914,31.01874999999972]]}},{"type":"Feature","properties":{"HYRIV_ID":20774349,"NEXT_DOWN":20773808,"MAIN_RIV":20773808,"LENGTH_KM":4.5900002,"CATCH_SKM":11.41,"DIS_AV_CMS":0.022,"ORD_STRA":2,"ORD_FLOW":8},"geometry":{"type":"LineString","coordinates":[[42.381249999998886,30.98124999999971],[42.36458333333226,30.99791666666639],[42.36458333333226,31.00208333333304],[42.37291666666559,31.010416666666366],[42.37291666666559,31.014583333333015]]}},{"type":"Feature","properties":{"HYRIV_ID":20774350,"NEXT_DOWN":20774716,"MAIN_RIV":20774716,"LENGTH_KM":4.27,"CATCH_SKM":12.14,"DIS_AV_CMS":0.01,"ORD_STRA":2,"ORD_FLOW":8},"geometry":{"type":"LineString","coordinates":[[42.585416666665594,31.010416666666366],[42.606249999998965,30.989583333333023],[42.59791666666564,30.98124999999971]]}},{"type":"Feature","properties":{"HYRIV_ID":20774351,"NEXT_DOWN":20773999,"MAIN_RIV":20791150,"LENGTH_KM":2.61,"CATCH_SKM":4.9699998,"DIS_AV_CMS":0.018,"ORD_STRA":2,"ORD_FLOW":8},"geometry":{"type":"LineString","coordinates":[[43.44791666666558,30.98124999999971],[43.44791666666558,30.989583333333023],[43.443749999998914,30.99374999999973],[43.443749999998914,30.99791666666639],[43.43958333333225,31.00208333333304]]}},{"type":"Feature","properties":{"HYRIV_ID":20774419,"NEXT_DOWN":20774420,"MAIN_RIV":20773217,"LENGTH_KM":2.21,"CATCH_SKM":17.85,"DIS_AV_CMS":0.013,"ORD_STRA":1,"ORD_FLOW":8},"geometry":{"type":"LineString","coordinates":[[42.27083333333229,30.98541666666636],[42.28124999999892,30.98541666666636],[42.28958333333233,30.97708333333305]]}},{"type":"Feature","properties":{"HYRIV_ID":20774420,"NEXT_DOWN":20773217,"MAIN_RIV":20773217,"LENGTH_KM":11.83,"CATCH_SKM":57.59,"DIS_AV_CMS":0.0,"ORD_STRA":5,"ORD_FLOW":10},"geometry":{"type":"LineString","coordinates":[[42.28958333333233,30.97708333333305],[42.293749999998994,30.98124999999971],[42.293749999998994,30.98541666666636],[42.29791666666566,30.989583333333023],[42.32708333333224,30.989583333333023],[42.33541666666565,30.99791666666639],[42.33541666666565,31.006249999999703],[42.339583333332314,31.010416666666366],[42.339583333332314,31.01874999999972],[42.33541666666565,31.022916666666383],[42.33541666666565,31.02708333333303],[42.32708333333224,31.0354166666664],[42.32708333333224,31.047916666666374]]}},{"type":"Feature","properties":{"HYRIV_ID":20774421,"NEXT_DOWN":20774422,"MAIN_RIV":20774422,"LENGTH_KM":1.16,"CATCH_SKM":11.41,"DIS_AV_CMS":0.001,"ORD_STRA":1,"ORD_FLOW":9},"geometry":{"type":"LineString","coordinates":[[43.10624999999891,30.98749999999969],[43.10624999999891,30.97708333333305]]}},{"type":"Feature","properties":{"HYRIV_ID":20774422,"NEXT_DOWN":0,"MAIN_RIV":20774422,"LENGTH_KM":0.79,"CATCH_SKM":0.55,"DIS_AV_CMS":0.0,"ORD_STRA":2,"ORD_FLOW":10},"geometry":{"type":"LineString","coordinates":[[43.10624999999891,30.97708333333305],[43.114583333332206,30.97708333333305]]}},{"type":"Feature","properties":{"HYRIV_ID":20774423,"NEXT_DOWN":0,"MAIN_RIV":20774423,"LENGTH_KM":10.05,"CATCH_SKM":40.650002,"DIS_AV_CMS":0.003,"ORD_STRA":1,"ORD_FLOW":9},"geometry":{"type":"LineString","coordinates":[[43.154166666665645,31.049999999999706],[43.1437499999989,31.03958333333305],[43.1437499999989,31.0354166666664],[43.13541666666558,31.02708333333303],[43.13124999999894,31.02708333333303],[43.12708333333228,31.022916666666383],[43.12708333333228,31.01874999999972],[43.12291666666562,31.014583333333015],[43.12291666666562,31.006249999999703],[43.12708333333228,31.00208333333304],[43.12708333333228,30.99374999999973],[43.12291666666562,30.989583333333023],[43.12291666666562,30.98541666666636],[43.114583333332206,30.97708333333305]]}},{"type":"Feature","properties":{"HYRIV_ID":20774424,"NEXT_DOWN":20772439,"MAIN_RIV":20772439,"LENGTH_KM":16.66,"CATCH_SKM":61.619999,"DIS_AV_CMS":0.0,"ORD_STRA":2,"ORD_FLOW":10},"geometry":{"type":"LineString","coordinates":[[43.29374999999894,30.97708333333305],[43.29374999999894,30.98124999999971],[43.2895833333323,30.98541666666636],[43.28541666666564,30.98541666666636],[43.272916666665566,30.99791666666639],[43.26458333333227,30.99791666666639],[43.260416666665606,31.00208333333304],[43.260416666665606,31.006249999999703],[43.25624999999894,31.010416666666366],[43.25624999999894,31.014583333333015],[43.239583333332234,31.031249999999694],[43.239583333332234,31.047916666666374],[43.24791666666562,31.056249999999686],[43.24791666666562,31.072916666666366],[43.227083333332246,31.093749999999694]]}},{"type":"Feature","properties":{"HYRIV_ID":20774425,"NEXT_DOWN":20774351,"MAIN_RIV":20791150,"LENGTH_KM":1.31,"CATCH_SKM":13.07,"DIS_AV_CMS":0.013,"ORD_STRA":1,"ORD_FLOW":8},"geometry":{"type":"LineString","coordinates":[[43.45833333333229,30.974999999999717],[43.45208333333221,30.98124999999971],[43.44791666666558,30.98124999999971]]}},{"type":"Feature","properties":{"HYRIV_ID":20774497,"NEXT_DOWN":20774064,"MAIN_RIV":20767849,"LENGTH_KM":6.54,"CATCH_SKM":18.950001,"DIS_AV_CMS":0.644,"ORD_STRA":4,"ORD_FLOW":7},"geometry":{"type":"LineString","coordinates":[[41.95624999999899,30.972916666666343],[41.95624999999899,30.98124999999971],[41.96041666666565,30.98124999999971],[41.964583333332286,30.98541666666636],[41.97291666666561,30.98541666666636],[41.977083333332274,30.989583333333023],[41.989583333332234,30.989583333333023],[41.997916666665645,30.99791666666639],[42.00624999999897,30.99791666666639]]}},{"type":"Feature","properties":{"HYRIV_ID":20774498,"NEXT_DOWN":20774424,"MAIN_RIV":20772439,"LENGTH_KM":1.6,"CATCH_SKM":11.96,"DIS_AV_CMS":0.002,"ORD_STRA":1,"ORD_FLOW":9},"geometry":{"type":"LineString","coordinates":[[43.279166666665645,30.972916666666343],[43.28541666666564,30.972916666666343],[43.2895833333323,30.97708333333305],[43.29374999999894,30.97708333333305]]}},{"type":"Feature","properties":{"HYRIV_ID":20774567,"NEXT_DOWN":20774568,"MAIN_RIV":20766470,"LENGTH_KM":5.2199998,"CATCH_SKM":21.16,"DIS_AV_CMS":0.011,"ORD_STRA":1,"ORD_FLOW":8},"geometry":{"type":"LineString","coordinates":[[42.72083333333222,30.99791666666639],[42.731249999998965,30.99791666666639],[42.73541666666563,30.99374999999973],[42.73541666666563,30.98541666666636],[42.73958333333229,30.98124999999971],[42.743749999998954,30.98124999999971],[42.75208333333225,30.972916666666343],[42.75208333333225,30.968749999999737]]}},{"type":"Feature","properties":{"HYRIV_ID":20774568,"NEXT_DOWN":20773810,"MAIN_RIV":20766470,"LENGTH_KM":7.0700002,"CATCH_SKM":26.68,"DIS_AV_CMS":0.144,"ORD_STRA":3,"ORD_FLOW":7},"geometry":{"type":"LineString","coordinates":[[42.75208333333225,30.968749999999737],[42.756249999998914,30.968749999999737],[42.76458333333224,30.97708333333305],[42.76458333333224,30.98124999999971],[42.76874999999899,30.98541666666636],[42.76874999999899,30.99374999999973],[42.77291666666562,30.99791666666639],[42.777083333332286,30.99791666666639],[42.79374999999894,31.014583333333015]]}},{"type":"Feature","properties":{"HYRIV_ID":20774569,"NEXT_DOWN":0,"MAIN_RIV":20774569,"LENGTH_KM":5.04,"CATCH_SKM":25.030001,"DIS_AV_CMS":0.002,"ORD_STRA":2,"ORD_FLOW":9},"geometry":{"type":"LineString","coordinates":[[43.15624999999898,30.972916666666343],[43.152083333332314,30.972916666666343],[43.14791666666565,30.97708333333305],[43.1437499999989,30.97708333333305],[43.13541666666558,30.968749999999737],[43.13124999999894,30.968749999999737],[43.12708333333228,30.972916666666343],[43.118749999998954,30.972916666666343],[43.114583333332206,30.97708333333305]]}},{"type":"Feature","properties":{"HYRIV_ID":20774570,"NEXT_DOWN":20774569,"MAIN_RIV":20774569,"LENGTH_KM":1.31,"CATCH_SKM":15.65,"DIS_AV_CMS":0.002,"ORD_STRA":1,"ORD_FLOW":9},"geometry":{"type":"LineString","coordinates":[[43.166666666665606,30.966666666666363],[43.16041666666564,30.972916666666343],[43.15624999999898,30.972916666666343]]}},{"type":"Feature","properties":{"HYRIV_ID":20774571,"NEXT_DOWN":20772719,"MAIN_RIV":20791150,"LENGTH_KM":20.610001,"CATCH_SKM":69.720001,"DIS_AV_CMS":0.021,"ORD_STRA":1,"ORD_FLOW":8},"geometry":{"type":"LineString","coordinates":[[43.78541666666558,30.966666666666363],[43.78541666666558,30.97708333333305],[43.78958333333222,30.98124999999971],[43.78958333333222,30.98541666666636],[43.79374999999888,30.989583333333023],[43.79374999999888,30.99374999999973],[43.78958333333222,30.99791666666639],[43.78958333333222,31.010416666666366],[43.806249999998954,31.02708333333303],[43.835416666665566,31.02708333333303],[43.84791666666561,31.03958333333305],[43.84374999999886,31.04374999999971],[43.84791666666561,31.047916666666374],[43.84791666666561,31.052083333333023],[43.852083333332274,31.056249999999686],[43.852083333332274,31.06041666666639],[43.85624999999894,31.06458333333304],[43.85624999999894,31.068749999999703],[43.86458333333226,31.077083333333015],[43.87291666666556,31.077083333333015],[43.87708333333222,31.072916666666366],[43.8895833333323,31.072916666666366],[43.89374999999893,31.077083333333015]]}},{"type":"Feature","properties":{"HYRIV_ID":20774639,"NEXT_DOWN":20774146,"MAIN_RIV":20767849,"LENGTH_KM":4.48,"CATCH_SKM":6.9899998,"DIS_AV_CMS":0.018,"ORD_STRA":2,"ORD_FLOW":8},"geometry":{"type":"LineString","coordinates":[[42.10624999999894,30.96458333333303],[42.10624999999894,30.972916666666343],[42.102083333332274,30.97708333333305],[42.102083333332274,30.98541666666636],[42.09374999999895,30.99374999999973],[42.08541666666565,30.99374999999973]]}},{"type":"Feature","properties":{"HYRIV_ID":20774640,"NEXT_DOWN":20774641,"MAIN_RIV":20773217,"LENGTH_KM":1.59,"CATCH_SKM":5.3400002,"DIS_AV_CMS":0.0,"ORD_STRA":5,"ORD_FLOW":10},"geometry":{"type":"LineString","coordinates":[[42.26874999999896,30.96458333333303],[42.28541666666558,30.96458333333303]]}},{"type":"Feature","properties":{"HYRIV_ID":20774641,"NEXT_DOWN":20774420,"MAIN_RIV":20773217,"LENGTH_KM":1.54,"CATCH_SKM":3.31,"DIS_AV_CMS":0.0,"ORD_STRA":5,"ORD_FLOW":10},"geometry":{"type":"LineString","coordinates":[[42.28541666666558,30.96458333333303],[42.28958333333233,30.968749999999737],[42.28958333333233,30.97708333333305]]}},{"type":"Feature","properties":{"HYRIV_ID":20774642,"NEXT_DOWN":20774217,"MAIN_RIV":20791150,"LENGTH_KM":5.25,"CATCH_SKM":13.8,"DIS_AV_CMS":0.266,"ORD_STRA":3,"ORD_FLOW":7},"geometry":{"type":"LineString","coordinates":[[43.943749999998914,30.96458333333303],[43.94791666666558,30.968749999999737],[43.9562499999989,30.968749999999737],[43.96874999999889,30.98124999999971],[43.977083333332274,30.98124999999971],[43.9854166666656,30.989583333333023]]}},{"type":"Feature","properties":{"HYRIV_ID":20774712,"NEXT_DOWN":20774639,"MAIN_RIV":20767849,"LENGTH_KM":0.92,"CATCH_SKM":11.42,"DIS_AV_CMS":0.002,"ORD_STRA":1,"ORD_FLOW":9},"geometry":{"type":"LineString","coordinates":[[42.09999999999894,30.95833333333305],[42.10624999999894,30.96458333333303]]}},{"type":"Feature","properties":{"HYRIV_ID":20774713,"NEXT_DOWN":20774640,"MAIN_RIV":20773217,"LENGTH_KM":6.23,"CATCH_SKM":21.9,"DIS_AV_CMS":0.0,"ORD_STRA":5,"ORD_FLOW":10},"geometry":{"type":"LineString","coordinates":[[42.214583333332314,30.96041666666637],[42.22291666666561,30.96041666666637],[42.227083333332274,30.96458333333303],[42.23124999999894,30.96041666666637],[42.24374999999901,30.96041666666637],[42.24791666666559,30.96458333333303],[42.260416666665634,30.96458333333303],[42.2645833333323,30.968749999999737],[42.26874999999896,30.96458333333303]]}},{"type":"Feature","properties":{"HYRIV_ID":20774714,"NEXT_DOWN":20774349,"MAIN_RIV":20773808,"LENGTH_KM":2.9200001,"CATCH_SKM":17.67,"DIS_AV_CMS":0.007,"ORD_STRA":1,"ORD_FLOW":9},"geometry":{"type":"LineString","coordinates":[[42.37083333333226,30.95833333333305],[42.381249999998886,30.968749999999737],[42.381249999998886,30.98124999999971]]}},{"type":"Feature","properties":{"HYRIV_ID":20774715,"NEXT_DOWN":20774716,"MAIN_RIV":20774716,"LENGTH_KM":3.53,"CATCH_SKM":30.370001,"DIS_AV_CMS":0.004,"ORD_STRA":1,"ORD_FLOW":9},"geometry":{"type":"LineString","coordinates":[[42.57708333333227,30.95833333333305],[42.57708333333227,30.96458333333303],[42.58958333333223,30.97708333333305],[42.59374999999889,30.97708333333305],[42.59791666666564,30.98124999999971]]}},{"type":"Feature","properties":{"HYRIV_ID":20774716,"NEXT_DOWN":0,"MAIN_RIV":20774716,"LENGTH_KM":4.89,"CATCH_SKM":26.870001,"DIS_AV_CMS":0.017,"ORD_STRA":2,"ORD_FLOW":8},"geometry":{"type":"LineString","coordinates":[[42.59791666666564,30.98124999999971],[42.6020833333323,30.97708333333305],[42.6020833333323,30.972916666666343],[42.61041666666563,30.972916666666343],[42.61458333333226,30.968749999999737],[42.618749999998926,30.968749999999737],[42.62708333333225,30.96041666666637],[42.63541666666558,30.96041666666637]]}},{"type":"Feature","properties":{"HYRIV_ID":20774717,"NEXT_DOWN":20774351,"MAIN_RIV":20791150,"LENGTH_KM":2.9,"CATCH_SKM":8.6499996,"DIS_AV_CMS":0.03,"ORD_STRA":2,"ORD_FLOW":8},"geometry":{"type":"LineString","coordinates":[[43.431249999998926,30.96041666666637],[43.44791666666558,30.97708333333305],[43.44791666666558,30.98124999999971]]}},{"type":"Feature","properties":{"HYRIV_ID":20774796,"NEXT_DOWN":20774713,"MAIN_RIV":20773217,"LENGTH_KM":0.61,"CATCH_SKM":0.92,"DIS_AV_CMS":0.0,"ORD_STRA":5,"ORD_FLOW":10},"geometry":{"type":"LineString","coordinates":[[42.21041666666565,30.95624999999972],[42.214583333332314,30.96041666666637]]}},{"type":"Feature","properties":{"HYRIV_ID":20774797,"NEXT_DOWN":20774349,"MAIN_RIV":20773808,"LENGTH_KM":5.0500002,"CATCH_SKM":18.959999,"DIS_AV_CMS":0.011,"ORD_STRA":1,"ORD_FLOW":8},"geometry":{"type":"LineString","coordinates":[[42.341666666665645,30.95624999999972],[42.3520833333323,30.95624999999972],[42.36458333333226,30.968749999999737],[42.368749999998926,30.968749999999737],[42.381249999998886,30.98124999999971]]}},{"type":"Feature","properties":{"HYRIV_ID":20774798,"NEXT_DOWN":0,"MAIN_RIV":20774798,"LENGTH_KM":0.69,"CATCH_SKM":10.86,"DIS_AV_CMS":0.002,"ORD_STRA":1,"ORD_FLOW":9},"geometry":{"type":"LineString","coordinates":[[42.63541666666558,30.95416666666639],[42.63541666666558,30.96041666666637]]}},{"type":"Feature","properties":{"HYRIV_ID":20774799,"NEXT_DOWN":20771782,"MAIN_RIV":20791150,"LENGTH_KM":24.879999,"CATCH_SKM":84.620003,"DIS_AV_CMS":0.101,"ORD_STRA":1,"ORD_FLOW":7},"geometry":{"type":"LineString","coordinates":[[43.49999999999895,30.95416666666639],[43.50624999999894,30.96041666666637],[43.50624999999894,30.96458333333303],[43.510416666665606,30.968749999999737],[43.51458333333227,30.968749999999737],[43.52708333333223,30.98124999999971],[43.52708333333223,30.98541666666636],[43.53124999999889,30.989583333333023],[43.53124999999889,30.99374999999973],[43.53541666666564,30.99791666666639],[43.53124999999889,31.00208333333304],[43.53541666666564,31.006249999999703],[43.53541666666564,31.010416666666366],[43.5395833333323,31.014583333333015],[43.5395833333323,31.02708333333303],[43.543749999998965,31.031249999999694],[43.543749999998965,31.0354166666664],[43.54791666666563,31.03958333333305],[43.55208333333229,31.03958333333305],[43.556249999998926,31.04374999999971],[43.56041666666559,31.04374999999971],[43.57291666666558,31.056249999999686],[43.57708333333224,31.056249999999686],[43.581249999998875,31.06041666666639],[43.581249999998875,31.072916666666366],[43.589583333332286,31.081249999999677],[43.589583333332286,31.08958333333303],[43.59374999999895,31.093749999999694],[43.59374999999895,31.097916666666357],[43.59791666666561,31.102083333333063],[43.59791666666561,31.10624999999971],[43.60624999999891,31.114583333333037],[43.60624999999891,31.12291666666639],[43.61041666666557,31.127083333333054],[43.61041666666557,31.131249999999703]]}},{"type":"Feature","properties":{"HYRIV_ID":20774856,"NEXT_DOWN":20774147,"MAIN_RIV":20773808,"LENGTH_KM":6.06,"CATCH_SKM":18.040001,"DIS_AV_CMS":0.191,"ORD_STRA":3,"ORD_FLOW":7},"geometry":{"type":"LineString","coordinates":[[42.44374999999894,30.952083333333057],[42.45624999999893,30.96458333333303],[42.45624999999893,30.968749999999737],[42.460416666665566,30.968749999999737],[42.47291666666564,30.98124999999971],[42.47291666666564,30.989583333333023],[42.46874999999898,30.99374999999973]]}},{"type":"Feature","properties":{"HYRIV_ID":20774857,"NEXT_DOWN":20773811,"MAIN_RIV":20766470,"LENGTH_KM":12.25,"CATCH_SKM":45.470001,"DIS_AV_CMS":0.032,"ORD_STRA":1,"ORD_FLOW":8},"geometry":{"type":"LineString","coordinates":[[42.77083333333229,30.952083333333057],[42.777083333332286,30.952083333333057],[42.78124999999895,30.95624999999972],[42.78541666666561,30.95624999999972],[42.802083333332234,30.972916666666343],[42.810416666665645,30.96458333333303],[42.81458333333231,30.96458333333303],[42.81874999999897,30.968749999999737],[42.81458333333231,30.972916666666343],[42.81874999999897,30.97708333333305],[42.81874999999897,30.98541666666636],[42.835416666665594,31.00208333333304],[42.835416666665594,31.014583333333015]]}},{"type":"Feature","properties":{"HYRIV_ID":20774926,"NEXT_DOWN":20774856,"MAIN_RIV":20773808,"LENGTH_KM":1.01,"CATCH_SKM":7.1799998,"DIS_AV_CMS":0.18700001,"ORD_STRA":3,"ORD_FLOW":7},"geometry":{"type":"LineString","coordinates":[[42.43541666666562,30.94791666666635],[42.43958333333228,30.952083333333057],[42.44374999999894,30.952083333333057]]}},{"type":"Feature","properties":{"HYRIV_ID":20774927,"NEXT_DOWN":20774926,"MAIN_RIV":20773808,"LENGTH_KM":0.6,"CATCH_SKM":10.5,"DIS_AV_CMS":0.001,"ORD_STRA":1,"ORD_FLOW":9},"geometry":{"type":"LineString","coordinates":[[42.44166666666561,30.94791666666635],[42.43541666666562,30.94791666666635]]}},{"type":"Feature","properties":{"HYRIV_ID":20774928,"NEXT_DOWN":20774569,"MAIN_RIV":20774569,"LENGTH_KM":16.42,"CATCH_SKM":86.690002,"DIS_AV_CMS":0.003,"ORD_STRA":1,"ORD_FLOW":9},"geometry":{"type":"LineString","coordinates":[[43.224999999998914,30.945833333333034],[43.23124999999891,30.952083333333057],[43.23541666666557,30.952083333333057],[43.239583333332234,30.95624999999972],[43.243749999998954,30.95624999999972],[43.243749999998954,30.96458333333303],[43.239583333332234,30.968749999999737],[43.23541666666557,30.968749999999737],[43.23124999999891,30.972916666666343],[43.23124999999891,30.98541666666636],[43.21874999999892,30.99791666666639],[43.21874999999892,31.00208333333304],[43.21458333333226,31.00208333333304],[43.21041666666562,31.006249999999703],[43.20624999999896,31.006249999999703],[43.197916666665634,30.99791666666639],[43.181249999998926,30.99791666666639],[43.15624999999898,30.972916666666343]]}},{"type":"Feature","properties":{"HYRIV_ID":20774929,"NEXT_DOWN":20774717,"MAIN_RIV":20791150,"LENGTH_KM":2.08,"CATCH_SKM":3.1300001,"DIS_AV_CMS":0.03,"ORD_STRA":2,"ORD_FLOW":8},"geometry":{"type":"LineString","coordinates":[[43.418749999998965,30.94791666666635],[43.418749999998965,30.952083333333057],[43.4229166666656,30.95624999999972],[43.42708333333226,30.95624999999972],[43.431249999998926,30.96041666666637]]}},{"type":"Feature","properties":{"HYRIV_ID":20774930,"NEXT_DOWN":20773590,"MAIN_RIV":20791150,"LENGTH_KM":18.73,"CATCH_SKM":62.950001,"DIS_AV_CMS":0.028,"ORD_STRA":1,"ORD_FLOW":8},"geometry":{"type":"LineString","coordinates":[[43.62916666666564,30.949999999999683],[43.635416666665606,30.95624999999972],[43.64374999999893,30.95624999999972],[43.647916666665594,30.952083333333057],[43.65208333333226,30.952083333333057],[43.65624999999892,30.94791666666635],[43.660416666665554,30.94791666666635],[43.6645833333323,30.952083333333057],[43.668749999998965,30.94791666666635],[43.68541666666559,30.94791666666635],[43.68958333333225,30.952083333333057],[43.693749999998914,30.952083333333057],[43.714583333332286,30.972916666666343],[43.714583333332286,30.97708333333305],[43.71874999999895,30.98124999999971],[43.71874999999895,30.989583333333023],[43.727083333332274,30.99791666666639],[43.727083333332274,31.00208333333304],[43.739583333332234,31.014583333333015],[43.7437499999989,31.014583333333015],[43.75624999999897,31.02708333333303],[43.760416666665634,31.02708333333303]]}},{"type":"Feature","properties":{"HYRIV_ID":20774931,"NEXT_DOWN":20774932,"MAIN_RIV":20791150,"LENGTH_KM":3.59,"CATCH_SKM":18.23,"DIS_AV_CMS":0.012,"ORD_STRA":1,"ORD_FLOW":8},"geometry":{"type":"LineString","coordinates":[[43.820833333332246,30.952083333333057],[43.82708333333224,30.952083333333057],[43.8312499999989,30.94791666666635],[43.85624999999894,30.94791666666635]]}},{"type":"Feature","properties":{"HYRIV_ID":20774932,"NEXT_DOWN":20774933,"MAIN_RIV":20791150,"LENGTH_KM":7.6300001,"CATCH_SKM":21.719999,"DIS_AV_CMS":0.051,"ORD_STRA":2,"ORD_FLOW":8},"geometry":{"type":"LineString","coordinates":[[43.85624999999894,30.94791666666635],[43.87708333333222,30.94791666666635],[43.88124999999897,30.952083333333057],[43.885416666665634,30.952083333333057],[43.8895833333323,30.95624999999972],[43.89374999999893,30.952083333333057],[43.897916666665594,30.95624999999972],[43.914583333332246,30.95624999999972],[43.92291666666554,30.94791666666635]]}},{"type":"Feature","properties":{"HYRIV_ID":20774933,"NEXT_DOWN":20774642,"MAIN_RIV":20791150,"LENGTH_KM":2.84,"CATCH_SKM":9.5699997,"DIS_AV_CMS":0.255,"ORD_STRA":3,"ORD_FLOW":7},"geometry":{"type":"LineString","coordinates":[[43.92291666666554,30.94791666666635],[43.93541666666562,30.96041666666637],[43.93958333333228,30.96041666666637],[43.943749999998914,30.96458333333303]]}},{"type":"Feature","properties":{"HYRIV_ID":20775003,"NEXT_DOWN":20774796,"MAIN_RIV":20773217,"LENGTH_KM":3.58,"CATCH_SKM":19.33,"DIS_AV_CMS":0.009,"ORD_STRA":1,"ORD_FLOW":9},"geometry":{"type":"LineString","coordinates":[[42.183333333332286,30.94166666666637],[42.18958333333228,30.94791666666635],[42.18958333333228,30.952083333333057],[42.19374999999894,30.95624999999972],[42.21041666666565,30.95624999999972]]}},{"type":"Feature","properties":{"HYRIV_ID":20775004,"NEXT_DOWN":0,"MAIN_RIV":20775004,"LENGTH_KM":4.29,"CATCH_SKM":9.0200005,"DIS_AV_CMS":0.0,"ORD_STRA":3,"ORD_FLOW":10},"geometry":{"type":"LineString","coordinates":[[43.12291666666562,30.943749999999703],[43.118749999998954,30.94791666666635],[43.118749999998954,30.952083333333057],[43.114583333332206,30.95624999999972],[43.114583333332206,30.96041666666637],[43.11041666666554,30.96458333333303],[43.114583333332206,30.968749999999737],[43.114583333332206,30.97708333333305]]}},{"type":"Feature","properties":{"HYRIV_ID":20775005,"NEXT_DOWN":20775004,"MAIN_RIV":20775004,"LENGTH_KM":1.71,"CATCH_SKM":12.89,"DIS_AV_CMS":0.002,"ORD_STRA":1,"ORD_FLOW":9},"geometry":{"type":"LineString","coordinates":[[43.13749999999891,30.949999999999683],[43.13124999999894,30.943749999999703],[43.12291666666562,30.943749999999703]]}},{"type":"Feature","properties":{"HYRIV_ID":20775084,"NEXT_DOWN":20774640,"MAIN_RIV":20773217,"LENGTH_KM":2.9300001,"CATCH_SKM":4.6,"DIS_AV_CMS":0.033,"ORD_STRA":2,"ORD_FLOW":8},"geometry":{"type":"LineString","coordinates":[[42.27291666666562,30.93958333333304],[42.27291666666562,30.943749999999703],[42.26874999999896,30.94791666666635],[42.26874999999896,30.96458333333303]]}},{"type":"Feature","properties":{"HYRIV_ID":20775085,"NEXT_DOWN":20775086,"MAIN_RIV":20766470,"LENGTH_KM":9.0,"CATCH_SKM":48.400002,"DIS_AV_CMS":0.01,"ORD_STRA":1,"ORD_FLOW":8},"geometry":{"type":"LineString","coordinates":[[42.66874999999891,30.983333333333043],[42.66874999999891,30.97708333333305],[42.685416666665645,30.96041666666637],[42.68958333333231,30.96041666666637],[42.69374999999894,30.95624999999972],[42.697916666665606,30.96041666666637],[42.710416666665594,30.94791666666635],[42.722916666665554,30.94791666666635],[42.731249999998965,30.93958333333304]]}},{"type":"Feature","properties":{"HYRIV_ID":20775086,"NEXT_DOWN":20774568,"MAIN_RIV":20766470,"LENGTH_KM":4.23,"CATCH_SKM":17.860001,"DIS_AV_CMS":0.133,"ORD_STRA":3,"ORD_FLOW":7},"geometry":{"type":"LineString","coordinates":[[42.731249999998965,30.93958333333304],[42.73541666666563,30.943749999999703],[42.73541666666563,30.95624999999972],[42.74791666666559,30.968749999999737],[42.75208333333225,30.968749999999737]]}},{"type":"Feature","properties":{"HYRIV_ID":20775087,"NEXT_DOWN":20774929,"MAIN_RIV":20791150,"LENGTH_KM":0.93,"CATCH_SKM":0.74,"DIS_AV_CMS":0.031,"ORD_STRA":2,"ORD_FLOW":8},"geometry":{"type":"LineString","coordinates":[[43.418749999998965,30.93958333333304],[43.418749999998965,30.94791666666635]]}},{"type":"Feature","properties":{"HYRIV_ID":20775143,"NEXT_DOWN":20774926,"MAIN_RIV":20773808,"LENGTH_KM":4.4899998,"CATCH_SKM":13.26,"DIS_AV_CMS":0.185,"ORD_STRA":3,"ORD_FLOW":7},"geometry":{"type":"LineString","coordinates":[[42.402083333332286,30.935416666666377],[42.402083333332286,30.93958333333304],[42.40624999999892,30.943749999999703],[42.418749999998994,30.943749999999703],[42.42291666666566,30.94791666666635],[42.42708333333232,30.94791666666635],[42.431249999998954,30.943749999999703],[42.43541666666562,30.94791666666635]]}},{"type":"Feature","properties":{"HYRIV_ID":20775144,"NEXT_DOWN":0,"MAIN_RIV":20775144,"LENGTH_KM":1.3,"CATCH_SKM":30.379999,"DIS_AV_CMS":0.002,"ORD_STRA":1,"ORD_FLOW":9},"geometry":{"type":"LineString","coordinates":[[42.50208333333225,30.945833333333034],[42.50208333333225,30.93958333333304],[42.49791666666559,30.935416666666377]]}},{"type":"Feature","properties":{"HYRIV_ID":20775145,"NEXT_DOWN":20774929,"MAIN_RIV":20791150,"LENGTH_KM":2.4300001,"CATCH_SKM":17.129999,"DIS_AV_CMS":0.012,"ORD_STRA":1,"ORD_FLOW":8},"geometry":{"type":"LineString","coordinates":[[43.3999999999989,30.935416666666377],[43.40624999999898,30.935416666666377],[43.418749999998965,30.94791666666635]]}},{"type":"Feature","properties":{"HYRIV_ID":20775146,"NEXT_DOWN":20774933,"MAIN_RIV":20791150,"LENGTH_KM":1.83,"CATCH_SKM":2.95,"DIS_AV_CMS":0.205,"ORD_STRA":3,"ORD_FLOW":7},"geometry":{"type":"LineString","coordinates":[[43.91041666666558,30.935416666666377],[43.92291666666554,30.94791666666635]]}},{"type":"Feature","properties":{"HYRIV_ID":20775147,"NEXT_DOWN":20774642,"MAIN_RIV":20791150,"LENGTH_KM":4.9699998,"CATCH_SKM":18.6,"DIS_AV_CMS":0.024,"ORD_STRA":1,"ORD_FLOW":8},"geometry":{"type":"LineString","coordinates":[[43.94166666666561,30.933333333333046],[43.960416666665566,30.952083333333057],[43.95208333333224,30.96041666666637],[43.94791666666558,30.96041666666637],[43.943749999998914,30.96458333333303]]}},{"type":"Feature","properties":{"HYRIV_ID":20775211,"NEXT_DOWN":20774146,"MAIN_RIV":20767849,"LENGTH_KM":8.2700005,"CATCH_SKM":32.950001,"DIS_AV_CMS":0.024,"ORD_STRA":2,"ORD_FLOW":8},"geometry":{"type":"LineString","coordinates":[[42.04791666666563,30.93124999999973],[42.056249999998954,30.93958333333304],[42.056249999998954,30.943749999999703],[42.06458333333228,30.952083333333057],[42.06458333333228,30.95624999999972],[42.068749999998914,30.96041666666637],[42.068749999998914,30.968749999999737],[42.07291666666566,30.972916666666343],[42.07291666666566,30.97708333333305],[42.08541666666565,30.989583333333023],[42.08541666666565,30.99374999999973]]}},{"type":"Feature","properties":{"HYRIV_ID":20775212,"NEXT_DOWN":20775084,"MAIN_RIV":20773217,"LENGTH_KM":1.53,"CATCH_SKM":15.47,"DIS_AV_CMS":0.014,"ORD_STRA":1,"ORD_FLOW":8},"geometry":{"type":"LineString","coordinates":[[42.262499999998965,30.929166666666397],[42.27291666666562,30.93958333333304]]}},{"type":"Feature","properties":{"HYRIV_ID":20775213,"NEXT_DOWN":20774641,"MAIN_RIV":20773217,"LENGTH_KM":5.4699998,"CATCH_SKM":23.389999,"DIS_AV_CMS":0.019,"ORD_STRA":1,"ORD_FLOW":8},"geometry":{"type":"LineString","coordinates":[[42.31458333333228,30.929166666666397],[42.31458333333228,30.935416666666377],[42.29791666666566,30.952083333333057],[42.293749999998994,30.952083333333057],[42.28958333333233,30.95624999999972],[42.28958333333233,30.96458333333303],[42.28541666666558,30.96458333333303]]}},{"type":"Feature","properties":{"HYRIV_ID":20775214,"NEXT_DOWN":20774856,"MAIN_RIV":20773808,"LENGTH_KM":3.53,"CATCH_SKM":26.33,"DIS_AV_CMS":0.004,"ORD_STRA":1,"ORD_FLOW":9},"geometry":{"type":"LineString","coordinates":[[42.464583333332314,30.929166666666397],[42.464583333332314,30.935416666666377],[42.447916666665606,30.952083333333057],[42.44374999999894,30.952083333333057]]}},{"type":"Feature","properties":{"HYRIV_ID":20775215,"NEXT_DOWN":20773430,"MAIN_RIV":20766470,"LENGTH_KM":13.16,"CATCH_SKM":58.889999,"DIS_AV_CMS":0.28600001,"ORD_STRA":3,"ORD_FLOW":7},"geometry":{"type":"LineString","coordinates":[[42.902083333332286,30.93124999999973],[42.902083333332286,30.952083333333057],[42.89791666666565,30.95624999999972],[42.89791666666565,30.96041666666637],[42.90624999999895,30.968749999999737],[42.90624999999895,30.972916666666343],[42.914583333332274,30.98124999999971],[42.914583333332274,30.99374999999973],[42.91041666666561,30.99791666666639],[42.90624999999895,30.99791666666639],[42.902083333332286,31.00208333333304],[42.902083333332286,31.014583333333015],[42.90624999999895,31.01874999999972],[42.90624999999895,31.0354166666664]]}},{"type":"Feature","properties":{"HYRIV_ID":20775216,"NEXT_DOWN":20775217,"MAIN_RIV":20774422,"LENGTH_KM":0.92,"CATCH_SKM":13.81,"DIS_AV_CMS":0.008,"ORD_STRA":1,"ORD_FLOW":9},"geometry":{"type":"LineString","coordinates":[[43.02083333333232,30.93749999999971],[43.027083333332314,30.93124999999973]]}},{"type":"Feature","properties":{"HYRIV_ID":20775217,"NEXT_DOWN":20774422,"MAIN_RIV":20774422,"LENGTH_KM":11.92,"CATCH_SKM":39.389999,"DIS_AV_CMS":0.0,"ORD_STRA":2,"ORD_FLOW":10},"geometry":{"type":"LineString","coordinates":[[43.027083333332314,30.93124999999973],[43.03541666666561,30.93958333333304],[43.03541666666561,30.943749999999703],[43.039583333332274,30.94791666666635],[43.04374999999894,30.94791666666635],[43.0479166666656,30.952083333333057],[43.05208333333226,30.952083333333057],[43.056249999998926,30.94791666666635],[43.056249999998926,30.943749999999703],[43.06041666666556,30.943749999999703],[43.06458333333231,30.94791666666635],[43.06458333333231,30.952083333333057],[43.08124999999896,30.968749999999737],[43.085416666665594,30.968749999999737],[43.08958333333226,30.972916666666343],[43.09374999999892,30.968749999999737],[43.09791666666558,30.968749999999737],[43.10624999999891,30.97708333333305]]}},{"type":"Feature","properties":{"HYRIV_ID":20775218,"NEXT_DOWN":20775146,"MAIN_RIV":20791150,"LENGTH_KM":0.69,"CATCH_SKM":12.89,"DIS_AV_CMS":0.017,"ORD_STRA":1,"ORD_FLOW":8},"geometry":{"type":"LineString","coordinates":[[43.91041666666558,30.929166666666397],[43.91041666666558,30.935416666666377]]}},{"type":"Feature","properties":{"HYRIV_ID":20775293,"NEXT_DOWN":20773941,"MAIN_RIV":20767849,"LENGTH_KM":11.59,"CATCH_SKM":51.919998,"DIS_AV_CMS":0.037,"ORD_STRA":1,"ORD_FLOW":8},"geometry":{"type":"LineString","coordinates":[[41.997916666665645,30.92499999999969],[41.997916666665645,30.93124999999973],[42.00624999999897,30.93958333333304],[42.00208333333231,30.943749999999703],[42.010416666665634,30.952083333333057],[42.010416666665634,30.95624999999972],[42.01458333333227,30.96041666666637],[42.01874999999893,30.96041666666637],[42.022916666665594,30.96458333333303],[42.02708333333226,30.96458333333303],[42.0395833333323,30.97708333333305],[42.0395833333323,30.989583333333023],[42.04791666666563,30.99791666666639],[42.04791666666563,31.006249999999703]]}},{"type":"Feature","properties":{"HYRIV_ID":20775294,"NEXT_DOWN":20775211,"MAIN_RIV":20767849,"LENGTH_KM":2.11,"CATCH_SKM":13.08,"DIS_AV_CMS":0.007,"ORD_STRA":1,"ORD_FLOW":9},"geometry":{"type":"LineString","coordinates":[[42.02916666666559,30.92499999999969],[42.03541666666567,30.93124999999973],[42.04791666666563,30.93124999999973]]}},{"type":"Feature","properties":{"HYRIV_ID":20775295,"NEXT_DOWN":20775296,"MAIN_RIV":20766470,"LENGTH_KM":0.6,"CATCH_SKM":11.23,"DIS_AV_CMS":0.002,"ORD_STRA":1,"ORD_FLOW":9},"geometry":{"type":"LineString","coordinates":[[42.7041666666656,30.927083333333023],[42.710416666665594,30.927083333333023]]}},{"type":"Feature","properties":{"HYRIV_ID":20775296,"NEXT_DOWN":20775297,"MAIN_RIV":20766470,"LENGTH_KM":1.1900001,"CATCH_SKM":1.84,"DIS_AV_CMS":0.12,"ORD_STRA":3,"ORD_FLOW":7},"geometry":{"type":"LineString","coordinates":[[42.710416666665594,30.927083333333023],[42.722916666665554,30.927083333333023]]}},{"type":"Feature","properties":{"HYRIV_ID":20775297,"NEXT_DOWN":20775086,"MAIN_RIV":20766470,"LENGTH_KM":1.68,"CATCH_SKM":2.02,"DIS_AV_CMS":0.126,"ORD_STRA":3,"ORD_FLOW":7},"geometry":{"type":"LineString","coordinates":[[42.722916666665554,30.927083333333023],[42.7270833333323,30.93124999999973],[42.7270833333323,30.935416666666377],[42.731249999998965,30.93958333333304]]}},{"type":"Feature","properties":{"HYRIV_ID":20775298,"NEXT_DOWN":20775215,"MAIN_RIV":20766470,"LENGTH_KM":1.41,"CATCH_SKM":2.58,"DIS_AV_CMS":0.118,"ORD_STRA":2,"ORD_FLOW":7},"geometry":{"type":"LineString","coordinates":[[42.914583333332274,30.927083333333023],[42.91041666666561,30.93124999999973],[42.902083333332286,30.93124999999973]]}},{"type":"Feature","properties":{"HYRIV_ID":20775299,"NEXT_DOWN":20775298,"MAIN_RIV":20766470,"LENGTH_KM":2.78,"CATCH_SKM":21.360001,"DIS_AV_CMS":0.023,"ORD_STRA":1,"ORD_FLOW":8},"geometry":{"type":"LineString","coordinates":[[42.927083333332234,30.945833333333034],[42.927083333332234,30.935416666666377],[42.9229166666656,30.93124999999973],[42.91874999999894,30.93124999999973],[42.914583333332274,30.927083333333023]]}},{"type":"Feature","properties":{"HYRIV_ID":20775300,"NEXT_DOWN":20773943,"MAIN_RIV":20791150,"LENGTH_KM":11.36,"CATCH_SKM":45.66,"DIS_AV_CMS":0.051,"ORD_STRA":1,"ORD_FLOW":8},"geometry":{"type":"LineString","coordinates":[[43.57708333333224,30.92499999999969],[43.57708333333224,30.93958333333304],[43.581249999998875,30.943749999999703],[43.581249999998875,30.94791666666635],[43.58541666666554,30.952083333333057],[43.602083333332274,30.952083333333057],[43.60624999999891,30.95624999999972],[43.60624999999891,30.98124999999971],[43.602083333332274,30.98541666666636],[43.602083333332274,30.989583333333023],[43.60624999999891,30.99374999999973],[43.60624999999891,31.006249999999703]]}},{"type":"Feature","properties":{"HYRIV_ID":20775371,"NEXT_DOWN":20775211,"MAIN_RIV":20767849,"LENGTH_KM":1.16,"CATCH_SKM":12.16,"DIS_AV_CMS":0.005,"ORD_STRA":1,"ORD_FLOW":9},"geometry":{"type":"LineString","coordinates":[[42.04791666666563,30.92083333333303],[42.04791666666563,30.93124999999973]]}},{"type":"Feature","properties":{"HYRIV_ID":20775372,"NEXT_DOWN":20775004,"MAIN_RIV":20775004,"LENGTH_KM":2.76,"CATCH_SKM":5.3400002,"DIS_AV_CMS":0.0,"ORD_STRA":3,"ORD_FLOW":10},"geometry":{"type":"LineString","coordinates":[[43.12708333333228,30.92291666666636],[43.13124999999894,30.927083333333023],[43.13124999999894,30.93124999999973],[43.12708333333228,30.935416666666377],[43.12708333333228,30.93958333333304],[43.12291666666562,30.943749999999703]]}},{"type":"Feature","properties":{"HYRIV_ID":20775373,"NEXT_DOWN":20774214,"MAIN_RIV":20791150,"LENGTH_KM":12.59,"CATCH_SKM":62.970001,"DIS_AV_CMS":0.02,"ORD_STRA":1,"ORD_FLOW":8},"geometry":{"type":"LineString","coordinates":[[43.32916666666563,30.92083333333303],[43.32291666666555,30.927083333333023],[43.34791666666558,30.952083333333057],[43.34791666666558,30.95624999999972],[43.34374999999895,30.96041666666637],[43.34374999999895,30.96458333333303],[43.34791666666558,30.968749999999737],[43.352083333332246,30.96458333333303],[43.35624999999891,30.968749999999737],[43.36041666666557,30.968749999999737],[43.364583333332234,30.972916666666343],[43.3687499999989,30.972916666666343],[43.37291666666562,30.97708333333305],[43.37708333333228,30.97708333333305],[43.385416666665606,30.98541666666636],[43.38958333333227,30.98541666666636],[43.39374999999893,30.989583333333023]]}},{"type":"Feature","properties":{"HYRIV_ID":20775374,"NEXT_DOWN":20774717,"MAIN_RIV":20791150,"LENGTH_KM":5.6100001,"CATCH_SKM":19.889999,"DIS_AV_CMS":0.016,"ORD_STRA":1,"ORD_FLOW":8},"geometry":{"type":"LineString","coordinates":[[43.45833333333229,30.92083333333303],[43.45208333333221,30.927083333333023],[43.44791666666558,30.927083333333023],[43.443749999998914,30.93124999999973],[43.443749999998914,30.935416666666377],[43.435416666665674,30.943749999999703],[43.435416666665674,30.952083333333057],[43.431249999998926,30.95624999999972],[43.431249999998926,30.96041666666637]]}},{"type":"Feature","properties":{"HYRIV_ID":20775440,"NEXT_DOWN":20775084,"MAIN_RIV":20773217,"LENGTH_KM":2.9200001,"CATCH_SKM":18.23,"DIS_AV_CMS":0.015,"ORD_STRA":1,"ORD_FLOW":8},"geometry":{"type":"LineString","coordinates":[[42.27083333333229,30.91666666666638],[42.27708333333226,30.92291666666636],[42.27708333333226,30.935416666666377],[42.27291666666562,30.93958333333304]]}},{"type":"Feature","properties":{"HYRIV_ID":20775441,"NEXT_DOWN":20775442,"MAIN_RIV":20766470,"LENGTH_KM":6.06,"CATCH_SKM":31.48,"DIS_AV_CMS":0.022,"ORD_STRA":1,"ORD_FLOW":8},"geometry":{"type":"LineString","coordinates":[[42.84166666666559,30.93958333333304],[42.85208333333222,30.93958333333304],[42.86458333333229,30.927083333333023],[42.868749999998954,30.93124999999973],[42.87291666666562,30.93124999999973],[42.88541666666558,30.91874999999971],[42.88958333333224,30.91874999999971]]}},{"type":"Feature","properties":{"HYRIV_ID":20775442,"NEXT_DOWN":20775443,"MAIN_RIV":20766470,"LENGTH_KM":0.4,"CATCH_SKM":0.37,"DIS_AV_CMS":0.051,"ORD_STRA":2,"ORD_FLOW":8},"geometry":{"type":"LineString","coordinates":[[42.88958333333224,30.91874999999971],[42.89374999999899,30.91874999999971]]}},{"type":"Feature","properties":{"HYRIV_ID":20775443,"NEXT_DOWN":20775215,"MAIN_RIV":20766470,"LENGTH_KM":1.9400001,"CATCH_SKM":3.1300001,"DIS_AV_CMS":0.19400001,"ORD_STRA":3,"ORD_FLOW":7},"geometry":{"type":"LineString","coordinates":[[42.89374999999899,30.91874999999971],[42.89791666666565,30.91874999999971],[42.902083333332286,30.92291666666636],[42.902083333332286,30.93124999999973]]}},{"type":"Feature","properties":{"HYRIV_ID":20775444,"NEXT_DOWN":20775087,"MAIN_RIV":20791150,"LENGTH_KM":2.86,"CATCH_SKM":4.9699998,"DIS_AV_CMS":0.024,"ORD_STRA":2,"ORD_FLOW":8},"geometry":{"type":"LineString","coordinates":[[43.42708333333226,30.91874999999971],[43.42708333333226,30.935416666666377],[43.4229166666656,30.93958333333304],[43.418749999998965,30.93958333333304]]}},{"type":"Feature","properties":{"HYRIV_ID":20775445,"NEXT_DOWN":20773943,"MAIN_RIV":20791150,"LENGTH_KM":14.66,"CATCH_SKM":48.599998,"DIS_AV_CMS":0.054,"ORD_STRA":1,"ORD_FLOW":8},"geometry":{"type":"LineString","coordinates":[[43.51249999999894,30.91874999999971],[43.51874999999893,30.91874999999971],[43.522916666665594,30.92291666666636],[43.52708333333223,30.92291666666636],[43.53124999999889,30.927083333333023],[43.53541666666564,30.927083333333023],[43.5395833333323,30.93124999999973],[43.5395833333323,30.93958333333304],[43.54791666666563,30.94791666666635],[43.54791666666563,30.952083333333057],[43.55208333333229,30.95624999999972],[43.55208333333229,30.96041666666637],[43.556249999998926,30.96458333333303],[43.56041666666559,30.96458333333303],[43.56458333333225,30.968749999999737],[43.56458333333225,30.972916666666343],[43.581249999998875,30.989583333333023],[43.58541666666554,30.989583333333023],[43.59374999999895,30.99791666666639],[43.59791666666561,30.99791666666639],[43.60624999999891,31.006249999999703]]}},{"type":"Feature","properties":{"HYRIV_ID":20775521,"NEXT_DOWN":20775143,"MAIN_RIV":20773808,"LENGTH_KM":5.5900002,"CATCH_SKM":31.309999,"DIS_AV_CMS":0.011,"ORD_STRA":1,"ORD_FLOW":8},"geometry":{"type":"LineString","coordinates":[[42.35833333333227,30.912499999999717],[42.36458333333226,30.91874999999971],[42.3895833333323,30.91874999999971],[42.39374999999896,30.92291666666636],[42.39374999999896,30.927083333333023],[42.402083333332286,30.935416666666377]]}},{"type":"Feature","properties":{"HYRIV_ID":20775522,"NEXT_DOWN":20775297,"MAIN_RIV":20766470,"LENGTH_KM":1.68,"CATCH_SKM":2.3900001,"DIS_AV_CMS":0.008,"ORD_STRA":2,"ORD_FLOW":9},"geometry":{"type":"LineString","coordinates":[[42.731249999998965,30.91458333333305],[42.731249999998965,30.91874999999971],[42.722916666665554,30.927083333333023]]}},{"type":"Feature","properties":{"HYRIV_ID":20775523,"NEXT_DOWN":20774932,"MAIN_RIV":20791150,"LENGTH_KM":9.0600004,"CATCH_SKM":28.91,"DIS_AV_CMS":0.017,"ORD_STRA":1,"ORD_FLOW":8},"geometry":{"type":"LineString","coordinates":[[43.77916666666559,30.91458333333305],[43.79791666666563,30.91458333333305],[43.80208333333229,30.91874999999971],[43.81458333333225,30.91874999999971],[43.82291666666558,30.927083333333023],[43.82708333333224,30.927083333333023],[43.83958333333223,30.93958333333304],[43.84791666666561,30.93958333333304],[43.85624999999894,30.94791666666635]]}},{"type":"Feature","properties":{"HYRIV_ID":20775661,"NEXT_DOWN":20775742,"MAIN_RIV":20766470,"LENGTH_KM":5.4899998,"CATCH_SKM":24.309999,"DIS_AV_CMS":0.003,"ORD_STRA":1,"ORD_FLOW":9},"geometry":{"type":"LineString","coordinates":[[42.5791666666656,30.927083333333023],[42.58958333333223,30.927083333333023],[42.59791666666564,30.91874999999971],[42.59791666666564,30.91458333333305],[42.6020833333323,30.910416666666386],[42.618749999998926,30.910416666666386],[42.62291666666559,30.906249999999737]]}},{"type":"Feature","properties":{"HYRIV_ID":20775662,"NEXT_DOWN":20775298,"MAIN_RIV":20766470,"LENGTH_KM":4.25,"CATCH_SKM":14.55,"DIS_AV_CMS":0.094,"ORD_STRA":2,"ORD_FLOW":8},"geometry":{"type":"LineString","coordinates":[[42.93958333333231,30.906249999999737],[42.935416666665645,30.910416666666386],[42.9229166666656,30.910416666666386],[42.914583333332274,30.91874999999971],[42.91874999999894,30.92291666666636],[42.914583333332274,30.927083333333023]]}},{"type":"Feature","properties":{"HYRIV_ID":20775663,"NEXT_DOWN":20775662,"MAIN_RIV":20766470,"LENGTH_KM":1.39,"CATCH_SKM":16.57,"DIS_AV_CMS":0.016,"ORD_STRA":1,"ORD_FLOW":8},"geometry":{"type":"LineString","coordinates":[[42.9541666666656,30.906249999999737],[42.93958333333231,30.906249999999737]]}},{"type":"Feature","properties":{"HYRIV_ID":20775664,"NEXT_DOWN":20775372,"MAIN_RIV":20775004,"LENGTH_KM":2.1500001,"CATCH_SKM":2.76,"DIS_AV_CMS":0.005,"ORD_STRA":3,"ORD_FLOW":9},"geometry":{"type":"LineString","coordinates":[[43.118749999998954,30.906249999999737],[43.118749999998954,30.91458333333305],[43.12708333333228,30.92291666666636]]}},{"type":"Feature","properties":{"HYRIV_ID":20775665,"NEXT_DOWN":20774424,"MAIN_RIV":20772439,"LENGTH_KM":8.46,"CATCH_SKM":31.3,"DIS_AV_CMS":0.0,"ORD_STRA":2,"ORD_FLOW":10},"geometry":{"type":"LineString","coordinates":[[43.28541666666564,30.906249999999737],[43.29374999999894,30.91458333333305],[43.29374999999894,30.92291666666636],[43.2895833333323,30.927083333333023],[43.2895833333323,30.935416666666377],[43.29374999999894,30.93958333333304],[43.29374999999894,30.97708333333305]]}},{"type":"Feature","properties":{"HYRIV_ID":20775742,"NEXT_DOWN":20775743,"MAIN_RIV":20766470,"LENGTH_KM":2.2,"CATCH_SKM":4.2399998,"DIS_AV_CMS":0.006,"ORD_STRA":2,"ORD_FLOW":9},"geometry":{"type":"LineString","coordinates":[[42.62291666666559,30.906249999999737],[42.62708333333225,30.902083333333074],[42.64374999999896,30.902083333333074]]}},{"type":"Feature","properties":{"HYRIV_ID":20775743,"NEXT_DOWN":20775296,"MAIN_RIV":20766470,"LENGTH_KM":8.0600004,"CATCH_SKM":35.919998,"DIS_AV_CMS":0.121,"ORD_STRA":3,"ORD_FLOW":7},"geometry":{"type":"LineString","coordinates":[[42.64374999999896,30.902083333333074],[42.652083333332286,30.902083333333074],[42.65624999999895,30.906249999999737],[42.664583333332274,30.906249999999737],[42.66874999999891,30.910416666666386],[42.67291666666566,30.910416666666386],[42.67708333333232,30.91458333333305],[42.68124999999898,30.910416666666386],[42.685416666665645,30.910416666666386],[42.69374999999894,30.91874999999971],[42.70208333333227,30.91874999999971],[42.710416666665594,30.927083333333023]]}},{"type":"Feature","properties":{"HYRIV_ID":20775744,"NEXT_DOWN":20775664,"MAIN_RIV":20775004,"LENGTH_KM":2.6,"CATCH_SKM":4.0500002,"DIS_AV_CMS":0.004,"ORD_STRA":2,"ORD_FLOW":9},"geometry":{"type":"LineString","coordinates":[[43.1437499999989,30.902083333333074],[43.13958333333224,30.902083333333074],[43.13541666666558,30.906249999999737],[43.118749999998954,30.906249999999737]]}},{"type":"Feature","properties":{"HYRIV_ID":20775745,"NEXT_DOWN":20775744,"MAIN_RIV":20775004,"LENGTH_KM":3.81,"CATCH_SKM":21.360001,"DIS_AV_CMS":0.002,"ORD_STRA":1,"ORD_FLOW":9},"geometry":{"type":"LineString","coordinates":[[43.179166666665594,30.910416666666386],[43.164583333332274,30.910416666666386],[43.16041666666564,30.906249999999737],[43.15624999999898,30.906249999999737],[43.152083333332314,30.902083333333074],[43.1437499999989,30.902083333333074]]}},{"type":"Feature","properties":{"HYRIV_ID":20775746,"NEXT_DOWN":20775665,"MAIN_RIV":20772439,"LENGTH_KM":2.8,"CATCH_SKM":17.68,"DIS_AV_CMS":0.002,"ORD_STRA":1,"ORD_FLOW":9},"geometry":{"type":"LineString","coordinates":[[43.258333333332274,30.902083333333074],[43.28124999999898,30.902083333333074],[43.28541666666564,30.906249999999737]]}},{"type":"Feature","properties":{"HYRIV_ID":20775747,"NEXT_DOWN":20775748,"MAIN_RIV":20791150,"LENGTH_KM":7.39,"CATCH_SKM":26.34,"DIS_AV_CMS":0.013,"ORD_STRA":1,"ORD_FLOW":8},"geometry":{"type":"LineString","coordinates":[[43.6708333333323,30.92499999999969],[43.681249999998954,30.91458333333305],[43.68541666666559,30.91458333333305],[43.68958333333225,30.910416666666386],[43.693749999998914,30.91458333333305],[43.69791666666558,30.91458333333305],[43.70208333333224,30.91874999999971],[43.714583333332286,30.906249999999737],[43.71874999999895,30.906249999999737],[43.72291666666561,30.902083333333074],[43.727083333332274,30.902083333333074]]}},{"type":"Feature","properties":{"HYRIV_ID":20775748,"NEXT_DOWN":20773590,"MAIN_RIV":20791150,"LENGTH_KM":17.0,"CATCH_SKM":48.049999,"DIS_AV_CMS":0.058,"ORD_STRA":2,"ORD_FLOW":8},"geometry":{"type":"LineString","coordinates":[[43.727083333332274,30.902083333333074],[43.73124999999894,30.906249999999737],[43.73541666666557,30.906249999999737],[43.7437499999989,30.91458333333305],[43.7437499999989,30.91874999999971],[43.74791666666556,30.92291666666636],[43.7437499999989,30.927083333333023],[43.7437499999989,30.935416666666377],[43.74791666666556,30.93958333333304],[43.74791666666556,30.972916666666343],[43.75208333333231,30.97708333333305],[43.75208333333231,30.98124999999971],[43.75624999999897,30.98541666666636],[43.760416666665634,30.98541666666636],[43.76458333333227,30.989583333333023],[43.76458333333227,31.00208333333304],[43.772916666665594,31.010416666666366],[43.772916666665594,31.014583333333015],[43.76874999999893,31.01874999999972],[43.76458333333227,31.01874999999972],[43.760416666665634,31.022916666666383],[43.760416666665634,31.02708333333303]]}},{"type":"Feature","properties":{"HYRIV_ID":20775829,"NEXT_DOWN":20774796,"MAIN_RIV":20773217,"LENGTH_KM":7.2199998,"CATCH_SKM":18.6,"DIS_AV_CMS":0.0,"ORD_STRA":5,"ORD_FLOW":10},"geometry":{"type":"LineString","coordinates":[[42.214583333332314,30.89791666666637],[42.214583333332314,30.91874999999971],[42.20624999999899,30.927083333333023],[42.21041666666565,30.93124999999973],[42.21041666666565,30.943749999999703],[42.20624999999899,30.94791666666635],[42.20624999999899,30.952083333333057],[42.21041666666565,30.95624999999972]]}},{"type":"Feature","properties":{"HYRIV_ID":20775830,"NEXT_DOWN":20775742,"MAIN_RIV":20766470,"LENGTH_KM":3.9100001,"CATCH_SKM":14.0,"DIS_AV_CMS":0.002,"ORD_STRA":1,"ORD_FLOW":9},"geometry":{"type":"LineString","coordinates":[[42.587499999998926,30.895833333333037],[42.59374999999889,30.902083333333074],[42.618749999998926,30.902083333333074],[42.62291666666559,30.906249999999737]]}},{"type":"Feature","properties":{"HYRIV_ID":20775831,"NEXT_DOWN":20775743,"MAIN_RIV":20766470,"LENGTH_KM":0.61,"CATCH_SKM":0.37,"DIS_AV_CMS":0.126,"ORD_STRA":3,"ORD_FLOW":7},"geometry":{"type":"LineString","coordinates":[[42.6395833333323,30.89791666666637],[42.64374999999896,30.902083333333074]]}},{"type":"Feature","properties":{"HYRIV_ID":20775832,"NEXT_DOWN":20775522,"MAIN_RIV":20766470,"LENGTH_KM":2.78,"CATCH_SKM":17.129999,"DIS_AV_CMS":0.003,"ORD_STRA":1,"ORD_FLOW":9},"geometry":{"type":"LineString","coordinates":[[42.71874999999889,30.895833333333037],[42.71874999999889,30.902083333333074],[42.722916666665554,30.906249999999737],[42.722916666665554,30.910416666666386],[42.7270833333323,30.910416666666386],[42.731249999998965,30.91458333333305]]}},{"type":"Feature","properties":{"HYRIV_ID":20775833,"NEXT_DOWN":20775834,"MAIN_RIV":20766470,"LENGTH_KM":5.4099998,"CATCH_SKM":23.76,"DIS_AV_CMS":0.009,"ORD_STRA":1,"ORD_FLOW":9},"geometry":{"type":"LineString","coordinates":[[42.7999999999989,30.91666666666638],[42.80624999999898,30.910416666666386],[42.81458333333231,30.910416666666386],[42.81874999999897,30.906249999999737],[42.822916666665606,30.906249999999737],[42.82708333333227,30.910416666666386],[42.83124999999893,30.906249999999737],[42.835416666665594,30.906249999999737],[42.83958333333226,30.902083333333074],[42.83958333333226,30.89791666666637]]}},{"type":"Feature","properties":{"HYRIV_ID":20775834,"NEXT_DOWN":20775442,"MAIN_RIV":20766470,"LENGTH_KM":6.2600002,"CATCH_SKM":16.02,"DIS_AV_CMS":0.029,"ORD_STRA":2,"ORD_FLOW":8},"geometry":{"type":"LineString","coordinates":[[42.83958333333226,30.89791666666637],[42.84374999999892,30.89791666666637],[42.84791666666558,30.902083333333074],[42.85208333333222,30.902083333333074],[42.856249999998965,30.906249999999737],[42.86041666666563,30.906249999999737],[42.86458333333229,30.910416666666386],[42.868749999998954,30.910416666666386],[42.87708333333225,30.91874999999971],[42.881249999998914,30.91458333333305],[42.88541666666558,30.91458333333305],[42.88958333333224,30.91874999999971]]}},{"type":"Feature","properties":{"HYRIV_ID":20775892,"NEXT_DOWN":20775372,"MAIN_RIV":20775004,"LENGTH_KM":8.6899996,"CATCH_SKM":40.52,"DIS_AV_CMS":0.004,"ORD_STRA":1,"ORD_FLOW":9},"geometry":{"type":"LineString","coordinates":[[43.06249999999889,30.89166666666639],[43.06874999999897,30.89791666666637],[43.072916666665634,30.89791666666637],[43.0770833333323,30.902083333333074],[43.0770833333323,30.910416666666386],[43.08124999999896,30.91458333333305],[43.09374999999892,30.91458333333305],[43.09791666666558,30.91874999999971],[43.10624999999891,30.91874999999971],[43.114583333332206,30.927083333333023],[43.118749999998954,30.927083333333023],[43.12291666666562,30.92291666666636],[43.12708333333228,30.92291666666636]]}},{"type":"Feature","properties":{"HYRIV_ID":20775893,"NEXT_DOWN":20775744,"MAIN_RIV":20775004,"LENGTH_KM":1.67,"CATCH_SKM":13.08,"DIS_AV_CMS":0.002,"ORD_STRA":1,"ORD_FLOW":9},"geometry":{"type":"LineString","coordinates":[[43.154166666665645,30.89374999999972],[43.14791666666565,30.89374999999972],[43.1437499999989,30.89791666666637],[43.1437499999989,30.902083333333074]]}},{"type":"Feature","properties":{"HYRIV_ID":20775894,"NEXT_DOWN":20775444,"MAIN_RIV":20791150,"LENGTH_KM":3.31,"CATCH_SKM":17.32,"DIS_AV_CMS":0.015,"ORD_STRA":1,"ORD_FLOW":8},"geometry":{"type":"LineString","coordinates":[[43.435416666665674,30.89166666666639],[43.435416666665674,30.906249999999737],[43.431249999998926,30.910416666666386],[43.431249999998926,30.91458333333305],[43.42708333333226,30.91874999999971]]}},{"type":"Feature","properties":{"HYRIV_ID":20775963,"NEXT_DOWN":20775829,"MAIN_RIV":20773217,"LENGTH_KM":1.3,"CATCH_SKM":15.29,"DIS_AV_CMS":0.013,"ORD_STRA":1,"ORD_FLOW":8},"geometry":{"type":"LineString","coordinates":[[42.21874999999898,30.887499999999683],[42.21874999999898,30.89374999999972],[42.214583333332314,30.89791666666637]]}},{"type":"Feature","properties":{"HYRIV_ID":20775964,"NEXT_DOWN":20775831,"MAIN_RIV":20766470,"LENGTH_KM":2.4100001,"CATCH_SKM":2.58,"DIS_AV_CMS":0.005,"ORD_STRA":2,"ORD_FLOW":9},"geometry":{"type":"LineString","coordinates":[[42.618749999998926,30.889583333333057],[42.62708333333225,30.889583333333057],[42.63541666666558,30.89791666666637],[42.6395833333323,30.89791666666637]]}},{"type":"Feature","properties":{"HYRIV_ID":20775965,"NEXT_DOWN":20775443,"MAIN_RIV":20766470,"LENGTH_KM":3.54,"CATCH_SKM":5.5300002,"DIS_AV_CMS":0.145,"ORD_STRA":3,"ORD_FLOW":7},"geometry":{"type":"LineString","coordinates":[[42.902083333332286,30.889583333333057],[42.902083333332286,30.902083333333074],[42.89791666666565,30.906249999999737],[42.89791666666565,30.910416666666386],[42.89374999999899,30.91458333333305],[42.89374999999899,30.91874999999971]]}},{"type":"Feature","properties":{"HYRIV_ID":20775966,"NEXT_DOWN":20775146,"MAIN_RIV":20791150,"LENGTH_KM":7.6100001,"CATCH_SKM":34.07,"DIS_AV_CMS":0.191,"ORD_STRA":3,"ORD_FLOW":7},"geometry":{"type":"LineString","coordinates":[[43.8604166666656,30.889583333333057],[43.86458333333226,30.889583333333057],[43.88124999999897,30.906249999999737],[43.88124999999897,30.91458333333305],[43.8895833333323,30.92291666666636],[43.89374999999893,30.92291666666636],[43.90624999999892,30.935416666666377],[43.91041666666558,30.935416666666377]]}},{"type":"Feature","properties":{"HYRIV_ID":20776033,"NEXT_DOWN":20775965,"MAIN_RIV":20766470,"LENGTH_KM":3.01,"CATCH_SKM":19.709999,"DIS_AV_CMS":0.011,"ORD_STRA":1,"ORD_FLOW":8},"geometry":{"type":"LineString","coordinates":[[42.87499999999892,30.889583333333057],[42.881249999998914,30.889583333333057],[42.88541666666558,30.88541666666635],[42.89374999999899,30.88541666666635],[42.89791666666565,30.889583333333057],[42.902083333332286,30.889583333333057]]}},{"type":"Feature","properties":{"HYRIV_ID":20776034,"NEXT_DOWN":20775664,"MAIN_RIV":20775004,"LENGTH_KM":2.76,"CATCH_SKM":13.82,"DIS_AV_CMS":0.01,"ORD_STRA":2,"ORD_FLOW":8},"geometry":{"type":"LineString","coordinates":[[43.10624999999891,30.88541666666635],[43.11041666666554,30.889583333333057],[43.11041666666554,30.89791666666637],[43.118749999998954,30.906249999999737]]}},{"type":"Feature","properties":{"HYRIV_ID":20776107,"NEXT_DOWN":20775964,"MAIN_RIV":20766470,"LENGTH_KM":5.4,"CATCH_SKM":20.450001,"DIS_AV_CMS":0.003,"ORD_STRA":1,"ORD_FLOW":9},"geometry":{"type":"LineString","coordinates":[[42.56666666666561,30.88124999999969],[42.57708333333227,30.88124999999969],[42.585416666665594,30.889583333333057],[42.618749999998926,30.889583333333057]]}},{"type":"Feature","properties":{"HYRIV_ID":20776108,"NEXT_DOWN":20775522,"MAIN_RIV":20766470,"LENGTH_KM":4.6700001,"CATCH_SKM":26.9,"DIS_AV_CMS":0.005,"ORD_STRA":1,"ORD_FLOW":9},"geometry":{"type":"LineString","coordinates":[[42.743749999998954,30.87916666666637],[42.743749999998954,30.889583333333057],[42.74791666666559,30.89374999999972],[42.74791666666559,30.89791666666637],[42.731249999998965,30.91458333333305]]}},{"type":"Feature","properties":{"HYRIV_ID":20776109,"NEXT_DOWN":20776034,"MAIN_RIV":20775004,"LENGTH_KM":3.22,"CATCH_SKM":17.870001,"DIS_AV_CMS":0.003,"ORD_STRA":1,"ORD_FLOW":9},"geometry":{"type":"LineString","coordinates":[[43.07916666666563,30.88124999999969],[43.085416666665594,30.88124999999969],[43.08958333333226,30.88541666666635],[43.09374999999892,30.88124999999969],[43.09791666666558,30.88541666666635],[43.10624999999891,30.88541666666635]]}},{"type":"Feature","properties":{"HYRIV_ID":20776110,"NEXT_DOWN":20775748,"MAIN_RIV":20791150,"LENGTH_KM":18.98,"CATCH_SKM":71.660004,"DIS_AV_CMS":0.056,"ORD_STRA":1,"ORD_FLOW":8},"geometry":{"type":"LineString","coordinates":[[43.55833333333226,30.887499999999683],[43.56458333333225,30.89374999999972],[43.568749999998914,30.889583333333057],[43.589583333332286,30.889583333333057],[43.59374999999895,30.89374999999972],[43.6187499999989,30.89374999999972],[43.62708333333231,30.88541666666635],[43.63124999999894,30.88541666666635],[43.635416666665606,30.88124999999969],[43.63958333333227,30.88541666666635],[43.65208333333226,30.88541666666635],[43.65624999999892,30.88124999999969],[43.668749999998965,30.88124999999969],[43.67291666666563,30.88541666666635],[43.71041666666554,30.88541666666635],[43.727083333332274,30.902083333333074]]}},{"type":"Feature","properties":{"HYRIV_ID":20776172,"NEXT_DOWN":20775966,"MAIN_RIV":20791150,"LENGTH_KM":1.54,"CATCH_SKM":2.03,"DIS_AV_CMS":0.089,"ORD_STRA":2,"ORD_FLOW":8},"geometry":{"type":"LineString","coordinates":[[43.86458333333226,30.87708333333304],[43.8604166666656,30.88124999999969],[43.8604166666656,30.889583333333057]]}},{"type":"Feature","properties":{"HYRIV_ID":20776241,"NEXT_DOWN":20775964,"MAIN_RIV":20766470,"LENGTH_KM":2.6,"CATCH_SKM":14.74,"DIS_AV_CMS":0.002,"ORD_STRA":1,"ORD_FLOW":9},"geometry":{"type":"LineString","coordinates":[[42.604166666665634,30.870833333333046],[42.618749999998926,30.88541666666635],[42.618749999998926,30.889583333333057]]}},{"type":"Feature","properties":{"HYRIV_ID":20776242,"NEXT_DOWN":20775217,"MAIN_RIV":20774422,"LENGTH_KM":8.0699997,"CATCH_SKM":35.740002,"DIS_AV_CMS":0.012,"ORD_STRA":1,"ORD_FLOW":8},"geometry":{"type":"LineString","coordinates":[[43.02499999999898,30.870833333333046],[43.0187499999989,30.87708333333304],[43.0187499999989,30.88124999999969],[43.01458333333224,30.88541666666635],[43.01458333333224,30.889583333333057],[43.0187499999989,30.89374999999972],[43.0187499999989,30.910416666666386],[43.02291666666565,30.91458333333305],[43.027083333332314,30.91458333333305],[43.03124999999895,30.91874999999971],[43.03124999999895,30.92291666666636],[43.027083333332314,30.927083333333023],[43.027083333332314,30.93124999999973]]}},{"type":"Feature","properties":{"HYRIV_ID":20776292,"NEXT_DOWN":20775087,"MAIN_RIV":20791150,"LENGTH_KM":11.32,"CATCH_SKM":35.740002,"DIS_AV_CMS":0.013,"ORD_STRA":1,"ORD_FLOW":8},"geometry":{"type":"LineString","coordinates":[[43.35624999999891,30.866666666666397],[43.35624999999891,30.872916666666377],[43.36041666666557,30.87708333333304],[43.3687499999989,30.87708333333304],[43.38124999999894,30.889583333333057],[43.385416666665606,30.889583333333057],[43.38958333333227,30.89374999999972],[43.38958333333227,30.89791666666637],[43.39374999999893,30.902083333333074],[43.397916666665566,30.902083333333074],[43.40208333333223,30.906249999999737],[43.40208333333223,30.910416666666386],[43.41041666666564,30.91874999999971],[43.41041666666564,30.927083333333023],[43.4145833333323,30.93124999999973],[43.4145833333323,30.935416666666377],[43.418749999998965,30.93958333333304]]}},{"type":"Feature","properties":{"HYRIV_ID":20776293,"NEXT_DOWN":20776294,"MAIN_RIV":20791150,"LENGTH_KM":2.75,"CATCH_SKM":14.92,"DIS_AV_CMS":0.01,"ORD_STRA":1,"ORD_FLOW":8},"geometry":{"type":"LineString","coordinates":[[43.7958333333323,30.887499999999683],[43.81458333333225,30.868749999999714]]}},{"type":"Feature","properties":{"HYRIV_ID":20776294,"NEXT_DOWN":20775966,"MAIN_RIV":20791150,"LENGTH_KM":5.4400001,"CATCH_SKM":20.629999,"DIS_AV_CMS":0.084,"ORD_STRA":2,"ORD_FLOW":8},"geometry":{"type":"LineString","coordinates":[[43.81458333333225,30.868749999999714],[43.82708333333224,30.88124999999969],[43.835416666665566,30.88124999999969],[43.83958333333223,30.88541666666635],[43.852083333332274,30.88541666666635],[43.85624999999894,30.889583333333057],[43.8604166666656,30.889583333333057]]}},{"type":"Feature","properties":{"HYRIV_ID":20776295,"NEXT_DOWN":20776172,"MAIN_RIV":20791150,"LENGTH_KM":1.38,"CATCH_SKM":13.45,"DIS_AV_CMS":0.018,"ORD_STRA":1,"ORD_FLOW":8},"geometry":{"type":"LineString","coordinates":[[43.87083333333223,30.866666666666397],[43.86458333333226,30.872916666666377],[43.86458333333226,30.87708333333304]]}},{"type":"Feature","properties":{"HYRIV_ID":20776368,"NEXT_DOWN":20776294,"MAIN_RIV":20791150,"LENGTH_KM":0.61,"CATCH_SKM":0.55,"DIS_AV_CMS":0.057,"ORD_STRA":2,"ORD_FLOW":8},"geometry":{"type":"LineString","coordinates":[[43.81041666666562,30.864583333333066],[43.81458333333225,30.868749999999714]]}},{"type":"Feature","properties":{"HYRIV_ID":20776369,"NEXT_DOWN":20776370,"MAIN_RIV":20791150,"LENGTH_KM":4.3600001,"CATCH_SKM":22.84,"DIS_AV_CMS":0.019,"ORD_STRA":1,"ORD_FLOW":8},"geometry":{"type":"LineString","coordinates":[[43.99583333333226,30.889583333333057],[44.00208333333222,30.889583333333057],[44.0145833333323,30.87708333333304],[44.0145833333323,30.872916666666377],[44.01874999999896,30.868749999999714],[44.022916666665594,30.868749999999714],[44.022916666665594,30.864583333333066]]}},{"type":"Feature","properties":{"HYRIV_ID":20776435,"NEXT_DOWN":20774639,"MAIN_RIV":20767849,"LENGTH_KM":17.290001,"CATCH_SKM":55.080002,"DIS_AV_CMS":0.014,"ORD_STRA":2,"ORD_FLOW":8},"geometry":{"type":"LineString","coordinates":[[42.04791666666563,30.86041666666636],[42.05208333333229,30.86041666666636],[42.056249999998954,30.864583333333066],[42.056249999998954,30.872916666666377],[42.077083333332325,30.89374999999972],[42.08124999999899,30.89374999999972],[42.08541666666565,30.889583333333057],[42.089583333332314,30.889583333333057],[42.102083333332274,30.902083333333074],[42.102083333332274,30.906249999999737],[42.10624999999894,30.910416666666386],[42.10624999999894,30.91874999999971],[42.11458333333226,30.927083333333023],[42.1104166666656,30.93124999999973],[42.1104166666656,30.935416666666377],[42.11458333333226,30.93958333333304],[42.1187499999989,30.93958333333304],[42.12291666666556,30.943749999999703],[42.12291666666556,30.952083333333057],[42.11458333333226,30.96041666666637],[42.1104166666656,30.96041666666637],[42.10624999999894,30.96458333333303]]}},{"type":"Feature","properties":{"HYRIV_ID":20776436,"NEXT_DOWN":0,"MAIN_RIV":20776436,"LENGTH_KM":0.6,"CATCH_SKM":11.8,"DIS_AV_CMS":0.002,"ORD_STRA":1,"ORD_FLOW":9},"geometry":{"type":"LineString","coordinates":[[42.49999999999892,30.86041666666636],[42.506249999998914,30.86041666666636]]}},{"type":"Feature","properties":{"HYRIV_ID":20776437,"NEXT_DOWN":0,"MAIN_RIV":20776437,"LENGTH_KM":4.2,"CATCH_SKM":37.220001,"DIS_AV_CMS":0.005,"ORD_STRA":1,"ORD_FLOW":9},"geometry":{"type":"LineString","coordinates":[[42.466666666665645,30.868749999999714],[42.4770833333323,30.868749999999714],[42.481249999998965,30.864583333333066],[42.50208333333225,30.864583333333066],[42.506249999998914,30.86041666666636]]}},{"type":"Feature","properties":{"HYRIV_ID":20776438,"NEXT_DOWN":20775831,"MAIN_RIV":20766470,"LENGTH_KM":5.1599998,"CATCH_SKM":17.5,"DIS_AV_CMS":0.121,"ORD_STRA":3,"ORD_FLOW":7},"geometry":{"type":"LineString","coordinates":[[42.62708333333225,30.86041666666636],[42.62708333333225,30.872916666666377],[42.63541666666558,30.88124999999969],[42.6395833333323,30.88124999999969],[42.64374999999896,30.88541666666635],[42.6395833333323,30.889583333333057],[42.6395833333323,30.89791666666637]]}},{"type":"Feature","properties":{"HYRIV_ID":20776439,"NEXT_DOWN":20776368,"MAIN_RIV":20791150,"LENGTH_KM":0.69,"CATCH_SKM":11.98,"DIS_AV_CMS":0.014,"ORD_STRA":1,"ORD_FLOW":8},"geometry":{"type":"LineString","coordinates":[[43.81041666666562,30.85833333333303],[43.81041666666562,30.864583333333066]]}},{"type":"Feature","properties":{"HYRIV_ID":20776512,"NEXT_DOWN":20776435,"MAIN_RIV":20767849,"LENGTH_KM":1.31,"CATCH_SKM":14.19,"DIS_AV_CMS":0.003,"ORD_STRA":1,"ORD_FLOW":9},"geometry":{"type":"LineString","coordinates":[[42.037499999999,30.85416666666638],[42.043749999998965,30.86041666666636],[42.04791666666563,30.86041666666636]]}},{"type":"Feature","properties":{"HYRIV_ID":20776513,"NEXT_DOWN":20776435,"MAIN_RIV":20767849,"LENGTH_KM":0.69,"CATCH_SKM":10.32,"DIS_AV_CMS":0.002,"ORD_STRA":1,"ORD_FLOW":9},"geometry":{"type":"LineString","coordinates":[[42.04791666666563,30.85416666666638],[42.04791666666563,30.86041666666636]]}},{"type":"Feature","properties":{"HYRIV_ID":20776514,"NEXT_DOWN":20775143,"MAIN_RIV":20773808,"LENGTH_KM":10.86,"CATCH_SKM":41.82,"DIS_AV_CMS":0.175,"ORD_STRA":3,"ORD_FLOW":7},"geometry":{"type":"LineString","coordinates":[[42.41041666666558,30.856249999999697],[42.42291666666566,30.868749999999714],[42.42291666666566,30.872916666666377],[42.41041666666558,30.88541666666635],[42.41041666666558,30.889583333333057],[42.418749999998994,30.89791666666637],[42.418749999998994,30.906249999999737],[42.42291666666566,30.910416666666386],[42.41041666666558,30.92291666666636],[42.41041666666558,30.927083333333023],[42.402083333332286,30.935416666666377]]}},{"type":"Feature","properties":{"HYRIV_ID":20776515,"NEXT_DOWN":0,"MAIN_RIV":20776515,"LENGTH_KM":1.21,"CATCH_SKM":22.85,"DIS_AV_CMS":0.003,"ORD_STRA":1,"ORD_FLOW":9},"geometry":{"type":"LineString","coordinates":[[42.51666666666563,30.856249999999697],[42.51041666666555,30.856249999999697],[42.506249999998914,30.86041666666636]]}},{"type":"Feature","properties":{"HYRIV_ID":20776516,"NEXT_DOWN":20776034,"MAIN_RIV":20775004,"LENGTH_KM":3.24,"CATCH_SKM":8.6599998,"DIS_AV_CMS":0.015,"ORD_STRA":2,"ORD_FLOW":8},"geometry":{"type":"LineString","coordinates":[[43.10624999999891,30.856249999999697],[43.10624999999891,30.88541666666635]]}},{"type":"Feature","properties":{"HYRIV_ID":20776517,"NEXT_DOWN":20776518,"MAIN_RIV":20791150,"LENGTH_KM":2.72,"CATCH_SKM":21.74,"DIS_AV_CMS":0.014,"ORD_STRA":1,"ORD_FLOW":8},"geometry":{"type":"LineString","coordinates":[[43.7666666666656,30.866666666666397],[43.772916666665594,30.86041666666636],[43.78124999999892,30.86041666666636],[43.78541666666558,30.856249999999697],[43.78958333333222,30.856249999999697]]}},{"type":"Feature","properties":{"HYRIV_ID":20776518,"NEXT_DOWN":20776368,"MAIN_RIV":20791150,"LENGTH_KM":2.4100001,"CATCH_SKM":6.6300001,"DIS_AV_CMS":0.043,"ORD_STRA":2,"ORD_FLOW":8},"geometry":{"type":"LineString","coordinates":[[43.78958333333222,30.856249999999697],[43.79374999999888,30.856249999999697],[43.80208333333229,30.864583333333066],[43.81041666666562,30.864583333333066]]}},{"type":"Feature","properties":{"HYRIV_ID":20776519,"NEXT_DOWN":20776370,"MAIN_RIV":20791150,"LENGTH_KM":4.23,"CATCH_SKM":23.77,"DIS_AV_CMS":0.016,"ORD_STRA":1,"ORD_FLOW":8},"geometry":{"type":"LineString","coordinates":[[43.98749999999893,30.856249999999697],[43.993749999998926,30.856249999999697],[43.99791666666556,30.86041666666636],[44.00208333333222,30.856249999999697],[44.006249999998886,30.86041666666636],[44.0145833333323,30.86041666666636],[44.01874999999896,30.864583333333066],[44.022916666665594,30.864583333333066]]}},{"type":"Feature","properties":{"HYRIV_ID":20776595,"NEXT_DOWN":20776516,"MAIN_RIV":20775004,"LENGTH_KM":2.72,"CATCH_SKM":23.41,"DIS_AV_CMS":0.006,"ORD_STRA":1,"ORD_FLOW":9},"geometry":{"type":"LineString","coordinates":[[43.12916666666561,30.85833333333303],[43.12291666666562,30.85208333333305],[43.118749999998954,30.85208333333305],[43.114583333332206,30.856249999999697],[43.10624999999891,30.856249999999697]]}},{"type":"Feature","properties":{"HYRIV_ID":20776670,"NEXT_DOWN":20774713,"MAIN_RIV":20773217,"LENGTH_KM":23.030001,"CATCH_SKM":85.07,"DIS_AV_CMS":0.041,"ORD_STRA":2,"ORD_FLOW":8},"geometry":{"type":"LineString","coordinates":[[42.12708333333231,30.847916666666386],[42.1395833333323,30.86041666666636],[42.1395833333323,30.864583333333066],[42.135416666665634,30.868749999999714],[42.135416666665634,30.87708333333304],[42.14374999999896,30.88541666666635],[42.147916666665594,30.88541666666635],[42.15624999999892,30.89374999999972],[42.15208333333226,30.89791666666637],[42.15208333333226,30.902083333333074],[42.147916666665594,30.906249999999737],[42.147916666665594,30.910416666666386],[42.14374999999896,30.91458333333305],[42.14374999999896,30.92291666666636],[42.147916666665594,30.927083333333023],[42.147916666665594,30.93124999999973],[42.14374999999896,30.935416666666377],[42.14374999999896,30.95624999999972],[42.15208333333226,30.96458333333303],[42.15624999999892,30.96458333333303],[42.168749999998994,30.97708333333305],[42.181249999998954,30.97708333333305],[42.18958333333228,30.968749999999737],[42.20624999999899,30.968749999999737],[42.214583333332314,30.96041666666637]]}},{"type":"Feature","properties":{"HYRIV_ID":20776671,"NEXT_DOWN":20776514,"MAIN_RIV":20773808,"LENGTH_KM":2.81,"CATCH_SKM":6.08,"DIS_AV_CMS":0.163,"ORD_STRA":3,"ORD_FLOW":7},"geometry":{"type":"LineString","coordinates":[[42.385416666665634,30.847916666666386],[42.39791666666562,30.847916666666386],[42.402083333332286,30.85208333333305],[42.40624999999892,30.85208333333305],[42.41041666666558,30.856249999999697]]}},{"type":"Feature","properties":{"HYRIV_ID":20776672,"NEXT_DOWN":20776924,"MAIN_RIV":20777005,"LENGTH_KM":1.62,"CATCH_SKM":13.27,"DIS_AV_CMS":0.003,"ORD_STRA":1,"ORD_FLOW":9},"geometry":{"type":"LineString","coordinates":[[43.193749999998886,30.86249999999969],[43.193749999998886,30.847916666666386]]}},{"type":"Feature","properties":{"HYRIV_ID":20776673,"NEXT_DOWN":20776924,"MAIN_RIV":20777005,"LENGTH_KM":3.01,"CATCH_SKM":19.16,"DIS_AV_CMS":0.006,"ORD_STRA":1,"ORD_FLOW":9},"geometry":{"type":"LineString","coordinates":[[43.22083333333225,30.856249999999697],[43.21458333333226,30.856249999999697],[43.21041666666562,30.85208333333305],[43.197916666665634,30.85208333333305],[43.193749999998886,30.847916666666386]]}},{"type":"Feature","properties":{"HYRIV_ID":20776757,"NEXT_DOWN":20776670,"MAIN_RIV":20773217,"LENGTH_KM":4.1300001,"CATCH_SKM":18.43,"DIS_AV_CMS":0.003,"ORD_STRA":1,"ORD_FLOW":9},"geometry":{"type":"LineString","coordinates":[[42.09166666666562,30.84166666666639],[42.09791666666561,30.847916666666386],[42.102083333332274,30.847916666666386],[42.10624999999894,30.85208333333305],[42.1187499999989,30.85208333333305],[42.12291666666556,30.847916666666386],[42.12708333333231,30.847916666666386]]}},{"type":"Feature","properties":{"HYRIV_ID":20776758,"NEXT_DOWN":20775662,"MAIN_RIV":20766470,"LENGTH_KM":8.1300001,"CATCH_SKM":35.93,"DIS_AV_CMS":0.066,"ORD_STRA":2,"ORD_FLOW":8},"geometry":{"type":"LineString","coordinates":[[42.96458333333234,30.843749999999723],[42.96458333333234,30.847916666666386],[42.9520833333323,30.86041666666636],[42.9520833333323,30.868749999999714],[42.947916666665634,30.872916666666377],[42.947916666665634,30.88124999999969],[42.94374999999897,30.88541666666635],[42.94374999999897,30.89374999999972],[42.93958333333231,30.89791666666637],[42.94374999999897,30.902083333333074],[42.93958333333231,30.906249999999737]]}},{"type":"Feature","properties":{"HYRIV_ID":20776759,"NEXT_DOWN":20776516,"MAIN_RIV":20775004,"LENGTH_KM":1.54,"CATCH_SKM":1.66,"DIS_AV_CMS":0.02,"ORD_STRA":2,"ORD_FLOW":8},"geometry":{"type":"LineString","coordinates":[[43.102083333332246,30.843749999999723],[43.102083333332246,30.847916666666386],[43.10624999999891,30.85208333333305],[43.10624999999891,30.856249999999697]]}},{"type":"Feature","properties":{"HYRIV_ID":20776760,"NEXT_DOWN":20775444,"MAIN_RIV":20791150,"LENGTH_KM":10.22,"CATCH_SKM":35.009998,"DIS_AV_CMS":0.016,"ORD_STRA":1,"ORD_FLOW":8},"geometry":{"type":"LineString","coordinates":[[43.38749999999894,30.84166666666639],[43.397916666665566,30.85208333333305],[43.397916666665566,30.86041666666636],[43.40208333333223,30.864583333333066],[43.40208333333223,30.868749999999714],[43.40624999999898,30.872916666666377],[43.40624999999898,30.88124999999969],[43.4145833333323,30.889583333333057],[43.4145833333323,30.906249999999737],[43.418749999998965,30.910416666666386],[43.418749999998965,30.91458333333305],[43.4229166666656,30.91874999999971],[43.42708333333226,30.91874999999971]]}},{"type":"Feature","properties":{"HYRIV_ID":20776823,"NEXT_DOWN":20776514,"MAIN_RIV":20773808,"LENGTH_KM":1.85,"CATCH_SKM":6.27,"DIS_AV_CMS":0.009,"ORD_STRA":2,"ORD_FLOW":9},"geometry":{"type":"LineString","coordinates":[[42.41041666666558,30.83958333333303],[42.41041666666558,30.856249999999697]]}},{"type":"Feature","properties":{"HYRIV_ID":20776824,"NEXT_DOWN":20775834,"MAIN_RIV":20766470,"LENGTH_KM":8.29,"CATCH_SKM":47.169998,"DIS_AV_CMS":0.011,"ORD_STRA":1,"ORD_FLOW":8},"geometry":{"type":"LineString","coordinates":[[42.810416666665645,30.8374999999997],[42.810416666665645,30.85208333333305],[42.822916666665606,30.864583333333066],[42.822916666665606,30.872916666666377],[42.81874999999897,30.87708333333304],[42.81874999999897,30.88124999999969],[42.83124999999893,30.89374999999972],[42.835416666665594,30.89374999999972],[42.83958333333226,30.89791666666637]]}},{"type":"Feature","properties":{"HYRIV_ID":20776921,"NEXT_DOWN":20776671,"MAIN_RIV":20773808,"LENGTH_KM":18.629999,"CATCH_SKM":80.529999,"DIS_AV_CMS":0.034,"ORD_STRA":1,"ORD_FLOW":8},"geometry":{"type":"LineString","coordinates":[[42.27083333333229,30.83541666666637],[42.28124999999892,30.83541666666637],[42.28541666666558,30.83958333333303],[42.28958333333233,30.83958333333303],[42.28958333333233,30.843749999999723],[42.28541666666558,30.847916666666386],[42.28541666666558,30.86041666666636],[42.29791666666566,30.872916666666377],[42.30208333333229,30.872916666666377],[42.31041666666562,30.88124999999969],[42.31458333333228,30.88124999999969],[42.31458333333228,30.88541666666635],[42.31874999999894,30.889583333333057],[42.3312499999989,30.889583333333057],[42.33541666666565,30.88541666666635],[42.33541666666565,30.88124999999969],[42.339583333332314,30.87708333333304],[42.34374999999898,30.87708333333304],[42.34791666666564,30.872916666666377],[42.34791666666564,30.864583333333066],[42.3520833333323,30.86041666666636],[42.3604166666656,30.86041666666636],[42.36458333333226,30.856249999999697],[42.37708333333225,30.856249999999697],[42.385416666665634,30.847916666666386]]}},{"type":"Feature","properties":{"HYRIV_ID":20776922,"NEXT_DOWN":20776758,"MAIN_RIV":20766470,"LENGTH_KM":1.38,"CATCH_SKM":12.35,"DIS_AV_CMS":0.012,"ORD_STRA":1,"ORD_FLOW":8},"geometry":{"type":"LineString","coordinates":[[42.97083333333225,30.833333333333037],[42.96458333333234,30.83958333333303],[42.96458333333234,30.843749999999723]]}},{"type":"Feature","properties":{"HYRIV_ID":20776923,"NEXT_DOWN":20776759,"MAIN_RIV":20775004,"LENGTH_KM":1.92,"CATCH_SKM":20.09,"DIS_AV_CMS":0.009,"ORD_STRA":1,"ORD_FLOW":9},"geometry":{"type":"LineString","coordinates":[[43.11666666666562,30.833333333333037],[43.11041666666554,30.83958333333303],[43.10624999999891,30.83958333333303],[43.102083333332246,30.843749999999723]]}},{"type":"Feature","properties":{"HYRIV_ID":20776924,"NEXT_DOWN":20777005,"MAIN_RIV":20777005,"LENGTH_KM":1.6900001,"CATCH_SKM":3.1300001,"DIS_AV_CMS":0.01,"ORD_STRA":2,"ORD_FLOW":8},"geometry":{"type":"LineString","coordinates":[[43.193749999998886,30.847916666666386],[43.18958333333222,30.843749999999723],[43.18958333333222,30.83958333333303],[43.18541666666559,30.83541666666637]]}},{"type":"Feature","properties":{"HYRIV_ID":20776925,"NEXT_DOWN":20776518,"MAIN_RIV":20791150,"LENGTH_KM":3.06,"CATCH_SKM":22.67,"DIS_AV_CMS":0.024,"ORD_STRA":1,"ORD_FLOW":8},"geometry":{"type":"LineString","coordinates":[[43.774999999998926,30.833333333333037],[43.78541666666558,30.843749999999723],[43.78541666666558,30.85208333333305],[43.78958333333222,30.856249999999697]]}},{"type":"Feature","properties":{"HYRIV_ID":20777004,"NEXT_DOWN":20775829,"MAIN_RIV":20773217,"LENGTH_KM":8.7399998,"CATCH_SKM":47.169998,"DIS_AV_CMS":0.0,"ORD_STRA":5,"ORD_FLOW":10},"geometry":{"type":"LineString","coordinates":[[42.19374999999894,30.831249999999706],[42.19374999999894,30.83541666666637],[42.20208333333224,30.843749999999723],[42.20208333333224,30.86041666666636],[42.20624999999899,30.864583333333066],[42.20624999999899,30.868749999999714],[42.19791666666558,30.87708333333304],[42.20624999999899,30.88541666666635],[42.20624999999899,30.889583333333057],[42.214583333332314,30.89791666666637]]}},{"type":"Feature","properties":{"HYRIV_ID":20777005,"NEXT_DOWN":0,"MAIN_RIV":20777005,"LENGTH_KM":0.61,"CATCH_SKM":0.92,"DIS_AV_CMS":0.02,"ORD_STRA":2,"ORD_FLOW":8},"geometry":{"type":"LineString","coordinates":[[43.18541666666559,30.83541666666637],[43.181249999998926,30.831249999999706]]}},{"type":"Feature","properties":{"HYRIV_ID":20777006,"NEXT_DOWN":20775665,"MAIN_RIV":20772439,"LENGTH_KM":11.09,"CATCH_SKM":51.049999,"DIS_AV_CMS":0.007,"ORD_STRA":1,"ORD_FLOW":9},"geometry":{"type":"LineString","coordinates":[[43.3270833333323,30.829166666666374],[43.3270833333323,30.83958333333303],[43.32291666666555,30.843749999999723],[43.32291666666555,30.847916666666386],[43.318749999998886,30.85208333333305],[43.318749999998886,30.856249999999697],[43.31041666666559,30.864583333333066],[43.31041666666559,30.868749999999714],[43.306249999998926,30.872916666666377],[43.306249999998926,30.87708333333304],[43.2979166666656,30.88541666666635],[43.28541666666564,30.88541666666635],[43.28124999999898,30.889583333333057],[43.28124999999898,30.89791666666637],[43.28541666666564,30.902083333333074],[43.28541666666564,30.906249999999737]]}},{"type":"Feature","properties":{"HYRIV_ID":20777078,"NEXT_DOWN":20776438,"MAIN_RIV":20766470,"LENGTH_KM":4.1500001,"CATCH_SKM":11.43,"DIS_AV_CMS":0.117,"ORD_STRA":3,"ORD_FLOW":7},"geometry":{"type":"LineString","coordinates":[[42.6395833333323,30.827083333333057],[42.63541666666558,30.831249999999706],[42.63541666666558,30.847916666666386],[42.631249999998914,30.85208333333305],[42.631249999998914,30.856249999999697],[42.62708333333225,30.86041666666636]]}},{"type":"Feature","properties":{"HYRIV_ID":20777079,"NEXT_DOWN":20775965,"MAIN_RIV":20766470,"LENGTH_KM":7.98,"CATCH_SKM":32.619999,"DIS_AV_CMS":0.13500001,"ORD_STRA":3,"ORD_FLOW":7},"geometry":{"type":"LineString","coordinates":[[42.89791666666565,30.827083333333057],[42.902083333332286,30.831249999999706],[42.902083333332286,30.83541666666637],[42.90624999999895,30.83958333333303],[42.90624999999895,30.843749999999723],[42.91041666666561,30.847916666666386],[42.91041666666561,30.856249999999697],[42.89791666666565,30.868749999999714],[42.902083333332286,30.872916666666377],[42.902083333332286,30.889583333333057]]}},{"type":"Feature","properties":{"HYRIV_ID":20777080,"NEXT_DOWN":20776758,"MAIN_RIV":20766470,"LENGTH_KM":2.6,"CATCH_SKM":19.17,"DIS_AV_CMS":0.02,"ORD_STRA":1,"ORD_FLOW":8},"geometry":{"type":"LineString","coordinates":[[42.949999999998965,30.824999999999726],[42.95624999999893,30.831249999999706],[42.95624999999893,30.83541666666637],[42.96458333333234,30.843749999999723]]}},{"type":"Feature","properties":{"HYRIV_ID":20777081,"NEXT_DOWN":20777005,"MAIN_RIV":20777005,"LENGTH_KM":2.32,"CATCH_SKM":16.59,"DIS_AV_CMS":0.011,"ORD_STRA":1,"ORD_FLOW":8},"geometry":{"type":"LineString","coordinates":[[43.20416666666563,30.824999999999726],[43.193749999998886,30.83541666666637],[43.18541666666559,30.83541666666637]]}},{"type":"Feature","properties":{"HYRIV_ID":20777161,"NEXT_DOWN":20776032,"MAIN_RIV":20767849,"LENGTH_KM":10.07,"CATCH_SKM":35.759998,"DIS_AV_CMS":0.009,"ORD_STRA":1,"ORD_FLOW":9},"geometry":{"type":"LineString","coordinates":[[42.012499999998965,30.82083333333302],[42.00208333333231,30.831249999999706],[42.00208333333231,30.83958333333303],[42.010416666665634,30.847916666666386],[42.010416666665634,30.85208333333305],[42.01458333333227,30.856249999999697],[42.01458333333227,30.86041666666636],[42.00624999999897,30.868749999999714],[42.00208333333231,30.868749999999714],[41.9937499999989,30.87708333333304],[41.989583333332234,30.87708333333304],[41.9854166666656,30.88124999999969],[41.98124999999894,30.88124999999969],[41.977083333332274,30.88541666666635]]}},{"type":"Feature","properties":{"HYRIV_ID":20777162,"NEXT_DOWN":20777078,"MAIN_RIV":20766470,"LENGTH_KM":0.69,"CATCH_SKM":10.32,"DIS_AV_CMS":0.002,"ORD_STRA":1,"ORD_FLOW":9},"geometry":{"type":"LineString","coordinates":[[42.6395833333323,30.82083333333302],[42.6395833333323,30.827083333333057]]}},{"type":"Feature","properties":{"HYRIV_ID":20777163,"NEXT_DOWN":20777965,"MAIN_RIV":20766470,"LENGTH_KM":4.54,"CATCH_SKM":39.990002,"DIS_AV_CMS":0.006,"ORD_STRA":1,"ORD_FLOW":9},"geometry":{"type":"LineString","coordinates":[[42.71458333333226,30.849999999999717],[42.71458333333226,30.843749999999723],[42.73541666666563,30.82291666666635],[42.743749999998954,30.82291666666635]]}},{"type":"Feature","properties":{"HYRIV_ID":20777164,"NEXT_DOWN":20776759,"MAIN_RIV":20775004,"LENGTH_KM":7.14,"CATCH_SKM":38.900002,"DIS_AV_CMS":0.014,"ORD_STRA":1,"ORD_FLOW":8},"geometry":{"type":"LineString","coordinates":[[43.04999999999893,30.82291666666635],[43.056249999998926,30.82291666666635],[43.06041666666556,30.827083333333057],[43.06458333333231,30.827083333333057],[43.06874999999897,30.831249999999706],[43.0770833333323,30.82291666666635],[43.08124999999896,30.827083333333057],[43.085416666665594,30.827083333333057],[43.09374999999892,30.83541666666637],[43.09374999999892,30.83958333333303],[43.09791666666558,30.843749999999723],[43.102083333332246,30.843749999999723]]}},{"type":"Feature","properties":{"HYRIV_ID":20777165,"NEXT_DOWN":20777387,"MAIN_RIV":20777387,"LENGTH_KM":1.31,"CATCH_SKM":13.09,"DIS_AV_CMS":0.013,"ORD_STRA":1,"ORD_FLOW":8},"geometry":{"type":"LineString","coordinates":[[43.45208333333221,30.833333333333037],[43.45208333333221,30.827083333333057],[43.45624999999896,30.82291666666635]]}},{"type":"Feature","properties":{"HYRIV_ID":20777166,"NEXT_DOWN":20777387,"MAIN_RIV":20777387,"LENGTH_KM":0.92,"CATCH_SKM":14.38,"DIS_AV_CMS":0.015,"ORD_STRA":1,"ORD_FLOW":8},"geometry":{"type":"LineString","coordinates":[[43.462499999998954,30.829166666666374],[43.45624999999896,30.82291666666635]]}},{"type":"Feature","properties":{"HYRIV_ID":20777229,"NEXT_DOWN":20777004,"MAIN_RIV":20773217,"LENGTH_KM":2.6800001,"CATCH_SKM":20.280001,"DIS_AV_CMS":0.01,"ORD_STRA":1,"ORD_FLOW":8},"geometry":{"type":"LineString","coordinates":[[42.17499999999896,30.81874999999969],[42.181249999998954,30.81874999999969],[42.18541666666562,30.82291666666635],[42.18541666666562,30.827083333333057],[42.18958333333228,30.831249999999706],[42.19374999999894,30.831249999999706]]}},{"type":"Feature","properties":{"HYRIV_ID":20777230,"NEXT_DOWN":0,"MAIN_RIV":20777230,"LENGTH_KM":1.77,"CATCH_SKM":18.440001,"DIS_AV_CMS":0.013,"ORD_STRA":1,"ORD_FLOW":8},"geometry":{"type":"LineString","coordinates":[[43.17708333333226,30.816666666666357],[43.17708333333226,30.827083333333057],[43.181249999998926,30.831249999999706]]}},{"type":"Feature","properties":{"HYRIV_ID":20777305,"NEXT_DOWN":20776438,"MAIN_RIV":20766470,"LENGTH_KM":9.6099997,"CATCH_SKM":38.52,"DIS_AV_CMS":0.011,"ORD_STRA":2,"ORD_FLOW":8},"geometry":{"type":"LineString","coordinates":[[42.55624999999898,30.81458333333304],[42.55624999999898,30.81874999999969],[42.56874999999894,30.831249999999706],[42.58958333333223,30.831249999999706],[42.59374999999889,30.83541666666637],[42.59791666666564,30.83541666666637],[42.606249999998965,30.843749999999723],[42.61458333333226,30.843749999999723],[42.62708333333225,30.856249999999697],[42.62708333333225,30.86041666666636]]}},{"type":"Feature","properties":{"HYRIV_ID":20777306,"NEXT_DOWN":20777305,"MAIN_RIV":20766470,"LENGTH_KM":0.6,"CATCH_SKM":10.7,"DIS_AV_CMS":0.002,"ORD_STRA":1,"ORD_FLOW":9},"geometry":{"type":"LineString","coordinates":[[42.56249999999895,30.81458333333304],[42.55624999999898,30.81458333333304]]}},{"type":"Feature","properties":{"HYRIV_ID":20777307,"NEXT_DOWN":20777390,"MAIN_RIV":20777391,"LENGTH_KM":3.53,"CATCH_SKM":19.530001,"DIS_AV_CMS":0.022,"ORD_STRA":1,"ORD_FLOW":8},"geometry":{"type":"LineString","coordinates":[[43.63749999999894,30.84166666666639],[43.647916666665594,30.831249999999706],[43.647916666665594,30.82291666666635],[43.65208333333226,30.81874999999969],[43.65208333333226,30.81458333333304]]}},{"type":"Feature","properties":{"HYRIV_ID":20777308,"NEXT_DOWN":20777390,"MAIN_RIV":20777391,"LENGTH_KM":1.53,"CATCH_SKM":14.01,"DIS_AV_CMS":0.015,"ORD_STRA":1,"ORD_FLOW":8},"geometry":{"type":"LineString","coordinates":[[43.662499999998886,30.824999999999726],[43.65208333333226,30.81458333333304]]}},{"type":"Feature","properties":{"HYRIV_ID":20777386,"NEXT_DOWN":20777617,"MAIN_RIV":20773808,"LENGTH_KM":4.6300001,"CATCH_SKM":19.360001,"DIS_AV_CMS":0.014,"ORD_STRA":1,"ORD_FLOW":8},"geometry":{"type":"LineString","coordinates":[[42.241666666665594,30.810416666666377],[42.25624999999897,30.810416666666377],[42.260416666665634,30.81458333333304],[42.2645833333323,30.81458333333304],[42.26874999999896,30.81874999999969],[42.27291666666562,30.81874999999969],[42.28124999999892,30.810416666666377]]}},{"type":"Feature","properties":{"HYRIV_ID":20777387,"NEXT_DOWN":0,"MAIN_RIV":20777387,"LENGTH_KM":1.54,"CATCH_SKM":2.95,"DIS_AV_CMS":0.027,"ORD_STRA":2,"ORD_FLOW":8},"geometry":{"type":"LineString","coordinates":[[43.45624999999896,30.82291666666635],[43.45624999999896,30.81458333333304],[43.45208333333221,30.810416666666377]]}},{"type":"Feature","properties":{"HYRIV_ID":20777388,"NEXT_DOWN":20777389,"MAIN_RIV":20777391,"LENGTH_KM":6.71,"CATCH_SKM":44.970001,"DIS_AV_CMS":0.053,"ORD_STRA":1,"ORD_FLOW":8},"geometry":{"type":"LineString","coordinates":[[43.59166666666562,30.831249999999706],[43.59791666666561,30.831249999999706],[43.60624999999891,30.82291666666635],[43.60624999999891,30.81874999999969],[43.614583333332234,30.810416666666377],[43.6187499999989,30.810416666666377],[43.62291666666556,30.81458333333304],[43.63958333333227,30.81458333333304],[43.64374999999893,30.810416666666377]]}},{"type":"Feature","properties":{"HYRIV_ID":20777389,"NEXT_DOWN":20777391,"MAIN_RIV":20777391,"LENGTH_KM":0.8,"CATCH_SKM":4.6100001,"DIS_AV_CMS":0.087,"ORD_STRA":2,"ORD_FLOW":8},"geometry":{"type":"LineString","coordinates":[[43.64374999999893,30.810416666666377],[43.65208333333226,30.810416666666377]]}},{"type":"Feature","properties":{"HYRIV_ID":20777390,"NEXT_DOWN":20777391,"MAIN_RIV":20777391,"LENGTH_KM":0.46,"CATCH_SKM":0.37,"DIS_AV_CMS":0.037,"ORD_STRA":2,"ORD_FLOW":8},"geometry":{"type":"LineString","coordinates":[[43.65208333333226,30.81458333333304],[43.65208333333226,30.810416666666377]]}},{"type":"Feature","properties":{"HYRIV_ID":20777391,"NEXT_DOWN":0,"MAIN_RIV":20777391,"LENGTH_KM":0.8,"CATCH_SKM":1.48,"DIS_AV_CMS":0.123,"ORD_STRA":3,"ORD_FLOW":7},"geometry":{"type":"LineString","coordinates":[[43.65208333333226,30.810416666666377],[43.660416666665554,30.810416666666377]]}},{"type":"Feature","properties":{"HYRIV_ID":20777392,"NEXT_DOWN":20774858,"MAIN_RIV":20791150,"LENGTH_KM":30.57,"CATCH_SKM":108.13,"DIS_AV_CMS":0.112,"ORD_STRA":1,"ORD_FLOW":7},"geometry":{"type":"LineString","coordinates":[[43.88124999999897,30.808333333333046],[43.88124999999897,30.81458333333304],[43.8895833333323,30.82291666666635],[43.8895833333323,30.83958333333303],[43.90208333333226,30.85208333333305],[43.90624999999892,30.85208333333305],[43.91041666666558,30.856249999999697],[43.914583333332246,30.856249999999697],[43.92708333333229,30.868749999999714],[43.92708333333229,30.87708333333304],[43.94791666666558,30.89791666666637],[43.94791666666558,30.906249999999737],[43.95208333333224,30.910416666666386],[43.95208333333224,30.91458333333305],[43.96458333333223,30.927083333333023],[43.96458333333223,30.93124999999973],[43.972916666665526,30.93958333333304],[43.972916666665526,30.94791666666635],[43.96874999999889,30.952083333333057],[43.972916666665526,30.95624999999972],[43.98958333333226,30.95624999999972],[43.993749999998926,30.96041666666637],[43.99791666666556,30.96041666666637],[44.006249999998886,30.968749999999737],[44.03124999999892,30.968749999999737],[44.03541666666558,30.96458333333303],[44.052083333332206,30.96458333333303],[44.056249999998954,30.96041666666637],[44.056249999998954,30.95624999999972],[44.06041666666562,30.952083333333057]]}},{"type":"Feature","properties":{"HYRIV_ID":20777393,"NEXT_DOWN":20777394,"MAIN_RIV":20791150,"LENGTH_KM":2.47,"CATCH_SKM":13.46,"DIS_AV_CMS":0.01,"ORD_STRA":1,"ORD_FLOW":8},"geometry":{"type":"LineString","coordinates":[[43.958333333332234,30.81874999999969],[43.96874999999889,30.81874999999969],[43.972916666665526,30.81458333333304],[43.972916666665526,30.810416666666377],[43.977083333332274,30.810416666666377]]}},{"type":"Feature","properties":{"HYRIV_ID":20777394,"NEXT_DOWN":20777543,"MAIN_RIV":20791150,"LENGTH_KM":0.4,"CATCH_SKM":0.55,"DIS_AV_CMS":0.06,"ORD_STRA":2,"ORD_FLOW":8},"geometry":{"type":"LineString","coordinates":[[43.977083333332274,30.810416666666377],[43.98124999999894,30.810416666666377]]}},{"type":"Feature","properties":{"HYRIV_ID":20777460,"NEXT_DOWN":20776823,"MAIN_RIV":20773808,"LENGTH_KM":5.04,"CATCH_SKM":31.9,"DIS_AV_CMS":0.005,"ORD_STRA":1,"ORD_FLOW":9},"geometry":{"type":"LineString","coordinates":[[42.44166666666561,30.804166666666383],[42.43541666666562,30.810416666666377],[42.43541666666562,30.81458333333304],[42.41041666666558,30.83958333333303]]}},{"type":"Feature","properties":{"HYRIV_ID":20777461,"NEXT_DOWN":20777305,"MAIN_RIV":20766470,"LENGTH_KM":2.02,"CATCH_SKM":3.5,"DIS_AV_CMS":0.005,"ORD_STRA":2,"ORD_FLOW":9},"geometry":{"type":"LineString","coordinates":[[42.539583333332246,30.806249999999714],[42.543749999998994,30.806249999999714],[42.55208333333232,30.81458333333304],[42.55624999999898,30.81458333333304]]}},{"type":"Feature","properties":{"HYRIV_ID":20777462,"NEXT_DOWN":20777965,"MAIN_RIV":20766470,"LENGTH_KM":2.1500001,"CATCH_SKM":2.58,"DIS_AV_CMS":0.034,"ORD_STRA":2,"ORD_FLOW":8},"geometry":{"type":"LineString","coordinates":[[42.73541666666563,30.806249999999714],[42.73541666666563,30.81458333333304],[42.743749999998954,30.82291666666635]]}},{"type":"Feature","properties":{"HYRIV_ID":20777463,"NEXT_DOWN":0,"MAIN_RIV":20777463,"LENGTH_KM":1.01,"CATCH_SKM":1.66,"DIS_AV_CMS":0.198,"ORD_STRA":3,"ORD_FLOW":7},"geometry":{"type":"LineString","coordinates":[[43.668749999998965,30.806249999999714],[43.6645833333323,30.810416666666377],[43.660416666665554,30.810416666666377]]}},{"type":"Feature","properties":{"HYRIV_ID":20777533,"NEXT_DOWN":20776823,"MAIN_RIV":20773808,"LENGTH_KM":5.9099998,"CATCH_SKM":23.6,"DIS_AV_CMS":0.003,"ORD_STRA":1,"ORD_FLOW":9},"geometry":{"type":"LineString","coordinates":[[42.37499999999892,30.799999999999734],[42.385416666665634,30.810416666666377],[42.3895833333323,30.810416666666377],[42.39791666666562,30.81874999999969],[42.39791666666562,30.82291666666635],[42.41041666666558,30.83541666666637],[42.41041666666558,30.83958333333303]]}},{"type":"Feature","properties":{"HYRIV_ID":20777534,"NEXT_DOWN":20777461,"MAIN_RIV":20766470,"LENGTH_KM":1.71,"CATCH_SKM":12.91,"DIS_AV_CMS":0.002,"ORD_STRA":1,"ORD_FLOW":9},"geometry":{"type":"LineString","coordinates":[[42.524999999998954,30.799999999999734],[42.53124999999895,30.806249999999714],[42.539583333332246,30.806249999999714]]}},{"type":"Feature","properties":{"HYRIV_ID":20777535,"NEXT_DOWN":20778039,"MAIN_RIV":20778742,"LENGTH_KM":4.29,"CATCH_SKM":29.49,"DIS_AV_CMS":0.011,"ORD_STRA":1,"ORD_FLOW":8},"geometry":{"type":"LineString","coordinates":[[43.26249999999894,30.833333333333037],[43.25624999999894,30.827083333333057],[43.25624999999894,30.81874999999969],[43.243749999998954,30.806249999999714],[43.24791666666562,30.802083333333066]]}},{"type":"Feature","properties":{"HYRIV_ID":20777536,"NEXT_DOWN":20778039,"MAIN_RIV":20778742,"LENGTH_KM":2.0,"CATCH_SKM":14.2,"DIS_AV_CMS":0.009,"ORD_STRA":1,"ORD_FLOW":9},"geometry":{"type":"LineString","coordinates":[[43.26666666666557,30.806249999999714],[43.25208333333228,30.806249999999714],[43.24791666666562,30.802083333333066]]}},{"type":"Feature","properties":{"HYRIV_ID":20777537,"NEXT_DOWN":20777538,"MAIN_RIV":20777538,"LENGTH_KM":3.23,"CATCH_SKM":22.309999,"DIS_AV_CMS":0.019,"ORD_STRA":1,"ORD_FLOW":8},"geometry":{"type":"LineString","coordinates":[[43.416666666665634,30.81458333333304],[43.42708333333226,30.81458333333304],[43.431249999998926,30.810416666666377],[43.435416666665674,30.810416666666377],[43.443749999998914,30.802083333333066]]}},{"type":"Feature","properties":{"HYRIV_ID":20777538,"NEXT_DOWN":0,"MAIN_RIV":20777538,"LENGTH_KM":1.22,"CATCH_SKM":2.95,"DIS_AV_CMS":0.046,"ORD_STRA":2,"ORD_FLOW":8},"geometry":{"type":"LineString","coordinates":[[43.443749999998914,30.802083333333066],[43.45208333333221,30.810416666666377]]}},{"type":"Feature","properties":{"HYRIV_ID":20777539,"NEXT_DOWN":20777463,"MAIN_RIV":20777463,"LENGTH_KM":3.0,"CATCH_SKM":13.83,"DIS_AV_CMS":0.141,"ORD_STRA":2,"ORD_FLOW":7},"geometry":{"type":"LineString","coordinates":[[43.69791666666558,30.802083333333066],[43.693749999998914,30.802083333333066],[43.68958333333225,30.806249999999714],[43.668749999998965,30.806249999999714]]}},{"type":"Feature","properties":{"HYRIV_ID":20777540,"NEXT_DOWN":20777539,"MAIN_RIV":20777463,"LENGTH_KM":6.71,"CATCH_SKM":36.490002,"DIS_AV_CMS":0.033,"ORD_STRA":1,"ORD_FLOW":8},"geometry":{"type":"LineString","coordinates":[[43.714583333332286,30.84166666666639],[43.714583333332286,30.81874999999969],[43.71874999999895,30.81458333333304],[43.714583333332286,30.810416666666377],[43.71041666666554,30.810416666666377],[43.7062499999989,30.81458333333304],[43.70208333333224,30.81458333333304],[43.70208333333224,30.810416666666377],[43.69791666666558,30.806249999999714],[43.69791666666558,30.802083333333066]]}},{"type":"Feature","properties":{"HYRIV_ID":20777541,"NEXT_DOWN":20777542,"MAIN_RIV":20791150,"LENGTH_KM":4.21,"CATCH_SKM":19.91,"DIS_AV_CMS":0.017,"ORD_STRA":1,"ORD_FLOW":8},"geometry":{"type":"LineString","coordinates":[[43.92083333333221,30.810416666666377],[43.931249999998954,30.810416666666377],[43.93958333333228,30.802083333333066],[43.960416666665566,30.802083333333066]]}},{"type":"Feature","properties":{"HYRIV_ID":20777542,"NEXT_DOWN":20777394,"MAIN_RIV":20791150,"LENGTH_KM":2.02,"CATCH_SKM":2.77,"DIS_AV_CMS":0.05,"ORD_STRA":2,"ORD_FLOW":8},"geometry":{"type":"LineString","coordinates":[[43.960416666665566,30.802083333333066],[43.96458333333223,30.802083333333066],[43.96874999999889,30.806249999999714],[43.972916666665526,30.806249999999714],[43.977083333332274,30.810416666666377]]}},{"type":"Feature","properties":{"HYRIV_ID":20777543,"NEXT_DOWN":20777544,"MAIN_RIV":20791150,"LENGTH_KM":4.8600001,"CATCH_SKM":10.88,"DIS_AV_CMS":0.068,"ORD_STRA":2,"ORD_FLOW":8},"geometry":{"type":"LineString","coordinates":[[43.98124999999894,30.810416666666377],[43.98958333333226,30.81874999999969],[43.993749999998926,30.81458333333304],[43.99791666666556,30.81458333333304],[44.010416666665634,30.802083333333066],[44.01874999999896,30.802083333333066]]}},{"type":"Feature","properties":{"HYRIV_ID":20777617,"NEXT_DOWN":20777618,"MAIN_RIV":20773808,"LENGTH_KM":5.7199998,"CATCH_SKM":14.56,"DIS_AV_CMS":0.043,"ORD_STRA":2,"ORD_FLOW":8},"geometry":{"type":"LineString","coordinates":[[42.28124999999892,30.810416666666377],[42.28541666666558,30.81458333333304],[42.28958333333233,30.81458333333304],[42.293749999998994,30.810416666666377],[42.293749999998994,30.806249999999714],[42.29791666666566,30.802083333333066],[42.306249999998954,30.802083333333066],[42.31041666666562,30.797916666666403],[42.31458333333228,30.802083333333066],[42.31874999999894,30.802083333333066],[42.322916666665606,30.797916666666403]]}},{"type":"Feature","properties":{"HYRIV_ID":20777618,"NEXT_DOWN":20776671,"MAIN_RIV":20773808,"LENGTH_KM":9.0200005,"CATCH_SKM":28.57,"DIS_AV_CMS":0.13,"ORD_STRA":3,"ORD_FLOW":7},"geometry":{"type":"LineString","coordinates":[[42.322916666665606,30.797916666666403],[42.3312499999989,30.806249999999714],[42.33541666666565,30.806249999999714],[42.34374999999898,30.81458333333304],[42.34374999999898,30.81874999999969],[42.34791666666564,30.82291666666635],[42.3604166666656,30.82291666666635],[42.36458333333226,30.827083333333057],[42.368749999998926,30.827083333333057],[42.37708333333225,30.83541666666637],[42.37708333333225,30.83958333333303],[42.385416666665634,30.847916666666386]]}},{"type":"Feature","properties":{"HYRIV_ID":20777619,"NEXT_DOWN":20777462,"MAIN_RIV":20766470,"LENGTH_KM":1.93,"CATCH_SKM":17.889999,"DIS_AV_CMS":0.003,"ORD_STRA":1,"ORD_FLOW":9},"geometry":{"type":"LineString","coordinates":[[42.72083333333222,30.79583333333303],[42.731249999998965,30.806249999999714],[42.73541666666563,30.806249999999714]]}},{"type":"Feature","properties":{"HYRIV_ID":20777679,"NEXT_DOWN":20777618,"MAIN_RIV":20773808,"LENGTH_KM":0.46,"CATCH_SKM":0.37,"DIS_AV_CMS":0.085,"ORD_STRA":2,"ORD_FLOW":8},"geometry":{"type":"LineString","coordinates":[[42.322916666665606,30.793749999999697],[42.322916666665606,30.797916666666403]]}},{"type":"Feature","properties":{"HYRIV_ID":20777769,"NEXT_DOWN":0,"MAIN_RIV":20777769,"LENGTH_KM":12.87,"CATCH_SKM":74.639999,"DIS_AV_CMS":0.079,"ORD_STRA":1,"ORD_FLOW":8},"geometry":{"type":"LineString","coordinates":[[43.47916666666558,30.849999999999717],[43.489583333332234,30.86041666666636],[43.4937499999989,30.856249999999697],[43.497916666665645,30.856249999999697],[43.51458333333227,30.83958333333303],[43.51874999999893,30.83958333333303],[43.522916666665594,30.83541666666637],[43.53541666666564,30.83541666666637],[43.53541666666564,30.827083333333057],[43.5395833333323,30.82291666666635],[43.5395833333323,30.81874999999969],[43.543749999998965,30.81458333333304],[43.543749999998965,30.810416666666377],[43.53541666666564,30.802083333333066],[43.53541666666564,30.789583333333034]]}},{"type":"Feature","properties":{"HYRIV_ID":20777770,"NEXT_DOWN":20777389,"MAIN_RIV":20777391,"LENGTH_KM":5.56,"CATCH_SKM":23.969999,"DIS_AV_CMS":0.029,"ORD_STRA":1,"ORD_FLOW":8},"geometry":{"type":"LineString","coordinates":[[43.59999999999894,30.79583333333303],[43.60624999999891,30.789583333333034],[43.614583333332234,30.789583333333034],[43.6187499999989,30.793749999999697],[43.62291666666556,30.793749999999697],[43.63124999999894,30.802083333333066],[43.635416666665606,30.802083333333066],[43.64374999999893,30.810416666666377]]}},{"type":"Feature","properties":{"HYRIV_ID":20777835,"NEXT_DOWN":20777461,"MAIN_RIV":20766470,"LENGTH_KM":3.09,"CATCH_SKM":16.6,"DIS_AV_CMS":0.003,"ORD_STRA":1,"ORD_FLOW":9},"geometry":{"type":"LineString","coordinates":[[42.53124999999895,30.783333333333054],[42.53124999999895,30.797916666666403],[42.53541666666561,30.797916666666403],[42.539583333332246,30.802083333333066],[42.539583333332246,30.806249999999714]]}},{"type":"Feature","properties":{"HYRIV_ID":20777836,"NEXT_DOWN":20777462,"MAIN_RIV":20766470,"LENGTH_KM":2.46,"CATCH_SKM":8.6700001,"DIS_AV_CMS":0.032,"ORD_STRA":2,"ORD_FLOW":8},"geometry":{"type":"LineString","coordinates":[[42.731249999998965,30.785416666666386],[42.731249999998965,30.793749999999697],[42.73541666666563,30.797916666666403],[42.73541666666563,30.806249999999714]]}},{"type":"Feature","properties":{"HYRIV_ID":20777837,"NEXT_DOWN":20778363,"MAIN_RIV":20778668,"LENGTH_KM":1.99,"CATCH_SKM":12.36,"DIS_AV_CMS":0.008,"ORD_STRA":1,"ORD_FLOW":9},"geometry":{"type":"LineString","coordinates":[[43.074999999998965,30.799999999999734],[43.06458333333231,30.789583333333034],[43.06458333333231,30.785416666666386]]}},{"type":"Feature","properties":{"HYRIV_ID":20777905,"NEXT_DOWN":20777004,"MAIN_RIV":20773217,"LENGTH_KM":6.0,"CATCH_SKM":15.86,"DIS_AV_CMS":0.0,"ORD_STRA":5,"ORD_FLOW":10},"geometry":{"type":"LineString","coordinates":[[42.19791666666558,30.78124999999968],[42.19374999999894,30.785416666666386],[42.19374999999894,30.797916666666403],[42.18958333333228,30.802083333333066],[42.18958333333228,30.810416666666377],[42.19374999999894,30.81458333333304],[42.19374999999894,30.831249999999706]]}},{"type":"Feature","properties":{"HYRIV_ID":20777906,"NEXT_DOWN":20777078,"MAIN_RIV":20766470,"LENGTH_KM":6.5300002,"CATCH_SKM":22.68,"DIS_AV_CMS":0.12,"ORD_STRA":3,"ORD_FLOW":7},"geometry":{"type":"LineString","coordinates":[[42.64791666666562,30.78124999999968],[42.652083333332286,30.78124999999968],[42.66041666666561,30.789583333333034],[42.66041666666561,30.806249999999714],[42.6395833333323,30.827083333333057]]}},{"type":"Feature","properties":{"HYRIV_ID":20777907,"NEXT_DOWN":20777079,"MAIN_RIV":20766470,"LENGTH_KM":10.43,"CATCH_SKM":45.360001,"DIS_AV_CMS":0.076,"ORD_STRA":3,"ORD_FLOW":8},"geometry":{"type":"LineString","coordinates":[[42.822916666665606,30.78124999999968],[42.82708333333227,30.78124999999968],[42.84374999999892,30.797916666666403],[42.84791666666558,30.797916666666403],[42.86041666666563,30.810416666666377],[42.86041666666563,30.81874999999969],[42.86458333333229,30.82291666666635],[42.868749999998954,30.82291666666635],[42.87291666666562,30.827083333333057],[42.88958333333224,30.827083333333057],[42.89374999999899,30.82291666666635],[42.89791666666565,30.827083333333057]]}},{"type":"Feature","properties":{"HYRIV_ID":20777965,"NEXT_DOWN":20777966,"MAIN_RIV":20766470,"LENGTH_KM":8.96,"CATCH_SKM":37.790001,"DIS_AV_CMS":0.041,"ORD_STRA":2,"ORD_FLOW":8},"geometry":{"type":"LineString","coordinates":[[42.743749999998954,30.82291666666635],[42.76458333333224,30.82291666666635],[42.777083333332286,30.810416666666377],[42.78124999999895,30.810416666666377],[42.80624999999898,30.785416666666386],[42.80624999999898,30.78124999999968],[42.810416666665645,30.77708333333306]]}},{"type":"Feature","properties":{"HYRIV_ID":20777966,"NEXT_DOWN":20777907,"MAIN_RIV":20766470,"LENGTH_KM":1.41,"CATCH_SKM":2.21,"DIS_AV_CMS":0.044,"ORD_STRA":2,"ORD_FLOW":8},"geometry":{"type":"LineString","coordinates":[[42.810416666665645,30.77708333333306],[42.81458333333231,30.78124999999968],[42.822916666665606,30.78124999999968]]}},{"type":"Feature","properties":{"HYRIV_ID":20777967,"NEXT_DOWN":0,"MAIN_RIV":20777967,"LENGTH_KM":1.39,"CATCH_SKM":2.21,"DIS_AV_CMS":0.226,"ORD_STRA":3,"ORD_FLOW":7},"geometry":{"type":"LineString","coordinates":[[43.53541666666564,30.77708333333306],[43.53541666666564,30.789583333333034]]}},{"type":"Feature","properties":{"HYRIV_ID":20777968,"NEXT_DOWN":20777539,"MAIN_RIV":20777463,"LENGTH_KM":6.6799998,"CATCH_SKM":26.0,"DIS_AV_CMS":0.103,"ORD_STRA":2,"ORD_FLOW":7},"geometry":{"type":"LineString","coordinates":[[43.739583333332234,30.77708333333306],[43.739583333332234,30.789583333333034],[43.73541666666557,30.793749999999697],[43.73541666666557,30.797916666666403],[43.73124999999894,30.797916666666403],[43.727083333332274,30.802083333333066],[43.72291666666561,30.802083333333066],[43.71874999999895,30.797916666666403],[43.714583333332286,30.802083333333066],[43.69791666666558,30.802083333333066]]}},{"type":"Feature","properties":{"HYRIV_ID":20778038,"NEXT_DOWN":20777906,"MAIN_RIV":20766470,"LENGTH_KM":2.4200001,"CATCH_SKM":4.6100001,"DIS_AV_CMS":0.123,"ORD_STRA":3,"ORD_FLOW":7},"geometry":{"type":"LineString","coordinates":[[42.62708333333225,30.77291666666637],[42.63541666666558,30.78124999999968],[42.64791666666562,30.78124999999968]]}},{"type":"Feature","properties":{"HYRIV_ID":20778039,"NEXT_DOWN":20778435,"MAIN_RIV":20778742,"LENGTH_KM":3.83,"CATCH_SKM":11.98,"DIS_AV_CMS":0.023,"ORD_STRA":2,"ORD_FLOW":8},"geometry":{"type":"LineString","coordinates":[[43.24791666666562,30.802083333333066],[43.239583333332234,30.793749999999697],[43.239583333332234,30.785416666666386],[43.23541666666557,30.78124999999968],[43.23541666666557,30.77708333333306],[43.23124999999891,30.77291666666637]]}},{"type":"Feature","properties":{"HYRIV_ID":20778040,"NEXT_DOWN":20777967,"MAIN_RIV":20777967,"LENGTH_KM":0.61,"CATCH_SKM":1.66,"DIS_AV_CMS":0.186,"ORD_STRA":3,"ORD_FLOW":7},"geometry":{"type":"LineString","coordinates":[[43.53124999999889,30.77291666666637],[43.53541666666564,30.77708333333306]]}},{"type":"Feature","properties":{"HYRIV_ID":20778041,"NEXT_DOWN":20777463,"MAIN_RIV":20777463,"LENGTH_KM":4.7,"CATCH_SKM":12.17,"DIS_AV_CMS":0.059,"ORD_STRA":2,"ORD_FLOW":8},"geometry":{"type":"LineString","coordinates":[[43.647916666665594,30.77291666666637],[43.65208333333226,30.77291666666637],[43.65624999999892,30.77708333333306],[43.65624999999892,30.78124999999968],[43.6645833333323,30.789583333333034],[43.6645833333323,30.802083333333066],[43.668749999998965,30.806249999999714]]}},{"type":"Feature","properties":{"HYRIV_ID":20778042,"NEXT_DOWN":20776172,"MAIN_RIV":20791150,"LENGTH_KM":14.3,"CATCH_SKM":72.470001,"DIS_AV_CMS":0.071,"ORD_STRA":1,"ORD_FLOW":8},"geometry":{"type":"LineString","coordinates":[[43.808333333332286,30.770833333333037],[43.82291666666558,30.785416666666386],[43.82291666666558,30.793749999999697],[43.8312499999989,30.802083333333066],[43.8312499999989,30.810416666666377],[43.835416666665566,30.81458333333304],[43.835416666665566,30.81874999999969],[43.83958333333223,30.82291666666635],[43.84791666666561,30.82291666666635],[43.852083333332274,30.827083333333057],[43.852083333332274,30.86041666666636],[43.85624999999894,30.864583333333066],[43.85624999999894,30.868749999999714],[43.86458333333226,30.87708333333304]]}},{"type":"Feature","properties":{"HYRIV_ID":20778109,"NEXT_DOWN":20777966,"MAIN_RIV":20766470,"LENGTH_KM":1.53,"CATCH_SKM":17.52,"DIS_AV_CMS":0.003,"ORD_STRA":1,"ORD_FLOW":9},"geometry":{"type":"LineString","coordinates":[[42.7999999999989,30.766666666666374],[42.810416666665645,30.77708333333306]]}},{"type":"Feature","properties":{"HYRIV_ID":20778110,"NEXT_DOWN":20777907,"MAIN_RIV":20766470,"LENGTH_KM":1.54,"CATCH_SKM":1.66,"DIS_AV_CMS":0.029,"ORD_STRA":2,"ORD_FLOW":8},"geometry":{"type":"LineString","coordinates":[[42.81874999999897,30.768749999999706],[42.822916666665606,30.77291666666637],[42.822916666665606,30.78124999999968]]}},{"type":"Feature","properties":{"HYRIV_ID":20778111,"NEXT_DOWN":20778435,"MAIN_RIV":20778742,"LENGTH_KM":6.7600002,"CATCH_SKM":33.200001,"DIS_AV_CMS":0.023,"ORD_STRA":1,"ORD_FLOW":8},"geometry":{"type":"LineString","coordinates":[[43.28749999999897,30.770833333333037],[43.28124999999898,30.77708333333306],[43.277083333332314,30.77291666666637],[43.272916666665566,30.77708333333306],[43.2687499999989,30.77708333333306],[43.26458333333227,30.77291666666637],[43.25624999999894,30.77291666666637],[43.25208333333228,30.768749999999706],[43.23541666666557,30.768749999999706],[43.23124999999891,30.77291666666637]]}},{"type":"Feature","properties":{"HYRIV_ID":20778112,"NEXT_DOWN":20778113,"MAIN_RIV":20777538,"LENGTH_KM":2.4,"CATCH_SKM":14.57,"DIS_AV_CMS":0.012,"ORD_STRA":1,"ORD_FLOW":8},"geometry":{"type":"LineString","coordinates":[[43.3916666666656,30.77291666666637],[43.40624999999898,30.77291666666637],[43.41041666666564,30.768749999999706],[43.4145833333323,30.768749999999706]]}},{"type":"Feature","properties":{"HYRIV_ID":20778113,"NEXT_DOWN":20777538,"MAIN_RIV":20777538,"LENGTH_KM":4.9899998,"CATCH_SKM":17.889999,"DIS_AV_CMS":0.033,"ORD_STRA":2,"ORD_FLOW":8},"geometry":{"type":"LineString","coordinates":[[43.4145833333323,30.768749999999706],[43.418749999998965,30.77291666666637],[43.4229166666656,30.77291666666637],[43.43958333333225,30.789583333333034],[43.43958333333225,30.793749999999697],[43.443749999998914,30.797916666666403],[43.443749999998914,30.802083333333066]]}},{"type":"Feature","properties":{"HYRIV_ID":20778199,"NEXT_DOWN":20776670,"MAIN_RIV":20773217,"LENGTH_KM":20.860001,"CATCH_SKM":79.110001,"DIS_AV_CMS":0.013,"ORD_STRA":1,"ORD_FLOW":8},"geometry":{"type":"LineString","coordinates":[[42.012499999998965,30.762499999999726],[42.02708333333226,30.77708333333306],[42.03124999999892,30.77708333333306],[42.03124999999892,30.78124999999968],[42.03541666666567,30.785416666666386],[42.03541666666567,30.789583333333034],[42.0395833333323,30.793749999999697],[42.06041666666562,30.793749999999697],[42.06458333333228,30.797916666666403],[42.07291666666566,30.797916666666403],[42.077083333332325,30.802083333333066],[42.08541666666565,30.793749999999697],[42.09374999999895,30.793749999999697],[42.09791666666561,30.797916666666403],[42.102083333332274,30.797916666666403],[42.1104166666656,30.789583333333034],[42.11458333333226,30.789583333333034],[42.1187499999989,30.793749999999697],[42.1187499999989,30.797916666666403],[42.135416666665634,30.81458333333304],[42.135416666665634,30.82291666666635],[42.12708333333231,30.831249999999706],[42.12708333333231,30.847916666666386]]}},{"type":"Feature","properties":{"HYRIV_ID":20778200,"NEXT_DOWN":20778201,"MAIN_RIV":20773217,"LENGTH_KM":4.0,"CATCH_SKM":19.18,"DIS_AV_CMS":0.006,"ORD_STRA":1,"ORD_FLOW":9},"geometry":{"type":"LineString","coordinates":[[42.15416666666559,30.77708333333306],[42.16041666666558,30.77708333333306],[42.16458333333233,30.78124999999968],[42.17291666666563,30.78124999999968],[42.17291666666563,30.77708333333306],[42.17708333333229,30.77291666666637],[42.17708333333229,30.764583333333043]]}},{"type":"Feature","properties":{"HYRIV_ID":20778201,"NEXT_DOWN":20777905,"MAIN_RIV":20773217,"LENGTH_KM":3.09,"CATCH_SKM":5.7199998,"DIS_AV_CMS":0.124,"ORD_STRA":3,"ORD_FLOW":7},"geometry":{"type":"LineString","coordinates":[[42.17708333333229,30.764583333333043],[42.181249999998954,30.768749999999706],[42.18541666666562,30.768749999999706],[42.18958333333228,30.77291666666637],[42.19374999999894,30.77291666666637],[42.19374999999894,30.77708333333306],[42.19791666666558,30.78124999999968]]}},{"type":"Feature","properties":{"HYRIV_ID":20778202,"NEXT_DOWN":0,"MAIN_RIV":20778202,"LENGTH_KM":2.1400001,"CATCH_SKM":23.790001,"DIS_AV_CMS":0.015,"ORD_STRA":1,"ORD_FLOW":8},"geometry":{"type":"LineString","coordinates":[[42.933333333332314,30.77916666666635],[42.9229166666656,30.768749999999706],[42.927083333332234,30.764583333333043]]}},{"type":"Feature","properties":{"HYRIV_ID":20778203,"NEXT_DOWN":20778204,"MAIN_RIV":20777967,"LENGTH_KM":1.8200001,"CATCH_SKM":14.76,"DIS_AV_CMS":0.017,"ORD_STRA":1,"ORD_FLOW":8},"geometry":{"type":"LineString","coordinates":[[43.50416666666561,30.764583333333043],[43.510416666665606,30.764583333333043],[43.51458333333227,30.768749999999706],[43.51874999999893,30.764583333333043]]}},{"type":"Feature","properties":{"HYRIV_ID":20778204,"NEXT_DOWN":20778040,"MAIN_RIV":20777967,"LENGTH_KM":1.62,"CATCH_SKM":4.8,"DIS_AV_CMS":0.074,"ORD_STRA":2,"ORD_FLOW":8},"geometry":{"type":"LineString","coordinates":[[43.51874999999893,30.764583333333043],[43.522916666665594,30.768749999999706],[43.52708333333223,30.768749999999706],[43.53124999999889,30.77291666666637]]}},{"type":"Feature","properties":{"HYRIV_ID":20778288,"NEXT_DOWN":20778113,"MAIN_RIV":20777538,"LENGTH_KM":4.0100002,"CATCH_SKM":13.28,"DIS_AV_CMS":0.03,"ORD_STRA":2,"ORD_FLOW":8},"geometry":{"type":"LineString","coordinates":[[43.37708333333228,30.760416666666394],[43.385416666665606,30.760416666666394],[43.38958333333227,30.764583333333043],[43.41041666666564,30.764583333333043],[43.4145833333323,30.768749999999706]]}},{"type":"Feature","properties":{"HYRIV_ID":20778289,"NEXT_DOWN":20777968,"MAIN_RIV":20777463,"LENGTH_KM":2.3,"CATCH_SKM":13.65,"DIS_AV_CMS":0.069,"ORD_STRA":2,"ORD_FLOW":8},"geometry":{"type":"LineString","coordinates":[[43.727083333332274,30.760416666666394],[43.727083333332274,30.764583333333043],[43.739583333332234,30.77708333333306]]}},{"type":"Feature","properties":{"HYRIV_ID":20778290,"NEXT_DOWN":20777968,"MAIN_RIV":20777463,"LENGTH_KM":3.97,"CATCH_SKM":23.24,"DIS_AV_CMS":0.018,"ORD_STRA":1,"ORD_FLOW":8},"geometry":{"type":"LineString","coordinates":[[43.76458333333227,30.75833333333302],[43.76458333333227,30.768749999999706],[43.75624999999897,30.77708333333306],[43.739583333332234,30.77708333333306]]}},{"type":"Feature","properties":{"HYRIV_ID":20778361,"NEXT_DOWN":20777836,"MAIN_RIV":20766470,"LENGTH_KM":4.46,"CATCH_SKM":22.32,"DIS_AV_CMS":0.003,"ORD_STRA":1,"ORD_FLOW":9},"geometry":{"type":"LineString","coordinates":[[42.75208333333225,30.754166666666357],[42.75208333333225,30.760416666666394],[42.743749999998954,30.768749999999706],[42.743749999998954,30.77291666666637],[42.73958333333229,30.77708333333306],[42.73958333333229,30.78124999999968],[42.73541666666563,30.785416666666386],[42.731249999998965,30.785416666666386]]}},{"type":"Feature","properties":{"HYRIV_ID":20778362,"NEXT_DOWN":20778668,"MAIN_RIV":20778668,"LENGTH_KM":4.3800001,"CATCH_SKM":28.030001,"DIS_AV_CMS":0.021,"ORD_STRA":1,"ORD_FLOW":8},"geometry":{"type":"LineString","coordinates":[[43.006249999998914,30.791666666666366],[43.006249999998914,30.78124999999968],[43.01458333333224,30.77291666666637],[43.01041666666558,30.768749999999706],[43.01041666666558,30.75624999999969]]}},{"type":"Feature","properties":{"HYRIV_ID":20778363,"NEXT_DOWN":20778668,"MAIN_RIV":20778668,"LENGTH_KM":6.6599998,"CATCH_SKM":34.860001,"DIS_AV_CMS":0.029,"ORD_STRA":2,"ORD_FLOW":8},"geometry":{"type":"LineString","coordinates":[[43.06458333333231,30.785416666666386],[43.056249999998926,30.785416666666386],[43.05208333333226,30.78124999999968],[43.0479166666656,30.78124999999968],[43.03124999999895,30.764583333333043],[43.027083333332314,30.764583333333043],[43.0187499999989,30.75624999999969],[43.01041666666558,30.75624999999969]]}},{"type":"Feature","properties":{"HYRIV_ID":20778364,"NEXT_DOWN":20778288,"MAIN_RIV":20777538,"LENGTH_KM":5.2600002,"CATCH_SKM":24.9,"DIS_AV_CMS":0.018,"ORD_STRA":1,"ORD_FLOW":8},"geometry":{"type":"LineString","coordinates":[[43.34791666666558,30.774999999999743],[43.34791666666558,30.764583333333043],[43.352083333332246,30.760416666666394],[43.352083333332246,30.75624999999969],[43.35624999999891,30.75624999999969],[43.36041666666557,30.760416666666394],[43.364583333332234,30.75624999999969],[43.3687499999989,30.75624999999969],[43.37291666666562,30.760416666666394],[43.37708333333228,30.760416666666394]]}},{"type":"Feature","properties":{"HYRIV_ID":20778365,"NEXT_DOWN":20778041,"MAIN_RIV":20777463,"LENGTH_KM":2.08,"CATCH_SKM":19.370001,"DIS_AV_CMS":0.016,"ORD_STRA":1,"ORD_FLOW":8},"geometry":{"type":"LineString","coordinates":[[43.647916666665594,30.754166666666357],[43.647916666665594,30.77291666666637]]}},{"type":"Feature","properties":{"HYRIV_ID":20778431,"NEXT_DOWN":20777617,"MAIN_RIV":20773808,"LENGTH_KM":8.62,"CATCH_SKM":33.02,"DIS_AV_CMS":0.024,"ORD_STRA":1,"ORD_FLOW":8},"geometry":{"type":"LineString","coordinates":[[42.241666666665594,30.74999999999971],[42.25208333333222,30.760416666666394],[42.25208333333222,30.77708333333306],[42.2645833333323,30.789583333333034],[42.26874999999896,30.789583333333034],[42.27291666666562,30.793749999999697],[42.27291666666562,30.806249999999714],[42.27708333333226,30.810416666666377],[42.28124999999892,30.810416666666377]]}},{"type":"Feature","properties":{"HYRIV_ID":20778432,"NEXT_DOWN":20778560,"MAIN_RIV":20779483,"LENGTH_KM":4.5500002,"CATCH_SKM":26.559999,"DIS_AV_CMS":0.004,"ORD_STRA":1,"ORD_FLOW":9},"geometry":{"type":"LineString","coordinates":[[42.40416666666562,30.77291666666637],[42.41041666666558,30.77291666666637],[42.41041666666558,30.768749999999706],[42.418749999998994,30.768749999999706],[42.42291666666566,30.764583333333043],[42.42708333333232,30.764583333333043],[42.431249999998954,30.760416666666394],[42.431249999998954,30.75624999999969],[42.43541666666562,30.752083333333026]]}},{"type":"Feature","properties":{"HYRIV_ID":20778433,"NEXT_DOWN":20778560,"MAIN_RIV":20779483,"LENGTH_KM":5.2800002,"CATCH_SKM":36.34,"DIS_AV_CMS":0.006,"ORD_STRA":1,"ORD_FLOW":9},"geometry":{"type":"LineString","coordinates":[[42.479166666665634,30.768749999999706],[42.447916666665606,30.768749999999706],[42.43541666666562,30.75624999999969],[42.43541666666562,30.752083333333026]]}},{"type":"Feature","properties":{"HYRIV_ID":20778434,"NEXT_DOWN":20777906,"MAIN_RIV":20766470,"LENGTH_KM":3.99,"CATCH_SKM":21.219999,"DIS_AV_CMS":0.003,"ORD_STRA":1,"ORD_FLOW":9},"geometry":{"type":"LineString","coordinates":[[42.633333333332246,30.74999999999971],[42.64791666666562,30.764583333333043],[42.64791666666562,30.78124999999968]]}},{"type":"Feature","properties":{"HYRIV_ID":20778435,"NEXT_DOWN":20778743,"MAIN_RIV":20778742,"LENGTH_KM":3.05,"CATCH_SKM":8.6700001,"DIS_AV_CMS":0.041,"ORD_STRA":2,"ORD_FLOW":8},"geometry":{"type":"LineString","coordinates":[[43.23124999999891,30.77291666666637],[43.21041666666562,30.752083333333026]]}},{"type":"Feature","properties":{"HYRIV_ID":20778436,"NEXT_DOWN":20778288,"MAIN_RIV":20777538,"LENGTH_KM":1.16,"CATCH_SKM":14.95,"DIS_AV_CMS":0.015,"ORD_STRA":1,"ORD_FLOW":8},"geometry":{"type":"LineString","coordinates":[[43.37708333333228,30.74999999999971],[43.37708333333228,30.760416666666394]]}},{"type":"Feature","properties":{"HYRIV_ID":20778437,"NEXT_DOWN":20778204,"MAIN_RIV":20777967,"LENGTH_KM":8.0200005,"CATCH_SKM":41.860001,"DIS_AV_CMS":0.053,"ORD_STRA":2,"ORD_FLOW":8},"geometry":{"type":"LineString","coordinates":[[43.464583333332286,30.752083333333026],[43.464583333332286,30.75624999999969],[43.48541666666557,30.77708333333306],[43.497916666665645,30.77708333333306],[43.50208333333228,30.78124999999968],[43.50624999999894,30.78124999999968],[43.51874999999893,30.768749999999706],[43.51874999999893,30.764583333333043]]}},{"type":"Feature","properties":{"HYRIV_ID":20778438,"NEXT_DOWN":20778289,"MAIN_RIV":20777463,"LENGTH_KM":1.93,"CATCH_SKM":14.76,"DIS_AV_CMS":0.01,"ORD_STRA":1,"ORD_FLOW":8},"geometry":{"type":"LineString","coordinates":[[43.71249999999887,30.74999999999971],[43.72291666666561,30.760416666666394],[43.727083333332274,30.760416666666394]]}},{"type":"Feature","properties":{"HYRIV_ID":20778493,"NEXT_DOWN":20778110,"MAIN_RIV":20766470,"LENGTH_KM":3.06,"CATCH_SKM":19.559999,"DIS_AV_CMS":0.004,"ORD_STRA":1,"ORD_FLOW":9},"geometry":{"type":"LineString","coordinates":[[42.83333333333226,30.745833333333046],[42.822916666665606,30.75624999999969],[42.822916666665606,30.764583333333043],[42.81874999999897,30.768749999999706]]}},{"type":"Feature","properties":{"HYRIV_ID":20778494,"NEXT_DOWN":20778363,"MAIN_RIV":20778668,"LENGTH_KM":6.1599998,"CATCH_SKM":25.83,"DIS_AV_CMS":0.015,"ORD_STRA":1,"ORD_FLOW":8},"geometry":{"type":"LineString","coordinates":[[43.099999999998914,30.745833333333046],[43.09374999999892,30.752083333333026],[43.09374999999892,30.75624999999969],[43.085416666665594,30.764583333333043],[43.085416666665594,30.77291666666637],[43.08124999999896,30.77708333333306],[43.0770833333323,30.77708333333306],[43.072916666665634,30.78124999999968],[43.06874999999897,30.78124999999968],[43.06458333333231,30.785416666666386]]}},{"type":"Feature","properties":{"HYRIV_ID":20778495,"NEXT_DOWN":20777838,"MAIN_RIV":20791150,"LENGTH_KM":6.4,"CATCH_SKM":15.68,"DIS_AV_CMS":0.054,"ORD_STRA":4,"ORD_FLOW":8},"geometry":{"type":"LineString","coordinates":[[43.972916666665526,30.747916666666377],[43.977083333332274,30.752083333333026],[43.977083333332274,30.760416666666394],[44.00208333333222,30.785416666666386],[44.0145833333323,30.785416666666386]]}},{"type":"Feature","properties":{"HYRIV_ID":20778560,"NEXT_DOWN":20778966,"MAIN_RIV":20779483,"LENGTH_KM":0.93,"CATCH_SKM":2.4,"DIS_AV_CMS":0.01,"ORD_STRA":2,"ORD_FLOW":8},"geometry":{"type":"LineString","coordinates":[[42.43541666666562,30.752083333333026],[42.43541666666562,30.743749999999714]]}},{"type":"Feature","properties":{"HYRIV_ID":20778561,"NEXT_DOWN":20778437,"MAIN_RIV":20777967,"LENGTH_KM":1.93,"CATCH_SKM":13.47,"DIS_AV_CMS":0.013,"ORD_STRA":1,"ORD_FLOW":8},"geometry":{"type":"LineString","coordinates":[[43.44999999999888,30.741666666666383],[43.45624999999896,30.747916666666377],[43.46041666666562,30.747916666666377],[43.464583333332286,30.752083333333026]]}},{"type":"Feature","properties":{"HYRIV_ID":20778616,"NEXT_DOWN":20777836,"MAIN_RIV":20766470,"LENGTH_KM":5.98,"CATCH_SKM":17.52,"DIS_AV_CMS":0.028,"ORD_STRA":2,"ORD_FLOW":8},"geometry":{"type":"LineString","coordinates":[[42.70624999999893,30.73958333333305],[42.70624999999893,30.743749999999714],[42.71458333333226,30.752083333333026],[42.71458333333226,30.760416666666394],[42.71874999999889,30.764583333333043],[42.71874999999889,30.768749999999706],[42.731249999998965,30.78124999999968],[42.731249999998965,30.785416666666386]]}},{"type":"Feature","properties":{"HYRIV_ID":20778617,"NEXT_DOWN":20778670,"MAIN_RIV":20778670,"LENGTH_KM":2.7,"CATCH_SKM":16.41,"DIS_AV_CMS":0.013,"ORD_STRA":1,"ORD_FLOW":8},"geometry":{"type":"LineString","coordinates":[[43.14791666666565,30.762499999999726],[43.14791666666565,30.752083333333026],[43.152083333332314,30.747916666666377],[43.152083333332314,30.73958333333305]]}},{"type":"Feature","properties":{"HYRIV_ID":20778618,"NEXT_DOWN":20777543,"MAIN_RIV":20791150,"LENGTH_KM":10.35,"CATCH_SKM":26.559999,"DIS_AV_CMS":0.009,"ORD_STRA":1,"ORD_FLOW":9},"geometry":{"type":"LineString","coordinates":[[43.92916666666562,30.73958333333305],[43.93958333333228,30.73958333333305],[43.94791666666558,30.747916666666377],[43.94791666666558,30.760416666666394],[43.960416666665566,30.77291666666637],[43.960416666665566,30.77708333333306],[43.977083333332274,30.793749999999697],[43.977083333332274,30.802083333333066],[43.98124999999894,30.806249999999714],[43.98124999999894,30.810416666666377]]}},{"type":"Feature","properties":{"HYRIV_ID":20778667,"NEXT_DOWN":0,"MAIN_RIV":20778667,"LENGTH_KM":3.23,"CATCH_SKM":21.4,"DIS_AV_CMS":0.021,"ORD_STRA":1,"ORD_FLOW":8},"geometry":{"type":"LineString","coordinates":[[42.949999999998965,30.73958333333305],[42.95624999999893,30.73958333333305],[42.960416666665594,30.73541666666636],[42.96458333333234,30.73541666666636],[42.96874999999892,30.73958333333305],[42.97291666666558,30.73958333333305],[42.977083333332246,30.73541666666636]]}},{"type":"Feature","properties":{"HYRIV_ID":20778668,"NEXT_DOWN":0,"MAIN_RIV":20778668,"LENGTH_KM":4.25,"CATCH_SKM":21.77,"DIS_AV_CMS":0.059,"ORD_STRA":2,"ORD_FLOW":8},"geometry":{"type":"LineString","coordinates":[[43.01041666666558,30.75624999999969],[43.006249999998914,30.752083333333026],[43.00208333333228,30.752083333333026],[42.993749999998954,30.743749999999714],[42.98958333333229,30.743749999999714],[42.98541666666554,30.73958333333305],[42.98124999999888,30.73958333333305],[42.977083333332246,30.73541666666636]]}},{"type":"Feature","properties":{"HYRIV_ID":20778669,"NEXT_DOWN":20778670,"MAIN_RIV":20778670,"LENGTH_KM":1.61,"CATCH_SKM":16.049999,"DIS_AV_CMS":0.014,"ORD_STRA":1,"ORD_FLOW":8},"geometry":{"type":"LineString","coordinates":[[43.13749999999891,30.73541666666636],[43.1437499999989,30.73541666666636],[43.14791666666565,30.73958333333305],[43.152083333332314,30.73958333333305]]}},{"type":"Feature","properties":{"HYRIV_ID":20778670,"NEXT_DOWN":0,"MAIN_RIV":20778670,"LENGTH_KM":1.01,"CATCH_SKM":0.92,"DIS_AV_CMS":0.026,"ORD_STRA":2,"ORD_FLOW":8},"geometry":{"type":"LineString","coordinates":[[43.152083333332314,30.73958333333305],[43.15624999999898,30.73541666666636],[43.16041666666564,30.73541666666636]]}},{"type":"Feature","properties":{"HYRIV_ID":20778741,"NEXT_DOWN":20777079,"MAIN_RIV":20766470,"LENGTH_KM":11.84,"CATCH_SKM":42.23,"DIS_AV_CMS":0.042,"ORD_STRA":2,"ORD_FLOW":8},"geometry":{"type":"LineString","coordinates":[[42.88958333333224,30.731249999999697],[42.88958333333224,30.73541666666636],[42.89374999999899,30.73958333333305],[42.89374999999899,30.747916666666377],[42.88958333333224,30.752083333333026],[42.88958333333224,30.764583333333043],[42.89374999999899,30.768749999999706],[42.89374999999899,30.77291666666637],[42.89791666666565,30.77708333333306],[42.89791666666565,30.797916666666403],[42.902083333332286,30.802083333333066],[42.902083333332286,30.806249999999714],[42.89791666666565,30.810416666666377],[42.89791666666565,30.81458333333304],[42.902083333332286,30.81874999999969],[42.89791666666565,30.82291666666635],[42.89791666666565,30.827083333333057]]}},{"type":"Feature","properties":{"HYRIV_ID":20778742,"NEXT_DOWN":0,"MAIN_RIV":20778742,"LENGTH_KM":0.61,"CATCH_SKM":0.92,"DIS_AV_CMS":0.048,"ORD_STRA":3,"ORD_FLOW":8},"geometry":{"type":"LineString","coordinates":[[43.164583333332274,30.731249999999697],[43.16041666666564,30.73541666666636]]}},{"type":"Feature","properties":{"HYRIV_ID":20778743,"NEXT_DOWN":20778742,"MAIN_RIV":20778742,"LENGTH_KM":5.87,"CATCH_SKM":28.219999,"DIS_AV_CMS":0.037,"ORD_STRA":2,"ORD_FLOW":8},"geometry":{"type":"LineString","coordinates":[[43.21041666666562,30.752083333333026],[43.2020833333323,30.743749999999714],[43.193749999998886,30.743749999999714],[43.18958333333222,30.73958333333305],[43.18541666666559,30.743749999999714],[43.17708333333226,30.743749999999714],[43.164583333332274,30.731249999999697]]}},{"type":"Feature","properties":{"HYRIV_ID":20778744,"NEXT_DOWN":20778743,"MAIN_RIV":20778742,"LENGTH_KM":3.36,"CATCH_SKM":18.639999,"DIS_AV_CMS":0.016,"ORD_STRA":1,"ORD_FLOW":8},"geometry":{"type":"LineString","coordinates":[[43.22083333333225,30.731249999999697],[43.21458333333226,30.731249999999697],[43.21041666666562,30.73541666666636],[43.21458333333226,30.73958333333305],[43.21458333333226,30.747916666666377],[43.21041666666562,30.752083333333026]]}},{"type":"Feature","properties":{"HYRIV_ID":20778745,"NEXT_DOWN":20778041,"MAIN_RIV":20777463,"LENGTH_KM":7.9899998,"CATCH_SKM":34.32,"DIS_AV_CMS":0.034,"ORD_STRA":1,"ORD_FLOW":8},"geometry":{"type":"LineString","coordinates":[[43.602083333332274,30.729166666666366],[43.602083333332274,30.743749999999714],[43.61041666666557,30.752083333333026],[43.61041666666557,30.760416666666394],[43.614583333332234,30.764583333333043],[43.62708333333231,30.764583333333043],[43.635416666665606,30.77291666666637],[43.647916666665594,30.77291666666637]]}},{"type":"Feature","properties":{"HYRIV_ID":20778817,"NEXT_DOWN":20778616,"MAIN_RIV":20766470,"LENGTH_KM":4.02,"CATCH_SKM":37.830002,"DIS_AV_CMS":0.006,"ORD_STRA":1,"ORD_FLOW":9},"geometry":{"type":"LineString","coordinates":[[42.67083333333224,30.727083333333034],[42.68124999999898,30.727083333333034],[42.68958333333231,30.73541666666636],[42.69374999999894,30.73541666666636],[42.697916666665606,30.73958333333305],[42.70624999999893,30.73958333333305]]}},{"type":"Feature","properties":{"HYRIV_ID":20778818,"NEXT_DOWN":20777542,"MAIN_RIV":20791150,"LENGTH_KM":19.84,"CATCH_SKM":72.690002,"DIS_AV_CMS":0.034,"ORD_STRA":1,"ORD_FLOW":8},"geometry":{"type":"LineString","coordinates":[[43.81666666666558,30.727083333333034],[43.82708333333224,30.727083333333034],[43.835416666665566,30.73541666666636],[43.83958333333223,30.73541666666636],[43.84374999999886,30.73958333333305],[43.84791666666561,30.73958333333305],[43.85624999999894,30.731249999999697],[43.87708333333222,30.731249999999697],[43.88124999999897,30.73541666666636],[43.88124999999897,30.73958333333305],[43.885416666665634,30.743749999999714],[43.8895833333323,30.743749999999714],[43.89374999999893,30.73958333333305],[43.90208333333226,30.747916666666377],[43.90208333333226,30.752083333333026],[43.90624999999892,30.75624999999969],[43.92291666666554,30.75624999999969],[43.93541666666562,30.768749999999706],[43.93541666666562,30.77708333333306],[43.960416666665566,30.802083333333066]]}},{"type":"Feature","properties":{"HYRIV_ID":20778885,"NEXT_DOWN":20778966,"MAIN_RIV":20779483,"LENGTH_KM":6.25,"CATCH_SKM":26.57,"DIS_AV_CMS":0.007,"ORD_STRA":1,"ORD_FLOW":9},"geometry":{"type":"LineString","coordinates":[[42.48749999999893,30.727083333333034],[42.4770833333323,30.727083333333034],[42.47291666666564,30.722916666666386],[42.46874999999898,30.727083333333034],[42.464583333332314,30.727083333333034],[42.460416666665566,30.731249999999697],[42.45624999999893,30.731249999999697],[42.447916666665606,30.73958333333305],[42.44374999999894,30.73958333333305],[42.43958333333228,30.743749999999714],[42.43541666666562,30.743749999999714]]}},{"type":"Feature","properties":{"HYRIV_ID":20778886,"NEXT_DOWN":20778742,"MAIN_RIV":20778742,"LENGTH_KM":1.22,"CATCH_SKM":1.66,"DIS_AV_CMS":0.021,"ORD_STRA":2,"ORD_FLOW":8},"geometry":{"type":"LineString","coordinates":[[43.164583333332274,30.722916666666386],[43.16874999999894,30.727083333333034],[43.164583333332274,30.731249999999697]]}},{"type":"Feature","properties":{"HYRIV_ID":20778963,"NEXT_DOWN":20779193,"MAIN_RIV":20773217,"LENGTH_KM":6.9699998,"CATCH_SKM":30.450001,"DIS_AV_CMS":0.004,"ORD_STRA":1,"ORD_FLOW":9},"geometry":{"type":"LineString","coordinates":[[42.024999999998926,30.73958333333305],[42.03541666666567,30.73958333333305],[42.0395833333323,30.743749999999714],[42.06041666666562,30.743749999999714],[42.068749999998914,30.73541666666636],[42.068749999998914,30.727083333333034],[42.077083333332325,30.718749999999723]]}},{"type":"Feature","properties":{"HYRIV_ID":20778964,"NEXT_DOWN":20779193,"MAIN_RIV":20773217,"LENGTH_KM":5.0,"CATCH_SKM":18.629999,"DIS_AV_CMS":0.003,"ORD_STRA":1,"ORD_FLOW":9},"geometry":{"type":"LineString","coordinates":[[42.070833333332246,30.754166666666357],[42.077083333332325,30.747916666666377],[42.08124999999899,30.747916666666377],[42.08541666666565,30.743749999999714],[42.08541666666565,30.73958333333305],[42.077083333332325,30.731249999999697],[42.077083333332325,30.718749999999723]]}},{"type":"Feature","properties":{"HYRIV_ID":20778965,"NEXT_DOWN":20779483,"MAIN_RIV":20779483,"LENGTH_KM":1.62,"CATCH_SKM":3.51,"DIS_AV_CMS":0.025,"ORD_STRA":2,"ORD_FLOW":8},"geometry":{"type":"LineString","coordinates":[[42.414583333332246,30.718749999999723],[42.41041666666558,30.722916666666386],[42.40624999999892,30.722916666666386],[42.402083333332286,30.718749999999723]]}},{"type":"Feature","properties":{"HYRIV_ID":20778966,"NEXT_DOWN":20778965,"MAIN_RIV":20779483,"LENGTH_KM":3.77,"CATCH_SKM":6.27,"DIS_AV_CMS":0.019,"ORD_STRA":2,"ORD_FLOW":8},"geometry":{"type":"LineString","coordinates":[[42.43541666666562,30.743749999999714],[42.43541666666562,30.73958333333305],[42.431249999998954,30.73541666666636],[42.42708333333232,30.73541666666636],[42.42291666666566,30.731249999999697],[42.42291666666566,30.727083333333034],[42.414583333332246,30.718749999999723]]}},{"type":"Feature","properties":{"HYRIV_ID":20778967,"NEXT_DOWN":20778038,"MAIN_RIV":20766470,"LENGTH_KM":14.65,"CATCH_SKM":50.0,"DIS_AV_CMS":0.008,"ORD_STRA":1,"ORD_FLOW":9},"geometry":{"type":"LineString","coordinates":[[42.537499999998914,30.718749999999723],[42.543749999998994,30.718749999999723],[42.55208333333232,30.727083333333034],[42.55208333333232,30.73541666666636],[42.55624999999898,30.73541666666636],[42.57708333333227,30.75624999999969],[42.57708333333227,30.768749999999706],[42.58124999999893,30.77291666666637],[42.57708333333227,30.77708333333306],[42.58124999999893,30.78124999999968],[42.6020833333323,30.78124999999968],[42.606249999998965,30.785416666666386],[42.61041666666563,30.785416666666386],[42.62291666666559,30.77291666666637],[42.62708333333225,30.77291666666637]]}},{"type":"Feature","properties":{"HYRIV_ID":20778968,"NEXT_DOWN":20778437,"MAIN_RIV":20777967,"LENGTH_KM":4.6,"CATCH_SKM":20.120001,"DIS_AV_CMS":0.017,"ORD_STRA":1,"ORD_FLOW":8},"geometry":{"type":"LineString","coordinates":[[43.462499999998954,30.71666666666639],[43.46874999999895,30.722916666666386],[43.464583333332286,30.727083333333034],[43.464583333332286,30.73541666666636],[43.46874999999895,30.73958333333305],[43.464583333332286,30.743749999999714],[43.464583333332286,30.752083333333026]]}},{"type":"Feature","properties":{"HYRIV_ID":20779049,"NEXT_DOWN":20779483,"MAIN_RIV":20779483,"LENGTH_KM":8.8800001,"CATCH_SKM":49.09,"DIS_AV_CMS":0.015,"ORD_STRA":1,"ORD_FLOW":8},"geometry":{"type":"LineString","coordinates":[[42.32916666666557,30.71458333333306],[42.33541666666565,30.71458333333306],[42.339583333332314,30.718749999999723],[42.34791666666564,30.718749999999723],[42.3520833333323,30.722916666666386],[42.35624999999894,30.722916666666386],[42.368749999998926,30.73541666666636],[42.37291666666559,30.731249999999697],[42.37708333333225,30.731249999999697],[42.381249999998886,30.727083333333034],[42.3895833333323,30.727083333333034],[42.39374999999896,30.722916666666386],[42.39791666666562,30.722916666666386],[42.402083333332286,30.718749999999723]]}},{"type":"Feature","properties":{"HYRIV_ID":20779050,"NEXT_DOWN":20778040,"MAIN_RIV":20777967,"LENGTH_KM":7.2199998,"CATCH_SKM":17.9,"DIS_AV_CMS":0.113,"ORD_STRA":2,"ORD_FLOW":7},"geometry":{"type":"LineString","coordinates":[[43.52708333333223,30.71458333333306],[43.52708333333223,30.718749999999723],[43.53124999999889,30.722916666666386],[43.53124999999889,30.731249999999697],[43.5395833333323,30.73958333333305],[43.5395833333323,30.75624999999969],[43.53541666666564,30.760416666666394],[43.53541666666564,30.768749999999706],[43.53124999999889,30.77291666666637]]}},{"type":"Feature","properties":{"HYRIV_ID":20779051,"NEXT_DOWN":20778289,"MAIN_RIV":20777463,"LENGTH_KM":5.83,"CATCH_SKM":17.16,"DIS_AV_CMS":0.05,"ORD_STRA":2,"ORD_FLOW":8},"geometry":{"type":"LineString","coordinates":[[43.73124999999894,30.71458333333306],[43.73541666666557,30.718749999999723],[43.73541666666557,30.731249999999697],[43.739583333332234,30.73541666666636],[43.727083333332274,30.747916666666377],[43.727083333332274,30.760416666666394]]}},{"type":"Feature","properties":{"HYRIV_ID":20779127,"NEXT_DOWN":20777679,"MAIN_RIV":20773808,"LENGTH_KM":13.24,"CATCH_SKM":49.27,"DIS_AV_CMS":0.032,"ORD_STRA":1,"ORD_FLOW":8},"geometry":{"type":"LineString","coordinates":[[42.27291666666562,30.708333333333037],[42.27291666666562,30.718749999999723],[42.26874999999896,30.722916666666386],[42.26874999999896,30.727083333333034],[42.27708333333226,30.73541666666636],[42.27708333333226,30.743749999999714],[42.28124999999892,30.747916666666377],[42.28541666666558,30.747916666666377],[42.293749999998994,30.75624999999969],[42.293749999998994,30.760416666666394],[42.29791666666566,30.764583333333043],[42.30208333333229,30.764583333333043],[42.306249999998954,30.760416666666394],[42.31041666666562,30.764583333333043],[42.31041666666562,30.78124999999968],[42.31458333333228,30.785416666666386],[42.31458333333228,30.789583333333034],[42.31874999999894,30.793749999999697],[42.322916666665606,30.793749999999697]]}},{"type":"Feature","properties":{"HYRIV_ID":20779128,"NEXT_DOWN":20778965,"MAIN_RIV":20779483,"LENGTH_KM":1.93,"CATCH_SKM":12.37,"DIS_AV_CMS":0.005,"ORD_STRA":1,"ORD_FLOW":9},"geometry":{"type":"LineString","coordinates":[[42.42916666666565,30.708333333333037],[42.418749999998994,30.718749999999723],[42.414583333332246,30.718749999999723]]}},{"type":"Feature","properties":{"HYRIV_ID":20779129,"NEXT_DOWN":20779130,"MAIN_RIV":20766470,"LENGTH_KM":2.79,"CATCH_SKM":21.040001,"DIS_AV_CMS":0.003,"ORD_STRA":1,"ORD_FLOW":9},"geometry":{"type":"LineString","coordinates":[[42.77083333333229,30.71249999999973],[42.777083333332286,30.718749999999723],[42.78541666666561,30.718749999999723],[42.789583333332274,30.71458333333306],[42.789583333332274,30.71041666666637]]}},{"type":"Feature","properties":{"HYRIV_ID":20779130,"NEXT_DOWN":20778110,"MAIN_RIV":20766470,"LENGTH_KM":8.0200005,"CATCH_SKM":27.129999,"DIS_AV_CMS":0.025,"ORD_STRA":2,"ORD_FLOW":8},"geometry":{"type":"LineString","coordinates":[[42.789583333332274,30.71041666666637],[42.79374999999894,30.71458333333306],[42.79374999999894,30.718749999999723],[42.79791666666557,30.718749999999723],[42.802083333332234,30.722916666666386],[42.80624999999898,30.722916666666386],[42.81458333333231,30.731249999999697],[42.81458333333231,30.764583333333043],[42.81874999999897,30.768749999999706]]}},{"type":"Feature","properties":{"HYRIV_ID":20779131,"NEXT_DOWN":0,"MAIN_RIV":20779131,"LENGTH_KM":3.53,"CATCH_SKM":22.52,"DIS_AV_CMS":0.019,"ORD_STRA":1,"ORD_FLOW":8},"geometry":{"type":"LineString","coordinates":[[42.97083333333225,30.708333333333037],[42.977083333332246,30.71458333333306],[42.97291666666558,30.718749999999723],[42.97291666666558,30.722916666666386],[42.977083333332246,30.727083333333034],[42.977083333332246,30.73541666666636]]}},{"type":"Feature","properties":{"HYRIV_ID":20779132,"NEXT_DOWN":20779050,"MAIN_RIV":20777967,"LENGTH_KM":0.61,"CATCH_SKM":0.55,"DIS_AV_CMS":0.085,"ORD_STRA":2,"ORD_FLOW":8},"geometry":{"type":"LineString","coordinates":[[43.522916666665594,30.71041666666637],[43.52708333333223,30.71458333333306]]}},{"type":"Feature","properties":{"HYRIV_ID":20779133,"NEXT_DOWN":20777967,"MAIN_RIV":20777967,"LENGTH_KM":10.61,"CATCH_SKM":43.360001,"DIS_AV_CMS":0.046,"ORD_STRA":1,"ORD_FLOW":8},"geometry":{"type":"LineString","coordinates":[[43.57291666666558,30.708333333333037],[43.57291666666558,30.71458333333306],[43.568749999998914,30.718749999999723],[43.568749999998914,30.722916666666386],[43.57708333333224,30.731249999999697],[43.57708333333224,30.73541666666636],[43.581249999998875,30.73958333333305],[43.581249999998875,30.743749999999714],[43.57291666666558,30.752083333333026],[43.56458333333225,30.752083333333026],[43.55208333333229,30.764583333333043],[43.54791666666563,30.764583333333043],[43.53541666666564,30.77708333333306]]}},{"type":"Feature","properties":{"HYRIV_ID":20779134,"NEXT_DOWN":20779051,"MAIN_RIV":20777463,"LENGTH_KM":6.79,"CATCH_SKM":30.82,"DIS_AV_CMS":0.013,"ORD_STRA":1,"ORD_FLOW":8},"geometry":{"type":"LineString","coordinates":[[43.662499999998886,30.71041666666637],[43.67291666666563,30.71041666666637],[43.67708333333229,30.71458333333306],[43.73124999999894,30.71458333333306]]}},{"type":"Feature","properties":{"HYRIV_ID":20779193,"NEXT_DOWN":20779688,"MAIN_RIV":20773217,"LENGTH_KM":2.08,"CATCH_SKM":9.04,"DIS_AV_CMS":0.008,"ORD_STRA":2,"ORD_FLOW":9},"geometry":{"type":"LineString","coordinates":[[42.077083333332325,30.718749999999723],[42.077083333332325,30.71458333333306],[42.08541666666565,30.70624999999975],[42.089583333332314,30.70624999999975]]}},{"type":"Feature","properties":{"HYRIV_ID":20779194,"NEXT_DOWN":20778741,"MAIN_RIV":20766470,"LENGTH_KM":3.3800001,"CATCH_SKM":24.73,"DIS_AV_CMS":0.015,"ORD_STRA":1,"ORD_FLOW":8},"geometry":{"type":"LineString","coordinates":[[42.88749999999891,30.704166666666374],[42.89374999999899,30.71041666666637],[42.89374999999899,30.727083333333034],[42.88958333333224,30.731249999999697]]}},{"type":"Feature","properties":{"HYRIV_ID":20779195,"NEXT_DOWN":20779196,"MAIN_RIV":20779196,"LENGTH_KM":0.6,"CATCH_SKM":14.58,"DIS_AV_CMS":0.014,"ORD_STRA":1,"ORD_FLOW":8},"geometry":{"type":"LineString","coordinates":[[43.3999999999989,30.70624999999975],[43.40624999999898,30.70624999999975]]}},{"type":"Feature","properties":{"HYRIV_ID":20779196,"NEXT_DOWN":0,"MAIN_RIV":20779196,"LENGTH_KM":2.02,"CATCH_SKM":7.75,"DIS_AV_CMS":0.034,"ORD_STRA":2,"ORD_FLOW":8},"geometry":{"type":"LineString","coordinates":[[43.40624999999898,30.70624999999975],[43.41041666666564,30.71041666666637],[43.4145833333323,30.70624999999975],[43.4229166666656,30.70624999999975]]}},{"type":"Feature","properties":{"HYRIV_ID":20779265,"NEXT_DOWN":20778495,"MAIN_RIV":20791150,"LENGTH_KM":10.17,"CATCH_SKM":22.879999,"DIS_AV_CMS":0.032,"ORD_STRA":4,"ORD_FLOW":8},"geometry":{"type":"LineString","coordinates":[[43.91041666666558,30.702083333333043],[43.914583333332246,30.70624999999975],[43.91874999999888,30.702083333333043],[43.92708333333229,30.702083333333043],[43.931249999998954,30.70624999999975],[43.93541666666562,30.70624999999975],[43.93958333333228,30.71041666666637],[43.93958333333228,30.71458333333306],[43.943749999998914,30.718749999999723],[43.94791666666558,30.718749999999723],[43.95208333333224,30.722916666666386],[43.95208333333224,30.727083333333034],[43.9562499999989,30.731249999999697],[43.960416666665566,30.727083333333034],[43.96874999999889,30.73541666666636],[43.96874999999889,30.73958333333305],[43.972916666665526,30.743749999999714],[43.972916666665526,30.747916666666377]]}},{"type":"Feature","properties":{"HYRIV_ID":20779340,"NEXT_DOWN":20779341,"MAIN_RIV":20773217,"LENGTH_KM":1.31,"CATCH_SKM":11.81,"DIS_AV_CMS":0.002,"ORD_STRA":1,"ORD_FLOW":9},"geometry":{"type":"LineString","coordinates":[[42.12916666666564,30.704166666666374],[42.135416666665634,30.697916666666394],[42.1395833333323,30.697916666666394]]}},{"type":"Feature","properties":{"HYRIV_ID":20779341,"NEXT_DOWN":20778201,"MAIN_RIV":20773217,"LENGTH_KM":8.9899998,"CATCH_SKM":41.150002,"DIS_AV_CMS":0.115,"ORD_STRA":3,"ORD_FLOW":7},"geometry":{"type":"LineString","coordinates":[[42.1395833333323,30.697916666666394],[42.15208333333226,30.71041666666637],[42.15624999999892,30.71041666666637],[42.16458333333233,30.718749999999723],[42.16458333333233,30.743749999999714],[42.17291666666563,30.752083333333026],[42.17291666666563,30.75624999999969],[42.17708333333229,30.760416666666394],[42.17708333333229,30.764583333333043]]}},{"type":"Feature","properties":{"HYRIV_ID":20779342,"NEXT_DOWN":20779130,"MAIN_RIV":20766470,"LENGTH_KM":1.6900001,"CATCH_SKM":5.1700001,"DIS_AV_CMS":0.02,"ORD_STRA":2,"ORD_FLOW":8},"geometry":{"type":"LineString","coordinates":[[42.79791666666557,30.697916666666394],[42.79791666666557,30.702083333333043],[42.789583333332274,30.71041666666637]]}},{"type":"Feature","properties":{"HYRIV_ID":20779343,"NEXT_DOWN":20778741,"MAIN_RIV":20766470,"LENGTH_KM":5.08,"CATCH_SKM":28.43,"DIS_AV_CMS":0.007,"ORD_STRA":1,"ORD_FLOW":9},"geometry":{"type":"LineString","coordinates":[[42.86458333333229,30.695833333333063],[42.86458333333229,30.70624999999975],[42.868749999998954,30.71041666666637],[42.87291666666562,30.71041666666637],[42.881249999998914,30.718749999999723],[42.881249999998914,30.722916666666386],[42.88958333333224,30.731249999999697]]}},{"type":"Feature","properties":{"HYRIV_ID":20779344,"NEXT_DOWN":20779265,"MAIN_RIV":20791150,"LENGTH_KM":1.41,"CATCH_SKM":4.25,"DIS_AV_CMS":0.063,"ORD_STRA":4,"ORD_FLOW":8},"geometry":{"type":"LineString","coordinates":[[43.897916666665594,30.697916666666394],[43.90208333333226,30.702083333333043],[43.91041666666558,30.702083333333043]]}},{"type":"Feature","properties":{"HYRIV_ID":20779403,"NEXT_DOWN":20779342,"MAIN_RIV":20766470,"LENGTH_KM":0.92,"CATCH_SKM":12.19,"DIS_AV_CMS":0.002,"ORD_STRA":1,"ORD_FLOW":9},"geometry":{"type":"LineString","coordinates":[[42.791666666665606,30.691666666666357],[42.79791666666557,30.697916666666394]]}},{"type":"Feature","properties":{"HYRIV_ID":20779404,"NEXT_DOWN":20779692,"MAIN_RIV":20780830,"LENGTH_KM":2.22,"CATCH_SKM":15.32,"DIS_AV_CMS":0.008,"ORD_STRA":1,"ORD_FLOW":9},"geometry":{"type":"LineString","coordinates":[[43.02083333333232,30.702083333333043],[43.03124999999895,30.702083333333043],[43.039583333332274,30.69374999999973]]}},{"type":"Feature","properties":{"HYRIV_ID":20779405,"NEXT_DOWN":20779692,"MAIN_RIV":20780830,"LENGTH_KM":3.23,"CATCH_SKM":23.07,"DIS_AV_CMS":0.012,"ORD_STRA":1,"ORD_FLOW":8},"geometry":{"type":"LineString","coordinates":[[43.04583333333227,30.720833333333054],[43.039583333332274,30.71458333333306],[43.039583333332274,30.69374999999973]]}},{"type":"Feature","properties":{"HYRIV_ID":20779482,"NEXT_DOWN":20779341,"MAIN_RIV":20773217,"LENGTH_KM":0.93,"CATCH_SKM":1.48,"DIS_AV_CMS":0.104,"ORD_STRA":3,"ORD_FLOW":7},"geometry":{"type":"LineString","coordinates":[[42.1395833333323,30.689583333333026],[42.1395833333323,30.697916666666394]]}},{"type":"Feature","properties":{"HYRIV_ID":20779483,"NEXT_DOWN":0,"MAIN_RIV":20779483,"LENGTH_KM":5.7199998,"CATCH_SKM":31.559999,"DIS_AV_CMS":0.051,"ORD_STRA":2,"ORD_FLOW":8},"geometry":{"type":"LineString","coordinates":[[42.402083333332286,30.718749999999723],[42.39791666666562,30.71458333333306],[42.39791666666562,30.71041666666637],[42.40624999999892,30.702083333333043],[42.418749999998994,30.702083333333043],[42.42291666666566,30.697916666666394],[42.42708333333232,30.697916666666394],[42.431249999998954,30.69374999999973],[42.42708333333232,30.689583333333026]]}},{"type":"Feature","properties":{"HYRIV_ID":20779484,"NEXT_DOWN":20778886,"MAIN_RIV":20778742,"LENGTH_KM":8.0100002,"CATCH_SKM":37.84,"DIS_AV_CMS":0.025,"ORD_STRA":1,"ORD_FLOW":8},"geometry":{"type":"LineString","coordinates":[[43.224999999998914,30.687499999999694],[43.21041666666562,30.702083333333043],[43.20624999999896,30.702083333333043],[43.2020833333323,30.697916666666394],[43.18958333333222,30.71041666666637],[43.181249999998926,30.71041666666637],[43.17708333333226,30.71458333333306],[43.1729166666656,30.71458333333306],[43.164583333332274,30.722916666666386]]}},{"type":"Feature","properties":{"HYRIV_ID":20779485,"NEXT_DOWN":20779693,"MAIN_RIV":20779693,"LENGTH_KM":3.55,"CATCH_SKM":19.379999,"DIS_AV_CMS":0.016,"ORD_STRA":1,"ORD_FLOW":8},"geometry":{"type":"LineString","coordinates":[[43.31249999999892,30.708333333333037],[43.32291666666555,30.697916666666394],[43.3270833333323,30.697916666666394],[43.33124999999896,30.69374999999973],[43.33541666666562,30.69374999999973],[43.339583333332286,30.689583333333026]]}},{"type":"Feature","properties":{"HYRIV_ID":20779486,"NEXT_DOWN":20779693,"MAIN_RIV":20779693,"LENGTH_KM":1.77,"CATCH_SKM":15.32,"DIS_AV_CMS":0.014,"ORD_STRA":1,"ORD_FLOW":8},"geometry":{"type":"LineString","coordinates":[[43.34374999999895,30.704166666666374],[43.34374999999895,30.69374999999973],[43.339583333332286,30.689583333333026]]}},{"type":"Feature","properties":{"HYRIV_ID":20779487,"NEXT_DOWN":20779050,"MAIN_RIV":20777967,"LENGTH_KM":3.9300001,"CATCH_SKM":24.370001,"DIS_AV_CMS":0.028,"ORD_STRA":1,"ORD_FLOW":8},"geometry":{"type":"LineString","coordinates":[[43.5458333333323,30.687499999999694],[43.5395833333323,30.69374999999973],[43.5395833333323,30.697916666666394],[43.53541666666564,30.702083333333043],[43.53541666666564,30.70624999999975],[43.53124999999889,30.71041666666637],[43.52708333333223,30.71041666666637],[43.52708333333223,30.71458333333306]]}},{"type":"Feature","properties":{"HYRIV_ID":20779548,"NEXT_DOWN":20778038,"MAIN_RIV":20766470,"LENGTH_KM":13.22,"CATCH_SKM":55.18,"DIS_AV_CMS":0.118,"ORD_STRA":3,"ORD_FLOW":7},"geometry":{"type":"LineString","coordinates":[[42.56874999999894,30.685416666666363],[42.56874999999894,30.69374999999973],[42.57708333333227,30.702083333333043],[42.58124999999893,30.697916666666394],[42.59374999999889,30.71041666666637],[42.59374999999889,30.731249999999697],[42.6020833333323,30.73958333333305],[42.606249999998965,30.73958333333305],[42.61041666666563,30.743749999999714],[42.61458333333226,30.743749999999714],[42.618749999998926,30.747916666666377],[42.618749999998926,30.752083333333026],[42.62291666666559,30.75624999999969],[42.62291666666559,30.764583333333043],[42.62708333333225,30.768749999999706],[42.62708333333225,30.77291666666637]]}},{"type":"Feature","properties":{"HYRIV_ID":20779549,"NEXT_DOWN":0,"MAIN_RIV":20779549,"LENGTH_KM":3.54,"CATCH_SKM":23.26,"DIS_AV_CMS":0.02,"ORD_STRA":1,"ORD_FLOW":8},"geometry":{"type":"LineString","coordinates":[[43.435416666665674,30.683333333333046],[43.435416666665674,30.689583333333026],[43.43958333333225,30.69374999999973],[43.431249999998926,30.702083333333043],[43.42708333333226,30.702083333333043],[43.4229166666656,30.70624999999975]]}},{"type":"Feature","properties":{"HYRIV_ID":20779631,"NEXT_DOWN":20779051,"MAIN_RIV":20777463,"LENGTH_KM":5.31,"CATCH_SKM":16.8,"DIS_AV_CMS":0.035,"ORD_STRA":2,"ORD_FLOW":8},"geometry":{"type":"LineString","coordinates":[[43.7062499999989,30.685416666666363],[43.71041666666554,30.681249999999714],[43.714583333332286,30.685416666666363],[43.71874999999895,30.685416666666363],[43.72291666666561,30.689583333333026],[43.72291666666561,30.69374999999973],[43.727083333332274,30.697916666666394],[43.727083333332274,30.70624999999975],[43.73124999999894,30.71041666666637],[43.73124999999894,30.71458333333306]]}},{"type":"Feature","properties":{"HYRIV_ID":20779632,"NEXT_DOWN":20779344,"MAIN_RIV":20791150,"LENGTH_KM":10.8,"CATCH_SKM":39.5,"DIS_AV_CMS":0.008,"ORD_STRA":1,"ORD_FLOW":9},"geometry":{"type":"LineString","coordinates":[[43.808333333332286,30.691666666666357],[43.818749999998914,30.681249999999714],[43.82291666666558,30.685416666666363],[43.8312499999989,30.685416666666363],[43.84791666666561,30.702083333333043],[43.852083333332274,30.702083333333043],[43.85624999999894,30.697916666666394],[43.86458333333226,30.697916666666394],[43.8687499999989,30.702083333333043],[43.87291666666556,30.697916666666394],[43.897916666665594,30.697916666666394]]}},{"type":"Feature","properties":{"HYRIV_ID":20779633,"NEXT_DOWN":20779265,"MAIN_RIV":20791150,"LENGTH_KM":3.06,"CATCH_SKM":16.059999,"DIS_AV_CMS":0.003,"ORD_STRA":1,"ORD_FLOW":9},"geometry":{"type":"LineString","coordinates":[[43.90416666666559,30.679166666666383],[43.914583333332246,30.689583333333026],[43.914583333332246,30.697916666666394],[43.91041666666558,30.702083333333043]]}},{"type":"Feature","properties":{"HYRIV_ID":20779687,"NEXT_DOWN":20779688,"MAIN_RIV":20773217,"LENGTH_KM":10.0,"CATCH_SKM":34.150002,"DIS_AV_CMS":0.005,"ORD_STRA":1,"ORD_FLOW":9},"geometry":{"type":"LineString","coordinates":[[42.0083333333323,30.691666666666357],[42.022916666665594,30.67708333333305],[42.03124999999892,30.67708333333305],[42.043749999998965,30.689583333333026],[42.04791666666563,30.689583333333026],[42.056249999998954,30.697916666666394],[42.08124999999899,30.697916666666394],[42.089583333332314,30.70624999999975]]}},{"type":"Feature","properties":{"HYRIV_ID":20779688,"NEXT_DOWN":20779689,"MAIN_RIV":20773217,"LENGTH_KM":5.0300002,"CATCH_SKM":8.4899998,"DIS_AV_CMS":0.014,"ORD_STRA":2,"ORD_FLOW":8},"geometry":{"type":"LineString","coordinates":[[42.089583333332314,30.70624999999975],[42.09374999999895,30.70624999999975],[42.09791666666561,30.702083333333043],[42.10624999999894,30.702083333333043],[42.1187499999989,30.689583333333026],[42.1187499999989,30.67708333333305]]}},{"type":"Feature","properties":{"HYRIV_ID":20779689,"NEXT_DOWN":20779690,"MAIN_RIV":20773217,"LENGTH_KM":0.4,"CATCH_SKM":0.37,"DIS_AV_CMS":0.049,"ORD_STRA":3,"ORD_FLOW":8},"geometry":{"type":"LineString","coordinates":[[42.1187499999989,30.67708333333305],[42.12291666666556,30.67708333333305]]}},{"type":"Feature","properties":{"HYRIV_ID":20779690,"NEXT_DOWN":20779482,"MAIN_RIV":20773217,"LENGTH_KM":2.23,"CATCH_SKM":4.25,"DIS_AV_CMS":0.077,"ORD_STRA":3,"ORD_FLOW":8},"geometry":{"type":"LineString","coordinates":[[42.12291666666556,30.67708333333305],[42.12708333333231,30.67708333333305],[42.1395833333323,30.689583333333026]]}},{"type":"Feature","properties":{"HYRIV_ID":20779691,"NEXT_DOWN":0,"MAIN_RIV":20779691,"LENGTH_KM":1.54,"CATCH_SKM":2.4,"DIS_AV_CMS":0.0,"ORD_STRA":4,"ORD_FLOW":10},"geometry":{"type":"LineString","coordinates":[[42.42291666666566,30.67708333333305],[42.42708333333232,30.681249999999714],[42.42708333333232,30.689583333333026]]}},{"type":"Feature","properties":{"HYRIV_ID":20779692,"NEXT_DOWN":20780525,"MAIN_RIV":20780830,"LENGTH_KM":2.1500001,"CATCH_SKM":2.77,"DIS_AV_CMS":0.017,"ORD_STRA":2,"ORD_FLOW":8},"geometry":{"type":"LineString","coordinates":[[43.039583333332274,30.69374999999973],[43.039583333332274,30.689583333333026],[43.0479166666656,30.681249999999714],[43.0479166666656,30.67708333333305]]}},{"type":"Feature","properties":{"HYRIV_ID":20779693,"NEXT_DOWN":0,"MAIN_RIV":20779693,"LENGTH_KM":2.48,"CATCH_SKM":9.9700003,"DIS_AV_CMS":0.032,"ORD_STRA":2,"ORD_FLOW":8},"geometry":{"type":"LineString","coordinates":[[43.339583333332286,30.689583333333026],[43.34374999999895,30.685416666666363],[43.339583333332286,30.681249999999714],[43.339583333332286,30.67708333333305],[43.33124999999896,30.67708333333305]]}},{"type":"Feature","properties":{"HYRIV_ID":20779838,"NEXT_DOWN":20778616,"MAIN_RIV":20766470,"LENGTH_KM":8.9099998,"CATCH_SKM":49.279999,"DIS_AV_CMS":0.021,"ORD_STRA":2,"ORD_FLOW":8},"geometry":{"type":"LineString","coordinates":[[42.685416666665645,30.668749999999697],[42.685416666665645,30.67291666666639],[42.68958333333231,30.67708333333305],[42.68958333333231,30.681249999999714],[42.70208333333227,30.69374999999973],[42.70208333333227,30.71041666666637],[42.70624999999893,30.71458333333306],[42.70624999999893,30.722916666666386],[42.710416666665594,30.727083333333034],[42.710416666665594,30.731249999999697],[42.70624999999893,30.73541666666636],[42.70624999999893,30.73958333333305]]}},{"type":"Feature","properties":{"HYRIV_ID":20779912,"NEXT_DOWN":20779691,"MAIN_RIV":20779691,"LENGTH_KM":9.08,"CATCH_SKM":38.77,"DIS_AV_CMS":0.024,"ORD_STRA":1,"ORD_FLOW":8},"geometry":{"type":"LineString","coordinates":[[42.36249999999893,30.685416666666363],[42.368749999998926,30.685416666666363],[42.37291666666559,30.681249999999714],[42.37708333333225,30.681249999999714],[42.381249999998886,30.67708333333305],[42.385416666665634,30.67708333333305],[42.39374999999896,30.685416666666363],[42.402083333332286,30.67708333333305],[42.402083333332286,30.67291666666639],[42.40624999999892,30.668749999999697],[42.41041666666558,30.668749999999697],[42.414583333332246,30.664583333333034],[42.418749999998994,30.664583333333034],[42.42291666666566,30.668749999999697],[42.42291666666566,30.67708333333305]]}},{"type":"Feature","properties":{"HYRIV_ID":20779913,"NEXT_DOWN":20779691,"MAIN_RIV":20779691,"LENGTH_KM":3.4300001,"CATCH_SKM":6.46,"DIS_AV_CMS":0.0,"ORD_STRA":4,"ORD_FLOW":10},"geometry":{"type":"LineString","coordinates":[[42.45208333333227,30.664583333333034],[42.447916666665606,30.668749999999697],[42.431249999998954,30.668749999999697],[42.42291666666566,30.67708333333305]]}},{"type":"Feature","properties":{"HYRIV_ID":20779914,"NEXT_DOWN":20779913,"MAIN_RIV":20779691,"LENGTH_KM":3.3900001,"CATCH_SKM":25.3,"DIS_AV_CMS":0.012,"ORD_STRA":1,"ORD_FLOW":8},"geometry":{"type":"LineString","coordinates":[[42.48749999999893,30.664583333333034],[42.45208333333227,30.664583333333034]]}},{"type":"Feature","properties":{"HYRIV_ID":20779986,"NEXT_DOWN":20779342,"MAIN_RIV":20766470,"LENGTH_KM":4.6100001,"CATCH_SKM":9.9700003,"DIS_AV_CMS":0.018,"ORD_STRA":2,"ORD_FLOW":8},"geometry":{"type":"LineString","coordinates":[[42.802083333332234,30.66041666666637],[42.802083333332234,30.668749999999697],[42.80624999999898,30.67291666666639],[42.802083333332234,30.67708333333305],[42.802083333332234,30.69374999999973],[42.79791666666557,30.697916666666394]]}},{"type":"Feature","properties":{"HYRIV_ID":20779987,"NEXT_DOWN":20779132,"MAIN_RIV":20777967,"LENGTH_KM":10.09,"CATCH_SKM":30.83,"DIS_AV_CMS":0.026,"ORD_STRA":1,"ORD_FLOW":8},"geometry":{"type":"LineString","coordinates":[[43.45624999999896,30.658333333333054],[43.45624999999896,30.664583333333034],[43.46041666666562,30.668749999999697],[43.464583333332286,30.668749999999697],[43.48124999999891,30.685416666666363],[43.48541666666557,30.685416666666363],[43.4937499999989,30.69374999999973],[43.497916666665645,30.689583333333026],[43.50624999999894,30.697916666666394],[43.50624999999894,30.702083333333043],[43.510416666665606,30.70624999999975],[43.51458333333227,30.70624999999975],[43.51874999999893,30.71041666666637],[43.522916666665594,30.71041666666637]]}},{"type":"Feature","properties":{"HYRIV_ID":20779988,"NEXT_DOWN":20778495,"MAIN_RIV":20791150,"LENGTH_KM":12.05,"CATCH_SKM":35.439999,"DIS_AV_CMS":0.044,"ORD_STRA":2,"ORD_FLOW":8},"geometry":{"type":"LineString","coordinates":[[43.96458333333223,30.66041666666637],[43.96874999999889,30.664583333333034],[43.96874999999889,30.67708333333305],[43.9562499999989,30.689583333333026],[43.9562499999989,30.697916666666394],[43.960416666665566,30.702083333333043],[43.960416666665566,30.70624999999975],[43.96458333333223,30.71041666666637],[43.96458333333223,30.71458333333306],[43.9854166666656,30.73541666666636],[43.9854166666656,30.73958333333305],[43.977083333332274,30.747916666666377],[43.972916666665526,30.747916666666377]]}},{"type":"Feature","properties":{"HYRIV_ID":20780054,"NEXT_DOWN":20780525,"MAIN_RIV":20780830,"LENGTH_KM":5.33,"CATCH_SKM":22.15,"DIS_AV_CMS":0.019,"ORD_STRA":2,"ORD_FLOW":8},"geometry":{"type":"LineString","coordinates":[[43.085416666665594,30.656249999999723],[43.08124999999896,30.656249999999723],[43.072916666665634,30.664583333333034],[43.072916666665634,30.668749999999697],[43.06458333333231,30.67708333333305],[43.06041666666556,30.67708333333305],[43.056249999998926,30.681249999999714],[43.05208333333226,30.681249999999714],[43.0479166666656,30.67708333333305]]}},{"type":"Feature","properties":{"HYRIV_ID":20780055,"NEXT_DOWN":20780054,"MAIN_RIV":20780830,"LENGTH_KM":3.1900001,"CATCH_SKM":16.059999,"DIS_AV_CMS":0.01,"ORD_STRA":1,"ORD_FLOW":8},"geometry":{"type":"LineString","coordinates":[[43.10833333333224,30.67083333333307],[43.102083333332246,30.664583333333034],[43.08958333333226,30.664583333333034],[43.085416666665594,30.66041666666637],[43.085416666665594,30.656249999999723]]}},{"type":"Feature","properties":{"HYRIV_ID":20780118,"NEXT_DOWN":20779548,"MAIN_RIV":20766470,"LENGTH_KM":4.5500002,"CATCH_SKM":8.3100004,"DIS_AV_CMS":0.016,"ORD_STRA":2,"ORD_FLOW":8},"geometry":{"type":"LineString","coordinates":[[42.57708333333227,30.65208333333306],[42.57708333333227,30.67291666666639],[42.58124999999893,30.67708333333305],[42.57708333333227,30.681249999999714],[42.572916666665606,30.681249999999714],[42.56874999999894,30.685416666666363]]}},{"type":"Feature","properties":{"HYRIV_ID":20780119,"NEXT_DOWN":20780118,"MAIN_RIV":20766470,"LENGTH_KM":3.9200001,"CATCH_SKM":23.27,"DIS_AV_CMS":0.004,"ORD_STRA":1,"ORD_FLOW":9},"geometry":{"type":"LineString","coordinates":[[42.61249999999896,30.662499999999703],[42.606249999998965,30.656249999999723],[42.59791666666564,30.656249999999723],[42.59374999999889,30.65208333333306],[42.57708333333227,30.65208333333306]]}},{"type":"Feature","properties":{"HYRIV_ID":20780120,"NEXT_DOWN":20779838,"MAIN_RIV":20766470,"LENGTH_KM":2.0,"CATCH_SKM":3.8800001,"DIS_AV_CMS":0.01,"ORD_STRA":2,"ORD_FLOW":8},"geometry":{"type":"LineString","coordinates":[[42.68958333333231,30.65208333333306],[42.68958333333231,30.656249999999723],[42.685416666665645,30.66041666666637],[42.685416666665645,30.668749999999697]]}},{"type":"Feature","properties":{"HYRIV_ID":20780121,"NEXT_DOWN":20778886,"MAIN_RIV":20778742,"LENGTH_KM":11.05,"CATCH_SKM":37.290001,"DIS_AV_CMS":0.007,"ORD_STRA":2,"ORD_FLOW":9},"geometry":{"type":"LineString","coordinates":[[43.16874999999894,30.65208333333306],[43.16041666666564,30.65208333333306],[43.15624999999898,30.656249999999723],[43.152083333332314,30.656249999999723],[43.14791666666565,30.66041666666637],[43.14791666666565,30.664583333333034],[43.1437499999989,30.668749999999697],[43.13958333333224,30.668749999999697],[43.13958333333224,30.67708333333305],[43.1437499999989,30.681249999999714],[43.1437499999989,30.697916666666394],[43.14791666666565,30.702083333333043],[43.14791666666565,30.70624999999975],[43.152083333332314,30.71041666666637],[43.15624999999898,30.71041666666637],[43.16041666666564,30.71458333333306],[43.16041666666564,30.718749999999723],[43.164583333332274,30.722916666666386]]}},{"type":"Feature","properties":{"HYRIV_ID":20780122,"NEXT_DOWN":20780123,"MAIN_RIV":20780123,"LENGTH_KM":1.21,"CATCH_SKM":12.74,"DIS_AV_CMS":0.01,"ORD_STRA":1,"ORD_FLOW":8},"geometry":{"type":"LineString","coordinates":[[43.279166666665645,30.656249999999723],[43.28541666666564,30.656249999999723],[43.2895833333323,30.65208333333306]]}},{"type":"Feature","properties":{"HYRIV_ID":20780123,"NEXT_DOWN":0,"MAIN_RIV":20780123,"LENGTH_KM":1.9400001,"CATCH_SKM":21.969999,"DIS_AV_CMS":0.02,"ORD_STRA":2,"ORD_FLOW":8},"geometry":{"type":"LineString","coordinates":[[43.2895833333323,30.65208333333306],[43.29374999999894,30.65208333333306],[43.2979166666656,30.656249999999723],[43.2979166666656,30.664583333333034]]}},{"type":"Feature","properties":{"HYRIV_ID":20780124,"NEXT_DOWN":20779132,"MAIN_RIV":20777967,"LENGTH_KM":7.62,"CATCH_SKM":29.540001,"DIS_AV_CMS":0.06,"ORD_STRA":2,"ORD_FLOW":8},"geometry":{"type":"LineString","coordinates":[[43.497916666665645,30.65208333333306],[43.50208333333228,30.65208333333306],[43.50624999999894,30.656249999999723],[43.50624999999894,30.66041666666637],[43.51458333333227,30.668749999999697],[43.51458333333227,30.685416666666363],[43.51874999999893,30.689583333333026],[43.51874999999893,30.697916666666394],[43.522916666665594,30.702083333333043],[43.522916666665594,30.71041666666637]]}},{"type":"Feature","properties":{"HYRIV_ID":20780171,"NEXT_DOWN":20780120,"MAIN_RIV":20766470,"LENGTH_KM":1.71,"CATCH_SKM":11.82,"DIS_AV_CMS":0.002,"ORD_STRA":1,"ORD_FLOW":9},"geometry":{"type":"LineString","coordinates":[[42.67499999999899,30.645833333333037],[42.68124999999898,30.65208333333306],[42.68958333333231,30.65208333333306]]}},{"type":"Feature","properties":{"HYRIV_ID":20780172,"NEXT_DOWN":0,"MAIN_RIV":20780172,"LENGTH_KM":0.92,"CATCH_SKM":14.03,"DIS_AV_CMS":0.008,"ORD_STRA":1,"ORD_FLOW":9},"geometry":{"type":"LineString","coordinates":[[42.92499999999893,30.65416666666635],[42.9312499999989,30.647916666666355]]}},{"type":"Feature","properties":{"HYRIV_ID":20780225,"NEXT_DOWN":20779548,"MAIN_RIV":20766470,"LENGTH_KM":6.9099998,"CATCH_SKM":26.77,"DIS_AV_CMS":0.112,"ORD_STRA":2,"ORD_FLOW":7},"geometry":{"type":"LineString","coordinates":[[42.51874999999896,30.643749999999706],[42.539583333332246,30.664583333333034],[42.543749999998994,30.664583333333034],[42.55624999999898,30.67708333333305],[42.560416666665645,30.67708333333305],[42.56874999999894,30.685416666666363]]}},{"type":"Feature","properties":{"HYRIV_ID":20780226,"NEXT_DOWN":20779196,"MAIN_RIV":20779196,"LENGTH_KM":7.9899998,"CATCH_SKM":35.830002,"DIS_AV_CMS":0.02,"ORD_STRA":1,"ORD_FLOW":8},"geometry":{"type":"LineString","coordinates":[[43.383333333332274,30.641666666666374],[43.38958333333227,30.647916666666355],[43.38958333333227,30.656249999999723],[43.39374999999893,30.66041666666637],[43.39374999999893,30.664583333333034],[43.397916666665566,30.668749999999697],[43.397916666665566,30.681249999999714],[43.40624999999898,30.689583333333026],[43.40624999999898,30.70624999999975]]}},{"type":"Feature","properties":{"HYRIV_ID":20780227,"NEXT_DOWN":20780228,"MAIN_RIV":20791150,"LENGTH_KM":10.08,"CATCH_SKM":36.93,"DIS_AV_CMS":0.006,"ORD_STRA":1,"ORD_FLOW":9},"geometry":{"type":"LineString","coordinates":[[43.74166666666565,30.664583333333034],[43.75624999999897,30.664583333333034],[43.760416666665634,30.66041666666637],[43.76874999999893,30.66041666666637],[43.772916666665594,30.656249999999723],[43.77708333333226,30.656249999999723],[43.78124999999892,30.65208333333306],[43.78541666666558,30.656249999999723],[43.79791666666563,30.656249999999723],[43.80208333333229,30.66041666666637],[43.806249999998954,30.66041666666637],[43.82291666666558,30.643749999999706],[43.82708333333224,30.643749999999706]]}},{"type":"Feature","properties":{"HYRIV_ID":20780228,"NEXT_DOWN":20779344,"MAIN_RIV":20791150,"LENGTH_KM":10.29,"CATCH_SKM":41.549999,"DIS_AV_CMS":0.06,"ORD_STRA":4,"ORD_FLOW":8},"geometry":{"type":"LineString","coordinates":[[43.82708333333224,30.643749999999706],[43.8312499999989,30.647916666666355],[43.84374999999886,30.647916666666355],[43.84791666666561,30.65208333333306],[43.8604166666656,30.65208333333306],[43.8687499999989,30.66041666666637],[43.8687499999989,30.664583333333034],[43.8895833333323,30.685416666666363],[43.89374999999893,30.685416666666363],[43.897916666665594,30.689583333333026],[43.897916666665594,30.697916666666394]]}},{"type":"Feature","properties":{"HYRIV_ID":20780301,"NEXT_DOWN":20779482,"MAIN_RIV":20773217,"LENGTH_KM":7.2199998,"CATCH_SKM":43.580002,"DIS_AV_CMS":0.027,"ORD_STRA":1,"ORD_FLOW":8},"geometry":{"type":"LineString","coordinates":[[42.15624999999892,30.63749999999971],[42.15624999999892,30.643749999999706],[42.16458333333233,30.65208333333306],[42.16458333333233,30.664583333333034],[42.147916666665594,30.681249999999714],[42.147916666665594,30.685416666666363],[42.14374999999896,30.689583333333026],[42.1395833333323,30.689583333333026]]}},{"type":"Feature","properties":{"HYRIV_ID":20780302,"NEXT_DOWN":20777679,"MAIN_RIV":20773808,"LENGTH_KM":22.629999,"CATCH_SKM":71.080002,"DIS_AV_CMS":0.053,"ORD_STRA":1,"ORD_FLOW":8},"geometry":{"type":"LineString","coordinates":[[42.24583333333226,30.63749999999971],[42.260416666665634,30.65208333333306],[42.2645833333323,30.647916666666355],[42.27291666666562,30.647916666666355],[42.28124999999892,30.656249999999723],[42.28958333333233,30.656249999999723],[42.293749999998994,30.66041666666637],[42.293749999998994,30.664583333333034],[42.29791666666566,30.668749999999697],[42.29791666666566,30.681249999999714],[42.293749999998994,30.685416666666363],[42.293749999998994,30.697916666666394],[42.28958333333233,30.702083333333043],[42.29791666666566,30.71041666666637],[42.29791666666566,30.71458333333306],[42.30208333333229,30.718749999999723],[42.30208333333229,30.722916666666386],[42.31874999999894,30.73958333333305],[42.31874999999894,30.75624999999969],[42.322916666665606,30.760416666666394],[42.322916666665606,30.793749999999697]]}},{"type":"Feature","properties":{"HYRIV_ID":20780303,"NEXT_DOWN":20779838,"MAIN_RIV":20766470,"LENGTH_KM":6.56,"CATCH_SKM":30.469999,"DIS_AV_CMS":0.005,"ORD_STRA":1,"ORD_FLOW":9},"geometry":{"type":"LineString","coordinates":[[42.64583333333229,30.63749999999971],[42.652083333332286,30.643749999999706],[42.652083333332286,30.647916666666355],[42.65624999999895,30.65208333333306],[42.66041666666561,30.65208333333306],[42.66874999999891,30.66041666666637],[42.66874999999891,30.668749999999697],[42.67291666666566,30.67291666666639],[42.67708333333232,30.67291666666639],[42.68124999999898,30.668749999999697],[42.685416666665645,30.668749999999697]]}},{"type":"Feature","properties":{"HYRIV_ID":20780304,"NEXT_DOWN":20779988,"MAIN_RIV":20791150,"LENGTH_KM":3.71,"CATCH_SKM":9.6,"DIS_AV_CMS":0.042,"ORD_STRA":2,"ORD_FLOW":8},"geometry":{"type":"LineString","coordinates":[[43.94791666666558,30.639583333333043],[43.943749999998914,30.643749999999706],[43.943749999998914,30.647916666666355],[43.95208333333224,30.656249999999723],[43.960416666665566,30.656249999999723],[43.96458333333223,30.66041666666637]]}},{"type":"Feature","properties":{"HYRIV_ID":20780364,"NEXT_DOWN":20779689,"MAIN_RIV":20773217,"LENGTH_KM":8.8599997,"CATCH_SKM":33.790001,"DIS_AV_CMS":0.035,"ORD_STRA":2,"ORD_FLOW":8},"geometry":{"type":"LineString","coordinates":[[42.06458333333228,30.63541666666638],[42.068749999998914,30.63541666666638],[42.077083333332325,30.643749999999706],[42.077083333332325,30.647916666666355],[42.08124999999899,30.65208333333306],[42.08124999999899,30.656249999999723],[42.077083333332325,30.66041666666637],[42.08124999999899,30.664583333333034],[42.08124999999899,30.668749999999697],[42.08541666666565,30.67291666666639],[42.10624999999894,30.67291666666639],[42.1104166666656,30.67708333333305],[42.1187499999989,30.67708333333305]]}},{"type":"Feature","properties":{"HYRIV_ID":20780365,"NEXT_DOWN":20780123,"MAIN_RIV":20780123,"LENGTH_KM":2.9,"CATCH_SKM":16.07,"DIS_AV_CMS":0.008,"ORD_STRA":1,"ORD_FLOW":9},"geometry":{"type":"LineString","coordinates":[[43.279166666665645,30.63541666666638],[43.28541666666564,30.63541666666638],[43.2895833333323,30.639583333333043],[43.28541666666564,30.643749999999706],[43.28541666666564,30.647916666666355],[43.2895833333323,30.65208333333306]]}},{"type":"Feature","properties":{"HYRIV_ID":20780443,"NEXT_DOWN":20780444,"MAIN_RIV":20779691,"LENGTH_KM":11.02,"CATCH_SKM":46.73,"DIS_AV_CMS":0.041,"ORD_STRA":1,"ORD_FLOW":8},"geometry":{"type":"LineString","coordinates":[[42.32499999999894,30.641666666666374],[42.3312499999989,30.647916666666355],[42.33541666666565,30.647916666666355],[42.34791666666564,30.66041666666637],[42.35624999999894,30.65208333333306],[42.3604166666656,30.65208333333306],[42.368749999998926,30.643749999999706],[42.385416666665634,30.643749999999706],[42.39374999999896,30.63541666666638],[42.41041666666558,30.63541666666638],[42.414583333332246,30.63124999999973]]}},{"type":"Feature","properties":{"HYRIV_ID":20780444,"NEXT_DOWN":20779913,"MAIN_RIV":20779691,"LENGTH_KM":7.1300001,"CATCH_SKM":27.700001,"DIS_AV_CMS":0.0,"ORD_STRA":4,"ORD_FLOW":10},"geometry":{"type":"LineString","coordinates":[[42.414583333332246,30.63124999999973],[42.418749999998994,30.63124999999973],[42.43541666666562,30.647916666666355],[42.45624999999893,30.647916666666355],[42.460416666665566,30.65208333333306],[42.45208333333227,30.66041666666637],[42.45208333333227,30.664583333333034]]}},{"type":"Feature","properties":{"HYRIV_ID":20780445,"NEXT_DOWN":20780225,"MAIN_RIV":20766470,"LENGTH_KM":2.1700001,"CATCH_SKM":17.360001,"DIS_AV_CMS":0.007,"ORD_STRA":1,"ORD_FLOW":9},"geometry":{"type":"LineString","coordinates":[[42.527083333332286,30.6291666666664],[42.527083333332286,30.639583333333043],[42.52291666666562,30.643749999999706],[42.51874999999896,30.643749999999706]]}},{"type":"Feature","properties":{"HYRIV_ID":20780446,"NEXT_DOWN":20780447,"MAIN_RIV":20766470,"LENGTH_KM":1.21,"CATCH_SKM":15.89,"DIS_AV_CMS":0.003,"ORD_STRA":1,"ORD_FLOW":9},"geometry":{"type":"LineString","coordinates":[[42.758333333332246,30.63541666666638],[42.76458333333224,30.63541666666638],[42.76874999999899,30.63124999999973]]}},{"type":"Feature","properties":{"HYRIV_ID":20780447,"NEXT_DOWN":20779986,"MAIN_RIV":20766470,"LENGTH_KM":6.1100001,"CATCH_SKM":30.290001,"DIS_AV_CMS":0.012,"ORD_STRA":2,"ORD_FLOW":8},"geometry":{"type":"LineString","coordinates":[[42.76874999999899,30.63124999999973],[42.77291666666562,30.63541666666638],[42.77291666666562,30.639583333333043],[42.78124999999895,30.647916666666355],[42.78124999999895,30.656249999999723],[42.789583333332274,30.656249999999723],[42.79374999999894,30.65208333333306],[42.79791666666557,30.65208333333306],[42.802083333332234,30.656249999999723],[42.802083333332234,30.66041666666637]]}},{"type":"Feature","properties":{"HYRIV_ID":20780448,"NEXT_DOWN":20779986,"MAIN_RIV":20766470,"LENGTH_KM":5.3400002,"CATCH_SKM":29.18,"DIS_AV_CMS":0.005,"ORD_STRA":1,"ORD_FLOW":9},"geometry":{"type":"LineString","coordinates":[[42.81666666666564,30.6291666666664],[42.810416666665645,30.63541666666638],[42.810416666665645,30.647916666666355],[42.81874999999897,30.656249999999723],[42.81458333333231,30.66041666666637],[42.802083333332234,30.66041666666637]]}},{"type":"Feature","properties":{"HYRIV_ID":20780449,"NEXT_DOWN":20780054,"MAIN_RIV":20780830,"LENGTH_KM":5.7399998,"CATCH_SKM":24.200001,"DIS_AV_CMS":0.013,"ORD_STRA":1,"ORD_FLOW":8},"geometry":{"type":"LineString","coordinates":[[43.118749999998954,30.6291666666664],[43.118749999998954,30.63541666666638],[43.114583333332206,30.639583333333043],[43.118749999998954,30.643749999999706],[43.114583333332206,30.647916666666355],[43.11041666666554,30.647916666666355],[43.10624999999891,30.65208333333306],[43.102083333332246,30.65208333333306],[43.09791666666558,30.656249999999723],[43.085416666665594,30.656249999999723]]}},{"type":"Feature","properties":{"HYRIV_ID":20780450,"NEXT_DOWN":0,"MAIN_RIV":20780450,"LENGTH_KM":5.48,"CATCH_SKM":26.040001,"DIS_AV_CMS":0.012,"ORD_STRA":1,"ORD_FLOW":8},"geometry":{"type":"LineString","coordinates":[[43.33541666666562,30.6291666666664],[43.33541666666562,30.668749999999697],[43.33124999999896,30.67291666666639],[43.33124999999896,30.67708333333305]]}},{"type":"Feature","properties":{"HYRIV_ID":20780451,"NEXT_DOWN":20780124,"MAIN_RIV":20777967,"LENGTH_KM":2.9200001,"CATCH_SKM":25.860001,"DIS_AV_CMS":0.02,"ORD_STRA":1,"ORD_FLOW":8},"geometry":{"type":"LineString","coordinates":[[43.4874999999989,30.6291666666664],[43.497916666665645,30.639583333333043],[43.497916666665645,30.65208333333306]]}},{"type":"Feature","properties":{"HYRIV_ID":20780452,"NEXT_DOWN":20779631,"MAIN_RIV":20777463,"LENGTH_KM":9.7799997,"CATCH_SKM":35.459999,"DIS_AV_CMS":0.006,"ORD_STRA":1,"ORD_FLOW":9},"geometry":{"type":"LineString","coordinates":[[43.65416666666559,30.6291666666664],[43.660416666665554,30.63541666666638],[43.6645833333323,30.63541666666638],[43.668749999998965,30.639583333333043],[43.67291666666563,30.639583333333043],[43.67708333333229,30.643749999999706],[43.681249999998954,30.639583333333043],[43.68541666666559,30.643749999999706],[43.68541666666559,30.647916666666355],[43.68958333333225,30.65208333333306],[43.693749999998914,30.65208333333306],[43.69791666666558,30.656249999999723],[43.69791666666558,30.67291666666639],[43.7062499999989,30.681249999999714],[43.7062499999989,30.685416666666363]]}},{"type":"Feature","properties":{"HYRIV_ID":20780453,"NEXT_DOWN":20779988,"MAIN_RIV":20791150,"LENGTH_KM":4.83,"CATCH_SKM":24.940001,"DIS_AV_CMS":0.009,"ORD_STRA":1,"ORD_FLOW":9},"geometry":{"type":"LineString","coordinates":[[43.99583333333226,30.6291666666664],[43.9854166666656,30.639583333333043],[43.9854166666656,30.643749999999706],[43.96874999999889,30.66041666666637],[43.96458333333223,30.66041666666637]]}},{"type":"Feature","properties":{"HYRIV_ID":20780524,"NEXT_DOWN":20780830,"MAIN_RIV":20780830,"LENGTH_KM":3.07,"CATCH_SKM":18.65,"DIS_AV_CMS":0.006,"ORD_STRA":1,"ORD_FLOW":9},"geometry":{"type":"LineString","coordinates":[[42.99999999999895,30.64999999999973],[43.006249999998914,30.643749999999706],[43.006249999998914,30.639583333333043],[43.01041666666558,30.63541666666638],[43.01041666666558,30.63124999999973],[43.01458333333224,30.627083333333026]]}},{"type":"Feature","properties":{"HYRIV_ID":20780525,"NEXT_DOWN":20780830,"MAIN_RIV":20780830,"LENGTH_KM":7.29,"CATCH_SKM":32.5,"DIS_AV_CMS":0.006,"ORD_STRA":3,"ORD_FLOW":9},"geometry":{"type":"LineString","coordinates":[[43.0479166666656,30.67708333333305],[43.04374999999894,30.67291666666639],[43.04374999999894,30.668749999999697],[43.039583333332274,30.664583333333034],[43.039583333332274,30.66041666666637],[43.027083333332314,30.647916666666355],[43.027083333332314,30.643749999999706],[43.03124999999895,30.639583333333043],[43.027083333332314,30.63541666666638],[43.02291666666565,30.63541666666638],[43.01458333333224,30.627083333333026]]}},{"type":"Feature","properties":{"HYRIV_ID":20780526,"NEXT_DOWN":20780121,"MAIN_RIV":20778742,"LENGTH_KM":5.39,"CATCH_SKM":20.129999,"DIS_AV_CMS":0.034,"ORD_STRA":2,"ORD_FLOW":8},"geometry":{"type":"LineString","coordinates":[[43.2020833333323,30.627083333333026],[43.193749999998886,30.63541666666638],[43.193749999998886,30.643749999999706],[43.181249999998926,30.656249999999723],[43.17708333333226,30.656249999999723],[43.1729166666656,30.65208333333306],[43.16874999999894,30.65208333333306]]}},{"type":"Feature","properties":{"HYRIV_ID":20780527,"NEXT_DOWN":20780526,"MAIN_RIV":20778742,"LENGTH_KM":1.3200001,"CATCH_SKM":16.07,"DIS_AV_CMS":0.013,"ORD_STRA":1,"ORD_FLOW":8},"geometry":{"type":"LineString","coordinates":[[43.212499999998954,30.63333333333305],[43.20624999999896,30.627083333333026],[43.2020833333323,30.627083333333026]]}},{"type":"Feature","properties":{"HYRIV_ID":20780598,"NEXT_DOWN":20780599,"MAIN_RIV":20780599,"LENGTH_KM":5.29,"CATCH_SKM":37.860001,"DIS_AV_CMS":0.008,"ORD_STRA":1,"ORD_FLOW":9},"geometry":{"type":"LineString","coordinates":[[42.870833333332286,30.639583333333043],[42.88541666666558,30.639583333333043],[42.88958333333224,30.63541666666638],[42.88958333333224,30.63124999999973],[42.89791666666565,30.622916666666363],[42.914583333332274,30.622916666666363]]}},{"type":"Feature","properties":{"HYRIV_ID":20780599,"NEXT_DOWN":0,"MAIN_RIV":20780599,"LENGTH_KM":3.37,"CATCH_SKM":14.41,"DIS_AV_CMS":0.015,"ORD_STRA":2,"ORD_FLOW":8},"geometry":{"type":"LineString","coordinates":[[42.914583333332274,30.622916666666363],[42.927083333332234,30.63541666666638],[42.927083333332234,30.643749999999706],[42.9312499999989,30.647916666666355]]}},{"type":"Feature","properties":{"HYRIV_ID":20780600,"NEXT_DOWN":20778819,"MAIN_RIV":20791150,"LENGTH_KM":15.33,"CATCH_SKM":48.380001,"DIS_AV_CMS":0.021,"ORD_STRA":1,"ORD_FLOW":8},"geometry":{"type":"LineString","coordinates":[[44.010416666665634,30.62083333333303],[44.010416666665634,30.639583333333043],[44.00208333333222,30.647916666666355],[44.00208333333222,30.656249999999723],[43.99791666666556,30.66041666666637],[43.99791666666556,30.668749999999697],[43.993749999998926,30.67291666666639],[43.993749999998926,30.685416666666363],[43.98958333333226,30.689583333333026],[43.99791666666556,30.697916666666394],[43.99791666666556,30.702083333333043],[44.00208333333222,30.70624999999975],[44.006249999998886,30.70624999999975],[44.022916666665594,30.722916666666386],[44.03541666666558,30.722916666666386],[44.039583333332246,30.727083333333034]]}},{"type":"Feature","properties":{"HYRIV_ID":20780678,"NEXT_DOWN":20780364,"MAIN_RIV":20773217,"LENGTH_KM":7.9099998,"CATCH_SKM":45.619999,"DIS_AV_CMS":0.019,"ORD_STRA":2,"ORD_FLOW":8},"geometry":{"type":"LineString","coordinates":[[41.997916666665645,30.618749999999714],[42.00208333333231,30.618749999999714],[42.00624999999897,30.622916666666363],[42.01458333333227,30.622916666666363],[42.022916666665594,30.63124999999973],[42.022916666665594,30.63541666666638],[42.02708333333226,30.639583333333043],[42.03124999999892,30.639583333333043],[42.03541666666567,30.63541666666638],[42.06458333333228,30.63541666666638]]}},{"type":"Feature","properties":{"HYRIV_ID":20780679,"NEXT_DOWN":20779631,"MAIN_RIV":20777463,"LENGTH_KM":17.120001,"CATCH_SKM":80.330002,"DIS_AV_CMS":0.029,"ORD_STRA":1,"ORD_FLOW":8},"geometry":{"type":"LineString","coordinates":[[43.583333333332206,30.63749999999971],[43.589583333332286,30.63124999999973],[43.589583333332286,30.627083333333026],[43.59791666666561,30.618749999999714],[43.60624999999891,30.618749999999714],[43.614583333332234,30.627083333333026],[43.614583333332234,30.63124999999973],[43.6187499999989,30.63541666666638],[43.6187499999989,30.643749999999706],[43.63958333333227,30.664583333333034],[43.64374999999893,30.664583333333034],[43.647916666665594,30.668749999999697],[43.65624999999892,30.668749999999697],[43.67291666666563,30.685416666666363],[43.7062499999989,30.685416666666363]]}},{"type":"Feature","properties":{"HYRIV_ID":20780756,"NEXT_DOWN":20779690,"MAIN_RIV":20773217,"LENGTH_KM":8.5299997,"CATCH_SKM":26.040001,"DIS_AV_CMS":0.027,"ORD_STRA":2,"ORD_FLOW":8},"geometry":{"type":"LineString","coordinates":[[42.1104166666656,30.61458333333305],[42.12291666666556,30.627083333333026],[42.12291666666556,30.63124999999973],[42.12708333333231,30.63541666666638],[42.12708333333231,30.639583333333043],[42.13124999999897,30.643749999999706],[42.13124999999897,30.647916666666355],[42.12708333333231,30.65208333333306],[42.12291666666556,30.65208333333306],[42.1187499999989,30.656249999999723],[42.1187499999989,30.66041666666637],[42.12291666666556,30.664583333333034],[42.12291666666556,30.67708333333305]]}},{"type":"Feature","properties":{"HYRIV_ID":20780757,"NEXT_DOWN":20780447,"MAIN_RIV":20766470,"LENGTH_KM":2.3,"CATCH_SKM":3.8800001,"DIS_AV_CMS":0.005,"ORD_STRA":2,"ORD_FLOW":9},"geometry":{"type":"LineString","coordinates":[[42.756249999998914,30.61458333333305],[42.76458333333224,30.622916666666363],[42.76458333333224,30.627083333333026],[42.76874999999899,30.63124999999973]]}},{"type":"Feature","properties":{"HYRIV_ID":20780758,"NEXT_DOWN":20780526,"MAIN_RIV":20778742,"LENGTH_KM":1.99,"CATCH_SKM":23.459999,"DIS_AV_CMS":0.015,"ORD_STRA":1,"ORD_FLOW":8},"geometry":{"type":"LineString","coordinates":[[43.199999999998965,30.61249999999972],[43.20624999999896,30.618749999999714],[43.2020833333323,30.622916666666363],[43.2020833333323,30.627083333333026]]}},{"type":"Feature","properties":{"HYRIV_ID":20780826,"NEXT_DOWN":20780756,"MAIN_RIV":20773217,"LENGTH_KM":0.92,"CATCH_SKM":12.56,"DIS_AV_CMS":0.008,"ORD_STRA":1,"ORD_FLOW":9},"geometry":{"type":"LineString","coordinates":[[42.116666666665594,30.608333333333015],[42.1104166666656,30.61458333333305]]}},{"type":"Feature","properties":{"HYRIV_ID":20780827,"NEXT_DOWN":20780225,"MAIN_RIV":20766470,"LENGTH_KM":4.4499998,"CATCH_SKM":11.27,"DIS_AV_CMS":0.107,"ORD_STRA":2,"ORD_FLOW":7},"geometry":{"type":"LineString","coordinates":[[42.49791666666559,30.61041666666639],[42.49791666666559,30.61458333333305],[42.51041666666555,30.627083333333026],[42.51041666666555,30.63124999999973],[42.5145833333323,30.63541666666638],[42.5145833333323,30.639583333333043],[42.51874999999896,30.643749999999706]]}},{"type":"Feature","properties":{"HYRIV_ID":20780828,"NEXT_DOWN":20780118,"MAIN_RIV":20766470,"LENGTH_KM":6.12,"CATCH_SKM":27.34,"DIS_AV_CMS":0.011,"ORD_STRA":1,"ORD_FLOW":8},"geometry":{"type":"LineString","coordinates":[[42.56249999999895,30.608333333333015],[42.55624999999898,30.61458333333305],[42.55624999999898,30.618749999999714],[42.55208333333232,30.622916666666363],[42.55208333333232,30.627083333333026],[42.57708333333227,30.65208333333306]]}},{"type":"Feature","properties":{"HYRIV_ID":20780829,"NEXT_DOWN":20780757,"MAIN_RIV":20766470,"LENGTH_KM":0.92,"CATCH_SKM":11.46,"DIS_AV_CMS":0.002,"ORD_STRA":1,"ORD_FLOW":9},"geometry":{"type":"LineString","coordinates":[[42.74999999999892,30.608333333333015],[42.756249999998914,30.61458333333305]]}},{"type":"Feature","properties":{"HYRIV_ID":20780830,"NEXT_DOWN":0,"MAIN_RIV":20780830,"LENGTH_KM":2.1500001,"CATCH_SKM":8.87,"DIS_AV_CMS":0.0,"ORD_STRA":3,"ORD_FLOW":10},"geometry":{"type":"LineString","coordinates":[[43.01458333333224,30.627083333333026],[43.01458333333224,30.622916666666363],[43.0187499999989,30.618749999999714],[43.0187499999989,30.61458333333305],[43.01458333333224,30.61041666666639]]}},{"type":"Feature","properties":{"HYRIV_ID":20780831,"NEXT_DOWN":20780121,"MAIN_RIV":20778742,"LENGTH_KM":6.52,"CATCH_SKM":27.34,"DIS_AV_CMS":0.017,"ORD_STRA":1,"ORD_FLOW":8},"geometry":{"type":"LineString","coordinates":[[43.145833333332234,30.608333333333015],[43.164583333332274,30.627083333333026],[43.16874999999894,30.627083333333026],[43.1729166666656,30.63124999999973],[43.1729166666656,30.63541666666638],[43.17708333333226,30.639583333333043],[43.16874999999894,30.647916666666355],[43.16874999999894,30.65208333333306]]}},{"type":"Feature","properties":{"HYRIV_ID":20780832,"NEXT_DOWN":20780833,"MAIN_RIV":20791150,"LENGTH_KM":9.7600002,"CATCH_SKM":39.16,"DIS_AV_CMS":0.007,"ORD_STRA":1,"ORD_FLOW":9},"geometry":{"type":"LineString","coordinates":[[43.71666666666562,30.616666666666383],[43.7437499999989,30.643749999999706],[43.74791666666556,30.643749999999706],[43.75624999999897,30.63541666666638],[43.760416666665634,30.63541666666638],[43.76458333333227,30.63124999999973],[43.76458333333227,30.627083333333026],[43.772916666665594,30.618749999999714],[43.77708333333226,30.618749999999714],[43.78124999999892,30.61458333333305],[43.78124999999892,30.61041666666639]]}},{"type":"Feature","properties":{"HYRIV_ID":20780833,"NEXT_DOWN":20780228,"MAIN_RIV":20791150,"LENGTH_KM":6.3400002,"CATCH_SKM":28.82,"DIS_AV_CMS":0.085,"ORD_STRA":4,"ORD_FLOW":8},"geometry":{"type":"LineString","coordinates":[[43.78124999999892,30.61041666666639],[43.79374999999888,30.622916666666363],[43.79791666666563,30.622916666666363],[43.80208333333229,30.627083333333026],[43.81041666666562,30.627083333333026],[43.81458333333225,30.63124999999973],[43.818749999998914,30.63124999999973],[43.82291666666558,30.63541666666638],[43.82291666666558,30.639583333333043],[43.82708333333224,30.643749999999706]]}},{"type":"Feature","properties":{"HYRIV_ID":20780904,"NEXT_DOWN":20780124,"MAIN_RIV":20777967,"LENGTH_KM":11.48,"CATCH_SKM":45.450001,"DIS_AV_CMS":0.016,"ORD_STRA":1,"ORD_FLOW":8},"geometry":{"type":"LineString","coordinates":[[43.41249999999897,30.61041666666639],[43.418749999998965,30.61041666666639],[43.4229166666656,30.60624999999974],[43.435416666665674,30.60624999999974],[43.43958333333225,30.61041666666639],[43.43958333333225,30.61458333333305],[43.443749999998914,30.618749999999714],[43.443749999998914,30.622916666666363],[43.45208333333221,30.622916666666363],[43.464583333332286,30.63541666666638],[43.464583333332286,30.639583333333043],[43.47291666666561,30.647916666666355],[43.477083333332246,30.647916666666355],[43.48124999999891,30.65208333333306],[43.497916666665645,30.65208333333306]]}},{"type":"Feature","properties":{"HYRIV_ID":20780985,"NEXT_DOWN":20780757,"MAIN_RIV":20766470,"LENGTH_KM":2.83,"CATCH_SKM":18.48,"DIS_AV_CMS":0.003,"ORD_STRA":1,"ORD_FLOW":9},"geometry":{"type":"LineString","coordinates":[[42.77916666666562,30.602083333333077],[42.76874999999899,30.602083333333077],[42.756249999998914,30.61458333333305]]}},{"type":"Feature","properties":{"HYRIV_ID":20780986,"NEXT_DOWN":20780987,"MAIN_RIV":20780987,"LENGTH_KM":6.8400002,"CATCH_SKM":30.1,"DIS_AV_CMS":0.012,"ORD_STRA":1,"ORD_FLOW":8},"geometry":{"type":"LineString","coordinates":[[42.96666666666559,30.64999999999973],[42.960416666665594,30.643749999999706],[42.960416666665594,30.63541666666638],[42.96874999999892,30.627083333333026],[42.97291666666558,30.627083333333026],[42.977083333332246,30.622916666666363],[42.977083333332246,30.618749999999714],[42.98958333333229,30.60624999999974],[42.98958333333229,30.602083333333077]]}},{"type":"Feature","properties":{"HYRIV_ID":20780987,"NEXT_DOWN":0,"MAIN_RIV":20780987,"LENGTH_KM":3.49,"CATCH_SKM":11.08,"DIS_AV_CMS":0.092,"ORD_STRA":4,"ORD_FLOW":8},"geometry":{"type":"LineString","coordinates":[[42.98958333333229,30.602083333333077],[42.993749999998954,30.602083333333077],[42.99791666666562,30.60624999999974],[42.99791666666562,30.61041666666639],[43.00208333333228,30.61458333333305],[43.006249999998914,30.61458333333305],[43.01041666666558,30.61041666666639],[43.01458333333224,30.61041666666639]]}},{"type":"Feature","properties":{"HYRIV_ID":20781061,"NEXT_DOWN":20780444,"MAIN_RIV":20779691,"LENGTH_KM":4.9899998,"CATCH_SKM":22.91,"DIS_AV_CMS":0.0,"ORD_STRA":4,"ORD_FLOW":10},"geometry":{"type":"LineString","coordinates":[[42.385416666665634,30.59791666666637],[42.39791666666562,30.61041666666639],[42.402083333332286,30.61041666666639],[42.41041666666558,30.618749999999714],[42.41041666666558,30.627083333333026],[42.414583333332246,30.63124999999973]]}},{"type":"Feature","properties":{"HYRIV_ID":20781140,"NEXT_DOWN":20780756,"MAIN_RIV":20773217,"LENGTH_KM":4.3400002,"CATCH_SKM":22.540001,"DIS_AV_CMS":0.01,"ORD_STRA":1,"ORD_FLOW":8},"geometry":{"type":"LineString","coordinates":[[42.08124999999899,30.59166666666639],[42.08124999999899,30.59791666666637],[42.09791666666561,30.61458333333305],[42.1104166666656,30.61458333333305]]}},{"type":"Feature","properties":{"HYRIV_ID":20781141,"NEXT_DOWN":20780120,"MAIN_RIV":20766470,"LENGTH_KM":7.08,"CATCH_SKM":25.49,"DIS_AV_CMS":0.008,"ORD_STRA":2,"ORD_FLOW":9},"geometry":{"type":"LineString","coordinates":[[42.697916666665606,30.593749999999723],[42.69374999999894,30.59791666666637],[42.69374999999894,30.622916666666363],[42.697916666665606,30.627083333333026],[42.697916666665606,30.63541666666638],[42.69374999999894,30.639583333333043],[42.69374999999894,30.643749999999706],[42.68958333333231,30.647916666666355],[42.68958333333231,30.65208333333306]]}},{"type":"Feature","properties":{"HYRIV_ID":20781190,"NEXT_DOWN":20781061,"MAIN_RIV":20779691,"LENGTH_KM":5.2199998,"CATCH_SKM":41.759998,"DIS_AV_CMS":0.044,"ORD_STRA":1,"ORD_FLOW":8},"geometry":{"type":"LineString","coordinates":[[42.33749999999898,30.593749999999723],[42.35624999999894,30.593749999999723],[42.3604166666656,30.58958333333306],[42.36458333333226,30.593749999999723],[42.37291666666559,30.593749999999723],[42.37708333333225,30.59791666666637],[42.385416666665634,30.59791666666637]]}},{"type":"Feature","properties":{"HYRIV_ID":20781191,"NEXT_DOWN":0,"MAIN_RIV":20781191,"LENGTH_KM":3.25,"CATCH_SKM":21.99,"DIS_AV_CMS":0.007,"ORD_STRA":1,"ORD_FLOW":9},"geometry":{"type":"LineString","coordinates":[[42.6083333333323,30.59583333333304],[42.61458333333226,30.602083333333077],[42.62291666666559,30.602083333333077],[42.62291666666559,30.593749999999723],[42.62708333333225,30.58958333333306]]}},{"type":"Feature","properties":{"HYRIV_ID":20781192,"NEXT_DOWN":20781141,"MAIN_RIV":20766470,"LENGTH_KM":0.92,"CATCH_SKM":12.38,"DIS_AV_CMS":0.002,"ORD_STRA":1,"ORD_FLOW":9},"geometry":{"type":"LineString","coordinates":[[42.69166666666561,30.58749999999973],[42.697916666665606,30.593749999999723]]}},{"type":"Feature","properties":{"HYRIV_ID":20781193,"NEXT_DOWN":20781141,"MAIN_RIV":20766470,"LENGTH_KM":0.69,"CATCH_SKM":14.42,"DIS_AV_CMS":0.002,"ORD_STRA":1,"ORD_FLOW":9},"geometry":{"type":"LineString","coordinates":[[42.697916666665606,30.58749999999973],[42.697916666665606,30.593749999999723]]}},{"type":"Feature","properties":{"HYRIV_ID":20781194,"NEXT_DOWN":20780599,"MAIN_RIV":20780599,"LENGTH_KM":5.0,"CATCH_SKM":19.209999,"DIS_AV_CMS":0.003,"ORD_STRA":1,"ORD_FLOW":9},"geometry":{"type":"LineString","coordinates":[[42.89166666666557,30.58749999999973],[42.89791666666565,30.593749999999723],[42.902083333332286,30.593749999999723],[42.91041666666561,30.602083333333077],[42.91041666666561,30.60624999999974],[42.914583333332274,30.61041666666639],[42.914583333332274,30.622916666666363]]}},{"type":"Feature","properties":{"HYRIV_ID":20781271,"NEXT_DOWN":20780364,"MAIN_RIV":20773217,"LENGTH_KM":7.6,"CATCH_SKM":30.120001,"DIS_AV_CMS":0.011,"ORD_STRA":1,"ORD_FLOW":8},"geometry":{"type":"LineString","coordinates":[[42.037499999999,30.583333333333066],[42.043749999998965,30.58958333333306],[42.04791666666563,30.58958333333306],[42.04791666666563,30.593749999999723],[42.05208333333229,30.59791666666637],[42.05208333333229,30.602083333333077],[42.043749999998965,30.61041666666639],[42.06458333333228,30.63124999999973],[42.06458333333228,30.63541666666638]]}},{"type":"Feature","properties":{"HYRIV_ID":20781272,"NEXT_DOWN":20780833,"MAIN_RIV":20791150,"LENGTH_KM":3.37,"CATCH_SKM":7.39,"DIS_AV_CMS":0.094,"ORD_STRA":4,"ORD_FLOW":8},"geometry":{"type":"LineString","coordinates":[[43.76458333333227,30.585416666666355],[43.76874999999893,30.58958333333306],[43.76874999999893,30.59791666666637],[43.78124999999892,30.61041666666639]]}},{"type":"Feature","properties":{"HYRIV_ID":20781273,"NEXT_DOWN":20781274,"MAIN_RIV":20791150,"LENGTH_KM":2.07,"CATCH_SKM":14.23,"DIS_AV_CMS":0.003,"ORD_STRA":1,"ORD_FLOW":9},"geometry":{"type":"LineString","coordinates":[[43.86249999999893,30.593749999999723],[43.87291666666556,30.593749999999723],[43.87708333333222,30.58958333333306],[43.87708333333222,30.585416666666355]]}},{"type":"Feature","properties":{"HYRIV_ID":20781274,"NEXT_DOWN":20780304,"MAIN_RIV":20791150,"LENGTH_KM":9.79,"CATCH_SKM":39.720001,"DIS_AV_CMS":0.032,"ORD_STRA":2,"ORD_FLOW":8},"geometry":{"type":"LineString","coordinates":[[43.87708333333222,30.585416666666355],[43.88124999999897,30.58958333333306],[43.8895833333323,30.58958333333306],[43.897916666665594,30.59791666666637],[43.897916666665594,30.602083333333077],[43.92291666666554,30.627083333333026],[43.92708333333229,30.627083333333026],[43.93541666666562,30.63541666666638],[43.943749999998914,30.63541666666638],[43.94791666666558,30.639583333333043]]}},{"type":"Feature","properties":{"HYRIV_ID":20781345,"NEXT_DOWN":20777905,"MAIN_RIV":20773217,"LENGTH_KM":25.49,"CATCH_SKM":120.01,"DIS_AV_CMS":0.0,"ORD_STRA":5,"ORD_FLOW":10},"geometry":{"type":"LineString","coordinates":[[42.181249999998954,30.581249999999734],[42.181249999998954,30.58958333333306],[42.18541666666562,30.593749999999723],[42.18541666666562,30.59791666666637],[42.18958333333228,30.602083333333077],[42.18958333333228,30.61041666666639],[42.19374999999894,30.61458333333305],[42.19374999999894,30.622916666666363],[42.21874999999898,30.647916666666355],[42.21874999999898,30.66041666666637],[42.22291666666561,30.664583333333034],[42.22291666666561,30.685416666666363],[42.20624999999899,30.702083333333043],[42.20624999999899,30.70624999999975],[42.21874999999898,30.718749999999723],[42.21874999999898,30.75624999999969],[42.214583333332314,30.760416666666394],[42.214583333332314,30.764583333333043],[42.19791666666558,30.78124999999968]]}},{"type":"Feature","properties":{"HYRIV_ID":20781346,"NEXT_DOWN":0,"MAIN_RIV":20781346,"LENGTH_KM":1.0700001,"CATCH_SKM":1.11,"DIS_AV_CMS":0.034,"ORD_STRA":2,"ORD_FLOW":8},"geometry":{"type":"LineString","coordinates":[[42.62291666666559,30.581249999999734],[42.62291666666559,30.585416666666355],[42.62708333333225,30.58958333333306]]}},{"type":"Feature","properties":{"HYRIV_ID":20781347,"NEXT_DOWN":0,"MAIN_RIV":20781347,"LENGTH_KM":3.6900001,"CATCH_SKM":6.1,"DIS_AV_CMS":0.0,"ORD_STRA":3,"ORD_FLOW":10},"geometry":{"type":"LineString","coordinates":[[43.01041666666558,30.581249999999734],[43.006249999998914,30.585416666666355],[43.006249999998914,30.59791666666637],[43.01458333333224,30.60624999999974],[43.01458333333224,30.61041666666639]]}},{"type":"Feature","properties":{"HYRIV_ID":20781348,"NEXT_DOWN":20781347,"MAIN_RIV":20781347,"LENGTH_KM":7.7800002,"CATCH_SKM":37.880001,"DIS_AV_CMS":0.006,"ORD_STRA":1,"ORD_FLOW":9},"geometry":{"type":"LineString","coordinates":[[43.074999999998965,30.60416666666641],[43.06458333333231,30.593749999999723],[43.0479166666656,30.593749999999723],[43.04374999999894,30.58958333333306],[43.039583333332274,30.58958333333306],[43.03124999999895,30.581249999999734],[43.02291666666565,30.581249999999734],[43.0187499999989,30.585416666666355],[43.01458333333224,30.581249999999734],[43.01041666666558,30.581249999999734]]}},{"type":"Feature","properties":{"HYRIV_ID":20781349,"NEXT_DOWN":20781274,"MAIN_RIV":20791150,"LENGTH_KM":0.61,"CATCH_SKM":0.92,"DIS_AV_CMS":0.028,"ORD_STRA":2,"ORD_FLOW":8},"geometry":{"type":"LineString","coordinates":[[43.87291666666556,30.581249999999734],[43.87708333333222,30.585416666666355]]}},{"type":"Feature","properties":{"HYRIV_ID":20781350,"NEXT_DOWN":20781349,"MAIN_RIV":20791150,"LENGTH_KM":0.6,"CATCH_SKM":10.54,"DIS_AV_CMS":0.002,"ORD_STRA":1,"ORD_FLOW":9},"geometry":{"type":"LineString","coordinates":[[43.87916666666564,30.581249999999734],[43.87291666666556,30.581249999999734]]}},{"type":"Feature","properties":{"HYRIV_ID":20781411,"NEXT_DOWN":20781346,"MAIN_RIV":20781346,"LENGTH_KM":1.72,"CATCH_SKM":13.31,"DIS_AV_CMS":0.006,"ORD_STRA":1,"ORD_FLOW":9},"geometry":{"type":"LineString","coordinates":[[42.6083333333323,30.57499999999971],[42.61458333333226,30.581249999999734],[42.62291666666559,30.581249999999734]]}},{"type":"Feature","properties":{"HYRIV_ID":20781412,"NEXT_DOWN":0,"MAIN_RIV":20781412,"LENGTH_KM":4.83,"CATCH_SKM":59.509998,"DIS_AV_CMS":0.019,"ORD_STRA":1,"ORD_FLOW":8},"geometry":{"type":"LineString","coordinates":[[43.47916666666558,30.577083333333043],[43.4937499999989,30.577083333333043],[43.497916666665645,30.581249999999734],[43.510416666665606,30.581249999999734],[43.51458333333227,30.577083333333043],[43.51874999999893,30.577083333333043],[43.522916666665594,30.581249999999734]]}},{"type":"Feature","properties":{"HYRIV_ID":20781413,"NEXT_DOWN":20781768,"MAIN_RIV":20791150,"LENGTH_KM":3.9400001,"CATCH_SKM":22.73,"DIS_AV_CMS":0.013,"ORD_STRA":1,"ORD_FLOW":8},"geometry":{"type":"LineString","coordinates":[[43.56458333333225,30.599999999999703],[43.56458333333225,30.593749999999723],[43.556249999998926,30.585416666666355],[43.55208333333229,30.585416666666355],[43.54791666666563,30.581249999999734],[43.55208333333229,30.577083333333043],[43.556249999998926,30.577083333333043]]}},{"type":"Feature","properties":{"HYRIV_ID":20781414,"NEXT_DOWN":20780304,"MAIN_RIV":20791150,"LENGTH_KM":9.5200005,"CATCH_SKM":45.650002,"DIS_AV_CMS":0.011,"ORD_STRA":1,"ORD_FLOW":8},"geometry":{"type":"LineString","coordinates":[[43.960416666665566,30.57499999999971],[43.960416666665566,30.585416666666355],[43.9562499999989,30.585416666666355],[43.95208333333224,30.58958333333306],[43.943749999998914,30.58958333333306],[43.943749999998914,30.61041666666639],[43.95208333333224,30.618749999999714],[43.95208333333224,30.627083333333026],[43.9562499999989,30.63124999999973],[43.95208333333224,30.63541666666638],[43.94791666666558,30.63541666666638],[43.94791666666558,30.639583333333043]]}},{"type":"Feature","properties":{"HYRIV_ID":20781484,"NEXT_DOWN":20781272,"MAIN_RIV":20791150,"LENGTH_KM":10.9,"CATCH_SKM":41.580002,"DIS_AV_CMS":0.044,"ORD_STRA":3,"ORD_FLOW":8},"geometry":{"type":"LineString","coordinates":[[43.67291666666563,30.577083333333043],[43.67708333333229,30.577083333333043],[43.681249999998954,30.57291666666638],[43.693749999998914,30.57291666666638],[43.69791666666558,30.577083333333043],[43.70208333333224,30.577083333333043],[43.7062499999989,30.57291666666638],[43.714583333332286,30.57291666666638],[43.72291666666561,30.581249999999734],[43.727083333332274,30.577083333333043],[43.74791666666556,30.577083333333043],[43.75624999999897,30.585416666666355],[43.760416666665634,30.581249999999734],[43.76458333333227,30.585416666666355]]}},{"type":"Feature","properties":{"HYRIV_ID":20781485,"NEXT_DOWN":20781272,"MAIN_RIV":20791150,"LENGTH_KM":1.39,"CATCH_SKM":1.11,"DIS_AV_CMS":0.059,"ORD_STRA":3,"ORD_FLOW":8},"geometry":{"type":"LineString","coordinates":[[43.76458333333227,30.57291666666638],[43.76458333333227,30.585416666666355]]}},{"type":"Feature","properties":{"HYRIV_ID":20781486,"NEXT_DOWN":20781349,"MAIN_RIV":20791150,"LENGTH_KM":1.0700001,"CATCH_SKM":1.48,"DIS_AV_CMS":0.026,"ORD_STRA":2,"ORD_FLOW":8},"geometry":{"type":"LineString","coordinates":[[43.8687499999989,30.57291666666638],[43.8687499999989,30.577083333333043],[43.87291666666556,30.581249999999734]]}},{"type":"Feature","properties":{"HYRIV_ID":20781627,"NEXT_DOWN":20781628,"MAIN_RIV":20773217,"LENGTH_KM":1.3200001,"CATCH_SKM":12.01,"DIS_AV_CMS":0.011,"ORD_STRA":1,"ORD_FLOW":8},"geometry":{"type":"LineString","coordinates":[[42.15833333333225,30.57083333333305],[42.16458333333233,30.56458333333307],[42.168749999998994,30.56458333333307]]}},{"type":"Feature","properties":{"HYRIV_ID":20781628,"NEXT_DOWN":20781345,"MAIN_RIV":20773217,"LENGTH_KM":2.3,"CATCH_SKM":4.9899998,"DIS_AV_CMS":0.0,"ORD_STRA":5,"ORD_FLOW":10},"geometry":{"type":"LineString","coordinates":[[42.168749999998994,30.56458333333307],[42.17291666666563,30.568749999999717],[42.17291666666563,30.57291666666638],[42.181249999998954,30.581249999999734]]}},{"type":"Feature","properties":{"HYRIV_ID":20781629,"NEXT_DOWN":20781345,"MAIN_RIV":20773217,"LENGTH_KM":4.8400002,"CATCH_SKM":19.959999,"DIS_AV_CMS":0.066,"ORD_STRA":2,"ORD_FLOW":8},"geometry":{"type":"LineString","coordinates":[[42.22291666666561,30.56458333333307],[42.21874999999898,30.568749999999717],[42.20624999999899,30.568749999999717],[42.20208333333224,30.57291666666638],[42.19374999999894,30.57291666666638],[42.18958333333228,30.577083333333043],[42.18541666666562,30.577083333333043],[42.181249999998954,30.581249999999734]]}},{"type":"Feature","properties":{"HYRIV_ID":20781630,"NEXT_DOWN":20781629,"MAIN_RIV":20773217,"LENGTH_KM":1.77,"CATCH_SKM":12.94,"DIS_AV_CMS":0.013,"ORD_STRA":1,"ORD_FLOW":8},"geometry":{"type":"LineString","coordinates":[[42.227083333332274,30.579166666666374],[42.227083333332274,30.568749999999717],[42.22291666666561,30.56458333333307]]}},{"type":"Feature","properties":{"HYRIV_ID":20781631,"NEXT_DOWN":20781485,"MAIN_RIV":20791150,"LENGTH_KM":3.1500001,"CATCH_SKM":18.48,"DIS_AV_CMS":0.003,"ORD_STRA":1,"ORD_FLOW":9},"geometry":{"type":"LineString","coordinates":[[43.787499999998914,30.562499999999694],[43.772916666665594,30.577083333333043],[43.76874999999893,30.57291666666638],[43.76458333333227,30.57291666666638]]}},{"type":"Feature","properties":{"HYRIV_ID":20781632,"NEXT_DOWN":20781486,"MAIN_RIV":20791150,"LENGTH_KM":4.21,"CATCH_SKM":31.98,"DIS_AV_CMS":0.006,"ORD_STRA":1,"ORD_FLOW":9},"geometry":{"type":"LineString","coordinates":[[43.82916666666557,30.56458333333307],[43.852083333332274,30.56458333333307],[43.8604166666656,30.57291666666638],[43.8687499999989,30.57291666666638]]}},{"type":"Feature","properties":{"HYRIV_ID":20781768,"NEXT_DOWN":20781769,"MAIN_RIV":20791150,"LENGTH_KM":4.25,"CATCH_SKM":8.1300001,"DIS_AV_CMS":0.019,"ORD_STRA":2,"ORD_FLOW":8},"geometry":{"type":"LineString","coordinates":[[43.556249999998926,30.577083333333043],[43.56041666666559,30.577083333333043],[43.56458333333225,30.57291666666638],[43.57291666666558,30.57291666666638],[43.589583333332286,30.5562499999997]]}},{"type":"Feature","properties":{"HYRIV_ID":20781769,"NEXT_DOWN":20781484,"MAIN_RIV":20791150,"LENGTH_KM":9.04,"CATCH_SKM":36.59,"DIS_AV_CMS":0.051,"ORD_STRA":3,"ORD_FLOW":8},"geometry":{"type":"LineString","coordinates":[[43.589583333332286,30.5562499999997],[43.59791666666561,30.56458333333307],[43.60624999999891,30.56458333333307],[43.61041666666557,30.568749999999717],[43.6187499999989,30.568749999999717],[43.62291666666556,30.57291666666638],[43.635416666665606,30.57291666666638],[43.63958333333227,30.577083333333043],[43.67291666666563,30.577083333333043]]}},{"type":"Feature","properties":{"HYRIV_ID":20781830,"NEXT_DOWN":20782290,"MAIN_RIV":20784146,"LENGTH_KM":6.37,"CATCH_SKM":44.529999,"DIS_AV_CMS":0.007,"ORD_STRA":1,"ORD_FLOW":9},"geometry":{"type":"LineString","coordinates":[[43.30208333333226,30.599999999999703],[43.30208333333226,30.585416666666355],[43.318749999998886,30.568749999999717],[43.318749999998886,30.56458333333307],[43.3270833333323,30.5562499999997],[43.32291666666555,30.55208333333305]]}},{"type":"Feature","properties":{"HYRIV_ID":20781831,"NEXT_DOWN":20781832,"MAIN_RIV":20791150,"LENGTH_KM":2.99,"CATCH_SKM":19.040001,"DIS_AV_CMS":0.004,"ORD_STRA":1,"ORD_FLOW":9},"geometry":{"type":"LineString","coordinates":[[43.55833333333226,30.55208333333305],[43.589583333332286,30.55208333333305]]}},{"type":"Feature","properties":{"HYRIV_ID":20781832,"NEXT_DOWN":20781769,"MAIN_RIV":20791150,"LENGTH_KM":0.46,"CATCH_SKM":1.66,"DIS_AV_CMS":0.042,"ORD_STRA":3,"ORD_FLOW":8},"geometry":{"type":"LineString","coordinates":[[43.589583333332286,30.55208333333305],[43.589583333332286,30.5562499999997]]}},{"type":"Feature","properties":{"HYRIV_ID":20781899,"NEXT_DOWN":20781347,"MAIN_RIV":20781347,"LENGTH_KM":4.1500001,"CATCH_SKM":25.139999,"DIS_AV_CMS":0.0,"ORD_STRA":3,"ORD_FLOW":10},"geometry":{"type":"LineString","coordinates":[[42.99791666666562,30.54791666666639],[43.00208333333228,30.55208333333305],[43.00208333333228,30.568749999999717],[43.01041666666558,30.577083333333043],[43.01041666666558,30.581249999999734]]}},{"type":"Feature","properties":{"HYRIV_ID":20781966,"NEXT_DOWN":20781768,"MAIN_RIV":20791150,"LENGTH_KM":6.0,"CATCH_SKM":21.629999,"DIS_AV_CMS":0.006,"ORD_STRA":1,"ORD_FLOW":9},"geometry":{"type":"LineString","coordinates":[[43.51249999999894,30.541666666666366],[43.52708333333223,30.5562499999997],[43.53124999999889,30.5562499999997],[43.54791666666563,30.57291666666638],[43.55208333333229,30.57291666666638],[43.556249999998926,30.577083333333043]]}},{"type":"Feature","properties":{"HYRIV_ID":20781967,"NEXT_DOWN":20781485,"MAIN_RIV":20791150,"LENGTH_KM":4.5300002,"CATCH_SKM":7.7600002,"DIS_AV_CMS":0.027,"ORD_STRA":2,"ORD_FLOW":8},"geometry":{"type":"LineString","coordinates":[[43.73541666666557,30.543749999999683],[43.7437499999989,30.55208333333305],[43.7437499999989,30.5562499999997],[43.760416666665634,30.57291666666638],[43.76458333333227,30.57291666666638]]}},{"type":"Feature","properties":{"HYRIV_ID":20782029,"NEXT_DOWN":20782030,"MAIN_RIV":20779691,"LENGTH_KM":7.7399998,"CATCH_SKM":26.25,"DIS_AV_CMS":0.028,"ORD_STRA":1,"ORD_FLOW":8},"geometry":{"type":"LineString","coordinates":[[42.295833333332325,30.5562499999997],[42.306249999998954,30.5562499999997],[42.31041666666562,30.560416666666363],[42.31874999999894,30.560416666666363],[42.322916666665606,30.5562499999997],[42.32708333333224,30.5562499999997],[42.3312499999989,30.560416666666363],[42.33541666666565,30.5562499999997],[42.339583333332314,30.5562499999997],[42.34791666666564,30.54791666666639],[42.3520833333323,30.54791666666639],[42.35624999999894,30.543749999999683],[42.35624999999894,30.539583333333034]]}},{"type":"Feature","properties":{"HYRIV_ID":20782030,"NEXT_DOWN":20782031,"MAIN_RIV":20779691,"LENGTH_KM":1.2,"CATCH_SKM":2.59,"DIS_AV_CMS":0.233,"ORD_STRA":3,"ORD_FLOW":7},"geometry":{"type":"LineString","coordinates":[[42.35624999999894,30.539583333333034],[42.368749999998926,30.539583333333034]]}},{"type":"Feature","properties":{"HYRIV_ID":20782031,"NEXT_DOWN":20781061,"MAIN_RIV":20779691,"LENGTH_KM":7.9699998,"CATCH_SKM":20.33,"DIS_AV_CMS":0.0,"ORD_STRA":4,"ORD_FLOW":10},"geometry":{"type":"LineString","coordinates":[[42.368749999998926,30.539583333333034],[42.381249999998886,30.55208333333305],[42.37708333333225,30.5562499999997],[42.37708333333225,30.56458333333307],[42.385416666665634,30.57291666666638],[42.385416666665634,30.577083333333043],[42.3895833333323,30.581249999999734],[42.381249999998886,30.58958333333306],[42.381249999998886,30.593749999999723],[42.385416666665634,30.59791666666637]]}},{"type":"Feature","properties":{"HYRIV_ID":20782032,"NEXT_DOWN":20782033,"MAIN_RIV":20780987,"LENGTH_KM":15.61,"CATCH_SKM":53.599998,"DIS_AV_CMS":0.008,"ORD_STRA":1,"ORD_FLOW":9},"geometry":{"type":"LineString","coordinates":[[42.81249999999898,30.560416666666363],[42.81874999999897,30.560416666666363],[42.822916666665606,30.56458333333307],[42.82708333333227,30.56458333333307],[42.83124999999893,30.568749999999717],[42.83958333333226,30.568749999999717],[42.83958333333226,30.577083333333043],[42.835416666665594,30.581249999999734],[42.83958333333226,30.585416666666355],[42.85208333333222,30.585416666666355],[42.86041666666563,30.577083333333043],[42.86458333333229,30.577083333333043],[42.87291666666562,30.568749999999717],[42.87708333333225,30.57291666666638],[42.881249999998914,30.57291666666638],[42.902083333332286,30.55208333333305],[42.90624999999895,30.55208333333305],[42.90624999999895,30.543749999999683],[42.91041666666561,30.539583333333034],[42.914583333332274,30.539583333333034]]}},{"type":"Feature","properties":{"HYRIV_ID":20782033,"NEXT_DOWN":20780987,"MAIN_RIV":20780987,"LENGTH_KM":10.87,"CATCH_SKM":44.720001,"DIS_AV_CMS":0.098,"ORD_STRA":4,"ORD_FLOW":8},"geometry":{"type":"LineString","coordinates":[[42.914583333332274,30.539583333333034],[42.91874999999894,30.543749999999683],[42.9229166666656,30.543749999999683],[42.93958333333231,30.560416666666363],[42.93958333333231,30.56458333333307],[42.9520833333323,30.577083333333043],[42.9520833333323,30.581249999999734],[42.95624999999893,30.585416666666355],[42.96458333333234,30.585416666666355],[42.96874999999892,30.58958333333306],[42.97291666666558,30.58958333333306],[42.98124999999888,30.59791666666637],[42.98541666666554,30.59791666666637],[42.98958333333229,30.602083333333077]]}},{"type":"Feature","properties":{"HYRIV_ID":20782034,"NEXT_DOWN":20782426,"MAIN_RIV":20781347,"LENGTH_KM":3.34,"CATCH_SKM":25.690001,"DIS_AV_CMS":0.009,"ORD_STRA":1,"ORD_FLOW":9},"geometry":{"type":"LineString","coordinates":[[43.133333333332274,30.554166666666383],[43.12291666666562,30.543749999999683],[43.114583333332206,30.543749999999683],[43.11041666666554,30.539583333333034],[43.10624999999891,30.539583333333034]]}},{"type":"Feature","properties":{"HYRIV_ID":20782098,"NEXT_DOWN":20780827,"MAIN_RIV":20766470,"LENGTH_KM":16.629999,"CATCH_SKM":70.980003,"DIS_AV_CMS":0.064,"ORD_STRA":1,"ORD_FLOW":8},"geometry":{"type":"LineString","coordinates":[[42.40416666666562,30.53541666666637],[42.41041666666558,30.53541666666637],[42.414583333332246,30.539583333333034],[42.414583333332246,30.543749999999683],[42.42708333333232,30.543749999999683],[42.43541666666562,30.55208333333305],[42.43541666666562,30.560416666666363],[42.431249999998954,30.56458333333307],[42.431249999998954,30.57291666666638],[42.43541666666562,30.577083333333043],[42.43958333333228,30.57291666666638],[42.44374999999894,30.577083333333043],[42.447916666665606,30.577083333333043],[42.45208333333227,30.581249999999734],[42.45624999999893,30.577083333333043],[42.464583333332314,30.585416666666355],[42.464583333332314,30.58958333333306],[42.46874999999898,30.593749999999723],[42.46874999999898,30.59791666666637],[42.47291666666564,30.602083333333077],[42.481249999998965,30.602083333333077],[42.4854166666656,30.59791666666637],[42.49791666666559,30.61041666666639]]}},{"type":"Feature","properties":{"HYRIV_ID":20782099,"NEXT_DOWN":20781899,"MAIN_RIV":20781347,"LENGTH_KM":6.6100001,"CATCH_SKM":23.48,"DIS_AV_CMS":0.004,"ORD_STRA":1,"ORD_FLOW":9},"geometry":{"type":"LineString","coordinates":[[42.9520833333323,30.53333333333304],[42.9520833333323,30.543749999999683],[42.960416666665594,30.55208333333305],[42.97291666666558,30.55208333333305],[42.977083333332246,30.54791666666639],[42.98124999999888,30.54791666666639],[42.98541666666554,30.55208333333305],[42.98958333333229,30.54791666666639],[42.99791666666562,30.54791666666639]]}},{"type":"Feature","properties":{"HYRIV_ID":20782100,"NEXT_DOWN":20782290,"MAIN_RIV":20784146,"LENGTH_KM":2.85,"CATCH_SKM":19.969999,"DIS_AV_CMS":0.003,"ORD_STRA":1,"ORD_FLOW":9},"geometry":{"type":"LineString","coordinates":[[43.337499999998954,30.53333333333304],[43.33124999999896,30.539583333333034],[43.33124999999896,30.543749999999683],[43.3270833333323,30.54791666666639],[43.3270833333323,30.55208333333305],[43.32291666666555,30.55208333333305]]}},{"type":"Feature","properties":{"HYRIV_ID":20782101,"NEXT_DOWN":20781967,"MAIN_RIV":20791150,"LENGTH_KM":1.38,"CATCH_SKM":13.13,"DIS_AV_CMS":0.002,"ORD_STRA":1,"ORD_FLOW":9},"geometry":{"type":"LineString","coordinates":[[43.729166666665606,30.53333333333304],[43.73541666666557,30.539583333333034],[43.73541666666557,30.543749999999683]]}},{"type":"Feature","properties":{"HYRIV_ID":20782143,"NEXT_DOWN":20782144,"MAIN_RIV":20773217,"LENGTH_KM":7.2,"CATCH_SKM":37.16,"DIS_AV_CMS":0.032,"ORD_STRA":1,"ORD_FLOW":8},"geometry":{"type":"LineString","coordinates":[[42.102083333332274,30.54999999999972],[42.102083333332274,30.543749999999683],[42.10624999999894,30.539583333333034],[42.1187499999989,30.539583333333034],[42.12291666666556,30.53541666666637],[42.135416666665634,30.53541666666637],[42.1395833333323,30.539583333333034],[42.147916666665594,30.539583333333034],[42.15208333333226,30.53541666666637],[42.15208333333226,30.53124999999971],[42.15624999999892,30.53124999999971]]}},{"type":"Feature","properties":{"HYRIV_ID":20782144,"NEXT_DOWN":20781628,"MAIN_RIV":20773217,"LENGTH_KM":4.1500001,"CATCH_SKM":22.559999,"DIS_AV_CMS":0.0,"ORD_STRA":5,"ORD_FLOW":10},"geometry":{"type":"LineString","coordinates":[[42.15624999999892,30.53124999999971],[42.16041666666558,30.53541666666637],[42.16041666666558,30.54791666666639],[42.168749999998994,30.5562499999997],[42.168749999998994,30.56458333333307]]}},{"type":"Feature","properties":{"HYRIV_ID":20782145,"NEXT_DOWN":20782146,"MAIN_RIV":20780987,"LENGTH_KM":3.23,"CATCH_SKM":19.780001,"DIS_AV_CMS":0.003,"ORD_STRA":1,"ORD_FLOW":9},"geometry":{"type":"LineString","coordinates":[[42.8583333333323,30.543749999999683],[42.86458333333229,30.543749999999683],[42.868749999998954,30.539583333333034],[42.87291666666562,30.539583333333034],[42.881249999998914,30.53124999999971],[42.88541666666558,30.53124999999971]]}},{"type":"Feature","properties":{"HYRIV_ID":20782146,"NEXT_DOWN":20782033,"MAIN_RIV":20780987,"LENGTH_KM":3.47,"CATCH_SKM":16.27,"DIS_AV_CMS":0.096,"ORD_STRA":4,"ORD_FLOW":8},"geometry":{"type":"LineString","coordinates":[[42.88541666666558,30.53124999999971],[42.91041666666561,30.53124999999971],[42.914583333332274,30.53541666666637],[42.914583333332274,30.539583333333034]]}},{"type":"Feature","properties":{"HYRIV_ID":20782147,"NEXT_DOWN":20781486,"MAIN_RIV":20791150,"LENGTH_KM":5.77,"CATCH_SKM":22.190001,"DIS_AV_CMS":0.021,"ORD_STRA":2,"ORD_FLOW":8},"geometry":{"type":"LineString","coordinates":[[43.89374999999893,30.53124999999971],[43.885416666665634,30.539583333333034],[43.88124999999897,30.539583333333034],[43.87291666666556,30.54791666666639],[43.87291666666556,30.5562499999997],[43.8687499999989,30.560416666666363],[43.8687499999989,30.57291666666638]]}},{"type":"Feature","properties":{"HYRIV_ID":20782148,"NEXT_DOWN":20781488,"MAIN_RIV":20791150,"LENGTH_KM":8.4799995,"CATCH_SKM":33.470001,"DIS_AV_CMS":0.014,"ORD_STRA":1,"ORD_FLOW":8},"geometry":{"type":"LineString","coordinates":[[43.979166666665606,30.537499999999746],[43.9854166666656,30.53124999999971],[43.98958333333226,30.53124999999971],[44.00208333333222,30.543749999999683],[44.006249999998886,30.543749999999683],[44.0145833333323,30.55208333333305],[44.022916666665594,30.55208333333305],[44.03124999999892,30.560416666666363],[44.03124999999892,30.56458333333307],[44.039583333332246,30.57291666666638]]}},{"type":"Feature","properties":{"HYRIV_ID":20782210,"NEXT_DOWN":20781629,"MAIN_RIV":20773217,"LENGTH_KM":4.7,"CATCH_SKM":31.059999,"DIS_AV_CMS":0.032,"ORD_STRA":1,"ORD_FLOW":8},"geometry":{"type":"LineString","coordinates":[[42.23124999999894,30.52499999999973],[42.23124999999894,30.53541666666637],[42.227083333332274,30.539583333333034],[42.227083333332274,30.560416666666363],[42.22291666666561,30.56458333333307]]}},{"type":"Feature","properties":{"HYRIV_ID":20782211,"NEXT_DOWN":20782426,"MAIN_RIV":20781347,"LENGTH_KM":2.9400001,"CATCH_SKM":17.200001,"DIS_AV_CMS":0.003,"ORD_STRA":1,"ORD_FLOW":9},"geometry":{"type":"LineString","coordinates":[[43.12916666666561,30.52499999999973],[43.12291666666562,30.53124999999971],[43.114583333332206,30.53124999999971],[43.10624999999891,30.539583333333034]]}},{"type":"Feature","properties":{"HYRIV_ID":20782212,"NEXT_DOWN":20781484,"MAIN_RIV":20791150,"LENGTH_KM":8.6899996,"CATCH_SKM":41.23,"DIS_AV_CMS":0.007,"ORD_STRA":1,"ORD_FLOW":9},"geometry":{"type":"LineString","coordinates":[[43.616666666665566,30.52708333333306],[43.62291666666556,30.52708333333306],[43.64374999999893,30.54791666666639],[43.647916666665594,30.54791666666639],[43.65624999999892,30.5562499999997],[43.6645833333323,30.5562499999997],[43.6645833333323,30.560416666666363],[43.668749999998965,30.56458333333307],[43.668749999998965,30.568749999999717],[43.67291666666563,30.57291666666638],[43.67291666666563,30.577083333333043]]}},{"type":"Feature","properties":{"HYRIV_ID":20782213,"NEXT_DOWN":20782147,"MAIN_RIV":20791150,"LENGTH_KM":0.46,"CATCH_SKM":1.85,"DIS_AV_CMS":0.012,"ORD_STRA":2,"ORD_FLOW":8},"geometry":{"type":"LineString","coordinates":[[43.89374999999893,30.52708333333306],[43.89374999999893,30.53124999999971]]}},{"type":"Feature","properties":{"HYRIV_ID":20782289,"NEXT_DOWN":20782622,"MAIN_RIV":20780987,"LENGTH_KM":3.97,"CATCH_SKM":21.07,"DIS_AV_CMS":0.003,"ORD_STRA":1,"ORD_FLOW":9},"geometry":{"type":"LineString","coordinates":[[42.758333333332246,30.54791666666639],[42.76458333333224,30.54791666666639],[42.76874999999899,30.543749999999683],[42.76874999999899,30.53541666666637],[42.76458333333224,30.53124999999971],[42.76874999999899,30.52708333333306],[42.76458333333224,30.522916666666397]]}},{"type":"Feature","properties":{"HYRIV_ID":20782290,"NEXT_DOWN":20782354,"MAIN_RIV":20784146,"LENGTH_KM":7.75,"CATCH_SKM":19.6,"DIS_AV_CMS":0.003,"ORD_STRA":2,"ORD_FLOW":9},"geometry":{"type":"LineString","coordinates":[[43.32291666666555,30.55208333333305],[43.318749999998886,30.55208333333305],[43.31041666666559,30.543749999999683],[43.31041666666559,30.539583333333034],[43.30208333333226,30.53124999999971],[43.28541666666564,30.53124999999971],[43.277083333332314,30.522916666666397],[43.272916666665566,30.522916666666397],[43.2687499999989,30.52708333333306],[43.26458333333227,30.522916666666397]]}},{"type":"Feature","properties":{"HYRIV_ID":20782291,"NEXT_DOWN":20781832,"MAIN_RIV":20791150,"LENGTH_KM":3.6900001,"CATCH_SKM":9.0600004,"DIS_AV_CMS":0.038,"ORD_STRA":3,"ORD_FLOW":8},"geometry":{"type":"LineString","coordinates":[[43.57708333333224,30.522916666666397],[43.57708333333224,30.52708333333306],[43.58541666666554,30.53541666666637],[43.58541666666554,30.539583333333034],[43.589583333332286,30.543749999999683],[43.589583333332286,30.55208333333305]]}},{"type":"Feature","properties":{"HYRIV_ID":20782350,"NEXT_DOWN":20782703,"MAIN_RIV":20773217,"LENGTH_KM":1.77,"CATCH_SKM":20.15,"DIS_AV_CMS":0.015,"ORD_STRA":1,"ORD_FLOW":8},"geometry":{"type":"LineString","coordinates":[[42.03541666666567,30.53333333333304],[42.03541666666567,30.52708333333306],[42.0395833333323,30.522916666666397],[42.0395833333323,30.51874999999969]]}},{"type":"Feature","properties":{"HYRIV_ID":20782351,"NEXT_DOWN":20782352,"MAIN_RIV":20780987,"LENGTH_KM":7.1700001,"CATCH_SKM":42.900002,"DIS_AV_CMS":0.007,"ORD_STRA":1,"ORD_FLOW":9},"geometry":{"type":"LineString","coordinates":[[42.683333333332314,30.545833333333057],[42.697916666665606,30.53124999999971],[42.71458333333226,30.53124999999971],[42.722916666665554,30.522916666666397],[42.731249999998965,30.522916666666397],[42.73541666666563,30.51874999999969],[42.743749999998954,30.51874999999969]]}},{"type":"Feature","properties":{"HYRIV_ID":20782352,"NEXT_DOWN":20782622,"MAIN_RIV":20780987,"LENGTH_KM":2.6300001,"CATCH_SKM":5.3600001,"DIS_AV_CMS":0.011,"ORD_STRA":2,"ORD_FLOW":8},"geometry":{"type":"LineString","coordinates":[[42.743749999998954,30.51874999999969],[42.74791666666559,30.522916666666397],[42.75208333333225,30.522916666666397],[42.756249999998914,30.52708333333306],[42.76041666666558,30.522916666666397],[42.76458333333224,30.522916666666397]]}},{"type":"Feature","properties":{"HYRIV_ID":20782353,"NEXT_DOWN":20783685,"MAIN_RIV":20784146,"LENGTH_KM":5.9299998,"CATCH_SKM":39.560001,"DIS_AV_CMS":0.006,"ORD_STRA":1,"ORD_FLOW":9},"geometry":{"type":"LineString","coordinates":[[43.270833333332234,30.562499999999694],[43.26458333333227,30.5562499999997],[43.260416666665606,30.5562499999997],[43.25624999999894,30.55208333333305],[43.25624999999894,30.543749999999683],[43.24791666666562,30.53541666666637],[43.24791666666562,30.51874999999969]]}},{"type":"Feature","properties":{"HYRIV_ID":20782354,"NEXT_DOWN":20783685,"MAIN_RIV":20784146,"LENGTH_KM":1.81,"CATCH_SKM":2.4,"DIS_AV_CMS":0.007,"ORD_STRA":3,"ORD_FLOW":9},"geometry":{"type":"LineString","coordinates":[[43.26458333333227,30.522916666666397],[43.25208333333228,30.522916666666397],[43.24791666666562,30.51874999999969]]}},{"type":"Feature","properties":{"HYRIV_ID":20782424,"NEXT_DOWN":20782031,"MAIN_RIV":20779691,"LENGTH_KM":2.9300001,"CATCH_SKM":10.36,"DIS_AV_CMS":0.0,"ORD_STRA":4,"ORD_FLOW":10},"geometry":{"type":"LineString","coordinates":[[42.36458333333226,30.514583333333043],[42.368749999998926,30.51874999999969],[42.368749999998926,30.539583333333034]]}},{"type":"Feature","properties":{"HYRIV_ID":20782425,"NEXT_DOWN":20782870,"MAIN_RIV":20781347,"LENGTH_KM":8.4399996,"CATCH_SKM":37.700001,"DIS_AV_CMS":0.006,"ORD_STRA":1,"ORD_FLOW":9},"geometry":{"type":"LineString","coordinates":[[43.0708333333323,30.579166666666374],[43.0770833333323,30.57291666666638],[43.0770833333323,30.56458333333307],[43.06041666666556,30.54791666666639],[43.06041666666556,30.52708333333306],[43.056249999998926,30.522916666666397],[43.06458333333231,30.514583333333043]]}},{"type":"Feature","properties":{"HYRIV_ID":20782426,"NEXT_DOWN":20782870,"MAIN_RIV":20781347,"LENGTH_KM":5.2600002,"CATCH_SKM":23.48,"DIS_AV_CMS":0.009,"ORD_STRA":2,"ORD_FLOW":9},"geometry":{"type":"LineString","coordinates":[[43.10624999999891,30.539583333333034],[43.102083333332246,30.53541666666637],[43.08958333333226,30.53541666666637],[43.072916666665634,30.51874999999969],[43.06874999999897,30.51874999999969],[43.06458333333231,30.514583333333043]]}},{"type":"Feature","properties":{"HYRIV_ID":20782495,"NEXT_DOWN":20782496,"MAIN_RIV":20773217,"LENGTH_KM":3.1900001,"CATCH_SKM":20.34,"DIS_AV_CMS":0.012,"ORD_STRA":1,"ORD_FLOW":8},"geometry":{"type":"LineString","coordinates":[[41.98333333333227,30.52499999999973],[41.989583333332234,30.51874999999969],[41.997916666665645,30.51874999999969],[42.00208333333231,30.514583333333043],[42.00624999999897,30.514583333333043],[42.00624999999897,30.51041666666638]]}},{"type":"Feature","properties":{"HYRIV_ID":20782496,"NEXT_DOWN":20782703,"MAIN_RIV":20773217,"LENGTH_KM":3.62,"CATCH_SKM":7.77,"DIS_AV_CMS":0.028,"ORD_STRA":2,"ORD_FLOW":8},"geometry":{"type":"LineString","coordinates":[[42.00624999999897,30.51041666666638],[42.022916666665594,30.51041666666638],[42.03124999999892,30.51874999999969],[42.0395833333323,30.51874999999969]]}},{"type":"Feature","properties":{"HYRIV_ID":20782497,"NEXT_DOWN":20782619,"MAIN_RIV":20779691,"LENGTH_KM":0.6,"CATCH_SKM":13.69,"DIS_AV_CMS":0.014,"ORD_STRA":1,"ORD_FLOW":8},"geometry":{"type":"LineString","coordinates":[[42.274999999998926,30.51041666666638],[42.28124999999892,30.51041666666638]]}},{"type":"Feature","properties":{"HYRIV_ID":20782498,"NEXT_DOWN":20782619,"MAIN_RIV":20779691,"LENGTH_KM":0.92,"CATCH_SKM":14.61,"DIS_AV_CMS":0.015,"ORD_STRA":1,"ORD_FLOW":8},"geometry":{"type":"LineString","coordinates":[[42.274999999998926,30.51666666666636],[42.28124999999892,30.51041666666638]]}},{"type":"Feature","properties":{"HYRIV_ID":20782499,"NEXT_DOWN":20782030,"MAIN_RIV":20779691,"LENGTH_KM":4.5300002,"CATCH_SKM":17.01,"DIS_AV_CMS":0.203,"ORD_STRA":3,"ORD_FLOW":7},"geometry":{"type":"LineString","coordinates":[[42.32708333333224,30.51041666666638],[42.33541666666565,30.51874999999969],[42.33541666666565,30.522916666666397],[42.34374999999898,30.53124999999971],[42.34791666666564,30.53124999999971],[42.35624999999894,30.539583333333034]]}},{"type":"Feature","properties":{"HYRIV_ID":20782500,"NEXT_DOWN":20781899,"MAIN_RIV":20781347,"LENGTH_KM":4.6100001,"CATCH_SKM":14.61,"DIS_AV_CMS":0.009,"ORD_STRA":3,"ORD_FLOW":9},"geometry":{"type":"LineString","coordinates":[[43.01041666666558,30.51041666666638],[43.01041666666558,30.51874999999969],[43.006249999998914,30.522916666666397],[43.006249999998914,30.52708333333306],[43.00208333333228,30.53124999999971],[43.00208333333228,30.53541666666637],[42.99791666666562,30.539583333333034],[42.99791666666562,30.54791666666639]]}},{"type":"Feature","properties":{"HYRIV_ID":20782501,"NEXT_DOWN":20781485,"MAIN_RIV":20791150,"LENGTH_KM":8.2799997,"CATCH_SKM":14.98,"DIS_AV_CMS":0.031,"ORD_STRA":3,"ORD_FLOW":8},"geometry":{"type":"LineString","coordinates":[[43.75208333333231,30.51041666666638],[43.75208333333231,30.514583333333043],[43.7437499999989,30.522916666666397],[43.74791666666556,30.52708333333306],[43.74791666666556,30.53124999999971],[43.75208333333231,30.53541666666637],[43.75208333333231,30.539583333333034],[43.76458333333227,30.55208333333305],[43.76458333333227,30.560416666666363],[43.76874999999893,30.56458333333307],[43.76874999999893,30.568749999999717],[43.76458333333227,30.57291666666638]]}},{"type":"Feature","properties":{"HYRIV_ID":20782563,"NEXT_DOWN":20782496,"MAIN_RIV":20773217,"LENGTH_KM":0.92,"CATCH_SKM":13.69,"DIS_AV_CMS":0.009,"ORD_STRA":1,"ORD_FLOW":9},"geometry":{"type":"LineString","coordinates":[[41.99999999999898,30.504166666666386],[42.00624999999897,30.51041666666638]]}},{"type":"Feature","properties":{"HYRIV_ID":20782564,"NEXT_DOWN":20782623,"MAIN_RIV":20791150,"LENGTH_KM":2.53,"CATCH_SKM":15.35,"DIS_AV_CMS":0.002,"ORD_STRA":1,"ORD_FLOW":9},"geometry":{"type":"LineString","coordinates":[[43.46874999999895,30.52499999999973],[43.46874999999895,30.51874999999969],[43.47291666666561,30.514583333333043],[43.46874999999895,30.51041666666638],[43.47291666666561,30.506249999999717]]}},{"type":"Feature","properties":{"HYRIV_ID":20782618,"NEXT_DOWN":20782144,"MAIN_RIV":20773217,"LENGTH_KM":5.98,"CATCH_SKM":25.889999,"DIS_AV_CMS":0.0,"ORD_STRA":5,"ORD_FLOW":10},"geometry":{"type":"LineString","coordinates":[[42.11458333333226,30.50208333333307],[42.1187499999989,30.506249999999717],[42.13124999999897,30.506249999999717],[42.135416666665634,30.51041666666638],[42.14374999999896,30.51041666666638],[42.147916666665594,30.514583333333043],[42.147916666665594,30.522916666666397],[42.15624999999892,30.53124999999971]]}},{"type":"Feature","properties":{"HYRIV_ID":20782619,"NEXT_DOWN":20782499,"MAIN_RIV":20779691,"LENGTH_KM":5.2399998,"CATCH_SKM":11.28,"DIS_AV_CMS":0.041,"ORD_STRA":2,"ORD_FLOW":8},"geometry":{"type":"LineString","coordinates":[[42.28124999999892,30.51041666666638],[42.28958333333233,30.51041666666638],[42.293749999998994,30.506249999999717],[42.29791666666566,30.506249999999717],[42.30208333333229,30.50208333333307],[42.306249999998954,30.50208333333307],[42.31041666666562,30.506249999999717],[42.31458333333228,30.506249999999717],[42.31874999999894,30.51041666666638],[42.32708333333224,30.51041666666638]]}},{"type":"Feature","properties":{"HYRIV_ID":20782620,"NEXT_DOWN":20782621,"MAIN_RIV":20782621,"LENGTH_KM":1.0,"CATCH_SKM":12.02,"DIS_AV_CMS":0.007,"ORD_STRA":1,"ORD_FLOW":9},"geometry":{"type":"LineString","coordinates":[[42.491666666665594,30.50208333333307],[42.50208333333225,30.50208333333307]]}},{"type":"Feature","properties":{"HYRIV_ID":20782621,"NEXT_DOWN":0,"MAIN_RIV":20782621,"LENGTH_KM":8.87,"CATCH_SKM":31.43,"DIS_AV_CMS":0.087,"ORD_STRA":3,"ORD_FLOW":8},"geometry":{"type":"LineString","coordinates":[[42.50208333333225,30.50208333333307],[42.506249999998914,30.506249999999717],[42.506249999998914,30.51041666666638],[42.50208333333225,30.514583333333043],[42.506249999998914,30.51874999999969],[42.506249999998914,30.52708333333306],[42.5145833333323,30.53541666666637],[42.5145833333323,30.54791666666639],[42.527083333332286,30.560416666666363],[42.539583333332246,30.560416666666363]]}},{"type":"Feature","properties":{"HYRIV_ID":20782622,"NEXT_DOWN":20782790,"MAIN_RIV":20780987,"LENGTH_KM":2.9100001,"CATCH_SKM":8.5100002,"DIS_AV_CMS":0.015,"ORD_STRA":2,"ORD_FLOW":8},"geometry":{"type":"LineString","coordinates":[[42.76458333333224,30.522916666666397],[42.77291666666562,30.514583333333043],[42.77291666666562,30.51041666666638],[42.78124999999895,30.50208333333307]]}},{"type":"Feature","properties":{"HYRIV_ID":20782623,"NEXT_DOWN":20782624,"MAIN_RIV":20791150,"LENGTH_KM":2.21,"CATCH_SKM":4.25,"DIS_AV_CMS":0.015,"ORD_STRA":2,"ORD_FLOW":8},"geometry":{"type":"LineString","coordinates":[[43.47291666666561,30.506249999999717],[43.48541666666557,30.506249999999717],[43.489583333332234,30.50208333333307],[43.4937499999989,30.50208333333307]]}},{"type":"Feature","properties":{"HYRIV_ID":20782624,"NEXT_DOWN":20782625,"MAIN_RIV":20791150,"LENGTH_KM":2.0,"CATCH_SKM":7.4,"DIS_AV_CMS":0.025,"ORD_STRA":3,"ORD_FLOW":8},"geometry":{"type":"LineString","coordinates":[[43.4937499999989,30.50208333333307],[43.51458333333227,30.50208333333307]]}},{"type":"Feature","properties":{"HYRIV_ID":20782625,"NEXT_DOWN":20782291,"MAIN_RIV":20791150,"LENGTH_KM":7.3,"CATCH_SKM":20.34,"DIS_AV_CMS":0.025,"ORD_STRA":3,"ORD_FLOW":8},"geometry":{"type":"LineString","coordinates":[[43.51458333333227,30.50208333333307],[43.52708333333223,30.50208333333307],[43.53124999999889,30.506249999999717],[43.53124999999889,30.51041666666638],[43.54791666666563,30.51041666666638],[43.556249999998926,30.51874999999969],[43.57291666666558,30.51874999999969],[43.57708333333224,30.522916666666397]]}},{"type":"Feature","properties":{"HYRIV_ID":20782626,"NEXT_DOWN":20782501,"MAIN_RIV":20791150,"LENGTH_KM":2.02,"CATCH_SKM":5.3600001,"DIS_AV_CMS":0.018,"ORD_STRA":2,"ORD_FLOW":8},"geometry":{"type":"LineString","coordinates":[[43.76874999999893,30.50208333333307],[43.76458333333227,30.50208333333307],[43.75624999999897,30.51041666666638],[43.75208333333231,30.51041666666638]]}},{"type":"Feature","properties":{"HYRIV_ID":20782627,"NEXT_DOWN":20782626,"MAIN_RIV":20791150,"LENGTH_KM":3.1900001,"CATCH_SKM":17.379999,"DIS_AV_CMS":0.012,"ORD_STRA":2,"ORD_FLOW":8},"geometry":{"type":"LineString","coordinates":[[43.80208333333229,30.50208333333307],[43.76874999999893,30.50208333333307]]}},{"type":"Feature","properties":{"HYRIV_ID":20782628,"NEXT_DOWN":20782213,"MAIN_RIV":20791150,"LENGTH_KM":5.3800001,"CATCH_SKM":20.34,"DIS_AV_CMS":0.004,"ORD_STRA":1,"ORD_FLOW":9},"geometry":{"type":"LineString","coordinates":[[43.87499999999889,30.506249999999717],[43.885416666665634,30.506249999999717],[43.8895833333323,30.50208333333307],[43.89374999999893,30.506249999999717],[43.897916666665594,30.506249999999717],[43.90208333333226,30.51041666666638],[43.90208333333226,30.514583333333043],[43.897916666665594,30.51874999999969],[43.897916666665594,30.522916666666397],[43.89374999999893,30.52708333333306]]}},{"type":"Feature","properties":{"HYRIV_ID":20782629,"NEXT_DOWN":20782147,"MAIN_RIV":20791150,"LENGTH_KM":9.5100002,"CATCH_SKM":33.66,"DIS_AV_CMS":0.006,"ORD_STRA":1,"ORD_FLOW":9},"geometry":{"type":"LineString","coordinates":[[43.93749999999895,30.499999999999737],[43.943749999998914,30.506249999999717],[43.93541666666562,30.514583333333043],[43.93541666666562,30.53541666666637],[43.931249999998954,30.539583333333034],[43.92708333333229,30.539583333333034],[43.92291666666554,30.543749999999683],[43.914583333332246,30.543749999999683],[43.91041666666558,30.539583333333034],[43.90208333333226,30.539583333333034],[43.89374999999893,30.53124999999971]]}},{"type":"Feature","properties":{"HYRIV_ID":20782703,"NEXT_DOWN":20782788,"MAIN_RIV":20773217,"LENGTH_KM":3.31,"CATCH_SKM":11.46,"DIS_AV_CMS":0.054,"ORD_STRA":2,"ORD_FLOW":8},"geometry":{"type":"LineString","coordinates":[[42.0395833333323,30.51874999999969],[42.043749999998965,30.51874999999969],[42.06041666666562,30.50208333333307],[42.06041666666562,30.497916666666406]]}},{"type":"Feature","properties":{"HYRIV_ID":20782704,"NEXT_DOWN":20780827,"MAIN_RIV":20766470,"LENGTH_KM":16.379999,"CATCH_SKM":54.169998,"DIS_AV_CMS":0.041,"ORD_STRA":1,"ORD_FLOW":8},"geometry":{"type":"LineString","coordinates":[[42.433333333332286,30.49583333333303],[42.43958333333228,30.50208333333307],[42.43958333333228,30.51874999999969],[42.447916666665606,30.52708333333306],[42.447916666665606,30.53541666666637],[42.45208333333227,30.539583333333034],[42.460416666665566,30.539583333333034],[42.4854166666656,30.56458333333307],[42.48958333333226,30.56458333333307],[42.49791666666559,30.57291666666638],[42.49791666666559,30.581249999999734],[42.493749999998926,30.585416666666355],[42.493749999998926,30.58958333333306],[42.50208333333225,30.59791666666637],[42.50208333333225,30.60624999999974],[42.49791666666559,30.61041666666639]]}},{"type":"Feature","properties":{"HYRIV_ID":20782705,"NEXT_DOWN":0,"MAIN_RIV":20782705,"LENGTH_KM":8.87,"CATCH_SKM":58.630001,"DIS_AV_CMS":0.032,"ORD_STRA":1,"ORD_FLOW":8},"geometry":{"type":"LineString","coordinates":[[42.539583333332246,30.49583333333303],[42.539583333332246,30.50208333333307],[42.53541666666561,30.506249999999717],[42.53541666666561,30.514583333333043],[42.527083333332286,30.522916666666397],[42.527083333332286,30.52708333333306],[42.53124999999895,30.53124999999971],[42.53124999999895,30.539583333333034],[42.539583333332246,30.539583333333034],[42.543749999998994,30.543749999999683],[42.543749999998994,30.5562499999997],[42.539583333332246,30.560416666666363]]}},{"type":"Feature","properties":{"HYRIV_ID":20782706,"NEXT_DOWN":20782707,"MAIN_RIV":20781346,"LENGTH_KM":6.0100002,"CATCH_SKM":28.290001,"DIS_AV_CMS":0.009,"ORD_STRA":1,"ORD_FLOW":9},"geometry":{"type":"LineString","coordinates":[[42.59999999999897,30.520833333333023],[42.58958333333223,30.51041666666638],[42.59374999999889,30.506249999999717],[42.62291666666559,30.506249999999717],[42.62708333333225,30.50208333333307],[42.62708333333225,30.497916666666406]]}},{"type":"Feature","properties":{"HYRIV_ID":20782707,"NEXT_DOWN":20781346,"MAIN_RIV":20781346,"LENGTH_KM":10.85,"CATCH_SKM":29.950001,"DIS_AV_CMS":0.029,"ORD_STRA":2,"ORD_FLOW":8},"geometry":{"type":"LineString","coordinates":[[42.62708333333225,30.497916666666406],[42.631249999998914,30.497916666666406],[42.63541666666558,30.50208333333307],[42.63541666666558,30.506249999999717],[42.6395833333323,30.51041666666638],[42.6395833333323,30.514583333333043],[42.64374999999896,30.51874999999969],[42.64374999999896,30.539583333333034],[42.62708333333225,30.5562499999997],[42.62708333333225,30.560416666666363],[42.62291666666559,30.56458333333307],[42.62291666666559,30.581249999999734]]}},{"type":"Feature","properties":{"HYRIV_ID":20782708,"NEXT_DOWN":20782352,"MAIN_RIV":20780987,"LENGTH_KM":3.76,"CATCH_SKM":19.790001,"DIS_AV_CMS":0.003,"ORD_STRA":1,"ORD_FLOW":9},"geometry":{"type":"LineString","coordinates":[[42.729166666665634,30.497916666666406],[42.73958333333229,30.497916666666406],[42.743749999998954,30.50208333333307],[42.73958333333229,30.506249999999717],[42.743749999998954,30.51041666666638],[42.743749999998954,30.51874999999969]]}},{"type":"Feature","properties":{"HYRIV_ID":20782709,"NEXT_DOWN":20782627,"MAIN_RIV":20791150,"LENGTH_KM":6.04,"CATCH_SKM":24.6,"DIS_AV_CMS":0.005,"ORD_STRA":1,"ORD_FLOW":9},"geometry":{"type":"LineString","coordinates":[[43.845833333332195,30.49583333333303],[43.83958333333223,30.50208333333307],[43.835416666665566,30.50208333333307],[43.8312499999989,30.506249999999717],[43.8312499999989,30.51041666666638],[43.82708333333224,30.514583333333043],[43.82291666666558,30.51041666666638],[43.81458333333225,30.51041666666638],[43.81041666666562,30.506249999999717],[43.806249999998954,30.506249999999717],[43.80208333333229,30.50208333333307]]}},{"type":"Feature","properties":{"HYRIV_ID":20782788,"NEXT_DOWN":20782789,"MAIN_RIV":20773217,"LENGTH_KM":1.81,"CATCH_SKM":2.22,"DIS_AV_CMS":0.0,"ORD_STRA":5,"ORD_FLOW":10},"geometry":{"type":"LineString","coordinates":[[42.06041666666562,30.497916666666406],[42.068749999998914,30.497916666666406],[42.07291666666566,30.4937499999997],[42.077083333332325,30.4937499999997]]}},{"type":"Feature","properties":{"HYRIV_ID":20782789,"NEXT_DOWN":20782618,"MAIN_RIV":20773217,"LENGTH_KM":4.02,"CATCH_SKM":9.8,"DIS_AV_CMS":0.0,"ORD_STRA":5,"ORD_FLOW":10},"geometry":{"type":"LineString","coordinates":[[42.077083333332325,30.4937499999997],[42.08124999999899,30.4937499999997],[42.08541666666565,30.497916666666406],[42.089583333332314,30.497916666666406],[42.09374999999895,30.50208333333307],[42.11458333333226,30.50208333333307]]}},{"type":"Feature","properties":{"HYRIV_ID":20782790,"NEXT_DOWN":20782945,"MAIN_RIV":20780987,"LENGTH_KM":8.1899996,"CATCH_SKM":31.25,"DIS_AV_CMS":0.03,"ORD_STRA":3,"ORD_FLOW":8},"geometry":{"type":"LineString","coordinates":[[42.78124999999895,30.50208333333307],[42.789583333332274,30.50208333333307],[42.79374999999894,30.506249999999717],[42.80624999999898,30.506249999999717],[42.810416666665645,30.51041666666638],[42.81874999999897,30.51041666666638],[42.822916666665606,30.514583333333043],[42.82708333333227,30.514583333333043],[42.83124999999893,30.51041666666638],[42.835416666665594,30.51041666666638],[42.84374999999892,30.50208333333307],[42.84374999999892,30.4937499999997]]}},{"type":"Feature","properties":{"HYRIV_ID":20782791,"NEXT_DOWN":20782792,"MAIN_RIV":20781347,"LENGTH_KM":0.92,"CATCH_SKM":12.95,"DIS_AV_CMS":0.002,"ORD_STRA":1,"ORD_FLOW":9},"geometry":{"type":"LineString","coordinates":[[42.98333333333221,30.499999999999737],[42.98958333333229,30.4937499999997]]}},{"type":"Feature","properties":{"HYRIV_ID":20782792,"NEXT_DOWN":20782500,"MAIN_RIV":20781347,"LENGTH_KM":3.35,"CATCH_SKM":11.28,"DIS_AV_CMS":0.013,"ORD_STRA":2,"ORD_FLOW":8},"geometry":{"type":"LineString","coordinates":[[42.98958333333229,30.4937499999997],[43.00208333333228,30.4937499999997],[43.006249999998914,30.497916666666406],[43.006249999998914,30.506249999999717],[43.01041666666558,30.51041666666638]]}},{"type":"Feature","properties":{"HYRIV_ID":20782793,"NEXT_DOWN":20782794,"MAIN_RIV":20791150,"LENGTH_KM":10.01,"CATCH_SKM":51.759998,"DIS_AV_CMS":0.006,"ORD_STRA":1,"ORD_FLOW":9},"geometry":{"type":"LineString","coordinates":[[43.40208333333223,30.57083333333305],[43.40208333333223,30.56458333333307],[43.40624999999898,30.560416666666363],[43.40624999999898,30.543749999999683],[43.41041666666564,30.539583333333034],[43.41041666666564,30.51874999999969],[43.418749999998965,30.51041666666638],[43.4229166666656,30.51041666666638],[43.435416666665674,30.497916666666406],[43.435416666665674,30.4937499999997]]}},{"type":"Feature","properties":{"HYRIV_ID":20782794,"NEXT_DOWN":20782795,"MAIN_RIV":20791150,"LENGTH_KM":2.82,"CATCH_SKM":6.6599998,"DIS_AV_CMS":0.015,"ORD_STRA":2,"ORD_FLOW":8},"geometry":{"type":"LineString","coordinates":[[43.435416666665674,30.4937499999997],[43.44791666666558,30.4937499999997],[43.45208333333221,30.497916666666406],[43.45624999999896,30.4937499999997],[43.46041666666562,30.4937499999997]]}},{"type":"Feature","properties":{"HYRIV_ID":20782795,"NEXT_DOWN":20782623,"MAIN_RIV":20791150,"LENGTH_KM":1.83,"CATCH_SKM":5.1799998,"DIS_AV_CMS":0.017,"ORD_STRA":2,"ORD_FLOW":8},"geometry":{"type":"LineString","coordinates":[[43.46041666666562,30.4937499999997],[43.47291666666561,30.506249999999717]]}},{"type":"Feature","properties":{"HYRIV_ID":20782870,"NEXT_DOWN":20782500,"MAIN_RIV":20781347,"LENGTH_KM":7.7800002,"CATCH_SKM":28.110001,"DIS_AV_CMS":0.009,"ORD_STRA":2,"ORD_FLOW":9},"geometry":{"type":"LineString","coordinates":[[43.06458333333231,30.514583333333043],[43.0479166666656,30.497916666666406],[43.04374999999894,30.497916666666406],[43.03541666666561,30.48958333333305],[43.03124999999895,30.48958333333305],[43.02291666666565,30.497916666666406],[43.02291666666565,30.50208333333307],[43.01458333333224,30.51041666666638],[43.01041666666558,30.51041666666638]]}},{"type":"Feature","properties":{"HYRIV_ID":20782871,"NEXT_DOWN":20782291,"MAIN_RIV":20791150,"LENGTH_KM":4.0,"CATCH_SKM":8.5100002,"DIS_AV_CMS":0.016,"ORD_STRA":2,"ORD_FLOW":8},"geometry":{"type":"LineString","coordinates":[[43.57708333333224,30.48958333333305],[43.57708333333224,30.50208333333307],[43.581249999998875,30.506249999999717],[43.581249999998875,30.51874999999969],[43.57708333333224,30.522916666666397]]}},{"type":"Feature","properties":{"HYRIV_ID":20782945,"NEXT_DOWN":20782946,"MAIN_RIV":20780987,"LENGTH_KM":1.62,"CATCH_SKM":2.4,"DIS_AV_CMS":0.033,"ORD_STRA":3,"ORD_FLOW":8},"geometry":{"type":"LineString","coordinates":[[42.84374999999892,30.4937499999997],[42.84791666666558,30.48958333333305],[42.85208333333222,30.48958333333305],[42.856249999998965,30.48541666666639]]}},{"type":"Feature","properties":{"HYRIV_ID":20782946,"NEXT_DOWN":20782146,"MAIN_RIV":20780987,"LENGTH_KM":6.1300001,"CATCH_SKM":15.17,"DIS_AV_CMS":0.095,"ORD_STRA":4,"ORD_FLOW":8},"geometry":{"type":"LineString","coordinates":[[42.856249999998965,30.48541666666639],[42.868749999998954,30.497916666666406],[42.868749999998954,30.50208333333307],[42.87291666666562,30.506249999999717],[42.87291666666562,30.51874999999969],[42.88541666666558,30.53124999999971]]}},{"type":"Feature","properties":{"HYRIV_ID":20782947,"NEXT_DOWN":20782354,"MAIN_RIV":20784146,"LENGTH_KM":7.0500002,"CATCH_SKM":24.049999,"DIS_AV_CMS":0.007,"ORD_STRA":2,"ORD_FLOW":9},"geometry":{"type":"LineString","coordinates":[[43.31041666666559,30.48541666666639],[43.29374999999894,30.48541666666639],[43.2895833333323,30.48958333333305],[43.2895833333323,30.497916666666406],[43.272916666665566,30.514583333333043],[43.2687499999989,30.514583333333043],[43.26458333333227,30.51874999999969],[43.26458333333227,30.522916666666397]]}},{"type":"Feature","properties":{"HYRIV_ID":20782948,"NEXT_DOWN":20782947,"MAIN_RIV":20784146,"LENGTH_KM":0.92,"CATCH_SKM":12.95,"DIS_AV_CMS":0.002,"ORD_STRA":1,"ORD_FLOW":9},"geometry":{"type":"LineString","coordinates":[[43.31666666666558,30.49166666666637],[43.31041666666559,30.48541666666639]]}},{"type":"Feature","properties":{"HYRIV_ID":20782949,"NEXT_DOWN":20782795,"MAIN_RIV":20791150,"LENGTH_KM":1.31,"CATCH_SKM":12.21,"DIS_AV_CMS":0.002,"ORD_STRA":1,"ORD_FLOW":9},"geometry":{"type":"LineString","coordinates":[[43.45624999999896,30.483333333333057],[43.45624999999896,30.48958333333305],[43.46041666666562,30.4937499999997]]}},{"type":"Feature","properties":{"HYRIV_ID":20782950,"NEXT_DOWN":20782625,"MAIN_RIV":20791150,"LENGTH_KM":2.08,"CATCH_SKM":15.36,"DIS_AV_CMS":0.003,"ORD_STRA":1,"ORD_FLOW":9},"geometry":{"type":"LineString","coordinates":[[43.51458333333227,30.483333333333057],[43.51458333333227,30.50208333333307]]}},{"type":"Feature","properties":{"HYRIV_ID":20783019,"NEXT_DOWN":20783020,"MAIN_RIV":20779691,"LENGTH_KM":4.1599998,"CATCH_SKM":14.98,"DIS_AV_CMS":0.015,"ORD_STRA":1,"ORD_FLOW":8},"geometry":{"type":"LineString","coordinates":[[42.287499999998914,30.483333333333057],[42.293749999998994,30.48958333333305],[42.29791666666566,30.48541666666639],[42.30208333333229,30.48958333333305],[42.306249999998954,30.48541666666639],[42.31041666666562,30.48541666666639],[42.31458333333228,30.481249999999726],[42.31874999999894,30.481249999999726]]}},{"type":"Feature","properties":{"HYRIV_ID":20783020,"NEXT_DOWN":20782499,"MAIN_RIV":20779691,"LENGTH_KM":3.84,"CATCH_SKM":9.25,"DIS_AV_CMS":0.146,"ORD_STRA":2,"ORD_FLOW":7},"geometry":{"type":"LineString","coordinates":[[42.31874999999894,30.481249999999726],[42.3312499999989,30.4937499999997],[42.3312499999989,30.50208333333307],[42.32708333333224,30.506249999999717],[42.32708333333224,30.51041666666638]]}},{"type":"Feature","properties":{"HYRIV_ID":20783021,"NEXT_DOWN":20782707,"MAIN_RIV":20781346,"LENGTH_KM":2.3,"CATCH_SKM":4.81,"DIS_AV_CMS":0.017,"ORD_STRA":2,"ORD_FLOW":8},"geometry":{"type":"LineString","coordinates":[[42.61458333333226,30.481249999999726],[42.62291666666559,30.48958333333305],[42.62291666666559,30.4937499999997],[42.62708333333225,30.497916666666406]]}},{"type":"Feature","properties":{"HYRIV_ID":20783022,"NEXT_DOWN":20782945,"MAIN_RIV":20780987,"LENGTH_KM":4.54,"CATCH_SKM":19.43,"DIS_AV_CMS":0.003,"ORD_STRA":1,"ORD_FLOW":9},"geometry":{"type":"LineString","coordinates":[[42.80416666666565,30.479166666666394],[42.810416666665645,30.48541666666639],[42.822916666665606,30.48541666666639],[42.83124999999893,30.4937499999997],[42.84374999999892,30.4937499999997]]}},{"type":"Feature","properties":{"HYRIV_ID":20783023,"NEXT_DOWN":20782794,"MAIN_RIV":20791150,"LENGTH_KM":6.1799998,"CATCH_SKM":43.470001,"DIS_AV_CMS":0.008,"ORD_STRA":1,"ORD_FLOW":9},"geometry":{"type":"LineString","coordinates":[[43.38749999999894,30.49166666666637],[43.397916666665566,30.481249999999726],[43.40624999999898,30.481249999999726],[43.41041666666564,30.48541666666639],[43.4145833333323,30.48541666666639],[43.4229166666656,30.4937499999997],[43.42708333333226,30.48958333333305],[43.431249999998926,30.48958333333305],[43.435416666665674,30.4937499999997]]}},{"type":"Feature","properties":{"HYRIV_ID":20783024,"NEXT_DOWN":20782871,"MAIN_RIV":20791150,"LENGTH_KM":2.73,"CATCH_SKM":15.36,"DIS_AV_CMS":0.003,"ORD_STRA":1,"ORD_FLOW":9},"geometry":{"type":"LineString","coordinates":[[43.554166666665594,30.479166666666394],[43.56458333333225,30.48958333333305],[43.57708333333224,30.48958333333305]]}},{"type":"Feature","properties":{"HYRIV_ID":20783025,"NEXT_DOWN":20782501,"MAIN_RIV":20791150,"LENGTH_KM":5.08,"CATCH_SKM":8.5100002,"DIS_AV_CMS":0.015,"ORD_STRA":2,"ORD_FLOW":8},"geometry":{"type":"LineString","coordinates":[[43.72291666666561,30.481249999999726],[43.727083333332274,30.48541666666639],[43.72291666666561,30.48958333333305],[43.739583333332234,30.506249999999717],[43.74791666666556,30.506249999999717],[43.75208333333231,30.51041666666638]]}},{"type":"Feature","properties":{"HYRIV_ID":20783081,"NEXT_DOWN":20782627,"MAIN_RIV":20791150,"LENGTH_KM":4.23,"CATCH_SKM":22.200001,"DIS_AV_CMS":0.004,"ORD_STRA":1,"ORD_FLOW":9},"geometry":{"type":"LineString","coordinates":[[43.79999999999896,30.474999999999703],[43.81458333333225,30.48958333333305],[43.81458333333225,30.4937499999997],[43.806249999998954,30.50208333333307],[43.80208333333229,30.50208333333307]]}},{"type":"Feature","properties":{"HYRIV_ID":20783149,"NEXT_DOWN":20783021,"MAIN_RIV":20781346,"LENGTH_KM":1.22,"CATCH_SKM":2.77,"DIS_AV_CMS":0.014,"ORD_STRA":2,"ORD_FLOW":8},"geometry":{"type":"LineString","coordinates":[[42.606249999998965,30.47291666666637],[42.61458333333226,30.481249999999726]]}},{"type":"Feature","properties":{"HYRIV_ID":20783150,"NEXT_DOWN":20783021,"MAIN_RIV":20781346,"LENGTH_KM":1.16,"CATCH_SKM":12.4,"DIS_AV_CMS":0.002,"ORD_STRA":1,"ORD_FLOW":9},"geometry":{"type":"LineString","coordinates":[[42.61458333333226,30.47083333333304],[42.61458333333226,30.481249999999726]]}},{"type":"Feature","properties":{"HYRIV_ID":20783151,"NEXT_DOWN":20782947,"MAIN_RIV":20784146,"LENGTH_KM":1.99,"CATCH_SKM":13.14,"DIS_AV_CMS":0.003,"ORD_STRA":1,"ORD_FLOW":9},"geometry":{"type":"LineString","coordinates":[[43.32083333333222,30.47083333333304],[43.31458333333225,30.477083333333063],[43.31458333333225,30.481249999999726],[43.31041666666559,30.48541666666639]]}},{"type":"Feature","properties":{"HYRIV_ID":20783217,"NEXT_DOWN":20782788,"MAIN_RIV":20773217,"LENGTH_KM":5.73,"CATCH_SKM":16.65,"DIS_AV_CMS":0.0,"ORD_STRA":5,"ORD_FLOW":10},"geometry":{"type":"LineString","coordinates":[[42.01874999999893,30.46874999999971],[42.022916666665594,30.47291666666637],[42.022916666665594,30.477083333333063],[42.02708333333226,30.481249999999726],[42.03541666666567,30.481249999999726],[42.043749999998965,30.48958333333305],[42.04791666666563,30.48958333333305],[42.056249999998954,30.497916666666406],[42.06041666666562,30.497916666666406]]}},{"type":"Feature","properties":{"HYRIV_ID":20783218,"NEXT_DOWN":20783219,"MAIN_RIV":20773217,"LENGTH_KM":0.6,"CATCH_SKM":10.36,"DIS_AV_CMS":0.01,"ORD_STRA":1,"ORD_FLOW":8},"geometry":{"type":"LineString","coordinates":[[42.10833333333227,30.46874999999971],[42.11458333333226,30.46874999999971]]}},{"type":"Feature","properties":{"HYRIV_ID":20783219,"NEXT_DOWN":20782618,"MAIN_RIV":20773217,"LENGTH_KM":4.5500002,"CATCH_SKM":16.65,"DIS_AV_CMS":0.306,"ORD_STRA":3,"ORD_FLOW":7},"geometry":{"type":"LineString","coordinates":[[42.11458333333226,30.46874999999971],[42.1187499999989,30.47291666666637],[42.1187499999989,30.48958333333305],[42.12291666666556,30.4937499999997],[42.12291666666556,30.497916666666406],[42.1187499999989,30.50208333333307],[42.11458333333226,30.50208333333307]]}},{"type":"Feature","properties":{"HYRIV_ID":20783220,"NEXT_DOWN":20782946,"MAIN_RIV":20780987,"LENGTH_KM":2.1500001,"CATCH_SKM":6.6599998,"DIS_AV_CMS":0.065,"ORD_STRA":3,"ORD_FLOW":8},"geometry":{"type":"LineString","coordinates":[[42.86458333333229,30.46874999999971],[42.86458333333229,30.47291666666637],[42.856249999998965,30.481249999999726],[42.856249999998965,30.48541666666639]]}},{"type":"Feature","properties":{"HYRIV_ID":20783281,"NEXT_DOWN":20782621,"MAIN_RIV":20782621,"LENGTH_KM":5.06,"CATCH_SKM":13.51,"DIS_AV_CMS":0.06,"ORD_STRA":3,"ORD_FLOW":8},"geometry":{"type":"LineString","coordinates":[[42.493749999998926,30.464583333333046],[42.50208333333225,30.47291666666637],[42.50208333333225,30.477083333333063],[42.49791666666559,30.481249999999726],[42.506249999998914,30.48958333333305],[42.506249999998914,30.497916666666406],[42.50208333333225,30.50208333333307]]}},{"type":"Feature","properties":{"HYRIV_ID":20783282,"NEXT_DOWN":20783283,"MAIN_RIV":20780987,"LENGTH_KM":1.92,"CATCH_SKM":14.24,"DIS_AV_CMS":0.002,"ORD_STRA":1,"ORD_FLOW":9},"geometry":{"type":"LineString","coordinates":[[42.66874999999891,30.479166666666394],[42.66874999999891,30.47291666666637],[42.67708333333232,30.464583333333046]]}},{"type":"Feature","properties":{"HYRIV_ID":20783283,"NEXT_DOWN":20782790,"MAIN_RIV":20780987,"LENGTH_KM":12.65,"CATCH_SKM":38.48,"DIS_AV_CMS":0.012,"ORD_STRA":2,"ORD_FLOW":8},"geometry":{"type":"LineString","coordinates":[[42.67708333333232,30.464583333333046],[42.71458333333226,30.464583333333046],[42.722916666665554,30.47291666666637],[42.73541666666563,30.47291666666637],[42.73958333333229,30.477083333333063],[42.75208333333225,30.477083333333063],[42.756249999998914,30.481249999999726],[42.77291666666562,30.481249999999726],[42.777083333332286,30.48541666666639],[42.777083333332286,30.4937499999997],[42.78124999999895,30.497916666666406],[42.78124999999895,30.50208333333307]]}},{"type":"Feature","properties":{"HYRIV_ID":20783284,"NEXT_DOWN":20783285,"MAIN_RIV":20791150,"LENGTH_KM":1.72,"CATCH_SKM":12.95,"DIS_AV_CMS":0.003,"ORD_STRA":1,"ORD_FLOW":9},"geometry":{"type":"LineString","coordinates":[[43.62916666666564,30.47083333333304],[43.635416666665606,30.464583333333046],[43.64374999999893,30.464583333333046]]}},{"type":"Feature","properties":{"HYRIV_ID":20783285,"NEXT_DOWN":20781967,"MAIN_RIV":20791150,"LENGTH_KM":14.57,"CATCH_SKM":51.599998,"DIS_AV_CMS":0.025,"ORD_STRA":2,"ORD_FLOW":8},"geometry":{"type":"LineString","coordinates":[[43.64374999999893,30.464583333333046],[43.64374999999893,30.481249999999726],[43.660416666665554,30.497916666666406],[43.660416666665554,30.50208333333307],[43.668749999998965,30.51041666666638],[43.67291666666563,30.51041666666638],[43.67708333333229,30.514583333333043],[43.68541666666559,30.514583333333043],[43.70208333333224,30.53124999999971],[43.70208333333224,30.539583333333034],[43.7062499999989,30.543749999999683],[43.73541666666557,30.543749999999683]]}},{"type":"Feature","properties":{"HYRIV_ID":20783286,"NEXT_DOWN":20782213,"MAIN_RIV":20791150,"LENGTH_KM":10.0,"CATCH_SKM":43.470001,"DIS_AV_CMS":0.008,"ORD_STRA":1,"ORD_FLOW":9},"geometry":{"type":"LineString","coordinates":[[43.89583333333226,30.46874999999971],[43.90208333333226,30.46874999999971],[43.90208333333226,30.464583333333046],[43.90624999999892,30.464583333333046],[43.91041666666558,30.46874999999971],[43.91041666666558,30.481249999999726],[43.914583333332246,30.48541666666639],[43.914583333332246,30.497916666666406],[43.91874999999888,30.50208333333307],[43.914583333332246,30.506249999999717],[43.914583333332246,30.51041666666638],[43.897916666665594,30.52708333333306],[43.89374999999893,30.52708333333306]]}},{"type":"Feature","properties":{"HYRIV_ID":20783354,"NEXT_DOWN":20782792,"MAIN_RIV":20781347,"LENGTH_KM":12.48,"CATCH_SKM":55.32,"DIS_AV_CMS":0.009,"ORD_STRA":1,"ORD_FLOW":9},"geometry":{"type":"LineString","coordinates":[[42.91249999999894,30.49166666666637],[42.9229166666656,30.481249999999726],[42.9229166666656,30.477083333333063],[42.927083333332234,30.47291666666637],[42.95624999999893,30.47291666666637],[42.96458333333234,30.464583333333046],[42.96874999999892,30.464583333333046],[42.97291666666558,30.460416666666397],[42.98541666666554,30.47291666666637],[42.98958333333229,30.47291666666637],[42.993749999998954,30.477083333333063],[42.993749999998954,30.481249999999726],[42.98958333333229,30.48541666666639],[42.98958333333229,30.4937499999997]]}},{"type":"Feature","properties":{"HYRIV_ID":20783355,"NEXT_DOWN":20782871,"MAIN_RIV":20791150,"LENGTH_KM":4.4899998,"CATCH_SKM":14.06,"DIS_AV_CMS":0.012,"ORD_STRA":2,"ORD_FLOW":8},"geometry":{"type":"LineString","coordinates":[[43.556249999998926,30.460416666666397],[43.56458333333225,30.46874999999971],[43.57291666666558,30.46874999999971],[43.57708333333224,30.47291666666637],[43.57708333333224,30.48958333333305]]}},{"type":"Feature","properties":{"HYRIV_ID":20783356,"NEXT_DOWN":20782626,"MAIN_RIV":20791150,"LENGTH_KM":5.31,"CATCH_SKM":32.200001,"DIS_AV_CMS":0.006,"ORD_STRA":1,"ORD_FLOW":9},"geometry":{"type":"LineString","coordinates":[[43.76458333333227,30.458333333333066],[43.76458333333227,30.477083333333063],[43.76874999999893,30.481249999999726],[43.76874999999893,30.48541666666639],[43.772916666665594,30.48958333333305],[43.772916666665594,30.4937499999997],[43.76874999999893,30.497916666666406],[43.76874999999893,30.50208333333307]]}},{"type":"Feature","properties":{"HYRIV_ID":20783357,"NEXT_DOWN":20782796,"MAIN_RIV":20791150,"LENGTH_KM":6.9400001,"CATCH_SKM":32.009998,"DIS_AV_CMS":0.002,"ORD_STRA":1,"ORD_FLOW":9},"geometry":{"type":"LineString","coordinates":[[43.98333333333227,30.460416666666397],[43.993749999998926,30.460416666666397],[43.99791666666556,30.464583333333046],[43.99791666666556,30.46874999999971],[44.00208333333222,30.47291666666637],[44.006249999998886,30.47291666666637],[44.0145833333323,30.481249999999726],[44.010416666665634,30.48541666666639],[44.0145833333323,30.48958333333305],[44.01874999999896,30.48958333333305],[44.022916666665594,30.4937499999997],[44.02708333333226,30.4937499999997]]}},{"type":"Feature","properties":{"HYRIV_ID":20783438,"NEXT_DOWN":20783504,"MAIN_RIV":20779691,"LENGTH_KM":6.0100002,"CATCH_SKM":36.259998,"DIS_AV_CMS":0.035,"ORD_STRA":1,"ORD_FLOW":8},"geometry":{"type":"LineString","coordinates":[[42.20416666666566,30.479166666666394],[42.214583333332314,30.46874999999971],[42.24374999999901,30.46874999999971],[42.25208333333222,30.460416666666397],[42.25208333333222,30.456249999999734]]}},{"type":"Feature","properties":{"HYRIV_ID":20783439,"NEXT_DOWN":20783283,"MAIN_RIV":20780987,"LENGTH_KM":2.73,"CATCH_SKM":19.99,"DIS_AV_CMS":0.003,"ORD_STRA":1,"ORD_FLOW":9},"geometry":{"type":"LineString","coordinates":[[42.65416666666562,30.45416666666636],[42.66041666666561,30.460416666666397],[42.664583333332274,30.460416666666397],[42.66874999999891,30.464583333333046],[42.67708333333232,30.464583333333046]]}},{"type":"Feature","properties":{"HYRIV_ID":20783440,"NEXT_DOWN":20783220,"MAIN_RIV":20780987,"LENGTH_KM":1.54,"CATCH_SKM":2.59,"DIS_AV_CMS":0.007,"ORD_STRA":2,"ORD_FLOW":9},"geometry":{"type":"LineString","coordinates":[[42.868749999998954,30.456249999999734],[42.868749999998954,30.460416666666397],[42.86458333333229,30.464583333333046],[42.86458333333229,30.46874999999971]]}},{"type":"Feature","properties":{"HYRIV_ID":20783441,"NEXT_DOWN":20783440,"MAIN_RIV":20780987,"LENGTH_KM":0.6,"CATCH_SKM":10.55,"DIS_AV_CMS":0.002,"ORD_STRA":1,"ORD_FLOW":9},"geometry":{"type":"LineString","coordinates":[[42.87499999999892,30.456249999999734],[42.868749999998954,30.456249999999734]]}},{"type":"Feature","properties":{"HYRIV_ID":20783504,"NEXT_DOWN":20783020,"MAIN_RIV":20779691,"LENGTH_KM":8.0900002,"CATCH_SKM":27.940001,"DIS_AV_CMS":0.125,"ORD_STRA":2,"ORD_FLOW":7},"geometry":{"type":"LineString","coordinates":[[42.25208333333222,30.456249999999734],[42.2645833333323,30.456249999999734],[42.26874999999896,30.45208333333303],[42.27708333333226,30.45208333333303],[42.293749999998994,30.46874999999971],[42.29791666666566,30.46874999999971],[42.30208333333229,30.47291666666637],[42.31041666666562,30.47291666666637],[42.31874999999894,30.481249999999726]]}},{"type":"Feature","properties":{"HYRIV_ID":20783505,"NEXT_DOWN":20783684,"MAIN_RIV":20783846,"LENGTH_KM":2.75,"CATCH_SKM":20.719999,"DIS_AV_CMS":0.004,"ORD_STRA":1,"ORD_FLOW":9},"geometry":{"type":"LineString","coordinates":[[43.08333333333226,30.46874999999971],[43.0770833333323,30.46874999999971],[43.072916666665634,30.464583333333046],[43.072916666665634,30.460416666666397],[43.06874999999897,30.456249999999734],[43.06874999999897,30.45208333333303]]}},{"type":"Feature","properties":{"HYRIV_ID":20783506,"NEXT_DOWN":20783025,"MAIN_RIV":20791150,"LENGTH_KM":3.9200001,"CATCH_SKM":27.76,"DIS_AV_CMS":0.005,"ORD_STRA":1,"ORD_FLOW":9},"geometry":{"type":"LineString","coordinates":[[43.71874999999895,30.44999999999971],[43.71874999999895,30.456249999999734],[43.714583333332286,30.460416666666397],[43.714583333332286,30.464583333333046],[43.72291666666561,30.47291666666637],[43.72291666666561,30.481249999999726]]}},{"type":"Feature","properties":{"HYRIV_ID":20783543,"NEXT_DOWN":20783217,"MAIN_RIV":20773217,"LENGTH_KM":8.6700001,"CATCH_SKM":31.639999,"DIS_AV_CMS":0.016,"ORD_STRA":1,"ORD_FLOW":8},"geometry":{"type":"LineString","coordinates":[[41.95416666666566,30.45416666666636],[41.96041666666565,30.44791666666638],[41.964583333332286,30.44791666666638],[41.96874999999895,30.45208333333303],[41.96874999999895,30.456249999999734],[41.97291666666561,30.460416666666397],[41.977083333332274,30.456249999999734],[41.9854166666656,30.464583333333046],[41.989583333332234,30.464583333333046],[41.9937499999989,30.46874999999971],[42.00208333333231,30.46874999999971],[42.00624999999897,30.47291666666637],[42.01458333333227,30.47291666666637],[42.01874999999893,30.46874999999971]]}},{"type":"Feature","properties":{"HYRIV_ID":20783544,"NEXT_DOWN":20783219,"MAIN_RIV":20773217,"LENGTH_KM":2.76,"CATCH_SKM":7.0300002,"DIS_AV_CMS":0.296,"ORD_STRA":3,"ORD_FLOW":7},"geometry":{"type":"LineString","coordinates":[[42.12708333333231,30.44791666666638],[42.1187499999989,30.456249999999734],[42.1187499999989,30.464583333333046],[42.11458333333226,30.46874999999971]]}},{"type":"Feature","properties":{"HYRIV_ID":20783545,"NEXT_DOWN":20783149,"MAIN_RIV":20781346,"LENGTH_KM":3.9300001,"CATCH_SKM":18.32,"DIS_AV_CMS":0.003,"ORD_STRA":1,"ORD_FLOW":9},"geometry":{"type":"LineString","coordinates":[[42.59999999999897,30.44583333333305],[42.59374999999889,30.45208333333303],[42.59374999999889,30.456249999999734],[42.59791666666564,30.460416666666397],[42.6020833333323,30.460416666666397],[42.606249999998965,30.464583333333046],[42.606249999998965,30.47291666666637]]}},{"type":"Feature","properties":{"HYRIV_ID":20783684,"NEXT_DOWN":20783846,"MAIN_RIV":20783846,"LENGTH_KM":1.83,"CATCH_SKM":5.7399998,"DIS_AV_CMS":0.024,"ORD_STRA":2,"ORD_FLOW":8},"geometry":{"type":"LineString","coordinates":[[43.06874999999897,30.45208333333303],[43.08124999999896,30.439583333333054]]}},{"type":"Feature","properties":{"HYRIV_ID":20783685,"NEXT_DOWN":20783750,"MAIN_RIV":20784146,"LENGTH_KM":11.53,"CATCH_SKM":39.580002,"DIS_AV_CMS":0.009,"ORD_STRA":3,"ORD_FLOW":9},"geometry":{"type":"LineString","coordinates":[[43.24791666666562,30.51874999999969],[43.243749999998954,30.514583333333043],[43.243749999998954,30.51041666666638],[43.23541666666557,30.50208333333307],[43.227083333332246,30.50208333333307],[43.22291666666558,30.497916666666406],[43.22291666666558,30.4937499999997],[43.21458333333226,30.48541666666639],[43.21874999999892,30.481249999999726],[43.21874999999892,30.46874999999971],[43.22291666666558,30.464583333333046],[43.20624999999896,30.44791666666638],[43.20624999999896,30.443749999999717],[43.2020833333323,30.439583333333054]]}},{"type":"Feature","properties":{"HYRIV_ID":20783748,"NEXT_DOWN":20783220,"MAIN_RIV":20780987,"LENGTH_KM":11.71,"CATCH_SKM":45.900002,"DIS_AV_CMS":0.059,"ORD_STRA":2,"ORD_FLOW":8},"geometry":{"type":"LineString","coordinates":[[42.76458333333224,30.435416666666406],[42.777083333332286,30.44791666666638],[42.78124999999895,30.44791666666638],[42.78541666666561,30.443749999999717],[42.81458333333231,30.443749999999717],[42.83124999999893,30.460416666666397],[42.84374999999892,30.460416666666397],[42.84791666666558,30.464583333333046],[42.86041666666563,30.464583333333046],[42.86458333333229,30.46874999999971]]}},{"type":"Feature","properties":{"HYRIV_ID":20783749,"NEXT_DOWN":20784081,"MAIN_RIV":20784146,"LENGTH_KM":16.59,"CATCH_SKM":76.919998,"DIS_AV_CMS":0.012,"ORD_STRA":1,"ORD_FLOW":8},"geometry":{"type":"LineString","coordinates":[[43.21666666666559,30.562499999999694],[43.2020833333323,30.54791666666639],[43.197916666665634,30.54791666666639],[43.197916666665634,30.543749999999683],[43.18958333333222,30.53541666666637],[43.18541666666559,30.53541666666637],[43.181249999998926,30.53124999999971],[43.17708333333226,30.53124999999971],[43.1729166666656,30.52708333333306],[43.1729166666656,30.464583333333046],[43.17708333333226,30.460416666666397],[43.17708333333226,30.435416666666406]]}},{"type":"Feature","properties":{"HYRIV_ID":20783750,"NEXT_DOWN":20784081,"MAIN_RIV":20784146,"LENGTH_KM":2.61,"CATCH_SKM":10.92,"DIS_AV_CMS":0.027,"ORD_STRA":3,"ORD_FLOW":8},"geometry":{"type":"LineString","coordinates":[[43.2020833333323,30.439583333333054],[43.18958333333222,30.439583333333054],[43.18541666666559,30.435416666666406],[43.17708333333226,30.435416666666406]]}},{"type":"Feature","properties":{"HYRIV_ID":20783751,"NEXT_DOWN":20783752,"MAIN_RIV":20791150,"LENGTH_KM":1.21,"CATCH_SKM":13.14,"DIS_AV_CMS":0.003,"ORD_STRA":1,"ORD_FLOW":9},"geometry":{"type":"LineString","coordinates":[[43.45416666666554,30.439583333333054],[43.46041666666562,30.439583333333054],[43.464583333332286,30.435416666666406]]}},{"type":"Feature","properties":{"HYRIV_ID":20783752,"NEXT_DOWN":20782624,"MAIN_RIV":20791150,"LENGTH_KM":9.0,"CATCH_SKM":21.459999,"DIS_AV_CMS":0.012,"ORD_STRA":2,"ORD_FLOW":8},"geometry":{"type":"LineString","coordinates":[[43.464583333332286,30.435416666666406],[43.46874999999895,30.439583333333054],[43.46874999999895,30.45208333333303],[43.48124999999891,30.464583333333046],[43.48124999999891,30.47291666666637],[43.477083333332246,30.477083333333063],[43.477083333332246,30.48541666666639],[43.48124999999891,30.48958333333305],[43.48541666666557,30.48958333333305],[43.4937499999989,30.497916666666406],[43.4937499999989,30.50208333333307]]}},{"type":"Feature","properties":{"HYRIV_ID":20783753,"NEXT_DOWN":20783355,"MAIN_RIV":20791150,"LENGTH_KM":3.83,"CATCH_SKM":25.360001,"DIS_AV_CMS":0.005,"ORD_STRA":1,"ORD_FLOW":9},"geometry":{"type":"LineString","coordinates":[[43.541666666665634,30.43333333333303],[43.55208333333229,30.443749999999717],[43.54791666666563,30.44791666666638],[43.55208333333229,30.45208333333303],[43.55208333333229,30.456249999999734],[43.556249999998926,30.460416666666397]]}},{"type":"Feature","properties":{"HYRIV_ID":20783754,"NEXT_DOWN":20783025,"MAIN_RIV":20791150,"LENGTH_KM":8.21,"CATCH_SKM":42.560001,"DIS_AV_CMS":0.008,"ORD_STRA":1,"ORD_FLOW":9},"geometry":{"type":"LineString","coordinates":[[43.67708333333229,30.43333333333303],[43.67708333333229,30.45208333333303],[43.68541666666559,30.460416666666397],[43.69791666666558,30.460416666666397],[43.70208333333224,30.464583333333046],[43.70208333333224,30.46874999999971],[43.71041666666554,30.477083333333063],[43.714583333332286,30.477083333333063],[43.71874999999895,30.481249999999726],[43.72291666666561,30.481249999999726]]}},{"type":"Feature","properties":{"HYRIV_ID":20783845,"NEXT_DOWN":20782789,"MAIN_RIV":20773217,"LENGTH_KM":8.5900002,"CATCH_SKM":47.75,"DIS_AV_CMS":0.045,"ORD_STRA":1,"ORD_FLOW":8},"geometry":{"type":"LineString","coordinates":[[42.05416666666562,30.42916666666637],[42.068749999998914,30.443749999999717],[42.068749999998914,30.45208333333303],[42.06458333333228,30.456249999999734],[42.06458333333228,30.460416666666397],[42.07291666666566,30.46874999999971],[42.07291666666566,30.47291666666637],[42.077083333332325,30.477083333333063],[42.077083333332325,30.481249999999726],[42.07291666666566,30.48541666666639],[42.077083333332325,30.48958333333305],[42.077083333332325,30.4937499999997]]}},{"type":"Feature","properties":{"HYRIV_ID":20783846,"NEXT_DOWN":0,"MAIN_RIV":20783846,"LENGTH_KM":2.02,"CATCH_SKM":11.66,"DIS_AV_CMS":0.029,"ORD_STRA":2,"ORD_FLOW":8},"geometry":{"type":"LineString","coordinates":[[43.08124999999896,30.439583333333054],[43.08958333333226,30.439583333333054],[43.09791666666558,30.4312499999997]]}},{"type":"Feature","properties":{"HYRIV_ID":20783847,"NEXT_DOWN":20783750,"MAIN_RIV":20784146,"LENGTH_KM":9.9899998,"CATCH_SKM":80.879997,"DIS_AV_CMS":0.016,"ORD_STRA":1,"ORD_FLOW":8},"geometry":{"type":"LineString","coordinates":[[43.28749999999897,30.44999999999971],[43.28124999999898,30.443749999999717],[43.272916666665566,30.443749999999717],[43.2687499999989,30.439583333333054],[43.26458333333227,30.439583333333054],[43.260416666665606,30.435416666666406],[43.243749999998954,30.435416666666406],[43.239583333332234,30.439583333333054],[43.23124999999891,30.439583333333054],[43.227083333332246,30.435416666666406],[43.22291666666558,30.435416666666406],[43.21874999999892,30.4312499999997],[43.21041666666562,30.4312499999997],[43.2020833333323,30.439583333333054]]}},{"type":"Feature","properties":{"HYRIV_ID":20783920,"NEXT_DOWN":20783748,"MAIN_RIV":20780987,"LENGTH_KM":9.5900002,"CATCH_SKM":49.8,"DIS_AV_CMS":0.008,"ORD_STRA":1,"ORD_FLOW":9},"geometry":{"type":"LineString","coordinates":[[42.683333333332314,30.424999999999706],[42.69374999999894,30.435416666666406],[42.697916666665606,30.435416666666406],[42.70208333333227,30.4312499999997],[42.71458333333226,30.4312499999997],[42.71874999999889,30.435416666666406],[42.722916666665554,30.435416666666406],[42.7270833333323,30.439583333333054],[42.75208333333225,30.439583333333054],[42.756249999998914,30.435416666666406],[42.76041666666558,30.439583333333054],[42.76458333333224,30.435416666666406]]}},{"type":"Feature","properties":{"HYRIV_ID":20783921,"NEXT_DOWN":20783846,"MAIN_RIV":20783846,"LENGTH_KM":1.84,"CATCH_SKM":13.51,"DIS_AV_CMS":0.003,"ORD_STRA":1,"ORD_FLOW":9},"geometry":{"type":"LineString","coordinates":[[43.074999999998965,30.424999999999706],[43.08124999999896,30.4312499999997],[43.08124999999896,30.439583333333054]]}},{"type":"Feature","properties":{"HYRIV_ID":20783994,"NEXT_DOWN":20783217,"MAIN_RIV":20773217,"LENGTH_KM":5.6900001,"CATCH_SKM":20.360001,"DIS_AV_CMS":0.0,"ORD_STRA":5,"ORD_FLOW":10},"geometry":{"type":"LineString","coordinates":[[42.00208333333231,30.42291666666639],[42.00624999999897,30.427083333333037],[42.00624999999897,30.439583333333054],[42.01458333333227,30.44791666666638],[42.01458333333227,30.460416666666397],[42.01874999999893,30.464583333333046],[42.01874999999893,30.46874999999971]]}},{"type":"Feature","properties":{"HYRIV_ID":20783995,"NEXT_DOWN":20783544,"MAIN_RIV":20773217,"LENGTH_KM":5.7800002,"CATCH_SKM":44.419998,"DIS_AV_CMS":0.044,"ORD_STRA":1,"ORD_FLOW":8},"geometry":{"type":"LineString","coordinates":[[42.16458333333233,30.420833333333057],[42.16458333333233,30.427083333333037],[42.14374999999896,30.44791666666638],[42.1395833333323,30.44791666666638],[42.135416666665634,30.45208333333303],[42.13124999999897,30.45208333333303],[42.12708333333231,30.44791666666638]]}},{"type":"Feature","properties":{"HYRIV_ID":20783996,"NEXT_DOWN":20782424,"MAIN_RIV":20779691,"LENGTH_KM":10.94,"CATCH_SKM":34.790001,"DIS_AV_CMS":0.0,"ORD_STRA":4,"ORD_FLOW":10},"geometry":{"type":"LineString","coordinates":[[42.3604166666656,30.42291666666639],[42.36458333333226,30.427083333333037],[42.36458333333226,30.439583333333054],[42.3604166666656,30.443749999999717],[42.3604166666656,30.464583333333046],[42.36458333333226,30.46874999999971],[42.36458333333226,30.477083333333063],[42.3604166666656,30.481249999999726],[42.3604166666656,30.4937499999997],[42.36458333333226,30.497916666666406],[42.36458333333226,30.514583333333043]]}},{"type":"Feature","properties":{"HYRIV_ID":20783997,"NEXT_DOWN":20783748,"MAIN_RIV":20780987,"LENGTH_KM":1.54,"CATCH_SKM":1.67,"DIS_AV_CMS":0.049,"ORD_STRA":2,"ORD_FLOW":8},"geometry":{"type":"LineString","coordinates":[[42.76874999999899,30.42291666666639],[42.76874999999899,30.4312499999997],[42.76458333333224,30.435416666666406]]}},{"type":"Feature","properties":{"HYRIV_ID":20783998,"NEXT_DOWN":20783285,"MAIN_RIV":20791150,"LENGTH_KM":8.3500004,"CATCH_SKM":25.17,"DIS_AV_CMS":0.017,"ORD_STRA":2,"ORD_FLOW":8},"geometry":{"type":"LineString","coordinates":[[43.602083333332274,30.42291666666639],[43.602083333332274,30.4312499999997],[43.60624999999891,30.435416666666406],[43.61041666666557,30.4312499999997],[43.6187499999989,30.439583333333054],[43.62708333333231,30.439583333333054],[43.63124999999894,30.443749999999717],[43.63958333333227,30.443749999999717],[43.647916666665594,30.45208333333303],[43.647916666665594,30.456249999999734],[43.64374999999893,30.460416666666397],[43.64374999999893,30.464583333333046]]}},{"type":"Feature","properties":{"HYRIV_ID":20784077,"NEXT_DOWN":20783994,"MAIN_RIV":20773217,"LENGTH_KM":2.4100001,"CATCH_SKM":16.66,"DIS_AV_CMS":0.008,"ORD_STRA":1,"ORD_FLOW":9},"geometry":{"type":"LineString","coordinates":[[41.979166666665606,30.418749999999726],[41.9854166666656,30.418749999999726],[41.989583333332234,30.42291666666639],[42.00208333333231,30.42291666666639]]}},{"type":"Feature","properties":{"HYRIV_ID":20784078,"NEXT_DOWN":20784079,"MAIN_RIV":20782621,"LENGTH_KM":1.06,"CATCH_SKM":12.03,"DIS_AV_CMS":0.008,"ORD_STRA":1,"ORD_FLOW":9},"geometry":{"type":"LineString","coordinates":[[42.44999999999894,30.42291666666639],[42.45624999999893,30.42291666666639],[42.45624999999893,30.418749999999726]]}},{"type":"Feature","properties":{"HYRIV_ID":20784079,"NEXT_DOWN":20783281,"MAIN_RIV":20782621,"LENGTH_KM":6.6799998,"CATCH_SKM":21.84,"DIS_AV_CMS":0.024,"ORD_STRA":2,"ORD_FLOW":8},"geometry":{"type":"LineString","coordinates":[[42.45624999999893,30.418749999999726],[42.481249999998965,30.443749999999717],[42.481249999998965,30.456249999999734],[42.4854166666656,30.460416666666397],[42.48958333333226,30.460416666666397],[42.493749999998926,30.464583333333046]]}},{"type":"Feature","properties":{"HYRIV_ID":20784080,"NEXT_DOWN":20783997,"MAIN_RIV":20780987,"LENGTH_KM":0.92,"CATCH_SKM":11.85,"DIS_AV_CMS":0.002,"ORD_STRA":1,"ORD_FLOW":9},"geometry":{"type":"LineString","coordinates":[[42.76249999999891,30.41666666666635],[42.76874999999899,30.42291666666639]]}},{"type":"Feature","properties":{"HYRIV_ID":20784081,"NEXT_DOWN":20784147,"MAIN_RIV":20784146,"LENGTH_KM":3.6500001,"CATCH_SKM":14.62,"DIS_AV_CMS":0.042,"ORD_STRA":3,"ORD_FLOW":8},"geometry":{"type":"LineString","coordinates":[[43.17708333333226,30.435416666666406],[43.164583333332274,30.42291666666639],[43.152083333332314,30.42291666666639],[43.14791666666565,30.418749999999726]]}},{"type":"Feature","properties":{"HYRIV_ID":20784143,"NEXT_DOWN":20784144,"MAIN_RIV":20779691,"LENGTH_KM":3.27,"CATCH_SKM":21.66,"DIS_AV_CMS":0.022,"ORD_STRA":1,"ORD_FLOW":8},"geometry":{"type":"LineString","coordinates":[[42.295833333332325,30.42291666666639],[42.31874999999894,30.42291666666639],[42.322916666665606,30.418749999999726],[42.322916666665606,30.41458333333302]]}},{"type":"Feature","properties":{"HYRIV_ID":20784144,"NEXT_DOWN":20783996,"MAIN_RIV":20779691,"LENGTH_KM":4.4499998,"CATCH_SKM":8.7,"DIS_AV_CMS":0.054,"ORD_STRA":2,"ORD_FLOW":8},"geometry":{"type":"LineString","coordinates":[[42.322916666665606,30.41458333333302],[42.3312499999989,30.41458333333302],[42.339583333332314,30.42291666666639],[42.34374999999898,30.42291666666639],[42.34791666666564,30.427083333333037],[42.35624999999894,30.427083333333037],[42.3604166666656,30.42291666666639]]}},{"type":"Feature","properties":{"HYRIV_ID":20784145,"NEXT_DOWN":20783149,"MAIN_RIV":20781346,"LENGTH_KM":13.39,"CATCH_SKM":55.16,"DIS_AV_CMS":0.01,"ORD_STRA":1,"ORD_FLOW":8},"geometry":{"type":"LineString","coordinates":[[42.512499999998965,30.41458333333302],[42.52291666666562,30.41458333333302],[42.52291666666562,30.418749999999726],[42.527083333332286,30.42291666666639],[42.53124999999895,30.418749999999726],[42.539583333332246,30.427083333333037],[42.543749999998994,30.427083333333037],[42.54791666666566,30.4312499999997],[42.54791666666566,30.443749999999717],[42.55624999999898,30.45208333333303],[42.56458333333228,30.45208333333303],[42.56874999999894,30.456249999999734],[42.572916666665606,30.456249999999734],[42.58124999999893,30.464583333333046],[42.585416666665594,30.464583333333046],[42.58958333333223,30.46874999999971],[42.6020833333323,30.46874999999971],[42.606249999998965,30.47291666666637]]}},{"type":"Feature","properties":{"HYRIV_ID":20784146,"NEXT_DOWN":0,"MAIN_RIV":20784146,"LENGTH_KM":3.25,"CATCH_SKM":16.66,"DIS_AV_CMS":0.082,"ORD_STRA":3,"ORD_FLOW":8},"geometry":{"type":"LineString","coordinates":[[43.12291666666562,30.41458333333302],[43.11041666666554,30.427083333333037],[43.10624999999891,30.427083333333037],[43.102083333332246,30.4312499999997],[43.09791666666558,30.4312499999997]]}},{"type":"Feature","properties":{"HYRIV_ID":20784147,"NEXT_DOWN":20784216,"MAIN_RIV":20784146,"LENGTH_KM":0.61,"CATCH_SKM":0.37,"DIS_AV_CMS":0.07,"ORD_STRA":3,"ORD_FLOW":8},"geometry":{"type":"LineString","coordinates":[[43.14791666666565,30.418749999999726],[43.1437499999989,30.41458333333302]]}},{"type":"Feature","properties":{"HYRIV_ID":20784148,"NEXT_DOWN":20783355,"MAIN_RIV":20791150,"LENGTH_KM":6.0,"CATCH_SKM":24.809999,"DIS_AV_CMS":0.005,"ORD_STRA":1,"ORD_FLOW":9},"geometry":{"type":"LineString","coordinates":[[43.5458333333323,30.41249999999973],[43.56041666666559,30.427083333333037],[43.56041666666559,30.456249999999734],[43.556249999998926,30.460416666666397]]}},{"type":"Feature","properties":{"HYRIV_ID":20784149,"NEXT_DOWN":20784219,"MAIN_RIV":20784941,"LENGTH_KM":8.3500004,"CATCH_SKM":37.02,"DIS_AV_CMS":0.007,"ORD_STRA":1,"ORD_FLOW":9},"geometry":{"type":"LineString","coordinates":[[43.8374999999989,30.443749999999717],[43.84374999999886,30.443749999999717],[43.84791666666561,30.439583333333054],[43.84791666666561,30.435416666666406],[43.852083333332274,30.439583333333054],[43.85624999999894,30.439583333333054],[43.87708333333222,30.418749999999726],[43.897916666665594,30.418749999999726],[43.90208333333226,30.41458333333302]]}},{"type":"Feature","properties":{"HYRIV_ID":20784214,"NEXT_DOWN":20782424,"MAIN_RIV":20779691,"LENGTH_KM":14.76,"CATCH_SKM":59.220001,"DIS_AV_CMS":0.052,"ORD_STRA":1,"ORD_FLOW":8},"geometry":{"type":"LineString","coordinates":[[42.39166666666563,30.410416666666414],[42.39791666666562,30.410416666666414],[42.402083333332286,30.41458333333302],[42.402083333332286,30.435416666666406],[42.40624999999892,30.439583333333054],[42.40624999999892,30.443749999999717],[42.41041666666558,30.44791666666638],[42.41041666666558,30.460416666666397],[42.39374999999896,30.477083333333063],[42.3895833333323,30.477083333333063],[42.385416666665634,30.481249999999726],[42.385416666665634,30.48958333333305],[42.37291666666559,30.50208333333307],[42.37291666666559,30.51041666666638],[42.368749999998926,30.514583333333043],[42.36458333333226,30.514583333333043]]}},{"type":"Feature","properties":{"HYRIV_ID":20784215,"NEXT_DOWN":20783440,"MAIN_RIV":20780987,"LENGTH_KM":6.0700002,"CATCH_SKM":24.440001,"DIS_AV_CMS":0.004,"ORD_STRA":1,"ORD_FLOW":9},"geometry":{"type":"LineString","coordinates":[[42.856249999998965,30.40833333333304],[42.856249999998965,30.41458333333302],[42.86041666666563,30.418749999999726],[42.86041666666563,30.427083333333037],[42.87291666666562,30.439583333333054],[42.87291666666562,30.45208333333303],[42.868749999998954,30.456249999999734]]}},{"type":"Feature","properties":{"HYRIV_ID":20784216,"NEXT_DOWN":20784146,"MAIN_RIV":20784146,"LENGTH_KM":2.4200001,"CATCH_SKM":17.58,"DIS_AV_CMS":0.076,"ORD_STRA":3,"ORD_FLOW":8},"geometry":{"type":"LineString","coordinates":[[43.1437499999989,30.41458333333302],[43.13124999999894,30.41458333333302],[43.12708333333228,30.410416666666414],[43.12291666666562,30.41458333333302]]}},{"type":"Feature","properties":{"HYRIV_ID":20784217,"NEXT_DOWN":20783998,"MAIN_RIV":20791150,"LENGTH_KM":1.6900001,"CATCH_SKM":1.67,"DIS_AV_CMS":0.008,"ORD_STRA":2,"ORD_FLOW":9},"geometry":{"type":"LineString","coordinates":[[43.59374999999895,30.410416666666414],[43.59791666666561,30.41458333333302],[43.59791666666561,30.418749999999726],[43.602083333332274,30.42291666666639]]}},{"type":"Feature","properties":{"HYRIV_ID":20784218,"NEXT_DOWN":20784219,"MAIN_RIV":20784941,"LENGTH_KM":1.3200001,"CATCH_SKM":16.290001,"DIS_AV_CMS":0.003,"ORD_STRA":1,"ORD_FLOW":9},"geometry":{"type":"LineString","coordinates":[[43.8916666666656,30.40833333333304],[43.897916666665594,30.41458333333302],[43.90208333333226,30.41458333333302]]}},{"type":"Feature","properties":{"HYRIV_ID":20784219,"NEXT_DOWN":20784863,"MAIN_RIV":20784941,"LENGTH_KM":2.21,"CATCH_SKM":10.92,"DIS_AV_CMS":0.013,"ORD_STRA":2,"ORD_FLOW":8},"geometry":{"type":"LineString","coordinates":[[43.90208333333226,30.41458333333302],[43.91874999999888,30.41458333333302],[43.92291666666554,30.410416666666414]]}},{"type":"Feature","properties":{"HYRIV_ID":20784220,"NEXT_DOWN":20784863,"MAIN_RIV":20784941,"LENGTH_KM":4.2399998,"CATCH_SKM":24.8,"DIS_AV_CMS":0.005,"ORD_STRA":1,"ORD_FLOW":9},"geometry":{"type":"LineString","coordinates":[[43.92291666666554,30.44583333333305],[43.92291666666554,30.439583333333054],[43.91874999999888,30.435416666666406],[43.91874999999888,30.4312499999997],[43.92291666666554,30.427083333333037],[43.92291666666554,30.410416666666414]]}},{"type":"Feature","properties":{"HYRIV_ID":20784297,"NEXT_DOWN":20784298,"MAIN_RIV":20773217,"LENGTH_KM":1.4,"CATCH_SKM":11.85,"DIS_AV_CMS":0.012,"ORD_STRA":1,"ORD_FLOW":8},"geometry":{"type":"LineString","coordinates":[[42.10833333333227,30.40624999999971],[42.12291666666556,30.40624999999971]]}},{"type":"Feature","properties":{"HYRIV_ID":20784298,"NEXT_DOWN":20783544,"MAIN_RIV":20773217,"LENGTH_KM":5.08,"CATCH_SKM":14.07,"DIS_AV_CMS":0.25400001,"ORD_STRA":3,"ORD_FLOW":7},"geometry":{"type":"LineString","coordinates":[[42.12291666666556,30.40624999999971],[42.12291666666556,30.418749999999726],[42.12708333333231,30.42291666666639],[42.12708333333231,30.427083333333037],[42.12291666666556,30.4312499999997],[42.12291666666556,30.439583333333054],[42.12708333333231,30.443749999999717],[42.12708333333231,30.44791666666638]]}},{"type":"Feature","properties":{"HYRIV_ID":20784299,"NEXT_DOWN":20783997,"MAIN_RIV":20780987,"LENGTH_KM":2.55,"CATCH_SKM":9.4399996,"DIS_AV_CMS":0.047,"ORD_STRA":2,"ORD_FLOW":8},"geometry":{"type":"LineString","coordinates":[[42.78124999999895,30.40624999999971],[42.78124999999895,30.41458333333302],[42.77291666666562,30.42291666666639],[42.76874999999899,30.42291666666639]]}},{"type":"Feature","properties":{"HYRIV_ID":20784300,"NEXT_DOWN":20784299,"MAIN_RIV":20780987,"LENGTH_KM":1.0,"CATCH_SKM":11.66,"DIS_AV_CMS":0.002,"ORD_STRA":1,"ORD_FLOW":9},"geometry":{"type":"LineString","coordinates":[[42.791666666665606,30.40624999999971],[42.78124999999895,30.40624999999971]]}},{"type":"Feature","properties":{"HYRIV_ID":20784301,"NEXT_DOWN":20783684,"MAIN_RIV":20783846,"LENGTH_KM":21.34,"CATCH_SKM":104.94,"DIS_AV_CMS":0.019,"ORD_STRA":1,"ORD_FLOW":8},"geometry":{"type":"LineString","coordinates":[[42.933333333332314,30.437499999999723],[42.93958333333231,30.443749999999717],[42.94374999999897,30.443749999999717],[42.95624999999893,30.4312499999997],[42.960416666665594,30.4312499999997],[42.96874999999892,30.42291666666639],[42.97291666666558,30.42291666666639],[42.98124999999888,30.4312499999997],[42.99791666666562,30.41458333333302],[43.00208333333228,30.41458333333302],[43.01041666666558,30.40624999999971],[43.01458333333224,30.40624999999971],[43.02291666666565,30.41458333333302],[43.0187499999989,30.418749999999726],[43.02291666666565,30.42291666666639],[43.02291666666565,30.427083333333037],[43.03541666666561,30.439583333333054],[43.04374999999894,30.439583333333054],[43.05208333333226,30.44791666666638],[43.0479166666656,30.45208333333303],[43.0479166666656,30.456249999999734],[43.05208333333226,30.460416666666397],[43.056249999998926,30.456249999999734],[43.06458333333231,30.456249999999734],[43.06874999999897,30.45208333333303]]}},{"type":"Feature","properties":{"HYRIV_ID":20784302,"NEXT_DOWN":20784216,"MAIN_RIV":20784146,"LENGTH_KM":1.53,"CATCH_SKM":15.37,"DIS_AV_CMS":0.003,"ORD_STRA":1,"ORD_FLOW":9},"geometry":{"type":"LineString","coordinates":[[43.154166666665645,30.404166666666377],[43.1437499999989,30.41458333333302]]}},{"type":"Feature","properties":{"HYRIV_ID":20784303,"NEXT_DOWN":20783752,"MAIN_RIV":20791150,"LENGTH_KM":4.9400001,"CATCH_SKM":27.959999,"DIS_AV_CMS":0.005,"ORD_STRA":1,"ORD_FLOW":9},"geometry":{"type":"LineString","coordinates":[[43.47916666666558,30.40624999999971],[43.464583333332286,30.40624999999971],[43.46041666666562,30.410416666666414],[43.46041666666562,30.418749999999726],[43.464583333332286,30.42291666666639],[43.464583333332286,30.435416666666406]]}},{"type":"Feature","properties":{"HYRIV_ID":20784368,"NEXT_DOWN":20784298,"MAIN_RIV":20773217,"LENGTH_KM":0.61,"CATCH_SKM":2.22,"DIS_AV_CMS":0.244,"ORD_STRA":3,"ORD_FLOW":7},"geometry":{"type":"LineString","coordinates":[[42.12708333333231,30.402083333333046],[42.12291666666556,30.40624999999971]]}},{"type":"Feature","properties":{"HYRIV_ID":20784369,"NEXT_DOWN":20784079,"MAIN_RIV":20782621,"LENGTH_KM":2.3800001,"CATCH_SKM":13.52,"DIS_AV_CMS":0.009,"ORD_STRA":1,"ORD_FLOW":9},"geometry":{"type":"LineString","coordinates":[[42.447916666665606,30.399999999999714],[42.447916666665606,30.40624999999971],[42.45208333333227,30.410416666666414],[42.45208333333227,30.41458333333302],[42.45624999999893,30.418749999999726]]}},{"type":"Feature","properties":{"HYRIV_ID":20784370,"NEXT_DOWN":20784146,"MAIN_RIV":20784146,"LENGTH_KM":2.1400001,"CATCH_SKM":13.15,"DIS_AV_CMS":0.003,"ORD_STRA":1,"ORD_FLOW":9},"geometry":{"type":"LineString","coordinates":[[43.120833333332286,30.399999999999714],[43.114583333332206,30.40624999999971],[43.12291666666562,30.41458333333302]]}},{"type":"Feature","properties":{"HYRIV_ID":20784371,"NEXT_DOWN":20784575,"MAIN_RIV":20785546,"LENGTH_KM":2.9200001,"CATCH_SKM":19.620001,"DIS_AV_CMS":0.004,"ORD_STRA":1,"ORD_FLOW":9},"geometry":{"type":"LineString","coordinates":[[43.39583333333226,30.424999999999706],[43.40208333333223,30.418749999999726],[43.397916666665566,30.41458333333302],[43.397916666665566,30.402083333333046]]}},{"type":"Feature","properties":{"HYRIV_ID":20784372,"NEXT_DOWN":20784575,"MAIN_RIV":20785546,"LENGTH_KM":2.2,"CATCH_SKM":16.110001,"DIS_AV_CMS":0.003,"ORD_STRA":1,"ORD_FLOW":9},"geometry":{"type":"LineString","coordinates":[[43.4208333333323,30.402083333333046],[43.397916666665566,30.402083333333046]]}},{"type":"Feature","properties":{"HYRIV_ID":20784373,"NEXT_DOWN":20784217,"MAIN_RIV":20791150,"LENGTH_KM":1.31,"CATCH_SKM":10.74,"DIS_AV_CMS":0.002,"ORD_STRA":1,"ORD_FLOW":9},"geometry":{"type":"LineString","coordinates":[[43.59791666666561,30.399999999999714],[43.59791666666561,30.40624999999971],[43.59374999999895,30.410416666666414]]}},{"type":"Feature","properties":{"HYRIV_ID":20784435,"NEXT_DOWN":20783504,"MAIN_RIV":20779691,"LENGTH_KM":8.7200003,"CATCH_SKM":38.5,"DIS_AV_CMS":0.07,"ORD_STRA":2,"ORD_FLOW":8},"geometry":{"type":"LineString","coordinates":[[42.21041666666565,30.397916666666397],[42.214583333332314,30.402083333333046],[42.214583333332314,30.40624999999971],[42.23124999999894,30.42291666666639],[42.23124999999894,30.44791666666638],[42.2354166666656,30.45208333333303],[42.24791666666559,30.45208333333303],[42.25208333333222,30.456249999999734]]}},{"type":"Feature","properties":{"HYRIV_ID":20784436,"NEXT_DOWN":20784144,"MAIN_RIV":20779691,"LENGTH_KM":4.9,"CATCH_SKM":23.700001,"DIS_AV_CMS":0.024,"ORD_STRA":1,"ORD_FLOW":8},"geometry":{"type":"LineString","coordinates":[[42.28333333333225,30.397916666666397],[42.30208333333229,30.397916666666397],[42.306249999998954,30.402083333333046],[42.31041666666562,30.402083333333046],[42.31458333333228,30.40624999999971],[42.31458333333228,30.410416666666414],[42.31874999999894,30.41458333333302],[42.322916666665606,30.41458333333302]]}},{"type":"Feature","properties":{"HYRIV_ID":20784508,"NEXT_DOWN":20783994,"MAIN_RIV":20773217,"LENGTH_KM":3.6900001,"CATCH_SKM":17.77,"DIS_AV_CMS":0.0,"ORD_STRA":5,"ORD_FLOW":10},"geometry":{"type":"LineString","coordinates":[[41.989583333332234,30.393749999999734],[41.9937499999989,30.397916666666397],[41.9937499999989,30.40624999999971],[42.00208333333231,30.41458333333302],[42.00208333333231,30.42291666666639]]}},{"type":"Feature","properties":{"HYRIV_ID":20784509,"NEXT_DOWN":20784435,"MAIN_RIV":20779691,"LENGTH_KM":2.1400001,"CATCH_SKM":15.0,"DIS_AV_CMS":0.015,"ORD_STRA":1,"ORD_FLOW":8},"geometry":{"type":"LineString","coordinates":[[42.195833333332274,30.39166666666636],[42.20624999999899,30.402083333333046],[42.21041666666565,30.397916666666397]]}},{"type":"Feature","properties":{"HYRIV_ID":20784510,"NEXT_DOWN":20784717,"MAIN_RIV":20785283,"LENGTH_KM":4.7,"CATCH_SKM":12.03,"DIS_AV_CMS":0.024,"ORD_STRA":2,"ORD_FLOW":8},"geometry":{"type":"LineString","coordinates":[[43.67291666666563,30.393749999999734],[43.67291666666563,30.397916666666397],[43.67708333333229,30.402083333333046],[43.693749999998914,30.402083333333046],[43.70208333333224,30.393749999999734],[43.71041666666554,30.393749999999734]]}},{"type":"Feature","properties":{"HYRIV_ID":20784574,"NEXT_DOWN":20784861,"MAIN_RIV":20785546,"LENGTH_KM":7.9400001,"CATCH_SKM":42.759998,"DIS_AV_CMS":0.008,"ORD_STRA":1,"ORD_FLOW":9},"geometry":{"type":"LineString","coordinates":[[43.337499999998954,30.41666666666635],[43.34374999999895,30.42291666666639],[43.34791666666558,30.42291666666639],[43.352083333332246,30.427083333333037],[43.35624999999891,30.427083333333037],[43.36041666666557,30.42291666666639],[43.364583333332234,30.42291666666639],[43.37291666666562,30.41458333333302],[43.37291666666562,30.40624999999971],[43.38958333333227,30.38958333333303]]}},{"type":"Feature","properties":{"HYRIV_ID":20784575,"NEXT_DOWN":20784861,"MAIN_RIV":20785546,"LENGTH_KM":1.6900001,"CATCH_SKM":2.04,"DIS_AV_CMS":0.007,"ORD_STRA":2,"ORD_FLOW":9},"geometry":{"type":"LineString","coordinates":[[43.397916666665566,30.402083333333046],[43.39374999999893,30.397916666666397],[43.39374999999893,30.393749999999734],[43.38958333333227,30.38958333333303]]}},{"type":"Feature","properties":{"HYRIV_ID":20784646,"NEXT_DOWN":0,"MAIN_RIV":20784646,"LENGTH_KM":0.69,"CATCH_SKM":12.22,"DIS_AV_CMS":0.002,"ORD_STRA":1,"ORD_FLOW":9},"geometry":{"type":"LineString","coordinates":[[42.62708333333225,30.39166666666636],[42.62708333333225,30.385416666666366]]}},{"type":"Feature","properties":{"HYRIV_ID":20784647,"NEXT_DOWN":20783998,"MAIN_RIV":20791150,"LENGTH_KM":5.77,"CATCH_SKM":22.219999,"DIS_AV_CMS":0.004,"ORD_STRA":1,"ORD_FLOW":9},"geometry":{"type":"LineString","coordinates":[[43.6124999999989,30.38333333333305],[43.62291666666556,30.393749999999734],[43.62291666666556,30.402083333333046],[43.614583333332234,30.410416666666414],[43.614583333332234,30.41458333333302],[43.61041666666557,30.418749999999726],[43.60624999999891,30.418749999999726],[43.602083333332274,30.42291666666639]]}},{"type":"Feature","properties":{"HYRIV_ID":20784648,"NEXT_DOWN":20784717,"MAIN_RIV":20785283,"LENGTH_KM":1.68,"CATCH_SKM":14.08,"DIS_AV_CMS":0.003,"ORD_STRA":1,"ORD_FLOW":9},"geometry":{"type":"LineString","coordinates":[[43.69999999999891,30.385416666666366],[43.7062499999989,30.385416666666366],[43.71041666666554,30.38958333333303],[43.71041666666554,30.393749999999734]]}},{"type":"Feature","properties":{"HYRIV_ID":20784715,"NEXT_DOWN":20784368,"MAIN_RIV":20773217,"LENGTH_KM":2.46,"CATCH_SKM":3.52,"DIS_AV_CMS":0.163,"ORD_STRA":3,"ORD_FLOW":7},"geometry":{"type":"LineString","coordinates":[[42.13124999999897,30.381249999999717],[42.13124999999897,30.393749999999734],[42.12708333333231,30.397916666666397],[42.12708333333231,30.402083333333046]]}},{"type":"Feature","properties":{"HYRIV_ID":20784716,"NEXT_DOWN":0,"MAIN_RIV":20784716,"LENGTH_KM":4.85,"CATCH_SKM":14.07,"DIS_AV_CMS":0.014,"ORD_STRA":2,"ORD_FLOW":8},"geometry":{"type":"LineString","coordinates":[[42.585416666665594,30.385416666666366],[42.58958333333223,30.38958333333303],[42.59791666666564,30.38958333333303],[42.6020833333323,30.385416666666366],[42.61041666666563,30.385416666666366],[42.61458333333226,30.381249999999717],[42.618749999998926,30.381249999999717],[42.62291666666559,30.385416666666366],[42.62708333333225,30.385416666666366]]}},{"type":"Feature","properties":{"HYRIV_ID":20784717,"NEXT_DOWN":20784718,"MAIN_RIV":20785283,"LENGTH_KM":4.5100002,"CATCH_SKM":8.33,"DIS_AV_CMS":0.028,"ORD_STRA":2,"ORD_FLOW":8},"geometry":{"type":"LineString","coordinates":[[43.71041666666554,30.393749999999734],[43.714583333332286,30.393749999999734],[43.72291666666561,30.385416666666366],[43.727083333332274,30.38958333333303],[43.73124999999894,30.38958333333303],[43.73541666666557,30.385416666666366],[43.73541666666557,30.381249999999717],[43.7437499999989,30.381249999999717]]}},{"type":"Feature","properties":{"HYRIV_ID":20784718,"NEXT_DOWN":20784719,"MAIN_RIV":20785283,"LENGTH_KM":0.8,"CATCH_SKM":0.93,"DIS_AV_CMS":0.042,"ORD_STRA":2,"ORD_FLOW":8},"geometry":{"type":"LineString","coordinates":[[43.7437499999989,30.381249999999717],[43.75208333333231,30.381249999999717]]}},{"type":"Feature","properties":{"HYRIV_ID":20784719,"NEXT_DOWN":20785281,"MAIN_RIV":20785283,"LENGTH_KM":1.0700001,"CATCH_SKM":1.67,"DIS_AV_CMS":0.109,"ORD_STRA":3,"ORD_FLOW":7},"geometry":{"type":"LineString","coordinates":[[43.75208333333231,30.381249999999717],[43.75208333333231,30.385416666666366],[43.75624999999897,30.38958333333303]]}},{"type":"Feature","properties":{"HYRIV_ID":20784857,"NEXT_DOWN":20784435,"MAIN_RIV":20779691,"LENGTH_KM":4.08,"CATCH_SKM":19.450001,"DIS_AV_CMS":0.02,"ORD_STRA":1,"ORD_FLOW":8},"geometry":{"type":"LineString","coordinates":[[42.23333333333227,30.370833333333074],[42.227083333332274,30.377083333333054],[42.22291666666561,30.377083333333054],[42.21041666666565,30.38958333333303],[42.21041666666565,30.397916666666397]]}},{"type":"Feature","properties":{"HYRIV_ID":20784858,"NEXT_DOWN":20783996,"MAIN_RIV":20779691,"LENGTH_KM":6.4499998,"CATCH_SKM":24.629999,"DIS_AV_CMS":0.0,"ORD_STRA":4,"ORD_FLOW":10},"geometry":{"type":"LineString","coordinates":[[42.34374999999898,30.37291666666639],[42.339583333332314,30.377083333333054],[42.339583333332314,30.385416666666366],[42.34374999999898,30.38958333333303],[42.34374999999898,30.393749999999734],[42.35624999999894,30.40624999999971],[42.35624999999894,30.41458333333302],[42.3604166666656,30.418749999999726],[42.3604166666656,30.42291666666639]]}},{"type":"Feature","properties":{"HYRIV_ID":20784859,"NEXT_DOWN":20784860,"MAIN_RIV":20784716,"LENGTH_KM":1.38,"CATCH_SKM":13.7,"DIS_AV_CMS":0.002,"ORD_STRA":1,"ORD_FLOW":9},"geometry":{"type":"LineString","coordinates":[[42.54999999999899,30.38333333333305],[42.543749999998994,30.377083333333054],[42.543749999998994,30.37291666666639]]}},{"type":"Feature","properties":{"HYRIV_ID":20784860,"NEXT_DOWN":20784716,"MAIN_RIV":20784716,"LENGTH_KM":5.4299998,"CATCH_SKM":15.19,"DIS_AV_CMS":0.009,"ORD_STRA":2,"ORD_FLOW":9},"geometry":{"type":"LineString","coordinates":[[42.543749999998994,30.37291666666639],[42.56874999999894,30.37291666666639],[42.572916666665606,30.377083333333054],[42.56874999999894,30.381249999999717],[42.572916666665606,30.385416666666366],[42.585416666665594,30.385416666666366]]}},{"type":"Feature","properties":{"HYRIV_ID":20784861,"NEXT_DOWN":20785546,"MAIN_RIV":20785546,"LENGTH_KM":2.55,"CATCH_SKM":5.0,"DIS_AV_CMS":0.017,"ORD_STRA":2,"ORD_FLOW":8},"geometry":{"type":"LineString","coordinates":[[43.38958333333227,30.38958333333303],[43.39374999999893,30.385416666666366],[43.397916666665566,30.385416666666366],[43.397916666665566,30.377083333333054],[43.40208333333223,30.37291666666639]]}},{"type":"Feature","properties":{"HYRIV_ID":20784862,"NEXT_DOWN":20785546,"MAIN_RIV":20785546,"LENGTH_KM":6.8,"CATCH_SKM":27.040001,"DIS_AV_CMS":0.005,"ORD_STRA":1,"ORD_FLOW":9},"geometry":{"type":"LineString","coordinates":[[43.45416666666554,30.370833333333074],[43.435416666665674,30.38958333333303],[43.431249999998926,30.38958333333303],[43.42708333333226,30.385416666666366],[43.4145833333323,30.385416666666366],[43.40208333333223,30.37291666666639]]}},{"type":"Feature","properties":{"HYRIV_ID":20784863,"NEXT_DOWN":20784941,"MAIN_RIV":20784941,"LENGTH_KM":7.21,"CATCH_SKM":21.85,"DIS_AV_CMS":0.022,"ORD_STRA":2,"ORD_FLOW":8},"geometry":{"type":"LineString","coordinates":[[43.92291666666554,30.410416666666414],[43.92708333333229,30.40624999999971],[43.92708333333229,30.402083333333046],[43.93541666666562,30.393749999999734],[43.93541666666562,30.38958333333303],[43.94791666666558,30.377083333333054],[43.96874999999889,30.377083333333054],[43.972916666665526,30.37291666666639]]}},{"type":"Feature","properties":{"HYRIV_ID":20784864,"NEXT_DOWN":20784941,"MAIN_RIV":20784941,"LENGTH_KM":1.38,"CATCH_SKM":13.7,"DIS_AV_CMS":0.003,"ORD_STRA":1,"ORD_FLOW":9},"geometry":{"type":"LineString","coordinates":[[43.979166666665606,30.38333333333305],[43.972916666665526,30.377083333333054],[43.972916666665526,30.37291666666639]]}},{"type":"Feature","properties":{"HYRIV_ID":20784940,"NEXT_DOWN":20784715,"MAIN_RIV":20773217,"LENGTH_KM":4.4299998,"CATCH_SKM":19.629999,"DIS_AV_CMS":0.02,"ORD_STRA":1,"ORD_FLOW":8},"geometry":{"type":"LineString","coordinates":[[42.1708333333323,30.368749999999743],[42.16041666666558,30.368749999999743],[42.15624999999892,30.37291666666639],[42.14374999999896,30.37291666666639],[42.135416666665634,30.381249999999717],[42.13124999999897,30.381249999999717]]}},{"type":"Feature","properties":{"HYRIV_ID":20784941,"NEXT_DOWN":0,"MAIN_RIV":20784941,"LENGTH_KM":0.46,"CATCH_SKM":2.22,"DIS_AV_CMS":0.025,"ORD_STRA":2,"ORD_FLOW":8},"geometry":{"type":"LineString","coordinates":[[43.972916666665526,30.37291666666639],[43.972916666665526,30.368749999999743]]}},{"type":"Feature","properties":{"HYRIV_ID":20784992,"NEXT_DOWN":20784716,"MAIN_RIV":20784716,"LENGTH_KM":2.9200001,"CATCH_SKM":16.860001,"DIS_AV_CMS":0.003,"ORD_STRA":1,"ORD_FLOW":9},"geometry":{"type":"LineString","coordinates":[[42.58333333333226,30.362499999999706],[42.58958333333223,30.368749999999743],[42.58958333333223,30.377083333333054],[42.585416666665594,30.381249999999717],[42.585416666665594,30.385416666666366]]}},{"type":"Feature","properties":{"HYRIV_ID":20784993,"NEXT_DOWN":0,"MAIN_RIV":20784993,"LENGTH_KM":2.7,"CATCH_SKM":26.120001,"DIS_AV_CMS":0.005,"ORD_STRA":1,"ORD_FLOW":9},"geometry":{"type":"LineString","coordinates":[[42.631249999998914,30.362499999999706],[42.631249999998914,30.381249999999717],[42.62708333333225,30.385416666666366]]}},{"type":"Feature","properties":{"HYRIV_ID":20784994,"NEXT_DOWN":20784299,"MAIN_RIV":20780987,"LENGTH_KM":5.23,"CATCH_SKM":18.15,"DIS_AV_CMS":0.044,"ORD_STRA":2,"ORD_FLOW":8},"geometry":{"type":"LineString","coordinates":[[42.79791666666557,30.364583333333037],[42.79791666666557,30.368749999999743],[42.79374999999894,30.37291666666639],[42.79374999999894,30.385416666666366],[42.78124999999895,30.397916666666397],[42.78124999999895,30.40624999999971]]}},{"type":"Feature","properties":{"HYRIV_ID":20784995,"NEXT_DOWN":20785872,"MAIN_RIV":20785732,"LENGTH_KM":5.6700001,"CATCH_SKM":20.370001,"DIS_AV_CMS":0.018,"ORD_STRA":2,"ORD_FLOW":8},"geometry":{"type":"LineString","coordinates":[[42.960416666665594,30.364583333333037],[42.98124999999888,30.364583333333037],[42.993749999998954,30.377083333333054],[43.006249999998914,30.364583333333037]]}},{"type":"Feature","properties":{"HYRIV_ID":20784996,"NEXT_DOWN":20785872,"MAIN_RIV":20785732,"LENGTH_KM":5.1100001,"CATCH_SKM":20.0,"DIS_AV_CMS":0.004,"ORD_STRA":1,"ORD_FLOW":9},"geometry":{"type":"LineString","coordinates":[[43.04583333333227,30.377083333333054],[43.039583333332274,30.377083333333054],[43.03541666666561,30.381249999999717],[43.027083333332314,30.381249999999717],[43.02291666666565,30.377083333333054],[43.02291666666565,30.37291666666639],[43.01458333333224,30.364583333333037],[43.006249999998914,30.364583333333037]]}},{"type":"Feature","properties":{"HYRIV_ID":20784997,"NEXT_DOWN":0,"MAIN_RIV":20784997,"LENGTH_KM":1.01,"CATCH_SKM":0.74,"DIS_AV_CMS":0.0,"ORD_STRA":3,"ORD_FLOW":10},"geometry":{"type":"LineString","coordinates":[[43.98124999999894,30.364583333333037],[43.977083333332274,30.368749999999743],[43.972916666665526,30.368749999999743]]}},{"type":"Feature","properties":{"HYRIV_ID":20784998,"NEXT_DOWN":20784997,"MAIN_RIV":20784997,"LENGTH_KM":0.4,"CATCH_SKM":0.74,"DIS_AV_CMS":0.0,"ORD_STRA":2,"ORD_FLOW":10},"geometry":{"type":"LineString","coordinates":[[43.9854166666656,30.364583333333037],[43.98124999999894,30.364583333333037]]}},{"type":"Feature","properties":{"HYRIV_ID":20784999,"NEXT_DOWN":20784998,"MAIN_RIV":20784997,"LENGTH_KM":6.12,"CATCH_SKM":28.52,"DIS_AV_CMS":0.001,"ORD_STRA":1,"ORD_FLOW":9},"geometry":{"type":"LineString","coordinates":[[44.03333333333225,30.38958333333303],[44.01874999999896,30.38958333333303],[44.010416666665634,30.381249999999717],[43.99791666666556,30.381249999999717],[43.9854166666656,30.368749999999743],[43.9854166666656,30.364583333333037]]}},{"type":"Feature","properties":{"HYRIV_ID":20785066,"NEXT_DOWN":20784860,"MAIN_RIV":20784716,"LENGTH_KM":3.34,"CATCH_SKM":28.530001,"DIS_AV_CMS":0.005,"ORD_STRA":1,"ORD_FLOW":9},"geometry":{"type":"LineString","coordinates":[[42.51666666666563,30.358333333333057],[42.52291666666562,30.364583333333037],[42.527083333332286,30.364583333333037],[42.53541666666561,30.37291666666639],[42.543749999998994,30.37291666666639]]}},{"type":"Feature","properties":{"HYRIV_ID":20785067,"NEXT_DOWN":20785133,"MAIN_RIV":20780987,"LENGTH_KM":7.0700002,"CATCH_SKM":23.15,"DIS_AV_CMS":0.004,"ORD_STRA":1,"ORD_FLOW":9},"geometry":{"type":"LineString","coordinates":[[42.70833333333226,30.368749999999743],[42.7270833333323,30.368749999999743],[42.731249999998965,30.37291666666639],[42.73541666666563,30.37291666666639],[42.73958333333229,30.377083333333054],[42.743749999998954,30.377083333333054],[42.74791666666559,30.37291666666639],[42.756249999998914,30.37291666666639],[42.76874999999899,30.360416666666374]]}},{"type":"Feature","properties":{"HYRIV_ID":20785068,"NEXT_DOWN":20784994,"MAIN_RIV":20780987,"LENGTH_KM":2.83,"CATCH_SKM":15.93,"DIS_AV_CMS":0.003,"ORD_STRA":1,"ORD_FLOW":9},"geometry":{"type":"LineString","coordinates":[[42.8208333333323,30.360416666666374],[42.81458333333231,30.360416666666374],[42.80624999999898,30.368749999999743],[42.802083333332234,30.364583333333037],[42.79791666666557,30.364583333333037]]}},{"type":"Feature","properties":{"HYRIV_ID":20785069,"NEXT_DOWN":20784217,"MAIN_RIV":20791150,"LENGTH_KM":7.6799998,"CATCH_SKM":31.110001,"DIS_AV_CMS":0.006,"ORD_STRA":1,"ORD_FLOW":9},"geometry":{"type":"LineString","coordinates":[[43.54791666666563,30.358333333333057],[43.54791666666563,30.364583333333037],[43.57291666666558,30.38958333333303],[43.57291666666558,30.393749999999734],[43.589583333332286,30.410416666666414],[43.59374999999895,30.410416666666414]]}},{"type":"Feature","properties":{"HYRIV_ID":20785132,"NEXT_DOWN":20784368,"MAIN_RIV":20773217,"LENGTH_KM":9.6099997,"CATCH_SKM":33.34,"DIS_AV_CMS":0.08,"ORD_STRA":2,"ORD_FLOW":8},"geometry":{"type":"LineString","coordinates":[[42.068749999998914,30.356249999999726],[42.07291666666566,30.356249999999726],[42.077083333332325,30.360416666666374],[42.089583333332314,30.360416666666374],[42.09374999999895,30.356249999999726],[42.09791666666561,30.356249999999726],[42.102083333332274,30.360416666666374],[42.102083333332274,30.364583333333037],[42.10624999999894,30.368749999999743],[42.1104166666656,30.368749999999743],[42.11458333333226,30.37291666666639],[42.11458333333226,30.377083333333054],[42.12291666666556,30.385416666666366],[42.12291666666556,30.397916666666397],[42.12708333333231,30.402083333333046]]}},{"type":"Feature","properties":{"HYRIV_ID":20785133,"NEXT_DOWN":20785134,"MAIN_RIV":20780987,"LENGTH_KM":2.21,"CATCH_SKM":5.37,"DIS_AV_CMS":0.032,"ORD_STRA":2,"ORD_FLOW":8},"geometry":{"type":"LineString","coordinates":[[42.76874999999899,30.360416666666374],[42.77291666666562,30.360416666666374],[42.777083333332286,30.356249999999726],[42.789583333332274,30.356249999999726]]}},{"type":"Feature","properties":{"HYRIV_ID":20785134,"NEXT_DOWN":20784994,"MAIN_RIV":20780987,"LENGTH_KM":1.22,"CATCH_SKM":13.34,"DIS_AV_CMS":0.04,"ORD_STRA":2,"ORD_FLOW":8},"geometry":{"type":"LineString","coordinates":[[42.789583333332274,30.356249999999726],[42.79791666666557,30.364583333333037]]}},{"type":"Feature","properties":{"HYRIV_ID":20785135,"NEXT_DOWN":20784995,"MAIN_RIV":20785732,"LENGTH_KM":13.82,"CATCH_SKM":71.669998,"DIS_AV_CMS":0.013,"ORD_STRA":1,"ORD_FLOW":8},"geometry":{"type":"LineString","coordinates":[[42.86458333333229,30.354166666666394],[42.86458333333229,30.360416666666374],[42.868749999998954,30.364583333333037],[42.868749999998954,30.37291666666639],[42.87708333333225,30.381249999999717],[42.881249999998914,30.377083333333054],[42.88541666666558,30.381249999999717],[42.902083333332286,30.381249999999717],[42.90624999999895,30.377083333333054],[42.9229166666656,30.377083333333054],[42.9312499999989,30.385416666666366],[42.93958333333231,30.385416666666366],[42.94374999999897,30.381249999999717],[42.94374999999897,30.377083333333054],[42.95624999999893,30.364583333333037],[42.960416666665594,30.364583333333037]]}},{"type":"Feature","properties":{"HYRIV_ID":20785136,"NEXT_DOWN":20784147,"MAIN_RIV":20784146,"LENGTH_KM":19.15,"CATCH_SKM":61.669998,"DIS_AV_CMS":0.027,"ORD_STRA":2,"ORD_FLOW":8},"geometry":{"type":"LineString","coordinates":[[43.28541666666564,30.356249999999726],[43.2687499999989,30.356249999999726],[43.25624999999894,30.368749999999743],[43.21874999999892,30.368749999999743],[43.21458333333226,30.364583333333037],[43.21041666666562,30.368749999999743],[43.2020833333323,30.360416666666374],[43.18958333333222,30.37291666666639],[43.18958333333222,30.377083333333054],[43.181249999998926,30.385416666666366],[43.181249999998926,30.397916666666397],[43.17708333333226,30.402083333333046],[43.17708333333226,30.410416666666414],[43.1729166666656,30.41458333333302],[43.16041666666564,30.41458333333302],[43.15624999999898,30.418749999999726],[43.14791666666565,30.418749999999726]]}},{"type":"Feature","properties":{"HYRIV_ID":20785137,"NEXT_DOWN":20785136,"MAIN_RIV":20784146,"LENGTH_KM":7.85,"CATCH_SKM":49.630001,"DIS_AV_CMS":0.01,"ORD_STRA":1,"ORD_FLOW":8},"geometry":{"type":"LineString","coordinates":[[43.34583333333225,30.38333333333305],[43.339583333332286,30.377083333333054],[43.33541666666562,30.377083333333054],[43.33124999999896,30.37291666666639],[43.32291666666555,30.37291666666639],[43.318749999998886,30.377083333333054],[43.306249999998926,30.377083333333054],[43.2979166666656,30.368749999999743],[43.29374999999894,30.368749999999743],[43.28541666666564,30.360416666666374],[43.28541666666564,30.356249999999726]]}},{"type":"Feature","properties":{"HYRIV_ID":20785215,"NEXT_DOWN":20785132,"MAIN_RIV":20773217,"LENGTH_KM":4.04,"CATCH_SKM":26.120001,"DIS_AV_CMS":0.025,"ORD_STRA":1,"ORD_FLOW":8},"geometry":{"type":"LineString","coordinates":[[42.03333333333225,30.352083333333063],[42.043749999998965,30.352083333333063],[42.04791666666563,30.356249999999726],[42.05208333333229,30.356249999999726],[42.056249999998954,30.360416666666374],[42.06041666666562,30.360416666666374],[42.06458333333228,30.356249999999726],[42.068749999998914,30.356249999999726]]}},{"type":"Feature","properties":{"HYRIV_ID":20785216,"NEXT_DOWN":20785217,"MAIN_RIV":20779691,"LENGTH_KM":3.55,"CATCH_SKM":21.110001,"DIS_AV_CMS":0.022,"ORD_STRA":1,"ORD_FLOW":8},"geometry":{"type":"LineString","coordinates":[[42.287499999998914,30.370833333333074],[42.29791666666566,30.360416666666374],[42.306249999998954,30.360416666666374],[42.31458333333228,30.352083333333063]]}},{"type":"Feature","properties":{"HYRIV_ID":20785217,"NEXT_DOWN":20784858,"MAIN_RIV":20779691,"LENGTH_KM":4.1100001,"CATCH_SKM":6.1100001,"DIS_AV_CMS":0.139,"ORD_STRA":2,"ORD_FLOW":7},"geometry":{"type":"LineString","coordinates":[[42.31458333333228,30.352083333333063],[42.322916666665606,30.360416666666374],[42.3312499999989,30.360416666666374],[42.33541666666565,30.364583333333037],[42.339583333332314,30.364583333333037],[42.34374999999898,30.368749999999743],[42.34374999999898,30.37291666666639]]}},{"type":"Feature","properties":{"HYRIV_ID":20785218,"NEXT_DOWN":20783281,"MAIN_RIV":20782621,"LENGTH_KM":14.59,"CATCH_SKM":51.290001,"DIS_AV_CMS":0.032,"ORD_STRA":2,"ORD_FLOW":8},"geometry":{"type":"LineString","coordinates":[[42.45208333333227,30.352083333333063],[42.47291666666564,30.37291666666639],[42.47291666666564,30.393749999999734],[42.46874999999898,30.397916666666397],[42.4770833333323,30.40624999999971],[42.4770833333323,30.410416666666414],[42.481249999998965,30.41458333333302],[42.481249999998965,30.427083333333037],[42.4854166666656,30.4312499999997],[42.4854166666656,30.435416666666406],[42.48958333333226,30.439583333333054],[42.48958333333226,30.443749999999717],[42.49791666666559,30.45208333333303],[42.49791666666559,30.460416666666397],[42.493749999998926,30.464583333333046]]}},{"type":"Feature","properties":{"HYRIV_ID":20785219,"NEXT_DOWN":20785136,"MAIN_RIV":20784146,"LENGTH_KM":3.32,"CATCH_SKM":29.639999,"DIS_AV_CMS":0.006,"ORD_STRA":1,"ORD_FLOW":9},"geometry":{"type":"LineString","coordinates":[[43.31666666666558,30.34999999999969],[43.31041666666559,30.356249999999726],[43.28541666666564,30.356249999999726]]}},{"type":"Feature","properties":{"HYRIV_ID":20785278,"NEXT_DOWN":20785218,"MAIN_RIV":20782621,"LENGTH_KM":2.01,"CATCH_SKM":17.23,"DIS_AV_CMS":0.013,"ORD_STRA":1,"ORD_FLOW":8},"geometry":{"type":"LineString","coordinates":[[42.433333333332286,30.347916666666357],[42.447916666665606,30.347916666666357],[42.45208333333227,30.352083333333063]]}},{"type":"Feature","properties":{"HYRIV_ID":20785279,"NEXT_DOWN":20784995,"MAIN_RIV":20785732,"LENGTH_KM":2.31,"CATCH_SKM":14.63,"DIS_AV_CMS":0.003,"ORD_STRA":1,"ORD_FLOW":9},"geometry":{"type":"LineString","coordinates":[[42.9541666666656,30.34583333333304],[42.960416666665594,30.352083333333063],[42.960416666665594,30.364583333333037]]}},{"type":"Feature","properties":{"HYRIV_ID":20785280,"NEXT_DOWN":20784719,"MAIN_RIV":20785283,"LENGTH_KM":4.0,"CATCH_SKM":7.96,"DIS_AV_CMS":0.067,"ORD_STRA":3,"ORD_FLOW":8},"geometry":{"type":"LineString","coordinates":[[43.7437499999989,30.347916666666357],[43.7437499999989,30.352083333333063],[43.74791666666556,30.356249999999726],[43.74791666666556,30.360416666666374],[43.75208333333231,30.364583333333037],[43.75208333333231,30.381249999999717]]}},{"type":"Feature","properties":{"HYRIV_ID":20785281,"NEXT_DOWN":20785282,"MAIN_RIV":20785283,"LENGTH_KM":21.98,"CATCH_SKM":118.52,"DIS_AV_CMS":0.132,"ORD_STRA":3,"ORD_FLOW":7},"geometry":{"type":"LineString","coordinates":[[43.75624999999897,30.38958333333303],[43.76458333333227,30.397916666666397],[43.76458333333227,30.402083333333046],[43.772916666665594,30.410416666666414],[43.772916666665594,30.41458333333302],[43.78124999999892,30.41458333333302],[43.78958333333222,30.40624999999971],[43.79374999999888,30.40624999999971],[43.81458333333225,30.385416666666366],[43.818749999998914,30.385416666666366],[43.82291666666558,30.381249999999717],[43.8312499999989,30.381249999999717],[43.835416666665566,30.377083333333054],[43.84374999999886,30.377083333333054],[43.84791666666561,30.37291666666639],[43.8604166666656,30.37291666666639],[43.86458333333226,30.368749999999743],[43.8687499999989,30.368749999999743],[43.88124999999897,30.356249999999726],[43.8895833333323,30.356249999999726],[43.89374999999893,30.360416666666374],[43.897916666665594,30.360416666666374],[43.90208333333226,30.356249999999726],[43.90624999999892,30.356249999999726],[43.91041666666558,30.352083333333063],[43.92291666666554,30.352083333333063],[43.92708333333229,30.347916666666357]]}},{"type":"Feature","properties":{"HYRIV_ID":20785282,"NEXT_DOWN":20785283,"MAIN_RIV":20785283,"LENGTH_KM":2.82,"CATCH_SKM":6.48,"DIS_AV_CMS":0.13600001,"ORD_STRA":3,"ORD_FLOW":7},"geometry":{"type":"LineString","coordinates":[[43.92708333333229,30.347916666666357],[43.93541666666562,30.347916666666357],[43.93958333333228,30.352083333333063],[43.94791666666558,30.352083333333063],[43.95208333333224,30.347916666666357]]}},{"type":"Feature","properties":{"HYRIV_ID":20785283,"NEXT_DOWN":0,"MAIN_RIV":20785283,"LENGTH_KM":3.86,"CATCH_SKM":6.6700001,"DIS_AV_CMS":0.0,"ORD_STRA":4,"ORD_FLOW":10},"geometry":{"type":"LineString","coordinates":[[43.95208333333224,30.347916666666357],[43.9562499999989,30.352083333333063],[43.960416666665566,30.352083333333063],[43.96458333333223,30.356249999999726],[43.960416666665566,30.360416666666374],[43.96874999999889,30.368749999999743],[43.972916666665526,30.368749999999743]]}},{"type":"Feature","properties":{"HYRIV_ID":20785406,"NEXT_DOWN":20784858,"MAIN_RIV":20779691,"LENGTH_KM":4.4499998,"CATCH_SKM":19.82,"DIS_AV_CMS":0.0,"ORD_STRA":4,"ORD_FLOW":10},"geometry":{"type":"LineString","coordinates":[[42.36458333333226,30.339583333333046],[42.35624999999894,30.347916666666357],[42.35624999999894,30.356249999999726],[42.3520833333323,30.360416666666374],[42.3520833333323,30.364583333333037],[42.34374999999898,30.37291666666639]]}},{"type":"Feature","properties":{"HYRIV_ID":20785407,"NEXT_DOWN":20785406,"MAIN_RIV":20779691,"LENGTH_KM":1.6,"CATCH_SKM":4.2600002,"DIS_AV_CMS":0.058,"ORD_STRA":2,"ORD_FLOW":8},"geometry":{"type":"LineString","coordinates":[[42.381249999998886,30.339583333333046],[42.36458333333226,30.339583333333046]]}},{"type":"Feature","properties":{"HYRIV_ID":20785408,"NEXT_DOWN":20785407,"MAIN_RIV":20779691,"LENGTH_KM":2.78,"CATCH_SKM":16.3,"DIS_AV_CMS":0.016,"ORD_STRA":1,"ORD_FLOW":8},"geometry":{"type":"LineString","coordinates":[[42.39374999999896,30.358333333333057],[42.39374999999896,30.352083333333063],[42.3895833333323,30.347916666666357],[42.3895833333323,30.34374999999971],[42.385416666665634,30.339583333333046],[42.381249999998886,30.339583333333046]]}},{"type":"Feature","properties":{"HYRIV_ID":20785409,"NEXT_DOWN":20785218,"MAIN_RIV":20782621,"LENGTH_KM":1.62,"CATCH_SKM":19.459999,"DIS_AV_CMS":0.008,"ORD_STRA":1,"ORD_FLOW":9},"geometry":{"type":"LineString","coordinates":[[42.45208333333227,30.337499999999714],[42.45208333333227,30.352083333333063]]}},{"type":"Feature","properties":{"HYRIV_ID":20785479,"NEXT_DOWN":20785133,"MAIN_RIV":20780987,"LENGTH_KM":3.3800001,"CATCH_SKM":12.41,"DIS_AV_CMS":0.027,"ORD_STRA":2,"ORD_FLOW":8},"geometry":{"type":"LineString","coordinates":[[42.75208333333225,30.335416666666383],[42.76041666666558,30.34374999999971],[42.76041666666558,30.352083333333063],[42.76874999999899,30.360416666666374]]}},{"type":"Feature","properties":{"HYRIV_ID":20785480,"NEXT_DOWN":20784998,"MAIN_RIV":20784997,"LENGTH_KM":6.1300001,"CATCH_SKM":24.82,"DIS_AV_CMS":0.0,"ORD_STRA":2,"ORD_FLOW":10},"geometry":{"type":"LineString","coordinates":[[44.03124999999892,30.335416666666383],[44.03124999999892,30.339583333333046],[44.02708333333226,30.34374999999971],[44.0145833333323,30.34374999999971],[44.00208333333222,30.356249999999726],[43.99791666666556,30.356249999999726],[43.98958333333226,30.364583333333037],[43.9854166666656,30.364583333333037]]}},{"type":"Feature","properties":{"HYRIV_ID":20785546,"NEXT_DOWN":0,"MAIN_RIV":20785546,"LENGTH_KM":5.5300002,"CATCH_SKM":12.97,"DIS_AV_CMS":0.025,"ORD_STRA":2,"ORD_FLOW":8},"geometry":{"type":"LineString","coordinates":[[43.40208333333223,30.37291666666639],[43.40624999999898,30.368749999999743],[43.39374999999893,30.356249999999726],[43.39374999999893,30.352083333333063],[43.397916666665566,30.347916666666357],[43.397916666665566,30.335416666666383],[43.40208333333223,30.331249999999734]]}},{"type":"Feature","properties":{"HYRIV_ID":20785605,"NEXT_DOWN":0,"MAIN_RIV":20785605,"LENGTH_KM":0.61,"CATCH_SKM":0.18,"DIS_AV_CMS":0.142,"ORD_STRA":3,"ORD_FLOW":7},"geometry":{"type":"LineString","coordinates":[[43.40624999999898,30.32708333333303],[43.40208333333223,30.331249999999734]]}},{"type":"Feature","properties":{"HYRIV_ID":20785606,"NEXT_DOWN":20785281,"MAIN_RIV":20785283,"LENGTH_KM":8.7,"CATCH_SKM":37.049999,"DIS_AV_CMS":0.007,"ORD_STRA":1,"ORD_FLOW":9},"geometry":{"type":"LineString","coordinates":[[43.78333333333225,30.324999999999697],[43.772916666665594,30.335416666666383],[43.772916666665594,30.356249999999726],[43.77708333333226,30.360416666666374],[43.77708333333226,30.368749999999743],[43.760416666665634,30.385416666666366],[43.760416666665634,30.38958333333303],[43.75624999999897,30.38958333333303]]}},{"type":"Feature","properties":{"HYRIV_ID":20785607,"NEXT_DOWN":20785282,"MAIN_RIV":20785283,"LENGTH_KM":3.07,"CATCH_SKM":18.34,"DIS_AV_CMS":0.004,"ORD_STRA":1,"ORD_FLOW":9},"geometry":{"type":"LineString","coordinates":[[43.912499999998914,30.324999999999697],[43.92708333333229,30.339583333333046],[43.92708333333229,30.347916666666357]]}},{"type":"Feature","properties":{"HYRIV_ID":20785664,"NEXT_DOWN":20785665,"MAIN_RIV":20780987,"LENGTH_KM":3.47,"CATCH_SKM":22.969999,"DIS_AV_CMS":0.004,"ORD_STRA":1,"ORD_FLOW":9},"geometry":{"type":"LineString","coordinates":[[42.71666666666559,30.34583333333304],[42.710416666665594,30.339583333333046],[42.71458333333226,30.335416666666383],[42.71874999999889,30.335416666666383],[42.722916666665554,30.331249999999734],[42.722916666665554,30.322916666666366]]}},{"type":"Feature","properties":{"HYRIV_ID":20785665,"NEXT_DOWN":20785479,"MAIN_RIV":20780987,"LENGTH_KM":3.86,"CATCH_SKM":4.08,"DIS_AV_CMS":0.023,"ORD_STRA":2,"ORD_FLOW":8},"geometry":{"type":"LineString","coordinates":[[42.722916666665554,30.322916666666366],[42.7270833333323,30.32708333333303],[42.731249999998965,30.322916666666366],[42.73541666666563,30.322916666666366],[42.73958333333229,30.32708333333303],[42.743749999998954,30.32708333333303],[42.75208333333225,30.335416666666383]]}},{"type":"Feature","properties":{"HYRIV_ID":20785666,"NEXT_DOWN":0,"MAIN_RIV":20785666,"LENGTH_KM":11.58,"CATCH_SKM":52.43,"DIS_AV_CMS":0.01,"ORD_STRA":1,"ORD_FLOW":8},"geometry":{"type":"LineString","coordinates":[[43.22916666666558,30.32708333333303],[43.22291666666558,30.32708333333303],[43.21874999999892,30.322916666666366],[43.20624999999896,30.322916666666366],[43.2020833333323,30.32708333333303],[43.197916666665634,30.322916666666366],[43.18958333333222,30.322916666666366],[43.18541666666559,30.32708333333303],[43.181249999998926,30.32708333333303],[43.1729166666656,30.335416666666383],[43.16874999999894,30.335416666666383],[43.164583333332274,30.339583333333046],[43.16041666666564,30.335416666666383],[43.16041666666564,30.331249999999734],[43.1437499999989,30.331249999999734],[43.13541666666558,30.322916666666366]]}},{"type":"Feature","properties":{"HYRIV_ID":20785729,"NEXT_DOWN":20785406,"MAIN_RIV":20779691,"LENGTH_KM":2.61,"CATCH_SKM":5.1900001,"DIS_AV_CMS":0.0,"ORD_STRA":4,"ORD_FLOW":10},"geometry":{"type":"LineString","coordinates":[[42.35624999999894,30.318749999999717],[42.3604166666656,30.322916666666366],[42.3604166666656,30.32708333333303],[42.36458333333226,30.331249999999734],[42.36458333333226,30.339583333333046]]}},{"type":"Feature","properties":{"HYRIV_ID":20785730,"NEXT_DOWN":20785732,"MAIN_RIV":20785732,"LENGTH_KM":0.8,"CATCH_SKM":1.48,"DIS_AV_CMS":0.141,"ORD_STRA":3,"ORD_FLOW":7},"geometry":{"type":"LineString","coordinates":[[43.10624999999891,30.318749999999717],[43.114583333332206,30.318749999999717]]}},{"type":"Feature","properties":{"HYRIV_ID":20785731,"NEXT_DOWN":20785732,"MAIN_RIV":20785732,"LENGTH_KM":1.99,"CATCH_SKM":13.71,"DIS_AV_CMS":0.003,"ORD_STRA":1,"ORD_FLOW":9},"geometry":{"type":"LineString","coordinates":[[43.112499999998875,30.33333333333305],[43.118749999998954,30.32708333333303],[43.114583333332206,30.322916666666366],[43.114583333332206,30.318749999999717]]}},{"type":"Feature","properties":{"HYRIV_ID":20785732,"NEXT_DOWN":0,"MAIN_RIV":20785732,"LENGTH_KM":2.21,"CATCH_SKM":2.78,"DIS_AV_CMS":0.144,"ORD_STRA":3,"ORD_FLOW":7},"geometry":{"type":"LineString","coordinates":[[43.114583333332206,30.318749999999717],[43.12708333333228,30.318749999999717],[43.13124999999894,30.322916666666366],[43.13541666666558,30.322916666666366]]}},{"type":"Feature","properties":{"HYRIV_ID":20785733,"NEXT_DOWN":20785605,"MAIN_RIV":20785605,"LENGTH_KM":8.1,"CATCH_SKM":27.049999,"DIS_AV_CMS":0.029,"ORD_STRA":2,"ORD_FLOW":8},"geometry":{"type":"LineString","coordinates":[[43.47291666666561,30.318749999999717],[43.46874999999895,30.322916666666366],[43.464583333332286,30.322916666666366],[43.46041666666562,30.32708333333303],[43.45624999999896,30.32708333333303],[43.44791666666558,30.335416666666383],[43.43958333333225,30.335416666666383],[43.435416666665674,30.339583333333046],[43.431249999998926,30.339583333333046],[43.418749999998965,30.32708333333303],[43.40624999999898,30.32708333333303]]}},{"type":"Feature","properties":{"HYRIV_ID":20785804,"NEXT_DOWN":20785132,"MAIN_RIV":20773217,"LENGTH_KM":5.83,"CATCH_SKM":30.02,"DIS_AV_CMS":0.029,"ORD_STRA":1,"ORD_FLOW":8},"geometry":{"type":"LineString","coordinates":[[42.070833333332246,30.312499999999723],[42.06458333333228,30.318749999999717],[42.06458333333228,30.322916666666366],[42.06041666666562,30.32708333333303],[42.06458333333228,30.331249999999734],[42.06458333333228,30.339583333333046],[42.068749999998914,30.34374999999971],[42.06458333333228,30.347916666666357],[42.068749999998914,30.352083333333063],[42.068749999998914,30.356249999999726]]}},{"type":"Feature","properties":{"HYRIV_ID":20785805,"NEXT_DOWN":20785479,"MAIN_RIV":20780987,"LENGTH_KM":3.47,"CATCH_SKM":15.38,"DIS_AV_CMS":0.003,"ORD_STRA":1,"ORD_FLOW":9},"geometry":{"type":"LineString","coordinates":[[42.74166666666562,30.312499999999723],[42.74791666666559,30.318749999999717],[42.75208333333225,30.318749999999717],[42.756249999998914,30.322916666666366],[42.756249999998914,30.32708333333303],[42.75208333333225,30.331249999999734],[42.75208333333225,30.335416666666383]]}},{"type":"Feature","properties":{"HYRIV_ID":20785806,"NEXT_DOWN":20785733,"MAIN_RIV":20785605,"LENGTH_KM":1.81,"CATCH_SKM":1.85,"DIS_AV_CMS":0.02,"ORD_STRA":2,"ORD_FLOW":8},"geometry":{"type":"LineString","coordinates":[[43.489583333332234,30.314583333333054],[43.477083333332246,30.314583333333054],[43.47291666666561,30.318749999999717]]}},{"type":"Feature","properties":{"HYRIV_ID":20785807,"NEXT_DOWN":20785806,"MAIN_RIV":20785605,"LENGTH_KM":2.29,"CATCH_SKM":15.56,"DIS_AV_CMS":0.003,"ORD_STRA":1,"ORD_FLOW":9},"geometry":{"type":"LineString","coordinates":[[43.50416666666561,30.32708333333303],[43.497916666665645,30.32708333333303],[43.489583333332234,30.318749999999717],[43.489583333332234,30.314583333333054]]}},{"type":"Feature","properties":{"HYRIV_ID":20785808,"NEXT_DOWN":20784510,"MAIN_RIV":20785283,"LENGTH_KM":14.56,"CATCH_SKM":64.470001,"DIS_AV_CMS":0.012,"ORD_STRA":1,"ORD_FLOW":8},"geometry":{"type":"LineString","coordinates":[[43.581249999998875,30.312499999999723],[43.581249999998875,30.322916666666366],[43.58541666666554,30.32708333333303],[43.589583333332286,30.32708333333303],[43.59791666666561,30.335416666666383],[43.602083333332274,30.335416666666383],[43.60624999999891,30.339583333333046],[43.6187499999989,30.339583333333046],[43.62291666666556,30.34374999999971],[43.62291666666556,30.347916666666357],[43.62708333333231,30.352083333333063],[43.62708333333231,30.356249999999726],[43.63124999999894,30.360416666666374],[43.63958333333227,30.360416666666374],[43.65208333333226,30.37291666666639],[43.65208333333226,30.381249999999717],[43.660416666665554,30.38958333333303],[43.6645833333323,30.38958333333303],[43.668749999998965,30.393749999999734],[43.67291666666563,30.393749999999734]]}},{"type":"Feature","properties":{"HYRIV_ID":20785870,"NEXT_DOWN":20785993,"MAIN_RIV":20780987,"LENGTH_KM":4.4400001,"CATCH_SKM":30.950001,"DIS_AV_CMS":0.005,"ORD_STRA":1,"ORD_FLOW":9},"geometry":{"type":"LineString","coordinates":[[42.5791666666656,30.322916666666366],[42.585416666665594,30.322916666666366],[42.58958333333223,30.318749999999717],[42.59791666666564,30.318749999999717],[42.606249999998965,30.31041666666639],[42.618749999998926,30.31041666666639]]}},{"type":"Feature","properties":{"HYRIV_ID":20785871,"NEXT_DOWN":20785928,"MAIN_RIV":20785732,"LENGTH_KM":3.0,"CATCH_SKM":14.27,"DIS_AV_CMS":0.003,"ORD_STRA":1,"ORD_FLOW":9},"geometry":{"type":"LineString","coordinates":[[42.98749999999896,30.329166666666403],[42.993749999998954,30.322916666666366],[42.99791666666562,30.322916666666366],[43.006249999998914,30.314583333333054],[43.006249999998914,30.31041666666639]]}},{"type":"Feature","properties":{"HYRIV_ID":20785872,"NEXT_DOWN":20785873,"MAIN_RIV":20785732,"LENGTH_KM":7.21,"CATCH_SKM":25.75,"DIS_AV_CMS":0.027,"ORD_STRA":2,"ORD_FLOW":8},"geometry":{"type":"LineString","coordinates":[[43.006249999998914,30.364583333333037],[43.01041666666558,30.360416666666374],[43.01041666666558,30.352083333333063],[43.02291666666565,30.339583333333046],[43.02291666666565,30.335416666666383],[43.03541666666561,30.322916666666366],[43.03541666666561,30.318749999999717],[43.039583333332274,30.314583333333054],[43.039583333332274,30.31041666666639]]}},{"type":"Feature","properties":{"HYRIV_ID":20785873,"NEXT_DOWN":20785730,"MAIN_RIV":20785732,"LENGTH_KM":8.1,"CATCH_SKM":34.830002,"DIS_AV_CMS":0.12800001,"ORD_STRA":3,"ORD_FLOW":7},"geometry":{"type":"LineString","coordinates":[[43.039583333332274,30.31041666666639],[43.04374999999894,30.314583333333054],[43.0479166666656,30.314583333333054],[43.056249999998926,30.322916666666366],[43.072916666665634,30.322916666666366],[43.0770833333323,30.32708333333303],[43.08124999999896,30.32708333333303],[43.085416666665594,30.331249999999734],[43.09374999999892,30.331249999999734],[43.10624999999891,30.318749999999717]]}},{"type":"Feature","properties":{"HYRIV_ID":20785925,"NEXT_DOWN":20785926,"MAIN_RIV":20779691,"LENGTH_KM":9.71,"CATCH_SKM":57.080002,"DIS_AV_CMS":0.056,"ORD_STRA":1,"ORD_FLOW":8},"geometry":{"type":"LineString","coordinates":[[42.195833333332274,30.31041666666639],[42.214583333332314,30.31041666666639],[42.21874999999898,30.314583333333054],[42.22291666666561,30.314583333333054],[42.227083333332274,30.31041666666639],[42.23124999999894,30.314583333333054],[42.2354166666656,30.31041666666639],[42.23958333333226,30.314583333333054],[42.24374999999901,30.31041666666639],[42.24791666666559,30.31041666666639],[42.25208333333222,30.306249999999743],[42.25624999999897,30.31041666666639],[42.260416666665634,30.31041666666639],[42.2645833333323,30.306249999999743],[42.27708333333226,30.306249999999743]]}},{"type":"Feature","properties":{"HYRIV_ID":20785926,"NEXT_DOWN":20785217,"MAIN_RIV":20779691,"LENGTH_KM":6.9400001,"CATCH_SKM":29.639999,"DIS_AV_CMS":0.117,"ORD_STRA":2,"ORD_FLOW":7},"geometry":{"type":"LineString","coordinates":[[42.27708333333226,30.306249999999743],[42.28541666666558,30.306249999999743],[42.28958333333233,30.31041666666639],[42.28958333333233,30.314583333333054],[42.31041666666562,30.335416666666383],[42.31041666666562,30.34374999999971],[42.31458333333228,30.347916666666357],[42.31458333333228,30.352083333333063]]}},{"type":"Feature","properties":{"HYRIV_ID":20785927,"NEXT_DOWN":20785993,"MAIN_RIV":20780987,"LENGTH_KM":0.69,"CATCH_SKM":10.75,"DIS_AV_CMS":0.002,"ORD_STRA":1,"ORD_FLOW":9},"geometry":{"type":"LineString","coordinates":[[42.618749999998926,30.30416666666641],[42.618749999998926,30.31041666666639]]}},{"type":"Feature","properties":{"HYRIV_ID":20785928,"NEXT_DOWN":20785929,"MAIN_RIV":20785732,"LENGTH_KM":3.01,"CATCH_SKM":5.37,"DIS_AV_CMS":0.01,"ORD_STRA":2,"ORD_FLOW":8},"geometry":{"type":"LineString","coordinates":[[43.006249999998914,30.31041666666639],[43.03124999999895,30.31041666666639],[43.03541666666561,30.306249999999743]]}},{"type":"Feature","properties":{"HYRIV_ID":20785929,"NEXT_DOWN":20785873,"MAIN_RIV":20785732,"LENGTH_KM":0.61,"CATCH_SKM":0.74,"DIS_AV_CMS":0.095,"ORD_STRA":3,"ORD_FLOW":8},"geometry":{"type":"LineString","coordinates":[[43.03541666666561,30.306249999999743],[43.039583333332274,30.31041666666639]]}},{"type":"Feature","properties":{"HYRIV_ID":20785993,"NEXT_DOWN":20786203,"MAIN_RIV":20780987,"LENGTH_KM":4.0500002,"CATCH_SKM":12.23,"DIS_AV_CMS":0.009,"ORD_STRA":2,"ORD_FLOW":9},"geometry":{"type":"LineString","coordinates":[[42.618749999998926,30.31041666666639],[42.62291666666559,30.306249999999743],[42.62708333333225,30.31041666666639],[42.63541666666558,30.31041666666639],[42.6395833333323,30.306249999999743],[42.64791666666562,30.306249999999743],[42.652083333332286,30.30208333333308]]}},{"type":"Feature","properties":{"HYRIV_ID":20785994,"NEXT_DOWN":20785280,"MAIN_RIV":20785283,"LENGTH_KM":6.9200001,"CATCH_SKM":29.09,"DIS_AV_CMS":0.006,"ORD_STRA":1,"ORD_FLOW":9},"geometry":{"type":"LineString","coordinates":[[43.714583333332286,30.299999999999706],[43.714583333332286,30.306249999999743],[43.71874999999895,30.31041666666639],[43.71874999999895,30.314583333333054],[43.727083333332274,30.322916666666366],[43.727083333332274,30.32708333333303],[43.73124999999894,30.331249999999734],[43.727083333332274,30.335416666666383],[43.739583333332234,30.347916666666357],[43.7437499999989,30.347916666666357]]}},{"type":"Feature","properties":{"HYRIV_ID":20786062,"NEXT_DOWN":20785929,"MAIN_RIV":20785732,"LENGTH_KM":1.0700001,"CATCH_SKM":1.48,"DIS_AV_CMS":0.084,"ORD_STRA":3,"ORD_FLOW":8},"geometry":{"type":"LineString","coordinates":[[43.03124999999895,30.297916666666374],[43.03541666666561,30.30208333333308],[43.03541666666561,30.306249999999743]]}},{"type":"Feature","properties":{"HYRIV_ID":20786063,"NEXT_DOWN":0,"MAIN_RIV":20786063,"LENGTH_KM":6.35,"CATCH_SKM":36.689999,"DIS_AV_CMS":0.028,"ORD_STRA":2,"ORD_FLOW":8},"geometry":{"type":"LineString","coordinates":[[43.35624999999891,30.297916666666374],[43.36041666666557,30.297916666666374],[43.3687499999989,30.306249999999743],[43.37291666666562,30.306249999999743],[43.37708333333228,30.31041666666639],[43.37708333333228,30.314583333333054],[43.385416666665606,30.322916666666366],[43.38958333333227,30.322916666666366],[43.397916666665566,30.331249999999734],[43.40208333333223,30.331249999999734]]}},{"type":"Feature","properties":{"HYRIV_ID":20786122,"NEXT_DOWN":20785729,"MAIN_RIV":20779691,"LENGTH_KM":3.53,"CATCH_SKM":16.129999,"DIS_AV_CMS":0.015,"ORD_STRA":1,"ORD_FLOW":8},"geometry":{"type":"LineString","coordinates":[[42.37083333333226,30.291666666666394],[42.36458333333226,30.297916666666374],[42.36458333333226,30.30208333333308],[42.3604166666656,30.306249999999743],[42.3604166666656,30.314583333333054],[42.35624999999894,30.318749999999717]]}},{"type":"Feature","properties":{"HYRIV_ID":20786123,"NEXT_DOWN":20785134,"MAIN_RIV":20780987,"LENGTH_KM":8.0699997,"CATCH_SKM":32.8,"DIS_AV_CMS":0.006,"ORD_STRA":1,"ORD_FLOW":9},"geometry":{"type":"LineString","coordinates":[[42.76458333333224,30.291666666666394],[42.76458333333224,30.297916666666374],[42.78124999999895,30.314583333333054],[42.78124999999895,30.335416666666383],[42.789583333332274,30.34374999999971],[42.789583333332274,30.356249999999726]]}},{"type":"Feature","properties":{"HYRIV_ID":20786124,"NEXT_DOWN":20785928,"MAIN_RIV":20785732,"LENGTH_KM":8.6800003,"CATCH_SKM":35.220001,"DIS_AV_CMS":0.006,"ORD_STRA":1,"ORD_FLOW":9},"geometry":{"type":"LineString","coordinates":[[42.94166666666564,30.291666666666394],[42.947916666665634,30.297916666666374],[42.947916666665634,30.30208333333308],[42.95624999999893,30.31041666666639],[42.960416666665594,30.31041666666639],[42.96458333333234,30.314583333333054],[42.96874999999892,30.31041666666639],[42.97291666666558,30.31041666666639],[42.977083333332246,30.306249999999743],[42.993749999998954,30.306249999999743],[42.99791666666562,30.31041666666639],[43.00208333333228,30.306249999999743],[43.006249999998914,30.31041666666639]]}},{"type":"Feature","properties":{"HYRIV_ID":20786125,"NEXT_DOWN":20785733,"MAIN_RIV":20785605,"LENGTH_KM":3.23,"CATCH_SKM":18.540001,"DIS_AV_CMS":0.004,"ORD_STRA":1,"ORD_FLOW":9},"geometry":{"type":"LineString","coordinates":[[43.47916666666558,30.291666666666394],[43.47291666666561,30.297916666666374],[43.47291666666561,30.318749999999717]]}},{"type":"Feature","properties":{"HYRIV_ID":20786126,"NEXT_DOWN":20784510,"MAIN_RIV":20785283,"LENGTH_KM":15.18,"CATCH_SKM":50.400002,"DIS_AV_CMS":0.01,"ORD_STRA":1,"ORD_FLOW":8},"geometry":{"type":"LineString","coordinates":[[43.61041666666557,30.291666666666394],[43.61041666666557,30.297916666666374],[43.614583333332234,30.30208333333308],[43.614583333332234,30.306249999999743],[43.6187499999989,30.31041666666639],[43.6187499999989,30.322916666666366],[43.62708333333231,30.331249999999734],[43.63958333333227,30.331249999999734],[43.647916666665594,30.339583333333046],[43.65208333333226,30.339583333333046],[43.65624999999892,30.34374999999971],[43.65624999999892,30.347916666666357],[43.6645833333323,30.356249999999726],[43.6645833333323,30.360416666666374],[43.660416666665554,30.364583333333037],[43.668749999998965,30.37291666666639],[43.668749999998965,30.377083333333054],[43.67291666666563,30.381249999999717],[43.67291666666563,30.385416666666366],[43.67708333333229,30.38958333333303],[43.67291666666563,30.393749999999734]]}},{"type":"Feature","properties":{"HYRIV_ID":20786127,"NEXT_DOWN":20784997,"MAIN_RIV":20784997,"LENGTH_KM":8.7700005,"CATCH_SKM":27.610001,"DIS_AV_CMS":0.015,"ORD_STRA":2,"ORD_FLOW":8},"geometry":{"type":"LineString","coordinates":[[43.972916666665526,30.293749999999726],[43.972916666665526,30.297916666666374],[43.96874999999889,30.30208333333308],[43.96874999999889,30.314583333333054],[43.98124999999894,30.32708333333303],[43.98124999999894,30.347916666666357],[43.977083333332274,30.352083333333063],[43.98124999999894,30.356249999999726],[43.98124999999894,30.364583333333037]]}},{"type":"Feature","properties":{"HYRIV_ID":20786200,"NEXT_DOWN":20784715,"MAIN_RIV":20773217,"LENGTH_KM":12.28,"CATCH_SKM":47.43,"DIS_AV_CMS":0.145,"ORD_STRA":3,"ORD_FLOW":7},"geometry":{"type":"LineString","coordinates":[[42.089583333332314,30.289583333333063],[42.089583333332314,30.293749999999726],[42.09791666666561,30.30208333333308],[42.09374999999895,30.306249999999743],[42.09791666666561,30.31041666666639],[42.09791666666561,30.314583333333054],[42.11458333333226,30.331249999999734],[42.11458333333226,30.339583333333046],[42.12291666666556,30.347916666666357],[42.1187499999989,30.352083333333063],[42.12708333333231,30.360416666666374],[42.12708333333231,30.364583333333037],[42.13124999999897,30.368749999999743],[42.13124999999897,30.381249999999717]]}},{"type":"Feature","properties":{"HYRIV_ID":20786201,"NEXT_DOWN":20785926,"MAIN_RIV":20779691,"LENGTH_KM":2.7,"CATCH_SKM":5.1900001,"DIS_AV_CMS":0.037,"ORD_STRA":2,"ORD_FLOW":8},"geometry":{"type":"LineString","coordinates":[[42.260416666665634,30.289583333333063],[42.2645833333323,30.289583333333063],[42.27708333333226,30.30208333333308],[42.27708333333226,30.306249999999743]]}},{"type":"Feature","properties":{"HYRIV_ID":20786202,"NEXT_DOWN":20786203,"MAIN_RIV":20780987,"LENGTH_KM":1.99,"CATCH_SKM":13.16,"DIS_AV_CMS":0.002,"ORD_STRA":1,"ORD_FLOW":9},"geometry":{"type":"LineString","coordinates":[[42.64166666666563,30.28749999999973],[42.652083333332286,30.297916666666374],[42.652083333332286,30.30208333333308]]}},{"type":"Feature","properties":{"HYRIV_ID":20786203,"NEXT_DOWN":20785665,"MAIN_RIV":20780987,"LENGTH_KM":10.81,"CATCH_SKM":48.380001,"DIS_AV_CMS":0.019,"ORD_STRA":2,"ORD_FLOW":8},"geometry":{"type":"LineString","coordinates":[[42.652083333332286,30.30208333333308],[42.65624999999895,30.30208333333308],[42.66041666666561,30.306249999999743],[42.664583333332274,30.306249999999743],[42.66874999999891,30.30208333333308],[42.67291666666566,30.30208333333308],[42.67708333333232,30.297916666666374],[42.67708333333232,30.293749999999726],[42.68124999999898,30.293749999999726],[42.685416666665645,30.289583333333063],[42.70208333333227,30.289583333333063],[42.70624999999893,30.293749999999726],[42.70624999999893,30.30208333333308],[42.710416666665594,30.306249999999743],[42.71458333333226,30.306249999999743],[42.722916666665554,30.314583333333054],[42.722916666665554,30.322916666666366]]}},{"type":"Feature","properties":{"HYRIV_ID":20786204,"NEXT_DOWN":20786609,"MAIN_RIV":20785283,"LENGTH_KM":4.4400001,"CATCH_SKM":25.950001,"DIS_AV_CMS":0.005,"ORD_STRA":1,"ORD_FLOW":9},"geometry":{"type":"LineString","coordinates":[[43.80416666666562,30.293749999999726],[43.81458333333225,30.293749999999726],[43.818749999998914,30.297916666666374],[43.82291666666558,30.293749999999726],[43.83958333333223,30.293749999999726],[43.84374999999886,30.289583333333063]]}},{"type":"Feature","properties":{"HYRIV_ID":20786271,"NEXT_DOWN":0,"MAIN_RIV":20786271,"LENGTH_KM":1.16,"CATCH_SKM":17.049999,"DIS_AV_CMS":0.003,"ORD_STRA":1,"ORD_FLOW":9},"geometry":{"type":"LineString","coordinates":[[42.50208333333225,30.295833333333043],[42.50208333333225,30.2854166666664]]}},{"type":"Feature","properties":{"HYRIV_ID":20786272,"NEXT_DOWN":0,"MAIN_RIV":20786272,"LENGTH_KM":7.21,"CATCH_SKM":25.209999,"DIS_AV_CMS":0.079,"ORD_STRA":3,"ORD_FLOW":8},"geometry":{"type":"LineString","coordinates":[[43.18541666666559,30.2854166666664],[43.16874999999894,30.2854166666664],[43.16874999999894,30.289583333333063],[43.152083333332314,30.306249999999743],[43.152083333332314,30.31041666666639],[43.14791666666565,30.314583333333054],[43.1437499999989,30.314583333333054],[43.13541666666558,30.322916666666366]]}},{"type":"Feature","properties":{"HYRIV_ID":20786273,"NEXT_DOWN":20786272,"MAIN_RIV":20786272,"LENGTH_KM":6.06,"CATCH_SKM":27.24,"DIS_AV_CMS":0.005,"ORD_STRA":1,"ORD_FLOW":9},"geometry":{"type":"LineString","coordinates":[[43.2374999999989,30.306249999999743],[43.227083333332246,30.306249999999743],[43.22291666666558,30.30208333333308],[43.21874999999892,30.30208333333308],[43.21041666666562,30.293749999999726],[43.197916666665634,30.293749999999726],[43.18958333333222,30.2854166666664],[43.18541666666559,30.2854166666664]]}},{"type":"Feature","properties":{"HYRIV_ID":20786274,"NEXT_DOWN":20786063,"MAIN_RIV":20786063,"LENGTH_KM":2.6400001,"CATCH_SKM":10.94,"DIS_AV_CMS":0.018,"ORD_STRA":2,"ORD_FLOW":8},"geometry":{"type":"LineString","coordinates":[[43.33541666666562,30.2854166666664],[43.339583333332286,30.2854166666664],[43.34374999999895,30.289583333333063],[43.34791666666558,30.289583333333063],[43.35624999999891,30.297916666666374]]}},{"type":"Feature","properties":{"HYRIV_ID":20786275,"NEXT_DOWN":20785280,"MAIN_RIV":20785283,"LENGTH_KM":7.8400002,"CATCH_SKM":17.23,"DIS_AV_CMS":0.061,"ORD_STRA":3,"ORD_FLOW":8},"geometry":{"type":"LineString","coordinates":[[43.7437499999989,30.2854166666664],[43.7437499999989,30.31041666666639],[43.75208333333231,30.318749999999717],[43.75208333333231,30.32708333333303],[43.75624999999897,30.331249999999734],[43.75624999999897,30.335416666666383],[43.7437499999989,30.347916666666357]]}},{"type":"Feature","properties":{"HYRIV_ID":20786327,"NEXT_DOWN":20785478,"MAIN_RIV":20773217,"LENGTH_KM":7.06,"CATCH_SKM":19.83,"DIS_AV_CMS":0.0,"ORD_STRA":5,"ORD_FLOW":10},"geometry":{"type":"LineString","coordinates":[[42.01458333333227,30.281249999999694],[42.010416666665634,30.2854166666664],[42.010416666665634,30.293749999999726],[42.01458333333227,30.297916666666374],[42.01458333333227,30.30208333333308],[42.00208333333231,30.314583333333054],[42.00208333333231,30.322916666666366],[41.997916666665645,30.32708333333303],[41.997916666665645,30.331249999999734],[41.9937499999989,30.335416666666383]]}},{"type":"Feature","properties":{"HYRIV_ID":20786328,"NEXT_DOWN":20786201,"MAIN_RIV":20779691,"LENGTH_KM":2.33,"CATCH_SKM":19.65,"DIS_AV_CMS":0.02,"ORD_STRA":1,"ORD_FLOW":8},"geometry":{"type":"LineString","coordinates":[[42.241666666665594,30.279166666666377],[42.24791666666559,30.2854166666664],[42.25208333333222,30.2854166666664],[42.25624999999897,30.289583333333063],[42.260416666665634,30.289583333333063]]}},{"type":"Feature","properties":{"HYRIV_ID":20786329,"NEXT_DOWN":20786201,"MAIN_RIV":20779691,"LENGTH_KM":1.16,"CATCH_SKM":10.75,"DIS_AV_CMS":0.011,"ORD_STRA":1,"ORD_FLOW":8},"geometry":{"type":"LineString","coordinates":[[42.260416666665634,30.279166666666377],[42.260416666665634,30.289583333333063]]}},{"type":"Feature","properties":{"HYRIV_ID":20786330,"NEXT_DOWN":0,"MAIN_RIV":20786330,"LENGTH_KM":5.25,"CATCH_SKM":27.620001,"DIS_AV_CMS":0.024,"ORD_STRA":2,"ORD_FLOW":8},"geometry":{"type":"LineString","coordinates":[[42.87708333333225,30.281249999999694],[42.881249999998914,30.2854166666664],[42.881249999998914,30.289583333333063],[42.88541666666558,30.293749999999726],[42.89374999999899,30.293749999999726],[42.89791666666565,30.297916666666374],[42.89374999999899,30.30208333333308],[42.89374999999899,30.306249999999743],[42.88958333333224,30.31041666666639],[42.88958333333224,30.314583333333054]]}},{"type":"Feature","properties":{"HYRIV_ID":20786331,"NEXT_DOWN":20786062,"MAIN_RIV":20785732,"LENGTH_KM":2.3,"CATCH_SKM":9.6400003,"DIS_AV_CMS":0.079,"ORD_STRA":3,"ORD_FLOW":8},"geometry":{"type":"LineString","coordinates":[[43.03541666666561,30.281249999999694],[43.03541666666561,30.2854166666664],[43.039583333332274,30.289583333333063],[43.03124999999895,30.297916666666374]]}},{"type":"Feature","properties":{"HYRIV_ID":20786332,"NEXT_DOWN":20786274,"MAIN_RIV":20786063,"LENGTH_KM":1.53,"CATCH_SKM":13.16,"DIS_AV_CMS":0.003,"ORD_STRA":1,"ORD_FLOW":9},"geometry":{"type":"LineString","coordinates":[[43.324999999998965,30.28749999999973],[43.33124999999896,30.281249999999694],[43.33541666666562,30.2854166666664]]}},{"type":"Feature","properties":{"HYRIV_ID":20786333,"NEXT_DOWN":20786063,"MAIN_RIV":20786063,"LENGTH_KM":2.46,"CATCH_SKM":15.57,"DIS_AV_CMS":0.003,"ORD_STRA":1,"ORD_FLOW":9},"geometry":{"type":"LineString","coordinates":[[43.366666666665566,30.279166666666377],[43.36041666666557,30.2854166666664],[43.36041666666557,30.289583333333063],[43.35624999999891,30.293749999999726],[43.35624999999891,30.297916666666374]]}},{"type":"Feature","properties":{"HYRIV_ID":20786334,"NEXT_DOWN":20786275,"MAIN_RIV":20785283,"LENGTH_KM":1.01,"CATCH_SKM":1.3,"DIS_AV_CMS":0.049,"ORD_STRA":2,"ORD_FLOW":8},"geometry":{"type":"LineString","coordinates":[[43.75208333333231,30.281249999999694],[43.74791666666556,30.2854166666664],[43.7437499999989,30.2854166666664]]}},{"type":"Feature","properties":{"HYRIV_ID":20786407,"NEXT_DOWN":20786548,"MAIN_RIV":20773217,"LENGTH_KM":0.92,"CATCH_SKM":11.68,"DIS_AV_CMS":0.012,"ORD_STRA":1,"ORD_FLOW":8},"geometry":{"type":"LineString","coordinates":[[42.137499999998965,30.28333333333307],[42.13124999999897,30.277083333333046]]}},{"type":"Feature","properties":{"HYRIV_ID":20786408,"NEXT_DOWN":20786062,"MAIN_RIV":20785732,"LENGTH_KM":5.5100002,"CATCH_SKM":28.18,"DIS_AV_CMS":0.005,"ORD_STRA":1,"ORD_FLOW":9},"geometry":{"type":"LineString","coordinates":[[42.98749999999896,30.277083333333046],[42.993749999998954,30.277083333333046],[42.99791666666562,30.281249999999694],[43.006249999998914,30.281249999999694],[43.01041666666558,30.2854166666664],[43.01041666666558,30.289583333333063],[43.01458333333224,30.293749999999726],[43.02291666666565,30.293749999999726],[43.027083333332314,30.297916666666374],[43.03124999999895,30.297916666666374]]}},{"type":"Feature","properties":{"HYRIV_ID":20786409,"NEXT_DOWN":20785806,"MAIN_RIV":20785605,"LENGTH_KM":8.54,"CATCH_SKM":26.870001,"DIS_AV_CMS":0.017,"ORD_STRA":2,"ORD_FLOW":8},"geometry":{"type":"LineString","coordinates":[[43.543749999998965,30.277083333333046],[43.543749999998965,30.289583333333063],[43.53124999999889,30.30208333333308],[43.52708333333223,30.30208333333308],[43.522916666665594,30.306249999999743],[43.51874999999893,30.306249999999743],[43.51458333333227,30.31041666666639],[43.497916666665645,30.31041666666639],[43.4937499999989,30.306249999999743],[43.489583333332234,30.31041666666639],[43.489583333332234,30.314583333333054]]}},{"type":"Feature","properties":{"HYRIV_ID":20786488,"NEXT_DOWN":20785729,"MAIN_RIV":20779691,"LENGTH_KM":6.9400001,"CATCH_SKM":25.76,"DIS_AV_CMS":0.0,"ORD_STRA":4,"ORD_FLOW":10},"geometry":{"type":"LineString","coordinates":[[42.31874999999894,30.272916666666383],[42.322916666665606,30.277083333333046],[42.32708333333224,30.277083333333046],[42.33541666666565,30.2854166666664],[42.33541666666565,30.293749999999726],[42.339583333332314,30.297916666666374],[42.339583333332314,30.306249999999743],[42.34374999999898,30.31041666666639],[42.34791666666564,30.31041666666639],[42.35624999999894,30.318749999999717]]}},{"type":"Feature","properties":{"HYRIV_ID":20786489,"NEXT_DOWN":20785605,"MAIN_RIV":20785605,"LENGTH_KM":6.9200001,"CATCH_SKM":32.619999,"DIS_AV_CMS":0.112,"ORD_STRA":3,"ORD_FLOW":7},"geometry":{"type":"LineString","coordinates":[[43.431249999998926,30.272916666666383],[43.431249999998926,30.2854166666664],[43.41041666666564,30.306249999999743],[43.41041666666564,30.314583333333054],[43.40624999999898,30.318749999999717],[43.40624999999898,30.32708333333303]]}},{"type":"Feature","properties":{"HYRIV_ID":20786548,"NEXT_DOWN":20786200,"MAIN_RIV":20773217,"LENGTH_KM":5.9899998,"CATCH_SKM":19.280001,"DIS_AV_CMS":0.059,"ORD_STRA":2,"ORD_FLOW":8},"geometry":{"type":"LineString","coordinates":[[42.13124999999897,30.277083333333046],[42.12291666666556,30.277083333333046],[42.11458333333226,30.26874999999972],[42.102083333332274,30.26874999999972],[42.09791666666561,30.272916666666383],[42.09791666666561,30.281249999999694],[42.089583333332314,30.289583333333063]]}},{"type":"Feature","properties":{"HYRIV_ID":20786549,"NEXT_DOWN":20786550,"MAIN_RIV":20786550,"LENGTH_KM":2.01,"CATCH_SKM":12.23,"DIS_AV_CMS":0.004,"ORD_STRA":1,"ORD_FLOW":9},"geometry":{"type":"LineString","coordinates":[[42.47083333333231,30.272916666666383],[42.4854166666656,30.272916666666383],[42.48958333333226,30.26874999999972]]}},{"type":"Feature","properties":{"HYRIV_ID":20786550,"NEXT_DOWN":0,"MAIN_RIV":20786550,"LENGTH_KM":2.3,"CATCH_SKM":11.68,"DIS_AV_CMS":0.075,"ORD_STRA":2,"ORD_FLOW":8},"geometry":{"type":"LineString","coordinates":[[42.48958333333226,30.26874999999972],[42.493749999998926,30.272916666666383],[42.493749999998926,30.277083333333046],[42.50208333333225,30.2854166666664]]}},{"type":"Feature","properties":{"HYRIV_ID":20786551,"NEXT_DOWN":0,"MAIN_RIV":20786551,"LENGTH_KM":7.3200002,"CATCH_SKM":13.72,"DIS_AV_CMS":0.103,"ORD_STRA":3,"ORD_FLOW":7},"geometry":{"type":"LineString","coordinates":[[43.13124999999894,30.26874999999972],[43.12708333333228,30.272916666666383],[43.12708333333228,30.281249999999694],[43.118749999998954,30.289583333333063],[43.118749999998954,30.293749999999726],[43.12291666666562,30.297916666666374],[43.12291666666562,30.306249999999743],[43.12708333333228,30.31041666666639],[43.13124999999894,30.31041666666639],[43.13541666666558,30.314583333333054],[43.13541666666558,30.322916666666366]]}},{"type":"Feature","properties":{"HYRIV_ID":20786552,"NEXT_DOWN":20786274,"MAIN_RIV":20786063,"LENGTH_KM":2.1500001,"CATCH_SKM":4.08,"DIS_AV_CMS":0.013,"ORD_STRA":2,"ORD_FLOW":8},"geometry":{"type":"LineString","coordinates":[[43.3270833333323,30.26874999999972],[43.3270833333323,30.272916666666383],[43.33541666666562,30.281249999999694],[43.33541666666562,30.2854166666664]]}},{"type":"Feature","properties":{"HYRIV_ID":20786553,"NEXT_DOWN":20786552,"MAIN_RIV":20786063,"LENGTH_KM":1.4,"CATCH_SKM":13.35,"DIS_AV_CMS":0.003,"ORD_STRA":1,"ORD_FLOW":9},"geometry":{"type":"LineString","coordinates":[[43.34166666666562,30.26874999999972],[43.3270833333323,30.26874999999972]]}},{"type":"Feature","properties":{"HYRIV_ID":20786554,"NEXT_DOWN":20786334,"MAIN_RIV":20785283,"LENGTH_KM":1.99,"CATCH_SKM":12.42,"DIS_AV_CMS":0.002,"ORD_STRA":1,"ORD_FLOW":9},"geometry":{"type":"LineString","coordinates":[[43.76249999999894,30.266666666666403],[43.75624999999897,30.272916666666383],[43.75624999999897,30.277083333333046],[43.75208333333231,30.281249999999694]]}},{"type":"Feature","properties":{"HYRIV_ID":20786555,"NEXT_DOWN":20786127,"MAIN_RIV":20784997,"LENGTH_KM":3.6800001,"CATCH_SKM":22.059999,"DIS_AV_CMS":0.004,"ORD_STRA":1,"ORD_FLOW":9},"geometry":{"type":"LineString","coordinates":[[43.991666666665594,30.266666666666403],[43.98124999999894,30.277083333333046],[43.98124999999894,30.2854166666664],[43.972916666665526,30.293749999999726]]}},{"type":"Feature","properties":{"HYRIV_ID":20786606,"NEXT_DOWN":20786607,"MAIN_RIV":20785605,"LENGTH_KM":1.0,"CATCH_SKM":12.42,"DIS_AV_CMS":0.002,"ORD_STRA":1,"ORD_FLOW":9},"geometry":{"type":"LineString","coordinates":[[43.416666666665634,30.26458333333307],[43.42708333333226,30.26458333333307]]}},{"type":"Feature","properties":{"HYRIV_ID":20786607,"NEXT_DOWN":20786489,"MAIN_RIV":20785605,"LENGTH_KM":1.08,"CATCH_SKM":2.97,"DIS_AV_CMS":0.012,"ORD_STRA":2,"ORD_FLOW":8},"geometry":{"type":"LineString","coordinates":[[43.42708333333226,30.26458333333307],[43.431249999998926,30.26874999999972],[43.431249999998926,30.272916666666383]]}},{"type":"Feature","properties":{"HYRIV_ID":20786608,"NEXT_DOWN":20784718,"MAIN_RIV":20785283,"LENGTH_KM":22.030001,"CATCH_SKM":69.309998,"DIS_AV_CMS":0.013,"ORD_STRA":1,"ORD_FLOW":8},"geometry":{"type":"LineString","coordinates":[[43.62499999999898,30.26249999999974],[43.63124999999894,30.26874999999972],[43.63124999999894,30.272916666666383],[43.63958333333227,30.281249999999694],[43.64374999999893,30.277083333333046],[43.647916666665594,30.281249999999694],[43.65208333333226,30.281249999999694],[43.65624999999892,30.2854166666664],[43.65624999999892,30.289583333333063],[43.660416666665554,30.293749999999726],[43.6645833333323,30.289583333333063],[43.67291666666563,30.289583333333063],[43.67708333333229,30.293749999999726],[43.67708333333229,30.30208333333308],[43.681249999998954,30.306249999999743],[43.681249999998954,30.318749999999717],[43.68958333333225,30.32708333333303],[43.68958333333225,30.331249999999734],[43.7062499999989,30.347916666666357],[43.7062499999989,30.352083333333063],[43.71041666666554,30.356249999999726],[43.7062499999989,30.360416666666374],[43.714583333332286,30.368749999999743],[43.72291666666561,30.368749999999743],[43.727083333332274,30.37291666666639],[43.73124999999894,30.37291666666639],[43.73541666666557,30.368749999999743],[43.7437499999989,30.377083333333054],[43.7437499999989,30.381249999999717]]}},{"type":"Feature","properties":{"HYRIV_ID":20786609,"NEXT_DOWN":20786610,"MAIN_RIV":20785283,"LENGTH_KM":6.4699998,"CATCH_SKM":24.84,"DIS_AV_CMS":0.016,"ORD_STRA":2,"ORD_FLOW":8},"geometry":{"type":"LineString","coordinates":[[43.84374999999886,30.289583333333063],[43.84791666666561,30.289583333333063],[43.852083333332274,30.2854166666664],[43.87291666666556,30.2854166666664],[43.885416666665634,30.272916666666383],[43.8895833333323,30.272916666666383],[43.897916666665594,30.26458333333307]]}},{"type":"Feature","properties":{"HYRIV_ID":20786610,"NEXT_DOWN":20786611,"MAIN_RIV":20785283,"LENGTH_KM":0.8,"CATCH_SKM":1.3,"DIS_AV_CMS":0.026,"ORD_STRA":2,"ORD_FLOW":8},"geometry":{"type":"LineString","coordinates":[[43.897916666665594,30.26458333333307],[43.90624999999892,30.26458333333307]]}},{"type":"Feature","properties":{"HYRIV_ID":20786611,"NEXT_DOWN":20785283,"MAIN_RIV":20785283,"LENGTH_KM":11.7,"CATCH_SKM":43.18,"DIS_AV_CMS":0.0,"ORD_STRA":4,"ORD_FLOW":10},"geometry":{"type":"LineString","coordinates":[[43.90624999999892,30.26458333333307],[43.91041666666558,30.26874999999972],[43.91041666666558,30.272916666666383],[43.92708333333229,30.289583333333063],[43.92708333333229,30.297916666666374],[43.92291666666554,30.30208333333308],[43.92708333333229,30.306249999999743],[43.92708333333229,30.31041666666639],[43.931249999998954,30.314583333333054],[43.931249999998954,30.318749999999717],[43.93541666666562,30.318749999999717],[43.93958333333228,30.322916666666366],[43.943749999998914,30.322916666666366],[43.95208333333224,30.331249999999734],[43.95208333333224,30.347916666666357]]}},{"type":"Feature","properties":{"HYRIV_ID":20786679,"NEXT_DOWN":20785407,"MAIN_RIV":20779691,"LENGTH_KM":10.37,"CATCH_SKM":59.880001,"DIS_AV_CMS":0.039,"ORD_STRA":1,"ORD_FLOW":8},"geometry":{"type":"LineString","coordinates":[[42.41041666666558,30.258333333333034],[42.41041666666558,30.26458333333307],[42.39374999999896,30.281249999999694],[42.39374999999896,30.2854166666664],[42.3895833333323,30.289583333333063],[42.3895833333323,30.30208333333308],[42.385416666665634,30.306249999999743],[42.385416666665634,30.314583333333054],[42.3895833333323,30.318749999999717],[42.385416666665634,30.322916666666366],[42.385416666665634,30.335416666666383],[42.381249999998886,30.339583333333046]]}},{"type":"Feature","properties":{"HYRIV_ID":20786680,"NEXT_DOWN":20786817,"MAIN_RIV":20786272,"LENGTH_KM":4.04,"CATCH_SKM":28.73,"DIS_AV_CMS":0.006,"ORD_STRA":1,"ORD_FLOW":9},"geometry":{"type":"LineString","coordinates":[[43.28749999999897,30.272916666666383],[43.28124999999898,30.272916666666383],[43.277083333332314,30.26874999999972],[43.2687499999989,30.26874999999972],[43.26458333333227,30.26458333333307],[43.260416666665606,30.26458333333307],[43.25624999999894,30.260416666666366],[43.25208333333228,30.260416666666366]]}},{"type":"Feature","properties":{"HYRIV_ID":20786681,"NEXT_DOWN":20786409,"MAIN_RIV":20785605,"LENGTH_KM":2.78,"CATCH_SKM":21.700001,"DIS_AV_CMS":0.004,"ORD_STRA":1,"ORD_FLOW":9},"geometry":{"type":"LineString","coordinates":[[43.53124999999889,30.258333333333034],[43.53124999999889,30.26874999999972],[43.5395833333323,30.277083333333046],[43.543749999998965,30.277083333333046]]}},{"type":"Feature","properties":{"HYRIV_ID":20786741,"NEXT_DOWN":20786548,"MAIN_RIV":20773217,"LENGTH_KM":3.0,"CATCH_SKM":29.860001,"DIS_AV_CMS":0.03,"ORD_STRA":1,"ORD_FLOW":8},"geometry":{"type":"LineString","coordinates":[[42.14374999999896,30.254166666666386],[42.14374999999896,30.260416666666366],[42.1395833333323,30.26458333333307],[42.1395833333323,30.26874999999972],[42.13124999999897,30.277083333333046]]}},{"type":"Feature","properties":{"HYRIV_ID":20786742,"NEXT_DOWN":20786550,"MAIN_RIV":20786550,"LENGTH_KM":3.74,"CATCH_SKM":22.25,"DIS_AV_CMS":0.005,"ORD_STRA":1,"ORD_FLOW":9},"geometry":{"type":"LineString","coordinates":[[42.458333333332234,30.254166666666386],[42.464583333332314,30.260416666666366],[42.46874999999898,30.260416666666366],[42.47291666666564,30.26458333333307],[42.481249999998965,30.26458333333307],[42.4854166666656,30.26874999999972],[42.48958333333226,30.26874999999972]]}},{"type":"Feature","properties":{"HYRIV_ID":20786743,"NEXT_DOWN":20786331,"MAIN_RIV":20785732,"LENGTH_KM":4.87,"CATCH_SKM":10.2,"DIS_AV_CMS":0.073,"ORD_STRA":3,"ORD_FLOW":8},"geometry":{"type":"LineString","coordinates":[[42.99791666666562,30.256249999999703],[43.00208333333228,30.256249999999703],[43.006249999998914,30.260416666666366],[43.01458333333224,30.260416666666366],[43.03541666666561,30.281249999999694]]}},{"type":"Feature","properties":{"HYRIV_ID":20786744,"NEXT_DOWN":20785730,"MAIN_RIV":20785732,"LENGTH_KM":8.1400003,"CATCH_SKM":33.369999,"DIS_AV_CMS":0.012,"ORD_STRA":2,"ORD_FLOW":8},"geometry":{"type":"LineString","coordinates":[[43.08958333333226,30.256249999999703],[43.08958333333226,30.26458333333307],[43.08124999999896,30.272916666666383],[43.08124999999896,30.281249999999694],[43.102083333332246,30.30208333333308],[43.102083333332246,30.314583333333054],[43.10624999999891,30.318749999999717]]}},{"type":"Feature","properties":{"HYRIV_ID":20786745,"NEXT_DOWN":20786272,"MAIN_RIV":20786272,"LENGTH_KM":3.6900001,"CATCH_SKM":12.79,"DIS_AV_CMS":0.069,"ORD_STRA":3,"ORD_FLOW":8},"geometry":{"type":"LineString","coordinates":[[43.197916666665634,30.256249999999703],[43.197916666665634,30.260416666666366],[43.193749999998886,30.26458333333307],[43.193749999998886,30.277083333333046],[43.18541666666559,30.2854166666664]]}},{"type":"Feature","properties":{"HYRIV_ID":20786746,"NEXT_DOWN":20786609,"MAIN_RIV":20785283,"LENGTH_KM":7.08,"CATCH_SKM":29.67,"DIS_AV_CMS":0.006,"ORD_STRA":1,"ORD_FLOW":9},"geometry":{"type":"LineString","coordinates":[[43.79791666666563,30.254166666666386],[43.79791666666563,30.26874999999972],[43.80208333333229,30.272916666666383],[43.806249999998954,30.272916666666383],[43.81041666666562,30.277083333333046],[43.81458333333225,30.277083333333046],[43.818749999998914,30.281249999999694],[43.8312499999989,30.281249999999694],[43.83958333333223,30.289583333333063],[43.84374999999886,30.289583333333063]]}},{"type":"Feature","properties":{"HYRIV_ID":20786813,"NEXT_DOWN":20786814,"MAIN_RIV":20773217,"LENGTH_KM":0.6,"CATCH_SKM":12.24,"DIS_AV_CMS":0.012,"ORD_STRA":1,"ORD_FLOW":8},"geometry":{"type":"LineString","coordinates":[[42.07916666666566,30.252083333333054],[42.08541666666565,30.252083333333054]]}},{"type":"Feature","properties":{"HYRIV_ID":20786814,"NEXT_DOWN":20786200,"MAIN_RIV":20773217,"LENGTH_KM":4.3200002,"CATCH_SKM":12.23,"DIS_AV_CMS":0.053,"ORD_STRA":2,"ORD_FLOW":8},"geometry":{"type":"LineString","coordinates":[[42.08541666666565,30.252083333333054],[42.08541666666565,30.26458333333307],[42.089583333332314,30.26874999999972],[42.089583333332314,30.289583333333063]]}},{"type":"Feature","properties":{"HYRIV_ID":20786815,"NEXT_DOWN":20786331,"MAIN_RIV":20785732,"LENGTH_KM":3.62,"CATCH_SKM":16.51,"DIS_AV_CMS":0.003,"ORD_STRA":1,"ORD_FLOW":9},"geometry":{"type":"LineString","coordinates":[[43.039583333332274,30.249999999999723],[43.039583333332274,30.26874999999972],[43.03541666666561,30.272916666666383],[43.03541666666561,30.281249999999694]]}},{"type":"Feature","properties":{"HYRIV_ID":20786816,"NEXT_DOWN":20786744,"MAIN_RIV":20785732,"LENGTH_KM":0.69,"CATCH_SKM":11.68,"DIS_AV_CMS":0.002,"ORD_STRA":1,"ORD_FLOW":9},"geometry":{"type":"LineString","coordinates":[[43.08958333333226,30.249999999999723],[43.08958333333226,30.256249999999703]]}},{"type":"Feature","properties":{"HYRIV_ID":20786817,"NEXT_DOWN":20786745,"MAIN_RIV":20786272,"LENGTH_KM":6.9400001,"CATCH_SKM":18.73,"DIS_AV_CMS":0.014,"ORD_STRA":2,"ORD_FLOW":8},"geometry":{"type":"LineString","coordinates":[[43.25208333333228,30.260416666666366],[43.24791666666562,30.260416666666366],[43.243749999998954,30.256249999999703],[43.23541666666557,30.256249999999703],[43.23124999999891,30.260416666666366],[43.22291666666558,30.260416666666366],[43.21874999999892,30.26458333333307],[43.21458333333226,30.260416666666366],[43.21458333333226,30.256249999999703],[43.21041666666562,30.252083333333054],[43.20624999999896,30.256249999999703],[43.197916666665634,30.256249999999703]]}},{"type":"Feature","properties":{"HYRIV_ID":20786880,"NEXT_DOWN":20786611,"MAIN_RIV":20785283,"LENGTH_KM":2.0,"CATCH_SKM":5.1900001,"DIS_AV_CMS":0.0,"ORD_STRA":4,"ORD_FLOW":10},"geometry":{"type":"LineString","coordinates":[[43.91041666666558,30.24791666666639],[43.91041666666558,30.256249999999703],[43.90624999999892,30.260416666666366],[43.90624999999892,30.26458333333307]]}},{"type":"Feature","properties":{"HYRIV_ID":20786951,"NEXT_DOWN":0,"MAIN_RIV":20786951,"LENGTH_KM":17.780001,"CATCH_SKM":51.349998,"DIS_AV_CMS":0.019,"ORD_STRA":2,"ORD_FLOW":8},"geometry":{"type":"LineString","coordinates":[[42.76041666666558,30.24374999999973],[42.76458333333224,30.24791666666639],[42.77291666666562,30.24791666666639],[42.79374999999894,30.26874999999972],[42.79791666666557,30.26874999999972],[42.810416666665645,30.281249999999694],[42.810416666665645,30.289583333333063],[42.81874999999897,30.297916666666374],[42.822916666665606,30.297916666666374],[42.82708333333227,30.30208333333308],[42.83124999999893,30.30208333333308],[42.835416666665594,30.297916666666374],[42.84374999999892,30.306249999999743],[42.84791666666558,30.30208333333308],[42.85208333333222,30.30208333333308],[42.856249999998965,30.306249999999743],[42.86041666666563,30.30208333333308],[42.86458333333229,30.30208333333308],[42.87708333333225,30.314583333333054],[42.88958333333224,30.314583333333054]]}},{"type":"Feature","properties":{"HYRIV_ID":20786952,"NEXT_DOWN":20786275,"MAIN_RIV":20785283,"LENGTH_KM":9.0299997,"CATCH_SKM":16.690001,"DIS_AV_CMS":0.01,"ORD_STRA":2,"ORD_FLOW":8},"geometry":{"type":"LineString","coordinates":[[43.67708333333229,30.24374999999973],[43.681249999998954,30.24791666666639],[43.68541666666559,30.24791666666639],[43.68958333333225,30.252083333333054],[43.693749999998914,30.252083333333054],[43.69791666666558,30.256249999999703],[43.7062499999989,30.256249999999703],[43.714583333332286,30.26458333333307],[43.714583333332286,30.26874999999972],[43.71874999999895,30.26874999999972],[43.72291666666561,30.272916666666383],[43.727083333332274,30.272916666666383],[43.73124999999894,30.277083333333046],[43.739583333332234,30.277083333333046],[43.7437499999989,30.281249999999694],[43.7437499999989,30.2854166666664]]}},{"type":"Feature","properties":{"HYRIV_ID":20787035,"NEXT_DOWN":20786951,"MAIN_RIV":20786951,"LENGTH_KM":0.69,"CATCH_SKM":16.51,"DIS_AV_CMS":0.003,"ORD_STRA":1,"ORD_FLOW":9},"geometry":{"type":"LineString","coordinates":[[42.76041666666558,30.237499999999706],[42.76041666666558,30.24374999999973]]}},{"type":"Feature","properties":{"HYRIV_ID":20787036,"NEXT_DOWN":20786330,"MAIN_RIV":20786330,"LENGTH_KM":8.4300003,"CATCH_SKM":35.610001,"DIS_AV_CMS":0.007,"ORD_STRA":1,"ORD_FLOW":9},"geometry":{"type":"LineString","coordinates":[[42.9229166666656,30.237499999999706],[42.9229166666656,30.24374999999973],[42.91874999999894,30.24791666666639],[42.914583333332274,30.24791666666639],[42.91041666666561,30.252083333333054],[42.91041666666561,30.260416666666366],[42.90624999999895,30.26458333333307],[42.902083333332286,30.260416666666366],[42.89374999999899,30.260416666666366],[42.88958333333224,30.26458333333307],[42.88958333333224,30.272916666666383],[42.88541666666558,30.277083333333046],[42.881249999998914,30.277083333333046],[42.87708333333225,30.281249999999694]]}},{"type":"Feature","properties":{"HYRIV_ID":20787037,"NEXT_DOWN":20786744,"MAIN_RIV":20785732,"LENGTH_KM":3.1500001,"CATCH_SKM":15.58,"DIS_AV_CMS":0.003,"ORD_STRA":1,"ORD_FLOW":9},"geometry":{"type":"LineString","coordinates":[[43.06666666666564,30.237499999999706],[43.085416666665594,30.256249999999703],[43.08958333333226,30.256249999999703]]}},{"type":"Feature","properties":{"HYRIV_ID":20787038,"NEXT_DOWN":20786409,"MAIN_RIV":20785605,"LENGTH_KM":5.77,"CATCH_SKM":38.950001,"DIS_AV_CMS":0.008,"ORD_STRA":1,"ORD_FLOW":9},"geometry":{"type":"LineString","coordinates":[[43.574999999998994,30.237499999999706],[43.56041666666559,30.252083333333054],[43.556249999998926,30.252083333333054],[43.55208333333229,30.256249999999703],[43.55208333333229,30.260416666666366],[43.54791666666563,30.26458333333307],[43.54791666666563,30.26874999999972],[43.543749999998965,30.272916666666383],[43.543749999998965,30.277083333333046]]}},{"type":"Feature","properties":{"HYRIV_ID":20787115,"NEXT_DOWN":20786551,"MAIN_RIV":20786551,"LENGTH_KM":5.5,"CATCH_SKM":15.02,"DIS_AV_CMS":0.019,"ORD_STRA":2,"ORD_FLOW":8},"geometry":{"type":"LineString","coordinates":[[43.16041666666564,30.235416666666374],[43.16041666666564,30.24791666666639],[43.15624999999898,30.252083333333054],[43.152083333332314,30.252083333333054],[43.152083333332314,30.256249999999703],[43.1437499999989,30.26458333333307],[43.13958333333224,30.26458333333307],[43.13541666666558,30.26874999999972],[43.13124999999894,30.26874999999972]]}},{"type":"Feature","properties":{"HYRIV_ID":20787116,"NEXT_DOWN":20786952,"MAIN_RIV":20785283,"LENGTH_KM":2.6300001,"CATCH_SKM":21.51,"DIS_AV_CMS":0.004,"ORD_STRA":1,"ORD_FLOW":9},"geometry":{"type":"LineString","coordinates":[[43.65416666666559,30.235416666666374],[43.660416666665554,30.235416666666374],[43.668749999998965,30.24374999999973],[43.67708333333229,30.24374999999973]]}},{"type":"Feature","properties":{"HYRIV_ID":20787117,"NEXT_DOWN":20786952,"MAIN_RIV":20785283,"LENGTH_KM":1.16,"CATCH_SKM":12.24,"DIS_AV_CMS":0.002,"ORD_STRA":1,"ORD_FLOW":9},"geometry":{"type":"LineString","coordinates":[[43.67708333333229,30.233333333333043],[43.67708333333229,30.24374999999973]]}},{"type":"Feature","properties":{"HYRIV_ID":20787118,"NEXT_DOWN":20786880,"MAIN_RIV":20785283,"LENGTH_KM":1.6900001,"CATCH_SKM":4.08,"DIS_AV_CMS":0.0,"ORD_STRA":4,"ORD_FLOW":10},"geometry":{"type":"LineString","coordinates":[[43.91874999999888,30.235416666666374],[43.91874999999888,30.239583333333037],[43.91041666666558,30.24791666666639]]}},{"type":"Feature","properties":{"HYRIV_ID":20787171,"NEXT_DOWN":20786327,"MAIN_RIV":20773217,"LENGTH_KM":8.6499996,"CATCH_SKM":44.869999,"DIS_AV_CMS":0.108,"ORD_STRA":4,"ORD_FLOW":7},"geometry":{"type":"LineString","coordinates":[[41.95624999999899,30.23124999999971],[41.96041666666565,30.23124999999971],[41.964583333332286,30.235416666666374],[41.97291666666561,30.235416666666374],[41.98124999999894,30.24374999999973],[41.9854166666656,30.24374999999973],[41.997916666665645,30.256249999999703],[41.997916666665645,30.260416666666366],[42.00208333333231,30.26458333333307],[42.00208333333231,30.26874999999972],[42.01458333333227,30.281249999999694]]}},{"type":"Feature","properties":{"HYRIV_ID":20787172,"NEXT_DOWN":20786951,"MAIN_RIV":20786951,"LENGTH_KM":11.26,"CATCH_SKM":48.400002,"DIS_AV_CMS":0.009,"ORD_STRA":1,"ORD_FLOW":9},"geometry":{"type":"LineString","coordinates":[[42.67083333333224,30.237499999999706],[42.67708333333232,30.23124999999971],[42.685416666665645,30.239583333333037],[42.68958333333231,30.239583333333037],[42.69374999999894,30.24374999999973],[42.697916666665606,30.24374999999973],[42.70624999999893,30.252083333333054],[42.710416666665594,30.252083333333054],[42.71458333333226,30.256249999999703],[42.71874999999889,30.256249999999703],[42.722916666665554,30.260416666666366],[42.7270833333323,30.256249999999703],[42.731249999998965,30.256249999999703],[42.73541666666563,30.252083333333054],[42.743749999998954,30.252083333333054],[42.75208333333225,30.24374999999973],[42.76041666666558,30.24374999999973]]}},{"type":"Feature","properties":{"HYRIV_ID":20787173,"NEXT_DOWN":20786330,"MAIN_RIV":20786330,"LENGTH_KM":6.6,"CATCH_SKM":23.549999,"DIS_AV_CMS":0.013,"ORD_STRA":2,"ORD_FLOW":8},"geometry":{"type":"LineString","coordinates":[[42.856249999998965,30.23124999999971],[42.856249999998965,30.239583333333037],[42.85208333333222,30.24374999999973],[42.87708333333225,30.26874999999972],[42.87708333333225,30.281249999999694]]}},{"type":"Feature","properties":{"HYRIV_ID":20787174,"NEXT_DOWN":20787115,"MAIN_RIV":20786551,"LENGTH_KM":0.69,"CATCH_SKM":18.18,"DIS_AV_CMS":0.004,"ORD_STRA":1,"ORD_FLOW":9},"geometry":{"type":"LineString","coordinates":[[43.16041666666564,30.22916666666638],[43.16041666666564,30.235416666666374]]}},{"type":"Feature","properties":{"HYRIV_ID":20787175,"NEXT_DOWN":20786817,"MAIN_RIV":20786272,"LENGTH_KM":4.4699998,"CATCH_SKM":21.700001,"DIS_AV_CMS":0.004,"ORD_STRA":1,"ORD_FLOW":9},"geometry":{"type":"LineString","coordinates":[[43.26458333333227,30.22916666666638],[43.26458333333227,30.239583333333037],[43.2687499999989,30.24374999999973],[43.2687499999989,30.24791666666639],[43.260416666665606,30.256249999999703],[43.25624999999894,30.256249999999703],[43.25208333333228,30.260416666666366]]}},{"type":"Feature","properties":{"HYRIV_ID":20787245,"NEXT_DOWN":20786327,"MAIN_RIV":20773217,"LENGTH_KM":6.77,"CATCH_SKM":18.73,"DIS_AV_CMS":0.0,"ORD_STRA":4,"ORD_FLOW":10},"geometry":{"type":"LineString","coordinates":[[42.03541666666567,30.227083333333063],[42.03541666666567,30.24374999999973],[42.03124999999892,30.24791666666639],[42.03124999999892,30.260416666666366],[42.01458333333227,30.277083333333046],[42.01458333333227,30.281249999999694]]}},{"type":"Feature","properties":{"HYRIV_ID":20787246,"NEXT_DOWN":20786814,"MAIN_RIV":20773217,"LENGTH_KM":3.46,"CATCH_SKM":30.42,"DIS_AV_CMS":0.031,"ORD_STRA":1,"ORD_FLOW":8},"geometry":{"type":"LineString","coordinates":[[42.09791666666561,30.22499999999973],[42.09791666666561,30.23124999999971],[42.08541666666565,30.24374999999973],[42.08541666666565,30.252083333333054]]}},{"type":"Feature","properties":{"HYRIV_ID":20787247,"NEXT_DOWN":20787398,"MAIN_RIV":20779691,"LENGTH_KM":2.75,"CATCH_SKM":16.870001,"DIS_AV_CMS":0.018,"ORD_STRA":1,"ORD_FLOW":8},"geometry":{"type":"LineString","coordinates":[[42.195833333332274,30.24374999999973],[42.18958333333228,30.24374999999973],[42.18541666666562,30.239583333333037],[42.18541666666562,30.23124999999971],[42.18958333333228,30.227083333333063]]}},{"type":"Feature","properties":{"HYRIV_ID":20787248,"NEXT_DOWN":20787249,"MAIN_RIV":20785732,"LENGTH_KM":0.6,"CATCH_SKM":10.39,"DIS_AV_CMS":0.002,"ORD_STRA":1,"ORD_FLOW":9},"geometry":{"type":"LineString","coordinates":[[42.93749999999898,30.227083333333063],[42.94374999999897,30.227083333333063]]}},{"type":"Feature","properties":{"HYRIV_ID":20787249,"NEXT_DOWN":20786743,"MAIN_RIV":20785732,"LENGTH_KM":7.6100001,"CATCH_SKM":16.690001,"DIS_AV_CMS":0.008,"ORD_STRA":2,"ORD_FLOW":9},"geometry":{"type":"LineString","coordinates":[[42.94374999999897,30.227083333333063],[42.94374999999897,30.235416666666374],[42.9520833333323,30.24374999999973],[42.95624999999893,30.24374999999973],[42.96458333333234,30.252083333333054],[42.97291666666558,30.252083333333054],[42.977083333332246,30.24791666666639],[42.98124999999888,30.24791666666639],[42.98958333333229,30.256249999999703],[42.99791666666562,30.256249999999703]]}},{"type":"Feature","properties":{"HYRIV_ID":20787250,"NEXT_DOWN":20786743,"MAIN_RIV":20785732,"LENGTH_KM":3.84,"CATCH_SKM":17.43,"DIS_AV_CMS":0.063,"ORD_STRA":3,"ORD_FLOW":8},"geometry":{"type":"LineString","coordinates":[[43.006249999998914,30.227083333333063],[43.00208333333228,30.23124999999971],[43.006249999998914,30.235416666666374],[43.006249999998914,30.24374999999973],[42.99791666666562,30.252083333333054],[42.99791666666562,30.256249999999703]]}},{"type":"Feature","properties":{"HYRIV_ID":20787251,"NEXT_DOWN":20787252,"MAIN_RIV":20785283,"LENGTH_KM":0.6,"CATCH_SKM":10.39,"DIS_AV_CMS":0.002,"ORD_STRA":1,"ORD_FLOW":9},"geometry":{"type":"LineString","coordinates":[[43.71249999999887,30.227083333333063],[43.71874999999895,30.227083333333063]]}},{"type":"Feature","properties":{"HYRIV_ID":20787252,"NEXT_DOWN":20786334,"MAIN_RIV":20785283,"LENGTH_KM":7.4699998,"CATCH_SKM":24.85,"DIS_AV_CMS":0.046,"ORD_STRA":2,"ORD_FLOW":8},"geometry":{"type":"LineString","coordinates":[[43.71874999999895,30.227083333333063],[43.72291666666561,30.23124999999971],[43.727083333332274,30.23124999999971],[43.739583333332234,30.24374999999973],[43.739583333332234,30.24791666666639],[43.7437499999989,30.252083333333054],[43.7437499999989,30.26458333333307],[43.74791666666556,30.26874999999972],[43.74791666666556,30.277083333333046],[43.75208333333231,30.281249999999694]]}},{"type":"Feature","properties":{"HYRIV_ID":20787253,"NEXT_DOWN":20787118,"MAIN_RIV":20785283,"LENGTH_KM":1.53,"CATCH_SKM":12.98,"DIS_AV_CMS":0.003,"ORD_STRA":1,"ORD_FLOW":9},"geometry":{"type":"LineString","coordinates":[[43.90833333333225,30.22499999999973],[43.91874999999888,30.235416666666374]]}},{"type":"Feature","properties":{"HYRIV_ID":20787322,"NEXT_DOWN":20787245,"MAIN_RIV":20773217,"LENGTH_KM":2.01,"CATCH_SKM":14.65,"DIS_AV_CMS":0.014,"ORD_STRA":1,"ORD_FLOW":8},"geometry":{"type":"LineString","coordinates":[[42.0166666666656,30.222916666666357],[42.022916666665594,30.222916666666357],[42.02708333333226,30.227083333333063],[42.03541666666567,30.227083333333063]]}},{"type":"Feature","properties":{"HYRIV_ID":20787323,"NEXT_DOWN":20787398,"MAIN_RIV":20779691,"LENGTH_KM":1.61,"CATCH_SKM":13.73,"DIS_AV_CMS":0.014,"ORD_STRA":1,"ORD_FLOW":8},"geometry":{"type":"LineString","coordinates":[[42.17499999999896,30.222916666666357],[42.181249999998954,30.222916666666357],[42.18541666666562,30.227083333333063],[42.18958333333228,30.227083333333063]]}},{"type":"Feature","properties":{"HYRIV_ID":20787324,"NEXT_DOWN":20786488,"MAIN_RIV":20779691,"LENGTH_KM":7.08,"CATCH_SKM":31.34,"DIS_AV_CMS":0.027,"ORD_STRA":1,"ORD_FLOW":8},"geometry":{"type":"LineString","coordinates":[[42.306249999998954,30.220833333333026],[42.306249999998954,30.227083333333063],[42.31041666666562,30.23124999999971],[42.31041666666562,30.24374999999973],[42.31458333333228,30.24791666666639],[42.31458333333228,30.252083333333054],[42.31874999999894,30.256249999999703],[42.31874999999894,30.260416666666366],[42.32708333333224,30.26874999999972],[42.322916666665606,30.272916666666383],[42.31874999999894,30.272916666666383]]}},{"type":"Feature","properties":{"HYRIV_ID":20787325,"NEXT_DOWN":20787118,"MAIN_RIV":20785283,"LENGTH_KM":1.84,"CATCH_SKM":4.27,"DIS_AV_CMS":0.0,"ORD_STRA":4,"ORD_FLOW":10},"geometry":{"type":"LineString","coordinates":[[43.931249999998954,30.222916666666357],[43.91874999999888,30.235416666666374]]}},{"type":"Feature","properties":{"HYRIV_ID":20787398,"NEXT_DOWN":20787553,"MAIN_RIV":20779691,"LENGTH_KM":2.85,"CATCH_SKM":2.97,"DIS_AV_CMS":0.034,"ORD_STRA":2,"ORD_FLOW":8},"geometry":{"type":"LineString","coordinates":[[42.18958333333228,30.227083333333063],[42.19374999999894,30.222916666666357],[42.19791666666558,30.222916666666357],[42.20208333333224,30.227083333333063],[42.21041666666565,30.218749999999694]]}},{"type":"Feature","properties":{"HYRIV_ID":20787399,"NEXT_DOWN":20787173,"MAIN_RIV":20786330,"LENGTH_KM":1.84,"CATCH_SKM":4.64,"DIS_AV_CMS":0.005,"ORD_STRA":2,"ORD_FLOW":9},"geometry":{"type":"LineString","coordinates":[[42.84374999999892,30.218749999999694],[42.856249999998965,30.23124999999971]]}},{"type":"Feature","properties":{"HYRIV_ID":20787400,"NEXT_DOWN":20786551,"MAIN_RIV":20786551,"LENGTH_KM":6.1599998,"CATCH_SKM":13.35,"DIS_AV_CMS":0.081,"ORD_STRA":3,"ORD_FLOW":8},"geometry":{"type":"LineString","coordinates":[[43.114583333332206,30.218749999999694],[43.118749999998954,30.222916666666357],[43.118749999998954,30.227083333333063],[43.12291666666562,30.23124999999971],[43.12291666666562,30.252083333333054],[43.13124999999894,30.260416666666366],[43.13124999999894,30.26874999999972]]}},{"type":"Feature","properties":{"HYRIV_ID":20787401,"NEXT_DOWN":20786610,"MAIN_RIV":20785283,"LENGTH_KM":11.75,"CATCH_SKM":52.860001,"DIS_AV_CMS":0.01,"ORD_STRA":1,"ORD_FLOW":8},"geometry":{"type":"LineString","coordinates":[[43.81458333333225,30.216666666666363],[43.81458333333225,30.23124999999971],[43.818749999998914,30.235416666666374],[43.82291666666558,30.235416666666374],[43.82708333333224,30.239583333333037],[43.8312499999989,30.239583333333037],[43.835416666665566,30.24374999999973],[43.83958333333223,30.24374999999973],[43.84374999999886,30.24791666666639],[43.84791666666561,30.24374999999973],[43.852083333332274,30.24791666666639],[43.8687499999989,30.24791666666639],[43.88124999999897,30.260416666666366],[43.885416666665634,30.260416666666366],[43.8895833333323,30.26458333333307],[43.897916666665594,30.26458333333307]]}},{"type":"Feature","properties":{"HYRIV_ID":20787474,"NEXT_DOWN":20787245,"MAIN_RIV":20773217,"LENGTH_KM":1.39,"CATCH_SKM":4.64,"DIS_AV_CMS":0.0,"ORD_STRA":4,"ORD_FLOW":10},"geometry":{"type":"LineString","coordinates":[[42.03541666666567,30.214583333333046],[42.03541666666567,30.227083333333063]]}},{"type":"Feature","properties":{"HYRIV_ID":20787475,"NEXT_DOWN":20787399,"MAIN_RIV":20786330,"LENGTH_KM":0.92,"CATCH_SKM":11.5,"DIS_AV_CMS":0.002,"ORD_STRA":1,"ORD_FLOW":9},"geometry":{"type":"LineString","coordinates":[[42.837499999998926,30.212499999999714],[42.84374999999892,30.218749999999694]]}},{"type":"Feature","properties":{"HYRIV_ID":20787476,"NEXT_DOWN":20787399,"MAIN_RIV":20786330,"LENGTH_KM":0.69,"CATCH_SKM":11.69,"DIS_AV_CMS":0.002,"ORD_STRA":1,"ORD_FLOW":9},"geometry":{"type":"LineString","coordinates":[[42.84374999999892,30.212499999999714],[42.84374999999892,30.218749999999694]]}},{"type":"Feature","properties":{"HYRIV_ID":20787477,"NEXT_DOWN":20787250,"MAIN_RIV":20785732,"LENGTH_KM":1.99,"CATCH_SKM":14.29,"DIS_AV_CMS":0.003,"ORD_STRA":1,"ORD_FLOW":9},"geometry":{"type":"LineString","coordinates":[[42.995833333332286,30.212499999999714],[43.006249999998914,30.222916666666357],[43.006249999998914,30.227083333333063]]}},{"type":"Feature","properties":{"HYRIV_ID":20787478,"NEXT_DOWN":20787479,"MAIN_RIV":20785605,"LENGTH_KM":0.6,"CATCH_SKM":10.94,"DIS_AV_CMS":0.002,"ORD_STRA":1,"ORD_FLOW":9},"geometry":{"type":"LineString","coordinates":[[43.3999999999989,30.214583333333046],[43.40624999999898,30.214583333333046]]}},{"type":"Feature","properties":{"HYRIV_ID":20787479,"NEXT_DOWN":20786607,"MAIN_RIV":20785605,"LENGTH_KM":7.4,"CATCH_SKM":23.370001,"DIS_AV_CMS":0.009,"ORD_STRA":2,"ORD_FLOW":9},"geometry":{"type":"LineString","coordinates":[[43.40624999999898,30.214583333333046],[43.4145833333323,30.214583333333046],[43.4145833333323,30.218749999999694],[43.42708333333226,30.23124999999971],[43.42708333333226,30.235416666666374],[43.431249999998926,30.239583333333037],[43.431249999998926,30.24374999999973],[43.42708333333226,30.24791666666639],[43.42708333333226,30.252083333333054],[43.431249999998926,30.256249999999703],[43.431249999998926,30.260416666666366],[43.42708333333226,30.26458333333307]]}},{"type":"Feature","properties":{"HYRIV_ID":20787480,"NEXT_DOWN":20787325,"MAIN_RIV":20785283,"LENGTH_KM":1.23,"CATCH_SKM":1.67,"DIS_AV_CMS":0.0,"ORD_STRA":4,"ORD_FLOW":10},"geometry":{"type":"LineString","coordinates":[[43.93958333333228,30.214583333333046],[43.931249999998954,30.222916666666357]]}},{"type":"Feature","properties":{"HYRIV_ID":20787553,"NEXT_DOWN":20787554,"MAIN_RIV":20779691,"LENGTH_KM":5.9,"CATCH_SKM":12.8,"DIS_AV_CMS":0.066,"ORD_STRA":2,"ORD_FLOW":8},"geometry":{"type":"LineString","coordinates":[[42.21041666666565,30.218749999999694],[42.23124999999894,30.218749999999694],[42.2354166666656,30.222916666666357],[42.24374999999901,30.222916666666357],[42.24791666666559,30.218749999999694],[42.25624999999897,30.218749999999694],[42.260416666665634,30.214583333333046],[42.260416666665634,30.210416666666383]]}},{"type":"Feature","properties":{"HYRIV_ID":20787554,"NEXT_DOWN":20786488,"MAIN_RIV":20779691,"LENGTH_KM":9.79,"CATCH_SKM":38.57,"DIS_AV_CMS":0.0,"ORD_STRA":4,"ORD_FLOW":10},"geometry":{"type":"LineString","coordinates":[[42.260416666665634,30.210416666666383],[42.2645833333323,30.214583333333046],[42.2645833333323,30.218749999999694],[42.27291666666562,30.227083333333063],[42.27291666666562,30.23124999999971],[42.28124999999892,30.239583333333037],[42.28124999999892,30.24374999999973],[42.28541666666558,30.24791666666639],[42.28541666666558,30.252083333333054],[42.29791666666566,30.26458333333307],[42.30208333333229,30.26458333333307],[42.31041666666562,30.272916666666383],[42.31874999999894,30.272916666666383]]}},{"type":"Feature","properties":{"HYRIV_ID":20787555,"NEXT_DOWN":20787479,"MAIN_RIV":20785605,"LENGTH_KM":0.92,"CATCH_SKM":10.95,"DIS_AV_CMS":0.002,"ORD_STRA":1,"ORD_FLOW":9},"geometry":{"type":"LineString","coordinates":[[43.3999999999989,30.20833333333305],[43.40624999999898,30.214583333333046]]}},{"type":"Feature","properties":{"HYRIV_ID":20787620,"NEXT_DOWN":20787173,"MAIN_RIV":20786330,"LENGTH_KM":5.33,"CATCH_SKM":22.82,"DIS_AV_CMS":0.004,"ORD_STRA":1,"ORD_FLOW":9},"geometry":{"type":"LineString","coordinates":[[42.89583333333232,30.20624999999972],[42.881249999998914,30.20624999999972],[42.87291666666562,30.214583333333046],[42.87291666666562,30.218749999999694],[42.868749999998954,30.222916666666357],[42.86458333333229,30.222916666666357],[42.856249999998965,30.23124999999971]]}},{"type":"Feature","properties":{"HYRIV_ID":20787621,"NEXT_DOWN":20787325,"MAIN_RIV":20785283,"LENGTH_KM":2.61,"CATCH_SKM":15.58,"DIS_AV_CMS":0.003,"ORD_STRA":1,"ORD_FLOW":9},"geometry":{"type":"LineString","coordinates":[[43.91666666666558,30.20416666666639],[43.931249999998954,30.218749999999694],[43.931249999998954,30.222916666666357]]}},{"type":"Feature","properties":{"HYRIV_ID":20787690,"NEXT_DOWN":20787821,"MAIN_RIV":20786550,"LENGTH_KM":4.4200001,"CATCH_SKM":27.639999,"DIS_AV_CMS":0.013,"ORD_STRA":1,"ORD_FLOW":8},"geometry":{"type":"LineString","coordinates":[[42.366666666665594,30.22499999999973],[42.37291666666559,30.218749999999694],[42.37708333333225,30.218749999999694],[42.381249999998886,30.214583333333046],[42.3895833333323,30.214583333333046],[42.39791666666562,30.20624999999972],[42.39791666666562,30.20208333333307]]}},{"type":"Feature","properties":{"HYRIV_ID":20787691,"NEXT_DOWN":20788198,"MAIN_RIV":20788341,"LENGTH_KM":13.88,"CATCH_SKM":60.09,"DIS_AV_CMS":0.01,"ORD_STRA":1,"ORD_FLOW":8},"geometry":{"type":"LineString","coordinates":[[42.587499999998926,30.252083333333054],[42.59374999999889,30.252083333333054],[42.59791666666564,30.24791666666639],[42.61041666666563,30.24791666666639],[42.61458333333226,30.24374999999973],[42.61458333333226,30.239583333333037],[42.61041666666563,30.235416666666374],[42.61041666666563,30.222916666666357],[42.61458333333226,30.218749999999694],[42.61458333333226,30.214583333333046],[42.618749999998926,30.210416666666383],[42.62291666666559,30.210416666666383],[42.62291666666559,30.214583333333046],[42.62708333333225,30.218749999999694],[42.631249999998914,30.218749999999694],[42.63541666666558,30.222916666666357],[42.652083333332286,30.222916666666357],[42.66041666666561,30.214583333333046],[42.66041666666561,30.20208333333307]]}},{"type":"Feature","properties":{"HYRIV_ID":20787692,"NEXT_DOWN":20787115,"MAIN_RIV":20786551,"LENGTH_KM":5.6500001,"CATCH_SKM":14.28,"DIS_AV_CMS":0.012,"ORD_STRA":2,"ORD_FLOW":8},"geometry":{"type":"LineString","coordinates":[[43.193749999998886,30.20208333333307],[43.193749999998886,30.210416666666383],[43.18958333333222,30.214583333333046],[43.18541666666559,30.214583333333046],[43.1729166666656,30.227083333333063],[43.1729166666656,30.23124999999971],[43.16874999999894,30.235416666666374],[43.16041666666564,30.235416666666374]]}},{"type":"Feature","properties":{"HYRIV_ID":20787693,"NEXT_DOWN":20786745,"MAIN_RIV":20786272,"LENGTH_KM":8.4200001,"CATCH_SKM":35.610001,"DIS_AV_CMS":0.053,"ORD_STRA":2,"ORD_FLOW":8},"geometry":{"type":"LineString","coordinates":[[43.243749999998954,30.20208333333307],[43.239583333332234,30.20624999999972],[43.23124999999891,30.20624999999972],[43.227083333332246,30.210416666666383],[43.227083333332246,30.214583333333046],[43.21874999999892,30.222916666666357],[43.21874999999892,30.227083333333063],[43.21041666666562,30.235416666666374],[43.20624999999896,30.235416666666374],[43.2020833333323,30.239583333333037],[43.2020833333323,30.24374999999973],[43.197916666665634,30.24791666666639],[43.197916666665634,30.256249999999703]]}},{"type":"Feature","properties":{"HYRIV_ID":20787757,"NEXT_DOWN":20787553,"MAIN_RIV":20779691,"LENGTH_KM":3.62,"CATCH_SKM":22.08,"DIS_AV_CMS":0.023,"ORD_STRA":1,"ORD_FLOW":8},"geometry":{"type":"LineString","coordinates":[[42.18749999999895,30.195833333333034],[42.19374999999894,30.20208333333307],[42.19374999999894,30.20624999999972],[42.20208333333224,30.214583333333046],[42.20624999999899,30.214583333333046],[42.21041666666565,30.218749999999694]]}},{"type":"Feature","properties":{"HYRIV_ID":20787758,"NEXT_DOWN":20787252,"MAIN_RIV":20785283,"LENGTH_KM":3.54,"CATCH_SKM":7.6100001,"DIS_AV_CMS":0.04,"ORD_STRA":2,"ORD_FLOW":8},"geometry":{"type":"LineString","coordinates":[[43.727083333332274,30.19791666666641],[43.727083333332274,30.214583333333046],[43.72291666666561,30.218749999999694],[43.72291666666561,30.222916666666357],[43.71874999999895,30.227083333333063]]}},{"type":"Feature","properties":{"HYRIV_ID":20787821,"NEXT_DOWN":20787822,"MAIN_RIV":20786550,"LENGTH_KM":3.6300001,"CATCH_SKM":16.879999,"DIS_AV_CMS":0.06,"ORD_STRA":2,"ORD_FLOW":8},"geometry":{"type":"LineString","coordinates":[[42.39791666666562,30.20208333333307],[42.42291666666566,30.20208333333307],[42.431249999998954,30.193749999999703]]}},{"type":"Feature","properties":{"HYRIV_ID":20787822,"NEXT_DOWN":20787823,"MAIN_RIV":20786550,"LENGTH_KM":0.8,"CATCH_SKM":1.3,"DIS_AV_CMS":0.063,"ORD_STRA":2,"ORD_FLOW":8},"geometry":{"type":"LineString","coordinates":[[42.431249999998954,30.193749999999703],[42.43958333333228,30.193749999999703]]}},{"type":"Feature","properties":{"HYRIV_ID":20787823,"NEXT_DOWN":20786550,"MAIN_RIV":20786550,"LENGTH_KM":13.75,"CATCH_SKM":48.970001,"DIS_AV_CMS":0.065,"ORD_STRA":2,"ORD_FLOW":8},"geometry":{"type":"LineString","coordinates":[[42.43958333333228,30.193749999999703],[42.43958333333228,30.19791666666641],[42.447916666665606,30.20624999999972],[42.45208333333227,30.20624999999972],[42.45624999999893,30.20208333333307],[42.464583333332314,30.20208333333307],[42.46874999999898,30.20624999999972],[42.46874999999898,30.210416666666383],[42.47291666666564,30.214583333333046],[42.47291666666564,30.222916666666357],[42.481249999998965,30.23124999999971],[42.48958333333226,30.23124999999971],[42.493749999998926,30.235416666666374],[42.49791666666559,30.235416666666374],[42.506249999998914,30.24374999999973],[42.506249999998914,30.24791666666639],[42.48958333333226,30.26458333333307],[42.48958333333226,30.26874999999972]]}},{"type":"Feature","properties":{"HYRIV_ID":20787824,"NEXT_DOWN":20788198,"MAIN_RIV":20788341,"LENGTH_KM":1.38,"CATCH_SKM":10.95,"DIS_AV_CMS":0.002,"ORD_STRA":1,"ORD_FLOW":9},"geometry":{"type":"LineString","coordinates":[[42.65416666666562,30.19166666666637],[42.66041666666561,30.19791666666641],[42.66041666666561,30.20208333333307]]}},{"type":"Feature","properties":{"HYRIV_ID":20787825,"NEXT_DOWN":20786552,"MAIN_RIV":20786063,"LENGTH_KM":10.13,"CATCH_SKM":47.669998,"DIS_AV_CMS":0.01,"ORD_STRA":1,"ORD_FLOW":8},"geometry":{"type":"LineString","coordinates":[[43.34166666666562,30.193749999999703],[43.33541666666562,30.193749999999703],[43.32291666666555,30.20624999999972],[43.32291666666555,30.210416666666383],[43.318749999998886,30.214583333333046],[43.318749999998886,30.222916666666357],[43.31458333333225,30.227083333333063],[43.31458333333225,30.24374999999973],[43.32291666666555,30.252083333333054],[43.32291666666555,30.26458333333307],[43.3270833333323,30.26874999999972]]}},{"type":"Feature","properties":{"HYRIV_ID":20787886,"NEXT_DOWN":20788275,"MAIN_RIV":20788275,"LENGTH_KM":10.38,"CATCH_SKM":59.709999,"DIS_AV_CMS":0.01,"ORD_STRA":1,"ORD_FLOW":8},"geometry":{"type":"LineString","coordinates":[[42.55624999999898,30.27083333333305],[42.55624999999898,30.252083333333054],[42.53541666666561,30.23124999999971],[42.53541666666561,30.218749999999694],[42.55208333333232,30.20208333333307],[42.55208333333232,30.189583333333054]]}},{"type":"Feature","properties":{"HYRIV_ID":20787887,"NEXT_DOWN":20787249,"MAIN_RIV":20785732,"LENGTH_KM":5.0,"CATCH_SKM":18.549999,"DIS_AV_CMS":0.003,"ORD_STRA":1,"ORD_FLOW":9},"geometry":{"type":"LineString","coordinates":[[42.9520833333323,30.187499999999723],[42.9520833333323,30.193749999999703],[42.94374999999897,30.20208333333307],[42.94374999999897,30.20624999999972],[42.93958333333231,30.210416666666383],[42.93958333333231,30.218749999999694],[42.94374999999897,30.222916666666357],[42.94374999999897,30.227083333333063]]}},{"type":"Feature","properties":{"HYRIV_ID":20787888,"NEXT_DOWN":20787400,"MAIN_RIV":20786551,"LENGTH_KM":3.84,"CATCH_SKM":8.5299997,"DIS_AV_CMS":0.072,"ORD_STRA":3,"ORD_FLOW":8},"geometry":{"type":"LineString","coordinates":[[43.13124999999894,30.189583333333054],[43.12708333333228,30.193749999999703],[43.12708333333228,30.19791666666641],[43.118749999998954,30.20624999999972],[43.118749999998954,30.214583333333046],[43.114583333332206,30.218749999999694]]}},{"type":"Feature","properties":{"HYRIV_ID":20787889,"NEXT_DOWN":20786880,"MAIN_RIV":20785283,"LENGTH_KM":11.23,"CATCH_SKM":40.259998,"DIS_AV_CMS":0.008,"ORD_STRA":1,"ORD_FLOW":9},"geometry":{"type":"LineString","coordinates":[[43.833333333332234,30.187499999999723],[43.83958333333223,30.193749999999703],[43.83958333333223,30.20208333333307],[43.84791666666561,30.210416666666383],[43.84791666666561,30.214583333333046],[43.852083333332274,30.218749999999694],[43.85624999999894,30.218749999999694],[43.86458333333226,30.227083333333063],[43.88124999999897,30.227083333333063],[43.8895833333323,30.235416666666374],[43.89374999999893,30.235416666666374],[43.90624999999892,30.24791666666639],[43.91041666666558,30.24791666666639]]}},{"type":"Feature","properties":{"HYRIV_ID":20787950,"NEXT_DOWN":0,"MAIN_RIV":20787950,"LENGTH_KM":6.3800001,"CATCH_SKM":39.709999,"DIS_AV_CMS":0.006,"ORD_STRA":1,"ORD_FLOW":9},"geometry":{"type":"LineString","coordinates":[[42.76666666666566,30.19166666666637],[42.77291666666562,30.18541666666639],[42.78124999999895,30.193749999999703],[42.789583333332274,30.193749999999703],[42.79374999999894,30.19791666666641],[42.80624999999898,30.19791666666641],[42.810416666665645,30.193749999999703],[42.81458333333231,30.193749999999703],[42.81874999999897,30.189583333333054]]}},{"type":"Feature","properties":{"HYRIV_ID":20787951,"NEXT_DOWN":20787692,"MAIN_RIV":20786551,"LENGTH_KM":2.46,"CATCH_SKM":15.96,"DIS_AV_CMS":0.003,"ORD_STRA":1,"ORD_FLOW":9},"geometry":{"type":"LineString","coordinates":[[43.18333333333226,30.18333333333306],[43.18958333333222,30.189583333333054],[43.18958333333222,30.19791666666641],[43.193749999998886,30.20208333333307]]}},{"type":"Feature","properties":{"HYRIV_ID":20787952,"NEXT_DOWN":20787758,"MAIN_RIV":20785283,"LENGTH_KM":1.54,"CATCH_SKM":1.85,"DIS_AV_CMS":0.026,"ORD_STRA":2,"ORD_FLOW":8},"geometry":{"type":"LineString","coordinates":[[43.73124999999894,30.18541666666639],[43.73124999999894,30.193749999999703],[43.727083333332274,30.19791666666641]]}},{"type":"Feature","properties":{"HYRIV_ID":20788025,"NEXT_DOWN":20787821,"MAIN_RIV":20786550,"LENGTH_KM":3.71,"CATCH_SKM":10.39,"DIS_AV_CMS":0.047,"ORD_STRA":2,"ORD_FLOW":8},"geometry":{"type":"LineString","coordinates":[[42.37291666666559,30.18124999999973],[42.381249999998886,30.18124999999973],[42.3895833333323,30.189583333333054],[42.3895833333323,30.193749999999703],[42.39791666666562,30.20208333333307]]}},{"type":"Feature","properties":{"HYRIV_ID":20788026,"NEXT_DOWN":20786489,"MAIN_RIV":20785605,"LENGTH_KM":13.33,"CATCH_SKM":60.09,"DIS_AV_CMS":0.094,"ORD_STRA":3,"ORD_FLOW":8},"geometry":{"type":"LineString","coordinates":[[43.497916666665645,30.18124999999973],[43.4937499999989,30.18541666666639],[43.4937499999989,30.210416666666383],[43.489583333332234,30.214583333333046],[43.48541666666557,30.214583333333046],[43.48124999999891,30.218749999999694],[43.47291666666561,30.218749999999694],[43.44791666666558,30.24374999999973],[43.44791666666558,30.252083333333054],[43.443749999998914,30.256249999999703],[43.443749999998914,30.260416666666366],[43.431249999998926,30.272916666666383]]}},{"type":"Feature","properties":{"HYRIV_ID":20788111,"NEXT_DOWN":20788025,"MAIN_RIV":20786550,"LENGTH_KM":2.21,"CATCH_SKM":5.5700002,"DIS_AV_CMS":0.03,"ORD_STRA":2,"ORD_FLOW":8},"geometry":{"type":"LineString","coordinates":[[42.3520833333323,30.177083333333066],[42.3604166666656,30.177083333333066],[42.36458333333226,30.18124999999973],[42.37291666666559,30.18124999999973]]}},{"type":"Feature","properties":{"HYRIV_ID":20788112,"NEXT_DOWN":20787400,"MAIN_RIV":20786551,"LENGTH_KM":8.4099998,"CATCH_SKM":35.07,"DIS_AV_CMS":0.007,"ORD_STRA":1,"ORD_FLOW":9},"geometry":{"type":"LineString","coordinates":[[43.06249999999889,30.17499999999975],[43.06874999999897,30.18124999999973],[43.072916666665634,30.18124999999973],[43.08124999999896,30.189583333333054],[43.08958333333226,30.189583333333054],[43.09374999999892,30.193749999999703],[43.09791666666558,30.189583333333054],[43.10624999999891,30.19791666666641],[43.10624999999891,30.20208333333307],[43.11041666666554,30.20624999999972],[43.11041666666554,30.210416666666383],[43.114583333332206,30.214583333333046],[43.114583333332206,30.218749999999694]]}},{"type":"Feature","properties":{"HYRIV_ID":20788113,"NEXT_DOWN":20788200,"MAIN_RIV":20785605,"LENGTH_KM":2.23,"CATCH_SKM":15.96,"DIS_AV_CMS":0.003,"ORD_STRA":1,"ORD_FLOW":9},"geometry":{"type":"LineString","coordinates":[[43.45416666666554,30.18541666666639],[43.46041666666562,30.18541666666639],[43.46874999999895,30.177083333333066],[43.47291666666561,30.177083333333066]]}},{"type":"Feature","properties":{"HYRIV_ID":20788114,"NEXT_DOWN":20788201,"MAIN_RIV":20785605,"LENGTH_KM":1.99,"CATCH_SKM":16.33,"DIS_AV_CMS":0.003,"ORD_STRA":1,"ORD_FLOW":9},"geometry":{"type":"LineString","coordinates":[[43.524999999998926,30.19166666666637],[43.51458333333227,30.18124999999973],[43.51458333333227,30.177083333333066]]}},{"type":"Feature","properties":{"HYRIV_ID":20788115,"NEXT_DOWN":20787952,"MAIN_RIV":20785283,"LENGTH_KM":2.08,"CATCH_SKM":22.450001,"DIS_AV_CMS":0.004,"ORD_STRA":1,"ORD_FLOW":9},"geometry":{"type":"LineString","coordinates":[[43.74583333333223,30.177083333333066],[43.739583333332234,30.177083333333066],[43.739583333332234,30.18124999999973],[43.73541666666557,30.18541666666639],[43.73124999999894,30.18541666666639]]}},{"type":"Feature","properties":{"HYRIV_ID":20788116,"NEXT_DOWN":20786127,"MAIN_RIV":20784997,"LENGTH_KM":17.459999,"CATCH_SKM":71.970001,"DIS_AV_CMS":0.007,"ORD_STRA":1,"ORD_FLOW":9},"geometry":{"type":"LineString","coordinates":[[44.03333333333225,30.177083333333066],[44.01874999999896,30.177083333333066],[44.010416666665634,30.18541666666639],[44.010416666665634,30.19791666666641],[43.977083333332274,30.23124999999971],[43.977083333332274,30.235416666666374],[43.96458333333223,30.24791666666639],[43.960416666665566,30.24791666666639],[43.9562499999989,30.252083333333054],[43.9562499999989,30.26458333333307],[43.96458333333223,30.272916666666383],[43.96458333333223,30.2854166666664],[43.972916666665526,30.293749999999726]]}},{"type":"Feature","properties":{"HYRIV_ID":20788197,"NEXT_DOWN":20787474,"MAIN_RIV":20773217,"LENGTH_KM":5.9299998,"CATCH_SKM":12.8,"DIS_AV_CMS":0.0,"ORD_STRA":4,"ORD_FLOW":10},"geometry":{"type":"LineString","coordinates":[[42.00624999999897,30.172916666666417],[42.01458333333227,30.18124999999973],[42.01874999999893,30.18124999999973],[42.02708333333226,30.189583333333054],[42.02708333333226,30.19791666666641],[42.03124999999892,30.20208333333307],[42.03124999999892,30.210416666666383],[42.03541666666567,30.214583333333046]]}},{"type":"Feature","properties":{"HYRIV_ID":20788198,"NEXT_DOWN":20788340,"MAIN_RIV":20788341,"LENGTH_KM":5.46,"CATCH_SKM":16.879999,"DIS_AV_CMS":0.015,"ORD_STRA":2,"ORD_FLOW":8},"geometry":{"type":"LineString","coordinates":[[42.66041666666561,30.20208333333307],[42.664583333332274,30.19791666666641],[42.66874999999891,30.20208333333307],[42.67291666666566,30.20208333333307],[42.685416666665645,30.189583333333054],[42.685416666665645,30.18124999999973],[42.68124999999898,30.177083333333066],[42.68124999999898,30.172916666666417]]}},{"type":"Feature","properties":{"HYRIV_ID":20788199,"NEXT_DOWN":20787250,"MAIN_RIV":20785732,"LENGTH_KM":7.4699998,"CATCH_SKM":24.68,"DIS_AV_CMS":0.058,"ORD_STRA":3,"ORD_FLOW":8},"geometry":{"type":"LineString","coordinates":[[43.006249999998914,30.172916666666417],[43.01041666666558,30.177083333333066],[43.01458333333224,30.177083333333066],[43.0187499999989,30.18124999999973],[43.0187499999989,30.189583333333054],[43.01458333333224,30.193749999999703],[43.01458333333224,30.19791666666641],[43.0187499999989,30.20208333333307],[43.0187499999989,30.210416666666383],[43.01458333333224,30.214583333333046],[43.01458333333224,30.218749999999694],[43.006249999998914,30.227083333333063]]}},{"type":"Feature","properties":{"HYRIV_ID":20788200,"NEXT_DOWN":20788026,"MAIN_RIV":20785605,"LENGTH_KM":3.04,"CATCH_SKM":10.77,"DIS_AV_CMS":0.05,"ORD_STRA":3,"ORD_FLOW":8},"geometry":{"type":"LineString","coordinates":[[43.47291666666561,30.177083333333066],[43.477083333332246,30.177083333333066],[43.48124999999891,30.172916666666417],[43.489583333332234,30.172916666666417],[43.497916666665645,30.18124999999973]]}},{"type":"Feature","properties":{"HYRIV_ID":20788201,"NEXT_DOWN":20788026,"MAIN_RIV":20785605,"LENGTH_KM":2.49,"CATCH_SKM":4.83,"DIS_AV_CMS":0.032,"ORD_STRA":2,"ORD_FLOW":8},"geometry":{"type":"LineString","coordinates":[[43.51458333333227,30.177083333333066],[43.510416666665606,30.177083333333066],[43.50624999999894,30.172916666666417],[43.50208333333228,30.172916666666417],[43.497916666665645,30.177083333333066],[43.497916666665645,30.18124999999973]]}},{"type":"Feature","properties":{"HYRIV_ID":20788272,"NEXT_DOWN":20788197,"MAIN_RIV":20773217,"LENGTH_KM":5.9400001,"CATCH_SKM":26.91,"DIS_AV_CMS":0.022,"ORD_STRA":1,"ORD_FLOW":8},"geometry":{"type":"LineString","coordinates":[[41.962499999998954,30.16874999999971],[41.96874999999895,30.16874999999971],[41.97291666666561,30.172916666666417],[41.977083333332274,30.172916666666417],[41.9854166666656,30.18124999999973],[41.9937499999989,30.172916666666417],[41.997916666665645,30.177083333333066],[42.00624999999897,30.177083333333066],[42.00624999999897,30.172916666666417]]}},{"type":"Feature","properties":{"HYRIV_ID":20788273,"NEXT_DOWN":20787554,"MAIN_RIV":20779691,"LENGTH_KM":5.3800001,"CATCH_SKM":31.91,"DIS_AV_CMS":0.0,"ORD_STRA":4,"ORD_FLOW":10},"geometry":{"type":"LineString","coordinates":[[42.23958333333226,30.16874999999971],[42.24791666666559,30.177083333333066],[42.24791666666559,30.18541666666639],[42.260416666665634,30.19791666666641],[42.260416666665634,30.210416666666383]]}},{"type":"Feature","properties":{"HYRIV_ID":20788274,"NEXT_DOWN":20788275,"MAIN_RIV":20788275,"LENGTH_KM":5.9899998,"CATCH_SKM":19.67,"DIS_AV_CMS":0.045,"ORD_STRA":2,"ORD_FLOW":8},"geometry":{"type":"LineString","coordinates":[[42.51041666666555,30.16874999999971],[42.51874999999896,30.177083333333066],[42.51874999999896,30.18541666666639],[42.52291666666562,30.189583333333054],[42.527083333332286,30.18541666666639],[42.53124999999895,30.189583333333054],[42.55208333333232,30.189583333333054]]}},{"type":"Feature","properties":{"HYRIV_ID":20788275,"NEXT_DOWN":0,"MAIN_RIV":20788275,"LENGTH_KM":3.71,"CATCH_SKM":16.139999,"DIS_AV_CMS":0.056,"ORD_STRA":2,"ORD_FLOW":8},"geometry":{"type":"LineString","coordinates":[[42.55208333333232,30.189583333333054],[42.55624999999898,30.18541666666639],[42.56458333333228,30.18541666666639],[42.56874999999894,30.18124999999973],[42.56874999999894,30.177083333333066],[42.57708333333227,30.16874999999971]]}},{"type":"Feature","properties":{"HYRIV_ID":20788276,"NEXT_DOWN":20788340,"MAIN_RIV":20788341,"LENGTH_KM":2.01,"CATCH_SKM":16.700001,"DIS_AV_CMS":0.003,"ORD_STRA":1,"ORD_FLOW":9},"geometry":{"type":"LineString","coordinates":[[42.66249999999894,30.16874999999971],[42.67291666666566,30.16874999999971],[42.67708333333232,30.172916666666417],[42.68124999999898,30.172916666666417]]}},{"type":"Feature","properties":{"HYRIV_ID":20788277,"NEXT_DOWN":20787693,"MAIN_RIV":20786272,"LENGTH_KM":4.9099998,"CATCH_SKM":20.23,"DIS_AV_CMS":0.004,"ORD_STRA":1,"ORD_FLOW":9},"geometry":{"type":"LineString","coordinates":[[43.26249999999894,30.16666666666638],[43.25208333333228,30.177083333333066],[43.25208333333228,30.18124999999973],[43.243749999998954,30.189583333333054],[43.243749999998954,30.193749999999703],[43.239583333332234,30.19791666666641],[43.243749999998954,30.20208333333307]]}},{"type":"Feature","properties":{"HYRIV_ID":20788278,"NEXT_DOWN":20787693,"MAIN_RIV":20786272,"LENGTH_KM":8.3500004,"CATCH_SKM":24.860001,"DIS_AV_CMS":0.042,"ORD_STRA":2,"ORD_FLOW":8},"geometry":{"type":"LineString","coordinates":[[43.31041666666559,30.16874999999971],[43.306249999998926,30.172916666666417],[43.306249999998926,30.177083333333066],[43.30208333333226,30.18124999999973],[43.2895833333323,30.18124999999973],[43.28124999999898,30.189583333333054],[43.277083333332314,30.189583333333054],[43.272916666665566,30.193749999999703],[43.2687499999989,30.193749999999703],[43.26458333333227,30.19791666666641],[43.25624999999894,30.19791666666641],[43.25208333333228,30.20208333333307],[43.243749999998954,30.20208333333307]]}},{"type":"Feature","properties":{"HYRIV_ID":20788279,"NEXT_DOWN":20787758,"MAIN_RIV":20785283,"LENGTH_KM":13.14,"CATCH_SKM":66.989998,"DIS_AV_CMS":0.013,"ORD_STRA":1,"ORD_FLOW":8},"geometry":{"type":"LineString","coordinates":[[43.62499999999898,30.19166666666637],[43.63124999999894,30.18541666666639],[43.635416666665606,30.18541666666639],[43.63958333333227,30.18124999999973],[43.64374999999893,30.18124999999973],[43.65208333333226,30.172916666666417],[43.660416666665554,30.172916666666417],[43.6645833333323,30.16874999999971],[43.668749999998965,30.16874999999971],[43.67291666666563,30.172916666666417],[43.67708333333229,30.172916666666417],[43.681249999998954,30.177083333333066],[43.68541666666559,30.177083333333066],[43.68958333333225,30.18124999999973],[43.69791666666558,30.18124999999973],[43.70208333333224,30.177083333333066],[43.7062499999989,30.18124999999973],[43.7062499999989,30.18541666666639],[43.71041666666554,30.189583333333054],[43.714583333332286,30.189583333333054],[43.71874999999895,30.193749999999703],[43.72291666666561,30.193749999999703],[43.727083333332274,30.19791666666641]]}},{"type":"Feature","properties":{"HYRIV_ID":20788280,"NEXT_DOWN":20787480,"MAIN_RIV":20785283,"LENGTH_KM":7.4899998,"CATCH_SKM":25.6,"DIS_AV_CMS":0.0,"ORD_STRA":4,"ORD_FLOW":10},"geometry":{"type":"LineString","coordinates":[[43.9854166666656,30.16874999999971],[43.9854166666656,30.172916666666417],[43.96874999999889,30.189583333333054],[43.96874999999889,30.19791666666641],[43.960416666665566,30.20624999999972],[43.9562499999989,30.20624999999972],[43.95208333333224,30.210416666666383],[43.94791666666558,30.210416666666383],[43.943749999998914,30.214583333333046],[43.93958333333228,30.214583333333046]]}},{"type":"Feature","properties":{"HYRIV_ID":20788335,"NEXT_DOWN":20787474,"MAIN_RIV":20773217,"LENGTH_KM":6.6,"CATCH_SKM":13.92,"DIS_AV_CMS":0.122,"ORD_STRA":2,"ORD_FLOW":7},"geometry":{"type":"LineString","coordinates":[[42.06458333333228,30.16458333333305],[42.06041666666562,30.16874999999971],[42.06041666666562,30.172916666666417],[42.056249999998954,30.177083333333066],[42.056249999998954,30.189583333333054],[42.03541666666567,30.210416666666383],[42.03541666666567,30.214583333333046]]}},{"type":"Feature","properties":{"HYRIV_ID":20788336,"NEXT_DOWN":20788335,"MAIN_RIV":20773217,"LENGTH_KM":0.4,"CATCH_SKM":0.93,"DIS_AV_CMS":0.066,"ORD_STRA":2,"ORD_FLOW":8},"geometry":{"type":"LineString","coordinates":[[42.068749999998914,30.16458333333305],[42.06458333333228,30.16458333333305]]}},{"type":"Feature","properties":{"HYRIV_ID":20788337,"NEXT_DOWN":20788336,"MAIN_RIV":20773217,"LENGTH_KM":3.6400001,"CATCH_SKM":38.41,"DIS_AV_CMS":0.038,"ORD_STRA":1,"ORD_FLOW":8},"geometry":{"type":"LineString","coordinates":[[42.09999999999894,30.16874999999971],[42.08541666666565,30.16874999999971],[42.08124999999899,30.172916666666417],[42.077083333332325,30.16874999999971],[42.07291666666566,30.16874999999971],[42.068749999998914,30.16458333333305]]}},{"type":"Feature","properties":{"HYRIV_ID":20788338,"NEXT_DOWN":20788273,"MAIN_RIV":20779691,"LENGTH_KM":1.01,"CATCH_SKM":7.4200001,"DIS_AV_CMS":0.0,"ORD_STRA":4,"ORD_FLOW":10},"geometry":{"type":"LineString","coordinates":[[42.23124999999894,30.16458333333305],[42.2354166666656,30.16458333333305],[42.23958333333226,30.16874999999971]]}},{"type":"Feature","properties":{"HYRIV_ID":20788339,"NEXT_DOWN":20787822,"MAIN_RIV":20786550,"LENGTH_KM":5.7,"CATCH_SKM":22.639999,"DIS_AV_CMS":0.004,"ORD_STRA":1,"ORD_FLOW":9},"geometry":{"type":"LineString","coordinates":[[42.402083333332286,30.16249999999973],[42.402083333332286,30.172916666666417],[42.41041666666558,30.18124999999973],[42.414583333332246,30.18124999999973],[42.418749999998994,30.177083333333066],[42.431249999998954,30.189583333333054],[42.431249999998954,30.193749999999703]]}},{"type":"Feature","properties":{"HYRIV_ID":20788340,"NEXT_DOWN":20788341,"MAIN_RIV":20788341,"LENGTH_KM":2.83,"CATCH_SKM":5.3800001,"DIS_AV_CMS":0.018,"ORD_STRA":2,"ORD_FLOW":8},"geometry":{"type":"LineString","coordinates":[[42.68124999999898,30.172916666666417],[42.69374999999894,30.172916666666417],[42.697916666665606,30.16874999999971],[42.70208333333227,30.16874999999971],[42.70624999999893,30.16458333333305]]}},{"type":"Feature","properties":{"HYRIV_ID":20788341,"NEXT_DOWN":0,"MAIN_RIV":20788341,"LENGTH_KM":0.4,"CATCH_SKM":0.19,"DIS_AV_CMS":0.06,"ORD_STRA":3,"ORD_FLOW":8},"geometry":{"type":"LineString","coordinates":[[42.70624999999893,30.16458333333305],[42.710416666665594,30.16458333333305]]}},{"type":"Feature","properties":{"HYRIV_ID":20788342,"NEXT_DOWN":0,"MAIN_RIV":20788342,"LENGTH_KM":1.77,"CATCH_SKM":12.06,"DIS_AV_CMS":0.002,"ORD_STRA":1,"ORD_FLOW":9},"geometry":{"type":"LineString","coordinates":[[42.70624999999893,30.179166666666397],[42.70624999999893,30.16874999999971],[42.710416666665594,30.16458333333305]]}},{"type":"Feature","properties":{"HYRIV_ID":20788343,"NEXT_DOWN":20787952,"MAIN_RIV":20785283,"LENGTH_KM":2.47,"CATCH_SKM":4.64,"DIS_AV_CMS":0.021,"ORD_STRA":2,"ORD_FLOW":8},"geometry":{"type":"LineString","coordinates":[[43.73541666666557,30.16458333333305],[43.73124999999894,30.16874999999971],[43.73124999999894,30.18541666666639]]}},{"type":"Feature","properties":{"HYRIV_ID":20788344,"NEXT_DOWN":20787480,"MAIN_RIV":20785283,"LENGTH_KM":10.78,"CATCH_SKM":36.369999,"DIS_AV_CMS":0.06,"ORD_STRA":3,"ORD_FLOW":8},"geometry":{"type":"LineString","coordinates":[[43.87708333333222,30.16458333333305],[43.88124999999897,30.16874999999971],[43.885416666665634,30.16874999999971],[43.8895833333323,30.172916666666417],[43.89374999999893,30.16874999999971],[43.897916666665594,30.172916666666417],[43.90208333333226,30.172916666666417],[43.90624999999892,30.177083333333066],[43.91041666666558,30.177083333333066],[43.914583333332246,30.18124999999973],[43.92291666666554,30.18124999999973],[43.92708333333229,30.18541666666639],[43.93541666666562,30.18541666666639],[43.93958333333228,30.189583333333054],[43.93958333333228,30.193749999999703],[43.943749999998914,30.19791666666641],[43.943749999998914,30.20208333333307],[43.93958333333228,30.20624999999972],[43.93958333333228,30.214583333333046]]}},{"type":"Feature","properties":{"HYRIV_ID":20788399,"NEXT_DOWN":20788273,"MAIN_RIV":20779691,"LENGTH_KM":2.73,"CATCH_SKM":15.78,"DIS_AV_CMS":0.015,"ORD_STRA":1,"ORD_FLOW":8},"geometry":{"type":"LineString","coordinates":[[42.262499999998965,30.15833333333307],[42.25624999999897,30.16458333333305],[42.25208333333222,30.16458333333305],[42.24791666666559,30.16874999999971],[42.23958333333226,30.16874999999971]]}},{"type":"Feature","properties":{"HYRIV_ID":20788400,"NEXT_DOWN":20787823,"MAIN_RIV":20786550,"LENGTH_KM":4.54,"CATCH_SKM":23.200001,"DIS_AV_CMS":0.004,"ORD_STRA":1,"ORD_FLOW":9},"geometry":{"type":"LineString","coordinates":[[42.447916666665606,30.15833333333307],[42.447916666665606,30.16874999999971],[42.43958333333228,30.177083333333066],[42.44374999999894,30.18124999999973],[42.44374999999894,30.18541666666639],[42.43958333333228,30.189583333333054],[42.43958333333228,30.193749999999703]]}},{"type":"Feature","properties":{"HYRIV_ID":20788401,"NEXT_DOWN":20787888,"MAIN_RIV":20786551,"LENGTH_KM":4.6900001,"CATCH_SKM":8.3500004,"DIS_AV_CMS":0.061,"ORD_STRA":3,"ORD_FLOW":8},"geometry":{"type":"LineString","coordinates":[[43.10624999999891,30.1604166666664],[43.114583333332206,30.16874999999971],[43.11041666666554,30.172916666666417],[43.114583333332206,30.177083333333066],[43.118749999998954,30.177083333333066],[43.13124999999894,30.189583333333054]]}},{"type":"Feature","properties":{"HYRIV_ID":20788402,"NEXT_DOWN":20788344,"MAIN_RIV":20785283,"LENGTH_KM":0.86,"CATCH_SKM":0.93,"DIS_AV_CMS":0.048,"ORD_STRA":3,"ORD_FLOW":8},"geometry":{"type":"LineString","coordinates":[[43.87291666666556,30.1604166666664],[43.87708333333222,30.1604166666664],[43.87708333333222,30.16458333333305]]}},{"type":"Feature","properties":{"HYRIV_ID":20788482,"NEXT_DOWN":20788111,"MAIN_RIV":20786550,"LENGTH_KM":3.07,"CATCH_SKM":18.01,"DIS_AV_CMS":0.007,"ORD_STRA":1,"ORD_FLOW":9},"geometry":{"type":"LineString","coordinates":[[42.33749999999898,30.154166666666363],[42.34374999999898,30.1604166666664],[42.34374999999898,30.16458333333305],[42.34791666666564,30.16874999999971],[42.34791666666564,30.172916666666417],[42.3520833333323,30.177083333333066]]}},{"type":"Feature","properties":{"HYRIV_ID":20788483,"NEXT_DOWN":20788557,"MAIN_RIV":20788557,"LENGTH_KM":1.38,"CATCH_SKM":10.77,"DIS_AV_CMS":0.002,"ORD_STRA":1,"ORD_FLOW":9},"geometry":{"type":"LineString","coordinates":[[42.77083333333229,30.154166666666363],[42.777083333332286,30.1604166666664],[42.777083333332286,30.16458333333305]]}},{"type":"Feature","properties":{"HYRIV_ID":20788484,"NEXT_DOWN":20787692,"MAIN_RIV":20786551,"LENGTH_KM":7.9499998,"CATCH_SKM":31.92,"DIS_AV_CMS":0.006,"ORD_STRA":1,"ORD_FLOW":9},"geometry":{"type":"LineString","coordinates":[[43.23333333333224,30.154166666666363],[43.239583333332234,30.1604166666664],[43.239583333332234,30.16458333333305],[43.227083333332246,30.177083333333066],[43.22291666666558,30.177083333333066],[43.21874999999892,30.18124999999973],[43.21458333333226,30.18124999999973],[43.21041666666562,30.18541666666639],[43.20624999999896,30.18541666666639],[43.197916666665634,30.193749999999703],[43.197916666665634,30.19791666666641],[43.193749999998886,30.20208333333307]]}},{"type":"Feature","properties":{"HYRIV_ID":20788485,"NEXT_DOWN":20788280,"MAIN_RIV":20785283,"LENGTH_KM":2.24,"CATCH_SKM":4.64,"DIS_AV_CMS":0.0,"ORD_STRA":4,"ORD_FLOW":10},"geometry":{"type":"LineString","coordinates":[[44.00208333333222,30.156249999999694],[43.98958333333226,30.16874999999971],[43.9854166666656,30.16874999999971]]}},{"type":"Feature","properties":{"HYRIV_ID":20788557,"NEXT_DOWN":0,"MAIN_RIV":20788557,"LENGTH_KM":3.25,"CATCH_SKM":20.23,"DIS_AV_CMS":0.009,"ORD_STRA":2,"ORD_FLOW":9},"geometry":{"type":"LineString","coordinates":[[42.777083333332286,30.16458333333305],[42.78541666666561,30.16458333333305],[42.79791666666557,30.15208333333303],[42.802083333332234,30.156249999999694]]}},{"type":"Feature","properties":{"HYRIV_ID":20788558,"NEXT_DOWN":20787888,"MAIN_RIV":20786551,"LENGTH_KM":5.46,"CATCH_SKM":9.8400002,"DIS_AV_CMS":0.01,"ORD_STRA":2,"ORD_FLOW":8},"geometry":{"type":"LineString","coordinates":[[43.152083333332314,30.15208333333303],[43.14791666666565,30.156249999999694],[43.1437499999989,30.156249999999694],[43.13541666666558,30.16458333333305],[43.13541666666558,30.172916666666417],[43.13124999999894,30.177083333333066],[43.13541666666558,30.18124999999973],[43.13541666666558,30.18541666666639],[43.13124999999894,30.189583333333054]]}},{"type":"Feature","properties":{"HYRIV_ID":20788559,"NEXT_DOWN":20788278,"MAIN_RIV":20786272,"LENGTH_KM":2.23,"CATCH_SKM":11.88,"DIS_AV_CMS":0.002,"ORD_STRA":1,"ORD_FLOW":9},"geometry":{"type":"LineString","coordinates":[[43.306249999998926,30.149999999999714],[43.306249999998926,30.1604166666664],[43.31041666666559,30.16458333333305],[43.31041666666559,30.16874999999971]]}},{"type":"Feature","properties":{"HYRIV_ID":20788560,"NEXT_DOWN":20788201,"MAIN_RIV":20785605,"LENGTH_KM":4.1799998,"CATCH_SKM":17.07,"DIS_AV_CMS":0.028,"ORD_STRA":2,"ORD_FLOW":8},"geometry":{"type":"LineString","coordinates":[[43.522916666665594,30.15208333333303],[43.522916666665594,30.156249999999694],[43.53124999999889,30.16458333333305],[43.53124999999889,30.16874999999971],[43.522916666665594,30.177083333333066],[43.51458333333227,30.177083333333066]]}},{"type":"Feature","properties":{"HYRIV_ID":20788561,"NEXT_DOWN":20788343,"MAIN_RIV":20785283,"LENGTH_KM":2.0,"CATCH_SKM":14.85,"DIS_AV_CMS":0.003,"ORD_STRA":1,"ORD_FLOW":9},"geometry":{"type":"LineString","coordinates":[[43.73333333333227,30.149999999999714],[43.739583333332234,30.156249999999694],[43.73541666666557,30.1604166666664],[43.73541666666557,30.16458333333305]]}},{"type":"Feature","properties":{"HYRIV_ID":20788624,"NEXT_DOWN":20788197,"MAIN_RIV":20773217,"LENGTH_KM":3.3800001,"CATCH_SKM":11.88,"DIS_AV_CMS":0.0,"ORD_STRA":4,"ORD_FLOW":10},"geometry":{"type":"LineString","coordinates":[[41.989583333332234,30.147916666666383],[42.00624999999897,30.16458333333305],[42.00624999999897,30.172916666666417]]}},{"type":"Feature","properties":{"HYRIV_ID":20788625,"NEXT_DOWN":20788111,"MAIN_RIV":20786550,"LENGTH_KM":8.8,"CATCH_SKM":36.75,"DIS_AV_CMS":0.022,"ORD_STRA":1,"ORD_FLOW":8},"geometry":{"type":"LineString","coordinates":[[42.293749999998994,30.14583333333305],[42.293749999998994,30.15208333333303],[42.29791666666566,30.15208333333303],[42.30208333333229,30.156249999999694],[42.31041666666562,30.156249999999694],[42.31874999999894,30.16458333333305],[42.31458333333228,30.16874999999971],[42.32708333333224,30.18124999999973],[42.33541666666565,30.18124999999973],[42.339583333332314,30.177083333333066],[42.3520833333323,30.177083333333066]]}},{"type":"Feature","properties":{"HYRIV_ID":20788626,"NEXT_DOWN":20788401,"MAIN_RIV":20786551,"LENGTH_KM":2.0,"CATCH_SKM":16.889999,"DIS_AV_CMS":0.003,"ORD_STRA":1,"ORD_FLOW":9},"geometry":{"type":"LineString","coordinates":[[43.11666666666562,30.14583333333305],[43.10624999999891,30.156249999999694],[43.10624999999891,30.1604166666664]]}},{"type":"Feature","properties":{"HYRIV_ID":20788627,"NEXT_DOWN":20788558,"MAIN_RIV":20786551,"LENGTH_KM":0.92,"CATCH_SKM":10.77,"DIS_AV_CMS":0.002,"ORD_STRA":1,"ORD_FLOW":9},"geometry":{"type":"LineString","coordinates":[[43.145833333332234,30.14583333333305],[43.152083333332314,30.15208333333303]]}},{"type":"Feature","properties":{"HYRIV_ID":20788628,"NEXT_DOWN":20788278,"MAIN_RIV":20786272,"LENGTH_KM":2.62,"CATCH_SKM":4.83,"DIS_AV_CMS":0.034,"ORD_STRA":2,"ORD_FLOW":8},"geometry":{"type":"LineString","coordinates":[[43.318749999998886,30.147916666666383],[43.318749999998886,30.156249999999694],[43.31458333333225,30.1604166666664],[43.31458333333225,30.16458333333305],[43.31041666666559,30.16874999999971]]}},{"type":"Feature","properties":{"HYRIV_ID":20788698,"NEXT_DOWN":20788557,"MAIN_RIV":20788557,"LENGTH_KM":4.6,"CATCH_SKM":27.290001,"DIS_AV_CMS":0.005,"ORD_STRA":1,"ORD_FLOW":9},"geometry":{"type":"LineString","coordinates":[[42.74791666666559,30.14166666666639],[42.74791666666559,30.15208333333303],[42.756249999998914,30.1604166666664],[42.76458333333224,30.1604166666664],[42.76874999999899,30.16458333333305],[42.777083333332286,30.16458333333305]]}},{"type":"Feature","properties":{"HYRIV_ID":20788699,"NEXT_DOWN":20788401,"MAIN_RIV":20786551,"LENGTH_KM":3.25,"CATCH_SKM":5.3800001,"DIS_AV_CMS":0.056,"ORD_STRA":3,"ORD_FLOW":8},"geometry":{"type":"LineString","coordinates":[[43.08124999999896,30.14374999999972],[43.08958333333226,30.15208333333303],[43.09374999999892,30.15208333333303],[43.09791666666558,30.156249999999694],[43.102083333332246,30.156249999999694],[43.10624999999891,30.1604166666664]]}},{"type":"Feature","properties":{"HYRIV_ID":20788700,"NEXT_DOWN":20788560,"MAIN_RIV":20785605,"LENGTH_KM":9.7200003,"CATCH_SKM":38.98,"DIS_AV_CMS":0.008,"ORD_STRA":1,"ORD_FLOW":9},"geometry":{"type":"LineString","coordinates":[[43.604166666665606,30.156249999999694],[43.59791666666561,30.156249999999694],[43.59374999999895,30.1604166666664],[43.589583333332286,30.1604166666664],[43.58541666666554,30.156249999999694],[43.57708333333224,30.156249999999694],[43.57291666666558,30.15208333333303],[43.568749999998914,30.156249999999694],[43.56458333333225,30.156249999999694],[43.55208333333229,30.14374999999972],[43.543749999998965,30.14374999999972],[43.5395833333323,30.147916666666383],[43.53124999999889,30.147916666666383],[43.52708333333223,30.15208333333303],[43.522916666665594,30.15208333333303]]}},{"type":"Feature","properties":{"HYRIV_ID":20788701,"NEXT_DOWN":20788344,"MAIN_RIV":20785283,"LENGTH_KM":9.3,"CATCH_SKM":34.709999,"DIS_AV_CMS":0.007,"ORD_STRA":1,"ORD_FLOW":9},"geometry":{"type":"LineString","coordinates":[[43.808333333332286,30.14166666666639],[43.818749999998914,30.15208333333303],[43.82291666666558,30.15208333333303],[43.8312499999989,30.1604166666664],[43.835416666665566,30.1604166666664],[43.84374999999886,30.16874999999971],[43.852083333332274,30.16874999999971],[43.85624999999894,30.172916666666417],[43.86458333333226,30.172916666666417],[43.8687499999989,30.16874999999971],[43.87291666666556,30.172916666666417],[43.87708333333222,30.16874999999971],[43.87708333333222,30.16458333333305]]}},{"type":"Feature","properties":{"HYRIV_ID":20788702,"NEXT_DOWN":20788280,"MAIN_RIV":20785283,"LENGTH_KM":4.33,"CATCH_SKM":15.04,"DIS_AV_CMS":0.059,"ORD_STRA":3,"ORD_FLOW":8},"geometry":{"type":"LineString","coordinates":[[43.9562499999989,30.14374999999972],[43.96458333333223,30.15208333333303],[43.96458333333223,30.156249999999694],[43.972916666665526,30.16458333333305],[43.98124999999894,30.16458333333305],[43.9854166666656,30.16874999999971]]}},{"type":"Feature","properties":{"HYRIV_ID":20788760,"NEXT_DOWN":20788338,"MAIN_RIV":20779691,"LENGTH_KM":5.5300002,"CATCH_SKM":20.040001,"DIS_AV_CMS":0.0,"ORD_STRA":4,"ORD_FLOW":10},"geometry":{"type":"LineString","coordinates":[[42.18958333333228,30.139583333333057],[42.19374999999894,30.14374999999972],[42.19791666666558,30.14374999999972],[42.20208333333224,30.147916666666383],[42.20624999999899,30.147916666666383],[42.21041666666565,30.15208333333303],[42.21041666666565,30.156249999999694],[42.214583333332314,30.1604166666664],[42.21874999999898,30.1604166666664],[42.22291666666561,30.16458333333305],[42.23124999999894,30.16458333333305]]}},{"type":"Feature","properties":{"HYRIV_ID":20788761,"NEXT_DOWN":20788274,"MAIN_RIV":20788275,"LENGTH_KM":3.77,"CATCH_SKM":21.540001,"DIS_AV_CMS":0.004,"ORD_STRA":1,"ORD_FLOW":9},"geometry":{"type":"LineString","coordinates":[[42.51041666666555,30.137499999999726],[42.51041666666555,30.1604166666664],[42.506249999998914,30.16458333333305],[42.51041666666555,30.16874999999971]]}},{"type":"Feature","properties":{"HYRIV_ID":20788762,"NEXT_DOWN":20788343,"MAIN_RIV":20785283,"LENGTH_KM":3.53,"CATCH_SKM":8.1700001,"DIS_AV_CMS":0.017,"ORD_STRA":2,"ORD_FLOW":8},"geometry":{"type":"LineString","coordinates":[[43.714583333332286,30.139583333333057],[43.71874999999895,30.14374999999972],[43.71874999999895,30.147916666666383],[43.73541666666557,30.16458333333305]]}},{"type":"Feature","properties":{"HYRIV_ID":20788763,"NEXT_DOWN":20788485,"MAIN_RIV":20785283,"LENGTH_KM":2.61,"CATCH_SKM":14.85,"DIS_AV_CMS":0.003,"ORD_STRA":1,"ORD_FLOW":9},"geometry":{"type":"LineString","coordinates":[[43.98749999999893,30.137499999999726],[44.00208333333222,30.15208333333303],[44.00208333333222,30.156249999999694]]}},{"type":"Feature","properties":{"HYRIV_ID":20788829,"NEXT_DOWN":20788336,"MAIN_RIV":20773217,"LENGTH_KM":5.6500001,"CATCH_SKM":27.66,"DIS_AV_CMS":0.028,"ORD_STRA":1,"ORD_FLOW":8},"geometry":{"type":"LineString","coordinates":[[42.10833333333227,30.133333333333077],[42.102083333332274,30.139583333333057],[42.09791666666561,30.139583333333057],[42.09374999999895,30.14374999999972],[42.09374999999895,30.147916666666383],[42.089583333332314,30.15208333333303],[42.08541666666565,30.15208333333303],[42.08124999999899,30.156249999999694],[42.077083333332325,30.156249999999694],[42.068749999998914,30.16458333333305]]}},{"type":"Feature","properties":{"HYRIV_ID":20788830,"NEXT_DOWN":20788831,"MAIN_RIV":20779691,"LENGTH_KM":1.78,"CATCH_SKM":12.99,"DIS_AV_CMS":0.013,"ORD_STRA":1,"ORD_FLOW":8},"geometry":{"type":"LineString","coordinates":[[42.17499999999896,30.14583333333305],[42.181249999998954,30.139583333333057],[42.181249999998954,30.13541666666641],[42.18541666666562,30.13541666666641]]}},{"type":"Feature","properties":{"HYRIV_ID":20788831,"NEXT_DOWN":20788760,"MAIN_RIV":20779691,"LENGTH_KM":0.61,"CATCH_SKM":1.11,"DIS_AV_CMS":0.0,"ORD_STRA":4,"ORD_FLOW":10},"geometry":{"type":"LineString","coordinates":[[42.18541666666562,30.13541666666641],[42.18958333333228,30.139583333333057]]}},{"type":"Feature","properties":{"HYRIV_ID":20788832,"NEXT_DOWN":20788760,"MAIN_RIV":20779691,"LENGTH_KM":1.1,"CATCH_SKM":11.7,"DIS_AV_CMS":0.012,"ORD_STRA":1,"ORD_FLOW":8},"geometry":{"type":"LineString","coordinates":[[42.19374999999894,30.133333333333077],[42.19374999999894,30.139583333333057],[42.18958333333228,30.139583333333057]]}},{"type":"Feature","properties":{"HYRIV_ID":20788833,"NEXT_DOWN":20788558,"MAIN_RIV":20786551,"LENGTH_KM":7.0,"CATCH_SKM":27.48,"DIS_AV_CMS":0.005,"ORD_STRA":1,"ORD_FLOW":9},"geometry":{"type":"LineString","coordinates":[[43.20833333333229,30.137499999999726],[43.2020833333323,30.14374999999972],[43.193749999998886,30.14374999999972],[43.18958333333222,30.139583333333057],[43.18541666666559,30.139583333333057],[43.181249999998926,30.13541666666641],[43.17708333333226,30.13541666666641],[43.16874999999894,30.14374999999972],[43.164583333332274,30.14374999999972],[43.15624999999898,30.15208333333303],[43.152083333332314,30.15208333333303]]}},{"type":"Feature","properties":{"HYRIV_ID":20788834,"NEXT_DOWN":20788702,"MAIN_RIV":20785283,"LENGTH_KM":3.05,"CATCH_SKM":14.67,"DIS_AV_CMS":0.003,"ORD_STRA":1,"ORD_FLOW":9},"geometry":{"type":"LineString","coordinates":[[43.933333333332286,30.13541666666641],[43.93958333333228,30.13541666666641],[43.95208333333224,30.147916666666383],[43.9562499999989,30.14374999999972]]}},{"type":"Feature","properties":{"HYRIV_ID":20788913,"NEXT_DOWN":20788341,"MAIN_RIV":20788341,"LENGTH_KM":4.3,"CATCH_SKM":14.11,"DIS_AV_CMS":0.042,"ORD_STRA":3,"ORD_FLOW":8},"geometry":{"type":"LineString","coordinates":[[42.68958333333231,30.131249999999703],[42.68958333333231,30.14374999999972],[42.70208333333227,30.156249999999694],[42.70208333333227,30.1604166666664],[42.70624999999893,30.16458333333305]]}},{"type":"Feature","properties":{"HYRIV_ID":20788914,"NEXT_DOWN":20788628,"MAIN_RIV":20786272,"LENGTH_KM":2.1500001,"CATCH_SKM":4.27,"DIS_AV_CMS":0.022,"ORD_STRA":2,"ORD_FLOW":8},"geometry":{"type":"LineString","coordinates":[[43.31041666666559,30.131249999999703],[43.31041666666559,30.13541666666641],[43.318749999998886,30.14374999999972],[43.318749999998886,30.147916666666383]]}},{"type":"Feature","properties":{"HYRIV_ID":20788915,"NEXT_DOWN":20788560,"MAIN_RIV":20785605,"LENGTH_KM":5.37,"CATCH_SKM":22.84,"DIS_AV_CMS":0.005,"ORD_STRA":1,"ORD_FLOW":9},"geometry":{"type":"LineString","coordinates":[[43.47916666666558,30.12916666666637],[43.48541666666557,30.13541666666641],[43.489583333332234,30.13541666666641],[43.4937499999989,30.139583333333057],[43.50208333333228,30.139583333333057],[43.510416666665606,30.147916666666383],[43.51458333333227,30.147916666666383],[43.51874999999893,30.15208333333303],[43.522916666665594,30.15208333333303]]}},{"type":"Feature","properties":{"HYRIV_ID":20789042,"NEXT_DOWN":20788913,"MAIN_RIV":20788341,"LENGTH_KM":3.85,"CATCH_SKM":20.24,"DIS_AV_CMS":0.004,"ORD_STRA":1,"ORD_FLOW":9},"geometry":{"type":"LineString","coordinates":[[42.65833333333228,30.12291666666639],[42.664583333332274,30.12291666666639],[42.66874999999891,30.12708333333304],[42.67291666666566,30.12708333333304],[42.67708333333232,30.131249999999703],[42.68124999999898,30.12708333333304],[42.685416666665645,30.131249999999703],[42.68958333333231,30.131249999999703]]}},{"type":"Feature","properties":{"HYRIV_ID":20789043,"NEXT_DOWN":20789044,"MAIN_RIV":20785732,"LENGTH_KM":4.7800002,"CATCH_SKM":23.76,"DIS_AV_CMS":0.004,"ORD_STRA":1,"ORD_FLOW":9},"geometry":{"type":"LineString","coordinates":[[42.916666666665606,30.149999999999714],[42.935416666665645,30.131249999999703],[42.94374999999897,30.131249999999703],[42.9520833333323,30.12291666666639]]}},{"type":"Feature","properties":{"HYRIV_ID":20789044,"NEXT_DOWN":20788199,"MAIN_RIV":20785732,"LENGTH_KM":9.0100002,"CATCH_SKM":35.27,"DIS_AV_CMS":0.036,"ORD_STRA":3,"ORD_FLOW":8},"geometry":{"type":"LineString","coordinates":[[42.9520833333323,30.12291666666639],[42.960416666665594,30.131249999999703],[42.960416666665594,30.13541666666641],[42.96458333333234,30.139583333333057],[42.96458333333234,30.147916666666383],[42.96874999999892,30.15208333333303],[42.96874999999892,30.156249999999694],[42.97291666666558,30.1604166666664],[42.97291666666558,30.16458333333305],[42.98124999999888,30.172916666666417],[43.006249999998914,30.172916666666417]]}},{"type":"Feature","properties":{"HYRIV_ID":20789100,"NEXT_DOWN":20789101,"MAIN_RIV":20789101,"LENGTH_KM":2.4,"CATCH_SKM":19.120001,"DIS_AV_CMS":0.003,"ORD_STRA":1,"ORD_FLOW":9},"geometry":{"type":"LineString","coordinates":[[42.55416666666565,30.133333333333077],[42.560416666665645,30.12708333333304],[42.56458333333228,30.12708333333304],[42.56874999999894,30.12291666666639],[42.56874999999894,30.11874999999973]]}},{"type":"Feature","properties":{"HYRIV_ID":20789101,"NEXT_DOWN":0,"MAIN_RIV":20789101,"LENGTH_KM":6.46,"CATCH_SKM":22.83,"DIS_AV_CMS":0.041,"ORD_STRA":2,"ORD_FLOW":8},"geometry":{"type":"LineString","coordinates":[[42.56874999999894,30.11874999999973],[42.58124999999893,30.131249999999703],[42.58124999999893,30.13541666666641],[42.585416666665594,30.139583333333057],[42.58124999999893,30.14374999999972],[42.58124999999893,30.16458333333305],[42.57708333333227,30.16874999999971]]}},{"type":"Feature","properties":{"HYRIV_ID":20789102,"NEXT_DOWN":20788628,"MAIN_RIV":20786272,"LENGTH_KM":9.8800001,"CATCH_SKM":54.580002,"DIS_AV_CMS":0.011,"ORD_STRA":1,"ORD_FLOW":8},"geometry":{"type":"LineString","coordinates":[[43.37499999999895,30.116666666666397],[43.38124999999894,30.12291666666639],[43.38124999999894,30.14374999999972],[43.3687499999989,30.14374999999972],[43.364583333332234,30.147916666666383],[43.33124999999896,30.147916666666383],[43.3270833333323,30.14374999999972],[43.32291666666555,30.147916666666383],[43.318749999998886,30.147916666666383]]}},{"type":"Feature","properties":{"HYRIV_ID":20789103,"NEXT_DOWN":20788402,"MAIN_RIV":20785283,"LENGTH_KM":4.7800002,"CATCH_SKM":13.0,"DIS_AV_CMS":0.011,"ORD_STRA":2,"ORD_FLOW":8},"geometry":{"type":"LineString","coordinates":[[43.87708333333222,30.11874999999973],[43.87708333333222,30.13541666666641],[43.87291666666556,30.139583333333057],[43.87291666666556,30.1604166666664]]}},{"type":"Feature","properties":{"HYRIV_ID":20789169,"NEXT_DOWN":20788699,"MAIN_RIV":20786551,"LENGTH_KM":3.84,"CATCH_SKM":15.41,"DIS_AV_CMS":0.026,"ORD_STRA":2,"ORD_FLOW":8},"geometry":{"type":"LineString","coordinates":[[43.09791666666558,30.114583333333023],[43.08958333333226,30.12291666666639],[43.08958333333226,30.12708333333304],[43.085416666665594,30.131249999999703],[43.085416666665594,30.13541666666641],[43.08124999999896,30.139583333333057],[43.08124999999896,30.14374999999972]]}},{"type":"Feature","properties":{"HYRIV_ID":20789170,"NEXT_DOWN":20788200,"MAIN_RIV":20785605,"LENGTH_KM":10.59,"CATCH_SKM":35.830002,"DIS_AV_CMS":0.045,"ORD_STRA":3,"ORD_FLOW":8},"geometry":{"type":"LineString","coordinates":[[43.40624999999898,30.114583333333023],[43.40624999999898,30.12291666666639],[43.4229166666656,30.139583333333057],[43.43958333333225,30.139583333333057],[43.44791666666558,30.147916666666383],[43.44791666666558,30.156249999999694],[43.45624999999896,30.16458333333305],[43.46041666666562,30.16458333333305],[43.47291666666561,30.177083333333066]]}},{"type":"Feature","properties":{"HYRIV_ID":20789171,"NEXT_DOWN":20788762,"MAIN_RIV":20785283,"LENGTH_KM":8.1599998,"CATCH_SKM":34.16,"DIS_AV_CMS":0.007,"ORD_STRA":1,"ORD_FLOW":9},"geometry":{"type":"LineString","coordinates":[[43.649999999998926,30.114583333333023],[43.668749999998965,30.114583333333023],[43.67291666666563,30.11874999999973],[43.68958333333225,30.11874999999973],[43.70208333333224,30.131249999999703],[43.70208333333224,30.13541666666641],[43.71041666666554,30.14374999999972],[43.714583333332286,30.139583333333057]]}},{"type":"Feature","properties":{"HYRIV_ID":20789172,"NEXT_DOWN":20788702,"MAIN_RIV":20785283,"LENGTH_KM":3.3900001,"CATCH_SKM":10.4,"DIS_AV_CMS":0.054,"ORD_STRA":3,"ORD_FLOW":8},"geometry":{"type":"LineString","coordinates":[[43.95208333333224,30.114583333333023],[43.9562499999989,30.11874999999973],[43.9562499999989,30.14374999999972]]}},{"type":"Feature","properties":{"HYRIV_ID":20789237,"NEXT_DOWN":20788335,"MAIN_RIV":20773217,"LENGTH_KM":7.52,"CATCH_SKM":50.5,"DIS_AV_CMS":0.049,"ORD_STRA":1,"ORD_FLOW":8},"geometry":{"type":"LineString","coordinates":[[42.041666666665634,30.108333333333086],[42.03541666666567,30.114583333333023],[42.0395833333323,30.11874999999973],[42.0395833333323,30.12291666666639],[42.04791666666563,30.131249999999703],[42.04791666666563,30.139583333333057],[42.05208333333229,30.14374999999972],[42.05208333333229,30.147916666666383],[42.056249999998954,30.15208333333303],[42.056249999998954,30.156249999999694],[42.06458333333228,30.16458333333305]]}},{"type":"Feature","properties":{"HYRIV_ID":20789238,"NEXT_DOWN":20789239,"MAIN_RIV":20788275,"LENGTH_KM":2.73,"CATCH_SKM":16.16,"DIS_AV_CMS":0.003,"ORD_STRA":1,"ORD_FLOW":9},"geometry":{"type":"LineString","coordinates":[[42.42916666666565,30.108333333333086],[42.43541666666562,30.114583333333023],[42.43958333333228,30.110416666666417],[42.45208333333227,30.110416666666417]]}},{"type":"Feature","properties":{"HYRIV_ID":20789239,"NEXT_DOWN":20788274,"MAIN_RIV":20788275,"LENGTH_KM":9.58,"CATCH_SKM":22.280001,"DIS_AV_CMS":0.042,"ORD_STRA":2,"ORD_FLOW":8},"geometry":{"type":"LineString","coordinates":[[42.45208333333227,30.110416666666417],[42.45208333333227,30.114583333333023],[42.464583333332314,30.12708333333304],[42.464583333332314,30.13541666666641],[42.46874999999898,30.139583333333057],[42.46874999999898,30.14374999999972],[42.481249999998965,30.156249999999694],[42.4854166666656,30.156249999999694],[42.48958333333226,30.1604166666664],[42.493749999998926,30.1604166666664],[42.49791666666559,30.16458333333305],[42.50208333333225,30.16458333333305],[42.506249999998914,30.16874999999971],[42.51041666666555,30.16874999999971]]}},{"type":"Feature","properties":{"HYRIV_ID":20789240,"NEXT_DOWN":20789241,"MAIN_RIV":20785732,"LENGTH_KM":2.82,"CATCH_SKM":14.3,"DIS_AV_CMS":0.003,"ORD_STRA":1,"ORD_FLOW":9},"geometry":{"type":"LineString","coordinates":[[42.916666666665606,30.114583333333023],[42.93958333333231,30.114583333333023],[42.94374999999897,30.110416666666417]]}},{"type":"Feature","properties":{"HYRIV_ID":20789241,"NEXT_DOWN":20789242,"MAIN_RIV":20785732,"LENGTH_KM":0.4,"CATCH_SKM":0.74,"DIS_AV_CMS":0.006,"ORD_STRA":2,"ORD_FLOW":9},"geometry":{"type":"LineString","coordinates":[[42.94374999999897,30.110416666666417],[42.947916666665634,30.110416666666417]]}},{"type":"Feature","properties":{"HYRIV_ID":20789242,"NEXT_DOWN":20789044,"MAIN_RIV":20785732,"LENGTH_KM":1.54,"CATCH_SKM":1.86,"DIS_AV_CMS":0.028,"ORD_STRA":3,"ORD_FLOW":8},"geometry":{"type":"LineString","coordinates":[[42.947916666665634,30.110416666666417],[42.9520833333323,30.114583333333023],[42.9520833333323,30.12291666666639]]}},{"type":"Feature","properties":{"HYRIV_ID":20789310,"NEXT_DOWN":0,"MAIN_RIV":20789310,"LENGTH_KM":6.1599998,"CATCH_SKM":18.379999,"DIS_AV_CMS":0.009,"ORD_STRA":2,"ORD_FLOW":9},"geometry":{"type":"LineString","coordinates":[[42.85208333333222,30.10624999999971],[42.84791666666558,30.110416666666417],[42.84791666666558,30.12291666666639],[42.84374999999892,30.12708333333304],[42.84374999999892,30.139583333333057],[42.83958333333226,30.14374999999972],[42.84374999999892,30.147916666666383],[42.84374999999892,30.156249999999694]]}},{"type":"Feature","properties":{"HYRIV_ID":20789311,"NEXT_DOWN":20789169,"MAIN_RIV":20786551,"LENGTH_KM":3.23,"CATCH_SKM":4.83,"DIS_AV_CMS":0.019,"ORD_STRA":2,"ORD_FLOW":8},"geometry":{"type":"LineString","coordinates":[[43.12708333333228,30.10624999999971],[43.12291666666562,30.110416666666417],[43.10624999999891,30.110416666666417],[43.102083333332246,30.114583333333023],[43.09791666666558,30.114583333333023]]}},{"type":"Feature","properties":{"HYRIV_ID":20789366,"NEXT_DOWN":20789367,"MAIN_RIV":20779691,"LENGTH_KM":1.4,"CATCH_SKM":11.7,"DIS_AV_CMS":0.012,"ORD_STRA":1,"ORD_FLOW":8},"geometry":{"type":"LineString","coordinates":[[42.12499999999898,30.10208333333305],[42.1395833333323,30.10208333333305]]}},{"type":"Feature","properties":{"HYRIV_ID":20789367,"NEXT_DOWN":20788831,"MAIN_RIV":20779691,"LENGTH_KM":6.35,"CATCH_SKM":35.470001,"DIS_AV_CMS":0.0,"ORD_STRA":4,"ORD_FLOW":10},"geometry":{"type":"LineString","coordinates":[[42.1395833333323,30.10208333333305],[42.1395833333323,30.10624999999971],[42.14374999999896,30.110416666666417],[42.15208333333226,30.110416666666417],[42.16458333333233,30.12291666666639],[42.17291666666563,30.12291666666639],[42.18541666666562,30.13541666666641]]}},{"type":"Feature","properties":{"HYRIV_ID":20789368,"NEXT_DOWN":0,"MAIN_RIV":20789368,"LENGTH_KM":10.22,"CATCH_SKM":37.32,"DIS_AV_CMS":0.007,"ORD_STRA":1,"ORD_FLOW":9},"geometry":{"type":"LineString","coordinates":[[42.77916666666562,30.10208333333305],[42.78541666666561,30.10208333333305],[42.79374999999894,30.110416666666417],[42.802083333332234,30.110416666666417],[42.810416666665645,30.11874999999973],[42.822916666665606,30.11874999999973],[42.82708333333227,30.12291666666639],[42.82708333333227,30.14374999999972],[42.835416666665594,30.15208333333303],[42.83958333333226,30.15208333333303],[42.84374999999892,30.156249999999694]]}},{"type":"Feature","properties":{"HYRIV_ID":20789369,"NEXT_DOWN":20789310,"MAIN_RIV":20789310,"LENGTH_KM":0.92,"CATCH_SKM":11.89,"DIS_AV_CMS":0.002,"ORD_STRA":1,"ORD_FLOW":9},"geometry":{"type":"LineString","coordinates":[[42.84583333333225,30.099999999999717],[42.85208333333222,30.10624999999971]]}},{"type":"Feature","properties":{"HYRIV_ID":20789370,"NEXT_DOWN":20789310,"MAIN_RIV":20789310,"LENGTH_KM":1.72,"CATCH_SKM":17.09,"DIS_AV_CMS":0.003,"ORD_STRA":1,"ORD_FLOW":9},"geometry":{"type":"LineString","coordinates":[[42.86666666666562,30.099999999999717],[42.86041666666563,30.10624999999971],[42.85208333333222,30.10624999999971]]}},{"type":"Feature","properties":{"HYRIV_ID":20789371,"NEXT_DOWN":20788560,"MAIN_RIV":20785605,"LENGTH_KM":8.0100002,"CATCH_SKM":62.400002,"DIS_AV_CMS":0.012,"ORD_STRA":1,"ORD_FLOW":8},"geometry":{"type":"LineString","coordinates":[[43.570833333332246,30.099999999999717],[43.543749999998965,30.12708333333304],[43.5395833333323,30.12708333333304],[43.53541666666564,30.131249999999703],[43.53124999999889,30.131249999999703],[43.522916666665594,30.139583333333057],[43.522916666665594,30.15208333333303]]}},{"type":"Feature","properties":{"HYRIV_ID":20789372,"NEXT_DOWN":20788402,"MAIN_RIV":20785283,"LENGTH_KM":11.36,"CATCH_SKM":32.68,"DIS_AV_CMS":0.036,"ORD_STRA":3,"ORD_FLOW":8},"geometry":{"type":"LineString","coordinates":[[43.806249999998954,30.10208333333305],[43.81041666666562,30.10208333333305],[43.818749999998914,30.110416666666417],[43.81458333333225,30.114583333333023],[43.835416666665566,30.13541666666641],[43.83958333333223,30.13541666666641],[43.84374999999886,30.131249999999703],[43.84791666666561,30.131249999999703],[43.852083333332274,30.13541666666641],[43.852083333332274,30.14374999999972],[43.8604166666656,30.15208333333303],[43.8604166666656,30.156249999999694],[43.86458333333226,30.1604166666664],[43.87291666666556,30.1604166666664]]}},{"type":"Feature","properties":{"HYRIV_ID":20789431,"NEXT_DOWN":20789241,"MAIN_RIV":20785732,"LENGTH_KM":2.84,"CATCH_SKM":16.9,"DIS_AV_CMS":0.003,"ORD_STRA":1,"ORD_FLOW":9},"geometry":{"type":"LineString","coordinates":[[42.92083333333227,30.0979166666664],[42.927083333332234,30.0979166666664],[42.935416666665645,30.10624999999971],[42.93958333333231,30.10624999999971],[42.94374999999897,30.110416666666417]]}},{"type":"Feature","properties":{"HYRIV_ID":20789432,"NEXT_DOWN":20789242,"MAIN_RIV":20785732,"LENGTH_KM":1.6900001,"CATCH_SKM":2.04,"DIS_AV_CMS":0.022,"ORD_STRA":3,"ORD_FLOW":8},"geometry":{"type":"LineString","coordinates":[[42.95624999999893,30.0979166666664],[42.9520833333323,30.10208333333305],[42.9520833333323,30.10624999999971],[42.947916666665634,30.110416666666417]]}},{"type":"Feature","properties":{"HYRIV_ID":20789433,"NEXT_DOWN":20788199,"MAIN_RIV":20785732,"LENGTH_KM":11.33,"CATCH_SKM":50.310001,"DIS_AV_CMS":0.017,"ORD_STRA":2,"ORD_FLOW":8},"geometry":{"type":"LineString","coordinates":[[43.0187499999989,30.0979166666664],[43.0187499999989,30.10208333333305],[43.02291666666565,30.10624999999971],[43.027083333332314,30.10624999999971],[43.03124999999895,30.110416666666417],[43.03541666666561,30.110416666666417],[43.04374999999894,30.11874999999973],[43.039583333332274,30.12291666666639],[43.039583333332274,30.12708333333304],[43.03541666666561,30.131249999999703],[43.03541666666561,30.139583333333057],[43.02291666666565,30.15208333333303],[43.0187499999989,30.15208333333303],[43.0187499999989,30.156249999999694],[43.01041666666558,30.16458333333305],[43.01041666666558,30.16874999999971],[43.006249999998914,30.172916666666417]]}},{"type":"Feature","properties":{"HYRIV_ID":20789434,"NEXT_DOWN":20789170,"MAIN_RIV":20785605,"LENGTH_KM":2.78,"CATCH_SKM":15.79,"DIS_AV_CMS":0.003,"ORD_STRA":1,"ORD_FLOW":9},"geometry":{"type":"LineString","coordinates":[[43.39374999999893,30.09583333333307],[43.39374999999893,30.10208333333305],[43.397916666665566,30.10624999999971],[43.40208333333223,30.10624999999971],[43.40624999999898,30.110416666666417],[43.40624999999898,30.114583333333023]]}},{"type":"Feature","properties":{"HYRIV_ID":20789435,"NEXT_DOWN":20789170,"MAIN_RIV":20785605,"LENGTH_KM":4.46,"CATCH_SKM":18.76,"DIS_AV_CMS":0.034,"ORD_STRA":3,"ORD_FLOW":8},"geometry":{"type":"LineString","coordinates":[[43.443749999998914,30.0979166666664],[43.435416666665674,30.10624999999971],[43.4145833333323,30.10624999999971],[43.40624999999898,30.114583333333023]]}},{"type":"Feature","properties":{"HYRIV_ID":20789436,"NEXT_DOWN":20789172,"MAIN_RIV":20785283,"LENGTH_KM":2.45,"CATCH_SKM":2.6,"DIS_AV_CMS":0.01,"ORD_STRA":2,"ORD_FLOW":8},"geometry":{"type":"LineString","coordinates":[[43.93541666666562,30.0979166666664],[43.95208333333224,30.114583333333023]]}},{"type":"Feature","properties":{"HYRIV_ID":20789510,"NEXT_DOWN":20789169,"MAIN_RIV":20786551,"LENGTH_KM":2.85,"CATCH_SKM":17.65,"DIS_AV_CMS":0.003,"ORD_STRA":1,"ORD_FLOW":9},"geometry":{"type":"LineString","coordinates":[[43.08958333333226,30.091666666666363],[43.08958333333226,30.10208333333305],[43.09374999999892,30.10624999999971],[43.09374999999892,30.110416666666417],[43.09791666666558,30.114583333333023]]}},{"type":"Feature","properties":{"HYRIV_ID":20789511,"NEXT_DOWN":20788762,"MAIN_RIV":20785283,"LENGTH_KM":7.25,"CATCH_SKM":44.759998,"DIS_AV_CMS":0.009,"ORD_STRA":1,"ORD_FLOW":9},"geometry":{"type":"LineString","coordinates":[[43.67499999999896,30.091666666666363],[43.681249999998954,30.0979166666664],[43.681249999998954,30.10208333333305],[43.68541666666559,30.10624999999971],[43.68958333333225,30.10624999999971],[43.69791666666558,30.114583333333023],[43.70208333333224,30.114583333333023],[43.71041666666554,30.12291666666639],[43.71041666666554,30.131249999999703],[43.714583333332286,30.13541666666641],[43.714583333332286,30.139583333333057]]}},{"type":"Feature","properties":{"HYRIV_ID":20789512,"NEXT_DOWN":20789513,"MAIN_RIV":20785283,"LENGTH_KM":2.4200001,"CATCH_SKM":14.67,"DIS_AV_CMS":0.003,"ORD_STRA":1,"ORD_FLOW":9},"geometry":{"type":"LineString","coordinates":[[43.74999999999889,30.0979166666664],[43.76458333333227,30.0979166666664],[43.76874999999893,30.093749999999737],[43.772916666665594,30.093749999999737]]}},{"type":"Feature","properties":{"HYRIV_ID":20789513,"NEXT_DOWN":20789372,"MAIN_RIV":20785283,"LENGTH_KM":4.0500002,"CATCH_SKM":11.51,"DIS_AV_CMS":0.016,"ORD_STRA":2,"ORD_FLOW":8},"geometry":{"type":"LineString","coordinates":[[43.772916666665594,30.093749999999737],[43.78124999999892,30.10208333333305],[43.79374999999888,30.10208333333305],[43.79791666666563,30.10624999999971],[43.80208333333229,30.10624999999971],[43.806249999998954,30.10208333333305]]}},{"type":"Feature","properties":{"HYRIV_ID":20789514,"NEXT_DOWN":20789103,"MAIN_RIV":20785283,"LENGTH_KM":3.31,"CATCH_SKM":23.780001,"DIS_AV_CMS":0.005,"ORD_STRA":1,"ORD_FLOW":9},"geometry":{"type":"LineString","coordinates":[[43.8687499999989,30.091666666666363],[43.8687499999989,30.0979166666664],[43.87708333333222,30.10624999999971],[43.87708333333222,30.11874999999973]]}},{"type":"Feature","properties":{"HYRIV_ID":20789515,"NEXT_DOWN":20789436,"MAIN_RIV":20785283,"LENGTH_KM":0.69,"CATCH_SKM":10.59,"DIS_AV_CMS":0.002,"ORD_STRA":1,"ORD_FLOW":9},"geometry":{"type":"LineString","coordinates":[[43.93541666666562,30.091666666666363],[43.93541666666562,30.0979166666664]]}},{"type":"Feature","properties":{"HYRIV_ID":20789595,"NEXT_DOWN":20789432,"MAIN_RIV":20785732,"LENGTH_KM":2.61,"CATCH_SKM":15.42,"DIS_AV_CMS":0.003,"ORD_STRA":1,"ORD_FLOW":9},"geometry":{"type":"LineString","coordinates":[[42.94166666666564,30.0874999999997],[42.947916666665634,30.093749999999737],[42.9520833333323,30.08958333333303],[42.95624999999893,30.093749999999737],[42.95624999999893,30.0979166666664]]}},{"type":"Feature","properties":{"HYRIV_ID":20789596,"NEXT_DOWN":20789433,"MAIN_RIV":20785732,"LENGTH_KM":1.38,"CATCH_SKM":11.52,"DIS_AV_CMS":0.002,"ORD_STRA":1,"ORD_FLOW":9},"geometry":{"type":"LineString","coordinates":[[43.02499999999898,30.0874999999997],[43.0187499999989,30.093749999999737],[43.0187499999989,30.0979166666664]]}},{"type":"Feature","properties":{"HYRIV_ID":20789597,"NEXT_DOWN":20789435,"MAIN_RIV":20785605,"LENGTH_KM":1.08,"CATCH_SKM":2.04,"DIS_AV_CMS":0.013,"ORD_STRA":2,"ORD_FLOW":8},"geometry":{"type":"LineString","coordinates":[[43.43958333333225,30.08958333333303],[43.443749999998914,30.093749999999737],[43.443749999998914,30.0979166666664]]}},{"type":"Feature","properties":{"HYRIV_ID":20789598,"NEXT_DOWN":20789103,"MAIN_RIV":20785283,"LENGTH_KM":5.02,"CATCH_SKM":20.25,"DIS_AV_CMS":0.004,"ORD_STRA":1,"ORD_FLOW":9},"geometry":{"type":"LineString","coordinates":[[43.84791666666561,30.0874999999997],[43.84791666666561,30.093749999999737],[43.852083333332274,30.0979166666664],[43.852083333332274,30.10208333333305],[43.85624999999894,30.10624999999971],[43.8604166666656,30.10624999999971],[43.87291666666556,30.11874999999973],[43.87708333333222,30.11874999999973]]}},{"type":"Feature","properties":{"HYRIV_ID":20789686,"NEXT_DOWN":20788025,"MAIN_RIV":20786550,"LENGTH_KM":17.709999,"CATCH_SKM":66.290001,"DIS_AV_CMS":0.017,"ORD_STRA":1,"ORD_FLOW":8},"geometry":{"type":"LineString","coordinates":[[42.28958333333233,30.08333333333305],[42.28958333333233,30.08958333333303],[42.29791666666566,30.0979166666664],[42.31041666666562,30.0979166666664],[42.31458333333228,30.10208333333305],[42.31874999999894,30.0979166666664],[42.32708333333224,30.10624999999971],[42.32708333333224,30.110416666666417],[42.33541666666565,30.11874999999973],[42.339583333332314,30.11874999999973],[42.34374999999898,30.12291666666639],[42.3604166666656,30.12291666666639],[42.36458333333226,30.12708333333304],[42.36458333333226,30.13541666666641],[42.368749999998926,30.139583333333057],[42.36458333333226,30.14374999999972],[42.368749999998926,30.147916666666383],[42.36458333333226,30.15208333333303],[42.368749999998926,30.156249999999694],[42.368749999998926,30.1604166666664],[42.37291666666559,30.16458333333305],[42.37291666666559,30.16874999999971],[42.368749999998926,30.172916666666417],[42.37291666666559,30.177083333333066],[42.37291666666559,30.18124999999973]]}},{"type":"Feature","properties":{"HYRIV_ID":20789687,"NEXT_DOWN":20789433,"MAIN_RIV":20785732,"LENGTH_KM":1.92,"CATCH_SKM":23.41,"DIS_AV_CMS":0.005,"ORD_STRA":1,"ORD_FLOW":9},"geometry":{"type":"LineString","coordinates":[[43.01041666666558,30.08333333333305],[43.01041666666558,30.08958333333303],[43.0187499999989,30.0979166666664]]}},{"type":"Feature","properties":{"HYRIV_ID":20789688,"NEXT_DOWN":20789311,"MAIN_RIV":20786551,"LENGTH_KM":10.34,"CATCH_SKM":46.619999,"DIS_AV_CMS":0.009,"ORD_STRA":1,"ORD_FLOW":9},"geometry":{"type":"LineString","coordinates":[[43.212499999998954,30.08958333333303],[43.2020833333323,30.08958333333303],[43.197916666665634,30.085416666666383],[43.193749999998886,30.08958333333303],[43.18958333333222,30.08958333333303],[43.17708333333226,30.10208333333305],[43.16874999999894,30.10208333333305],[43.164583333332274,30.0979166666664],[43.16041666666564,30.10208333333305],[43.15624999999898,30.10208333333305],[43.152083333332314,30.10624999999971],[43.1437499999989,30.10624999999971],[43.13958333333224,30.110416666666417],[43.13541666666558,30.10624999999971],[43.12708333333228,30.10624999999971]]}},{"type":"Feature","properties":{"HYRIV_ID":20789689,"NEXT_DOWN":20788914,"MAIN_RIV":20786272,"LENGTH_KM":8.2200003,"CATCH_SKM":41.599998,"DIS_AV_CMS":0.008,"ORD_STRA":1,"ORD_FLOW":9},"geometry":{"type":"LineString","coordinates":[[43.26249999999894,30.08333333333305],[43.272916666665566,30.093749999999737],[43.272916666665566,30.0979166666664],[43.277083333332314,30.10208333333305],[43.28124999999898,30.0979166666664],[43.28541666666564,30.10208333333305],[43.2895833333323,30.10208333333305],[43.29374999999894,30.10624999999971],[43.29374999999894,30.110416666666417],[43.30208333333226,30.11874999999973],[43.30208333333226,30.12291666666639],[43.31041666666559,30.131249999999703]]}},{"type":"Feature","properties":{"HYRIV_ID":20789811,"NEXT_DOWN":20789812,"MAIN_RIV":20789101,"LENGTH_KM":4.5500002,"CATCH_SKM":31.389999,"DIS_AV_CMS":0.005,"ORD_STRA":1,"ORD_FLOW":9},"geometry":{"type":"LineString","coordinates":[[42.49999999999892,30.091666666666363],[42.51041666666555,30.08124999999972],[42.527083333332286,30.08124999999972],[42.53124999999895,30.077083333333057],[42.539583333332246,30.077083333333057]]}},{"type":"Feature","properties":{"HYRIV_ID":20789812,"NEXT_DOWN":20789101,"MAIN_RIV":20789101,"LENGTH_KM":5.9299998,"CATCH_SKM":26.559999,"DIS_AV_CMS":0.036,"ORD_STRA":2,"ORD_FLOW":8},"geometry":{"type":"LineString","coordinates":[[42.539583333332246,30.077083333333057],[42.543749999998994,30.08124999999972],[42.54791666666566,30.08124999999972],[42.56458333333228,30.0979166666664],[42.56458333333228,30.10208333333305],[42.56874999999894,30.10624999999971],[42.56874999999894,30.11874999999973]]}},{"type":"Feature","properties":{"HYRIV_ID":20789813,"NEXT_DOWN":20789597,"MAIN_RIV":20785605,"LENGTH_KM":1.92,"CATCH_SKM":11.89,"DIS_AV_CMS":0.002,"ORD_STRA":1,"ORD_FLOW":9},"geometry":{"type":"LineString","coordinates":[[43.44791666666558,30.074999999999726],[43.44791666666558,30.08124999999972],[43.43958333333225,30.08958333333303]]}},{"type":"Feature","properties":{"HYRIV_ID":20789889,"NEXT_DOWN":20789367,"MAIN_RIV":20779691,"LENGTH_KM":4.0900002,"CATCH_SKM":14.67,"DIS_AV_CMS":0.0,"ORD_STRA":4,"ORD_FLOW":10},"geometry":{"type":"LineString","coordinates":[[42.12291666666556,30.072916666666394],[42.12708333333231,30.077083333333057],[42.12708333333231,30.08124999999972],[42.13124999999897,30.085416666666383],[42.135416666665634,30.085416666666383],[42.1395833333323,30.08958333333303],[42.1395833333323,30.10208333333305]]}},{"type":"Feature","properties":{"HYRIV_ID":20789890,"NEXT_DOWN":20790027,"MAIN_RIV":20788341,"LENGTH_KM":4.62,"CATCH_SKM":31.379999,"DIS_AV_CMS":0.005,"ORD_STRA":1,"ORD_FLOW":9},"geometry":{"type":"LineString","coordinates":[[42.62291666666559,30.10416666666638],[42.62291666666559,30.0979166666664],[42.62708333333225,30.093749999999737],[42.631249999998914,30.093749999999737],[42.64374999999896,30.08124999999972],[42.64374999999896,30.077083333333057],[42.64791666666562,30.072916666666394]]}},{"type":"Feature","properties":{"HYRIV_ID":20789951,"NEXT_DOWN":20788699,"MAIN_RIV":20786551,"LENGTH_KM":10.63,"CATCH_SKM":28.42,"DIS_AV_CMS":0.029,"ORD_STRA":2,"ORD_FLOW":8},"geometry":{"type":"LineString","coordinates":[[43.072916666665634,30.068749999999746],[43.06874999999897,30.068749999999746],[43.06458333333231,30.072916666666394],[43.06041666666556,30.072916666666394],[43.06041666666556,30.085416666666383],[43.056249999998926,30.08958333333303],[43.056249999998926,30.093749999999737],[43.05208333333226,30.0979166666664],[43.05208333333226,30.10208333333305],[43.06041666666556,30.110416666666417],[43.06041666666556,30.114583333333023],[43.06458333333231,30.11874999999973],[43.06458333333231,30.12708333333304],[43.08124999999896,30.14374999999972]]}},{"type":"Feature","properties":{"HYRIV_ID":20789952,"NEXT_DOWN":20789597,"MAIN_RIV":20785605,"LENGTH_KM":2.62,"CATCH_SKM":8.54,"DIS_AV_CMS":0.01,"ORD_STRA":2,"ORD_FLOW":8},"geometry":{"type":"LineString","coordinates":[[43.431249999998926,30.068749999999746],[43.431249999998926,30.08124999999972],[43.43958333333225,30.08958333333303]]}},{"type":"Feature","properties":{"HYRIV_ID":20789953,"NEXT_DOWN":20789372,"MAIN_RIV":20785283,"LENGTH_KM":3.86,"CATCH_SKM":9.29,"DIS_AV_CMS":0.015,"ORD_STRA":2,"ORD_FLOW":8},"geometry":{"type":"LineString","coordinates":[[43.80208333333229,30.068749999999746],[43.80208333333229,30.08124999999972],[43.806249999998954,30.085416666666383],[43.806249999998954,30.10208333333305]]}},{"type":"Feature","properties":{"HYRIV_ID":20790023,"NEXT_DOWN":20790024,"MAIN_RIV":20779691,"LENGTH_KM":1.61,"CATCH_SKM":18.209999,"DIS_AV_CMS":0.018,"ORD_STRA":1,"ORD_FLOW":8},"geometry":{"type":"LineString","coordinates":[[42.02916666666559,30.068749999999746],[42.03541666666567,30.068749999999746],[42.0395833333323,30.06458333333304],[42.043749999998965,30.06458333333304]]}},{"type":"Feature","properties":{"HYRIV_ID":20790024,"NEXT_DOWN":20790025,"MAIN_RIV":20779691,"LENGTH_KM":10.28,"CATCH_SKM":40.490002,"DIS_AV_CMS":0.077,"ORD_STRA":2,"ORD_FLOW":8},"geometry":{"type":"LineString","coordinates":[[42.043749999998965,30.06458333333304],[42.056249999998954,30.077083333333057],[42.056249999998954,30.085416666666383],[42.06041666666562,30.08958333333303],[42.068749999998914,30.08958333333303],[42.07291666666566,30.085416666666383],[42.077083333332325,30.085416666666383],[42.08541666666565,30.077083333333057],[42.089583333332314,30.077083333333057],[42.09374999999895,30.08124999999972],[42.1104166666656,30.06458333333304],[42.11458333333226,30.06458333333304]]}},{"type":"Feature","properties":{"HYRIV_ID":20790025,"NEXT_DOWN":20789889,"MAIN_RIV":20779691,"LENGTH_KM":1.23,"CATCH_SKM":2.4200001,"DIS_AV_CMS":0.0,"ORD_STRA":4,"ORD_FLOW":10},"geometry":{"type":"LineString","coordinates":[[42.11458333333226,30.06458333333304],[42.12291666666556,30.072916666666394]]}},{"type":"Feature","properties":{"HYRIV_ID":20790026,"NEXT_DOWN":20788338,"MAIN_RIV":20779691,"LENGTH_KM":13.27,"CATCH_SKM":61.48,"DIS_AV_CMS":0.048,"ORD_STRA":1,"ORD_FLOW":8},"geometry":{"type":"LineString","coordinates":[[42.22499999999894,30.06249999999971],[42.23124999999894,30.068749999999746],[42.23124999999894,30.077083333333057],[42.2354166666656,30.08124999999972],[42.23958333333226,30.08124999999972],[42.24374999999901,30.085416666666383],[42.24374999999901,30.11874999999973],[42.23958333333226,30.12291666666639],[42.2354166666656,30.12291666666639],[42.2354166666656,30.12708333333304],[42.23124999999894,30.131249999999703],[42.23124999999894,30.13541666666641],[42.227083333332274,30.139583333333057],[42.227083333332274,30.147916666666383],[42.23124999999894,30.15208333333303],[42.23124999999894,30.16458333333305]]}},{"type":"Feature","properties":{"HYRIV_ID":20790027,"NEXT_DOWN":20790028,"MAIN_RIV":20788341,"LENGTH_KM":4.0300002,"CATCH_SKM":17.280001,"DIS_AV_CMS":0.014,"ORD_STRA":2,"ORD_FLOW":8},"geometry":{"type":"LineString","coordinates":[[42.64791666666562,30.072916666666394],[42.652083333332286,30.068749999999746],[42.65624999999895,30.068749999999746],[42.66041666666561,30.06458333333304],[42.685416666665645,30.06458333333304]]}},{"type":"Feature","properties":{"HYRIV_ID":20790028,"NEXT_DOWN":20788913,"MAIN_RIV":20788341,"LENGTH_KM":8.46,"CATCH_SKM":35.099998,"DIS_AV_CMS":0.037,"ORD_STRA":3,"ORD_FLOW":8},"geometry":{"type":"LineString","coordinates":[[42.685416666665645,30.06458333333304],[42.69374999999894,30.072916666666394],[42.69374999999894,30.077083333333057],[42.68958333333231,30.08124999999972],[42.68958333333231,30.085416666666383],[42.69374999999894,30.08958333333303],[42.69374999999894,30.10624999999971],[42.68958333333231,30.110416666666417],[42.68958333333231,30.11874999999973],[42.69374999999894,30.12291666666639],[42.69374999999894,30.12708333333304],[42.68958333333231,30.131249999999703]]}},{"type":"Feature","properties":{"HYRIV_ID":20790081,"NEXT_DOWN":20790027,"MAIN_RIV":20788341,"LENGTH_KM":7.9899998,"CATCH_SKM":37.720001,"DIS_AV_CMS":0.006,"ORD_STRA":1,"ORD_FLOW":9},"geometry":{"type":"LineString","coordinates":[[42.5791666666656,30.06249999999971],[42.585416666665594,30.068749999999746],[42.59374999999889,30.068749999999746],[42.59791666666564,30.06458333333304],[42.606249999998965,30.06458333333304],[42.61041666666563,30.060416666666377],[42.61458333333226,30.06458333333304],[42.62291666666559,30.06458333333304],[42.62708333333225,30.068749999999746],[42.6395833333323,30.068749999999746],[42.64374999999896,30.072916666666394],[42.64791666666562,30.072916666666394]]}},{"type":"Feature","properties":{"HYRIV_ID":20790082,"NEXT_DOWN":20789311,"MAIN_RIV":20786551,"LENGTH_KM":6.79,"CATCH_SKM":15.79,"DIS_AV_CMS":0.009,"ORD_STRA":2,"ORD_FLOW":9},"geometry":{"type":"LineString","coordinates":[[43.152083333332314,30.060416666666377],[43.14791666666565,30.06458333333304],[43.14791666666565,30.068749999999746],[43.13958333333224,30.068749999999746],[43.13541666666558,30.072916666666394],[43.13541666666558,30.077083333333057],[43.13124999999894,30.08124999999972],[43.13541666666558,30.085416666666383],[43.13541666666558,30.08958333333303],[43.12708333333228,30.0979166666664],[43.12708333333228,30.10624999999971]]}},{"type":"Feature","properties":{"HYRIV_ID":20790156,"NEXT_DOWN":20789172,"MAIN_RIV":20785283,"LENGTH_KM":7.3800001,"CATCH_SKM":15.42,"DIS_AV_CMS":0.042,"ORD_STRA":2,"ORD_FLOW":8},"geometry":{"type":"LineString","coordinates":[[43.943749999998914,30.05624999999973],[43.943749999998914,30.077083333333057],[43.94791666666558,30.08124999999972],[43.94791666666558,30.085416666666383],[43.95208333333224,30.08958333333303],[43.94791666666558,30.093749999999737],[43.94791666666558,30.0979166666664],[43.95208333333224,30.10208333333305],[43.95208333333224,30.10624999999971],[43.9562499999989,30.110416666666417],[43.95208333333224,30.114583333333023]]}},{"type":"Feature","properties":{"HYRIV_ID":20790220,"NEXT_DOWN":20790221,"MAIN_RIV":20788275,"LENGTH_KM":3.12,"CATCH_SKM":22.66,"DIS_AV_CMS":0.005,"ORD_STRA":1,"ORD_FLOW":9},"geometry":{"type":"LineString","coordinates":[[42.322916666665606,30.06666666666637],[42.322916666665606,30.060416666666377],[42.3312499999989,30.052083333333066],[42.34374999999898,30.052083333333066]]}},{"type":"Feature","properties":{"HYRIV_ID":20790221,"NEXT_DOWN":20789239,"MAIN_RIV":20788275,"LENGTH_KM":14.69,"CATCH_SKM":58.509998,"DIS_AV_CMS":0.042,"ORD_STRA":2,"ORD_FLOW":8},"geometry":{"type":"LineString","coordinates":[[42.34374999999898,30.052083333333066],[42.34791666666564,30.05624999999973],[42.368749999998926,30.05624999999973],[42.37291666666559,30.060416666666377],[42.37708333333225,30.060416666666377],[42.381249999998886,30.06458333333304],[42.385416666665634,30.06458333333304],[42.3895833333323,30.068749999999746],[42.39791666666562,30.068749999999746],[42.402083333332286,30.072916666666394],[42.418749999998994,30.072916666666394],[42.431249999998954,30.085416666666383],[42.43958333333228,30.085416666666383],[42.44374999999894,30.08958333333303],[42.447916666665606,30.08958333333303],[42.45208333333227,30.093749999999737],[42.45208333333227,30.0979166666664],[42.45624999999893,30.10208333333305],[42.45208333333227,30.10624999999971],[42.45208333333227,30.110416666666417]]}},{"type":"Feature","properties":{"HYRIV_ID":20790222,"NEXT_DOWN":20790082,"MAIN_RIV":20786551,"LENGTH_KM":1.31,"CATCH_SKM":11.71,"DIS_AV_CMS":0.002,"ORD_STRA":1,"ORD_FLOW":9},"geometry":{"type":"LineString","coordinates":[[43.14791666666565,30.049999999999734],[43.14791666666565,30.05624999999973],[43.152083333332314,30.060416666666377]]}},{"type":"Feature","properties":{"HYRIV_ID":20790223,"NEXT_DOWN":20789952,"MAIN_RIV":20785605,"LENGTH_KM":2.61,"CATCH_SKM":21.18,"DIS_AV_CMS":0.004,"ORD_STRA":1,"ORD_FLOW":9},"geometry":{"type":"LineString","coordinates":[[43.416666666665634,30.049999999999734],[43.42708333333226,30.060416666666377],[43.42708333333226,30.06458333333304],[43.431249999998926,30.068749999999746]]}},{"type":"Feature","properties":{"HYRIV_ID":20790224,"NEXT_DOWN":20790683,"MAIN_RIV":20790683,"LENGTH_KM":7.27,"CATCH_SKM":42.720001,"DIS_AV_CMS":0.009,"ORD_STRA":1,"ORD_FLOW":9},"geometry":{"type":"LineString","coordinates":[[43.6124999999989,30.08958333333303],[43.602083333332274,30.08958333333303],[43.59374999999895,30.08124999999972],[43.59374999999895,30.077083333333057],[43.602083333332274,30.068749999999746],[43.602083333332274,30.06458333333304],[43.60624999999891,30.060416666666377],[43.60624999999891,30.05624999999973],[43.61041666666557,30.052083333333066],[43.62291666666556,30.052083333333066]]}},{"type":"Feature","properties":{"HYRIV_ID":20790225,"NEXT_DOWN":20790683,"MAIN_RIV":20790683,"LENGTH_KM":0.69,"CATCH_SKM":14.86,"DIS_AV_CMS":0.003,"ORD_STRA":1,"ORD_FLOW":9},"geometry":{"type":"LineString","coordinates":[[43.62291666666556,30.05833333333306],[43.62291666666556,30.052083333333066]]}},{"type":"Feature","properties":{"HYRIV_ID":20790288,"NEXT_DOWN":20790024,"MAIN_RIV":20779691,"LENGTH_KM":3.45,"CATCH_SKM":24.16,"DIS_AV_CMS":0.024,"ORD_STRA":1,"ORD_FLOW":8},"geometry":{"type":"LineString","coordinates":[[42.0166666666656,30.047916666666403],[42.022916666665594,30.047916666666403],[42.03541666666567,30.060416666666377],[42.0395833333323,30.060416666666377],[42.043749999998965,30.06458333333304]]}},{"type":"Feature","properties":{"HYRIV_ID":20790289,"NEXT_DOWN":20790291,"MAIN_RIV":20790291,"LENGTH_KM":11.69,"CATCH_SKM":61.130001,"DIS_AV_CMS":0.011,"ORD_STRA":1,"ORD_FLOW":8},"geometry":{"type":"LineString","coordinates":[[42.72083333333222,30.045833333333043],[42.731249999998965,30.05624999999973],[42.73958333333229,30.05624999999973],[42.743749999998954,30.060416666666377],[42.77291666666562,30.060416666666377],[42.777083333332286,30.06458333333304],[42.78124999999895,30.060416666666377],[42.79374999999894,30.060416666666377],[42.79791666666557,30.06458333333304],[42.802083333332234,30.060416666666377],[42.81458333333231,30.060416666666377],[42.81874999999897,30.05624999999973],[42.81874999999897,30.052083333333066]]}},{"type":"Feature","properties":{"HYRIV_ID":20790290,"NEXT_DOWN":20790291,"MAIN_RIV":20790291,"LENGTH_KM":0.61,"CATCH_SKM":0.56,"DIS_AV_CMS":0.025,"ORD_STRA":2,"ORD_FLOW":8},"geometry":{"type":"LineString","coordinates":[[42.81458333333231,30.047916666666403],[42.81874999999897,30.052083333333066]]}},{"type":"Feature","properties":{"HYRIV_ID":20790291,"NEXT_DOWN":0,"MAIN_RIV":20790291,"LENGTH_KM":1.01,"CATCH_SKM":1.3,"DIS_AV_CMS":0.035,"ORD_STRA":2,"ORD_FLOW":8},"geometry":{"type":"LineString","coordinates":[[42.81874999999897,30.052083333333066],[42.822916666665606,30.052083333333066],[42.82708333333227,30.047916666666403]]}},{"type":"Feature","properties":{"HYRIV_ID":20790292,"NEXT_DOWN":0,"MAIN_RIV":20790292,"LENGTH_KM":0.92,"CATCH_SKM":14.68,"DIS_AV_CMS":0.003,"ORD_STRA":1,"ORD_FLOW":9},"geometry":{"type":"LineString","coordinates":[[42.83333333333226,30.054166666666397],[42.82708333333227,30.047916666666403]]}},{"type":"Feature","properties":{"HYRIV_ID":20790293,"NEXT_DOWN":20790082,"MAIN_RIV":20786551,"LENGTH_KM":2.0,"CATCH_SKM":18.209999,"DIS_AV_CMS":0.004,"ORD_STRA":1,"ORD_FLOW":9},"geometry":{"type":"LineString","coordinates":[[43.16249999999894,30.045833333333043],[43.15624999999898,30.052083333333066],[43.15624999999898,30.05624999999973],[43.152083333332314,30.060416666666377]]}},{"type":"Feature","properties":{"HYRIV_ID":20790294,"NEXT_DOWN":20788914,"MAIN_RIV":20786272,"LENGTH_KM":12.42,"CATCH_SKM":65.580002,"DIS_AV_CMS":0.013,"ORD_STRA":1,"ORD_FLOW":8},"geometry":{"type":"LineString","coordinates":[[43.324999999998965,30.045833333333043],[43.33124999999896,30.052083333333066],[43.33124999999896,30.05624999999973],[43.33541666666562,30.05624999999973],[43.339583333332286,30.060416666666377],[43.339583333332286,30.06458333333304],[43.34791666666558,30.072916666666394],[43.339583333332286,30.08124999999972],[43.33124999999896,30.08124999999972],[43.3270833333323,30.085416666666383],[43.3270833333323,30.093749999999737],[43.32291666666555,30.0979166666664],[43.32291666666555,30.10208333333305],[43.318749999998886,30.10624999999971],[43.318749999998886,30.110416666666417],[43.31041666666559,30.11874999999973],[43.31041666666559,30.131249999999703]]}},{"type":"Feature","properties":{"HYRIV_ID":20790410,"NEXT_DOWN":20789952,"MAIN_RIV":20785605,"LENGTH_KM":4.0700002,"CATCH_SKM":20.629999,"DIS_AV_CMS":0.004,"ORD_STRA":1,"ORD_FLOW":9},"geometry":{"type":"LineString","coordinates":[[43.44791666666558,30.037499999999717],[43.44791666666558,30.047916666666403],[43.443749999998914,30.052083333333066],[43.443749999998914,30.05624999999973],[43.431249999998926,30.068749999999746]]}},{"type":"Feature","properties":{"HYRIV_ID":20790411,"NEXT_DOWN":20789513,"MAIN_RIV":20785283,"LENGTH_KM":8.29,"CATCH_SKM":20.059999,"DIS_AV_CMS":0.011,"ORD_STRA":2,"ORD_FLOW":8},"geometry":{"type":"LineString","coordinates":[[43.7437499999989,30.03958333333305],[43.7437499999989,30.047916666666403],[43.75208333333231,30.05624999999973],[43.75208333333231,30.060416666666377],[43.75624999999897,30.06458333333304],[43.760416666665634,30.060416666666377],[43.772916666665594,30.072916666666394],[43.76874999999893,30.077083333333057],[43.76874999999893,30.08124999999972],[43.772916666665594,30.085416666666383],[43.772916666665594,30.093749999999737]]}},{"type":"Feature","properties":{"HYRIV_ID":20790475,"NEXT_DOWN":20790025,"MAIN_RIV":20779691,"LENGTH_KM":3.24,"CATCH_SKM":21.549999,"DIS_AV_CMS":0.0,"ORD_STRA":4,"ORD_FLOW":10},"geometry":{"type":"LineString","coordinates":[[42.11458333333226,30.035416666666386],[42.11458333333226,30.06458333333304]]}},{"type":"Feature","properties":{"HYRIV_ID":20790476,"NEXT_DOWN":20790411,"MAIN_RIV":20785283,"LENGTH_KM":1.3200001,"CATCH_SKM":15.98,"DIS_AV_CMS":0.003,"ORD_STRA":1,"ORD_FLOW":9},"geometry":{"type":"LineString","coordinates":[[43.73333333333227,30.033333333333054],[43.739583333332234,30.03958333333305],[43.7437499999989,30.03958333333305]]}},{"type":"Feature","properties":{"HYRIV_ID":20790477,"NEXT_DOWN":20789953,"MAIN_RIV":20785283,"LENGTH_KM":5.31,"CATCH_SKM":27.879999,"DIS_AV_CMS":0.006,"ORD_STRA":1,"ORD_FLOW":9},"geometry":{"type":"LineString","coordinates":[[43.77083333333226,30.033333333333054],[43.78124999999892,30.04374999999971],[43.78124999999892,30.047916666666403],[43.78541666666558,30.052083333333066],[43.78541666666558,30.05624999999973],[43.78958333333222,30.060416666666377],[43.79374999999888,30.060416666666377],[43.80208333333229,30.068749999999746]]}},{"type":"Feature","properties":{"HYRIV_ID":20790550,"NEXT_DOWN":20789889,"MAIN_RIV":20779691,"LENGTH_KM":8.29,"CATCH_SKM":42.0,"DIS_AV_CMS":0.038,"ORD_STRA":1,"ORD_FLOW":8},"geometry":{"type":"LineString","coordinates":[[42.17916666666562,30.031249999999737],[42.17291666666563,30.031249999999737],[42.168749999998994,30.035416666666386],[42.168749999998994,30.03958333333305],[42.16458333333233,30.04374999999971],[42.16458333333233,30.047916666666403],[42.15624999999892,30.05624999999973],[42.15208333333226,30.05624999999973],[42.147916666665594,30.060416666666377],[42.1395833333323,30.060416666666377],[42.135416666665634,30.06458333333304],[42.12708333333231,30.06458333333304],[42.12291666666556,30.068749999999746],[42.12291666666556,30.072916666666394]]}},{"type":"Feature","properties":{"HYRIV_ID":20790551,"NEXT_DOWN":20789812,"MAIN_RIV":20789101,"LENGTH_KM":6.25,"CATCH_SKM":26.57,"DIS_AV_CMS":0.028,"ORD_STRA":2,"ORD_FLOW":8},"geometry":{"type":"LineString","coordinates":[[42.5145833333323,30.031249999999737],[42.51874999999896,30.035416666666386],[42.51874999999896,30.03958333333305],[42.52291666666562,30.04374999999971],[42.527083333332286,30.04374999999971],[42.53124999999895,30.047916666666403],[42.53124999999895,30.052083333333066],[42.53541666666561,30.05624999999973],[42.53541666666561,30.072916666666394],[42.539583333332246,30.077083333333057]]}},{"type":"Feature","properties":{"HYRIV_ID":20790552,"NEXT_DOWN":20789432,"MAIN_RIV":20785732,"LENGTH_KM":7.8600001,"CATCH_SKM":28.43,"DIS_AV_CMS":0.019,"ORD_STRA":3,"ORD_FLOW":8},"geometry":{"type":"LineString","coordinates":[[42.96874999999892,30.031249999999737],[42.96874999999892,30.035416666666386],[42.960416666665594,30.04374999999971],[42.960416666665594,30.093749999999737],[42.95624999999893,30.0979166666664]]}},{"type":"Feature","properties":{"HYRIV_ID":20790608,"NEXT_DOWN":20790552,"MAIN_RIV":20785732,"LENGTH_KM":0.46,"CATCH_SKM":0.19,"DIS_AV_CMS":0.007,"ORD_STRA":2,"ORD_FLOW":9},"geometry":{"type":"LineString","coordinates":[[42.96874999999892,30.02708333333303],[42.96874999999892,30.031249999999737]]}},{"type":"Feature","properties":{"HYRIV_ID":20790609,"NEXT_DOWN":20790610,"MAIN_RIV":20786551,"LENGTH_KM":1.0,"CATCH_SKM":11.34,"DIS_AV_CMS":0.002,"ORD_STRA":1,"ORD_FLOW":9},"geometry":{"type":"LineString","coordinates":[[43.0708333333323,30.02708333333303],[43.08124999999896,30.02708333333303]]}},{"type":"Feature","properties":{"HYRIV_ID":20790610,"NEXT_DOWN":20789951,"MAIN_RIV":20786551,"LENGTH_KM":5.1799998,"CATCH_SKM":15.98,"DIS_AV_CMS":0.014,"ORD_STRA":2,"ORD_FLOW":8},"geometry":{"type":"LineString","coordinates":[[43.08124999999896,30.02708333333303],[43.08124999999896,30.06458333333304],[43.0770833333323,30.068749999999746],[43.072916666665634,30.068749999999746]]}},{"type":"Feature","properties":{"HYRIV_ID":20790611,"NEXT_DOWN":20789435,"MAIN_RIV":20785605,"LENGTH_KM":12.48,"CATCH_SKM":47.93,"DIS_AV_CMS":0.018,"ORD_STRA":2,"ORD_FLOW":8},"geometry":{"type":"LineString","coordinates":[[43.51458333333227,30.02708333333303],[43.51458333333227,30.035416666666386],[43.51874999999893,30.03958333333305],[43.51874999999893,30.052083333333066],[43.50208333333228,30.068749999999746],[43.497916666665645,30.068749999999746],[43.4937499999989,30.072916666666394],[43.48541666666557,30.072916666666394],[43.48124999999891,30.077083333333057],[43.47291666666561,30.077083333333057],[43.45208333333221,30.0979166666664],[43.443749999998914,30.0979166666664]]}},{"type":"Feature","properties":{"HYRIV_ID":20790678,"NEXT_DOWN":20790679,"MAIN_RIV":20789101,"LENGTH_KM":0.69,"CATCH_SKM":11.52,"DIS_AV_CMS":0.002,"ORD_STRA":1,"ORD_FLOW":9},"geometry":{"type":"LineString","coordinates":[[42.418749999998994,30.029166666666406],[42.418749999998994,30.02291666666637]]}},{"type":"Feature","properties":{"HYRIV_ID":20790679,"NEXT_DOWN":20790551,"MAIN_RIV":20789101,"LENGTH_KM":12.61,"CATCH_SKM":55.380001,"DIS_AV_CMS":0.021,"ORD_STRA":2,"ORD_FLOW":8},"geometry":{"type":"LineString","coordinates":[[42.418749999998994,30.02291666666637],[42.42708333333232,30.031249999999737],[42.43541666666562,30.031249999999737],[42.45624999999893,30.052083333333066],[42.460416666665566,30.047916666666403],[42.47291666666564,30.047916666666403],[42.4770833333323,30.052083333333066],[42.49791666666559,30.031249999999737],[42.50208333333225,30.035416666666386],[42.506249999998914,30.035416666666386],[42.51041666666555,30.031249999999737],[42.5145833333323,30.031249999999737]]}},{"type":"Feature","properties":{"HYRIV_ID":20790680,"NEXT_DOWN":20790290,"MAIN_RIV":20790291,"LENGTH_KM":4.4299998,"CATCH_SKM":17.1,"DIS_AV_CMS":0.016,"ORD_STRA":2,"ORD_FLOW":8},"geometry":{"type":"LineString","coordinates":[[42.83958333333226,30.02291666666637],[42.835416666665594,30.02708333333303],[42.822916666665606,30.02708333333303],[42.81458333333231,30.035416666666386],[42.81458333333231,30.047916666666403]]}},{"type":"Feature","properties":{"HYRIV_ID":20790681,"NEXT_DOWN":20790608,"MAIN_RIV":20785732,"LENGTH_KM":1.3200001,"CATCH_SKM":11.52,"DIS_AV_CMS":0.002,"ORD_STRA":1,"ORD_FLOW":9},"geometry":{"type":"LineString","coordinates":[[42.95833333333226,30.020833333333037],[42.96458333333234,30.02708333333303],[42.96874999999892,30.02708333333303]]}},{"type":"Feature","properties":{"HYRIV_ID":20790682,"NEXT_DOWN":20790611,"MAIN_RIV":20785605,"LENGTH_KM":1.62,"CATCH_SKM":12.82,"DIS_AV_CMS":0.003,"ORD_STRA":1,"ORD_FLOW":9},"geometry":{"type":"LineString","coordinates":[[43.49999999999895,30.02291666666637],[43.50624999999894,30.02291666666637],[43.510416666665606,30.02708333333303],[43.51458333333227,30.02708333333303]]}},{"type":"Feature","properties":{"HYRIV_ID":20790683,"NEXT_DOWN":0,"MAIN_RIV":20790683,"LENGTH_KM":3.6900001,"CATCH_SKM":5.7600002,"DIS_AV_CMS":0.013,"ORD_STRA":2,"ORD_FLOW":8},"geometry":{"type":"LineString","coordinates":[[43.62291666666556,30.052083333333066],[43.62708333333231,30.047916666666403],[43.62708333333231,30.04374999999971],[43.63124999999894,30.03958333333305],[43.63124999999894,30.02708333333303],[43.635416666665606,30.02291666666637]]}},{"type":"Feature","properties":{"HYRIV_ID":20790684,"NEXT_DOWN":0,"MAIN_RIV":20790684,"LENGTH_KM":2.61,"CATCH_SKM":23.23,"DIS_AV_CMS":0.005,"ORD_STRA":1,"ORD_FLOW":9},"geometry":{"type":"LineString","coordinates":[[43.649999999998926,30.041666666666423],[43.63958333333227,30.031249999999737],[43.63958333333227,30.02708333333303],[43.635416666665606,30.02291666666637]]}},{"type":"Feature","properties":{"HYRIV_ID":20790685,"NEXT_DOWN":20789436,"MAIN_RIV":20785283,"LENGTH_KM":13.65,"CATCH_SKM":37.91,"DIS_AV_CMS":0.008,"ORD_STRA":1,"ORD_FLOW":9},"geometry":{"type":"LineString","coordinates":[[43.85833333333227,30.020833333333037],[43.8687499999989,30.031249999999737],[43.87291666666556,30.031249999999737],[43.88124999999897,30.03958333333305],[43.88124999999897,30.04374999999971],[43.885416666665634,30.047916666666403],[43.8895833333323,30.047916666666403],[43.8895833333323,30.052083333333066],[43.89374999999893,30.05624999999973],[43.89374999999893,30.060416666666377],[43.897916666665594,30.06458333333304],[43.897916666665594,30.068749999999746],[43.90208333333226,30.072916666666394],[43.897916666665594,30.077083333333057],[43.90208333333226,30.08124999999972],[43.90208333333226,30.08958333333303],[43.90624999999892,30.093749999999737],[43.91874999999888,30.093749999999737],[43.92291666666554,30.0979166666664],[43.93541666666562,30.0979166666664]]}},{"type":"Feature","properties":{"HYRIV_ID":20790748,"NEXT_DOWN":20790679,"MAIN_RIV":20789101,"LENGTH_KM":0.61,"CATCH_SKM":0.74,"DIS_AV_CMS":0.013,"ORD_STRA":2,"ORD_FLOW":8},"geometry":{"type":"LineString","coordinates":[[42.414583333332246,30.01874999999972],[42.418749999998994,30.02291666666637]]}},{"type":"Feature","properties":{"HYRIV_ID":20790749,"NEXT_DOWN":20790551,"MAIN_RIV":20789101,"LENGTH_KM":1.77,"CATCH_SKM":20.450001,"DIS_AV_CMS":0.003,"ORD_STRA":1,"ORD_FLOW":9},"geometry":{"type":"LineString","coordinates":[[42.51874999999896,30.01666666666639],[42.51874999999896,30.02291666666637],[42.5145833333323,30.02708333333303],[42.5145833333323,30.031249999999737]]}},{"type":"Feature","properties":{"HYRIV_ID":20790750,"NEXT_DOWN":20790611,"MAIN_RIV":20785605,"LENGTH_KM":1.83,"CATCH_SKM":14.31,"DIS_AV_CMS":0.003,"ORD_STRA":1,"ORD_FLOW":9},"geometry":{"type":"LineString","coordinates":[[43.52916666666556,30.01874999999972],[43.522916666665594,30.01874999999972],[43.51458333333227,30.02708333333303]]}},{"type":"Feature","properties":{"HYRIV_ID":20790751,"NEXT_DOWN":0,"MAIN_RIV":20790751,"LENGTH_KM":1.42,"CATCH_SKM":3.72,"DIS_AV_CMS":0.007,"ORD_STRA":2,"ORD_FLOW":9},"geometry":{"type":"LineString","coordinates":[[43.62291666666556,30.01874999999972],[43.62708333333231,30.01874999999972],[43.63124999999894,30.02291666666637],[43.635416666665606,30.02291666666637]]}},{"type":"Feature","properties":{"HYRIV_ID":20790821,"NEXT_DOWN":20790610,"MAIN_RIV":20786551,"LENGTH_KM":1.84,"CATCH_SKM":9.4799995,"DIS_AV_CMS":0.008,"ORD_STRA":2,"ORD_FLOW":9},"geometry":{"type":"LineString","coordinates":[[43.09374999999892,30.014583333333057],[43.08124999999896,30.02708333333303]]}},{"type":"Feature","properties":{"HYRIV_ID":20790822,"NEXT_DOWN":20790611,"MAIN_RIV":20785605,"LENGTH_KM":1.62,"CATCH_SKM":12.64,"DIS_AV_CMS":0.003,"ORD_STRA":1,"ORD_FLOW":9},"geometry":{"type":"LineString","coordinates":[[43.51458333333227,30.012499999999726],[43.51458333333227,30.02708333333303]]}},{"type":"Feature","properties":{"HYRIV_ID":20790823,"NEXT_DOWN":20790751,"MAIN_RIV":20790751,"LENGTH_KM":0.69,"CATCH_SKM":12.08,"DIS_AV_CMS":0.002,"ORD_STRA":1,"ORD_FLOW":9},"geometry":{"type":"LineString","coordinates":[[43.62291666666556,30.012499999999726],[43.62291666666556,30.01874999999972]]}},{"type":"Feature","properties":{"HYRIV_ID":20790824,"NEXT_DOWN":20790411,"MAIN_RIV":20785283,"LENGTH_KM":3.3800001,"CATCH_SKM":20.450001,"DIS_AV_CMS":0.004,"ORD_STRA":1,"ORD_FLOW":9},"geometry":{"type":"LineString","coordinates":[[43.74583333333223,30.012499999999726],[43.739583333332234,30.01874999999972],[43.739583333332234,30.02291666666637],[43.7437499999989,30.02708333333303],[43.7437499999989,30.03958333333305]]}},{"type":"Feature","properties":{"HYRIV_ID":20790877,"NEXT_DOWN":20790878,"MAIN_RIV":20788275,"LENGTH_KM":1.38,"CATCH_SKM":12.45,"DIS_AV_CMS":0.003,"ORD_STRA":1,"ORD_FLOW":9},"geometry":{"type":"LineString","coordinates":[[42.30416666666562,30.020833333333037],[42.31041666666562,30.014583333333057],[42.31041666666562,30.010416666666394]]}},{"type":"Feature","properties":{"HYRIV_ID":20790878,"NEXT_DOWN":20790879,"MAIN_RIV":20788275,"LENGTH_KM":1.6,"CATCH_SKM":15.24,"DIS_AV_CMS":0.032,"ORD_STRA":2,"ORD_FLOW":8},"geometry":{"type":"LineString","coordinates":[[42.31041666666562,30.010416666666394],[42.32708333333224,30.010416666666394]]}},{"type":"Feature","properties":{"HYRIV_ID":20790879,"NEXT_DOWN":20790221,"MAIN_RIV":20788275,"LENGTH_KM":5.23,"CATCH_SKM":22.49,"DIS_AV_CMS":0.036,"ORD_STRA":2,"ORD_FLOW":8},"geometry":{"type":"LineString","coordinates":[[42.32708333333224,30.010416666666394],[42.33541666666565,30.01874999999972],[42.33541666666565,30.02291666666637],[42.339583333332314,30.02708333333303],[42.339583333332314,30.047916666666403],[42.34374999999898,30.052083333333066]]}},{"type":"Feature","properties":{"HYRIV_ID":20790880,"NEXT_DOWN":20790881,"MAIN_RIV":20788341,"LENGTH_KM":5.6500001,"CATCH_SKM":22.68,"DIS_AV_CMS":0.004,"ORD_STRA":1,"ORD_FLOW":9},"geometry":{"type":"LineString","coordinates":[[42.6083333333323,30.020833333333037],[42.618749999998926,30.031249999999737],[42.62291666666559,30.031249999999737],[42.62708333333225,30.02708333333303],[42.62708333333225,30.02291666666637],[42.63541666666558,30.014583333333057],[42.64374999999896,30.014583333333057],[42.64791666666562,30.010416666666394]]}},{"type":"Feature","properties":{"HYRIV_ID":20790881,"NEXT_DOWN":20790028,"MAIN_RIV":20788341,"LENGTH_KM":10.32,"CATCH_SKM":30.290001,"DIS_AV_CMS":0.019,"ORD_STRA":2,"ORD_FLOW":8},"geometry":{"type":"LineString","coordinates":[[42.64791666666562,30.010416666666394],[42.66874999999891,30.031249999999737],[42.67708333333232,30.031249999999737],[42.685416666665645,30.02291666666637],[42.69374999999894,30.031249999999737],[42.69374999999894,30.03958333333305],[42.68958333333231,30.04374999999971],[42.68958333333231,30.047916666666403],[42.685416666665645,30.052083333333066],[42.685416666665645,30.06458333333304]]}},{"type":"Feature","properties":{"HYRIV_ID":20790882,"NEXT_DOWN":20790821,"MAIN_RIV":20786551,"LENGTH_KM":2.02,"CATCH_SKM":17.290001,"DIS_AV_CMS":0.003,"ORD_STRA":1,"ORD_FLOW":9},"geometry":{"type":"LineString","coordinates":[[43.112499999998875,30.010416666666394],[43.10624999999891,30.010416666666394],[43.102083333332246,30.014583333333057],[43.09374999999892,30.014583333333057]]}},{"type":"Feature","properties":{"HYRIV_ID":20790883,"NEXT_DOWN":20790751,"MAIN_RIV":20790751,"LENGTH_KM":3.56,"CATCH_SKM":21.379999,"DIS_AV_CMS":0.004,"ORD_STRA":1,"ORD_FLOW":9},"geometry":{"type":"LineString","coordinates":[[43.59583333333228,30.020833333333037],[43.60624999999891,30.010416666666394],[43.61041666666557,30.010416666666394],[43.6187499999989,30.01874999999972],[43.62291666666556,30.01874999999972]]}},{"type":"Feature","properties":{"HYRIV_ID":20790884,"NEXT_DOWN":20789953,"MAIN_RIV":20785283,"LENGTH_KM":8.1400003,"CATCH_SKM":35.869999,"DIS_AV_CMS":0.007,"ORD_STRA":1,"ORD_FLOW":9},"geometry":{"type":"LineString","coordinates":[[43.80416666666562,30.008333333333063],[43.81458333333225,30.01874999999972],[43.806249999998954,30.02708333333303],[43.81041666666562,30.031249999999737],[43.806249999998954,30.035416666666386],[43.81041666666562,30.03958333333305],[43.81041666666562,30.04374999999971],[43.80208333333229,30.052083333333066],[43.80208333333229,30.068749999999746]]}},{"type":"Feature","properties":{"HYRIV_ID":20790936,"NEXT_DOWN":20790680,"MAIN_RIV":20790291,"LENGTH_KM":6.6100001,"CATCH_SKM":26.58,"DIS_AV_CMS":0.011,"ORD_STRA":2,"ORD_FLOW":8},"geometry":{"type":"LineString","coordinates":[[42.87708333333225,30.006249999999746],[42.87708333333225,30.010416666666394],[42.881249999998914,30.014583333333057],[42.881249999998914,30.01874999999972],[42.87708333333225,30.02291666666637],[42.87291666666562,30.02291666666637],[42.868749999998954,30.01874999999972],[42.86458333333229,30.02291666666637],[42.856249999998965,30.02291666666637],[42.85208333333222,30.01874999999972],[42.84374999999892,30.01874999999972],[42.83958333333226,30.02291666666637]]}},{"type":"Feature","properties":{"HYRIV_ID":20790937,"NEXT_DOWN":20791066,"MAIN_RIV":20791066,"LENGTH_KM":3.31,"CATCH_SKM":24.16,"DIS_AV_CMS":0.005,"ORD_STRA":1,"ORD_FLOW":9},"geometry":{"type":"LineString","coordinates":[[43.239583333332234,30.033333333333054],[43.239583333332234,30.02291666666637],[43.23124999999891,30.014583333333057],[43.23124999999891,30.006249999999746]]}},{"type":"Feature","properties":{"HYRIV_ID":20790997,"NEXT_DOWN":20790998,"MAIN_RIV":20788275,"LENGTH_KM":3.4300001,"CATCH_SKM":16.17,"DIS_AV_CMS":0.006,"ORD_STRA":1,"ORD_FLOW":9},"geometry":{"type":"LineString","coordinates":[[42.26666666666563,30.010416666666394],[42.27291666666562,30.010416666666394],[42.27708333333226,30.006249999999746],[42.28124999999892,30.006249999999746],[42.28541666666558,30.00208333333304],[42.29791666666566,30.00208333333304]]}},{"type":"Feature","properties":{"HYRIV_ID":20790998,"NEXT_DOWN":20790878,"MAIN_RIV":20788275,"LENGTH_KM":1.88,"CATCH_SKM":5.9499998,"DIS_AV_CMS":0.028,"ORD_STRA":2,"ORD_FLOW":8},"geometry":{"type":"LineString","coordinates":[[42.29791666666566,30.00208333333304],[42.29791666666566,30.006249999999746],[42.30208333333229,30.010416666666394],[42.31041666666562,30.010416666666394]]}},{"type":"Feature","properties":{"HYRIV_ID":20790999,"NEXT_DOWN":20790881,"MAIN_RIV":20788341,"LENGTH_KM":1.23,"CATCH_SKM":1.11,"DIS_AV_CMS":0.005,"ORD_STRA":2,"ORD_FLOW":9},"geometry":{"type":"LineString","coordinates":[[42.6395833333323,30.00208333333304],[42.64791666666562,30.010416666666394]]}},{"type":"Feature","properties":{"HYRIV_ID":20791000,"NEXT_DOWN":20790680,"MAIN_RIV":20790291,"LENGTH_KM":2.85,"CATCH_SKM":15.06,"DIS_AV_CMS":0.003,"ORD_STRA":1,"ORD_FLOW":9},"geometry":{"type":"LineString","coordinates":[[42.83124999999893,29.99999999999971],[42.83124999999893,30.006249999999746],[42.835416666665594,30.010416666666394],[42.835416666665594,30.014583333333057],[42.83958333333226,30.01874999999972],[42.83958333333226,30.02291666666637]]}},{"type":"Feature","properties":{"HYRIV_ID":20791001,"NEXT_DOWN":20791203,"MAIN_RIV":20791066,"LENGTH_KM":2.61,"CATCH_SKM":16.540001,"DIS_AV_CMS":0.003,"ORD_STRA":1,"ORD_FLOW":9},"geometry":{"type":"LineString","coordinates":[[43.27499999999898,30.020833333333037],[43.28541666666564,30.010416666666394],[43.28541666666564,30.006249999999746],[43.28124999999898,30.00208333333304]]}},{"type":"Feature","properties":{"HYRIV_ID":20791061,"NEXT_DOWN":20790475,"MAIN_RIV":20779691,"LENGTH_KM":9.6499996,"CATCH_SKM":31.41,"DIS_AV_CMS":0.116,"ORD_STRA":2,"ORD_FLOW":7},"geometry":{"type":"LineString","coordinates":[[42.043749999998965,29.997916666666377],[42.043749999998965,30.00208333333304],[42.056249999998954,30.00208333333304],[42.06041666666562,30.006249999999746],[42.06458333333228,30.006249999999746],[42.068749999998914,30.00208333333304],[42.07291666666566,30.006249999999746],[42.077083333332325,30.006249999999746],[42.08124999999899,30.010416666666394],[42.08541666666565,30.010416666666394],[42.09791666666561,30.02291666666637],[42.102083333332274,30.02291666666637],[42.10624999999894,30.02708333333303],[42.10624999999894,30.031249999999737],[42.1104166666656,30.035416666666386],[42.11458333333226,30.035416666666386]]}},{"type":"Feature","properties":{"HYRIV_ID":20791062,"NEXT_DOWN":20790290,"MAIN_RIV":20790291,"LENGTH_KM":11.27,"CATCH_SKM":50.560001,"DIS_AV_CMS":0.009,"ORD_STRA":1,"ORD_FLOW":9},"geometry":{"type":"LineString","coordinates":[[42.729166666665634,29.997916666666377],[42.73541666666563,29.997916666666377],[42.743749999998954,30.006249999999746],[42.743749999998954,30.010416666666394],[42.75208333333225,30.01874999999972],[42.75208333333225,30.02291666666637],[42.76458333333224,30.035416666666386],[42.76874999999899,30.035416666666386],[42.77291666666562,30.03958333333305],[42.777083333332286,30.03958333333305],[42.78124999999895,30.04374999999971],[42.810416666665645,30.04374999999971],[42.81458333333231,30.047916666666403]]}},{"type":"Feature","properties":{"HYRIV_ID":20791063,"NEXT_DOWN":20790936,"MAIN_RIV":20790291,"LENGTH_KM":2.33,"CATCH_SKM":24.17,"DIS_AV_CMS":0.004,"ORD_STRA":1,"ORD_FLOW":9},"geometry":{"type":"LineString","coordinates":[[42.89583333333232,29.995833333333046],[42.88958333333224,30.00208333333304],[42.88541666666558,30.00208333333304],[42.881249999998914,30.006249999999746],[42.87708333333225,30.006249999999746]]}},{"type":"Feature","properties":{"HYRIV_ID":20791064,"NEXT_DOWN":20790608,"MAIN_RIV":20785732,"LENGTH_KM":3.48,"CATCH_SKM":25.1,"DIS_AV_CMS":0.004,"ORD_STRA":1,"ORD_FLOW":9},"geometry":{"type":"LineString","coordinates":[[42.96874999999892,29.995833333333046],[42.96874999999892,30.02708333333303]]}},{"type":"Feature","properties":{"HYRIV_ID":20791065,"NEXT_DOWN":20790821,"MAIN_RIV":20786551,"LENGTH_KM":2.08,"CATCH_SKM":16.360001,"DIS_AV_CMS":0.003,"ORD_STRA":1,"ORD_FLOW":9},"geometry":{"type":"LineString","coordinates":[[43.09374999999892,29.995833333333046],[43.09374999999892,30.014583333333057]]}},{"type":"Feature","properties":{"HYRIV_ID":20791066,"NEXT_DOWN":0,"MAIN_RIV":20791066,"LENGTH_KM":1.63,"CATCH_SKM":2.04,"DIS_AV_CMS":0.017,"ORD_STRA":2,"ORD_FLOW":8},"geometry":{"type":"LineString","coordinates":[[43.23124999999891,30.006249999999746],[43.227083333332246,30.006249999999746],[43.21874999999892,29.997916666666377]]}},{"type":"Feature","properties":{"HYRIV_ID":20791067,"NEXT_DOWN":20791203,"MAIN_RIV":20791066,"LENGTH_KM":1.62,"CATCH_SKM":24.91,"DIS_AV_CMS":0.005,"ORD_STRA":1,"ORD_FLOW":9},"geometry":{"type":"LineString","coordinates":[[43.29583333333227,29.997916666666377],[43.28541666666564,29.997916666666377],[43.28124999999898,30.00208333333304]]}},{"type":"Feature","properties":{"HYRIV_ID":20791198,"NEXT_DOWN":20790998,"MAIN_RIV":20788275,"LENGTH_KM":1.84,"CATCH_SKM":3.1600001,"DIS_AV_CMS":0.021,"ORD_STRA":2,"ORD_FLOW":8},"geometry":{"type":"LineString","coordinates":[[42.28541666666558,29.989583333333066],[42.29791666666566,30.00208333333304]]}},{"type":"Feature","properties":{"HYRIV_ID":20791200,"NEXT_DOWN":20790999,"MAIN_RIV":20788341,"LENGTH_KM":3.24,"CATCH_SKM":18.780001,"DIS_AV_CMS":0.003,"ORD_STRA":1,"ORD_FLOW":9},"geometry":{"type":"LineString","coordinates":[[42.61249999999896,29.989583333333066],[42.62708333333225,29.989583333333066],[42.6395833333323,30.00208333333304]]}},{"type":"Feature","properties":{"HYRIV_ID":20791201,"NEXT_DOWN":20790936,"MAIN_RIV":20790291,"LENGTH_KM":2.3800001,"CATCH_SKM":12.09,"DIS_AV_CMS":0.002,"ORD_STRA":1,"ORD_FLOW":9},"geometry":{"type":"LineString","coordinates":[[42.87708333333225,29.987499999999734],[42.87708333333225,29.997916666666377],[42.881249999998914,30.00208333333304],[42.87708333333225,30.006249999999746]]}},{"type":"Feature","properties":{"HYRIV_ID":20791203,"NEXT_DOWN":20791066,"MAIN_RIV":20791066,"LENGTH_KM":6.3,"CATCH_SKM":20.82,"DIS_AV_CMS":0.012,"ORD_STRA":2,"ORD_FLOW":8},"geometry":{"type":"LineString","coordinates":[[43.28124999999898,30.00208333333304],[43.277083333332314,30.00208333333304],[43.26458333333227,29.989583333333066],[43.260416666665606,29.989583333333066],[43.25208333333228,29.997916666666377],[43.24791666666562,29.997916666666377],[43.239583333332234,30.006249999999746],[43.23124999999891,30.006249999999746]]}},{"type":"Feature","properties":{"HYRIV_ID":20791263,"NEXT_DOWN":20790475,"MAIN_RIV":20779691,"LENGTH_KM":6.31,"CATCH_SKM":25.65,"DIS_AV_CMS":0.0,"ORD_STRA":4,"ORD_FLOW":10},"geometry":{"type":"LineString","coordinates":[[42.135416666665634,29.985416666666403],[42.135416666665634,30.006249999999746],[42.11458333333226,30.02708333333303],[42.11458333333226,30.035416666666386]]}},{"type":"Feature","properties":{"HYRIV_ID":20791264,"NEXT_DOWN":20790999,"MAIN_RIV":20788341,"LENGTH_KM":2.23,"CATCH_SKM":13.2,"DIS_AV_CMS":0.002,"ORD_STRA":1,"ORD_FLOW":9},"geometry":{"type":"LineString","coordinates":[[42.64374999999896,29.98333333333307],[42.64374999999896,29.99374999999973],[42.6395833333323,29.997916666666377],[42.6395833333323,30.00208333333304]]}},{"type":"Feature","properties":{"HYRIV_ID":20791265,"NEXT_DOWN":20790552,"MAIN_RIV":20785732,"LENGTH_KM":6.39,"CATCH_SKM":15.43,"DIS_AV_CMS":0.008,"ORD_STRA":2,"ORD_FLOW":9},"geometry":{"type":"LineString","coordinates":[[42.98958333333229,29.985416666666403],[42.98541666666554,29.989583333333066],[42.98958333333229,29.99374999999973],[42.98958333333229,30.006249999999746],[42.98124999999888,30.014583333333057],[42.98124999999888,30.02291666666637],[42.97291666666558,30.031249999999737],[42.96874999999892,30.031249999999737]]}},{"type":"Feature","properties":{"HYRIV_ID":20791267,"NEXT_DOWN":20789951,"MAIN_RIV":20786551,"LENGTH_KM":13.0,"CATCH_SKM":50.75,"DIS_AV_CMS":0.01,"ORD_STRA":1,"ORD_FLOW":8},"geometry":{"type":"LineString","coordinates":[[43.03541666666561,29.98333333333307],[43.03541666666561,29.989583333333066],[43.03124999999895,29.99374999999973],[43.03541666666561,29.997916666666377],[43.03541666666561,30.00208333333304],[43.03124999999895,30.006249999999746],[43.03124999999895,30.01874999999972],[43.027083333332314,30.02291666666637],[43.03124999999895,30.02708333333303],[43.039583333332274,30.02708333333303],[43.04374999999894,30.031249999999737],[43.04374999999894,30.03958333333305],[43.0479166666656,30.04374999999971],[43.05208333333226,30.04374999999971],[43.056249999998926,30.047916666666403],[43.06041666666556,30.047916666666403],[43.06458333333231,30.052083333333066],[43.06874999999897,30.052083333333066],[43.06874999999897,30.05624999999973],[43.072916666665634,30.060416666666377],[43.072916666665634,30.068749999999746]]}},{"type":"Feature","properties":{"HYRIV_ID":20791336,"NEXT_DOWN":20789954,"MAIN_RIV":20785283,"LENGTH_KM":13.03,"CATCH_SKM":46.849998,"DIS_AV_CMS":0.0,"ORD_STRA":1,"ORD_FLOW":10},"geometry":{"type":"LineString","coordinates":[[43.98333333333227,29.97916666666638],[43.98958333333226,29.985416666666403],[43.98958333333226,29.99374999999973],[43.993749999998926,29.997916666666377],[43.99791666666556,29.997916666666377],[44.006249999998886,30.006249999999746],[44.00208333333222,30.010416666666394],[44.00208333333222,30.031249999999737],[44.006249999998886,30.035416666666386],[44.010416666665634,30.035416666666386],[44.022916666665594,30.047916666666403],[44.022916666665594,30.052083333333066],[44.02708333333226,30.05624999999973],[44.02708333333226,30.060416666666377],[44.03541666666558,30.068749999999746],[44.039583333332246,30.068749999999746]]}},{"type":"Feature","properties":{"HYRIV_ID":20791402,"NEXT_DOWN":20790879,"MAIN_RIV":20788275,"LENGTH_KM":4.39,"CATCH_SKM":19.52,"DIS_AV_CMS":0.003,"ORD_STRA":1,"ORD_FLOW":9},"geometry":{"type":"LineString","coordinates":[[42.322916666665606,29.974999999999717],[42.322916666665606,29.985416666666403],[42.32708333333224,29.989583333333066],[42.32708333333224,29.99374999999973],[42.3312499999989,29.997916666666377],[42.32708333333224,30.00208333333304],[42.32708333333224,30.010416666666394]]}},{"type":"Feature","properties":{"HYRIV_ID":20791458,"NEXT_DOWN":20790748,"MAIN_RIV":20789101,"LENGTH_KM":8.08,"CATCH_SKM":33.09,"DIS_AV_CMS":0.005,"ORD_STRA":1,"ORD_FLOW":9},"geometry":{"type":"LineString","coordinates":[[42.37291666666559,29.970833333333054],[42.37291666666559,29.99374999999973],[42.381249999998886,30.00208333333304],[42.381249999998886,30.006249999999746],[42.385416666665634,30.010416666666394],[42.3895833333323,30.010416666666394],[42.39374999999896,30.014583333333057],[42.39791666666562,30.014583333333057],[42.402083333332286,30.01874999999972],[42.414583333332246,30.01874999999972]]}},{"type":"Feature","properties":{"HYRIV_ID":20791527,"NEXT_DOWN":20791061,"MAIN_RIV":20779691,"LENGTH_KM":11.49,"CATCH_SKM":51.32,"DIS_AV_CMS":0.049,"ORD_STRA":1,"ORD_FLOW":8},"geometry":{"type":"LineString","coordinates":[[41.98124999999894,29.966666666666406],[41.98124999999894,29.985416666666403],[41.977083333332274,29.989583333333066],[41.9854166666656,29.997916666666377],[41.9937499999989,29.997916666666377],[42.00208333333231,30.006249999999746],[42.010416666665634,30.006249999999746],[42.01874999999893,30.014583333333057],[42.02708333333226,30.014583333333057],[42.03124999999892,30.010416666666394],[42.03124999999892,30.006249999999746],[42.0395833333323,29.997916666666377],[42.043749999998965,29.997916666666377]]}},{"type":"Feature","properties":{"HYRIV_ID":20791529,"NEXT_DOWN":20790881,"MAIN_RIV":20788341,"LENGTH_KM":7.04,"CATCH_SKM":36.07,"DIS_AV_CMS":0.006,"ORD_STRA":1,"ORD_FLOW":9},"geometry":{"type":"LineString","coordinates":[[42.67916666666565,29.966666666666406],[42.67291666666566,29.972916666666386],[42.67291666666566,29.97708333333305],[42.67708333333232,29.98124999999974],[42.67708333333232,29.985416666666403],[42.67291666666566,29.989583333333066],[42.66874999999891,29.989583333333066],[42.664583333332274,29.99374999999973],[42.65624999999895,29.99374999999973],[42.652083333332286,29.997916666666377],[42.652083333332286,30.006249999999746],[42.64791666666562,30.010416666666394]]}},{"type":"Feature","properties":{"HYRIV_ID":20791604,"NEXT_DOWN":20790156,"MAIN_RIV":20785283,"LENGTH_KM":16.190001,"CATCH_SKM":83.860001,"DIS_AV_CMS":0.017,"ORD_STRA":1,"ORD_FLOW":8},"geometry":{"type":"LineString","coordinates":[[43.82916666666557,29.964583333333074],[43.83958333333223,29.964583333333074],[43.84791666666561,29.972916666666386],[43.85624999999894,29.972916666666386],[43.885416666665634,30.00208333333304],[43.885416666665634,30.006249999999746],[43.89374999999893,30.014583333333057],[43.897916666665594,30.014583333333057],[43.90208333333226,30.01874999999972],[43.90624999999892,30.01874999999972],[43.914583333332246,30.02708333333303],[43.914583333332246,30.031249999999737],[43.92291666666554,30.03958333333305],[43.92708333333229,30.03958333333305],[43.943749999998914,30.05624999999973]]}},{"type":"Feature","properties":{"HYRIV_ID":20791736,"NEXT_DOWN":20790748,"MAIN_RIV":20789101,"LENGTH_KM":8.7,"CATCH_SKM":28.82,"DIS_AV_CMS":0.009,"ORD_STRA":2,"ORD_FLOW":9},"geometry":{"type":"LineString","coordinates":[[42.381249999998886,29.956249999999706],[42.385416666665634,29.96041666666637],[42.385416666665634,29.964583333333074],[42.3895833333323,29.968749999999723],[42.3895833333323,29.97708333333305],[42.385416666665634,29.98124999999974],[42.402083333332286,29.997916666666377],[42.40624999999892,29.997916666666377],[42.414583333332246,30.006249999999746],[42.414583333332246,30.01874999999972]]}},{"type":"Feature","properties":{"HYRIV_ID":20791737,"NEXT_DOWN":20790156,"MAIN_RIV":20785283,"LENGTH_KM":13.51,"CATCH_SKM":37.18,"DIS_AV_CMS":0.023,"ORD_STRA":2,"ORD_FLOW":8},"geometry":{"type":"LineString","coordinates":[[43.90208333333226,29.956249999999706],[43.91041666666558,29.964583333333074],[43.91041666666558,29.972916666666386],[43.91874999999888,29.98124999999974],[43.91874999999888,29.989583333333066],[43.931249999998954,30.00208333333304],[43.931249999998954,30.010416666666394],[43.92291666666554,30.01874999999972],[43.93541666666562,30.031249999999737],[43.93541666666562,30.035416666666386],[43.94791666666558,30.047916666666403],[43.94791666666558,30.052083333333066],[43.943749999998914,30.05624999999973]]}},{"type":"Feature","properties":{"HYRIV_ID":20791883,"NEXT_DOWN":0,"MAIN_RIV":20791883,"LENGTH_KM":15.87,"CATCH_SKM":61.549999,"DIS_AV_CMS":0.012,"ORD_STRA":1,"ORD_FLOW":8},"geometry":{"type":"LineString","coordinates":[[43.56249999999892,29.970833333333054],[43.568749999998914,29.964583333333074],[43.568749999998914,29.96041666666637],[43.57708333333224,29.96041666666637],[43.581249999998875,29.956249999999706],[43.581249999998875,29.952083333333057],[43.58541666666554,29.947916666666394],[43.589583333332286,29.947916666666394],[43.59374999999895,29.952083333333057],[43.602083333332274,29.952083333333057],[43.61041666666557,29.96041666666637],[43.61041666666557,29.964583333333074],[43.6187499999989,29.972916666666386],[43.62708333333231,29.972916666666386],[43.63124999999894,29.97708333333305],[43.63124999999894,29.98124999999974],[43.635416666665606,29.985416666666403],[43.635416666665606,29.997916666666377],[43.63958333333227,30.00208333333304],[43.63958333333227,30.006249999999746],[43.64374999999893,30.010416666666394],[43.64374999999893,30.014583333333057],[43.635416666665606,30.02291666666637]]}},{"type":"Feature","properties":{"HYRIV_ID":20792146,"NEXT_DOWN":20790412,"MAIN_RIV":20785283,"LENGTH_KM":17.18,"CATCH_SKM":50.220001,"DIS_AV_CMS":0.0,"ORD_STRA":1,"ORD_FLOW":10},"geometry":{"type":"LineString","coordinates":[[43.99583333333226,29.929166666666383],[44.00208333333222,29.935416666666377],[44.00208333333222,29.956249999999706],[44.006249999998886,29.96041666666637],[44.010416666665634,29.96041666666637],[44.022916666665594,29.972916666666386],[44.022916666665594,29.97708333333305],[44.02708333333226,29.98124999999974],[44.03124999999892,29.98124999999974],[44.03541666666558,29.985416666666403],[44.039583333332246,29.985416666666403],[44.04374999999891,29.989583333333066],[44.039583333332246,29.99374999999973],[44.039583333332246,29.997916666666377],[44.04791666666557,30.006249999999746],[44.052083333332206,30.00208333333304],[44.056249999998954,30.006249999999746],[44.056249999998954,30.010416666666394],[44.052083333332206,30.014583333333057],[44.06041666666562,30.02291666666637],[44.06041666666562,30.02708333333303],[44.06874999999894,30.035416666666386],[44.06874999999894,30.03958333333305]]}},{"type":"Feature","properties":{"HYRIV_ID":20793550,"NEXT_DOWN":20789814,"MAIN_RIV":20785283,"LENGTH_KM":33.880001,"CATCH_SKM":92.809998,"DIS_AV_CMS":0.011,"ORD_STRA":2,"ORD_FLOW":8},"geometry":{"type":"LineString","coordinates":[[43.931249999998954,29.84791666666643],[43.93541666666562,29.84791666666643],[43.93958333333228,29.852083333333034],[43.943749999998914,29.852083333333034],[43.943749999998914,29.85624999999974],[43.93958333333228,29.860416666666403],[43.943749999998914,29.86458333333305],[43.943749999998914,29.893749999999706],[43.93541666666562,29.902083333333074],[43.93541666666562,29.906249999999723],[43.92708333333229,29.91458333333305],[43.931249999998954,29.918749999999697],[43.931249999998954,29.922916666666403],[43.93958333333228,29.931249999999714],[43.93958333333228,29.935416666666377],[43.943749999998914,29.939583333333083],[43.943749999998914,29.952083333333057],[43.93958333333228,29.956249999999706],[43.93958333333228,29.97708333333305],[43.943749999998914,29.98124999999974],[43.943749999998914,29.997916666666377],[43.94791666666558,30.00208333333304],[43.943749999998914,30.006249999999746],[43.94791666666558,30.010416666666394],[43.94791666666558,30.014583333333057],[43.98124999999894,30.047916666666403],[43.98124999999894,30.05624999999973],[43.993749999998926,30.068749999999746],[43.99791666666556,30.068749999999746],[44.00208333333222,30.072916666666394],[44.006249999998886,30.072916666666394],[44.01874999999896,30.085416666666383],[44.02708333333226,30.077083333333057]]}}]}